Validation_Type,Repeat,Fold,Outer_ID,Original_Index,Role,Composition_ID,Group_Overlap
Fixed_Rowwise,1,1,R01_F01,1,Training,COMP-27021c945dc6ef2d,
Fixed_Rowwise,1,1,R01_F01,3,Training,COMP-725d39a40881dc4b,
Fixed_Rowwise,1,1,R01_F01,4,Training,COMP-862c9c676a6f1012,
Fixed_Rowwise,1,1,R01_F01,5,Training,COMP-8e1fe5f59d3c7565,
Fixed_Rowwise,1,1,R01_F01,6,Training,COMP-27021c945dc6ef2d,
Fixed_Rowwise,1,1,R01_F01,7,Training,COMP-725d39a40881dc4b,
Fixed_Rowwise,1,1,R01_F01,10,Training,COMP-725d39a40881dc4b,
Fixed_Rowwise,1,1,R01_F01,12,Training,COMP-725d39a40881dc4b,
Fixed_Rowwise,1,1,R01_F01,14,Training,COMP-609dfbaf681359b8,
Fixed_Rowwise,1,1,R01_F01,17,Training,COMP-773f99d6dc417f9e,
Fixed_Rowwise,1,1,R01_F01,20,Training,COMP-0b765af90e5ebd4c,
Fixed_Rowwise,1,1,R01_F01,21,Training,COMP-0b765af90e5ebd4c,
Fixed_Rowwise,1,1,R01_F01,23,Training,COMP-81f8a3600f73b006,
Fixed_Rowwise,1,1,R01_F01,26,Training,COMP-7decbe1f0284bd78,
Fixed_Rowwise,1,1,R01_F01,27,Training,COMP-73d52e7a36d559a9,
Fixed_Rowwise,1,1,R01_F01,28,Training,COMP-3632fb12e94bc35a,
Fixed_Rowwise,1,1,R01_F01,32,Training,COMP-81f8a3600f73b006,
Fixed_Rowwise,1,1,R01_F01,35,Training,COMP-a87a2533a652007c,
Fixed_Rowwise,1,1,R01_F01,37,Training,COMP-f6d84b53636ddfbe,
Fixed_Rowwise,1,1,R01_F01,43,Training,COMP-9b0e3106e10f71db,
Fixed_Rowwise,1,1,R01_F01,44,Training,COMP-0d7ce00a50a6a24f,
Fixed_Rowwise,1,1,R01_F01,45,Training,COMP-59ce4655e65cf94a,
Fixed_Rowwise,1,1,R01_F01,47,Training,COMP-e295ac85ac1ada41,
Fixed_Rowwise,1,1,R01_F01,49,Training,COMP-92ece298f11712f0,
Fixed_Rowwise,1,1,R01_F01,51,Training,COMP-dbc0864492ec7b98,
Fixed_Rowwise,1,1,R01_F01,52,Training,COMP-06f5d2a767a65349,
Fixed_Rowwise,1,1,R01_F01,53,Training,COMP-06f5d2a767a65349,
Fixed_Rowwise,1,1,R01_F01,54,Training,COMP-ea1f0dc96a173899,
Fixed_Rowwise,1,1,R01_F01,60,Training,COMP-3f22c6642a7a1344,
Fixed_Rowwise,1,1,R01_F01,61,Training,COMP-3f22c6642a7a1344,
Fixed_Rowwise,1,1,R01_F01,62,Training,COMP-21d126c9d34df073,
Fixed_Rowwise,1,1,R01_F01,63,Training,COMP-21d126c9d34df073,
Fixed_Rowwise,1,1,R01_F01,64,Training,COMP-3157f0dc71f862ff,
Fixed_Rowwise,1,1,R01_F01,65,Training,COMP-7c0b488137fafb3b,
Fixed_Rowwise,1,1,R01_F01,67,Training,COMP-49d8e1edbf1c2fbd,
Fixed_Rowwise,1,1,R01_F01,68,Training,COMP-21d126c9d34df073,
Fixed_Rowwise,1,1,R01_F01,80,Training,COMP-a14831ff30c0b14d,
Fixed_Rowwise,1,1,R01_F01,83,Training,COMP-e913f917a7e36868,
Fixed_Rowwise,1,1,R01_F01,84,Training,COMP-a14831ff30c0b14d,
Fixed_Rowwise,1,1,R01_F01,85,Training,COMP-e913f917a7e36868,
Fixed_Rowwise,1,1,R01_F01,86,Training,COMP-ea2a626c3522e4a5,
Fixed_Rowwise,1,1,R01_F01,87,Training,COMP-a14831ff30c0b14d,
Fixed_Rowwise,1,1,R01_F01,88,Training,COMP-ea2a626c3522e4a5,
Fixed_Rowwise,1,1,R01_F01,92,Training,COMP-ea2a626c3522e4a5,
Fixed_Rowwise,1,1,R01_F01,94,Training,COMP-ea2a626c3522e4a5,
Fixed_Rowwise,1,1,R01_F01,95,Training,COMP-ea2a626c3522e4a5,
Fixed_Rowwise,1,1,R01_F01,96,Training,COMP-ea2a626c3522e4a5,
Fixed_Rowwise,1,1,R01_F01,97,Training,COMP-a14831ff30c0b14d,
Fixed_Rowwise,1,1,R01_F01,98,Training,COMP-e913f917a7e36868,
Fixed_Rowwise,1,1,R01_F01,100,Training,COMP-ea2a626c3522e4a5,
Fixed_Rowwise,1,1,R01_F01,102,Training,COMP-435a8f4ba56d8b5d,
Fixed_Rowwise,1,1,R01_F01,103,Training,COMP-435a8f4ba56d8b5d,
Fixed_Rowwise,1,1,R01_F01,104,Training,COMP-435a8f4ba56d8b5d,
Fixed_Rowwise,1,1,R01_F01,105,Training,COMP-435a8f4ba56d8b5d,
Fixed_Rowwise,1,1,R01_F01,106,Training,COMP-435a8f4ba56d8b5d,
Fixed_Rowwise,1,1,R01_F01,111,Training,COMP-c1d72bb5d7d164b0,
Fixed_Rowwise,1,1,R01_F01,112,Training,COMP-c1d72bb5d7d164b0,
Fixed_Rowwise,1,1,R01_F01,114,Training,COMP-6360354242bed7fe,
Fixed_Rowwise,1,1,R01_F01,115,Training,COMP-15c7378d46cadefa,
Fixed_Rowwise,1,1,R01_F01,118,Training,COMP-8bbe9ce01fb6a2d3,
Fixed_Rowwise,1,1,R01_F01,120,Training,COMP-8bbe9ce01fb6a2d3,
Fixed_Rowwise,1,1,R01_F01,121,Training,COMP-b2e9edd7bc55d085,
Fixed_Rowwise,1,1,R01_F01,122,Training,COMP-b2e9edd7bc55d085,
Fixed_Rowwise,1,1,R01_F01,125,Training,COMP-0ee2ef468faff8db,
Fixed_Rowwise,1,1,R01_F01,127,Training,COMP-5502f8bc72167a0b,
Fixed_Rowwise,1,1,R01_F01,130,Training,COMP-89919c53d3149a2d,
Fixed_Rowwise,1,1,R01_F01,134,Training,COMP-89919c53d3149a2d,
Fixed_Rowwise,1,1,R01_F01,135,Training,COMP-89919c53d3149a2d,
Fixed_Rowwise,1,1,R01_F01,138,Training,COMP-89919c53d3149a2d,
Fixed_Rowwise,1,1,R01_F01,139,Training,COMP-89919c53d3149a2d,
Fixed_Rowwise,1,1,R01_F01,141,Training,COMP-89919c53d3149a2d,
Fixed_Rowwise,1,1,R01_F01,142,Training,COMP-89919c53d3149a2d,
Fixed_Rowwise,1,1,R01_F01,143,Training,COMP-89919c53d3149a2d,
Fixed_Rowwise,1,1,R01_F01,145,Training,COMP-89919c53d3149a2d,
Fixed_Rowwise,1,1,R01_F01,146,Training,COMP-266a388f7afdbe91,
Fixed_Rowwise,1,1,R01_F01,148,Training,COMP-150ce51691dfb5f9,
Fixed_Rowwise,1,1,R01_F01,149,Training,COMP-266a388f7afdbe91,
Fixed_Rowwise,1,1,R01_F01,150,Training,COMP-055230aabe7d502c,
Fixed_Rowwise,1,1,R01_F01,152,Training,COMP-055230aabe7d502c,
Fixed_Rowwise,1,1,R01_F01,154,Training,COMP-150ce51691dfb5f9,
Fixed_Rowwise,1,1,R01_F01,156,Training,COMP-941f92def7f50542,
Fixed_Rowwise,1,1,R01_F01,157,Training,COMP-ddfcf6030a718a0c,
Fixed_Rowwise,1,1,R01_F01,159,Training,COMP-0346738121cb655e,
Fixed_Rowwise,1,1,R01_F01,160,Training,COMP-0346738121cb655e,
Fixed_Rowwise,1,1,R01_F01,161,Training,COMP-eacd4f126ab29a30,
Fixed_Rowwise,1,1,R01_F01,163,Training,COMP-b2e9edd7bc55d085,
Fixed_Rowwise,1,1,R01_F01,164,Training,COMP-941f92def7f50542,
Fixed_Rowwise,1,1,R01_F01,167,Training,COMP-eacd4f126ab29a30,
Fixed_Rowwise,1,1,R01_F01,168,Training,COMP-92ed17371ff559b6,
Fixed_Rowwise,1,1,R01_F01,172,Training,COMP-92ed17371ff559b6,
Fixed_Rowwise,1,1,R01_F01,173,Training,COMP-0d41a2cf75110ad6,
Fixed_Rowwise,1,1,R01_F01,174,Training,COMP-a35a20d65351aafe,
Fixed_Rowwise,1,1,R01_F01,176,Training,COMP-5479c448b954c055,
Fixed_Rowwise,1,1,R01_F01,177,Training,COMP-5479c448b954c055,
Fixed_Rowwise,1,1,R01_F01,181,Training,COMP-69c6ecd7284d3b47,
Fixed_Rowwise,1,1,R01_F01,186,Training,COMP-0966c0019ec07f39,
Fixed_Rowwise,1,1,R01_F01,187,Training,COMP-a7670bf71188b1d6,
Fixed_Rowwise,1,1,R01_F01,188,Training,COMP-a7670bf71188b1d6,
Fixed_Rowwise,1,1,R01_F01,193,Training,COMP-889d7d6c6dbf5b76,
Fixed_Rowwise,1,1,R01_F01,197,Training,COMP-880bd22028629a8e,
Fixed_Rowwise,1,1,R01_F01,200,Training,COMP-b878df279a448475,
Fixed_Rowwise,1,1,R01_F01,201,Training,COMP-05480af3b167ab05,
Fixed_Rowwise,1,1,R01_F01,202,Training,COMP-598bc18a3ba07a9e,
Fixed_Rowwise,1,1,R01_F01,205,Training,COMP-d8a14990923ce9f7,
Fixed_Rowwise,1,1,R01_F01,207,Training,COMP-948abb1ebd270642,
Fixed_Rowwise,1,1,R01_F01,210,Training,COMP-d7494ade7e8dd694,
Fixed_Rowwise,1,1,R01_F01,211,Training,COMP-b775405901636085,
Fixed_Rowwise,1,1,R01_F01,214,Training,COMP-35e38ea13dc05b9e,
Fixed_Rowwise,1,1,R01_F01,215,Training,COMP-6b4f0394292930ba,
Fixed_Rowwise,1,1,R01_F01,219,Training,COMP-eae7689b221fd7f8,
Fixed_Rowwise,1,1,R01_F01,221,Training,COMP-20d1e620c817cb5a,
Fixed_Rowwise,1,1,R01_F01,224,Training,COMP-93900d7c81c38cdd,
Fixed_Rowwise,1,1,R01_F01,225,Training,COMP-289a02a6b94655b9,
Fixed_Rowwise,1,1,R01_F01,226,Training,COMP-93900d7c81c38cdd,
Fixed_Rowwise,1,1,R01_F01,228,Training,COMP-46e30c1bd5e987da,
Fixed_Rowwise,1,1,R01_F01,230,Training,COMP-0107563adaed8d01,
Fixed_Rowwise,1,1,R01_F01,232,Training,COMP-0e256dc7494452a7,
Fixed_Rowwise,1,1,R01_F01,233,Training,COMP-e60cc4ecffe6b7df,
Fixed_Rowwise,1,1,R01_F01,235,Training,COMP-091a20b5a1dfb76f,
Fixed_Rowwise,1,1,R01_F01,236,Training,COMP-44fea4804e888e0a,
Fixed_Rowwise,1,1,R01_F01,237,Training,COMP-4ef2bcae5243588c,
Fixed_Rowwise,1,1,R01_F01,239,Training,COMP-0b765af90e5ebd4c,
Fixed_Rowwise,1,1,R01_F01,240,Training,COMP-0b765af90e5ebd4c,
Fixed_Rowwise,1,1,R01_F01,241,Training,COMP-631a18a4a6b20c0c,
Fixed_Rowwise,1,1,R01_F01,242,Training,COMP-631a18a4a6b20c0c,
Fixed_Rowwise,1,1,R01_F01,243,Training,COMP-b0cc51380afea02b,
Fixed_Rowwise,1,1,R01_F01,247,Training,COMP-e295ac85ac1ada41,
Fixed_Rowwise,1,1,R01_F01,249,Training,COMP-e295ac85ac1ada41,
Fixed_Rowwise,1,1,R01_F01,251,Training,COMP-dd1e9c4c0f247912,
Fixed_Rowwise,1,1,R01_F01,252,Training,COMP-725d39a40881dc4b,
Fixed_Rowwise,1,1,R01_F01,253,Training,COMP-725d39a40881dc4b,
Fixed_Rowwise,1,1,R01_F01,255,Training,COMP-95a56990f4bea8a9,
Fixed_Rowwise,1,1,R01_F01,257,Training,COMP-95a56990f4bea8a9,
Fixed_Rowwise,1,1,R01_F01,258,Training,COMP-95a56990f4bea8a9,
Fixed_Rowwise,1,1,R01_F01,259,Training,COMP-95a56990f4bea8a9,
Fixed_Rowwise,1,1,R01_F01,260,Training,COMP-95a56990f4bea8a9,
Fixed_Rowwise,1,1,R01_F01,263,Training,COMP-95a56990f4bea8a9,
Fixed_Rowwise,1,1,R01_F01,266,Training,COMP-95a56990f4bea8a9,
Fixed_Rowwise,1,1,R01_F01,268,Training,COMP-95a56990f4bea8a9,
Fixed_Rowwise,1,1,R01_F01,271,Training,COMP-95a56990f4bea8a9,
Fixed_Rowwise,1,1,R01_F01,272,Training,COMP-95a56990f4bea8a9,
Fixed_Rowwise,1,1,R01_F01,273,Training,COMP-95a56990f4bea8a9,
Fixed_Rowwise,1,1,R01_F01,282,Training,COMP-95a56990f4bea8a9,
Fixed_Rowwise,1,1,R01_F01,283,Training,COMP-95a56990f4bea8a9,
Fixed_Rowwise,1,1,R01_F01,285,Training,COMP-95a56990f4bea8a9,
Fixed_Rowwise,1,1,R01_F01,286,Training,COMP-478c9f483894c42c,
Fixed_Rowwise,1,1,R01_F01,292,Training,COMP-478c9f483894c42c,
Fixed_Rowwise,1,1,R01_F01,295,Training,COMP-478c9f483894c42c,
Fixed_Rowwise,1,1,R01_F01,300,Training,COMP-478c9f483894c42c,
Fixed_Rowwise,1,1,R01_F01,306,Training,COMP-478c9f483894c42c,
Fixed_Rowwise,1,1,R01_F01,307,Training,COMP-478c9f483894c42c,
Fixed_Rowwise,1,1,R01_F01,309,Training,COMP-478c9f483894c42c,
Fixed_Rowwise,1,1,R01_F01,310,Training,COMP-478c9f483894c42c,
Fixed_Rowwise,1,1,R01_F01,311,Training,COMP-478c9f483894c42c,
Fixed_Rowwise,1,1,R01_F01,313,Training,COMP-478c9f483894c42c,
Fixed_Rowwise,1,1,R01_F01,315,Training,COMP-478c9f483894c42c,
Fixed_Rowwise,1,1,R01_F01,316,Training,COMP-478c9f483894c42c,
Fixed_Rowwise,1,1,R01_F01,321,Training,COMP-dbc0864492ec7b98,
Fixed_Rowwise,1,1,R01_F01,323,Training,COMP-dbc0864492ec7b98,
Fixed_Rowwise,1,1,R01_F01,324,Training,COMP-dbc0864492ec7b98,
Fixed_Rowwise,1,1,R01_F01,326,Training,COMP-dbc0864492ec7b98,
Fixed_Rowwise,1,1,R01_F01,327,Training,COMP-dbc0864492ec7b98,
Fixed_Rowwise,1,1,R01_F01,328,Training,COMP-dbc0864492ec7b98,
Fixed_Rowwise,1,1,R01_F01,331,Training,COMP-dbc0864492ec7b98,
Fixed_Rowwise,1,1,R01_F01,333,Training,COMP-dbc0864492ec7b98,
Fixed_Rowwise,1,1,R01_F01,334,Training,COMP-dbc0864492ec7b98,
Fixed_Rowwise,1,1,R01_F01,337,Training,COMP-06072d2dd3b021af,
Fixed_Rowwise,1,1,R01_F01,339,Training,COMP-06072d2dd3b021af,
Fixed_Rowwise,1,1,R01_F01,344,Training,COMP-e1e52574fbb04f58,
Fixed_Rowwise,1,1,R01_F01,345,Training,COMP-e1e52574fbb04f58,
Fixed_Rowwise,1,1,R01_F01,347,Training,COMP-e1e52574fbb04f58,
Fixed_Rowwise,1,1,R01_F01,348,Training,COMP-30cef922979fb9fd,
Fixed_Rowwise,1,1,R01_F01,349,Training,COMP-30cef922979fb9fd,
Fixed_Rowwise,1,1,R01_F01,350,Training,COMP-30cef922979fb9fd,
Fixed_Rowwise,1,1,R01_F01,352,Training,COMP-30cef922979fb9fd,
Fixed_Rowwise,1,1,R01_F01,354,Training,COMP-59f47d6774b9fdfb,
Fixed_Rowwise,1,1,R01_F01,356,Training,COMP-59f47d6774b9fdfb,
Fixed_Rowwise,1,1,R01_F01,358,Training,COMP-59f47d6774b9fdfb,
Fixed_Rowwise,1,1,R01_F01,363,Training,COMP-0765adc8c505dd3b,
Fixed_Rowwise,1,1,R01_F01,364,Training,COMP-0765adc8c505dd3b,
Fixed_Rowwise,1,1,R01_F01,369,Training,COMP-6f2ca218fbd1923b,
Fixed_Rowwise,1,1,R01_F01,375,Training,COMP-6f2ca218fbd1923b,
Fixed_Rowwise,1,1,R01_F01,376,Training,COMP-6f2ca218fbd1923b,
Fixed_Rowwise,1,1,R01_F01,378,Training,COMP-6f2ca218fbd1923b,
Fixed_Rowwise,1,1,R01_F01,380,Training,COMP-6f2ca218fbd1923b,
Fixed_Rowwise,1,1,R01_F01,382,Training,COMP-6f2ca218fbd1923b,
Fixed_Rowwise,1,1,R01_F01,384,Training,COMP-6f2ca218fbd1923b,
Fixed_Rowwise,1,1,R01_F01,386,Training,COMP-6f2ca218fbd1923b,
Fixed_Rowwise,1,1,R01_F01,387,Training,COMP-6f2ca218fbd1923b,
Fixed_Rowwise,1,1,R01_F01,388,Training,COMP-6f2ca218fbd1923b,
Fixed_Rowwise,1,1,R01_F01,389,Training,COMP-6f2ca218fbd1923b,
Fixed_Rowwise,1,1,R01_F01,391,Training,COMP-6f2ca218fbd1923b,
Fixed_Rowwise,1,1,R01_F01,393,Training,COMP-6f2ca218fbd1923b,
Fixed_Rowwise,1,1,R01_F01,395,Training,COMP-6f2ca218fbd1923b,
Fixed_Rowwise,1,1,R01_F01,399,Training,COMP-6f2ca218fbd1923b,
Fixed_Rowwise,1,1,R01_F01,402,Training,COMP-6f2ca218fbd1923b,
Fixed_Rowwise,1,1,R01_F01,405,Training,COMP-6f2ca218fbd1923b,
Fixed_Rowwise,1,1,R01_F01,406,Training,COMP-7fb1fecc93ced403,
Fixed_Rowwise,1,1,R01_F01,413,Training,COMP-a85acb2f2da0216b,
Fixed_Rowwise,1,1,R01_F01,414,Training,COMP-a85acb2f2da0216b,
Fixed_Rowwise,1,1,R01_F01,418,Training,COMP-a85acb2f2da0216b,
Fixed_Rowwise,1,1,R01_F01,422,Training,COMP-edeedccfd8f07e13,
Fixed_Rowwise,1,1,R01_F01,424,Training,COMP-f9d9cbed014e8b80,
Fixed_Rowwise,1,1,R01_F01,425,Training,COMP-f9d9cbed014e8b80,
Fixed_Rowwise,1,1,R01_F01,427,Training,COMP-f9d9cbed014e8b80,
Fixed_Rowwise,1,1,R01_F01,429,Training,COMP-f9d9cbed014e8b80,
Fixed_Rowwise,1,1,R01_F01,431,Training,COMP-f9d9cbed014e8b80,
Fixed_Rowwise,1,1,R01_F01,432,Training,COMP-f9d9cbed014e8b80,
Fixed_Rowwise,1,1,R01_F01,434,Training,COMP-f9d9cbed014e8b80,
Fixed_Rowwise,1,1,R01_F01,438,Training,COMP-f9d9cbed014e8b80,
Fixed_Rowwise,1,1,R01_F01,440,Training,COMP-f9d9cbed014e8b80,
Fixed_Rowwise,1,1,R01_F01,441,Training,COMP-f9d9cbed014e8b80,
Fixed_Rowwise,1,1,R01_F01,444,Training,COMP-f9d9cbed014e8b80,
Fixed_Rowwise,1,1,R01_F01,445,Training,COMP-f9d9cbed014e8b80,
Fixed_Rowwise,1,1,R01_F01,449,Training,COMP-f9d9cbed014e8b80,
Fixed_Rowwise,1,1,R01_F01,451,Training,COMP-f9d9cbed014e8b80,
Fixed_Rowwise,1,1,R01_F01,8,Validation,COMP-725d39a40881dc4b,
Fixed_Rowwise,1,1,R01_F01,13,Validation,COMP-27021c945dc6ef2d,
Fixed_Rowwise,1,1,R01_F01,24,Validation,COMP-0b765af90e5ebd4c,
Fixed_Rowwise,1,1,R01_F01,29,Validation,COMP-773f99d6dc417f9e,
Fixed_Rowwise,1,1,R01_F01,36,Validation,COMP-87a7ec252c82f56c,
Fixed_Rowwise,1,1,R01_F01,40,Validation,COMP-1af7d3f3b3b924e5,
Fixed_Rowwise,1,1,R01_F01,41,Validation,COMP-1af7d3f3b3b924e5,
Fixed_Rowwise,1,1,R01_F01,48,Validation,COMP-b611e8d56579c910,
Fixed_Rowwise,1,1,R01_F01,66,Validation,COMP-b8df58296dba2095,
Fixed_Rowwise,1,1,R01_F01,69,Validation,COMP-8cee7ef8867afd2d,
Fixed_Rowwise,1,1,R01_F01,74,Validation,COMP-f9a00d6d8411a0d1,
Fixed_Rowwise,1,1,R01_F01,99,Validation,COMP-ea2a626c3522e4a5,
Fixed_Rowwise,1,1,R01_F01,107,Validation,COMP-384273ac244080b1,
Fixed_Rowwise,1,1,R01_F01,110,Validation,COMP-c1d72bb5d7d164b0,
Fixed_Rowwise,1,1,R01_F01,123,Validation,COMP-0ee2ef468faff8db,
Fixed_Rowwise,1,1,R01_F01,126,Validation,COMP-5502f8bc72167a0b,
Fixed_Rowwise,1,1,R01_F01,133,Validation,COMP-89919c53d3149a2d,
Fixed_Rowwise,1,1,R01_F01,144,Validation,COMP-89919c53d3149a2d,
Fixed_Rowwise,1,1,R01_F01,147,Validation,COMP-055230aabe7d502c,
Fixed_Rowwise,1,1,R01_F01,162,Validation,COMP-ddfcf6030a718a0c,
Fixed_Rowwise,1,1,R01_F01,169,Validation,COMP-92ed17371ff559b6,
Fixed_Rowwise,1,1,R01_F01,175,Validation,COMP-b72f6533b137a4f6,
Fixed_Rowwise,1,1,R01_F01,178,Validation,COMP-b9abc443805301b1,
Fixed_Rowwise,1,1,R01_F01,182,Validation,COMP-630f3050f45faf36,
Fixed_Rowwise,1,1,R01_F01,183,Validation,COMP-630f3050f45faf36,
Fixed_Rowwise,1,1,R01_F01,184,Validation,COMP-0966c0019ec07f39,
Fixed_Rowwise,1,1,R01_F01,194,Validation,COMP-445f55453794f59c,
Fixed_Rowwise,1,1,R01_F01,199,Validation,COMP-6525c735bb50fb1c,
Fixed_Rowwise,1,1,R01_F01,216,Validation,COMP-4a76c05754ee1efa,
Fixed_Rowwise,1,1,R01_F01,229,Validation,COMP-2753cd2e053c8c98,
Fixed_Rowwise,1,1,R01_F01,231,Validation,COMP-0e256dc7494452a7,
Fixed_Rowwise,1,1,R01_F01,238,Validation,COMP-fc5c3e46d2655b62,
Fixed_Rowwise,1,1,R01_F01,246,Validation,COMP-1fc9679353325516,
Fixed_Rowwise,1,1,R01_F01,256,Validation,COMP-95a56990f4bea8a9,
Fixed_Rowwise,1,1,R01_F01,288,Validation,COMP-478c9f483894c42c,
Fixed_Rowwise,1,1,R01_F01,296,Validation,COMP-478c9f483894c42c,
Fixed_Rowwise,1,1,R01_F01,303,Validation,COMP-478c9f483894c42c,
Fixed_Rowwise,1,1,R01_F01,320,Validation,COMP-dbc0864492ec7b98,
Fixed_Rowwise,1,1,R01_F01,322,Validation,COMP-dbc0864492ec7b98,
Fixed_Rowwise,1,1,R01_F01,325,Validation,COMP-dbc0864492ec7b98,
Fixed_Rowwise,1,1,R01_F01,341,Validation,COMP-221944a235b3f36b,
Fixed_Rowwise,1,1,R01_F01,342,Validation,COMP-221944a235b3f36b,
Fixed_Rowwise,1,1,R01_F01,351,Validation,COMP-30cef922979fb9fd,
Fixed_Rowwise,1,1,R01_F01,360,Validation,COMP-0765adc8c505dd3b,
Fixed_Rowwise,1,1,R01_F01,365,Validation,COMP-e1e52574fbb04f58,
Fixed_Rowwise,1,1,R01_F01,371,Validation,COMP-6f2ca218fbd1923b,
Fixed_Rowwise,1,1,R01_F01,372,Validation,COMP-6f2ca218fbd1923b,
Fixed_Rowwise,1,1,R01_F01,381,Validation,COMP-6f2ca218fbd1923b,
Fixed_Rowwise,1,1,R01_F01,404,Validation,COMP-6f2ca218fbd1923b,
Fixed_Rowwise,1,1,R01_F01,408,Validation,COMP-7fb1fecc93ced403,
Fixed_Rowwise,1,1,R01_F01,415,Validation,COMP-a85acb2f2da0216b,
Fixed_Rowwise,1,1,R01_F01,421,Validation,COMP-edeedccfd8f07e13,
Fixed_Rowwise,1,1,R01_F01,448,Validation,COMP-f9d9cbed014e8b80,
Fixed_Rowwise,1,1,R01_F01,450,Validation,COMP-f9d9cbed014e8b80,
Fixed_Rowwise,1,2,R01_F02,1,Training,COMP-27021c945dc6ef2d,
Fixed_Rowwise,1,2,R01_F02,3,Training,COMP-725d39a40881dc4b,
Fixed_Rowwise,1,2,R01_F02,5,Training,COMP-8e1fe5f59d3c7565,
Fixed_Rowwise,1,2,R01_F02,6,Training,COMP-27021c945dc6ef2d,
Fixed_Rowwise,1,2,R01_F02,7,Training,COMP-725d39a40881dc4b,
Fixed_Rowwise,1,2,R01_F02,8,Training,COMP-725d39a40881dc4b,
Fixed_Rowwise,1,2,R01_F02,10,Training,COMP-725d39a40881dc4b,
Fixed_Rowwise,1,2,R01_F02,12,Training,COMP-725d39a40881dc4b,
Fixed_Rowwise,1,2,R01_F02,13,Training,COMP-27021c945dc6ef2d,
Fixed_Rowwise,1,2,R01_F02,17,Training,COMP-773f99d6dc417f9e,
Fixed_Rowwise,1,2,R01_F02,20,Training,COMP-0b765af90e5ebd4c,
Fixed_Rowwise,1,2,R01_F02,21,Training,COMP-0b765af90e5ebd4c,
Fixed_Rowwise,1,2,R01_F02,23,Training,COMP-81f8a3600f73b006,
Fixed_Rowwise,1,2,R01_F02,24,Training,COMP-0b765af90e5ebd4c,
Fixed_Rowwise,1,2,R01_F02,27,Training,COMP-73d52e7a36d559a9,
Fixed_Rowwise,1,2,R01_F02,29,Training,COMP-773f99d6dc417f9e,
Fixed_Rowwise,1,2,R01_F02,32,Training,COMP-81f8a3600f73b006,
Fixed_Rowwise,1,2,R01_F02,35,Training,COMP-a87a2533a652007c,
Fixed_Rowwise,1,2,R01_F02,36,Training,COMP-87a7ec252c82f56c,
Fixed_Rowwise,1,2,R01_F02,37,Training,COMP-f6d84b53636ddfbe,
Fixed_Rowwise,1,2,R01_F02,40,Training,COMP-1af7d3f3b3b924e5,
Fixed_Rowwise,1,2,R01_F02,41,Training,COMP-1af7d3f3b3b924e5,
Fixed_Rowwise,1,2,R01_F02,43,Training,COMP-9b0e3106e10f71db,
Fixed_Rowwise,1,2,R01_F02,44,Training,COMP-0d7ce00a50a6a24f,
Fixed_Rowwise,1,2,R01_F02,45,Training,COMP-59ce4655e65cf94a,
Fixed_Rowwise,1,2,R01_F02,47,Training,COMP-e295ac85ac1ada41,
Fixed_Rowwise,1,2,R01_F02,48,Training,COMP-b611e8d56579c910,
Fixed_Rowwise,1,2,R01_F02,49,Training,COMP-92ece298f11712f0,
Fixed_Rowwise,1,2,R01_F02,51,Training,COMP-dbc0864492ec7b98,
Fixed_Rowwise,1,2,R01_F02,53,Training,COMP-06f5d2a767a65349,
Fixed_Rowwise,1,2,R01_F02,54,Training,COMP-ea1f0dc96a173899,
Fixed_Rowwise,1,2,R01_F02,60,Training,COMP-3f22c6642a7a1344,
Fixed_Rowwise,1,2,R01_F02,63,Training,COMP-21d126c9d34df073,
Fixed_Rowwise,1,2,R01_F02,64,Training,COMP-3157f0dc71f862ff,
Fixed_Rowwise,1,2,R01_F02,65,Training,COMP-7c0b488137fafb3b,
Fixed_Rowwise,1,2,R01_F02,66,Training,COMP-b8df58296dba2095,
Fixed_Rowwise,1,2,R01_F02,67,Training,COMP-49d8e1edbf1c2fbd,
Fixed_Rowwise,1,2,R01_F02,68,Training,COMP-21d126c9d34df073,
Fixed_Rowwise,1,2,R01_F02,69,Training,COMP-8cee7ef8867afd2d,
Fixed_Rowwise,1,2,R01_F02,74,Training,COMP-f9a00d6d8411a0d1,
Fixed_Rowwise,1,2,R01_F02,80,Training,COMP-a14831ff30c0b14d,
Fixed_Rowwise,1,2,R01_F02,83,Training,COMP-e913f917a7e36868,
Fixed_Rowwise,1,2,R01_F02,84,Training,COMP-a14831ff30c0b14d,
Fixed_Rowwise,1,2,R01_F02,85,Training,COMP-e913f917a7e36868,
Fixed_Rowwise,1,2,R01_F02,86,Training,COMP-ea2a626c3522e4a5,
Fixed_Rowwise,1,2,R01_F02,87,Training,COMP-a14831ff30c0b14d,
Fixed_Rowwise,1,2,R01_F02,88,Training,COMP-ea2a626c3522e4a5,
Fixed_Rowwise,1,2,R01_F02,92,Training,COMP-ea2a626c3522e4a5,
Fixed_Rowwise,1,2,R01_F02,95,Training,COMP-ea2a626c3522e4a5,
Fixed_Rowwise,1,2,R01_F02,96,Training,COMP-ea2a626c3522e4a5,
Fixed_Rowwise,1,2,R01_F02,97,Training,COMP-a14831ff30c0b14d,
Fixed_Rowwise,1,2,R01_F02,98,Training,COMP-e913f917a7e36868,
Fixed_Rowwise,1,2,R01_F02,99,Training,COMP-ea2a626c3522e4a5,
Fixed_Rowwise,1,2,R01_F02,100,Training,COMP-ea2a626c3522e4a5,
Fixed_Rowwise,1,2,R01_F02,102,Training,COMP-435a8f4ba56d8b5d,
Fixed_Rowwise,1,2,R01_F02,103,Training,COMP-435a8f4ba56d8b5d,
Fixed_Rowwise,1,2,R01_F02,104,Training,COMP-435a8f4ba56d8b5d,
Fixed_Rowwise,1,2,R01_F02,105,Training,COMP-435a8f4ba56d8b5d,
Fixed_Rowwise,1,2,R01_F02,107,Training,COMP-384273ac244080b1,
Fixed_Rowwise,1,2,R01_F02,110,Training,COMP-c1d72bb5d7d164b0,
Fixed_Rowwise,1,2,R01_F02,112,Training,COMP-c1d72bb5d7d164b0,
Fixed_Rowwise,1,2,R01_F02,114,Training,COMP-6360354242bed7fe,
Fixed_Rowwise,1,2,R01_F02,115,Training,COMP-15c7378d46cadefa,
Fixed_Rowwise,1,2,R01_F02,123,Training,COMP-0ee2ef468faff8db,
Fixed_Rowwise,1,2,R01_F02,126,Training,COMP-5502f8bc72167a0b,
Fixed_Rowwise,1,2,R01_F02,127,Training,COMP-5502f8bc72167a0b,
Fixed_Rowwise,1,2,R01_F02,130,Training,COMP-89919c53d3149a2d,
Fixed_Rowwise,1,2,R01_F02,133,Training,COMP-89919c53d3149a2d,
Fixed_Rowwise,1,2,R01_F02,134,Training,COMP-89919c53d3149a2d,
Fixed_Rowwise,1,2,R01_F02,138,Training,COMP-89919c53d3149a2d,
Fixed_Rowwise,1,2,R01_F02,141,Training,COMP-89919c53d3149a2d,
Fixed_Rowwise,1,2,R01_F02,142,Training,COMP-89919c53d3149a2d,
Fixed_Rowwise,1,2,R01_F02,143,Training,COMP-89919c53d3149a2d,
Fixed_Rowwise,1,2,R01_F02,144,Training,COMP-89919c53d3149a2d,
Fixed_Rowwise,1,2,R01_F02,145,Training,COMP-89919c53d3149a2d,
Fixed_Rowwise,1,2,R01_F02,147,Training,COMP-055230aabe7d502c,
Fixed_Rowwise,1,2,R01_F02,148,Training,COMP-150ce51691dfb5f9,
Fixed_Rowwise,1,2,R01_F02,149,Training,COMP-266a388f7afdbe91,
Fixed_Rowwise,1,2,R01_F02,154,Training,COMP-150ce51691dfb5f9,
Fixed_Rowwise,1,2,R01_F02,156,Training,COMP-941f92def7f50542,
Fixed_Rowwise,1,2,R01_F02,157,Training,COMP-ddfcf6030a718a0c,
Fixed_Rowwise,1,2,R01_F02,160,Training,COMP-0346738121cb655e,
Fixed_Rowwise,1,2,R01_F02,161,Training,COMP-eacd4f126ab29a30,
Fixed_Rowwise,1,2,R01_F02,162,Training,COMP-ddfcf6030a718a0c,
Fixed_Rowwise,1,2,R01_F02,163,Training,COMP-b2e9edd7bc55d085,
Fixed_Rowwise,1,2,R01_F02,164,Training,COMP-941f92def7f50542,
Fixed_Rowwise,1,2,R01_F02,167,Training,COMP-eacd4f126ab29a30,
Fixed_Rowwise,1,2,R01_F02,169,Training,COMP-92ed17371ff559b6,
Fixed_Rowwise,1,2,R01_F02,172,Training,COMP-92ed17371ff559b6,
Fixed_Rowwise,1,2,R01_F02,175,Training,COMP-b72f6533b137a4f6,
Fixed_Rowwise,1,2,R01_F02,176,Training,COMP-5479c448b954c055,
Fixed_Rowwise,1,2,R01_F02,178,Training,COMP-b9abc443805301b1,
Fixed_Rowwise,1,2,R01_F02,181,Training,COMP-69c6ecd7284d3b47,
Fixed_Rowwise,1,2,R01_F02,182,Training,COMP-630f3050f45faf36,
Fixed_Rowwise,1,2,R01_F02,183,Training,COMP-630f3050f45faf36,
Fixed_Rowwise,1,2,R01_F02,184,Training,COMP-0966c0019ec07f39,
Fixed_Rowwise,1,2,R01_F02,186,Training,COMP-0966c0019ec07f39,
Fixed_Rowwise,1,2,R01_F02,187,Training,COMP-a7670bf71188b1d6,
Fixed_Rowwise,1,2,R01_F02,188,Training,COMP-a7670bf71188b1d6,
Fixed_Rowwise,1,2,R01_F02,194,Training,COMP-445f55453794f59c,
Fixed_Rowwise,1,2,R01_F02,199,Training,COMP-6525c735bb50fb1c,
Fixed_Rowwise,1,2,R01_F02,200,Training,COMP-b878df279a448475,
Fixed_Rowwise,1,2,R01_F02,201,Training,COMP-05480af3b167ab05,
Fixed_Rowwise,1,2,R01_F02,202,Training,COMP-598bc18a3ba07a9e,
Fixed_Rowwise,1,2,R01_F02,205,Training,COMP-d8a14990923ce9f7,
Fixed_Rowwise,1,2,R01_F02,207,Training,COMP-948abb1ebd270642,
Fixed_Rowwise,1,2,R01_F02,210,Training,COMP-d7494ade7e8dd694,
Fixed_Rowwise,1,2,R01_F02,211,Training,COMP-b775405901636085,
Fixed_Rowwise,1,2,R01_F02,214,Training,COMP-35e38ea13dc05b9e,
Fixed_Rowwise,1,2,R01_F02,215,Training,COMP-6b4f0394292930ba,
Fixed_Rowwise,1,2,R01_F02,216,Training,COMP-4a76c05754ee1efa,
Fixed_Rowwise,1,2,R01_F02,219,Training,COMP-eae7689b221fd7f8,
Fixed_Rowwise,1,2,R01_F02,225,Training,COMP-289a02a6b94655b9,
Fixed_Rowwise,1,2,R01_F02,229,Training,COMP-2753cd2e053c8c98,
Fixed_Rowwise,1,2,R01_F02,230,Training,COMP-0107563adaed8d01,
Fixed_Rowwise,1,2,R01_F02,231,Training,COMP-0e256dc7494452a7,
Fixed_Rowwise,1,2,R01_F02,235,Training,COMP-091a20b5a1dfb76f,
Fixed_Rowwise,1,2,R01_F02,236,Training,COMP-44fea4804e888e0a,
Fixed_Rowwise,1,2,R01_F02,237,Training,COMP-4ef2bcae5243588c,
Fixed_Rowwise,1,2,R01_F02,238,Training,COMP-fc5c3e46d2655b62,
Fixed_Rowwise,1,2,R01_F02,239,Training,COMP-0b765af90e5ebd4c,
Fixed_Rowwise,1,2,R01_F02,242,Training,COMP-631a18a4a6b20c0c,
Fixed_Rowwise,1,2,R01_F02,243,Training,COMP-b0cc51380afea02b,
Fixed_Rowwise,1,2,R01_F02,246,Training,COMP-1fc9679353325516,
Fixed_Rowwise,1,2,R01_F02,247,Training,COMP-e295ac85ac1ada41,
Fixed_Rowwise,1,2,R01_F02,249,Training,COMP-e295ac85ac1ada41,
Fixed_Rowwise,1,2,R01_F02,251,Training,COMP-dd1e9c4c0f247912,
Fixed_Rowwise,1,2,R01_F02,252,Training,COMP-725d39a40881dc4b,
Fixed_Rowwise,1,2,R01_F02,253,Training,COMP-725d39a40881dc4b,
Fixed_Rowwise,1,2,R01_F02,255,Training,COMP-95a56990f4bea8a9,
Fixed_Rowwise,1,2,R01_F02,256,Training,COMP-95a56990f4bea8a9,
Fixed_Rowwise,1,2,R01_F02,257,Training,COMP-95a56990f4bea8a9,
Fixed_Rowwise,1,2,R01_F02,258,Training,COMP-95a56990f4bea8a9,
Fixed_Rowwise,1,2,R01_F02,259,Training,COMP-95a56990f4bea8a9,
Fixed_Rowwise,1,2,R01_F02,260,Training,COMP-95a56990f4bea8a9,
Fixed_Rowwise,1,2,R01_F02,266,Training,COMP-95a56990f4bea8a9,
Fixed_Rowwise,1,2,R01_F02,268,Training,COMP-95a56990f4bea8a9,
Fixed_Rowwise,1,2,R01_F02,272,Training,COMP-95a56990f4bea8a9,
Fixed_Rowwise,1,2,R01_F02,273,Training,COMP-95a56990f4bea8a9,
Fixed_Rowwise,1,2,R01_F02,282,Training,COMP-95a56990f4bea8a9,
Fixed_Rowwise,1,2,R01_F02,283,Training,COMP-95a56990f4bea8a9,
Fixed_Rowwise,1,2,R01_F02,285,Training,COMP-95a56990f4bea8a9,
Fixed_Rowwise,1,2,R01_F02,286,Training,COMP-478c9f483894c42c,
Fixed_Rowwise,1,2,R01_F02,288,Training,COMP-478c9f483894c42c,
Fixed_Rowwise,1,2,R01_F02,296,Training,COMP-478c9f483894c42c,
Fixed_Rowwise,1,2,R01_F02,303,Training,COMP-478c9f483894c42c,
Fixed_Rowwise,1,2,R01_F02,306,Training,COMP-478c9f483894c42c,
Fixed_Rowwise,1,2,R01_F02,307,Training,COMP-478c9f483894c42c,
Fixed_Rowwise,1,2,R01_F02,309,Training,COMP-478c9f483894c42c,
Fixed_Rowwise,1,2,R01_F02,310,Training,COMP-478c9f483894c42c,
Fixed_Rowwise,1,2,R01_F02,311,Training,COMP-478c9f483894c42c,
Fixed_Rowwise,1,2,R01_F02,313,Training,COMP-478c9f483894c42c,
Fixed_Rowwise,1,2,R01_F02,315,Training,COMP-478c9f483894c42c,
Fixed_Rowwise,1,2,R01_F02,320,Training,COMP-dbc0864492ec7b98,
Fixed_Rowwise,1,2,R01_F02,322,Training,COMP-dbc0864492ec7b98,
Fixed_Rowwise,1,2,R01_F02,324,Training,COMP-dbc0864492ec7b98,
Fixed_Rowwise,1,2,R01_F02,325,Training,COMP-dbc0864492ec7b98,
Fixed_Rowwise,1,2,R01_F02,328,Training,COMP-dbc0864492ec7b98,
Fixed_Rowwise,1,2,R01_F02,331,Training,COMP-dbc0864492ec7b98,
Fixed_Rowwise,1,2,R01_F02,333,Training,COMP-dbc0864492ec7b98,
Fixed_Rowwise,1,2,R01_F02,334,Training,COMP-dbc0864492ec7b98,
Fixed_Rowwise,1,2,R01_F02,337,Training,COMP-06072d2dd3b021af,
Fixed_Rowwise,1,2,R01_F02,339,Training,COMP-06072d2dd3b021af,
Fixed_Rowwise,1,2,R01_F02,341,Training,COMP-221944a235b3f36b,
Fixed_Rowwise,1,2,R01_F02,342,Training,COMP-221944a235b3f36b,
Fixed_Rowwise,1,2,R01_F02,345,Training,COMP-e1e52574fbb04f58,
Fixed_Rowwise,1,2,R01_F02,347,Training,COMP-e1e52574fbb04f58,
Fixed_Rowwise,1,2,R01_F02,348,Training,COMP-30cef922979fb9fd,
Fixed_Rowwise,1,2,R01_F02,349,Training,COMP-30cef922979fb9fd,
Fixed_Rowwise,1,2,R01_F02,350,Training,COMP-30cef922979fb9fd,
Fixed_Rowwise,1,2,R01_F02,351,Training,COMP-30cef922979fb9fd,
Fixed_Rowwise,1,2,R01_F02,352,Training,COMP-30cef922979fb9fd,
Fixed_Rowwise,1,2,R01_F02,354,Training,COMP-59f47d6774b9fdfb,
Fixed_Rowwise,1,2,R01_F02,356,Training,COMP-59f47d6774b9fdfb,
Fixed_Rowwise,1,2,R01_F02,358,Training,COMP-59f47d6774b9fdfb,
Fixed_Rowwise,1,2,R01_F02,360,Training,COMP-0765adc8c505dd3b,
Fixed_Rowwise,1,2,R01_F02,363,Training,COMP-0765adc8c505dd3b,
Fixed_Rowwise,1,2,R01_F02,364,Training,COMP-0765adc8c505dd3b,
Fixed_Rowwise,1,2,R01_F02,365,Training,COMP-e1e52574fbb04f58,
Fixed_Rowwise,1,2,R01_F02,371,Training,COMP-6f2ca218fbd1923b,
Fixed_Rowwise,1,2,R01_F02,372,Training,COMP-6f2ca218fbd1923b,
Fixed_Rowwise,1,2,R01_F02,375,Training,COMP-6f2ca218fbd1923b,
Fixed_Rowwise,1,2,R01_F02,378,Training,COMP-6f2ca218fbd1923b,
Fixed_Rowwise,1,2,R01_F02,380,Training,COMP-6f2ca218fbd1923b,
Fixed_Rowwise,1,2,R01_F02,381,Training,COMP-6f2ca218fbd1923b,
Fixed_Rowwise,1,2,R01_F02,384,Training,COMP-6f2ca218fbd1923b,
Fixed_Rowwise,1,2,R01_F02,386,Training,COMP-6f2ca218fbd1923b,
Fixed_Rowwise,1,2,R01_F02,387,Training,COMP-6f2ca218fbd1923b,
Fixed_Rowwise,1,2,R01_F02,388,Training,COMP-6f2ca218fbd1923b,
Fixed_Rowwise,1,2,R01_F02,389,Training,COMP-6f2ca218fbd1923b,
Fixed_Rowwise,1,2,R01_F02,391,Training,COMP-6f2ca218fbd1923b,
Fixed_Rowwise,1,2,R01_F02,393,Training,COMP-6f2ca218fbd1923b,
Fixed_Rowwise,1,2,R01_F02,395,Training,COMP-6f2ca218fbd1923b,
Fixed_Rowwise,1,2,R01_F02,399,Training,COMP-6f2ca218fbd1923b,
Fixed_Rowwise,1,2,R01_F02,402,Training,COMP-6f2ca218fbd1923b,
Fixed_Rowwise,1,2,R01_F02,404,Training,COMP-6f2ca218fbd1923b,
Fixed_Rowwise,1,2,R01_F02,405,Training,COMP-6f2ca218fbd1923b,
Fixed_Rowwise,1,2,R01_F02,406,Training,COMP-7fb1fecc93ced403,
Fixed_Rowwise,1,2,R01_F02,408,Training,COMP-7fb1fecc93ced403,
Fixed_Rowwise,1,2,R01_F02,413,Training,COMP-a85acb2f2da0216b,
Fixed_Rowwise,1,2,R01_F02,414,Training,COMP-a85acb2f2da0216b,
Fixed_Rowwise,1,2,R01_F02,415,Training,COMP-a85acb2f2da0216b,
Fixed_Rowwise,1,2,R01_F02,421,Training,COMP-edeedccfd8f07e13,
Fixed_Rowwise,1,2,R01_F02,424,Training,COMP-f9d9cbed014e8b80,
Fixed_Rowwise,1,2,R01_F02,425,Training,COMP-f9d9cbed014e8b80,
Fixed_Rowwise,1,2,R01_F02,427,Training,COMP-f9d9cbed014e8b80,
Fixed_Rowwise,1,2,R01_F02,431,Training,COMP-f9d9cbed014e8b80,
Fixed_Rowwise,1,2,R01_F02,432,Training,COMP-f9d9cbed014e8b80,
Fixed_Rowwise,1,2,R01_F02,438,Training,COMP-f9d9cbed014e8b80,
Fixed_Rowwise,1,2,R01_F02,441,Training,COMP-f9d9cbed014e8b80,
Fixed_Rowwise,1,2,R01_F02,444,Training,COMP-f9d9cbed014e8b80,
Fixed_Rowwise,1,2,R01_F02,445,Training,COMP-f9d9cbed014e8b80,
Fixed_Rowwise,1,2,R01_F02,448,Training,COMP-f9d9cbed014e8b80,
Fixed_Rowwise,1,2,R01_F02,449,Training,COMP-f9d9cbed014e8b80,
Fixed_Rowwise,1,2,R01_F02,450,Training,COMP-f9d9cbed014e8b80,
Fixed_Rowwise,1,2,R01_F02,451,Training,COMP-f9d9cbed014e8b80,
Fixed_Rowwise,1,2,R01_F02,4,Validation,COMP-862c9c676a6f1012,
Fixed_Rowwise,1,2,R01_F02,14,Validation,COMP-609dfbaf681359b8,
Fixed_Rowwise,1,2,R01_F02,26,Validation,COMP-7decbe1f0284bd78,
Fixed_Rowwise,1,2,R01_F02,28,Validation,COMP-3632fb12e94bc35a,
Fixed_Rowwise,1,2,R01_F02,52,Validation,COMP-06f5d2a767a65349,
Fixed_Rowwise,1,2,R01_F02,61,Validation,COMP-3f22c6642a7a1344,
Fixed_Rowwise,1,2,R01_F02,62,Validation,COMP-21d126c9d34df073,
Fixed_Rowwise,1,2,R01_F02,94,Validation,COMP-ea2a626c3522e4a5,
Fixed_Rowwise,1,2,R01_F02,106,Validation,COMP-435a8f4ba56d8b5d,
Fixed_Rowwise,1,2,R01_F02,111,Validation,COMP-c1d72bb5d7d164b0,
Fixed_Rowwise,1,2,R01_F02,118,Validation,COMP-8bbe9ce01fb6a2d3,
Fixed_Rowwise,1,2,R01_F02,120,Validation,COMP-8bbe9ce01fb6a2d3,
Fixed_Rowwise,1,2,R01_F02,121,Validation,COMP-b2e9edd7bc55d085,
Fixed_Rowwise,1,2,R01_F02,122,Validation,COMP-b2e9edd7bc55d085,
Fixed_Rowwise,1,2,R01_F02,125,Validation,COMP-0ee2ef468faff8db,
Fixed_Rowwise,1,2,R01_F02,135,Validation,COMP-89919c53d3149a2d,
Fixed_Rowwise,1,2,R01_F02,139,Validation,COMP-89919c53d3149a2d,
Fixed_Rowwise,1,2,R01_F02,146,Validation,COMP-266a388f7afdbe91,
Fixed_Rowwise,1,2,R01_F02,150,Validation,COMP-055230aabe7d502c,
Fixed_Rowwise,1,2,R01_F02,152,Validation,COMP-055230aabe7d502c,
Fixed_Rowwise,1,2,R01_F02,159,Validation,COMP-0346738121cb655e,
Fixed_Rowwise,1,2,R01_F02,168,Validation,COMP-92ed17371ff559b6,
Fixed_Rowwise,1,2,R01_F02,173,Validation,COMP-0d41a2cf75110ad6,
Fixed_Rowwise,1,2,R01_F02,174,Validation,COMP-a35a20d65351aafe,
Fixed_Rowwise,1,2,R01_F02,177,Validation,COMP-5479c448b954c055,
Fixed_Rowwise,1,2,R01_F02,193,Validation,COMP-889d7d6c6dbf5b76,
Fixed_Rowwise,1,2,R01_F02,197,Validation,COMP-880bd22028629a8e,
Fixed_Rowwise,1,2,R01_F02,221,Validation,COMP-20d1e620c817cb5a,
Fixed_Rowwise,1,2,R01_F02,224,Validation,COMP-93900d7c81c38cdd,
Fixed_Rowwise,1,2,R01_F02,226,Validation,COMP-93900d7c81c38cdd,
Fixed_Rowwise,1,2,R01_F02,228,Validation,COMP-46e30c1bd5e987da,
Fixed_Rowwise,1,2,R01_F02,232,Validation,COMP-0e256dc7494452a7,
Fixed_Rowwise,1,2,R01_F02,233,Validation,COMP-e60cc4ecffe6b7df,
Fixed_Rowwise,1,2,R01_F02,240,Validation,COMP-0b765af90e5ebd4c,
Fixed_Rowwise,1,2,R01_F02,241,Validation,COMP-631a18a4a6b20c0c,
Fixed_Rowwise,1,2,R01_F02,263,Validation,COMP-95a56990f4bea8a9,
Fixed_Rowwise,1,2,R01_F02,271,Validation,COMP-95a56990f4bea8a9,
Fixed_Rowwise,1,2,R01_F02,292,Validation,COMP-478c9f483894c42c,
Fixed_Rowwise,1,2,R01_F02,295,Validation,COMP-478c9f483894c42c,
Fixed_Rowwise,1,2,R01_F02,300,Validation,COMP-478c9f483894c42c,
Fixed_Rowwise,1,2,R01_F02,316,Validation,COMP-478c9f483894c42c,
Fixed_Rowwise,1,2,R01_F02,321,Validation,COMP-dbc0864492ec7b98,
Fixed_Rowwise,1,2,R01_F02,323,Validation,COMP-dbc0864492ec7b98,
Fixed_Rowwise,1,2,R01_F02,326,Validation,COMP-dbc0864492ec7b98,
Fixed_Rowwise,1,2,R01_F02,327,Validation,COMP-dbc0864492ec7b98,
Fixed_Rowwise,1,2,R01_F02,344,Validation,COMP-e1e52574fbb04f58,
Fixed_Rowwise,1,2,R01_F02,369,Validation,COMP-6f2ca218fbd1923b,
Fixed_Rowwise,1,2,R01_F02,376,Validation,COMP-6f2ca218fbd1923b,
Fixed_Rowwise,1,2,R01_F02,382,Validation,COMP-6f2ca218fbd1923b,
Fixed_Rowwise,1,2,R01_F02,418,Validation,COMP-a85acb2f2da0216b,
Fixed_Rowwise,1,2,R01_F02,422,Validation,COMP-edeedccfd8f07e13,
Fixed_Rowwise,1,2,R01_F02,429,Validation,COMP-f9d9cbed014e8b80,
Fixed_Rowwise,1,2,R01_F02,434,Validation,COMP-f9d9cbed014e8b80,
Fixed_Rowwise,1,2,R01_F02,440,Validation,COMP-f9d9cbed014e8b80,
Fixed_Rowwise,1,3,R01_F03,3,Training,COMP-725d39a40881dc4b,
Fixed_Rowwise,1,3,R01_F03,4,Training,COMP-862c9c676a6f1012,
Fixed_Rowwise,1,3,R01_F03,5,Training,COMP-8e1fe5f59d3c7565,
Fixed_Rowwise,1,3,R01_F03,8,Training,COMP-725d39a40881dc4b,
Fixed_Rowwise,1,3,R01_F03,10,Training,COMP-725d39a40881dc4b,
Fixed_Rowwise,1,3,R01_F03,12,Training,COMP-725d39a40881dc4b,
Fixed_Rowwise,1,3,R01_F03,13,Training,COMP-27021c945dc6ef2d,
Fixed_Rowwise,1,3,R01_F03,14,Training,COMP-609dfbaf681359b8,
Fixed_Rowwise,1,3,R01_F03,21,Training,COMP-0b765af90e5ebd4c,
Fixed_Rowwise,1,3,R01_F03,23,Training,COMP-81f8a3600f73b006,
Fixed_Rowwise,1,3,R01_F03,24,Training,COMP-0b765af90e5ebd4c,
Fixed_Rowwise,1,3,R01_F03,26,Training,COMP-7decbe1f0284bd78,
Fixed_Rowwise,1,3,R01_F03,27,Training,COMP-73d52e7a36d559a9,
Fixed_Rowwise,1,3,R01_F03,28,Training,COMP-3632fb12e94bc35a,
Fixed_Rowwise,1,3,R01_F03,29,Training,COMP-773f99d6dc417f9e,
Fixed_Rowwise,1,3,R01_F03,32,Training,COMP-81f8a3600f73b006,
Fixed_Rowwise,1,3,R01_F03,35,Training,COMP-a87a2533a652007c,
Fixed_Rowwise,1,3,R01_F03,36,Training,COMP-87a7ec252c82f56c,
Fixed_Rowwise,1,3,R01_F03,37,Training,COMP-f6d84b53636ddfbe,
Fixed_Rowwise,1,3,R01_F03,40,Training,COMP-1af7d3f3b3b924e5,
Fixed_Rowwise,1,3,R01_F03,41,Training,COMP-1af7d3f3b3b924e5,
Fixed_Rowwise,1,3,R01_F03,48,Training,COMP-b611e8d56579c910,
Fixed_Rowwise,1,3,R01_F03,52,Training,COMP-06f5d2a767a65349,
Fixed_Rowwise,1,3,R01_F03,53,Training,COMP-06f5d2a767a65349,
Fixed_Rowwise,1,3,R01_F03,61,Training,COMP-3f22c6642a7a1344,
Fixed_Rowwise,1,3,R01_F03,62,Training,COMP-21d126c9d34df073,
Fixed_Rowwise,1,3,R01_F03,63,Training,COMP-21d126c9d34df073,
Fixed_Rowwise,1,3,R01_F03,64,Training,COMP-3157f0dc71f862ff,
Fixed_Rowwise,1,3,R01_F03,66,Training,COMP-b8df58296dba2095,
Fixed_Rowwise,1,3,R01_F03,67,Training,COMP-49d8e1edbf1c2fbd,
Fixed_Rowwise,1,3,R01_F03,68,Training,COMP-21d126c9d34df073,
Fixed_Rowwise,1,3,R01_F03,69,Training,COMP-8cee7ef8867afd2d,
Fixed_Rowwise,1,3,R01_F03,74,Training,COMP-f9a00d6d8411a0d1,
Fixed_Rowwise,1,3,R01_F03,80,Training,COMP-a14831ff30c0b14d,
Fixed_Rowwise,1,3,R01_F03,83,Training,COMP-e913f917a7e36868,
Fixed_Rowwise,1,3,R01_F03,84,Training,COMP-a14831ff30c0b14d,
Fixed_Rowwise,1,3,R01_F03,85,Training,COMP-e913f917a7e36868,
Fixed_Rowwise,1,3,R01_F03,87,Training,COMP-a14831ff30c0b14d,
Fixed_Rowwise,1,3,R01_F03,88,Training,COMP-ea2a626c3522e4a5,
Fixed_Rowwise,1,3,R01_F03,92,Training,COMP-ea2a626c3522e4a5,
Fixed_Rowwise,1,3,R01_F03,94,Training,COMP-ea2a626c3522e4a5,
Fixed_Rowwise,1,3,R01_F03,96,Training,COMP-ea2a626c3522e4a5,
Fixed_Rowwise,1,3,R01_F03,97,Training,COMP-a14831ff30c0b14d,
Fixed_Rowwise,1,3,R01_F03,98,Training,COMP-e913f917a7e36868,
Fixed_Rowwise,1,3,R01_F03,99,Training,COMP-ea2a626c3522e4a5,
Fixed_Rowwise,1,3,R01_F03,102,Training,COMP-435a8f4ba56d8b5d,
Fixed_Rowwise,1,3,R01_F03,103,Training,COMP-435a8f4ba56d8b5d,
Fixed_Rowwise,1,3,R01_F03,104,Training,COMP-435a8f4ba56d8b5d,
Fixed_Rowwise,1,3,R01_F03,106,Training,COMP-435a8f4ba56d8b5d,
Fixed_Rowwise,1,3,R01_F03,107,Training,COMP-384273ac244080b1,
Fixed_Rowwise,1,3,R01_F03,110,Training,COMP-c1d72bb5d7d164b0,
Fixed_Rowwise,1,3,R01_F03,111,Training,COMP-c1d72bb5d7d164b0,
Fixed_Rowwise,1,3,R01_F03,112,Training,COMP-c1d72bb5d7d164b0,
Fixed_Rowwise,1,3,R01_F03,114,Training,COMP-6360354242bed7fe,
Fixed_Rowwise,1,3,R01_F03,115,Training,COMP-15c7378d46cadefa,
Fixed_Rowwise,1,3,R01_F03,118,Training,COMP-8bbe9ce01fb6a2d3,
Fixed_Rowwise,1,3,R01_F03,120,Training,COMP-8bbe9ce01fb6a2d3,
Fixed_Rowwise,1,3,R01_F03,121,Training,COMP-b2e9edd7bc55d085,
Fixed_Rowwise,1,3,R01_F03,122,Training,COMP-b2e9edd7bc55d085,
Fixed_Rowwise,1,3,R01_F03,123,Training,COMP-0ee2ef468faff8db,
Fixed_Rowwise,1,3,R01_F03,125,Training,COMP-0ee2ef468faff8db,
Fixed_Rowwise,1,3,R01_F03,126,Training,COMP-5502f8bc72167a0b,
Fixed_Rowwise,1,3,R01_F03,127,Training,COMP-5502f8bc72167a0b,
Fixed_Rowwise,1,3,R01_F03,130,Training,COMP-89919c53d3149a2d,
Fixed_Rowwise,1,3,R01_F03,133,Training,COMP-89919c53d3149a2d,
Fixed_Rowwise,1,3,R01_F03,134,Training,COMP-89919c53d3149a2d,
Fixed_Rowwise,1,3,R01_F03,135,Training,COMP-89919c53d3149a2d,
Fixed_Rowwise,1,3,R01_F03,139,Training,COMP-89919c53d3149a2d,
Fixed_Rowwise,1,3,R01_F03,141,Training,COMP-89919c53d3149a2d,
Fixed_Rowwise,1,3,R01_F03,142,Training,COMP-89919c53d3149a2d,
Fixed_Rowwise,1,3,R01_F03,143,Training,COMP-89919c53d3149a2d,
Fixed_Rowwise,1,3,R01_F03,144,Training,COMP-89919c53d3149a2d,
Fixed_Rowwise,1,3,R01_F03,145,Training,COMP-89919c53d3149a2d,
Fixed_Rowwise,1,3,R01_F03,146,Training,COMP-266a388f7afdbe91,
Fixed_Rowwise,1,3,R01_F03,147,Training,COMP-055230aabe7d502c,
Fixed_Rowwise,1,3,R01_F03,148,Training,COMP-150ce51691dfb5f9,
Fixed_Rowwise,1,3,R01_F03,150,Training,COMP-055230aabe7d502c,
Fixed_Rowwise,1,3,R01_F03,152,Training,COMP-055230aabe7d502c,
Fixed_Rowwise,1,3,R01_F03,156,Training,COMP-941f92def7f50542,
Fixed_Rowwise,1,3,R01_F03,159,Training,COMP-0346738121cb655e,
Fixed_Rowwise,1,3,R01_F03,160,Training,COMP-0346738121cb655e,
Fixed_Rowwise,1,3,R01_F03,161,Training,COMP-eacd4f126ab29a30,
Fixed_Rowwise,1,3,R01_F03,162,Training,COMP-ddfcf6030a718a0c,
Fixed_Rowwise,1,3,R01_F03,163,Training,COMP-b2e9edd7bc55d085,
Fixed_Rowwise,1,3,R01_F03,164,Training,COMP-941f92def7f50542,
Fixed_Rowwise,1,3,R01_F03,167,Training,COMP-eacd4f126ab29a30,
Fixed_Rowwise,1,3,R01_F03,168,Training,COMP-92ed17371ff559b6,
Fixed_Rowwise,1,3,R01_F03,169,Training,COMP-92ed17371ff559b6,
Fixed_Rowwise,1,3,R01_F03,172,Training,COMP-92ed17371ff559b6,
Fixed_Rowwise,1,3,R01_F03,173,Training,COMP-0d41a2cf75110ad6,
Fixed_Rowwise,1,3,R01_F03,174,Training,COMP-a35a20d65351aafe,
Fixed_Rowwise,1,3,R01_F03,175,Training,COMP-b72f6533b137a4f6,
Fixed_Rowwise,1,3,R01_F03,177,Training,COMP-5479c448b954c055,
Fixed_Rowwise,1,3,R01_F03,178,Training,COMP-b9abc443805301b1,
Fixed_Rowwise,1,3,R01_F03,182,Training,COMP-630f3050f45faf36,
Fixed_Rowwise,1,3,R01_F03,183,Training,COMP-630f3050f45faf36,
Fixed_Rowwise,1,3,R01_F03,184,Training,COMP-0966c0019ec07f39,
Fixed_Rowwise,1,3,R01_F03,186,Training,COMP-0966c0019ec07f39,
Fixed_Rowwise,1,3,R01_F03,188,Training,COMP-a7670bf71188b1d6,
Fixed_Rowwise,1,3,R01_F03,193,Training,COMP-889d7d6c6dbf5b76,
Fixed_Rowwise,1,3,R01_F03,194,Training,COMP-445f55453794f59c,
Fixed_Rowwise,1,3,R01_F03,197,Training,COMP-880bd22028629a8e,
Fixed_Rowwise,1,3,R01_F03,199,Training,COMP-6525c735bb50fb1c,
Fixed_Rowwise,1,3,R01_F03,200,Training,COMP-b878df279a448475,
Fixed_Rowwise,1,3,R01_F03,201,Training,COMP-05480af3b167ab05,
Fixed_Rowwise,1,3,R01_F03,202,Training,COMP-598bc18a3ba07a9e,
Fixed_Rowwise,1,3,R01_F03,205,Training,COMP-d8a14990923ce9f7,
Fixed_Rowwise,1,3,R01_F03,210,Training,COMP-d7494ade7e8dd694,
Fixed_Rowwise,1,3,R01_F03,211,Training,COMP-b775405901636085,
Fixed_Rowwise,1,3,R01_F03,214,Training,COMP-35e38ea13dc05b9e,
Fixed_Rowwise,1,3,R01_F03,216,Training,COMP-4a76c05754ee1efa,
Fixed_Rowwise,1,3,R01_F03,219,Training,COMP-eae7689b221fd7f8,
Fixed_Rowwise,1,3,R01_F03,221,Training,COMP-20d1e620c817cb5a,
Fixed_Rowwise,1,3,R01_F03,224,Training,COMP-93900d7c81c38cdd,
Fixed_Rowwise,1,3,R01_F03,226,Training,COMP-93900d7c81c38cdd,
Fixed_Rowwise,1,3,R01_F03,228,Training,COMP-46e30c1bd5e987da,
Fixed_Rowwise,1,3,R01_F03,229,Training,COMP-2753cd2e053c8c98,
Fixed_Rowwise,1,3,R01_F03,230,Training,COMP-0107563adaed8d01,
Fixed_Rowwise,1,3,R01_F03,231,Training,COMP-0e256dc7494452a7,
Fixed_Rowwise,1,3,R01_F03,232,Training,COMP-0e256dc7494452a7,
Fixed_Rowwise,1,3,R01_F03,233,Training,COMP-e60cc4ecffe6b7df,
Fixed_Rowwise,1,3,R01_F03,235,Training,COMP-091a20b5a1dfb76f,
Fixed_Rowwise,1,3,R01_F03,237,Training,COMP-4ef2bcae5243588c,
Fixed_Rowwise,1,3,R01_F03,238,Training,COMP-fc5c3e46d2655b62,
Fixed_Rowwise,1,3,R01_F03,239,Training,COMP-0b765af90e5ebd4c,
Fixed_Rowwise,1,3,R01_F03,240,Training,COMP-0b765af90e5ebd4c,
Fixed_Rowwise,1,3,R01_F03,241,Training,COMP-631a18a4a6b20c0c,
Fixed_Rowwise,1,3,R01_F03,242,Training,COMP-631a18a4a6b20c0c,
Fixed_Rowwise,1,3,R01_F03,246,Training,COMP-1fc9679353325516,
Fixed_Rowwise,1,3,R01_F03,249,Training,COMP-e295ac85ac1ada41,
Fixed_Rowwise,1,3,R01_F03,251,Training,COMP-dd1e9c4c0f247912,
Fixed_Rowwise,1,3,R01_F03,252,Training,COMP-725d39a40881dc4b,
Fixed_Rowwise,1,3,R01_F03,253,Training,COMP-725d39a40881dc4b,
Fixed_Rowwise,1,3,R01_F03,256,Training,COMP-95a56990f4bea8a9,
Fixed_Rowwise,1,3,R01_F03,257,Training,COMP-95a56990f4bea8a9,
Fixed_Rowwise,1,3,R01_F03,259,Training,COMP-95a56990f4bea8a9,
Fixed_Rowwise,1,3,R01_F03,260,Training,COMP-95a56990f4bea8a9,
Fixed_Rowwise,1,3,R01_F03,263,Training,COMP-95a56990f4bea8a9,
Fixed_Rowwise,1,3,R01_F03,266,Training,COMP-95a56990f4bea8a9,
Fixed_Rowwise,1,3,R01_F03,271,Training,COMP-95a56990f4bea8a9,
Fixed_Rowwise,1,3,R01_F03,272,Training,COMP-95a56990f4bea8a9,
Fixed_Rowwise,1,3,R01_F03,288,Training,COMP-478c9f483894c42c,
Fixed_Rowwise,1,3,R01_F03,292,Training,COMP-478c9f483894c42c,
Fixed_Rowwise,1,3,R01_F03,295,Training,COMP-478c9f483894c42c,
Fixed_Rowwise,1,3,R01_F03,296,Training,COMP-478c9f483894c42c,
Fixed_Rowwise,1,3,R01_F03,300,Training,COMP-478c9f483894c42c,
Fixed_Rowwise,1,3,R01_F03,303,Training,COMP-478c9f483894c42c,
Fixed_Rowwise,1,3,R01_F03,306,Training,COMP-478c9f483894c42c,
Fixed_Rowwise,1,3,R01_F03,307,Training,COMP-478c9f483894c42c,
Fixed_Rowwise,1,3,R01_F03,309,Training,COMP-478c9f483894c42c,
Fixed_Rowwise,1,3,R01_F03,310,Training,COMP-478c9f483894c42c,
Fixed_Rowwise,1,3,R01_F03,311,Training,COMP-478c9f483894c42c,
Fixed_Rowwise,1,3,R01_F03,313,Training,COMP-478c9f483894c42c,
Fixed_Rowwise,1,3,R01_F03,316,Training,COMP-478c9f483894c42c,
Fixed_Rowwise,1,3,R01_F03,320,Training,COMP-dbc0864492ec7b98,
Fixed_Rowwise,1,3,R01_F03,321,Training,COMP-dbc0864492ec7b98,
Fixed_Rowwise,1,3,R01_F03,322,Training,COMP-dbc0864492ec7b98,
Fixed_Rowwise,1,3,R01_F03,323,Training,COMP-dbc0864492ec7b98,
Fixed_Rowwise,1,3,R01_F03,324,Training,COMP-dbc0864492ec7b98,
Fixed_Rowwise,1,3,R01_F03,325,Training,COMP-dbc0864492ec7b98,
Fixed_Rowwise,1,3,R01_F03,326,Training,COMP-dbc0864492ec7b98,
Fixed_Rowwise,1,3,R01_F03,327,Training,COMP-dbc0864492ec7b98,
Fixed_Rowwise,1,3,R01_F03,331,Training,COMP-dbc0864492ec7b98,
Fixed_Rowwise,1,3,R01_F03,333,Training,COMP-dbc0864492ec7b98,
Fixed_Rowwise,1,3,R01_F03,334,Training,COMP-dbc0864492ec7b98,
Fixed_Rowwise,1,3,R01_F03,337,Training,COMP-06072d2dd3b021af,
Fixed_Rowwise,1,3,R01_F03,339,Training,COMP-06072d2dd3b021af,
Fixed_Rowwise,1,3,R01_F03,341,Training,COMP-221944a235b3f36b,
Fixed_Rowwise,1,3,R01_F03,342,Training,COMP-221944a235b3f36b,
Fixed_Rowwise,1,3,R01_F03,344,Training,COMP-e1e52574fbb04f58,
Fixed_Rowwise,1,3,R01_F03,345,Training,COMP-e1e52574fbb04f58,
Fixed_Rowwise,1,3,R01_F03,348,Training,COMP-30cef922979fb9fd,
Fixed_Rowwise,1,3,R01_F03,349,Training,COMP-30cef922979fb9fd,
Fixed_Rowwise,1,3,R01_F03,351,Training,COMP-30cef922979fb9fd,
Fixed_Rowwise,1,3,R01_F03,352,Training,COMP-30cef922979fb9fd,
Fixed_Rowwise,1,3,R01_F03,354,Training,COMP-59f47d6774b9fdfb,
Fixed_Rowwise,1,3,R01_F03,356,Training,COMP-59f47d6774b9fdfb,
Fixed_Rowwise,1,3,R01_F03,358,Training,COMP-59f47d6774b9fdfb,
Fixed_Rowwise,1,3,R01_F03,360,Training,COMP-0765adc8c505dd3b,
Fixed_Rowwise,1,3,R01_F03,363,Training,COMP-0765adc8c505dd3b,
Fixed_Rowwise,1,3,R01_F03,364,Training,COMP-0765adc8c505dd3b,
Fixed_Rowwise,1,3,R01_F03,365,Training,COMP-e1e52574fbb04f58,
Fixed_Rowwise,1,3,R01_F03,369,Training,COMP-6f2ca218fbd1923b,
Fixed_Rowwise,1,3,R01_F03,371,Training,COMP-6f2ca218fbd1923b,
Fixed_Rowwise,1,3,R01_F03,372,Training,COMP-6f2ca218fbd1923b,
Fixed_Rowwise,1,3,R01_F03,375,Training,COMP-6f2ca218fbd1923b,
Fixed_Rowwise,1,3,R01_F03,376,Training,COMP-6f2ca218fbd1923b,
Fixed_Rowwise,1,3,R01_F03,381,Training,COMP-6f2ca218fbd1923b,
Fixed_Rowwise,1,3,R01_F03,382,Training,COMP-6f2ca218fbd1923b,
Fixed_Rowwise,1,3,R01_F03,386,Training,COMP-6f2ca218fbd1923b,
Fixed_Rowwise,1,3,R01_F03,387,Training,COMP-6f2ca218fbd1923b,
Fixed_Rowwise,1,3,R01_F03,388,Training,COMP-6f2ca218fbd1923b,
Fixed_Rowwise,1,3,R01_F03,389,Training,COMP-6f2ca218fbd1923b,
Fixed_Rowwise,1,3,R01_F03,391,Training,COMP-6f2ca218fbd1923b,
Fixed_Rowwise,1,3,R01_F03,393,Training,COMP-6f2ca218fbd1923b,
Fixed_Rowwise,1,3,R01_F03,399,Training,COMP-6f2ca218fbd1923b,
Fixed_Rowwise,1,3,R01_F03,402,Training,COMP-6f2ca218fbd1923b,
Fixed_Rowwise,1,3,R01_F03,404,Training,COMP-6f2ca218fbd1923b,
Fixed_Rowwise,1,3,R01_F03,408,Training,COMP-7fb1fecc93ced403,
Fixed_Rowwise,1,3,R01_F03,413,Training,COMP-a85acb2f2da0216b,
Fixed_Rowwise,1,3,R01_F03,414,Training,COMP-a85acb2f2da0216b,
Fixed_Rowwise,1,3,R01_F03,415,Training,COMP-a85acb2f2da0216b,
Fixed_Rowwise,1,3,R01_F03,418,Training,COMP-a85acb2f2da0216b,
Fixed_Rowwise,1,3,R01_F03,421,Training,COMP-edeedccfd8f07e13,
Fixed_Rowwise,1,3,R01_F03,422,Training,COMP-edeedccfd8f07e13,
Fixed_Rowwise,1,3,R01_F03,424,Training,COMP-f9d9cbed014e8b80,
Fixed_Rowwise,1,3,R01_F03,425,Training,COMP-f9d9cbed014e8b80,
Fixed_Rowwise,1,3,R01_F03,429,Training,COMP-f9d9cbed014e8b80,
Fixed_Rowwise,1,3,R01_F03,431,Training,COMP-f9d9cbed014e8b80,
Fixed_Rowwise,1,3,R01_F03,434,Training,COMP-f9d9cbed014e8b80,
Fixed_Rowwise,1,3,R01_F03,438,Training,COMP-f9d9cbed014e8b80,
Fixed_Rowwise,1,3,R01_F03,440,Training,COMP-f9d9cbed014e8b80,
Fixed_Rowwise,1,3,R01_F03,445,Training,COMP-f9d9cbed014e8b80,
Fixed_Rowwise,1,3,R01_F03,448,Training,COMP-f9d9cbed014e8b80,
Fixed_Rowwise,1,3,R01_F03,450,Training,COMP-f9d9cbed014e8b80,
Fixed_Rowwise,1,3,R01_F03,451,Training,COMP-f9d9cbed014e8b80,
Fixed_Rowwise,1,3,R01_F03,1,Validation,COMP-27021c945dc6ef2d,
Fixed_Rowwise,1,3,R01_F03,6,Validation,COMP-27021c945dc6ef2d,
Fixed_Rowwise,1,3,R01_F03,7,Validation,COMP-725d39a40881dc4b,
Fixed_Rowwise,1,3,R01_F03,17,Validation,COMP-773f99d6dc417f9e,
Fixed_Rowwise,1,3,R01_F03,20,Validation,COMP-0b765af90e5ebd4c,
Fixed_Rowwise,1,3,R01_F03,43,Validation,COMP-9b0e3106e10f71db,
Fixed_Rowwise,1,3,R01_F03,44,Validation,COMP-0d7ce00a50a6a24f,
Fixed_Rowwise,1,3,R01_F03,45,Validation,COMP-59ce4655e65cf94a,
Fixed_Rowwise,1,3,R01_F03,47,Validation,COMP-e295ac85ac1ada41,
Fixed_Rowwise,1,3,R01_F03,49,Validation,COMP-92ece298f11712f0,
Fixed_Rowwise,1,3,R01_F03,51,Validation,COMP-dbc0864492ec7b98,
Fixed_Rowwise,1,3,R01_F03,54,Validation,COMP-ea1f0dc96a173899,
Fixed_Rowwise,1,3,R01_F03,60,Validation,COMP-3f22c6642a7a1344,
Fixed_Rowwise,1,3,R01_F03,65,Validation,COMP-7c0b488137fafb3b,
Fixed_Rowwise,1,3,R01_F03,86,Validation,COMP-ea2a626c3522e4a5,
Fixed_Rowwise,1,3,R01_F03,95,Validation,COMP-ea2a626c3522e4a5,
Fixed_Rowwise,1,3,R01_F03,100,Validation,COMP-ea2a626c3522e4a5,
Fixed_Rowwise,1,3,R01_F03,105,Validation,COMP-435a8f4ba56d8b5d,
Fixed_Rowwise,1,3,R01_F03,138,Validation,COMP-89919c53d3149a2d,
Fixed_Rowwise,1,3,R01_F03,149,Validation,COMP-266a388f7afdbe91,
Fixed_Rowwise,1,3,R01_F03,154,Validation,COMP-150ce51691dfb5f9,
Fixed_Rowwise,1,3,R01_F03,157,Validation,COMP-ddfcf6030a718a0c,
Fixed_Rowwise,1,3,R01_F03,176,Validation,COMP-5479c448b954c055,
Fixed_Rowwise,1,3,R01_F03,181,Validation,COMP-69c6ecd7284d3b47,
Fixed_Rowwise,1,3,R01_F03,187,Validation,COMP-a7670bf71188b1d6,
Fixed_Rowwise,1,3,R01_F03,207,Validation,COMP-948abb1ebd270642,
Fixed_Rowwise,1,3,R01_F03,215,Validation,COMP-6b4f0394292930ba,
Fixed_Rowwise,1,3,R01_F03,225,Validation,COMP-289a02a6b94655b9,
Fixed_Rowwise,1,3,R01_F03,236,Validation,COMP-44fea4804e888e0a,
Fixed_Rowwise,1,3,R01_F03,243,Validation,COMP-b0cc51380afea02b,
Fixed_Rowwise,1,3,R01_F03,247,Validation,COMP-e295ac85ac1ada41,
Fixed_Rowwise,1,3,R01_F03,255,Validation,COMP-95a56990f4bea8a9,
Fixed_Rowwise,1,3,R01_F03,258,Validation,COMP-95a56990f4bea8a9,
Fixed_Rowwise,1,3,R01_F03,268,Validation,COMP-95a56990f4bea8a9,
Fixed_Rowwise,1,3,R01_F03,273,Validation,COMP-95a56990f4bea8a9,
Fixed_Rowwise,1,3,R01_F03,282,Validation,COMP-95a56990f4bea8a9,
Fixed_Rowwise,1,3,R01_F03,283,Validation,COMP-95a56990f4bea8a9,
Fixed_Rowwise,1,3,R01_F03,285,Validation,COMP-95a56990f4bea8a9,
Fixed_Rowwise,1,3,R01_F03,286,Validation,COMP-478c9f483894c42c,
Fixed_Rowwise,1,3,R01_F03,315,Validation,COMP-478c9f483894c42c,
Fixed_Rowwise,1,3,R01_F03,328,Validation,COMP-dbc0864492ec7b98,
Fixed_Rowwise,1,3,R01_F03,347,Validation,COMP-e1e52574fbb04f58,
Fixed_Rowwise,1,3,R01_F03,350,Validation,COMP-30cef922979fb9fd,
Fixed_Rowwise,1,3,R01_F03,378,Validation,COMP-6f2ca218fbd1923b,
Fixed_Rowwise,1,3,R01_F03,380,Validation,COMP-6f2ca218fbd1923b,
Fixed_Rowwise,1,3,R01_F03,384,Validation,COMP-6f2ca218fbd1923b,
Fixed_Rowwise,1,3,R01_F03,395,Validation,COMP-6f2ca218fbd1923b,
Fixed_Rowwise,1,3,R01_F03,405,Validation,COMP-6f2ca218fbd1923b,
Fixed_Rowwise,1,3,R01_F03,406,Validation,COMP-7fb1fecc93ced403,
Fixed_Rowwise,1,3,R01_F03,427,Validation,COMP-f9d9cbed014e8b80,
Fixed_Rowwise,1,3,R01_F03,432,Validation,COMP-f9d9cbed014e8b80,
Fixed_Rowwise,1,3,R01_F03,441,Validation,COMP-f9d9cbed014e8b80,
Fixed_Rowwise,1,3,R01_F03,444,Validation,COMP-f9d9cbed014e8b80,
Fixed_Rowwise,1,3,R01_F03,449,Validation,COMP-f9d9cbed014e8b80,
Fixed_Rowwise,1,4,R01_F04,1,Training,COMP-27021c945dc6ef2d,
Fixed_Rowwise,1,4,R01_F04,4,Training,COMP-862c9c676a6f1012,
Fixed_Rowwise,1,4,R01_F04,6,Training,COMP-27021c945dc6ef2d,
Fixed_Rowwise,1,4,R01_F04,7,Training,COMP-725d39a40881dc4b,
Fixed_Rowwise,1,4,R01_F04,8,Training,COMP-725d39a40881dc4b,
Fixed_Rowwise,1,4,R01_F04,12,Training,COMP-725d39a40881dc4b,
Fixed_Rowwise,1,4,R01_F04,13,Training,COMP-27021c945dc6ef2d,
Fixed_Rowwise,1,4,R01_F04,14,Training,COMP-609dfbaf681359b8,
Fixed_Rowwise,1,4,R01_F04,17,Training,COMP-773f99d6dc417f9e,
Fixed_Rowwise,1,4,R01_F04,20,Training,COMP-0b765af90e5ebd4c,
Fixed_Rowwise,1,4,R01_F04,21,Training,COMP-0b765af90e5ebd4c,
Fixed_Rowwise,1,4,R01_F04,23,Training,COMP-81f8a3600f73b006,
Fixed_Rowwise,1,4,R01_F04,24,Training,COMP-0b765af90e5ebd4c,
Fixed_Rowwise,1,4,R01_F04,26,Training,COMP-7decbe1f0284bd78,
Fixed_Rowwise,1,4,R01_F04,27,Training,COMP-73d52e7a36d559a9,
Fixed_Rowwise,1,4,R01_F04,28,Training,COMP-3632fb12e94bc35a,
Fixed_Rowwise,1,4,R01_F04,29,Training,COMP-773f99d6dc417f9e,
Fixed_Rowwise,1,4,R01_F04,32,Training,COMP-81f8a3600f73b006,
Fixed_Rowwise,1,4,R01_F04,35,Training,COMP-a87a2533a652007c,
Fixed_Rowwise,1,4,R01_F04,36,Training,COMP-87a7ec252c82f56c,
Fixed_Rowwise,1,4,R01_F04,40,Training,COMP-1af7d3f3b3b924e5,
Fixed_Rowwise,1,4,R01_F04,41,Training,COMP-1af7d3f3b3b924e5,
Fixed_Rowwise,1,4,R01_F04,43,Training,COMP-9b0e3106e10f71db,
Fixed_Rowwise,1,4,R01_F04,44,Training,COMP-0d7ce00a50a6a24f,
Fixed_Rowwise,1,4,R01_F04,45,Training,COMP-59ce4655e65cf94a,
Fixed_Rowwise,1,4,R01_F04,47,Training,COMP-e295ac85ac1ada41,
Fixed_Rowwise,1,4,R01_F04,48,Training,COMP-b611e8d56579c910,
Fixed_Rowwise,1,4,R01_F04,49,Training,COMP-92ece298f11712f0,
Fixed_Rowwise,1,4,R01_F04,51,Training,COMP-dbc0864492ec7b98,
Fixed_Rowwise,1,4,R01_F04,52,Training,COMP-06f5d2a767a65349,
Fixed_Rowwise,1,4,R01_F04,54,Training,COMP-ea1f0dc96a173899,
Fixed_Rowwise,1,4,R01_F04,60,Training,COMP-3f22c6642a7a1344,
Fixed_Rowwise,1,4,R01_F04,61,Training,COMP-3f22c6642a7a1344,
Fixed_Rowwise,1,4,R01_F04,62,Training,COMP-21d126c9d34df073,
Fixed_Rowwise,1,4,R01_F04,65,Training,COMP-7c0b488137fafb3b,
Fixed_Rowwise,1,4,R01_F04,66,Training,COMP-b8df58296dba2095,
Fixed_Rowwise,1,4,R01_F04,69,Training,COMP-8cee7ef8867afd2d,
Fixed_Rowwise,1,4,R01_F04,74,Training,COMP-f9a00d6d8411a0d1,
Fixed_Rowwise,1,4,R01_F04,83,Training,COMP-e913f917a7e36868,
Fixed_Rowwise,1,4,R01_F04,85,Training,COMP-e913f917a7e36868,
Fixed_Rowwise,1,4,R01_F04,86,Training,COMP-ea2a626c3522e4a5,
Fixed_Rowwise,1,4,R01_F04,87,Training,COMP-a14831ff30c0b14d,
Fixed_Rowwise,1,4,R01_F04,92,Training,COMP-ea2a626c3522e4a5,
Fixed_Rowwise,1,4,R01_F04,94,Training,COMP-ea2a626c3522e4a5,
Fixed_Rowwise,1,4,R01_F04,95,Training,COMP-ea2a626c3522e4a5,
Fixed_Rowwise,1,4,R01_F04,96,Training,COMP-ea2a626c3522e4a5,
Fixed_Rowwise,1,4,R01_F04,97,Training,COMP-a14831ff30c0b14d,
Fixed_Rowwise,1,4,R01_F04,98,Training,COMP-e913f917a7e36868,
Fixed_Rowwise,1,4,R01_F04,99,Training,COMP-ea2a626c3522e4a5,
Fixed_Rowwise,1,4,R01_F04,100,Training,COMP-ea2a626c3522e4a5,
Fixed_Rowwise,1,4,R01_F04,103,Training,COMP-435a8f4ba56d8b5d,
Fixed_Rowwise,1,4,R01_F04,105,Training,COMP-435a8f4ba56d8b5d,
Fixed_Rowwise,1,4,R01_F04,106,Training,COMP-435a8f4ba56d8b5d,
Fixed_Rowwise,1,4,R01_F04,107,Training,COMP-384273ac244080b1,
Fixed_Rowwise,1,4,R01_F04,110,Training,COMP-c1d72bb5d7d164b0,
Fixed_Rowwise,1,4,R01_F04,111,Training,COMP-c1d72bb5d7d164b0,
Fixed_Rowwise,1,4,R01_F04,114,Training,COMP-6360354242bed7fe,
Fixed_Rowwise,1,4,R01_F04,115,Training,COMP-15c7378d46cadefa,
Fixed_Rowwise,1,4,R01_F04,118,Training,COMP-8bbe9ce01fb6a2d3,
Fixed_Rowwise,1,4,R01_F04,120,Training,COMP-8bbe9ce01fb6a2d3,
Fixed_Rowwise,1,4,R01_F04,121,Training,COMP-b2e9edd7bc55d085,
Fixed_Rowwise,1,4,R01_F04,122,Training,COMP-b2e9edd7bc55d085,
Fixed_Rowwise,1,4,R01_F04,123,Training,COMP-0ee2ef468faff8db,
Fixed_Rowwise,1,4,R01_F04,125,Training,COMP-0ee2ef468faff8db,
Fixed_Rowwise,1,4,R01_F04,126,Training,COMP-5502f8bc72167a0b,
Fixed_Rowwise,1,4,R01_F04,133,Training,COMP-89919c53d3149a2d,
Fixed_Rowwise,1,4,R01_F04,135,Training,COMP-89919c53d3149a2d,
Fixed_Rowwise,1,4,R01_F04,138,Training,COMP-89919c53d3149a2d,
Fixed_Rowwise,1,4,R01_F04,139,Training,COMP-89919c53d3149a2d,
Fixed_Rowwise,1,4,R01_F04,141,Training,COMP-89919c53d3149a2d,
Fixed_Rowwise,1,4,R01_F04,142,Training,COMP-89919c53d3149a2d,
Fixed_Rowwise,1,4,R01_F04,143,Training,COMP-89919c53d3149a2d,
Fixed_Rowwise,1,4,R01_F04,144,Training,COMP-89919c53d3149a2d,
Fixed_Rowwise,1,4,R01_F04,146,Training,COMP-266a388f7afdbe91,
Fixed_Rowwise,1,4,R01_F04,147,Training,COMP-055230aabe7d502c,
Fixed_Rowwise,1,4,R01_F04,149,Training,COMP-266a388f7afdbe91,
Fixed_Rowwise,1,4,R01_F04,150,Training,COMP-055230aabe7d502c,
Fixed_Rowwise,1,4,R01_F04,152,Training,COMP-055230aabe7d502c,
Fixed_Rowwise,1,4,R01_F04,154,Training,COMP-150ce51691dfb5f9,
Fixed_Rowwise,1,4,R01_F04,156,Training,COMP-941f92def7f50542,
Fixed_Rowwise,1,4,R01_F04,157,Training,COMP-ddfcf6030a718a0c,
Fixed_Rowwise,1,4,R01_F04,159,Training,COMP-0346738121cb655e,
Fixed_Rowwise,1,4,R01_F04,160,Training,COMP-0346738121cb655e,
Fixed_Rowwise,1,4,R01_F04,162,Training,COMP-ddfcf6030a718a0c,
Fixed_Rowwise,1,4,R01_F04,164,Training,COMP-941f92def7f50542,
Fixed_Rowwise,1,4,R01_F04,167,Training,COMP-eacd4f126ab29a30,
Fixed_Rowwise,1,4,R01_F04,168,Training,COMP-92ed17371ff559b6,
Fixed_Rowwise,1,4,R01_F04,169,Training,COMP-92ed17371ff559b6,
Fixed_Rowwise,1,4,R01_F04,173,Training,COMP-0d41a2cf75110ad6,
Fixed_Rowwise,1,4,R01_F04,174,Training,COMP-a35a20d65351aafe,
Fixed_Rowwise,1,4,R01_F04,175,Training,COMP-b72f6533b137a4f6,
Fixed_Rowwise,1,4,R01_F04,176,Training,COMP-5479c448b954c055,
Fixed_Rowwise,1,4,R01_F04,177,Training,COMP-5479c448b954c055,
Fixed_Rowwise,1,4,R01_F04,178,Training,COMP-b9abc443805301b1,
Fixed_Rowwise,1,4,R01_F04,181,Training,COMP-69c6ecd7284d3b47,
Fixed_Rowwise,1,4,R01_F04,182,Training,COMP-630f3050f45faf36,
Fixed_Rowwise,1,4,R01_F04,183,Training,COMP-630f3050f45faf36,
Fixed_Rowwise,1,4,R01_F04,184,Training,COMP-0966c0019ec07f39,
Fixed_Rowwise,1,4,R01_F04,186,Training,COMP-0966c0019ec07f39,
Fixed_Rowwise,1,4,R01_F04,187,Training,COMP-a7670bf71188b1d6,
Fixed_Rowwise,1,4,R01_F04,193,Training,COMP-889d7d6c6dbf5b76,
Fixed_Rowwise,1,4,R01_F04,194,Training,COMP-445f55453794f59c,
Fixed_Rowwise,1,4,R01_F04,197,Training,COMP-880bd22028629a8e,
Fixed_Rowwise,1,4,R01_F04,199,Training,COMP-6525c735bb50fb1c,
Fixed_Rowwise,1,4,R01_F04,201,Training,COMP-05480af3b167ab05,
Fixed_Rowwise,1,4,R01_F04,202,Training,COMP-598bc18a3ba07a9e,
Fixed_Rowwise,1,4,R01_F04,205,Training,COMP-d8a14990923ce9f7,
Fixed_Rowwise,1,4,R01_F04,207,Training,COMP-948abb1ebd270642,
Fixed_Rowwise,1,4,R01_F04,211,Training,COMP-b775405901636085,
Fixed_Rowwise,1,4,R01_F04,215,Training,COMP-6b4f0394292930ba,
Fixed_Rowwise,1,4,R01_F04,216,Training,COMP-4a76c05754ee1efa,
Fixed_Rowwise,1,4,R01_F04,221,Training,COMP-20d1e620c817cb5a,
Fixed_Rowwise,1,4,R01_F04,224,Training,COMP-93900d7c81c38cdd,
Fixed_Rowwise,1,4,R01_F04,225,Training,COMP-289a02a6b94655b9,
Fixed_Rowwise,1,4,R01_F04,226,Training,COMP-93900d7c81c38cdd,
Fixed_Rowwise,1,4,R01_F04,228,Training,COMP-46e30c1bd5e987da,
Fixed_Rowwise,1,4,R01_F04,229,Training,COMP-2753cd2e053c8c98,
Fixed_Rowwise,1,4,R01_F04,231,Training,COMP-0e256dc7494452a7,
Fixed_Rowwise,1,4,R01_F04,232,Training,COMP-0e256dc7494452a7,
Fixed_Rowwise,1,4,R01_F04,233,Training,COMP-e60cc4ecffe6b7df,
Fixed_Rowwise,1,4,R01_F04,235,Training,COMP-091a20b5a1dfb76f,
Fixed_Rowwise,1,4,R01_F04,236,Training,COMP-44fea4804e888e0a,
Fixed_Rowwise,1,4,R01_F04,237,Training,COMP-4ef2bcae5243588c,
Fixed_Rowwise,1,4,R01_F04,238,Training,COMP-fc5c3e46d2655b62,
Fixed_Rowwise,1,4,R01_F04,240,Training,COMP-0b765af90e5ebd4c,
Fixed_Rowwise,1,4,R01_F04,241,Training,COMP-631a18a4a6b20c0c,
Fixed_Rowwise,1,4,R01_F04,243,Training,COMP-b0cc51380afea02b,
Fixed_Rowwise,1,4,R01_F04,246,Training,COMP-1fc9679353325516,
Fixed_Rowwise,1,4,R01_F04,247,Training,COMP-e295ac85ac1ada41,
Fixed_Rowwise,1,4,R01_F04,249,Training,COMP-e295ac85ac1ada41,
Fixed_Rowwise,1,4,R01_F04,255,Training,COMP-95a56990f4bea8a9,
Fixed_Rowwise,1,4,R01_F04,256,Training,COMP-95a56990f4bea8a9,
Fixed_Rowwise,1,4,R01_F04,257,Training,COMP-95a56990f4bea8a9,
Fixed_Rowwise,1,4,R01_F04,258,Training,COMP-95a56990f4bea8a9,
Fixed_Rowwise,1,4,R01_F04,260,Training,COMP-95a56990f4bea8a9,
Fixed_Rowwise,1,4,R01_F04,263,Training,COMP-95a56990f4bea8a9,
Fixed_Rowwise,1,4,R01_F04,268,Training,COMP-95a56990f4bea8a9,
Fixed_Rowwise,1,4,R01_F04,271,Training,COMP-95a56990f4bea8a9,
Fixed_Rowwise,1,4,R01_F04,272,Training,COMP-95a56990f4bea8a9,
Fixed_Rowwise,1,4,R01_F04,273,Training,COMP-95a56990f4bea8a9,
Fixed_Rowwise,1,4,R01_F04,282,Training,COMP-95a56990f4bea8a9,
Fixed_Rowwise,1,4,R01_F04,283,Training,COMP-95a56990f4bea8a9,
Fixed_Rowwise,1,4,R01_F04,285,Training,COMP-95a56990f4bea8a9,
Fixed_Rowwise,1,4,R01_F04,286,Training,COMP-478c9f483894c42c,
Fixed_Rowwise,1,4,R01_F04,288,Training,COMP-478c9f483894c42c,
Fixed_Rowwise,1,4,R01_F04,292,Training,COMP-478c9f483894c42c,
Fixed_Rowwise,1,4,R01_F04,295,Training,COMP-478c9f483894c42c,
Fixed_Rowwise,1,4,R01_F04,296,Training,COMP-478c9f483894c42c,
Fixed_Rowwise,1,4,R01_F04,300,Training,COMP-478c9f483894c42c,
Fixed_Rowwise,1,4,R01_F04,303,Training,COMP-478c9f483894c42c,
Fixed_Rowwise,1,4,R01_F04,307,Training,COMP-478c9f483894c42c,
Fixed_Rowwise,1,4,R01_F04,309,Training,COMP-478c9f483894c42c,
Fixed_Rowwise,1,4,R01_F04,310,Training,COMP-478c9f483894c42c,
Fixed_Rowwise,1,4,R01_F04,313,Training,COMP-478c9f483894c42c,
Fixed_Rowwise,1,4,R01_F04,315,Training,COMP-478c9f483894c42c,
Fixed_Rowwise,1,4,R01_F04,316,Training,COMP-478c9f483894c42c,
Fixed_Rowwise,1,4,R01_F04,320,Training,COMP-dbc0864492ec7b98,
Fixed_Rowwise,1,4,R01_F04,321,Training,COMP-dbc0864492ec7b98,
Fixed_Rowwise,1,4,R01_F04,322,Training,COMP-dbc0864492ec7b98,
Fixed_Rowwise,1,4,R01_F04,323,Training,COMP-dbc0864492ec7b98,
Fixed_Rowwise,1,4,R01_F04,325,Training,COMP-dbc0864492ec7b98,
Fixed_Rowwise,1,4,R01_F04,326,Training,COMP-dbc0864492ec7b98,
Fixed_Rowwise,1,4,R01_F04,327,Training,COMP-dbc0864492ec7b98,
Fixed_Rowwise,1,4,R01_F04,328,Training,COMP-dbc0864492ec7b98,
Fixed_Rowwise,1,4,R01_F04,331,Training,COMP-dbc0864492ec7b98,
Fixed_Rowwise,1,4,R01_F04,339,Training,COMP-06072d2dd3b021af,
Fixed_Rowwise,1,4,R01_F04,341,Training,COMP-221944a235b3f36b,
Fixed_Rowwise,1,4,R01_F04,342,Training,COMP-221944a235b3f36b,
Fixed_Rowwise,1,4,R01_F04,344,Training,COMP-e1e52574fbb04f58,
Fixed_Rowwise,1,4,R01_F04,347,Training,COMP-e1e52574fbb04f58,
Fixed_Rowwise,1,4,R01_F04,349,Training,COMP-30cef922979fb9fd,
Fixed_Rowwise,1,4,R01_F04,350,Training,COMP-30cef922979fb9fd,
Fixed_Rowwise,1,4,R01_F04,351,Training,COMP-30cef922979fb9fd,
Fixed_Rowwise,1,4,R01_F04,354,Training,COMP-59f47d6774b9fdfb,
Fixed_Rowwise,1,4,R01_F04,356,Training,COMP-59f47d6774b9fdfb,
Fixed_Rowwise,1,4,R01_F04,360,Training,COMP-0765adc8c505dd3b,
Fixed_Rowwise,1,4,R01_F04,365,Training,COMP-e1e52574fbb04f58,
Fixed_Rowwise,1,4,R01_F04,369,Training,COMP-6f2ca218fbd1923b,
Fixed_Rowwise,1,4,R01_F04,371,Training,COMP-6f2ca218fbd1923b,
Fixed_Rowwise,1,4,R01_F04,372,Training,COMP-6f2ca218fbd1923b,
Fixed_Rowwise,1,4,R01_F04,375,Training,COMP-6f2ca218fbd1923b,
Fixed_Rowwise,1,4,R01_F04,376,Training,COMP-6f2ca218fbd1923b,
Fixed_Rowwise,1,4,R01_F04,378,Training,COMP-6f2ca218fbd1923b,
Fixed_Rowwise,1,4,R01_F04,380,Training,COMP-6f2ca218fbd1923b,
Fixed_Rowwise,1,4,R01_F04,381,Training,COMP-6f2ca218fbd1923b,
Fixed_Rowwise,1,4,R01_F04,382,Training,COMP-6f2ca218fbd1923b,
Fixed_Rowwise,1,4,R01_F04,384,Training,COMP-6f2ca218fbd1923b,
Fixed_Rowwise,1,4,R01_F04,386,Training,COMP-6f2ca218fbd1923b,
Fixed_Rowwise,1,4,R01_F04,389,Training,COMP-6f2ca218fbd1923b,
Fixed_Rowwise,1,4,R01_F04,391,Training,COMP-6f2ca218fbd1923b,
Fixed_Rowwise,1,4,R01_F04,395,Training,COMP-6f2ca218fbd1923b,
Fixed_Rowwise,1,4,R01_F04,404,Training,COMP-6f2ca218fbd1923b,
Fixed_Rowwise,1,4,R01_F04,405,Training,COMP-6f2ca218fbd1923b,
Fixed_Rowwise,1,4,R01_F04,406,Training,COMP-7fb1fecc93ced403,
Fixed_Rowwise,1,4,R01_F04,408,Training,COMP-7fb1fecc93ced403,
Fixed_Rowwise,1,4,R01_F04,413,Training,COMP-a85acb2f2da0216b,
Fixed_Rowwise,1,4,R01_F04,414,Training,COMP-a85acb2f2da0216b,
Fixed_Rowwise,1,4,R01_F04,415,Training,COMP-a85acb2f2da0216b,
Fixed_Rowwise,1,4,R01_F04,418,Training,COMP-a85acb2f2da0216b,
Fixed_Rowwise,1,4,R01_F04,421,Training,COMP-edeedccfd8f07e13,
Fixed_Rowwise,1,4,R01_F04,422,Training,COMP-edeedccfd8f07e13,
Fixed_Rowwise,1,4,R01_F04,424,Training,COMP-f9d9cbed014e8b80,
Fixed_Rowwise,1,4,R01_F04,425,Training,COMP-f9d9cbed014e8b80,
Fixed_Rowwise,1,4,R01_F04,427,Training,COMP-f9d9cbed014e8b80,
Fixed_Rowwise,1,4,R01_F04,429,Training,COMP-f9d9cbed014e8b80,
Fixed_Rowwise,1,4,R01_F04,431,Training,COMP-f9d9cbed014e8b80,
Fixed_Rowwise,1,4,R01_F04,432,Training,COMP-f9d9cbed014e8b80,
Fixed_Rowwise,1,4,R01_F04,434,Training,COMP-f9d9cbed014e8b80,
Fixed_Rowwise,1,4,R01_F04,440,Training,COMP-f9d9cbed014e8b80,
Fixed_Rowwise,1,4,R01_F04,441,Training,COMP-f9d9cbed014e8b80,
Fixed_Rowwise,1,4,R01_F04,444,Training,COMP-f9d9cbed014e8b80,
Fixed_Rowwise,1,4,R01_F04,445,Training,COMP-f9d9cbed014e8b80,
Fixed_Rowwise,1,4,R01_F04,448,Training,COMP-f9d9cbed014e8b80,
Fixed_Rowwise,1,4,R01_F04,449,Training,COMP-f9d9cbed014e8b80,
Fixed_Rowwise,1,4,R01_F04,450,Training,COMP-f9d9cbed014e8b80,
Fixed_Rowwise,1,4,R01_F04,451,Training,COMP-f9d9cbed014e8b80,
Fixed_Rowwise,1,4,R01_F04,3,Validation,COMP-725d39a40881dc4b,
Fixed_Rowwise,1,4,R01_F04,5,Validation,COMP-8e1fe5f59d3c7565,
Fixed_Rowwise,1,4,R01_F04,10,Validation,COMP-725d39a40881dc4b,
Fixed_Rowwise,1,4,R01_F04,37,Validation,COMP-f6d84b53636ddfbe,
Fixed_Rowwise,1,4,R01_F04,53,Validation,COMP-06f5d2a767a65349,
Fixed_Rowwise,1,4,R01_F04,63,Validation,COMP-21d126c9d34df073,
Fixed_Rowwise,1,4,R01_F04,64,Validation,COMP-3157f0dc71f862ff,
Fixed_Rowwise,1,4,R01_F04,67,Validation,COMP-49d8e1edbf1c2fbd,
Fixed_Rowwise,1,4,R01_F04,68,Validation,COMP-21d126c9d34df073,
Fixed_Rowwise,1,4,R01_F04,80,Validation,COMP-a14831ff30c0b14d,
Fixed_Rowwise,1,4,R01_F04,84,Validation,COMP-a14831ff30c0b14d,
Fixed_Rowwise,1,4,R01_F04,88,Validation,COMP-ea2a626c3522e4a5,
Fixed_Rowwise,1,4,R01_F04,102,Validation,COMP-435a8f4ba56d8b5d,
Fixed_Rowwise,1,4,R01_F04,104,Validation,COMP-435a8f4ba56d8b5d,
Fixed_Rowwise,1,4,R01_F04,112,Validation,COMP-c1d72bb5d7d164b0,
Fixed_Rowwise,1,4,R01_F04,127,Validation,COMP-5502f8bc72167a0b,
Fixed_Rowwise,1,4,R01_F04,130,Validation,COMP-89919c53d3149a2d,
Fixed_Rowwise,1,4,R01_F04,134,Validation,COMP-89919c53d3149a2d,
Fixed_Rowwise,1,4,R01_F04,145,Validation,COMP-89919c53d3149a2d,
Fixed_Rowwise,1,4,R01_F04,148,Validation,COMP-150ce51691dfb5f9,
Fixed_Rowwise,1,4,R01_F04,161,Validation,COMP-eacd4f126ab29a30,
Fixed_Rowwise,1,4,R01_F04,163,Validation,COMP-b2e9edd7bc55d085,
Fixed_Rowwise,1,4,R01_F04,172,Validation,COMP-92ed17371ff559b6,
Fixed_Rowwise,1,4,R01_F04,188,Validation,COMP-a7670bf71188b1d6,
Fixed_Rowwise,1,4,R01_F04,200,Validation,COMP-b878df279a448475,
Fixed_Rowwise,1,4,R01_F04,210,Validation,COMP-d7494ade7e8dd694,
Fixed_Rowwise,1,4,R01_F04,214,Validation,COMP-35e38ea13dc05b9e,
Fixed_Rowwise,1,4,R01_F04,219,Validation,COMP-eae7689b221fd7f8,
Fixed_Rowwise,1,4,R01_F04,230,Validation,COMP-0107563adaed8d01,
Fixed_Rowwise,1,4,R01_F04,239,Validation,COMP-0b765af90e5ebd4c,
Fixed_Rowwise,1,4,R01_F04,242,Validation,COMP-631a18a4a6b20c0c,
Fixed_Rowwise,1,4,R01_F04,251,Validation,COMP-dd1e9c4c0f247912,
Fixed_Rowwise,1,4,R01_F04,252,Validation,COMP-725d39a40881dc4b,
Fixed_Rowwise,1,4,R01_F04,253,Validation,COMP-725d39a40881dc4b,
Fixed_Rowwise,1,4,R01_F04,259,Validation,COMP-95a56990f4bea8a9,
Fixed_Rowwise,1,4,R01_F04,266,Validation,COMP-95a56990f4bea8a9,
Fixed_Rowwise,1,4,R01_F04,306,Validation,COMP-478c9f483894c42c,
Fixed_Rowwise,1,4,R01_F04,311,Validation,COMP-478c9f483894c42c,
Fixed_Rowwise,1,4,R01_F04,324,Validation,COMP-dbc0864492ec7b98,
Fixed_Rowwise,1,4,R01_F04,333,Validation,COMP-dbc0864492ec7b98,
Fixed_Rowwise,1,4,R01_F04,334,Validation,COMP-dbc0864492ec7b98,
Fixed_Rowwise,1,4,R01_F04,337,Validation,COMP-06072d2dd3b021af,
Fixed_Rowwise,1,4,R01_F04,345,Validation,COMP-e1e52574fbb04f58,
Fixed_Rowwise,1,4,R01_F04,348,Validation,COMP-30cef922979fb9fd,
Fixed_Rowwise,1,4,R01_F04,352,Validation,COMP-30cef922979fb9fd,
Fixed_Rowwise,1,4,R01_F04,358,Validation,COMP-59f47d6774b9fdfb,
Fixed_Rowwise,1,4,R01_F04,363,Validation,COMP-0765adc8c505dd3b,
Fixed_Rowwise,1,4,R01_F04,364,Validation,COMP-0765adc8c505dd3b,
Fixed_Rowwise,1,4,R01_F04,387,Validation,COMP-6f2ca218fbd1923b,
Fixed_Rowwise,1,4,R01_F04,388,Validation,COMP-6f2ca218fbd1923b,
Fixed_Rowwise,1,4,R01_F04,393,Validation,COMP-6f2ca218fbd1923b,
Fixed_Rowwise,1,4,R01_F04,399,Validation,COMP-6f2ca218fbd1923b,
Fixed_Rowwise,1,4,R01_F04,402,Validation,COMP-6f2ca218fbd1923b,
Fixed_Rowwise,1,4,R01_F04,438,Validation,COMP-f9d9cbed014e8b80,
Fixed_Rowwise,1,5,R01_F05,1,Training,COMP-27021c945dc6ef2d,
Fixed_Rowwise,1,5,R01_F05,3,Training,COMP-725d39a40881dc4b,
Fixed_Rowwise,1,5,R01_F05,4,Training,COMP-862c9c676a6f1012,
Fixed_Rowwise,1,5,R01_F05,5,Training,COMP-8e1fe5f59d3c7565,
Fixed_Rowwise,1,5,R01_F05,6,Training,COMP-27021c945dc6ef2d,
Fixed_Rowwise,1,5,R01_F05,7,Training,COMP-725d39a40881dc4b,
Fixed_Rowwise,1,5,R01_F05,8,Training,COMP-725d39a40881dc4b,
Fixed_Rowwise,1,5,R01_F05,10,Training,COMP-725d39a40881dc4b,
Fixed_Rowwise,1,5,R01_F05,13,Training,COMP-27021c945dc6ef2d,
Fixed_Rowwise,1,5,R01_F05,14,Training,COMP-609dfbaf681359b8,
Fixed_Rowwise,1,5,R01_F05,17,Training,COMP-773f99d6dc417f9e,
Fixed_Rowwise,1,5,R01_F05,20,Training,COMP-0b765af90e5ebd4c,
Fixed_Rowwise,1,5,R01_F05,24,Training,COMP-0b765af90e5ebd4c,
Fixed_Rowwise,1,5,R01_F05,26,Training,COMP-7decbe1f0284bd78,
Fixed_Rowwise,1,5,R01_F05,28,Training,COMP-3632fb12e94bc35a,
Fixed_Rowwise,1,5,R01_F05,29,Training,COMP-773f99d6dc417f9e,
Fixed_Rowwise,1,5,R01_F05,36,Training,COMP-87a7ec252c82f56c,
Fixed_Rowwise,1,5,R01_F05,37,Training,COMP-f6d84b53636ddfbe,
Fixed_Rowwise,1,5,R01_F05,40,Training,COMP-1af7d3f3b3b924e5,
Fixed_Rowwise,1,5,R01_F05,41,Training,COMP-1af7d3f3b3b924e5,
Fixed_Rowwise,1,5,R01_F05,43,Training,COMP-9b0e3106e10f71db,
Fixed_Rowwise,1,5,R01_F05,44,Training,COMP-0d7ce00a50a6a24f,
Fixed_Rowwise,1,5,R01_F05,45,Training,COMP-59ce4655e65cf94a,
Fixed_Rowwise,1,5,R01_F05,47,Training,COMP-e295ac85ac1ada41,
Fixed_Rowwise,1,5,R01_F05,48,Training,COMP-b611e8d56579c910,
Fixed_Rowwise,1,5,R01_F05,49,Training,COMP-92ece298f11712f0,
Fixed_Rowwise,1,5,R01_F05,51,Training,COMP-dbc0864492ec7b98,
Fixed_Rowwise,1,5,R01_F05,52,Training,COMP-06f5d2a767a65349,
Fixed_Rowwise,1,5,R01_F05,53,Training,COMP-06f5d2a767a65349,
Fixed_Rowwise,1,5,R01_F05,54,Training,COMP-ea1f0dc96a173899,
Fixed_Rowwise,1,5,R01_F05,60,Training,COMP-3f22c6642a7a1344,
Fixed_Rowwise,1,5,R01_F05,61,Training,COMP-3f22c6642a7a1344,
Fixed_Rowwise,1,5,R01_F05,62,Training,COMP-21d126c9d34df073,
Fixed_Rowwise,1,5,R01_F05,63,Training,COMP-21d126c9d34df073,
Fixed_Rowwise,1,5,R01_F05,64,Training,COMP-3157f0dc71f862ff,
Fixed_Rowwise,1,5,R01_F05,65,Training,COMP-7c0b488137fafb3b,
Fixed_Rowwise,1,5,R01_F05,66,Training,COMP-b8df58296dba2095,
Fixed_Rowwise,1,5,R01_F05,67,Training,COMP-49d8e1edbf1c2fbd,
Fixed_Rowwise,1,5,R01_F05,68,Training,COMP-21d126c9d34df073,
Fixed_Rowwise,1,5,R01_F05,69,Training,COMP-8cee7ef8867afd2d,
Fixed_Rowwise,1,5,R01_F05,74,Training,COMP-f9a00d6d8411a0d1,
Fixed_Rowwise,1,5,R01_F05,80,Training,COMP-a14831ff30c0b14d,
Fixed_Rowwise,1,5,R01_F05,84,Training,COMP-a14831ff30c0b14d,
Fixed_Rowwise,1,5,R01_F05,86,Training,COMP-ea2a626c3522e4a5,
Fixed_Rowwise,1,5,R01_F05,88,Training,COMP-ea2a626c3522e4a5,
Fixed_Rowwise,1,5,R01_F05,94,Training,COMP-ea2a626c3522e4a5,
Fixed_Rowwise,1,5,R01_F05,95,Training,COMP-ea2a626c3522e4a5,
Fixed_Rowwise,1,5,R01_F05,99,Training,COMP-ea2a626c3522e4a5,
Fixed_Rowwise,1,5,R01_F05,100,Training,COMP-ea2a626c3522e4a5,
Fixed_Rowwise,1,5,R01_F05,102,Training,COMP-435a8f4ba56d8b5d,
Fixed_Rowwise,1,5,R01_F05,104,Training,COMP-435a8f4ba56d8b5d,
Fixed_Rowwise,1,5,R01_F05,105,Training,COMP-435a8f4ba56d8b5d,
Fixed_Rowwise,1,5,R01_F05,106,Training,COMP-435a8f4ba56d8b5d,
Fixed_Rowwise,1,5,R01_F05,107,Training,COMP-384273ac244080b1,
Fixed_Rowwise,1,5,R01_F05,110,Training,COMP-c1d72bb5d7d164b0,
Fixed_Rowwise,1,5,R01_F05,111,Training,COMP-c1d72bb5d7d164b0,
Fixed_Rowwise,1,5,R01_F05,112,Training,COMP-c1d72bb5d7d164b0,
Fixed_Rowwise,1,5,R01_F05,118,Training,COMP-8bbe9ce01fb6a2d3,
Fixed_Rowwise,1,5,R01_F05,120,Training,COMP-8bbe9ce01fb6a2d3,
Fixed_Rowwise,1,5,R01_F05,121,Training,COMP-b2e9edd7bc55d085,
Fixed_Rowwise,1,5,R01_F05,122,Training,COMP-b2e9edd7bc55d085,
Fixed_Rowwise,1,5,R01_F05,123,Training,COMP-0ee2ef468faff8db,
Fixed_Rowwise,1,5,R01_F05,125,Training,COMP-0ee2ef468faff8db,
Fixed_Rowwise,1,5,R01_F05,126,Training,COMP-5502f8bc72167a0b,
Fixed_Rowwise,1,5,R01_F05,127,Training,COMP-5502f8bc72167a0b,
Fixed_Rowwise,1,5,R01_F05,130,Training,COMP-89919c53d3149a2d,
Fixed_Rowwise,1,5,R01_F05,133,Training,COMP-89919c53d3149a2d,
Fixed_Rowwise,1,5,R01_F05,134,Training,COMP-89919c53d3149a2d,
Fixed_Rowwise,1,5,R01_F05,135,Training,COMP-89919c53d3149a2d,
Fixed_Rowwise,1,5,R01_F05,138,Training,COMP-89919c53d3149a2d,
Fixed_Rowwise,1,5,R01_F05,139,Training,COMP-89919c53d3149a2d,
Fixed_Rowwise,1,5,R01_F05,144,Training,COMP-89919c53d3149a2d,
Fixed_Rowwise,1,5,R01_F05,145,Training,COMP-89919c53d3149a2d,
Fixed_Rowwise,1,5,R01_F05,146,Training,COMP-266a388f7afdbe91,
Fixed_Rowwise,1,5,R01_F05,147,Training,COMP-055230aabe7d502c,
Fixed_Rowwise,1,5,R01_F05,148,Training,COMP-150ce51691dfb5f9,
Fixed_Rowwise,1,5,R01_F05,149,Training,COMP-266a388f7afdbe91,
Fixed_Rowwise,1,5,R01_F05,150,Training,COMP-055230aabe7d502c,
Fixed_Rowwise,1,5,R01_F05,152,Training,COMP-055230aabe7d502c,
Fixed_Rowwise,1,5,R01_F05,154,Training,COMP-150ce51691dfb5f9,
Fixed_Rowwise,1,5,R01_F05,157,Training,COMP-ddfcf6030a718a0c,
Fixed_Rowwise,1,5,R01_F05,159,Training,COMP-0346738121cb655e,
Fixed_Rowwise,1,5,R01_F05,161,Training,COMP-eacd4f126ab29a30,
Fixed_Rowwise,1,5,R01_F05,162,Training,COMP-ddfcf6030a718a0c,
Fixed_Rowwise,1,5,R01_F05,163,Training,COMP-b2e9edd7bc55d085,
Fixed_Rowwise,1,5,R01_F05,168,Training,COMP-92ed17371ff559b6,
Fixed_Rowwise,1,5,R01_F05,169,Training,COMP-92ed17371ff559b6,
Fixed_Rowwise,1,5,R01_F05,172,Training,COMP-92ed17371ff559b6,
Fixed_Rowwise,1,5,R01_F05,173,Training,COMP-0d41a2cf75110ad6,
Fixed_Rowwise,1,5,R01_F05,174,Training,COMP-a35a20d65351aafe,
Fixed_Rowwise,1,5,R01_F05,175,Training,COMP-b72f6533b137a4f6,
Fixed_Rowwise,1,5,R01_F05,176,Training,COMP-5479c448b954c055,
Fixed_Rowwise,1,5,R01_F05,177,Training,COMP-5479c448b954c055,
Fixed_Rowwise,1,5,R01_F05,178,Training,COMP-b9abc443805301b1,
Fixed_Rowwise,1,5,R01_F05,181,Training,COMP-69c6ecd7284d3b47,
Fixed_Rowwise,1,5,R01_F05,182,Training,COMP-630f3050f45faf36,
Fixed_Rowwise,1,5,R01_F05,183,Training,COMP-630f3050f45faf36,
Fixed_Rowwise,1,5,R01_F05,184,Training,COMP-0966c0019ec07f39,
Fixed_Rowwise,1,5,R01_F05,187,Training,COMP-a7670bf71188b1d6,
Fixed_Rowwise,1,5,R01_F05,188,Training,COMP-a7670bf71188b1d6,
Fixed_Rowwise,1,5,R01_F05,193,Training,COMP-889d7d6c6dbf5b76,
Fixed_Rowwise,1,5,R01_F05,194,Training,COMP-445f55453794f59c,
Fixed_Rowwise,1,5,R01_F05,197,Training,COMP-880bd22028629a8e,
Fixed_Rowwise,1,5,R01_F05,199,Training,COMP-6525c735bb50fb1c,
Fixed_Rowwise,1,5,R01_F05,200,Training,COMP-b878df279a448475,
Fixed_Rowwise,1,5,R01_F05,207,Training,COMP-948abb1ebd270642,
Fixed_Rowwise,1,5,R01_F05,210,Training,COMP-d7494ade7e8dd694,
Fixed_Rowwise,1,5,R01_F05,214,Training,COMP-35e38ea13dc05b9e,
Fixed_Rowwise,1,5,R01_F05,215,Training,COMP-6b4f0394292930ba,
Fixed_Rowwise,1,5,R01_F05,216,Training,COMP-4a76c05754ee1efa,
Fixed_Rowwise,1,5,R01_F05,219,Training,COMP-eae7689b221fd7f8,
Fixed_Rowwise,1,5,R01_F05,221,Training,COMP-20d1e620c817cb5a,
Fixed_Rowwise,1,5,R01_F05,224,Training,COMP-93900d7c81c38cdd,
Fixed_Rowwise,1,5,R01_F05,225,Training,COMP-289a02a6b94655b9,
Fixed_Rowwise,1,5,R01_F05,226,Training,COMP-93900d7c81c38cdd,
Fixed_Rowwise,1,5,R01_F05,228,Training,COMP-46e30c1bd5e987da,
Fixed_Rowwise,1,5,R01_F05,229,Training,COMP-2753cd2e053c8c98,
Fixed_Rowwise,1,5,R01_F05,230,Training,COMP-0107563adaed8d01,
Fixed_Rowwise,1,5,R01_F05,231,Training,COMP-0e256dc7494452a7,
Fixed_Rowwise,1,5,R01_F05,232,Training,COMP-0e256dc7494452a7,
Fixed_Rowwise,1,5,R01_F05,233,Training,COMP-e60cc4ecffe6b7df,
Fixed_Rowwise,1,5,R01_F05,236,Training,COMP-44fea4804e888e0a,
Fixed_Rowwise,1,5,R01_F05,238,Training,COMP-fc5c3e46d2655b62,
Fixed_Rowwise,1,5,R01_F05,239,Training,COMP-0b765af90e5ebd4c,
Fixed_Rowwise,1,5,R01_F05,240,Training,COMP-0b765af90e5ebd4c,
Fixed_Rowwise,1,5,R01_F05,241,Training,COMP-631a18a4a6b20c0c,
Fixed_Rowwise,1,5,R01_F05,242,Training,COMP-631a18a4a6b20c0c,
Fixed_Rowwise,1,5,R01_F05,243,Training,COMP-b0cc51380afea02b,
Fixed_Rowwise,1,5,R01_F05,246,Training,COMP-1fc9679353325516,
Fixed_Rowwise,1,5,R01_F05,247,Training,COMP-e295ac85ac1ada41,
Fixed_Rowwise,1,5,R01_F05,251,Training,COMP-dd1e9c4c0f247912,
Fixed_Rowwise,1,5,R01_F05,252,Training,COMP-725d39a40881dc4b,
Fixed_Rowwise,1,5,R01_F05,253,Training,COMP-725d39a40881dc4b,
Fixed_Rowwise,1,5,R01_F05,255,Training,COMP-95a56990f4bea8a9,
Fixed_Rowwise,1,5,R01_F05,256,Training,COMP-95a56990f4bea8a9,
Fixed_Rowwise,1,5,R01_F05,258,Training,COMP-95a56990f4bea8a9,
Fixed_Rowwise,1,5,R01_F05,259,Training,COMP-95a56990f4bea8a9,
Fixed_Rowwise,1,5,R01_F05,263,Training,COMP-95a56990f4bea8a9,
Fixed_Rowwise,1,5,R01_F05,266,Training,COMP-95a56990f4bea8a9,
Fixed_Rowwise,1,5,R01_F05,268,Training,COMP-95a56990f4bea8a9,
Fixed_Rowwise,1,5,R01_F05,271,Training,COMP-95a56990f4bea8a9,
Fixed_Rowwise,1,5,R01_F05,273,Training,COMP-95a56990f4bea8a9,
Fixed_Rowwise,1,5,R01_F05,282,Training,COMP-95a56990f4bea8a9,
Fixed_Rowwise,1,5,R01_F05,283,Training,COMP-95a56990f4bea8a9,
Fixed_Rowwise,1,5,R01_F05,285,Training,COMP-95a56990f4bea8a9,
Fixed_Rowwise,1,5,R01_F05,286,Training,COMP-478c9f483894c42c,
Fixed_Rowwise,1,5,R01_F05,288,Training,COMP-478c9f483894c42c,
Fixed_Rowwise,1,5,R01_F05,292,Training,COMP-478c9f483894c42c,
Fixed_Rowwise,1,5,R01_F05,295,Training,COMP-478c9f483894c42c,
Fixed_Rowwise,1,5,R01_F05,296,Training,COMP-478c9f483894c42c,
Fixed_Rowwise,1,5,R01_F05,300,Training,COMP-478c9f483894c42c,
Fixed_Rowwise,1,5,R01_F05,303,Training,COMP-478c9f483894c42c,
Fixed_Rowwise,1,5,R01_F05,306,Training,COMP-478c9f483894c42c,
Fixed_Rowwise,1,5,R01_F05,311,Training,COMP-478c9f483894c42c,
Fixed_Rowwise,1,5,R01_F05,315,Training,COMP-478c9f483894c42c,
Fixed_Rowwise,1,5,R01_F05,316,Training,COMP-478c9f483894c42c,
Fixed_Rowwise,1,5,R01_F05,320,Training,COMP-dbc0864492ec7b98,
Fixed_Rowwise,1,5,R01_F05,321,Training,COMP-dbc0864492ec7b98,
Fixed_Rowwise,1,5,R01_F05,322,Training,COMP-dbc0864492ec7b98,
Fixed_Rowwise,1,5,R01_F05,323,Training,COMP-dbc0864492ec7b98,
Fixed_Rowwise,1,5,R01_F05,324,Training,COMP-dbc0864492ec7b98,
Fixed_Rowwise,1,5,R01_F05,325,Training,COMP-dbc0864492ec7b98,
Fixed_Rowwise,1,5,R01_F05,326,Training,COMP-dbc0864492ec7b98,
Fixed_Rowwise,1,5,R01_F05,327,Training,COMP-dbc0864492ec7b98,
Fixed_Rowwise,1,5,R01_F05,328,Training,COMP-dbc0864492ec7b98,
Fixed_Rowwise,1,5,R01_F05,333,Training,COMP-dbc0864492ec7b98,
Fixed_Rowwise,1,5,R01_F05,334,Training,COMP-dbc0864492ec7b98,
Fixed_Rowwise,1,5,R01_F05,337,Training,COMP-06072d2dd3b021af,
Fixed_Rowwise,1,5,R01_F05,341,Training,COMP-221944a235b3f36b,
Fixed_Rowwise,1,5,R01_F05,342,Training,COMP-221944a235b3f36b,
Fixed_Rowwise,1,5,R01_F05,344,Training,COMP-e1e52574fbb04f58,
Fixed_Rowwise,1,5,R01_F05,345,Training,COMP-e1e52574fbb04f58,
Fixed_Rowwise,1,5,R01_F05,347,Training,COMP-e1e52574fbb04f58,
Fixed_Rowwise,1,5,R01_F05,348,Training,COMP-30cef922979fb9fd,
Fixed_Rowwise,1,5,R01_F05,350,Training,COMP-30cef922979fb9fd,
Fixed_Rowwise,1,5,R01_F05,351,Training,COMP-30cef922979fb9fd,
Fixed_Rowwise,1,5,R01_F05,352,Training,COMP-30cef922979fb9fd,
Fixed_Rowwise,1,5,R01_F05,358,Training,COMP-59f47d6774b9fdfb,
Fixed_Rowwise,1,5,R01_F05,360,Training,COMP-0765adc8c505dd3b,
Fixed_Rowwise,1,5,R01_F05,363,Training,COMP-0765adc8c505dd3b,
Fixed_Rowwise,1,5,R01_F05,364,Training,COMP-0765adc8c505dd3b,
Fixed_Rowwise,1,5,R01_F05,365,Training,COMP-e1e52574fbb04f58,
Fixed_Rowwise,1,5,R01_F05,369,Training,COMP-6f2ca218fbd1923b,
Fixed_Rowwise,1,5,R01_F05,371,Training,COMP-6f2ca218fbd1923b,
Fixed_Rowwise,1,5,R01_F05,372,Training,COMP-6f2ca218fbd1923b,
Fixed_Rowwise,1,5,R01_F05,376,Training,COMP-6f2ca218fbd1923b,
Fixed_Rowwise,1,5,R01_F05,378,Training,COMP-6f2ca218fbd1923b,
Fixed_Rowwise,1,5,R01_F05,380,Training,COMP-6f2ca218fbd1923b,
Fixed_Rowwise,1,5,R01_F05,381,Training,COMP-6f2ca218fbd1923b,
Fixed_Rowwise,1,5,R01_F05,382,Training,COMP-6f2ca218fbd1923b,
Fixed_Rowwise,1,5,R01_F05,384,Training,COMP-6f2ca218fbd1923b,
Fixed_Rowwise,1,5,R01_F05,387,Training,COMP-6f2ca218fbd1923b,
Fixed_Rowwise,1,5,R01_F05,388,Training,COMP-6f2ca218fbd1923b,
Fixed_Rowwise,1,5,R01_F05,393,Training,COMP-6f2ca218fbd1923b,
Fixed_Rowwise,1,5,R01_F05,395,Training,COMP-6f2ca218fbd1923b,
Fixed_Rowwise,1,5,R01_F05,399,Training,COMP-6f2ca218fbd1923b,
Fixed_Rowwise,1,5,R01_F05,402,Training,COMP-6f2ca218fbd1923b,
Fixed_Rowwise,1,5,R01_F05,404,Training,COMP-6f2ca218fbd1923b,
Fixed_Rowwise,1,5,R01_F05,405,Training,COMP-6f2ca218fbd1923b,
Fixed_Rowwise,1,5,R01_F05,406,Training,COMP-7fb1fecc93ced403,
Fixed_Rowwise,1,5,R01_F05,408,Training,COMP-7fb1fecc93ced403,
Fixed_Rowwise,1,5,R01_F05,415,Training,COMP-a85acb2f2da0216b,
Fixed_Rowwise,1,5,R01_F05,418,Training,COMP-a85acb2f2da0216b,
Fixed_Rowwise,1,5,R01_F05,421,Training,COMP-edeedccfd8f07e13,
Fixed_Rowwise,1,5,R01_F05,422,Training,COMP-edeedccfd8f07e13,
Fixed_Rowwise,1,5,R01_F05,427,Training,COMP-f9d9cbed014e8b80,
Fixed_Rowwise,1,5,R01_F05,429,Training,COMP-f9d9cbed014e8b80,
Fixed_Rowwise,1,5,R01_F05,432,Training,COMP-f9d9cbed014e8b80,
Fixed_Rowwise,1,5,R01_F05,434,Training,COMP-f9d9cbed014e8b80,
Fixed_Rowwise,1,5,R01_F05,438,Training,COMP-f9d9cbed014e8b80,
Fixed_Rowwise,1,5,R01_F05,440,Training,COMP-f9d9cbed014e8b80,
Fixed_Rowwise,1,5,R01_F05,441,Training,COMP-f9d9cbed014e8b80,
Fixed_Rowwise,1,5,R01_F05,444,Training,COMP-f9d9cbed014e8b80,
Fixed_Rowwise,1,5,R01_F05,448,Training,COMP-f9d9cbed014e8b80,
Fixed_Rowwise,1,5,R01_F05,449,Training,COMP-f9d9cbed014e8b80,
Fixed_Rowwise,1,5,R01_F05,450,Training,COMP-f9d9cbed014e8b80,
Fixed_Rowwise,1,5,R01_F05,12,Validation,COMP-725d39a40881dc4b,
Fixed_Rowwise,1,5,R01_F05,21,Validation,COMP-0b765af90e5ebd4c,
Fixed_Rowwise,1,5,R01_F05,23,Validation,COMP-81f8a3600f73b006,
Fixed_Rowwise,1,5,R01_F05,27,Validation,COMP-73d52e7a36d559a9,
Fixed_Rowwise,1,5,R01_F05,32,Validation,COMP-81f8a3600f73b006,
Fixed_Rowwise,1,5,R01_F05,35,Validation,COMP-a87a2533a652007c,
Fixed_Rowwise,1,5,R01_F05,83,Validation,COMP-e913f917a7e36868,
Fixed_Rowwise,1,5,R01_F05,85,Validation,COMP-e913f917a7e36868,
Fixed_Rowwise,1,5,R01_F05,87,Validation,COMP-a14831ff30c0b14d,
Fixed_Rowwise,1,5,R01_F05,92,Validation,COMP-ea2a626c3522e4a5,
Fixed_Rowwise,1,5,R01_F05,96,Validation,COMP-ea2a626c3522e4a5,
Fixed_Rowwise,1,5,R01_F05,97,Validation,COMP-a14831ff30c0b14d,
Fixed_Rowwise,1,5,R01_F05,98,Validation,COMP-e913f917a7e36868,
Fixed_Rowwise,1,5,R01_F05,103,Validation,COMP-435a8f4ba56d8b5d,
Fixed_Rowwise,1,5,R01_F05,114,Validation,COMP-6360354242bed7fe,
Fixed_Rowwise,1,5,R01_F05,115,Validation,COMP-15c7378d46cadefa,
Fixed_Rowwise,1,5,R01_F05,141,Validation,COMP-89919c53d3149a2d,
Fixed_Rowwise,1,5,R01_F05,142,Validation,COMP-89919c53d3149a2d,
Fixed_Rowwise,1,5,R01_F05,143,Validation,COMP-89919c53d3149a2d,
Fixed_Rowwise,1,5,R01_F05,156,Validation,COMP-941f92def7f50542,
Fixed_Rowwise,1,5,R01_F05,160,Validation,COMP-0346738121cb655e,
Fixed_Rowwise,1,5,R01_F05,164,Validation,COMP-941f92def7f50542,
Fixed_Rowwise,1,5,R01_F05,167,Validation,COMP-eacd4f126ab29a30,
Fixed_Rowwise,1,5,R01_F05,186,Validation,COMP-0966c0019ec07f39,
Fixed_Rowwise,1,5,R01_F05,201,Validation,COMP-05480af3b167ab05,
Fixed_Rowwise,1,5,R01_F05,202,Validation,COMP-598bc18a3ba07a9e,
Fixed_Rowwise,1,5,R01_F05,205,Validation,COMP-d8a14990923ce9f7,
Fixed_Rowwise,1,5,R01_F05,211,Validation,COMP-b775405901636085,
Fixed_Rowwise,1,5,R01_F05,235,Validation,COMP-091a20b5a1dfb76f,
Fixed_Rowwise,1,5,R01_F05,237,Validation,COMP-4ef2bcae5243588c,
Fixed_Rowwise,1,5,R01_F05,249,Validation,COMP-e295ac85ac1ada41,
Fixed_Rowwise,1,5,R01_F05,257,Validation,COMP-95a56990f4bea8a9,
Fixed_Rowwise,1,5,R01_F05,260,Validation,COMP-95a56990f4bea8a9,
Fixed_Rowwise,1,5,R01_F05,272,Validation,COMP-95a56990f4bea8a9,
Fixed_Rowwise,1,5,R01_F05,307,Validation,COMP-478c9f483894c42c,
Fixed_Rowwise,1,5,R01_F05,309,Validation,COMP-478c9f483894c42c,
Fixed_Rowwise,1,5,R01_F05,310,Validation,COMP-478c9f483894c42c,
Fixed_Rowwise,1,5,R01_F05,313,Validation,COMP-478c9f483894c42c,
Fixed_Rowwise,1,5,R01_F05,331,Validation,COMP-dbc0864492ec7b98,
Fixed_Rowwise,1,5,R01_F05,339,Validation,COMP-06072d2dd3b021af,
Fixed_Rowwise,1,5,R01_F05,349,Validation,COMP-30cef922979fb9fd,
Fixed_Rowwise,1,5,R01_F05,354,Validation,COMP-59f47d6774b9fdfb,
Fixed_Rowwise,1,5,R01_F05,356,Validation,COMP-59f47d6774b9fdfb,
Fixed_Rowwise,1,5,R01_F05,375,Validation,COMP-6f2ca218fbd1923b,
Fixed_Rowwise,1,5,R01_F05,386,Validation,COMP-6f2ca218fbd1923b,
Fixed_Rowwise,1,5,R01_F05,389,Validation,COMP-6f2ca218fbd1923b,
Fixed_Rowwise,1,5,R01_F05,391,Validation,COMP-6f2ca218fbd1923b,
Fixed_Rowwise,1,5,R01_F05,413,Validation,COMP-a85acb2f2da0216b,
Fixed_Rowwise,1,5,R01_F05,414,Validation,COMP-a85acb2f2da0216b,
Fixed_Rowwise,1,5,R01_F05,424,Validation,COMP-f9d9cbed014e8b80,
Fixed_Rowwise,1,5,R01_F05,425,Validation,COMP-f9d9cbed014e8b80,
Fixed_Rowwise,1,5,R01_F05,431,Validation,COMP-f9d9cbed014e8b80,
Fixed_Rowwise,1,5,R01_F05,445,Validation,COMP-f9d9cbed014e8b80,
Fixed_Rowwise,1,5,R01_F05,451,Validation,COMP-f9d9cbed014e8b80,
Fixed_Rowwise,2,1,R02_F01,1,Training,COMP-27021c945dc6ef2d,
Fixed_Rowwise,2,1,R02_F01,5,Training,COMP-8e1fe5f59d3c7565,
Fixed_Rowwise,2,1,R02_F01,6,Training,COMP-27021c945dc6ef2d,
Fixed_Rowwise,2,1,R02_F01,7,Training,COMP-725d39a40881dc4b,
Fixed_Rowwise,2,1,R02_F01,10,Training,COMP-725d39a40881dc4b,
Fixed_Rowwise,2,1,R02_F01,12,Training,COMP-725d39a40881dc4b,
Fixed_Rowwise,2,1,R02_F01,13,Training,COMP-27021c945dc6ef2d,
Fixed_Rowwise,2,1,R02_F01,17,Training,COMP-773f99d6dc417f9e,
Fixed_Rowwise,2,1,R02_F01,20,Training,COMP-0b765af90e5ebd4c,
Fixed_Rowwise,2,1,R02_F01,23,Training,COMP-81f8a3600f73b006,
Fixed_Rowwise,2,1,R02_F01,24,Training,COMP-0b765af90e5ebd4c,
Fixed_Rowwise,2,1,R02_F01,26,Training,COMP-7decbe1f0284bd78,
Fixed_Rowwise,2,1,R02_F01,27,Training,COMP-73d52e7a36d559a9,
Fixed_Rowwise,2,1,R02_F01,28,Training,COMP-3632fb12e94bc35a,
Fixed_Rowwise,2,1,R02_F01,29,Training,COMP-773f99d6dc417f9e,
Fixed_Rowwise,2,1,R02_F01,32,Training,COMP-81f8a3600f73b006,
Fixed_Rowwise,2,1,R02_F01,35,Training,COMP-a87a2533a652007c,
Fixed_Rowwise,2,1,R02_F01,36,Training,COMP-87a7ec252c82f56c,
Fixed_Rowwise,2,1,R02_F01,37,Training,COMP-f6d84b53636ddfbe,
Fixed_Rowwise,2,1,R02_F01,40,Training,COMP-1af7d3f3b3b924e5,
Fixed_Rowwise,2,1,R02_F01,41,Training,COMP-1af7d3f3b3b924e5,
Fixed_Rowwise,2,1,R02_F01,43,Training,COMP-9b0e3106e10f71db,
Fixed_Rowwise,2,1,R02_F01,44,Training,COMP-0d7ce00a50a6a24f,
Fixed_Rowwise,2,1,R02_F01,45,Training,COMP-59ce4655e65cf94a,
Fixed_Rowwise,2,1,R02_F01,47,Training,COMP-e295ac85ac1ada41,
Fixed_Rowwise,2,1,R02_F01,49,Training,COMP-92ece298f11712f0,
Fixed_Rowwise,2,1,R02_F01,51,Training,COMP-dbc0864492ec7b98,
Fixed_Rowwise,2,1,R02_F01,52,Training,COMP-06f5d2a767a65349,
Fixed_Rowwise,2,1,R02_F01,53,Training,COMP-06f5d2a767a65349,
Fixed_Rowwise,2,1,R02_F01,54,Training,COMP-ea1f0dc96a173899,
Fixed_Rowwise,2,1,R02_F01,60,Training,COMP-3f22c6642a7a1344,
Fixed_Rowwise,2,1,R02_F01,61,Training,COMP-3f22c6642a7a1344,
Fixed_Rowwise,2,1,R02_F01,62,Training,COMP-21d126c9d34df073,
Fixed_Rowwise,2,1,R02_F01,63,Training,COMP-21d126c9d34df073,
Fixed_Rowwise,2,1,R02_F01,66,Training,COMP-b8df58296dba2095,
Fixed_Rowwise,2,1,R02_F01,68,Training,COMP-21d126c9d34df073,
Fixed_Rowwise,2,1,R02_F01,69,Training,COMP-8cee7ef8867afd2d,
Fixed_Rowwise,2,1,R02_F01,74,Training,COMP-f9a00d6d8411a0d1,
Fixed_Rowwise,2,1,R02_F01,80,Training,COMP-a14831ff30c0b14d,
Fixed_Rowwise,2,1,R02_F01,83,Training,COMP-e913f917a7e36868,
Fixed_Rowwise,2,1,R02_F01,84,Training,COMP-a14831ff30c0b14d,
Fixed_Rowwise,2,1,R02_F01,85,Training,COMP-e913f917a7e36868,
Fixed_Rowwise,2,1,R02_F01,86,Training,COMP-ea2a626c3522e4a5,
Fixed_Rowwise,2,1,R02_F01,87,Training,COMP-a14831ff30c0b14d,
Fixed_Rowwise,2,1,R02_F01,88,Training,COMP-ea2a626c3522e4a5,
Fixed_Rowwise,2,1,R02_F01,92,Training,COMP-ea2a626c3522e4a5,
Fixed_Rowwise,2,1,R02_F01,94,Training,COMP-ea2a626c3522e4a5,
Fixed_Rowwise,2,1,R02_F01,95,Training,COMP-ea2a626c3522e4a5,
Fixed_Rowwise,2,1,R02_F01,96,Training,COMP-ea2a626c3522e4a5,
Fixed_Rowwise,2,1,R02_F01,98,Training,COMP-e913f917a7e36868,
Fixed_Rowwise,2,1,R02_F01,99,Training,COMP-ea2a626c3522e4a5,
Fixed_Rowwise,2,1,R02_F01,100,Training,COMP-ea2a626c3522e4a5,
Fixed_Rowwise,2,1,R02_F01,102,Training,COMP-435a8f4ba56d8b5d,
Fixed_Rowwise,2,1,R02_F01,103,Training,COMP-435a8f4ba56d8b5d,
Fixed_Rowwise,2,1,R02_F01,104,Training,COMP-435a8f4ba56d8b5d,
Fixed_Rowwise,2,1,R02_F01,105,Training,COMP-435a8f4ba56d8b5d,
Fixed_Rowwise,2,1,R02_F01,106,Training,COMP-435a8f4ba56d8b5d,
Fixed_Rowwise,2,1,R02_F01,107,Training,COMP-384273ac244080b1,
Fixed_Rowwise,2,1,R02_F01,110,Training,COMP-c1d72bb5d7d164b0,
Fixed_Rowwise,2,1,R02_F01,111,Training,COMP-c1d72bb5d7d164b0,
Fixed_Rowwise,2,1,R02_F01,115,Training,COMP-15c7378d46cadefa,
Fixed_Rowwise,2,1,R02_F01,120,Training,COMP-8bbe9ce01fb6a2d3,
Fixed_Rowwise,2,1,R02_F01,121,Training,COMP-b2e9edd7bc55d085,
Fixed_Rowwise,2,1,R02_F01,122,Training,COMP-b2e9edd7bc55d085,
Fixed_Rowwise,2,1,R02_F01,127,Training,COMP-5502f8bc72167a0b,
Fixed_Rowwise,2,1,R02_F01,138,Training,COMP-89919c53d3149a2d,
Fixed_Rowwise,2,1,R02_F01,141,Training,COMP-89919c53d3149a2d,
Fixed_Rowwise,2,1,R02_F01,142,Training,COMP-89919c53d3149a2d,
Fixed_Rowwise,2,1,R02_F01,143,Training,COMP-89919c53d3149a2d,
Fixed_Rowwise,2,1,R02_F01,144,Training,COMP-89919c53d3149a2d,
Fixed_Rowwise,2,1,R02_F01,145,Training,COMP-89919c53d3149a2d,
Fixed_Rowwise,2,1,R02_F01,146,Training,COMP-266a388f7afdbe91,
Fixed_Rowwise,2,1,R02_F01,147,Training,COMP-055230aabe7d502c,
Fixed_Rowwise,2,1,R02_F01,148,Training,COMP-150ce51691dfb5f9,
Fixed_Rowwise,2,1,R02_F01,149,Training,COMP-266a388f7afdbe91,
Fixed_Rowwise,2,1,R02_F01,150,Training,COMP-055230aabe7d502c,
Fixed_Rowwise,2,1,R02_F01,152,Training,COMP-055230aabe7d502c,
Fixed_Rowwise,2,1,R02_F01,154,Training,COMP-150ce51691dfb5f9,
Fixed_Rowwise,2,1,R02_F01,156,Training,COMP-941f92def7f50542,
Fixed_Rowwise,2,1,R02_F01,157,Training,COMP-ddfcf6030a718a0c,
Fixed_Rowwise,2,1,R02_F01,159,Training,COMP-0346738121cb655e,
Fixed_Rowwise,2,1,R02_F01,160,Training,COMP-0346738121cb655e,
Fixed_Rowwise,2,1,R02_F01,161,Training,COMP-eacd4f126ab29a30,
Fixed_Rowwise,2,1,R02_F01,163,Training,COMP-b2e9edd7bc55d085,
Fixed_Rowwise,2,1,R02_F01,167,Training,COMP-eacd4f126ab29a30,
Fixed_Rowwise,2,1,R02_F01,168,Training,COMP-92ed17371ff559b6,
Fixed_Rowwise,2,1,R02_F01,172,Training,COMP-92ed17371ff559b6,
Fixed_Rowwise,2,1,R02_F01,173,Training,COMP-0d41a2cf75110ad6,
Fixed_Rowwise,2,1,R02_F01,174,Training,COMP-a35a20d65351aafe,
Fixed_Rowwise,2,1,R02_F01,175,Training,COMP-b72f6533b137a4f6,
Fixed_Rowwise,2,1,R02_F01,176,Training,COMP-5479c448b954c055,
Fixed_Rowwise,2,1,R02_F01,177,Training,COMP-5479c448b954c055,
Fixed_Rowwise,2,1,R02_F01,178,Training,COMP-b9abc443805301b1,
Fixed_Rowwise,2,1,R02_F01,182,Training,COMP-630f3050f45faf36,
Fixed_Rowwise,2,1,R02_F01,184,Training,COMP-0966c0019ec07f39,
Fixed_Rowwise,2,1,R02_F01,186,Training,COMP-0966c0019ec07f39,
Fixed_Rowwise,2,1,R02_F01,187,Training,COMP-a7670bf71188b1d6,
Fixed_Rowwise,2,1,R02_F01,188,Training,COMP-a7670bf71188b1d6,
Fixed_Rowwise,2,1,R02_F01,193,Training,COMP-889d7d6c6dbf5b76,
Fixed_Rowwise,2,1,R02_F01,197,Training,COMP-880bd22028629a8e,
Fixed_Rowwise,2,1,R02_F01,199,Training,COMP-6525c735bb50fb1c,
Fixed_Rowwise,2,1,R02_F01,200,Training,COMP-b878df279a448475,
Fixed_Rowwise,2,1,R02_F01,201,Training,COMP-05480af3b167ab05,
Fixed_Rowwise,2,1,R02_F01,210,Training,COMP-d7494ade7e8dd694,
Fixed_Rowwise,2,1,R02_F01,211,Training,COMP-b775405901636085,
Fixed_Rowwise,2,1,R02_F01,214,Training,COMP-35e38ea13dc05b9e,
Fixed_Rowwise,2,1,R02_F01,215,Training,COMP-6b4f0394292930ba,
Fixed_Rowwise,2,1,R02_F01,219,Training,COMP-eae7689b221fd7f8,
Fixed_Rowwise,2,1,R02_F01,221,Training,COMP-20d1e620c817cb5a,
Fixed_Rowwise,2,1,R02_F01,224,Training,COMP-93900d7c81c38cdd,
Fixed_Rowwise,2,1,R02_F01,225,Training,COMP-289a02a6b94655b9,
Fixed_Rowwise,2,1,R02_F01,226,Training,COMP-93900d7c81c38cdd,
Fixed_Rowwise,2,1,R02_F01,228,Training,COMP-46e30c1bd5e987da,
Fixed_Rowwise,2,1,R02_F01,229,Training,COMP-2753cd2e053c8c98,
Fixed_Rowwise,2,1,R02_F01,230,Training,COMP-0107563adaed8d01,
Fixed_Rowwise,2,1,R02_F01,231,Training,COMP-0e256dc7494452a7,
Fixed_Rowwise,2,1,R02_F01,232,Training,COMP-0e256dc7494452a7,
Fixed_Rowwise,2,1,R02_F01,233,Training,COMP-e60cc4ecffe6b7df,
Fixed_Rowwise,2,1,R02_F01,235,Training,COMP-091a20b5a1dfb76f,
Fixed_Rowwise,2,1,R02_F01,236,Training,COMP-44fea4804e888e0a,
Fixed_Rowwise,2,1,R02_F01,237,Training,COMP-4ef2bcae5243588c,
Fixed_Rowwise,2,1,R02_F01,238,Training,COMP-fc5c3e46d2655b62,
Fixed_Rowwise,2,1,R02_F01,239,Training,COMP-0b765af90e5ebd4c,
Fixed_Rowwise,2,1,R02_F01,240,Training,COMP-0b765af90e5ebd4c,
Fixed_Rowwise,2,1,R02_F01,243,Training,COMP-b0cc51380afea02b,
Fixed_Rowwise,2,1,R02_F01,247,Training,COMP-e295ac85ac1ada41,
Fixed_Rowwise,2,1,R02_F01,249,Training,COMP-e295ac85ac1ada41,
Fixed_Rowwise,2,1,R02_F01,251,Training,COMP-dd1e9c4c0f247912,
Fixed_Rowwise,2,1,R02_F01,252,Training,COMP-725d39a40881dc4b,
Fixed_Rowwise,2,1,R02_F01,255,Training,COMP-95a56990f4bea8a9,
Fixed_Rowwise,2,1,R02_F01,256,Training,COMP-95a56990f4bea8a9,
Fixed_Rowwise,2,1,R02_F01,257,Training,COMP-95a56990f4bea8a9,
Fixed_Rowwise,2,1,R02_F01,259,Training,COMP-95a56990f4bea8a9,
Fixed_Rowwise,2,1,R02_F01,260,Training,COMP-95a56990f4bea8a9,
Fixed_Rowwise,2,1,R02_F01,263,Training,COMP-95a56990f4bea8a9,
Fixed_Rowwise,2,1,R02_F01,266,Training,COMP-95a56990f4bea8a9,
Fixed_Rowwise,2,1,R02_F01,268,Training,COMP-95a56990f4bea8a9,
Fixed_Rowwise,2,1,R02_F01,271,Training,COMP-95a56990f4bea8a9,
Fixed_Rowwise,2,1,R02_F01,272,Training,COMP-95a56990f4bea8a9,
Fixed_Rowwise,2,1,R02_F01,273,Training,COMP-95a56990f4bea8a9,
Fixed_Rowwise,2,1,R02_F01,282,Training,COMP-95a56990f4bea8a9,
Fixed_Rowwise,2,1,R02_F01,283,Training,COMP-95a56990f4bea8a9,
Fixed_Rowwise,2,1,R02_F01,285,Training,COMP-95a56990f4bea8a9,
Fixed_Rowwise,2,1,R02_F01,286,Training,COMP-478c9f483894c42c,
Fixed_Rowwise,2,1,R02_F01,288,Training,COMP-478c9f483894c42c,
Fixed_Rowwise,2,1,R02_F01,292,Training,COMP-478c9f483894c42c,
Fixed_Rowwise,2,1,R02_F01,295,Training,COMP-478c9f483894c42c,
Fixed_Rowwise,2,1,R02_F01,296,Training,COMP-478c9f483894c42c,
Fixed_Rowwise,2,1,R02_F01,300,Training,COMP-478c9f483894c42c,
Fixed_Rowwise,2,1,R02_F01,303,Training,COMP-478c9f483894c42c,
Fixed_Rowwise,2,1,R02_F01,306,Training,COMP-478c9f483894c42c,
Fixed_Rowwise,2,1,R02_F01,307,Training,COMP-478c9f483894c42c,
Fixed_Rowwise,2,1,R02_F01,309,Training,COMP-478c9f483894c42c,
Fixed_Rowwise,2,1,R02_F01,310,Training,COMP-478c9f483894c42c,
Fixed_Rowwise,2,1,R02_F01,311,Training,COMP-478c9f483894c42c,
Fixed_Rowwise,2,1,R02_F01,313,Training,COMP-478c9f483894c42c,
Fixed_Rowwise,2,1,R02_F01,315,Training,COMP-478c9f483894c42c,
Fixed_Rowwise,2,1,R02_F01,316,Training,COMP-478c9f483894c42c,
Fixed_Rowwise,2,1,R02_F01,320,Training,COMP-dbc0864492ec7b98,
Fixed_Rowwise,2,1,R02_F01,321,Training,COMP-dbc0864492ec7b98,
Fixed_Rowwise,2,1,R02_F01,322,Training,COMP-dbc0864492ec7b98,
Fixed_Rowwise,2,1,R02_F01,325,Training,COMP-dbc0864492ec7b98,
Fixed_Rowwise,2,1,R02_F01,326,Training,COMP-dbc0864492ec7b98,
Fixed_Rowwise,2,1,R02_F01,328,Training,COMP-dbc0864492ec7b98,
Fixed_Rowwise,2,1,R02_F01,331,Training,COMP-dbc0864492ec7b98,
Fixed_Rowwise,2,1,R02_F01,333,Training,COMP-dbc0864492ec7b98,
Fixed_Rowwise,2,1,R02_F01,334,Training,COMP-dbc0864492ec7b98,
Fixed_Rowwise,2,1,R02_F01,337,Training,COMP-06072d2dd3b021af,
Fixed_Rowwise,2,1,R02_F01,339,Training,COMP-06072d2dd3b021af,
Fixed_Rowwise,2,1,R02_F01,341,Training,COMP-221944a235b3f36b,
Fixed_Rowwise,2,1,R02_F01,342,Training,COMP-221944a235b3f36b,
Fixed_Rowwise,2,1,R02_F01,344,Training,COMP-e1e52574fbb04f58,
Fixed_Rowwise,2,1,R02_F01,345,Training,COMP-e1e52574fbb04f58,
Fixed_Rowwise,2,1,R02_F01,348,Training,COMP-30cef922979fb9fd,
Fixed_Rowwise,2,1,R02_F01,350,Training,COMP-30cef922979fb9fd,
Fixed_Rowwise,2,1,R02_F01,351,Training,COMP-30cef922979fb9fd,
Fixed_Rowwise,2,1,R02_F01,352,Training,COMP-30cef922979fb9fd,
Fixed_Rowwise,2,1,R02_F01,354,Training,COMP-59f47d6774b9fdfb,
Fixed_Rowwise,2,1,R02_F01,356,Training,COMP-59f47d6774b9fdfb,
Fixed_Rowwise,2,1,R02_F01,360,Training,COMP-0765adc8c505dd3b,
Fixed_Rowwise,2,1,R02_F01,363,Training,COMP-0765adc8c505dd3b,
Fixed_Rowwise,2,1,R02_F01,369,Training,COMP-6f2ca218fbd1923b,
Fixed_Rowwise,2,1,R02_F01,371,Training,COMP-6f2ca218fbd1923b,
Fixed_Rowwise,2,1,R02_F01,372,Training,COMP-6f2ca218fbd1923b,
Fixed_Rowwise,2,1,R02_F01,375,Training,COMP-6f2ca218fbd1923b,
Fixed_Rowwise,2,1,R02_F01,376,Training,COMP-6f2ca218fbd1923b,
Fixed_Rowwise,2,1,R02_F01,378,Training,COMP-6f2ca218fbd1923b,
Fixed_Rowwise,2,1,R02_F01,381,Training,COMP-6f2ca218fbd1923b,
Fixed_Rowwise,2,1,R02_F01,382,Training,COMP-6f2ca218fbd1923b,
Fixed_Rowwise,2,1,R02_F01,384,Training,COMP-6f2ca218fbd1923b,
Fixed_Rowwise,2,1,R02_F01,386,Training,COMP-6f2ca218fbd1923b,
Fixed_Rowwise,2,1,R02_F01,387,Training,COMP-6f2ca218fbd1923b,
Fixed_Rowwise,2,1,R02_F01,389,Training,COMP-6f2ca218fbd1923b,
Fixed_Rowwise,2,1,R02_F01,393,Training,COMP-6f2ca218fbd1923b,
Fixed_Rowwise,2,1,R02_F01,395,Training,COMP-6f2ca218fbd1923b,
Fixed_Rowwise,2,1,R02_F01,399,Training,COMP-6f2ca218fbd1923b,
Fixed_Rowwise,2,1,R02_F01,404,Training,COMP-6f2ca218fbd1923b,
Fixed_Rowwise,2,1,R02_F01,406,Training,COMP-7fb1fecc93ced403,
Fixed_Rowwise,2,1,R02_F01,408,Training,COMP-7fb1fecc93ced403,
Fixed_Rowwise,2,1,R02_F01,414,Training,COMP-a85acb2f2da0216b,
Fixed_Rowwise,2,1,R02_F01,415,Training,COMP-a85acb2f2da0216b,
Fixed_Rowwise,2,1,R02_F01,418,Training,COMP-a85acb2f2da0216b,
Fixed_Rowwise,2,1,R02_F01,421,Training,COMP-edeedccfd8f07e13,
Fixed_Rowwise,2,1,R02_F01,422,Training,COMP-edeedccfd8f07e13,
Fixed_Rowwise,2,1,R02_F01,424,Training,COMP-f9d9cbed014e8b80,
Fixed_Rowwise,2,1,R02_F01,429,Training,COMP-f9d9cbed014e8b80,
Fixed_Rowwise,2,1,R02_F01,431,Training,COMP-f9d9cbed014e8b80,
Fixed_Rowwise,2,1,R02_F01,432,Training,COMP-f9d9cbed014e8b80,
Fixed_Rowwise,2,1,R02_F01,434,Training,COMP-f9d9cbed014e8b80,
Fixed_Rowwise,2,1,R02_F01,438,Training,COMP-f9d9cbed014e8b80,
Fixed_Rowwise,2,1,R02_F01,441,Training,COMP-f9d9cbed014e8b80,
Fixed_Rowwise,2,1,R02_F01,444,Training,COMP-f9d9cbed014e8b80,
Fixed_Rowwise,2,1,R02_F01,445,Training,COMP-f9d9cbed014e8b80,
Fixed_Rowwise,2,1,R02_F01,448,Training,COMP-f9d9cbed014e8b80,
Fixed_Rowwise,2,1,R02_F01,450,Training,COMP-f9d9cbed014e8b80,
Fixed_Rowwise,2,1,R02_F01,451,Training,COMP-f9d9cbed014e8b80,
Fixed_Rowwise,2,1,R02_F01,3,Validation,COMP-725d39a40881dc4b,
Fixed_Rowwise,2,1,R02_F01,4,Validation,COMP-862c9c676a6f1012,
Fixed_Rowwise,2,1,R02_F01,8,Validation,COMP-725d39a40881dc4b,
Fixed_Rowwise,2,1,R02_F01,14,Validation,COMP-609dfbaf681359b8,
Fixed_Rowwise,2,1,R02_F01,21,Validation,COMP-0b765af90e5ebd4c,
Fixed_Rowwise,2,1,R02_F01,48,Validation,COMP-b611e8d56579c910,
Fixed_Rowwise,2,1,R02_F01,64,Validation,COMP-3157f0dc71f862ff,
Fixed_Rowwise,2,1,R02_F01,65,Validation,COMP-7c0b488137fafb3b,
Fixed_Rowwise,2,1,R02_F01,67,Validation,COMP-49d8e1edbf1c2fbd,
Fixed_Rowwise,2,1,R02_F01,97,Validation,COMP-a14831ff30c0b14d,
Fixed_Rowwise,2,1,R02_F01,112,Validation,COMP-c1d72bb5d7d164b0,
Fixed_Rowwise,2,1,R02_F01,114,Validation,COMP-6360354242bed7fe,
Fixed_Rowwise,2,1,R02_F01,118,Validation,COMP-8bbe9ce01fb6a2d3,
Fixed_Rowwise,2,1,R02_F01,123,Validation,COMP-0ee2ef468faff8db,
Fixed_Rowwise,2,1,R02_F01,125,Validation,COMP-0ee2ef468faff8db,
Fixed_Rowwise,2,1,R02_F01,126,Validation,COMP-5502f8bc72167a0b,
Fixed_Rowwise,2,1,R02_F01,130,Validation,COMP-89919c53d3149a2d,
Fixed_Rowwise,2,1,R02_F01,133,Validation,COMP-89919c53d3149a2d,
Fixed_Rowwise,2,1,R02_F01,134,Validation,COMP-89919c53d3149a2d,
Fixed_Rowwise,2,1,R02_F01,135,Validation,COMP-89919c53d3149a2d,
Fixed_Rowwise,2,1,R02_F01,139,Validation,COMP-89919c53d3149a2d,
Fixed_Rowwise,2,1,R02_F01,162,Validation,COMP-ddfcf6030a718a0c,
Fixed_Rowwise,2,1,R02_F01,164,Validation,COMP-941f92def7f50542,
Fixed_Rowwise,2,1,R02_F01,169,Validation,COMP-92ed17371ff559b6,
Fixed_Rowwise,2,1,R02_F01,181,Validation,COMP-69c6ecd7284d3b47,
Fixed_Rowwise,2,1,R02_F01,183,Validation,COMP-630f3050f45faf36,
Fixed_Rowwise,2,1,R02_F01,194,Validation,COMP-445f55453794f59c,
Fixed_Rowwise,2,1,R02_F01,202,Validation,COMP-598bc18a3ba07a9e,
Fixed_Rowwise,2,1,R02_F01,205,Validation,COMP-d8a14990923ce9f7,
Fixed_Rowwise,2,1,R02_F01,207,Validation,COMP-948abb1ebd270642,
Fixed_Rowwise,2,1,R02_F01,216,Validation,COMP-4a76c05754ee1efa,
Fixed_Rowwise,2,1,R02_F01,241,Validation,COMP-631a18a4a6b20c0c,
Fixed_Rowwise,2,1,R02_F01,242,Validation,COMP-631a18a4a6b20c0c,
Fixed_Rowwise,2,1,R02_F01,246,Validation,COMP-1fc9679353325516,
Fixed_Rowwise,2,1,R02_F01,253,Validation,COMP-725d39a40881dc4b,
Fixed_Rowwise,2,1,R02_F01,258,Validation,COMP-95a56990f4bea8a9,
Fixed_Rowwise,2,1,R02_F01,323,Validation,COMP-dbc0864492ec7b98,
Fixed_Rowwise,2,1,R02_F01,324,Validation,COMP-dbc0864492ec7b98,
Fixed_Rowwise,2,1,R02_F01,327,Validation,COMP-dbc0864492ec7b98,
Fixed_Rowwise,2,1,R02_F01,347,Validation,COMP-e1e52574fbb04f58,
Fixed_Rowwise,2,1,R02_F01,349,Validation,COMP-30cef922979fb9fd,
Fixed_Rowwise,2,1,R02_F01,358,Validation,COMP-59f47d6774b9fdfb,
Fixed_Rowwise,2,1,R02_F01,364,Validation,COMP-0765adc8c505dd3b,
Fixed_Rowwise,2,1,R02_F01,365,Validation,COMP-e1e52574fbb04f58,
Fixed_Rowwise,2,1,R02_F01,380,Validation,COMP-6f2ca218fbd1923b,
Fixed_Rowwise,2,1,R02_F01,388,Validation,COMP-6f2ca218fbd1923b,
Fixed_Rowwise,2,1,R02_F01,391,Validation,COMP-6f2ca218fbd1923b,
Fixed_Rowwise,2,1,R02_F01,402,Validation,COMP-6f2ca218fbd1923b,
Fixed_Rowwise,2,1,R02_F01,405,Validation,COMP-6f2ca218fbd1923b,
Fixed_Rowwise,2,1,R02_F01,413,Validation,COMP-a85acb2f2da0216b,
Fixed_Rowwise,2,1,R02_F01,425,Validation,COMP-f9d9cbed014e8b80,
Fixed_Rowwise,2,1,R02_F01,427,Validation,COMP-f9d9cbed014e8b80,
Fixed_Rowwise,2,1,R02_F01,440,Validation,COMP-f9d9cbed014e8b80,
Fixed_Rowwise,2,1,R02_F01,449,Validation,COMP-f9d9cbed014e8b80,
Fixed_Rowwise,2,2,R02_F02,3,Training,COMP-725d39a40881dc4b,
Fixed_Rowwise,2,2,R02_F02,4,Training,COMP-862c9c676a6f1012,
Fixed_Rowwise,2,2,R02_F02,5,Training,COMP-8e1fe5f59d3c7565,
Fixed_Rowwise,2,2,R02_F02,6,Training,COMP-27021c945dc6ef2d,
Fixed_Rowwise,2,2,R02_F02,7,Training,COMP-725d39a40881dc4b,
Fixed_Rowwise,2,2,R02_F02,8,Training,COMP-725d39a40881dc4b,
Fixed_Rowwise,2,2,R02_F02,10,Training,COMP-725d39a40881dc4b,
Fixed_Rowwise,2,2,R02_F02,14,Training,COMP-609dfbaf681359b8,
Fixed_Rowwise,2,2,R02_F02,20,Training,COMP-0b765af90e5ebd4c,
Fixed_Rowwise,2,2,R02_F02,21,Training,COMP-0b765af90e5ebd4c,
Fixed_Rowwise,2,2,R02_F02,23,Training,COMP-81f8a3600f73b006,
Fixed_Rowwise,2,2,R02_F02,24,Training,COMP-0b765af90e5ebd4c,
Fixed_Rowwise,2,2,R02_F02,26,Training,COMP-7decbe1f0284bd78,
Fixed_Rowwise,2,2,R02_F02,27,Training,COMP-73d52e7a36d559a9,
Fixed_Rowwise,2,2,R02_F02,28,Training,COMP-3632fb12e94bc35a,
Fixed_Rowwise,2,2,R02_F02,29,Training,COMP-773f99d6dc417f9e,
Fixed_Rowwise,2,2,R02_F02,32,Training,COMP-81f8a3600f73b006,
Fixed_Rowwise,2,2,R02_F02,35,Training,COMP-a87a2533a652007c,
Fixed_Rowwise,2,2,R02_F02,37,Training,COMP-f6d84b53636ddfbe,
Fixed_Rowwise,2,2,R02_F02,40,Training,COMP-1af7d3f3b3b924e5,
Fixed_Rowwise,2,2,R02_F02,41,Training,COMP-1af7d3f3b3b924e5,
Fixed_Rowwise,2,2,R02_F02,43,Training,COMP-9b0e3106e10f71db,
Fixed_Rowwise,2,2,R02_F02,44,Training,COMP-0d7ce00a50a6a24f,
Fixed_Rowwise,2,2,R02_F02,47,Training,COMP-e295ac85ac1ada41,
Fixed_Rowwise,2,2,R02_F02,48,Training,COMP-b611e8d56579c910,
Fixed_Rowwise,2,2,R02_F02,49,Training,COMP-92ece298f11712f0,
Fixed_Rowwise,2,2,R02_F02,51,Training,COMP-dbc0864492ec7b98,
Fixed_Rowwise,2,2,R02_F02,53,Training,COMP-06f5d2a767a65349,
Fixed_Rowwise,2,2,R02_F02,54,Training,COMP-ea1f0dc96a173899,
Fixed_Rowwise,2,2,R02_F02,60,Training,COMP-3f22c6642a7a1344,
Fixed_Rowwise,2,2,R02_F02,61,Training,COMP-3f22c6642a7a1344,
Fixed_Rowwise,2,2,R02_F02,62,Training,COMP-21d126c9d34df073,
Fixed_Rowwise,2,2,R02_F02,63,Training,COMP-21d126c9d34df073,
Fixed_Rowwise,2,2,R02_F02,64,Training,COMP-3157f0dc71f862ff,
Fixed_Rowwise,2,2,R02_F02,65,Training,COMP-7c0b488137fafb3b,
Fixed_Rowwise,2,2,R02_F02,66,Training,COMP-b8df58296dba2095,
Fixed_Rowwise,2,2,R02_F02,67,Training,COMP-49d8e1edbf1c2fbd,
Fixed_Rowwise,2,2,R02_F02,69,Training,COMP-8cee7ef8867afd2d,
Fixed_Rowwise,2,2,R02_F02,74,Training,COMP-f9a00d6d8411a0d1,
Fixed_Rowwise,2,2,R02_F02,80,Training,COMP-a14831ff30c0b14d,
Fixed_Rowwise,2,2,R02_F02,83,Training,COMP-e913f917a7e36868,
Fixed_Rowwise,2,2,R02_F02,84,Training,COMP-a14831ff30c0b14d,
Fixed_Rowwise,2,2,R02_F02,85,Training,COMP-e913f917a7e36868,
Fixed_Rowwise,2,2,R02_F02,86,Training,COMP-ea2a626c3522e4a5,
Fixed_Rowwise,2,2,R02_F02,87,Training,COMP-a14831ff30c0b14d,
Fixed_Rowwise,2,2,R02_F02,88,Training,COMP-ea2a626c3522e4a5,
Fixed_Rowwise,2,2,R02_F02,92,Training,COMP-ea2a626c3522e4a5,
Fixed_Rowwise,2,2,R02_F02,95,Training,COMP-ea2a626c3522e4a5,
Fixed_Rowwise,2,2,R02_F02,96,Training,COMP-ea2a626c3522e4a5,
Fixed_Rowwise,2,2,R02_F02,97,Training,COMP-a14831ff30c0b14d,
Fixed_Rowwise,2,2,R02_F02,98,Training,COMP-e913f917a7e36868,
Fixed_Rowwise,2,2,R02_F02,99,Training,COMP-ea2a626c3522e4a5,
Fixed_Rowwise,2,2,R02_F02,102,Training,COMP-435a8f4ba56d8b5d,
Fixed_Rowwise,2,2,R02_F02,104,Training,COMP-435a8f4ba56d8b5d,
Fixed_Rowwise,2,2,R02_F02,105,Training,COMP-435a8f4ba56d8b5d,
Fixed_Rowwise,2,2,R02_F02,106,Training,COMP-435a8f4ba56d8b5d,
Fixed_Rowwise,2,2,R02_F02,107,Training,COMP-384273ac244080b1,
Fixed_Rowwise,2,2,R02_F02,111,Training,COMP-c1d72bb5d7d164b0,
Fixed_Rowwise,2,2,R02_F02,112,Training,COMP-c1d72bb5d7d164b0,
Fixed_Rowwise,2,2,R02_F02,114,Training,COMP-6360354242bed7fe,
Fixed_Rowwise,2,2,R02_F02,118,Training,COMP-8bbe9ce01fb6a2d3,
Fixed_Rowwise,2,2,R02_F02,120,Training,COMP-8bbe9ce01fb6a2d3,
Fixed_Rowwise,2,2,R02_F02,123,Training,COMP-0ee2ef468faff8db,
Fixed_Rowwise,2,2,R02_F02,125,Training,COMP-0ee2ef468faff8db,
Fixed_Rowwise,2,2,R02_F02,126,Training,COMP-5502f8bc72167a0b,
Fixed_Rowwise,2,2,R02_F02,130,Training,COMP-89919c53d3149a2d,
Fixed_Rowwise,2,2,R02_F02,133,Training,COMP-89919c53d3149a2d,
Fixed_Rowwise,2,2,R02_F02,134,Training,COMP-89919c53d3149a2d,
Fixed_Rowwise,2,2,R02_F02,135,Training,COMP-89919c53d3149a2d,
Fixed_Rowwise,2,2,R02_F02,138,Training,COMP-89919c53d3149a2d,
Fixed_Rowwise,2,2,R02_F02,139,Training,COMP-89919c53d3149a2d,
Fixed_Rowwise,2,2,R02_F02,145,Training,COMP-89919c53d3149a2d,
Fixed_Rowwise,2,2,R02_F02,146,Training,COMP-266a388f7afdbe91,
Fixed_Rowwise,2,2,R02_F02,147,Training,COMP-055230aabe7d502c,
Fixed_Rowwise,2,2,R02_F02,148,Training,COMP-150ce51691dfb5f9,
Fixed_Rowwise,2,2,R02_F02,149,Training,COMP-266a388f7afdbe91,
Fixed_Rowwise,2,2,R02_F02,150,Training,COMP-055230aabe7d502c,
Fixed_Rowwise,2,2,R02_F02,152,Training,COMP-055230aabe7d502c,
Fixed_Rowwise,2,2,R02_F02,154,Training,COMP-150ce51691dfb5f9,
Fixed_Rowwise,2,2,R02_F02,157,Training,COMP-ddfcf6030a718a0c,
Fixed_Rowwise,2,2,R02_F02,160,Training,COMP-0346738121cb655e,
Fixed_Rowwise,2,2,R02_F02,161,Training,COMP-eacd4f126ab29a30,
Fixed_Rowwise,2,2,R02_F02,162,Training,COMP-ddfcf6030a718a0c,
Fixed_Rowwise,2,2,R02_F02,163,Training,COMP-b2e9edd7bc55d085,
Fixed_Rowwise,2,2,R02_F02,164,Training,COMP-941f92def7f50542,
Fixed_Rowwise,2,2,R02_F02,167,Training,COMP-eacd4f126ab29a30,
Fixed_Rowwise,2,2,R02_F02,168,Training,COMP-92ed17371ff559b6,
Fixed_Rowwise,2,2,R02_F02,169,Training,COMP-92ed17371ff559b6,
Fixed_Rowwise,2,2,R02_F02,172,Training,COMP-92ed17371ff559b6,
Fixed_Rowwise,2,2,R02_F02,173,Training,COMP-0d41a2cf75110ad6,
Fixed_Rowwise,2,2,R02_F02,174,Training,COMP-a35a20d65351aafe,
Fixed_Rowwise,2,2,R02_F02,175,Training,COMP-b72f6533b137a4f6,
Fixed_Rowwise,2,2,R02_F02,176,Training,COMP-5479c448b954c055,
Fixed_Rowwise,2,2,R02_F02,177,Training,COMP-5479c448b954c055,
Fixed_Rowwise,2,2,R02_F02,178,Training,COMP-b9abc443805301b1,
Fixed_Rowwise,2,2,R02_F02,181,Training,COMP-69c6ecd7284d3b47,
Fixed_Rowwise,2,2,R02_F02,182,Training,COMP-630f3050f45faf36,
Fixed_Rowwise,2,2,R02_F02,183,Training,COMP-630f3050f45faf36,
Fixed_Rowwise,2,2,R02_F02,188,Training,COMP-a7670bf71188b1d6,
Fixed_Rowwise,2,2,R02_F02,193,Training,COMP-889d7d6c6dbf5b76,
Fixed_Rowwise,2,2,R02_F02,194,Training,COMP-445f55453794f59c,
Fixed_Rowwise,2,2,R02_F02,197,Training,COMP-880bd22028629a8e,
Fixed_Rowwise,2,2,R02_F02,199,Training,COMP-6525c735bb50fb1c,
Fixed_Rowwise,2,2,R02_F02,201,Training,COMP-05480af3b167ab05,
Fixed_Rowwise,2,2,R02_F02,202,Training,COMP-598bc18a3ba07a9e,
Fixed_Rowwise,2,2,R02_F02,205,Training,COMP-d8a14990923ce9f7,
Fixed_Rowwise,2,2,R02_F02,207,Training,COMP-948abb1ebd270642,
Fixed_Rowwise,2,2,R02_F02,211,Training,COMP-b775405901636085,
Fixed_Rowwise,2,2,R02_F02,214,Training,COMP-35e38ea13dc05b9e,
Fixed_Rowwise,2,2,R02_F02,215,Training,COMP-6b4f0394292930ba,
Fixed_Rowwise,2,2,R02_F02,216,Training,COMP-4a76c05754ee1efa,
Fixed_Rowwise,2,2,R02_F02,224,Training,COMP-93900d7c81c38cdd,
Fixed_Rowwise,2,2,R02_F02,225,Training,COMP-289a02a6b94655b9,
Fixed_Rowwise,2,2,R02_F02,226,Training,COMP-93900d7c81c38cdd,
Fixed_Rowwise,2,2,R02_F02,228,Training,COMP-46e30c1bd5e987da,
Fixed_Rowwise,2,2,R02_F02,229,Training,COMP-2753cd2e053c8c98,
Fixed_Rowwise,2,2,R02_F02,231,Training,COMP-0e256dc7494452a7,
Fixed_Rowwise,2,2,R02_F02,232,Training,COMP-0e256dc7494452a7,
Fixed_Rowwise,2,2,R02_F02,235,Training,COMP-091a20b5a1dfb76f,
Fixed_Rowwise,2,2,R02_F02,236,Training,COMP-44fea4804e888e0a,
Fixed_Rowwise,2,2,R02_F02,237,Training,COMP-4ef2bcae5243588c,
Fixed_Rowwise,2,2,R02_F02,238,Training,COMP-fc5c3e46d2655b62,
Fixed_Rowwise,2,2,R02_F02,239,Training,COMP-0b765af90e5ebd4c,
Fixed_Rowwise,2,2,R02_F02,240,Training,COMP-0b765af90e5ebd4c,
Fixed_Rowwise,2,2,R02_F02,241,Training,COMP-631a18a4a6b20c0c,
Fixed_Rowwise,2,2,R02_F02,242,Training,COMP-631a18a4a6b20c0c,
Fixed_Rowwise,2,2,R02_F02,243,Training,COMP-b0cc51380afea02b,
Fixed_Rowwise,2,2,R02_F02,246,Training,COMP-1fc9679353325516,
Fixed_Rowwise,2,2,R02_F02,247,Training,COMP-e295ac85ac1ada41,
Fixed_Rowwise,2,2,R02_F02,249,Training,COMP-e295ac85ac1ada41,
Fixed_Rowwise,2,2,R02_F02,252,Training,COMP-725d39a40881dc4b,
Fixed_Rowwise,2,2,R02_F02,253,Training,COMP-725d39a40881dc4b,
Fixed_Rowwise,2,2,R02_F02,255,Training,COMP-95a56990f4bea8a9,
Fixed_Rowwise,2,2,R02_F02,258,Training,COMP-95a56990f4bea8a9,
Fixed_Rowwise,2,2,R02_F02,259,Training,COMP-95a56990f4bea8a9,
Fixed_Rowwise,2,2,R02_F02,260,Training,COMP-95a56990f4bea8a9,
Fixed_Rowwise,2,2,R02_F02,266,Training,COMP-95a56990f4bea8a9,
Fixed_Rowwise,2,2,R02_F02,271,Training,COMP-95a56990f4bea8a9,
Fixed_Rowwise,2,2,R02_F02,272,Training,COMP-95a56990f4bea8a9,
Fixed_Rowwise,2,2,R02_F02,273,Training,COMP-95a56990f4bea8a9,
Fixed_Rowwise,2,2,R02_F02,282,Training,COMP-95a56990f4bea8a9,
Fixed_Rowwise,2,2,R02_F02,285,Training,COMP-95a56990f4bea8a9,
Fixed_Rowwise,2,2,R02_F02,286,Training,COMP-478c9f483894c42c,
Fixed_Rowwise,2,2,R02_F02,288,Training,COMP-478c9f483894c42c,
Fixed_Rowwise,2,2,R02_F02,292,Training,COMP-478c9f483894c42c,
Fixed_Rowwise,2,2,R02_F02,295,Training,COMP-478c9f483894c42c,
Fixed_Rowwise,2,2,R02_F02,300,Training,COMP-478c9f483894c42c,
Fixed_Rowwise,2,2,R02_F02,303,Training,COMP-478c9f483894c42c,
Fixed_Rowwise,2,2,R02_F02,306,Training,COMP-478c9f483894c42c,
Fixed_Rowwise,2,2,R02_F02,307,Training,COMP-478c9f483894c42c,
Fixed_Rowwise,2,2,R02_F02,310,Training,COMP-478c9f483894c42c,
Fixed_Rowwise,2,2,R02_F02,311,Training,COMP-478c9f483894c42c,
Fixed_Rowwise,2,2,R02_F02,313,Training,COMP-478c9f483894c42c,
Fixed_Rowwise,2,2,R02_F02,315,Training,COMP-478c9f483894c42c,
Fixed_Rowwise,2,2,R02_F02,316,Training,COMP-478c9f483894c42c,
Fixed_Rowwise,2,2,R02_F02,320,Training,COMP-dbc0864492ec7b98,
Fixed_Rowwise,2,2,R02_F02,321,Training,COMP-dbc0864492ec7b98,
Fixed_Rowwise,2,2,R02_F02,322,Training,COMP-dbc0864492ec7b98,
Fixed_Rowwise,2,2,R02_F02,323,Training,COMP-dbc0864492ec7b98,
Fixed_Rowwise,2,2,R02_F02,324,Training,COMP-dbc0864492ec7b98,
Fixed_Rowwise,2,2,R02_F02,326,Training,COMP-dbc0864492ec7b98,
Fixed_Rowwise,2,2,R02_F02,327,Training,COMP-dbc0864492ec7b98,
Fixed_Rowwise,2,2,R02_F02,331,Training,COMP-dbc0864492ec7b98,
Fixed_Rowwise,2,2,R02_F02,333,Training,COMP-dbc0864492ec7b98,
Fixed_Rowwise,2,2,R02_F02,337,Training,COMP-06072d2dd3b021af,
Fixed_Rowwise,2,2,R02_F02,339,Training,COMP-06072d2dd3b021af,
Fixed_Rowwise,2,2,R02_F02,341,Training,COMP-221944a235b3f36b,
Fixed_Rowwise,2,2,R02_F02,342,Training,COMP-221944a235b3f36b,
Fixed_Rowwise,2,2,R02_F02,344,Training,COMP-e1e52574fbb04f58,
Fixed_Rowwise,2,2,R02_F02,345,Training,COMP-e1e52574fbb04f58,
Fixed_Rowwise,2,2,R02_F02,347,Training,COMP-e1e52574fbb04f58,
Fixed_Rowwise,2,2,R02_F02,348,Training,COMP-30cef922979fb9fd,
Fixed_Rowwise,2,2,R02_F02,349,Training,COMP-30cef922979fb9fd,
Fixed_Rowwise,2,2,R02_F02,354,Training,COMP-59f47d6774b9fdfb,
Fixed_Rowwise,2,2,R02_F02,358,Training,COMP-59f47d6774b9fdfb,
Fixed_Rowwise,2,2,R02_F02,363,Training,COMP-0765adc8c505dd3b,
Fixed_Rowwise,2,2,R02_F02,364,Training,COMP-0765adc8c505dd3b,
Fixed_Rowwise,2,2,R02_F02,365,Training,COMP-e1e52574fbb04f58,
Fixed_Rowwise,2,2,R02_F02,369,Training,COMP-6f2ca218fbd1923b,
Fixed_Rowwise,2,2,R02_F02,371,Training,COMP-6f2ca218fbd1923b,
Fixed_Rowwise,2,2,R02_F02,372,Training,COMP-6f2ca218fbd1923b,
Fixed_Rowwise,2,2,R02_F02,375,Training,COMP-6f2ca218fbd1923b,
Fixed_Rowwise,2,2,R02_F02,376,Training,COMP-6f2ca218fbd1923b,
Fixed_Rowwise,2,2,R02_F02,378,Training,COMP-6f2ca218fbd1923b,
Fixed_Rowwise,2,2,R02_F02,380,Training,COMP-6f2ca218fbd1923b,
Fixed_Rowwise,2,2,R02_F02,381,Training,COMP-6f2ca218fbd1923b,
Fixed_Rowwise,2,2,R02_F02,387,Training,COMP-6f2ca218fbd1923b,
Fixed_Rowwise,2,2,R02_F02,388,Training,COMP-6f2ca218fbd1923b,
Fixed_Rowwise,2,2,R02_F02,389,Training,COMP-6f2ca218fbd1923b,
Fixed_Rowwise,2,2,R02_F02,391,Training,COMP-6f2ca218fbd1923b,
Fixed_Rowwise,2,2,R02_F02,395,Training,COMP-6f2ca218fbd1923b,
Fixed_Rowwise,2,2,R02_F02,399,Training,COMP-6f2ca218fbd1923b,
Fixed_Rowwise,2,2,R02_F02,402,Training,COMP-6f2ca218fbd1923b,
Fixed_Rowwise,2,2,R02_F02,404,Training,COMP-6f2ca218fbd1923b,
Fixed_Rowwise,2,2,R02_F02,405,Training,COMP-6f2ca218fbd1923b,
Fixed_Rowwise,2,2,R02_F02,406,Training,COMP-7fb1fecc93ced403,
Fixed_Rowwise,2,2,R02_F02,408,Training,COMP-7fb1fecc93ced403,
Fixed_Rowwise,2,2,R02_F02,413,Training,COMP-a85acb2f2da0216b,
Fixed_Rowwise,2,2,R02_F02,414,Training,COMP-a85acb2f2da0216b,
Fixed_Rowwise,2,2,R02_F02,415,Training,COMP-a85acb2f2da0216b,
Fixed_Rowwise,2,2,R02_F02,418,Training,COMP-a85acb2f2da0216b,
Fixed_Rowwise,2,2,R02_F02,421,Training,COMP-edeedccfd8f07e13,
Fixed_Rowwise,2,2,R02_F02,422,Training,COMP-edeedccfd8f07e13,
Fixed_Rowwise,2,2,R02_F02,424,Training,COMP-f9d9cbed014e8b80,
Fixed_Rowwise,2,2,R02_F02,425,Training,COMP-f9d9cbed014e8b80,
Fixed_Rowwise,2,2,R02_F02,427,Training,COMP-f9d9cbed014e8b80,
Fixed_Rowwise,2,2,R02_F02,432,Training,COMP-f9d9cbed014e8b80,
Fixed_Rowwise,2,2,R02_F02,434,Training,COMP-f9d9cbed014e8b80,
Fixed_Rowwise,2,2,R02_F02,438,Training,COMP-f9d9cbed014e8b80,
Fixed_Rowwise,2,2,R02_F02,440,Training,COMP-f9d9cbed014e8b80,
Fixed_Rowwise,2,2,R02_F02,441,Training,COMP-f9d9cbed014e8b80,
Fixed_Rowwise,2,2,R02_F02,444,Training,COMP-f9d9cbed014e8b80,
Fixed_Rowwise,2,2,R02_F02,445,Training,COMP-f9d9cbed014e8b80,
Fixed_Rowwise,2,2,R02_F02,449,Training,COMP-f9d9cbed014e8b80,
Fixed_Rowwise,2,2,R02_F02,450,Training,COMP-f9d9cbed014e8b80,
Fixed_Rowwise,2,2,R02_F02,451,Training,COMP-f9d9cbed014e8b80,
Fixed_Rowwise,2,2,R02_F02,1,Validation,COMP-27021c945dc6ef2d,
Fixed_Rowwise,2,2,R02_F02,12,Validation,COMP-725d39a40881dc4b,
Fixed_Rowwise,2,2,R02_F02,13,Validation,COMP-27021c945dc6ef2d,
Fixed_Rowwise,2,2,R02_F02,17,Validation,COMP-773f99d6dc417f9e,
Fixed_Rowwise,2,2,R02_F02,36,Validation,COMP-87a7ec252c82f56c,
Fixed_Rowwise,2,2,R02_F02,45,Validation,COMP-59ce4655e65cf94a,
Fixed_Rowwise,2,2,R02_F02,52,Validation,COMP-06f5d2a767a65349,
Fixed_Rowwise,2,2,R02_F02,68,Validation,COMP-21d126c9d34df073,
Fixed_Rowwise,2,2,R02_F02,94,Validation,COMP-ea2a626c3522e4a5,
Fixed_Rowwise,2,2,R02_F02,100,Validation,COMP-ea2a626c3522e4a5,
Fixed_Rowwise,2,2,R02_F02,103,Validation,COMP-435a8f4ba56d8b5d,
Fixed_Rowwise,2,2,R02_F02,110,Validation,COMP-c1d72bb5d7d164b0,
Fixed_Rowwise,2,2,R02_F02,115,Validation,COMP-15c7378d46cadefa,
Fixed_Rowwise,2,2,R02_F02,121,Validation,COMP-b2e9edd7bc55d085,
Fixed_Rowwise,2,2,R02_F02,122,Validation,COMP-b2e9edd7bc55d085,
Fixed_Rowwise,2,2,R02_F02,127,Validation,COMP-5502f8bc72167a0b,
Fixed_Rowwise,2,2,R02_F02,141,Validation,COMP-89919c53d3149a2d,
Fixed_Rowwise,2,2,R02_F02,142,Validation,COMP-89919c53d3149a2d,
Fixed_Rowwise,2,2,R02_F02,143,Validation,COMP-89919c53d3149a2d,
Fixed_Rowwise,2,2,R02_F02,144,Validation,COMP-89919c53d3149a2d,
Fixed_Rowwise,2,2,R02_F02,156,Validation,COMP-941f92def7f50542,
Fixed_Rowwise,2,2,R02_F02,159,Validation,COMP-0346738121cb655e,
Fixed_Rowwise,2,2,R02_F02,184,Validation,COMP-0966c0019ec07f39,
Fixed_Rowwise,2,2,R02_F02,186,Validation,COMP-0966c0019ec07f39,
Fixed_Rowwise,2,2,R02_F02,187,Validation,COMP-a7670bf71188b1d6,
Fixed_Rowwise,2,2,R02_F02,200,Validation,COMP-b878df279a448475,
Fixed_Rowwise,2,2,R02_F02,210,Validation,COMP-d7494ade7e8dd694,
Fixed_Rowwise,2,2,R02_F02,219,Validation,COMP-eae7689b221fd7f8,
Fixed_Rowwise,2,2,R02_F02,221,Validation,COMP-20d1e620c817cb5a,
Fixed_Rowwise,2,2,R02_F02,230,Validation,COMP-0107563adaed8d01,
Fixed_Rowwise,2,2,R02_F02,233,Validation,COMP-e60cc4ecffe6b7df,
Fixed_Rowwise,2,2,R02_F02,251,Validation,COMP-dd1e9c4c0f247912,
Fixed_Rowwise,2,2,R02_F02,256,Validation,COMP-95a56990f4bea8a9,
Fixed_Rowwise,2,2,R02_F02,257,Validation,COMP-95a56990f4bea8a9,
Fixed_Rowwise,2,2,R02_F02,263,Validation,COMP-95a56990f4bea8a9,
Fixed_Rowwise,2,2,R02_F02,268,Validation,COMP-95a56990f4bea8a9,
Fixed_Rowwise,2,2,R02_F02,283,Validation,COMP-95a56990f4bea8a9,
Fixed_Rowwise,2,2,R02_F02,296,Validation,COMP-478c9f483894c42c,
Fixed_Rowwise,2,2,R02_F02,309,Validation,COMP-478c9f483894c42c,
Fixed_Rowwise,2,2,R02_F02,325,Validation,COMP-dbc0864492ec7b98,
Fixed_Rowwise,2,2,R02_F02,328,Validation,COMP-dbc0864492ec7b98,
Fixed_Rowwise,2,2,R02_F02,334,Validation,COMP-dbc0864492ec7b98,
Fixed_Rowwise,2,2,R02_F02,350,Validation,COMP-30cef922979fb9fd,
Fixed_Rowwise,2,2,R02_F02,351,Validation,COMP-30cef922979fb9fd,
Fixed_Rowwise,2,2,R02_F02,352,Validation,COMP-30cef922979fb9fd,
Fixed_Rowwise,2,2,R02_F02,356,Validation,COMP-59f47d6774b9fdfb,
Fixed_Rowwise,2,2,R02_F02,360,Validation,COMP-0765adc8c505dd3b,
Fixed_Rowwise,2,2,R02_F02,382,Validation,COMP-6f2ca218fbd1923b,
Fixed_Rowwise,2,2,R02_F02,384,Validation,COMP-6f2ca218fbd1923b,
Fixed_Rowwise,2,2,R02_F02,386,Validation,COMP-6f2ca218fbd1923b,
Fixed_Rowwise,2,2,R02_F02,393,Validation,COMP-6f2ca218fbd1923b,
Fixed_Rowwise,2,2,R02_F02,429,Validation,COMP-f9d9cbed014e8b80,
Fixed_Rowwise,2,2,R02_F02,431,Validation,COMP-f9d9cbed014e8b80,
Fixed_Rowwise,2,2,R02_F02,448,Validation,COMP-f9d9cbed014e8b80,
Fixed_Rowwise,2,3,R02_F03,1,Training,COMP-27021c945dc6ef2d,
Fixed_Rowwise,2,3,R02_F03,3,Training,COMP-725d39a40881dc4b,
Fixed_Rowwise,2,3,R02_F03,4,Training,COMP-862c9c676a6f1012,
Fixed_Rowwise,2,3,R02_F03,5,Training,COMP-8e1fe5f59d3c7565,
Fixed_Rowwise,2,3,R02_F03,7,Training,COMP-725d39a40881dc4b,
Fixed_Rowwise,2,3,R02_F03,8,Training,COMP-725d39a40881dc4b,
Fixed_Rowwise,2,3,R02_F03,10,Training,COMP-725d39a40881dc4b,
Fixed_Rowwise,2,3,R02_F03,12,Training,COMP-725d39a40881dc4b,
Fixed_Rowwise,2,3,R02_F03,13,Training,COMP-27021c945dc6ef2d,
Fixed_Rowwise,2,3,R02_F03,14,Training,COMP-609dfbaf681359b8,
Fixed_Rowwise,2,3,R02_F03,17,Training,COMP-773f99d6dc417f9e,
Fixed_Rowwise,2,3,R02_F03,21,Training,COMP-0b765af90e5ebd4c,
Fixed_Rowwise,2,3,R02_F03,26,Training,COMP-7decbe1f0284bd78,
Fixed_Rowwise,2,3,R02_F03,27,Training,COMP-73d52e7a36d559a9,
Fixed_Rowwise,2,3,R02_F03,32,Training,COMP-81f8a3600f73b006,
Fixed_Rowwise,2,3,R02_F03,35,Training,COMP-a87a2533a652007c,
Fixed_Rowwise,2,3,R02_F03,36,Training,COMP-87a7ec252c82f56c,
Fixed_Rowwise,2,3,R02_F03,37,Training,COMP-f6d84b53636ddfbe,
Fixed_Rowwise,2,3,R02_F03,40,Training,COMP-1af7d3f3b3b924e5,
Fixed_Rowwise,2,3,R02_F03,41,Training,COMP-1af7d3f3b3b924e5,
Fixed_Rowwise,2,3,R02_F03,43,Training,COMP-9b0e3106e10f71db,
Fixed_Rowwise,2,3,R02_F03,44,Training,COMP-0d7ce00a50a6a24f,
Fixed_Rowwise,2,3,R02_F03,45,Training,COMP-59ce4655e65cf94a,
Fixed_Rowwise,2,3,R02_F03,47,Training,COMP-e295ac85ac1ada41,
Fixed_Rowwise,2,3,R02_F03,48,Training,COMP-b611e8d56579c910,
Fixed_Rowwise,2,3,R02_F03,49,Training,COMP-92ece298f11712f0,
Fixed_Rowwise,2,3,R02_F03,51,Training,COMP-dbc0864492ec7b98,
Fixed_Rowwise,2,3,R02_F03,52,Training,COMP-06f5d2a767a65349,
Fixed_Rowwise,2,3,R02_F03,53,Training,COMP-06f5d2a767a65349,
Fixed_Rowwise,2,3,R02_F03,60,Training,COMP-3f22c6642a7a1344,
Fixed_Rowwise,2,3,R02_F03,61,Training,COMP-3f22c6642a7a1344,
Fixed_Rowwise,2,3,R02_F03,62,Training,COMP-21d126c9d34df073,
Fixed_Rowwise,2,3,R02_F03,64,Training,COMP-3157f0dc71f862ff,
Fixed_Rowwise,2,3,R02_F03,65,Training,COMP-7c0b488137fafb3b,
Fixed_Rowwise,2,3,R02_F03,66,Training,COMP-b8df58296dba2095,
Fixed_Rowwise,2,3,R02_F03,67,Training,COMP-49d8e1edbf1c2fbd,
Fixed_Rowwise,2,3,R02_F03,68,Training,COMP-21d126c9d34df073,
Fixed_Rowwise,2,3,R02_F03,69,Training,COMP-8cee7ef8867afd2d,
Fixed_Rowwise,2,3,R02_F03,80,Training,COMP-a14831ff30c0b14d,
Fixed_Rowwise,2,3,R02_F03,83,Training,COMP-e913f917a7e36868,
Fixed_Rowwise,2,3,R02_F03,84,Training,COMP-a14831ff30c0b14d,
Fixed_Rowwise,2,3,R02_F03,85,Training,COMP-e913f917a7e36868,
Fixed_Rowwise,2,3,R02_F03,88,Training,COMP-ea2a626c3522e4a5,
Fixed_Rowwise,2,3,R02_F03,94,Training,COMP-ea2a626c3522e4a5,
Fixed_Rowwise,2,3,R02_F03,96,Training,COMP-ea2a626c3522e4a5,
Fixed_Rowwise,2,3,R02_F03,97,Training,COMP-a14831ff30c0b14d,
Fixed_Rowwise,2,3,R02_F03,99,Training,COMP-ea2a626c3522e4a5,
Fixed_Rowwise,2,3,R02_F03,100,Training,COMP-ea2a626c3522e4a5,
Fixed_Rowwise,2,3,R02_F03,103,Training,COMP-435a8f4ba56d8b5d,
Fixed_Rowwise,2,3,R02_F03,106,Training,COMP-435a8f4ba56d8b5d,
Fixed_Rowwise,2,3,R02_F03,107,Training,COMP-384273ac244080b1,
Fixed_Rowwise,2,3,R02_F03,110,Training,COMP-c1d72bb5d7d164b0,
Fixed_Rowwise,2,3,R02_F03,112,Training,COMP-c1d72bb5d7d164b0,
Fixed_Rowwise,2,3,R02_F03,114,Training,COMP-6360354242bed7fe,
Fixed_Rowwise,2,3,R02_F03,115,Training,COMP-15c7378d46cadefa,
Fixed_Rowwise,2,3,R02_F03,118,Training,COMP-8bbe9ce01fb6a2d3,
Fixed_Rowwise,2,3,R02_F03,120,Training,COMP-8bbe9ce01fb6a2d3,
Fixed_Rowwise,2,3,R02_F03,121,Training,COMP-b2e9edd7bc55d085,
Fixed_Rowwise,2,3,R02_F03,122,Training,COMP-b2e9edd7bc55d085,
Fixed_Rowwise,2,3,R02_F03,123,Training,COMP-0ee2ef468faff8db,
Fixed_Rowwise,2,3,R02_F03,125,Training,COMP-0ee2ef468faff8db,
Fixed_Rowwise,2,3,R02_F03,126,Training,COMP-5502f8bc72167a0b,
Fixed_Rowwise,2,3,R02_F03,127,Training,COMP-5502f8bc72167a0b,
Fixed_Rowwise,2,3,R02_F03,130,Training,COMP-89919c53d3149a2d,
Fixed_Rowwise,2,3,R02_F03,133,Training,COMP-89919c53d3149a2d,
Fixed_Rowwise,2,3,R02_F03,134,Training,COMP-89919c53d3149a2d,
Fixed_Rowwise,2,3,R02_F03,135,Training,COMP-89919c53d3149a2d,
Fixed_Rowwise,2,3,R02_F03,138,Training,COMP-89919c53d3149a2d,
Fixed_Rowwise,2,3,R02_F03,139,Training,COMP-89919c53d3149a2d,
Fixed_Rowwise,2,3,R02_F03,141,Training,COMP-89919c53d3149a2d,
Fixed_Rowwise,2,3,R02_F03,142,Training,COMP-89919c53d3149a2d,
Fixed_Rowwise,2,3,R02_F03,143,Training,COMP-89919c53d3149a2d,
Fixed_Rowwise,2,3,R02_F03,144,Training,COMP-89919c53d3149a2d,
Fixed_Rowwise,2,3,R02_F03,146,Training,COMP-266a388f7afdbe91,
Fixed_Rowwise,2,3,R02_F03,148,Training,COMP-150ce51691dfb5f9,
Fixed_Rowwise,2,3,R02_F03,150,Training,COMP-055230aabe7d502c,
Fixed_Rowwise,2,3,R02_F03,154,Training,COMP-150ce51691dfb5f9,
Fixed_Rowwise,2,3,R02_F03,156,Training,COMP-941f92def7f50542,
Fixed_Rowwise,2,3,R02_F03,159,Training,COMP-0346738121cb655e,
Fixed_Rowwise,2,3,R02_F03,161,Training,COMP-eacd4f126ab29a30,
Fixed_Rowwise,2,3,R02_F03,162,Training,COMP-ddfcf6030a718a0c,
Fixed_Rowwise,2,3,R02_F03,164,Training,COMP-941f92def7f50542,
Fixed_Rowwise,2,3,R02_F03,168,Training,COMP-92ed17371ff559b6,
Fixed_Rowwise,2,3,R02_F03,169,Training,COMP-92ed17371ff559b6,
Fixed_Rowwise,2,3,R02_F03,172,Training,COMP-92ed17371ff559b6,
Fixed_Rowwise,2,3,R02_F03,173,Training,COMP-0d41a2cf75110ad6,
Fixed_Rowwise,2,3,R02_F03,174,Training,COMP-a35a20d65351aafe,
Fixed_Rowwise,2,3,R02_F03,175,Training,COMP-b72f6533b137a4f6,
Fixed_Rowwise,2,3,R02_F03,176,Training,COMP-5479c448b954c055,
Fixed_Rowwise,2,3,R02_F03,177,Training,COMP-5479c448b954c055,
Fixed_Rowwise,2,3,R02_F03,178,Training,COMP-b9abc443805301b1,
Fixed_Rowwise,2,3,R02_F03,181,Training,COMP-69c6ecd7284d3b47,
Fixed_Rowwise,2,3,R02_F03,182,Training,COMP-630f3050f45faf36,
Fixed_Rowwise,2,3,R02_F03,183,Training,COMP-630f3050f45faf36,
Fixed_Rowwise,2,3,R02_F03,184,Training,COMP-0966c0019ec07f39,
Fixed_Rowwise,2,3,R02_F03,186,Training,COMP-0966c0019ec07f39,
Fixed_Rowwise,2,3,R02_F03,187,Training,COMP-a7670bf71188b1d6,
Fixed_Rowwise,2,3,R02_F03,188,Training,COMP-a7670bf71188b1d6,
Fixed_Rowwise,2,3,R02_F03,194,Training,COMP-445f55453794f59c,
Fixed_Rowwise,2,3,R02_F03,197,Training,COMP-880bd22028629a8e,
Fixed_Rowwise,2,3,R02_F03,199,Training,COMP-6525c735bb50fb1c,
Fixed_Rowwise,2,3,R02_F03,200,Training,COMP-b878df279a448475,
Fixed_Rowwise,2,3,R02_F03,201,Training,COMP-05480af3b167ab05,
Fixed_Rowwise,2,3,R02_F03,202,Training,COMP-598bc18a3ba07a9e,
Fixed_Rowwise,2,3,R02_F03,205,Training,COMP-d8a14990923ce9f7,
Fixed_Rowwise,2,3,R02_F03,207,Training,COMP-948abb1ebd270642,
Fixed_Rowwise,2,3,R02_F03,210,Training,COMP-d7494ade7e8dd694,
Fixed_Rowwise,2,3,R02_F03,211,Training,COMP-b775405901636085,
Fixed_Rowwise,2,3,R02_F03,214,Training,COMP-35e38ea13dc05b9e,
Fixed_Rowwise,2,3,R02_F03,215,Training,COMP-6b4f0394292930ba,
Fixed_Rowwise,2,3,R02_F03,216,Training,COMP-4a76c05754ee1efa,
Fixed_Rowwise,2,3,R02_F03,219,Training,COMP-eae7689b221fd7f8,
Fixed_Rowwise,2,3,R02_F03,221,Training,COMP-20d1e620c817cb5a,
Fixed_Rowwise,2,3,R02_F03,225,Training,COMP-289a02a6b94655b9,
Fixed_Rowwise,2,3,R02_F03,229,Training,COMP-2753cd2e053c8c98,
Fixed_Rowwise,2,3,R02_F03,230,Training,COMP-0107563adaed8d01,
Fixed_Rowwise,2,3,R02_F03,231,Training,COMP-0e256dc7494452a7,
Fixed_Rowwise,2,3,R02_F03,232,Training,COMP-0e256dc7494452a7,
Fixed_Rowwise,2,3,R02_F03,233,Training,COMP-e60cc4ecffe6b7df,
Fixed_Rowwise,2,3,R02_F03,236,Training,COMP-44fea4804e888e0a,
Fixed_Rowwise,2,3,R02_F03,238,Training,COMP-fc5c3e46d2655b62,
Fixed_Rowwise,2,3,R02_F03,240,Training,COMP-0b765af90e5ebd4c,
Fixed_Rowwise,2,3,R02_F03,241,Training,COMP-631a18a4a6b20c0c,
Fixed_Rowwise,2,3,R02_F03,242,Training,COMP-631a18a4a6b20c0c,
Fixed_Rowwise,2,3,R02_F03,243,Training,COMP-b0cc51380afea02b,
Fixed_Rowwise,2,3,R02_F03,246,Training,COMP-1fc9679353325516,
Fixed_Rowwise,2,3,R02_F03,247,Training,COMP-e295ac85ac1ada41,
Fixed_Rowwise,2,3,R02_F03,249,Training,COMP-e295ac85ac1ada41,
Fixed_Rowwise,2,3,R02_F03,251,Training,COMP-dd1e9c4c0f247912,
Fixed_Rowwise,2,3,R02_F03,252,Training,COMP-725d39a40881dc4b,
Fixed_Rowwise,2,3,R02_F03,253,Training,COMP-725d39a40881dc4b,
Fixed_Rowwise,2,3,R02_F03,256,Training,COMP-95a56990f4bea8a9,
Fixed_Rowwise,2,3,R02_F03,257,Training,COMP-95a56990f4bea8a9,
Fixed_Rowwise,2,3,R02_F03,258,Training,COMP-95a56990f4bea8a9,
Fixed_Rowwise,2,3,R02_F03,259,Training,COMP-95a56990f4bea8a9,
Fixed_Rowwise,2,3,R02_F03,263,Training,COMP-95a56990f4bea8a9,
Fixed_Rowwise,2,3,R02_F03,266,Training,COMP-95a56990f4bea8a9,
Fixed_Rowwise,2,3,R02_F03,268,Training,COMP-95a56990f4bea8a9,
Fixed_Rowwise,2,3,R02_F03,271,Training,COMP-95a56990f4bea8a9,
Fixed_Rowwise,2,3,R02_F03,272,Training,COMP-95a56990f4bea8a9,
Fixed_Rowwise,2,3,R02_F03,273,Training,COMP-95a56990f4bea8a9,
Fixed_Rowwise,2,3,R02_F03,283,Training,COMP-95a56990f4bea8a9,
Fixed_Rowwise,2,3,R02_F03,288,Training,COMP-478c9f483894c42c,
Fixed_Rowwise,2,3,R02_F03,292,Training,COMP-478c9f483894c42c,
Fixed_Rowwise,2,3,R02_F03,295,Training,COMP-478c9f483894c42c,
Fixed_Rowwise,2,3,R02_F03,296,Training,COMP-478c9f483894c42c,
Fixed_Rowwise,2,3,R02_F03,306,Training,COMP-478c9f483894c42c,
Fixed_Rowwise,2,3,R02_F03,307,Training,COMP-478c9f483894c42c,
Fixed_Rowwise,2,3,R02_F03,309,Training,COMP-478c9f483894c42c,
Fixed_Rowwise,2,3,R02_F03,310,Training,COMP-478c9f483894c42c,
Fixed_Rowwise,2,3,R02_F03,311,Training,COMP-478c9f483894c42c,
Fixed_Rowwise,2,3,R02_F03,313,Training,COMP-478c9f483894c42c,
Fixed_Rowwise,2,3,R02_F03,315,Training,COMP-478c9f483894c42c,
Fixed_Rowwise,2,3,R02_F03,316,Training,COMP-478c9f483894c42c,
Fixed_Rowwise,2,3,R02_F03,320,Training,COMP-dbc0864492ec7b98,
Fixed_Rowwise,2,3,R02_F03,321,Training,COMP-dbc0864492ec7b98,
Fixed_Rowwise,2,3,R02_F03,322,Training,COMP-dbc0864492ec7b98,
Fixed_Rowwise,2,3,R02_F03,323,Training,COMP-dbc0864492ec7b98,
Fixed_Rowwise,2,3,R02_F03,324,Training,COMP-dbc0864492ec7b98,
Fixed_Rowwise,2,3,R02_F03,325,Training,COMP-dbc0864492ec7b98,
Fixed_Rowwise,2,3,R02_F03,326,Training,COMP-dbc0864492ec7b98,
Fixed_Rowwise,2,3,R02_F03,327,Training,COMP-dbc0864492ec7b98,
Fixed_Rowwise,2,3,R02_F03,328,Training,COMP-dbc0864492ec7b98,
Fixed_Rowwise,2,3,R02_F03,331,Training,COMP-dbc0864492ec7b98,
Fixed_Rowwise,2,3,R02_F03,334,Training,COMP-dbc0864492ec7b98,
Fixed_Rowwise,2,3,R02_F03,337,Training,COMP-06072d2dd3b021af,
Fixed_Rowwise,2,3,R02_F03,339,Training,COMP-06072d2dd3b021af,
Fixed_Rowwise,2,3,R02_F03,342,Training,COMP-221944a235b3f36b,
Fixed_Rowwise,2,3,R02_F03,347,Training,COMP-e1e52574fbb04f58,
Fixed_Rowwise,2,3,R02_F03,348,Training,COMP-30cef922979fb9fd,
Fixed_Rowwise,2,3,R02_F03,349,Training,COMP-30cef922979fb9fd,
Fixed_Rowwise,2,3,R02_F03,350,Training,COMP-30cef922979fb9fd,
Fixed_Rowwise,2,3,R02_F03,351,Training,COMP-30cef922979fb9fd,
Fixed_Rowwise,2,3,R02_F03,352,Training,COMP-30cef922979fb9fd,
Fixed_Rowwise,2,3,R02_F03,354,Training,COMP-59f47d6774b9fdfb,
Fixed_Rowwise,2,3,R02_F03,356,Training,COMP-59f47d6774b9fdfb,
Fixed_Rowwise,2,3,R02_F03,358,Training,COMP-59f47d6774b9fdfb,
Fixed_Rowwise,2,3,R02_F03,360,Training,COMP-0765adc8c505dd3b,
Fixed_Rowwise,2,3,R02_F03,364,Training,COMP-0765adc8c505dd3b,
Fixed_Rowwise,2,3,R02_F03,365,Training,COMP-e1e52574fbb04f58,
Fixed_Rowwise,2,3,R02_F03,369,Training,COMP-6f2ca218fbd1923b,
Fixed_Rowwise,2,3,R02_F03,371,Training,COMP-6f2ca218fbd1923b,
Fixed_Rowwise,2,3,R02_F03,372,Training,COMP-6f2ca218fbd1923b,
Fixed_Rowwise,2,3,R02_F03,376,Training,COMP-6f2ca218fbd1923b,
Fixed_Rowwise,2,3,R02_F03,380,Training,COMP-6f2ca218fbd1923b,
Fixed_Rowwise,2,3,R02_F03,381,Training,COMP-6f2ca218fbd1923b,
Fixed_Rowwise,2,3,R02_F03,382,Training,COMP-6f2ca218fbd1923b,
Fixed_Rowwise,2,3,R02_F03,384,Training,COMP-6f2ca218fbd1923b,
Fixed_Rowwise,2,3,R02_F03,386,Training,COMP-6f2ca218fbd1923b,
Fixed_Rowwise,2,3,R02_F03,388,Training,COMP-6f2ca218fbd1923b,
Fixed_Rowwise,2,3,R02_F03,389,Training,COMP-6f2ca218fbd1923b,
Fixed_Rowwise,2,3,R02_F03,391,Training,COMP-6f2ca218fbd1923b,
Fixed_Rowwise,2,3,R02_F03,393,Training,COMP-6f2ca218fbd1923b,
Fixed_Rowwise,2,3,R02_F03,395,Training,COMP-6f2ca218fbd1923b,
Fixed_Rowwise,2,3,R02_F03,402,Training,COMP-6f2ca218fbd1923b,
Fixed_Rowwise,2,3,R02_F03,405,Training,COMP-6f2ca218fbd1923b,
Fixed_Rowwise,2,3,R02_F03,406,Training,COMP-7fb1fecc93ced403,
Fixed_Rowwise,2,3,R02_F03,408,Training,COMP-7fb1fecc93ced403,
Fixed_Rowwise,2,3,R02_F03,413,Training,COMP-a85acb2f2da0216b,
Fixed_Rowwise,2,3,R02_F03,414,Training,COMP-a85acb2f2da0216b,
Fixed_Rowwise,2,3,R02_F03,415,Training,COMP-a85acb2f2da0216b,
Fixed_Rowwise,2,3,R02_F03,421,Training,COMP-edeedccfd8f07e13,
Fixed_Rowwise,2,3,R02_F03,422,Training,COMP-edeedccfd8f07e13,
Fixed_Rowwise,2,3,R02_F03,424,Training,COMP-f9d9cbed014e8b80,
Fixed_Rowwise,2,3,R02_F03,425,Training,COMP-f9d9cbed014e8b80,
Fixed_Rowwise,2,3,R02_F03,427,Training,COMP-f9d9cbed014e8b80,
Fixed_Rowwise,2,3,R02_F03,429,Training,COMP-f9d9cbed014e8b80,
Fixed_Rowwise,2,3,R02_F03,431,Training,COMP-f9d9cbed014e8b80,
Fixed_Rowwise,2,3,R02_F03,434,Training,COMP-f9d9cbed014e8b80,
Fixed_Rowwise,2,3,R02_F03,438,Training,COMP-f9d9cbed014e8b80,
Fixed_Rowwise,2,3,R02_F03,440,Training,COMP-f9d9cbed014e8b80,
Fixed_Rowwise,2,3,R02_F03,445,Training,COMP-f9d9cbed014e8b80,
Fixed_Rowwise,2,3,R02_F03,448,Training,COMP-f9d9cbed014e8b80,
Fixed_Rowwise,2,3,R02_F03,449,Training,COMP-f9d9cbed014e8b80,
Fixed_Rowwise,2,3,R02_F03,450,Training,COMP-f9d9cbed014e8b80,
Fixed_Rowwise,2,3,R02_F03,451,Training,COMP-f9d9cbed014e8b80,
Fixed_Rowwise,2,3,R02_F03,6,Validation,COMP-27021c945dc6ef2d,
Fixed_Rowwise,2,3,R02_F03,20,Validation,COMP-0b765af90e5ebd4c,
Fixed_Rowwise,2,3,R02_F03,23,Validation,COMP-81f8a3600f73b006,
Fixed_Rowwise,2,3,R02_F03,24,Validation,COMP-0b765af90e5ebd4c,
Fixed_Rowwise,2,3,R02_F03,28,Validation,COMP-3632fb12e94bc35a,
Fixed_Rowwise,2,3,R02_F03,29,Validation,COMP-773f99d6dc417f9e,
Fixed_Rowwise,2,3,R02_F03,54,Validation,COMP-ea1f0dc96a173899,
Fixed_Rowwise,2,3,R02_F03,63,Validation,COMP-21d126c9d34df073,
Fixed_Rowwise,2,3,R02_F03,74,Validation,COMP-f9a00d6d8411a0d1,
Fixed_Rowwise,2,3,R02_F03,86,Validation,COMP-ea2a626c3522e4a5,
Fixed_Rowwise,2,3,R02_F03,87,Validation,COMP-a14831ff30c0b14d,
Fixed_Rowwise,2,3,R02_F03,92,Validation,COMP-ea2a626c3522e4a5,
Fixed_Rowwise,2,3,R02_F03,95,Validation,COMP-ea2a626c3522e4a5,
Fixed_Rowwise,2,3,R02_F03,98,Validation,COMP-e913f917a7e36868,
Fixed_Rowwise,2,3,R02_F03,102,Validation,COMP-435a8f4ba56d8b5d,
Fixed_Rowwise,2,3,R02_F03,104,Validation,COMP-435a8f4ba56d8b5d,
Fixed_Rowwise,2,3,R02_F03,105,Validation,COMP-435a8f4ba56d8b5d,
Fixed_Rowwise,2,3,R02_F03,111,Validation,COMP-c1d72bb5d7d164b0,
Fixed_Rowwise,2,3,R02_F03,145,Validation,COMP-89919c53d3149a2d,
Fixed_Rowwise,2,3,R02_F03,147,Validation,COMP-055230aabe7d502c,
Fixed_Rowwise,2,3,R02_F03,149,Validation,COMP-266a388f7afdbe91,
Fixed_Rowwise,2,3,R02_F03,152,Validation,COMP-055230aabe7d502c,
Fixed_Rowwise,2,3,R02_F03,157,Validation,COMP-ddfcf6030a718a0c,
Fixed_Rowwise,2,3,R02_F03,160,Validation,COMP-0346738121cb655e,
Fixed_Rowwise,2,3,R02_F03,163,Validation,COMP-b2e9edd7bc55d085,
Fixed_Rowwise,2,3,R02_F03,167,Validation,COMP-eacd4f126ab29a30,
Fixed_Rowwise,2,3,R02_F03,193,Validation,COMP-889d7d6c6dbf5b76,
Fixed_Rowwise,2,3,R02_F03,224,Validation,COMP-93900d7c81c38cdd,
Fixed_Rowwise,2,3,R02_F03,226,Validation,COMP-93900d7c81c38cdd,
Fixed_Rowwise,2,3,R02_F03,228,Validation,COMP-46e30c1bd5e987da,
Fixed_Rowwise,2,3,R02_F03,235,Validation,COMP-091a20b5a1dfb76f,
Fixed_Rowwise,2,3,R02_F03,237,Validation,COMP-4ef2bcae5243588c,
Fixed_Rowwise,2,3,R02_F03,239,Validation,COMP-0b765af90e5ebd4c,
Fixed_Rowwise,2,3,R02_F03,255,Validation,COMP-95a56990f4bea8a9,
Fixed_Rowwise,2,3,R02_F03,260,Validation,COMP-95a56990f4bea8a9,
Fixed_Rowwise,2,3,R02_F03,282,Validation,COMP-95a56990f4bea8a9,
Fixed_Rowwise,2,3,R02_F03,285,Validation,COMP-95a56990f4bea8a9,
Fixed_Rowwise,2,3,R02_F03,286,Validation,COMP-478c9f483894c42c,
Fixed_Rowwise,2,3,R02_F03,300,Validation,COMP-478c9f483894c42c,
Fixed_Rowwise,2,3,R02_F03,303,Validation,COMP-478c9f483894c42c,
Fixed_Rowwise,2,3,R02_F03,333,Validation,COMP-dbc0864492ec7b98,
Fixed_Rowwise,2,3,R02_F03,341,Validation,COMP-221944a235b3f36b,
Fixed_Rowwise,2,3,R02_F03,344,Validation,COMP-e1e52574fbb04f58,
Fixed_Rowwise,2,3,R02_F03,345,Validation,COMP-e1e52574fbb04f58,
Fixed_Rowwise,2,3,R02_F03,363,Validation,COMP-0765adc8c505dd3b,
Fixed_Rowwise,2,3,R02_F03,375,Validation,COMP-6f2ca218fbd1923b,
Fixed_Rowwise,2,3,R02_F03,378,Validation,COMP-6f2ca218fbd1923b,
Fixed_Rowwise,2,3,R02_F03,387,Validation,COMP-6f2ca218fbd1923b,
Fixed_Rowwise,2,3,R02_F03,399,Validation,COMP-6f2ca218fbd1923b,
Fixed_Rowwise,2,3,R02_F03,404,Validation,COMP-6f2ca218fbd1923b,
Fixed_Rowwise,2,3,R02_F03,418,Validation,COMP-a85acb2f2da0216b,
Fixed_Rowwise,2,3,R02_F03,432,Validation,COMP-f9d9cbed014e8b80,
Fixed_Rowwise,2,3,R02_F03,441,Validation,COMP-f9d9cbed014e8b80,
Fixed_Rowwise,2,3,R02_F03,444,Validation,COMP-f9d9cbed014e8b80,
Fixed_Rowwise,2,4,R02_F04,1,Training,COMP-27021c945dc6ef2d,
Fixed_Rowwise,2,4,R02_F04,3,Training,COMP-725d39a40881dc4b,
Fixed_Rowwise,2,4,R02_F04,4,Training,COMP-862c9c676a6f1012,
Fixed_Rowwise,2,4,R02_F04,6,Training,COMP-27021c945dc6ef2d,
Fixed_Rowwise,2,4,R02_F04,8,Training,COMP-725d39a40881dc4b,
Fixed_Rowwise,2,4,R02_F04,10,Training,COMP-725d39a40881dc4b,
Fixed_Rowwise,2,4,R02_F04,12,Training,COMP-725d39a40881dc4b,
Fixed_Rowwise,2,4,R02_F04,13,Training,COMP-27021c945dc6ef2d,
Fixed_Rowwise,2,4,R02_F04,14,Training,COMP-609dfbaf681359b8,
Fixed_Rowwise,2,4,R02_F04,17,Training,COMP-773f99d6dc417f9e,
Fixed_Rowwise,2,4,R02_F04,20,Training,COMP-0b765af90e5ebd4c,
Fixed_Rowwise,2,4,R02_F04,21,Training,COMP-0b765af90e5ebd4c,
Fixed_Rowwise,2,4,R02_F04,23,Training,COMP-81f8a3600f73b006,
Fixed_Rowwise,2,4,R02_F04,24,Training,COMP-0b765af90e5ebd4c,
Fixed_Rowwise,2,4,R02_F04,28,Training,COMP-3632fb12e94bc35a,
Fixed_Rowwise,2,4,R02_F04,29,Training,COMP-773f99d6dc417f9e,
Fixed_Rowwise,2,4,R02_F04,32,Training,COMP-81f8a3600f73b006,
Fixed_Rowwise,2,4,R02_F04,35,Training,COMP-a87a2533a652007c,
Fixed_Rowwise,2,4,R02_F04,36,Training,COMP-87a7ec252c82f56c,
Fixed_Rowwise,2,4,R02_F04,43,Training,COMP-9b0e3106e10f71db,
Fixed_Rowwise,2,4,R02_F04,44,Training,COMP-0d7ce00a50a6a24f,
Fixed_Rowwise,2,4,R02_F04,45,Training,COMP-59ce4655e65cf94a,
Fixed_Rowwise,2,4,R02_F04,47,Training,COMP-e295ac85ac1ada41,
Fixed_Rowwise,2,4,R02_F04,48,Training,COMP-b611e8d56579c910,
Fixed_Rowwise,2,4,R02_F04,51,Training,COMP-dbc0864492ec7b98,
Fixed_Rowwise,2,4,R02_F04,52,Training,COMP-06f5d2a767a65349,
Fixed_Rowwise,2,4,R02_F04,54,Training,COMP-ea1f0dc96a173899,
Fixed_Rowwise,2,4,R02_F04,61,Training,COMP-3f22c6642a7a1344,
Fixed_Rowwise,2,4,R02_F04,63,Training,COMP-21d126c9d34df073,
Fixed_Rowwise,2,4,R02_F04,64,Training,COMP-3157f0dc71f862ff,
Fixed_Rowwise,2,4,R02_F04,65,Training,COMP-7c0b488137fafb3b,
Fixed_Rowwise,2,4,R02_F04,67,Training,COMP-49d8e1edbf1c2fbd,
Fixed_Rowwise,2,4,R02_F04,68,Training,COMP-21d126c9d34df073,
Fixed_Rowwise,2,4,R02_F04,74,Training,COMP-f9a00d6d8411a0d1,
Fixed_Rowwise,2,4,R02_F04,80,Training,COMP-a14831ff30c0b14d,
Fixed_Rowwise,2,4,R02_F04,85,Training,COMP-e913f917a7e36868,
Fixed_Rowwise,2,4,R02_F04,86,Training,COMP-ea2a626c3522e4a5,
Fixed_Rowwise,2,4,R02_F04,87,Training,COMP-a14831ff30c0b14d,
Fixed_Rowwise,2,4,R02_F04,92,Training,COMP-ea2a626c3522e4a5,
Fixed_Rowwise,2,4,R02_F04,94,Training,COMP-ea2a626c3522e4a5,
Fixed_Rowwise,2,4,R02_F04,95,Training,COMP-ea2a626c3522e4a5,
Fixed_Rowwise,2,4,R02_F04,97,Training,COMP-a14831ff30c0b14d,
Fixed_Rowwise,2,4,R02_F04,98,Training,COMP-e913f917a7e36868,
Fixed_Rowwise,2,4,R02_F04,99,Training,COMP-ea2a626c3522e4a5,
Fixed_Rowwise,2,4,R02_F04,100,Training,COMP-ea2a626c3522e4a5,
Fixed_Rowwise,2,4,R02_F04,102,Training,COMP-435a8f4ba56d8b5d,
Fixed_Rowwise,2,4,R02_F04,103,Training,COMP-435a8f4ba56d8b5d,
Fixed_Rowwise,2,4,R02_F04,104,Training,COMP-435a8f4ba56d8b5d,
Fixed_Rowwise,2,4,R02_F04,105,Training,COMP-435a8f4ba56d8b5d,
Fixed_Rowwise,2,4,R02_F04,107,Training,COMP-384273ac244080b1,
Fixed_Rowwise,2,4,R02_F04,110,Training,COMP-c1d72bb5d7d164b0,
Fixed_Rowwise,2,4,R02_F04,111,Training,COMP-c1d72bb5d7d164b0,
Fixed_Rowwise,2,4,R02_F04,112,Training,COMP-c1d72bb5d7d164b0,
Fixed_Rowwise,2,4,R02_F04,114,Training,COMP-6360354242bed7fe,
Fixed_Rowwise,2,4,R02_F04,115,Training,COMP-15c7378d46cadefa,
Fixed_Rowwise,2,4,R02_F04,118,Training,COMP-8bbe9ce01fb6a2d3,
Fixed_Rowwise,2,4,R02_F04,120,Training,COMP-8bbe9ce01fb6a2d3,
Fixed_Rowwise,2,4,R02_F04,121,Training,COMP-b2e9edd7bc55d085,
Fixed_Rowwise,2,4,R02_F04,122,Training,COMP-b2e9edd7bc55d085,
Fixed_Rowwise,2,4,R02_F04,123,Training,COMP-0ee2ef468faff8db,
Fixed_Rowwise,2,4,R02_F04,125,Training,COMP-0ee2ef468faff8db,
Fixed_Rowwise,2,4,R02_F04,126,Training,COMP-5502f8bc72167a0b,
Fixed_Rowwise,2,4,R02_F04,127,Training,COMP-5502f8bc72167a0b,
Fixed_Rowwise,2,4,R02_F04,130,Training,COMP-89919c53d3149a2d,
Fixed_Rowwise,2,4,R02_F04,133,Training,COMP-89919c53d3149a2d,
Fixed_Rowwise,2,4,R02_F04,134,Training,COMP-89919c53d3149a2d,
Fixed_Rowwise,2,4,R02_F04,135,Training,COMP-89919c53d3149a2d,
Fixed_Rowwise,2,4,R02_F04,139,Training,COMP-89919c53d3149a2d,
Fixed_Rowwise,2,4,R02_F04,141,Training,COMP-89919c53d3149a2d,
Fixed_Rowwise,2,4,R02_F04,142,Training,COMP-89919c53d3149a2d,
Fixed_Rowwise,2,4,R02_F04,143,Training,COMP-89919c53d3149a2d,
Fixed_Rowwise,2,4,R02_F04,144,Training,COMP-89919c53d3149a2d,
Fixed_Rowwise,2,4,R02_F04,145,Training,COMP-89919c53d3149a2d,
Fixed_Rowwise,2,4,R02_F04,147,Training,COMP-055230aabe7d502c,
Fixed_Rowwise,2,4,R02_F04,149,Training,COMP-266a388f7afdbe91,
Fixed_Rowwise,2,4,R02_F04,150,Training,COMP-055230aabe7d502c,
Fixed_Rowwise,2,4,R02_F04,152,Training,COMP-055230aabe7d502c,
Fixed_Rowwise,2,4,R02_F04,154,Training,COMP-150ce51691dfb5f9,
Fixed_Rowwise,2,4,R02_F04,156,Training,COMP-941f92def7f50542,
Fixed_Rowwise,2,4,R02_F04,157,Training,COMP-ddfcf6030a718a0c,
Fixed_Rowwise,2,4,R02_F04,159,Training,COMP-0346738121cb655e,
Fixed_Rowwise,2,4,R02_F04,160,Training,COMP-0346738121cb655e,
Fixed_Rowwise,2,4,R02_F04,161,Training,COMP-eacd4f126ab29a30,
Fixed_Rowwise,2,4,R02_F04,162,Training,COMP-ddfcf6030a718a0c,
Fixed_Rowwise,2,4,R02_F04,163,Training,COMP-b2e9edd7bc55d085,
Fixed_Rowwise,2,4,R02_F04,164,Training,COMP-941f92def7f50542,
Fixed_Rowwise,2,4,R02_F04,167,Training,COMP-eacd4f126ab29a30,
Fixed_Rowwise,2,4,R02_F04,168,Training,COMP-92ed17371ff559b6,
Fixed_Rowwise,2,4,R02_F04,169,Training,COMP-92ed17371ff559b6,
Fixed_Rowwise,2,4,R02_F04,172,Training,COMP-92ed17371ff559b6,
Fixed_Rowwise,2,4,R02_F04,173,Training,COMP-0d41a2cf75110ad6,
Fixed_Rowwise,2,4,R02_F04,174,Training,COMP-a35a20d65351aafe,
Fixed_Rowwise,2,4,R02_F04,176,Training,COMP-5479c448b954c055,
Fixed_Rowwise,2,4,R02_F04,177,Training,COMP-5479c448b954c055,
Fixed_Rowwise,2,4,R02_F04,181,Training,COMP-69c6ecd7284d3b47,
Fixed_Rowwise,2,4,R02_F04,182,Training,COMP-630f3050f45faf36,
Fixed_Rowwise,2,4,R02_F04,183,Training,COMP-630f3050f45faf36,
Fixed_Rowwise,2,4,R02_F04,184,Training,COMP-0966c0019ec07f39,
Fixed_Rowwise,2,4,R02_F04,186,Training,COMP-0966c0019ec07f39,
Fixed_Rowwise,2,4,R02_F04,187,Training,COMP-a7670bf71188b1d6,
Fixed_Rowwise,2,4,R02_F04,193,Training,COMP-889d7d6c6dbf5b76,
Fixed_Rowwise,2,4,R02_F04,194,Training,COMP-445f55453794f59c,
Fixed_Rowwise,2,4,R02_F04,199,Training,COMP-6525c735bb50fb1c,
Fixed_Rowwise,2,4,R02_F04,200,Training,COMP-b878df279a448475,
Fixed_Rowwise,2,4,R02_F04,202,Training,COMP-598bc18a3ba07a9e,
Fixed_Rowwise,2,4,R02_F04,205,Training,COMP-d8a14990923ce9f7,
Fixed_Rowwise,2,4,R02_F04,207,Training,COMP-948abb1ebd270642,
Fixed_Rowwise,2,4,R02_F04,210,Training,COMP-d7494ade7e8dd694,
Fixed_Rowwise,2,4,R02_F04,211,Training,COMP-b775405901636085,
Fixed_Rowwise,2,4,R02_F04,214,Training,COMP-35e38ea13dc05b9e,
Fixed_Rowwise,2,4,R02_F04,216,Training,COMP-4a76c05754ee1efa,
Fixed_Rowwise,2,4,R02_F04,219,Training,COMP-eae7689b221fd7f8,
Fixed_Rowwise,2,4,R02_F04,221,Training,COMP-20d1e620c817cb5a,
Fixed_Rowwise,2,4,R02_F04,224,Training,COMP-93900d7c81c38cdd,
Fixed_Rowwise,2,4,R02_F04,225,Training,COMP-289a02a6b94655b9,
Fixed_Rowwise,2,4,R02_F04,226,Training,COMP-93900d7c81c38cdd,
Fixed_Rowwise,2,4,R02_F04,228,Training,COMP-46e30c1bd5e987da,
Fixed_Rowwise,2,4,R02_F04,229,Training,COMP-2753cd2e053c8c98,
Fixed_Rowwise,2,4,R02_F04,230,Training,COMP-0107563adaed8d01,
Fixed_Rowwise,2,4,R02_F04,232,Training,COMP-0e256dc7494452a7,
Fixed_Rowwise,2,4,R02_F04,233,Training,COMP-e60cc4ecffe6b7df,
Fixed_Rowwise,2,4,R02_F04,235,Training,COMP-091a20b5a1dfb76f,
Fixed_Rowwise,2,4,R02_F04,237,Training,COMP-4ef2bcae5243588c,
Fixed_Rowwise,2,4,R02_F04,238,Training,COMP-fc5c3e46d2655b62,
Fixed_Rowwise,2,4,R02_F04,239,Training,COMP-0b765af90e5ebd4c,
Fixed_Rowwise,2,4,R02_F04,241,Training,COMP-631a18a4a6b20c0c,
Fixed_Rowwise,2,4,R02_F04,242,Training,COMP-631a18a4a6b20c0c,
Fixed_Rowwise,2,4,R02_F04,243,Training,COMP-b0cc51380afea02b,
Fixed_Rowwise,2,4,R02_F04,246,Training,COMP-1fc9679353325516,
Fixed_Rowwise,2,4,R02_F04,249,Training,COMP-e295ac85ac1ada41,
Fixed_Rowwise,2,4,R02_F04,251,Training,COMP-dd1e9c4c0f247912,
Fixed_Rowwise,2,4,R02_F04,252,Training,COMP-725d39a40881dc4b,
Fixed_Rowwise,2,4,R02_F04,253,Training,COMP-725d39a40881dc4b,
Fixed_Rowwise,2,4,R02_F04,255,Training,COMP-95a56990f4bea8a9,
Fixed_Rowwise,2,4,R02_F04,256,Training,COMP-95a56990f4bea8a9,
Fixed_Rowwise,2,4,R02_F04,257,Training,COMP-95a56990f4bea8a9,
Fixed_Rowwise,2,4,R02_F04,258,Training,COMP-95a56990f4bea8a9,
Fixed_Rowwise,2,4,R02_F04,259,Training,COMP-95a56990f4bea8a9,
Fixed_Rowwise,2,4,R02_F04,260,Training,COMP-95a56990f4bea8a9,
Fixed_Rowwise,2,4,R02_F04,263,Training,COMP-95a56990f4bea8a9,
Fixed_Rowwise,2,4,R02_F04,268,Training,COMP-95a56990f4bea8a9,
Fixed_Rowwise,2,4,R02_F04,273,Training,COMP-95a56990f4bea8a9,
Fixed_Rowwise,2,4,R02_F04,282,Training,COMP-95a56990f4bea8a9,
Fixed_Rowwise,2,4,R02_F04,283,Training,COMP-95a56990f4bea8a9,
Fixed_Rowwise,2,4,R02_F04,285,Training,COMP-95a56990f4bea8a9,
Fixed_Rowwise,2,4,R02_F04,286,Training,COMP-478c9f483894c42c,
Fixed_Rowwise,2,4,R02_F04,292,Training,COMP-478c9f483894c42c,
Fixed_Rowwise,2,4,R02_F04,296,Training,COMP-478c9f483894c42c,
Fixed_Rowwise,2,4,R02_F04,300,Training,COMP-478c9f483894c42c,
Fixed_Rowwise,2,4,R02_F04,303,Training,COMP-478c9f483894c42c,
Fixed_Rowwise,2,4,R02_F04,306,Training,COMP-478c9f483894c42c,
Fixed_Rowwise,2,4,R02_F04,309,Training,COMP-478c9f483894c42c,
Fixed_Rowwise,2,4,R02_F04,313,Training,COMP-478c9f483894c42c,
Fixed_Rowwise,2,4,R02_F04,316,Training,COMP-478c9f483894c42c,
Fixed_Rowwise,2,4,R02_F04,320,Training,COMP-dbc0864492ec7b98,
Fixed_Rowwise,2,4,R02_F04,322,Training,COMP-dbc0864492ec7b98,
Fixed_Rowwise,2,4,R02_F04,323,Training,COMP-dbc0864492ec7b98,
Fixed_Rowwise,2,4,R02_F04,324,Training,COMP-dbc0864492ec7b98,
Fixed_Rowwise,2,4,R02_F04,325,Training,COMP-dbc0864492ec7b98,
Fixed_Rowwise,2,4,R02_F04,327,Training,COMP-dbc0864492ec7b98,
Fixed_Rowwise,2,4,R02_F04,328,Training,COMP-dbc0864492ec7b98,
Fixed_Rowwise,2,4,R02_F04,331,Training,COMP-dbc0864492ec7b98,
Fixed_Rowwise,2,4,R02_F04,333,Training,COMP-dbc0864492ec7b98,
Fixed_Rowwise,2,4,R02_F04,334,Training,COMP-dbc0864492ec7b98,
Fixed_Rowwise,2,4,R02_F04,339,Training,COMP-06072d2dd3b021af,
Fixed_Rowwise,2,4,R02_F04,341,Training,COMP-221944a235b3f36b,
Fixed_Rowwise,2,4,R02_F04,344,Training,COMP-e1e52574fbb04f58,
Fixed_Rowwise,2,4,R02_F04,345,Training,COMP-e1e52574fbb04f58,
Fixed_Rowwise,2,4,R02_F04,347,Training,COMP-e1e52574fbb04f58,
Fixed_Rowwise,2,4,R02_F04,348,Training,COMP-30cef922979fb9fd,
Fixed_Rowwise,2,4,R02_F04,349,Training,COMP-30cef922979fb9fd,
Fixed_Rowwise,2,4,R02_F04,350,Training,COMP-30cef922979fb9fd,
Fixed_Rowwise,2,4,R02_F04,351,Training,COMP-30cef922979fb9fd,
Fixed_Rowwise,2,4,R02_F04,352,Training,COMP-30cef922979fb9fd,
Fixed_Rowwise,2,4,R02_F04,356,Training,COMP-59f47d6774b9fdfb,
Fixed_Rowwise,2,4,R02_F04,358,Training,COMP-59f47d6774b9fdfb,
Fixed_Rowwise,2,4,R02_F04,360,Training,COMP-0765adc8c505dd3b,
Fixed_Rowwise,2,4,R02_F04,363,Training,COMP-0765adc8c505dd3b,
Fixed_Rowwise,2,4,R02_F04,364,Training,COMP-0765adc8c505dd3b,
Fixed_Rowwise,2,4,R02_F04,365,Training,COMP-e1e52574fbb04f58,
Fixed_Rowwise,2,4,R02_F04,369,Training,COMP-6f2ca218fbd1923b,
Fixed_Rowwise,2,4,R02_F04,371,Training,COMP-6f2ca218fbd1923b,
Fixed_Rowwise,2,4,R02_F04,372,Training,COMP-6f2ca218fbd1923b,
Fixed_Rowwise,2,4,R02_F04,375,Training,COMP-6f2ca218fbd1923b,
Fixed_Rowwise,2,4,R02_F04,376,Training,COMP-6f2ca218fbd1923b,
Fixed_Rowwise,2,4,R02_F04,378,Training,COMP-6f2ca218fbd1923b,
Fixed_Rowwise,2,4,R02_F04,380,Training,COMP-6f2ca218fbd1923b,
Fixed_Rowwise,2,4,R02_F04,382,Training,COMP-6f2ca218fbd1923b,
Fixed_Rowwise,2,4,R02_F04,384,Training,COMP-6f2ca218fbd1923b,
Fixed_Rowwise,2,4,R02_F04,386,Training,COMP-6f2ca218fbd1923b,
Fixed_Rowwise,2,4,R02_F04,387,Training,COMP-6f2ca218fbd1923b,
Fixed_Rowwise,2,4,R02_F04,388,Training,COMP-6f2ca218fbd1923b,
Fixed_Rowwise,2,4,R02_F04,391,Training,COMP-6f2ca218fbd1923b,
Fixed_Rowwise,2,4,R02_F04,393,Training,COMP-6f2ca218fbd1923b,
Fixed_Rowwise,2,4,R02_F04,399,Training,COMP-6f2ca218fbd1923b,
Fixed_Rowwise,2,4,R02_F04,402,Training,COMP-6f2ca218fbd1923b,
Fixed_Rowwise,2,4,R02_F04,404,Training,COMP-6f2ca218fbd1923b,
Fixed_Rowwise,2,4,R02_F04,405,Training,COMP-6f2ca218fbd1923b,
Fixed_Rowwise,2,4,R02_F04,406,Training,COMP-7fb1fecc93ced403,
Fixed_Rowwise,2,4,R02_F04,408,Training,COMP-7fb1fecc93ced403,
Fixed_Rowwise,2,4,R02_F04,413,Training,COMP-a85acb2f2da0216b,
Fixed_Rowwise,2,4,R02_F04,415,Training,COMP-a85acb2f2da0216b,
Fixed_Rowwise,2,4,R02_F04,418,Training,COMP-a85acb2f2da0216b,
Fixed_Rowwise,2,4,R02_F04,421,Training,COMP-edeedccfd8f07e13,
Fixed_Rowwise,2,4,R02_F04,422,Training,COMP-edeedccfd8f07e13,
Fixed_Rowwise,2,4,R02_F04,425,Training,COMP-f9d9cbed014e8b80,
Fixed_Rowwise,2,4,R02_F04,427,Training,COMP-f9d9cbed014e8b80,
Fixed_Rowwise,2,4,R02_F04,429,Training,COMP-f9d9cbed014e8b80,
Fixed_Rowwise,2,4,R02_F04,431,Training,COMP-f9d9cbed014e8b80,
Fixed_Rowwise,2,4,R02_F04,432,Training,COMP-f9d9cbed014e8b80,
Fixed_Rowwise,2,4,R02_F04,440,Training,COMP-f9d9cbed014e8b80,
Fixed_Rowwise,2,4,R02_F04,441,Training,COMP-f9d9cbed014e8b80,
Fixed_Rowwise,2,4,R02_F04,444,Training,COMP-f9d9cbed014e8b80,
Fixed_Rowwise,2,4,R02_F04,448,Training,COMP-f9d9cbed014e8b80,
Fixed_Rowwise,2,4,R02_F04,449,Training,COMP-f9d9cbed014e8b80,
Fixed_Rowwise,2,4,R02_F04,451,Training,COMP-f9d9cbed014e8b80,
Fixed_Rowwise,2,4,R02_F04,5,Validation,COMP-8e1fe5f59d3c7565,
Fixed_Rowwise,2,4,R02_F04,7,Validation,COMP-725d39a40881dc4b,
Fixed_Rowwise,2,4,R02_F04,26,Validation,COMP-7decbe1f0284bd78,
Fixed_Rowwise,2,4,R02_F04,27,Validation,COMP-73d52e7a36d559a9,
Fixed_Rowwise,2,4,R02_F04,37,Validation,COMP-f6d84b53636ddfbe,
Fixed_Rowwise,2,4,R02_F04,40,Validation,COMP-1af7d3f3b3b924e5,
Fixed_Rowwise,2,4,R02_F04,41,Validation,COMP-1af7d3f3b3b924e5,
Fixed_Rowwise,2,4,R02_F04,49,Validation,COMP-92ece298f11712f0,
Fixed_Rowwise,2,4,R02_F04,53,Validation,COMP-06f5d2a767a65349,
Fixed_Rowwise,2,4,R02_F04,60,Validation,COMP-3f22c6642a7a1344,
Fixed_Rowwise,2,4,R02_F04,62,Validation,COMP-21d126c9d34df073,
Fixed_Rowwise,2,4,R02_F04,66,Validation,COMP-b8df58296dba2095,
Fixed_Rowwise,2,4,R02_F04,69,Validation,COMP-8cee7ef8867afd2d,
Fixed_Rowwise,2,4,R02_F04,83,Validation,COMP-e913f917a7e36868,
Fixed_Rowwise,2,4,R02_F04,84,Validation,COMP-a14831ff30c0b14d,
Fixed_Rowwise,2,4,R02_F04,88,Validation,COMP-ea2a626c3522e4a5,
Fixed_Rowwise,2,4,R02_F04,96,Validation,COMP-ea2a626c3522e4a5,
Fixed_Rowwise,2,4,R02_F04,106,Validation,COMP-435a8f4ba56d8b5d,
Fixed_Rowwise,2,4,R02_F04,138,Validation,COMP-89919c53d3149a2d,
Fixed_Rowwise,2,4,R02_F04,146,Validation,COMP-266a388f7afdbe91,
Fixed_Rowwise,2,4,R02_F04,148,Validation,COMP-150ce51691dfb5f9,
Fixed_Rowwise,2,4,R02_F04,175,Validation,COMP-b72f6533b137a4f6,
Fixed_Rowwise,2,4,R02_F04,178,Validation,COMP-b9abc443805301b1,
Fixed_Rowwise,2,4,R02_F04,188,Validation,COMP-a7670bf71188b1d6,
Fixed_Rowwise,2,4,R02_F04,197,Validation,COMP-880bd22028629a8e,
Fixed_Rowwise,2,4,R02_F04,201,Validation,COMP-05480af3b167ab05,
Fixed_Rowwise,2,4,R02_F04,215,Validation,COMP-6b4f0394292930ba,
Fixed_Rowwise,2,4,R02_F04,231,Validation,COMP-0e256dc7494452a7,
Fixed_Rowwise,2,4,R02_F04,236,Validation,COMP-44fea4804e888e0a,
Fixed_Rowwise,2,4,R02_F04,240,Validation,COMP-0b765af90e5ebd4c,
Fixed_Rowwise,2,4,R02_F04,247,Validation,COMP-e295ac85ac1ada41,
Fixed_Rowwise,2,4,R02_F04,266,Validation,COMP-95a56990f4bea8a9,
Fixed_Rowwise,2,4,R02_F04,271,Validation,COMP-95a56990f4bea8a9,
Fixed_Rowwise,2,4,R02_F04,272,Validation,COMP-95a56990f4bea8a9,
Fixed_Rowwise,2,4,R02_F04,288,Validation,COMP-478c9f483894c42c,
Fixed_Rowwise,2,4,R02_F04,295,Validation,COMP-478c9f483894c42c,
Fixed_Rowwise,2,4,R02_F04,307,Validation,COMP-478c9f483894c42c,
Fixed_Rowwise,2,4,R02_F04,310,Validation,COMP-478c9f483894c42c,
Fixed_Rowwise,2,4,R02_F04,311,Validation,COMP-478c9f483894c42c,
Fixed_Rowwise,2,4,R02_F04,315,Validation,COMP-478c9f483894c42c,
Fixed_Rowwise,2,4,R02_F04,321,Validation,COMP-dbc0864492ec7b98,
Fixed_Rowwise,2,4,R02_F04,326,Validation,COMP-dbc0864492ec7b98,
Fixed_Rowwise,2,4,R02_F04,337,Validation,COMP-06072d2dd3b021af,
Fixed_Rowwise,2,4,R02_F04,342,Validation,COMP-221944a235b3f36b,
Fixed_Rowwise,2,4,R02_F04,354,Validation,COMP-59f47d6774b9fdfb,
Fixed_Rowwise,2,4,R02_F04,381,Validation,COMP-6f2ca218fbd1923b,
Fixed_Rowwise,2,4,R02_F04,389,Validation,COMP-6f2ca218fbd1923b,
Fixed_Rowwise,2,4,R02_F04,395,Validation,COMP-6f2ca218fbd1923b,
Fixed_Rowwise,2,4,R02_F04,414,Validation,COMP-a85acb2f2da0216b,
Fixed_Rowwise,2,4,R02_F04,424,Validation,COMP-f9d9cbed014e8b80,
Fixed_Rowwise,2,4,R02_F04,434,Validation,COMP-f9d9cbed014e8b80,
Fixed_Rowwise,2,4,R02_F04,438,Validation,COMP-f9d9cbed014e8b80,
Fixed_Rowwise,2,4,R02_F04,445,Validation,COMP-f9d9cbed014e8b80,
Fixed_Rowwise,2,4,R02_F04,450,Validation,COMP-f9d9cbed014e8b80,
Fixed_Rowwise,2,5,R02_F05,1,Training,COMP-27021c945dc6ef2d,
Fixed_Rowwise,2,5,R02_F05,3,Training,COMP-725d39a40881dc4b,
Fixed_Rowwise,2,5,R02_F05,4,Training,COMP-862c9c676a6f1012,
Fixed_Rowwise,2,5,R02_F05,5,Training,COMP-8e1fe5f59d3c7565,
Fixed_Rowwise,2,5,R02_F05,6,Training,COMP-27021c945dc6ef2d,
Fixed_Rowwise,2,5,R02_F05,7,Training,COMP-725d39a40881dc4b,
Fixed_Rowwise,2,5,R02_F05,8,Training,COMP-725d39a40881dc4b,
Fixed_Rowwise,2,5,R02_F05,12,Training,COMP-725d39a40881dc4b,
Fixed_Rowwise,2,5,R02_F05,13,Training,COMP-27021c945dc6ef2d,
Fixed_Rowwise,2,5,R02_F05,14,Training,COMP-609dfbaf681359b8,
Fixed_Rowwise,2,5,R02_F05,17,Training,COMP-773f99d6dc417f9e,
Fixed_Rowwise,2,5,R02_F05,20,Training,COMP-0b765af90e5ebd4c,
Fixed_Rowwise,2,5,R02_F05,21,Training,COMP-0b765af90e5ebd4c,
Fixed_Rowwise,2,5,R02_F05,23,Training,COMP-81f8a3600f73b006,
Fixed_Rowwise,2,5,R02_F05,24,Training,COMP-0b765af90e5ebd4c,
Fixed_Rowwise,2,5,R02_F05,26,Training,COMP-7decbe1f0284bd78,
Fixed_Rowwise,2,5,R02_F05,27,Training,COMP-73d52e7a36d559a9,
Fixed_Rowwise,2,5,R02_F05,28,Training,COMP-3632fb12e94bc35a,
Fixed_Rowwise,2,5,R02_F05,29,Training,COMP-773f99d6dc417f9e,
Fixed_Rowwise,2,5,R02_F05,36,Training,COMP-87a7ec252c82f56c,
Fixed_Rowwise,2,5,R02_F05,37,Training,COMP-f6d84b53636ddfbe,
Fixed_Rowwise,2,5,R02_F05,40,Training,COMP-1af7d3f3b3b924e5,
Fixed_Rowwise,2,5,R02_F05,41,Training,COMP-1af7d3f3b3b924e5,
Fixed_Rowwise,2,5,R02_F05,45,Training,COMP-59ce4655e65cf94a,
Fixed_Rowwise,2,5,R02_F05,48,Training,COMP-b611e8d56579c910,
Fixed_Rowwise,2,5,R02_F05,49,Training,COMP-92ece298f11712f0,
Fixed_Rowwise,2,5,R02_F05,52,Training,COMP-06f5d2a767a65349,
Fixed_Rowwise,2,5,R02_F05,53,Training,COMP-06f5d2a767a65349,
Fixed_Rowwise,2,5,R02_F05,54,Training,COMP-ea1f0dc96a173899,
Fixed_Rowwise,2,5,R02_F05,60,Training,COMP-3f22c6642a7a1344,
Fixed_Rowwise,2,5,R02_F05,62,Training,COMP-21d126c9d34df073,
Fixed_Rowwise,2,5,R02_F05,63,Training,COMP-21d126c9d34df073,
Fixed_Rowwise,2,5,R02_F05,64,Training,COMP-3157f0dc71f862ff,
Fixed_Rowwise,2,5,R02_F05,65,Training,COMP-7c0b488137fafb3b,
Fixed_Rowwise,2,5,R02_F05,66,Training,COMP-b8df58296dba2095,
Fixed_Rowwise,2,5,R02_F05,67,Training,COMP-49d8e1edbf1c2fbd,
Fixed_Rowwise,2,5,R02_F05,68,Training,COMP-21d126c9d34df073,
Fixed_Rowwise,2,5,R02_F05,69,Training,COMP-8cee7ef8867afd2d,
Fixed_Rowwise,2,5,R02_F05,74,Training,COMP-f9a00d6d8411a0d1,
Fixed_Rowwise,2,5,R02_F05,83,Training,COMP-e913f917a7e36868,
Fixed_Rowwise,2,5,R02_F05,84,Training,COMP-a14831ff30c0b14d,
Fixed_Rowwise,2,5,R02_F05,86,Training,COMP-ea2a626c3522e4a5,
Fixed_Rowwise,2,5,R02_F05,87,Training,COMP-a14831ff30c0b14d,
Fixed_Rowwise,2,5,R02_F05,88,Training,COMP-ea2a626c3522e4a5,
Fixed_Rowwise,2,5,R02_F05,92,Training,COMP-ea2a626c3522e4a5,
Fixed_Rowwise,2,5,R02_F05,94,Training,COMP-ea2a626c3522e4a5,
Fixed_Rowwise,2,5,R02_F05,95,Training,COMP-ea2a626c3522e4a5,
Fixed_Rowwise,2,5,R02_F05,96,Training,COMP-ea2a626c3522e4a5,
Fixed_Rowwise,2,5,R02_F05,97,Training,COMP-a14831ff30c0b14d,
Fixed_Rowwise,2,5,R02_F05,98,Training,COMP-e913f917a7e36868,
Fixed_Rowwise,2,5,R02_F05,100,Training,COMP-ea2a626c3522e4a5,
Fixed_Rowwise,2,5,R02_F05,102,Training,COMP-435a8f4ba56d8b5d,
Fixed_Rowwise,2,5,R02_F05,103,Training,COMP-435a8f4ba56d8b5d,
Fixed_Rowwise,2,5,R02_F05,104,Training,COMP-435a8f4ba56d8b5d,
Fixed_Rowwise,2,5,R02_F05,105,Training,COMP-435a8f4ba56d8b5d,
Fixed_Rowwise,2,5,R02_F05,106,Training,COMP-435a8f4ba56d8b5d,
Fixed_Rowwise,2,5,R02_F05,110,Training,COMP-c1d72bb5d7d164b0,
Fixed_Rowwise,2,5,R02_F05,111,Training,COMP-c1d72bb5d7d164b0,
Fixed_Rowwise,2,5,R02_F05,112,Training,COMP-c1d72bb5d7d164b0,
Fixed_Rowwise,2,5,R02_F05,114,Training,COMP-6360354242bed7fe,
Fixed_Rowwise,2,5,R02_F05,115,Training,COMP-15c7378d46cadefa,
Fixed_Rowwise,2,5,R02_F05,118,Training,COMP-8bbe9ce01fb6a2d3,
Fixed_Rowwise,2,5,R02_F05,121,Training,COMP-b2e9edd7bc55d085,
Fixed_Rowwise,2,5,R02_F05,122,Training,COMP-b2e9edd7bc55d085,
Fixed_Rowwise,2,5,R02_F05,123,Training,COMP-0ee2ef468faff8db,
Fixed_Rowwise,2,5,R02_F05,125,Training,COMP-0ee2ef468faff8db,
Fixed_Rowwise,2,5,R02_F05,126,Training,COMP-5502f8bc72167a0b,
Fixed_Rowwise,2,5,R02_F05,127,Training,COMP-5502f8bc72167a0b,
Fixed_Rowwise,2,5,R02_F05,130,Training,COMP-89919c53d3149a2d,
Fixed_Rowwise,2,5,R02_F05,133,Training,COMP-89919c53d3149a2d,
Fixed_Rowwise,2,5,R02_F05,134,Training,COMP-89919c53d3149a2d,
Fixed_Rowwise,2,5,R02_F05,135,Training,COMP-89919c53d3149a2d,
Fixed_Rowwise,2,5,R02_F05,138,Training,COMP-89919c53d3149a2d,
Fixed_Rowwise,2,5,R02_F05,139,Training,COMP-89919c53d3149a2d,
Fixed_Rowwise,2,5,R02_F05,141,Training,COMP-89919c53d3149a2d,
Fixed_Rowwise,2,5,R02_F05,142,Training,COMP-89919c53d3149a2d,
Fixed_Rowwise,2,5,R02_F05,143,Training,COMP-89919c53d3149a2d,
Fixed_Rowwise,2,5,R02_F05,144,Training,COMP-89919c53d3149a2d,
Fixed_Rowwise,2,5,R02_F05,145,Training,COMP-89919c53d3149a2d,
Fixed_Rowwise,2,5,R02_F05,146,Training,COMP-266a388f7afdbe91,
Fixed_Rowwise,2,5,R02_F05,147,Training,COMP-055230aabe7d502c,
Fixed_Rowwise,2,5,R02_F05,148,Training,COMP-150ce51691dfb5f9,
Fixed_Rowwise,2,5,R02_F05,149,Training,COMP-266a388f7afdbe91,
Fixed_Rowwise,2,5,R02_F05,152,Training,COMP-055230aabe7d502c,
Fixed_Rowwise,2,5,R02_F05,156,Training,COMP-941f92def7f50542,
Fixed_Rowwise,2,5,R02_F05,157,Training,COMP-ddfcf6030a718a0c,
Fixed_Rowwise,2,5,R02_F05,159,Training,COMP-0346738121cb655e,
Fixed_Rowwise,2,5,R02_F05,160,Training,COMP-0346738121cb655e,
Fixed_Rowwise,2,5,R02_F05,162,Training,COMP-ddfcf6030a718a0c,
Fixed_Rowwise,2,5,R02_F05,163,Training,COMP-b2e9edd7bc55d085,
Fixed_Rowwise,2,5,R02_F05,164,Training,COMP-941f92def7f50542,
Fixed_Rowwise,2,5,R02_F05,167,Training,COMP-eacd4f126ab29a30,
Fixed_Rowwise,2,5,R02_F05,169,Training,COMP-92ed17371ff559b6,
Fixed_Rowwise,2,5,R02_F05,175,Training,COMP-b72f6533b137a4f6,
Fixed_Rowwise,2,5,R02_F05,178,Training,COMP-b9abc443805301b1,
Fixed_Rowwise,2,5,R02_F05,181,Training,COMP-69c6ecd7284d3b47,
Fixed_Rowwise,2,5,R02_F05,183,Training,COMP-630f3050f45faf36,
Fixed_Rowwise,2,5,R02_F05,184,Training,COMP-0966c0019ec07f39,
Fixed_Rowwise,2,5,R02_F05,186,Training,COMP-0966c0019ec07f39,
Fixed_Rowwise,2,5,R02_F05,187,Training,COMP-a7670bf71188b1d6,
Fixed_Rowwise,2,5,R02_F05,188,Training,COMP-a7670bf71188b1d6,
Fixed_Rowwise,2,5,R02_F05,193,Training,COMP-889d7d6c6dbf5b76,
Fixed_Rowwise,2,5,R02_F05,194,Training,COMP-445f55453794f59c,
Fixed_Rowwise,2,5,R02_F05,197,Training,COMP-880bd22028629a8e,
Fixed_Rowwise,2,5,R02_F05,200,Training,COMP-b878df279a448475,
Fixed_Rowwise,2,5,R02_F05,201,Training,COMP-05480af3b167ab05,
Fixed_Rowwise,2,5,R02_F05,202,Training,COMP-598bc18a3ba07a9e,
Fixed_Rowwise,2,5,R02_F05,205,Training,COMP-d8a14990923ce9f7,
Fixed_Rowwise,2,5,R02_F05,207,Training,COMP-948abb1ebd270642,
Fixed_Rowwise,2,5,R02_F05,210,Training,COMP-d7494ade7e8dd694,
Fixed_Rowwise,2,5,R02_F05,215,Training,COMP-6b4f0394292930ba,
Fixed_Rowwise,2,5,R02_F05,216,Training,COMP-4a76c05754ee1efa,
Fixed_Rowwise,2,5,R02_F05,219,Training,COMP-eae7689b221fd7f8,
Fixed_Rowwise,2,5,R02_F05,221,Training,COMP-20d1e620c817cb5a,
Fixed_Rowwise,2,5,R02_F05,224,Training,COMP-93900d7c81c38cdd,
Fixed_Rowwise,2,5,R02_F05,226,Training,COMP-93900d7c81c38cdd,
Fixed_Rowwise,2,5,R02_F05,228,Training,COMP-46e30c1bd5e987da,
Fixed_Rowwise,2,5,R02_F05,230,Training,COMP-0107563adaed8d01,
Fixed_Rowwise,2,5,R02_F05,231,Training,COMP-0e256dc7494452a7,
Fixed_Rowwise,2,5,R02_F05,233,Training,COMP-e60cc4ecffe6b7df,
Fixed_Rowwise,2,5,R02_F05,235,Training,COMP-091a20b5a1dfb76f,
Fixed_Rowwise,2,5,R02_F05,236,Training,COMP-44fea4804e888e0a,
Fixed_Rowwise,2,5,R02_F05,237,Training,COMP-4ef2bcae5243588c,
Fixed_Rowwise,2,5,R02_F05,239,Training,COMP-0b765af90e5ebd4c,
Fixed_Rowwise,2,5,R02_F05,240,Training,COMP-0b765af90e5ebd4c,
Fixed_Rowwise,2,5,R02_F05,241,Training,COMP-631a18a4a6b20c0c,
Fixed_Rowwise,2,5,R02_F05,242,Training,COMP-631a18a4a6b20c0c,
Fixed_Rowwise,2,5,R02_F05,246,Training,COMP-1fc9679353325516,
Fixed_Rowwise,2,5,R02_F05,247,Training,COMP-e295ac85ac1ada41,
Fixed_Rowwise,2,5,R02_F05,251,Training,COMP-dd1e9c4c0f247912,
Fixed_Rowwise,2,5,R02_F05,253,Training,COMP-725d39a40881dc4b,
Fixed_Rowwise,2,5,R02_F05,255,Training,COMP-95a56990f4bea8a9,
Fixed_Rowwise,2,5,R02_F05,256,Training,COMP-95a56990f4bea8a9,
Fixed_Rowwise,2,5,R02_F05,257,Training,COMP-95a56990f4bea8a9,
Fixed_Rowwise,2,5,R02_F05,258,Training,COMP-95a56990f4bea8a9,
Fixed_Rowwise,2,5,R02_F05,260,Training,COMP-95a56990f4bea8a9,
Fixed_Rowwise,2,5,R02_F05,263,Training,COMP-95a56990f4bea8a9,
Fixed_Rowwise,2,5,R02_F05,266,Training,COMP-95a56990f4bea8a9,
Fixed_Rowwise,2,5,R02_F05,268,Training,COMP-95a56990f4bea8a9,
Fixed_Rowwise,2,5,R02_F05,271,Training,COMP-95a56990f4bea8a9,
Fixed_Rowwise,2,5,R02_F05,272,Training,COMP-95a56990f4bea8a9,
Fixed_Rowwise,2,5,R02_F05,282,Training,COMP-95a56990f4bea8a9,
Fixed_Rowwise,2,5,R02_F05,283,Training,COMP-95a56990f4bea8a9,
Fixed_Rowwise,2,5,R02_F05,285,Training,COMP-95a56990f4bea8a9,
Fixed_Rowwise,2,5,R02_F05,286,Training,COMP-478c9f483894c42c,
Fixed_Rowwise,2,5,R02_F05,288,Training,COMP-478c9f483894c42c,
Fixed_Rowwise,2,5,R02_F05,295,Training,COMP-478c9f483894c42c,
Fixed_Rowwise,2,5,R02_F05,296,Training,COMP-478c9f483894c42c,
Fixed_Rowwise,2,5,R02_F05,300,Training,COMP-478c9f483894c42c,
Fixed_Rowwise,2,5,R02_F05,303,Training,COMP-478c9f483894c42c,
Fixed_Rowwise,2,5,R02_F05,307,Training,COMP-478c9f483894c42c,
Fixed_Rowwise,2,5,R02_F05,309,Training,COMP-478c9f483894c42c,
Fixed_Rowwise,2,5,R02_F05,310,Training,COMP-478c9f483894c42c,
Fixed_Rowwise,2,5,R02_F05,311,Training,COMP-478c9f483894c42c,
Fixed_Rowwise,2,5,R02_F05,315,Training,COMP-478c9f483894c42c,
Fixed_Rowwise,2,5,R02_F05,321,Training,COMP-dbc0864492ec7b98,
Fixed_Rowwise,2,5,R02_F05,323,Training,COMP-dbc0864492ec7b98,
Fixed_Rowwise,2,5,R02_F05,324,Training,COMP-dbc0864492ec7b98,
Fixed_Rowwise,2,5,R02_F05,325,Training,COMP-dbc0864492ec7b98,
Fixed_Rowwise,2,5,R02_F05,326,Training,COMP-dbc0864492ec7b98,
Fixed_Rowwise,2,5,R02_F05,327,Training,COMP-dbc0864492ec7b98,
Fixed_Rowwise,2,5,R02_F05,328,Training,COMP-dbc0864492ec7b98,
Fixed_Rowwise,2,5,R02_F05,333,Training,COMP-dbc0864492ec7b98,
Fixed_Rowwise,2,5,R02_F05,334,Training,COMP-dbc0864492ec7b98,
Fixed_Rowwise,2,5,R02_F05,337,Training,COMP-06072d2dd3b021af,
Fixed_Rowwise,2,5,R02_F05,341,Training,COMP-221944a235b3f36b,
Fixed_Rowwise,2,5,R02_F05,342,Training,COMP-221944a235b3f36b,
Fixed_Rowwise,2,5,R02_F05,344,Training,COMP-e1e52574fbb04f58,
Fixed_Rowwise,2,5,R02_F05,345,Training,COMP-e1e52574fbb04f58,
Fixed_Rowwise,2,5,R02_F05,347,Training,COMP-e1e52574fbb04f58,
Fixed_Rowwise,2,5,R02_F05,349,Training,COMP-30cef922979fb9fd,
Fixed_Rowwise,2,5,R02_F05,350,Training,COMP-30cef922979fb9fd,
Fixed_Rowwise,2,5,R02_F05,351,Training,COMP-30cef922979fb9fd,
Fixed_Rowwise,2,5,R02_F05,352,Training,COMP-30cef922979fb9fd,
Fixed_Rowwise,2,5,R02_F05,354,Training,COMP-59f47d6774b9fdfb,
Fixed_Rowwise,2,5,R02_F05,356,Training,COMP-59f47d6774b9fdfb,
Fixed_Rowwise,2,5,R02_F05,358,Training,COMP-59f47d6774b9fdfb,
Fixed_Rowwise,2,5,R02_F05,360,Training,COMP-0765adc8c505dd3b,
Fixed_Rowwise,2,5,R02_F05,363,Training,COMP-0765adc8c505dd3b,
Fixed_Rowwise,2,5,R02_F05,364,Training,COMP-0765adc8c505dd3b,
Fixed_Rowwise,2,5,R02_F05,365,Training,COMP-e1e52574fbb04f58,
Fixed_Rowwise,2,5,R02_F05,375,Training,COMP-6f2ca218fbd1923b,
Fixed_Rowwise,2,5,R02_F05,378,Training,COMP-6f2ca218fbd1923b,
Fixed_Rowwise,2,5,R02_F05,380,Training,COMP-6f2ca218fbd1923b,
Fixed_Rowwise,2,5,R02_F05,381,Training,COMP-6f2ca218fbd1923b,
Fixed_Rowwise,2,5,R02_F05,382,Training,COMP-6f2ca218fbd1923b,
Fixed_Rowwise,2,5,R02_F05,384,Training,COMP-6f2ca218fbd1923b,
Fixed_Rowwise,2,5,R02_F05,386,Training,COMP-6f2ca218fbd1923b,
Fixed_Rowwise,2,5,R02_F05,387,Training,COMP-6f2ca218fbd1923b,
Fixed_Rowwise,2,5,R02_F05,388,Training,COMP-6f2ca218fbd1923b,
Fixed_Rowwise,2,5,R02_F05,389,Training,COMP-6f2ca218fbd1923b,
Fixed_Rowwise,2,5,R02_F05,391,Training,COMP-6f2ca218fbd1923b,
Fixed_Rowwise,2,5,R02_F05,393,Training,COMP-6f2ca218fbd1923b,
Fixed_Rowwise,2,5,R02_F05,395,Training,COMP-6f2ca218fbd1923b,
Fixed_Rowwise,2,5,R02_F05,399,Training,COMP-6f2ca218fbd1923b,
Fixed_Rowwise,2,5,R02_F05,402,Training,COMP-6f2ca218fbd1923b,
Fixed_Rowwise,2,5,R02_F05,404,Training,COMP-6f2ca218fbd1923b,
Fixed_Rowwise,2,5,R02_F05,405,Training,COMP-6f2ca218fbd1923b,
Fixed_Rowwise,2,5,R02_F05,413,Training,COMP-a85acb2f2da0216b,
Fixed_Rowwise,2,5,R02_F05,414,Training,COMP-a85acb2f2da0216b,
Fixed_Rowwise,2,5,R02_F05,418,Training,COMP-a85acb2f2da0216b,
Fixed_Rowwise,2,5,R02_F05,424,Training,COMP-f9d9cbed014e8b80,
Fixed_Rowwise,2,5,R02_F05,425,Training,COMP-f9d9cbed014e8b80,
Fixed_Rowwise,2,5,R02_F05,427,Training,COMP-f9d9cbed014e8b80,
Fixed_Rowwise,2,5,R02_F05,429,Training,COMP-f9d9cbed014e8b80,
Fixed_Rowwise,2,5,R02_F05,431,Training,COMP-f9d9cbed014e8b80,
Fixed_Rowwise,2,5,R02_F05,432,Training,COMP-f9d9cbed014e8b80,
Fixed_Rowwise,2,5,R02_F05,434,Training,COMP-f9d9cbed014e8b80,
Fixed_Rowwise,2,5,R02_F05,438,Training,COMP-f9d9cbed014e8b80,
Fixed_Rowwise,2,5,R02_F05,440,Training,COMP-f9d9cbed014e8b80,
Fixed_Rowwise,2,5,R02_F05,441,Training,COMP-f9d9cbed014e8b80,
Fixed_Rowwise,2,5,R02_F05,444,Training,COMP-f9d9cbed014e8b80,
Fixed_Rowwise,2,5,R02_F05,445,Training,COMP-f9d9cbed014e8b80,
Fixed_Rowwise,2,5,R02_F05,448,Training,COMP-f9d9cbed014e8b80,
Fixed_Rowwise,2,5,R02_F05,449,Training,COMP-f9d9cbed014e8b80,
Fixed_Rowwise,2,5,R02_F05,450,Training,COMP-f9d9cbed014e8b80,
Fixed_Rowwise,2,5,R02_F05,10,Validation,COMP-725d39a40881dc4b,
Fixed_Rowwise,2,5,R02_F05,32,Validation,COMP-81f8a3600f73b006,
Fixed_Rowwise,2,5,R02_F05,35,Validation,COMP-a87a2533a652007c,
Fixed_Rowwise,2,5,R02_F05,43,Validation,COMP-9b0e3106e10f71db,
Fixed_Rowwise,2,5,R02_F05,44,Validation,COMP-0d7ce00a50a6a24f,
Fixed_Rowwise,2,5,R02_F05,47,Validation,COMP-e295ac85ac1ada41,
Fixed_Rowwise,2,5,R02_F05,51,Validation,COMP-dbc0864492ec7b98,
Fixed_Rowwise,2,5,R02_F05,61,Validation,COMP-3f22c6642a7a1344,
Fixed_Rowwise,2,5,R02_F05,80,Validation,COMP-a14831ff30c0b14d,
Fixed_Rowwise,2,5,R02_F05,85,Validation,COMP-e913f917a7e36868,
Fixed_Rowwise,2,5,R02_F05,99,Validation,COMP-ea2a626c3522e4a5,
Fixed_Rowwise,2,5,R02_F05,107,Validation,COMP-384273ac244080b1,
Fixed_Rowwise,2,5,R02_F05,120,Validation,COMP-8bbe9ce01fb6a2d3,
Fixed_Rowwise,2,5,R02_F05,150,Validation,COMP-055230aabe7d502c,
Fixed_Rowwise,2,5,R02_F05,154,Validation,COMP-150ce51691dfb5f9,
Fixed_Rowwise,2,5,R02_F05,161,Validation,COMP-eacd4f126ab29a30,
Fixed_Rowwise,2,5,R02_F05,168,Validation,COMP-92ed17371ff559b6,
Fixed_Rowwise,2,5,R02_F05,172,Validation,COMP-92ed17371ff559b6,
Fixed_Rowwise,2,5,R02_F05,173,Validation,COMP-0d41a2cf75110ad6,
Fixed_Rowwise,2,5,R02_F05,174,Validation,COMP-a35a20d65351aafe,
Fixed_Rowwise,2,5,R02_F05,176,Validation,COMP-5479c448b954c055,
Fixed_Rowwise,2,5,R02_F05,177,Validation,COMP-5479c448b954c055,
Fixed_Rowwise,2,5,R02_F05,182,Validation,COMP-630f3050f45faf36,
Fixed_Rowwise,2,5,R02_F05,199,Validation,COMP-6525c735bb50fb1c,
Fixed_Rowwise,2,5,R02_F05,211,Validation,COMP-b775405901636085,
Fixed_Rowwise,2,5,R02_F05,214,Validation,COMP-35e38ea13dc05b9e,
Fixed_Rowwise,2,5,R02_F05,225,Validation,COMP-289a02a6b94655b9,
Fixed_Rowwise,2,5,R02_F05,229,Validation,COMP-2753cd2e053c8c98,
Fixed_Rowwise,2,5,R02_F05,232,Validation,COMP-0e256dc7494452a7,
Fixed_Rowwise,2,5,R02_F05,238,Validation,COMP-fc5c3e46d2655b62,
Fixed_Rowwise,2,5,R02_F05,243,Validation,COMP-b0cc51380afea02b,
Fixed_Rowwise,2,5,R02_F05,249,Validation,COMP-e295ac85ac1ada41,
Fixed_Rowwise,2,5,R02_F05,252,Validation,COMP-725d39a40881dc4b,
Fixed_Rowwise,2,5,R02_F05,259,Validation,COMP-95a56990f4bea8a9,
Fixed_Rowwise,2,5,R02_F05,273,Validation,COMP-95a56990f4bea8a9,
Fixed_Rowwise,2,5,R02_F05,292,Validation,COMP-478c9f483894c42c,
Fixed_Rowwise,2,5,R02_F05,306,Validation,COMP-478c9f483894c42c,
Fixed_Rowwise,2,5,R02_F05,313,Validation,COMP-478c9f483894c42c,
Fixed_Rowwise,2,5,R02_F05,316,Validation,COMP-478c9f483894c42c,
Fixed_Rowwise,2,5,R02_F05,320,Validation,COMP-dbc0864492ec7b98,
Fixed_Rowwise,2,5,R02_F05,322,Validation,COMP-dbc0864492ec7b98,
Fixed_Rowwise,2,5,R02_F05,331,Validation,COMP-dbc0864492ec7b98,
Fixed_Rowwise,2,5,R02_F05,339,Validation,COMP-06072d2dd3b021af,
Fixed_Rowwise,2,5,R02_F05,348,Validation,COMP-30cef922979fb9fd,
Fixed_Rowwise,2,5,R02_F05,369,Validation,COMP-6f2ca218fbd1923b,
Fixed_Rowwise,2,5,R02_F05,371,Validation,COMP-6f2ca218fbd1923b,
Fixed_Rowwise,2,5,R02_F05,372,Validation,COMP-6f2ca218fbd1923b,
Fixed_Rowwise,2,5,R02_F05,376,Validation,COMP-6f2ca218fbd1923b,
Fixed_Rowwise,2,5,R02_F05,406,Validation,COMP-7fb1fecc93ced403,
Fixed_Rowwise,2,5,R02_F05,408,Validation,COMP-7fb1fecc93ced403,
Fixed_Rowwise,2,5,R02_F05,415,Validation,COMP-a85acb2f2da0216b,
Fixed_Rowwise,2,5,R02_F05,421,Validation,COMP-edeedccfd8f07e13,
Fixed_Rowwise,2,5,R02_F05,422,Validation,COMP-edeedccfd8f07e13,
Fixed_Rowwise,2,5,R02_F05,451,Validation,COMP-f9d9cbed014e8b80,
Fixed_Rowwise,3,1,R03_F01,1,Training,COMP-27021c945dc6ef2d,
Fixed_Rowwise,3,1,R03_F01,4,Training,COMP-862c9c676a6f1012,
Fixed_Rowwise,3,1,R03_F01,5,Training,COMP-8e1fe5f59d3c7565,
Fixed_Rowwise,3,1,R03_F01,6,Training,COMP-27021c945dc6ef2d,
Fixed_Rowwise,3,1,R03_F01,7,Training,COMP-725d39a40881dc4b,
Fixed_Rowwise,3,1,R03_F01,8,Training,COMP-725d39a40881dc4b,
Fixed_Rowwise,3,1,R03_F01,10,Training,COMP-725d39a40881dc4b,
Fixed_Rowwise,3,1,R03_F01,12,Training,COMP-725d39a40881dc4b,
Fixed_Rowwise,3,1,R03_F01,13,Training,COMP-27021c945dc6ef2d,
Fixed_Rowwise,3,1,R03_F01,14,Training,COMP-609dfbaf681359b8,
Fixed_Rowwise,3,1,R03_F01,17,Training,COMP-773f99d6dc417f9e,
Fixed_Rowwise,3,1,R03_F01,20,Training,COMP-0b765af90e5ebd4c,
Fixed_Rowwise,3,1,R03_F01,21,Training,COMP-0b765af90e5ebd4c,
Fixed_Rowwise,3,1,R03_F01,24,Training,COMP-0b765af90e5ebd4c,
Fixed_Rowwise,3,1,R03_F01,26,Training,COMP-7decbe1f0284bd78,
Fixed_Rowwise,3,1,R03_F01,27,Training,COMP-73d52e7a36d559a9,
Fixed_Rowwise,3,1,R03_F01,28,Training,COMP-3632fb12e94bc35a,
Fixed_Rowwise,3,1,R03_F01,29,Training,COMP-773f99d6dc417f9e,
Fixed_Rowwise,3,1,R03_F01,32,Training,COMP-81f8a3600f73b006,
Fixed_Rowwise,3,1,R03_F01,36,Training,COMP-87a7ec252c82f56c,
Fixed_Rowwise,3,1,R03_F01,40,Training,COMP-1af7d3f3b3b924e5,
Fixed_Rowwise,3,1,R03_F01,41,Training,COMP-1af7d3f3b3b924e5,
Fixed_Rowwise,3,1,R03_F01,43,Training,COMP-9b0e3106e10f71db,
Fixed_Rowwise,3,1,R03_F01,44,Training,COMP-0d7ce00a50a6a24f,
Fixed_Rowwise,3,1,R03_F01,45,Training,COMP-59ce4655e65cf94a,
Fixed_Rowwise,3,1,R03_F01,47,Training,COMP-e295ac85ac1ada41,
Fixed_Rowwise,3,1,R03_F01,48,Training,COMP-b611e8d56579c910,
Fixed_Rowwise,3,1,R03_F01,49,Training,COMP-92ece298f11712f0,
Fixed_Rowwise,3,1,R03_F01,51,Training,COMP-dbc0864492ec7b98,
Fixed_Rowwise,3,1,R03_F01,52,Training,COMP-06f5d2a767a65349,
Fixed_Rowwise,3,1,R03_F01,53,Training,COMP-06f5d2a767a65349,
Fixed_Rowwise,3,1,R03_F01,54,Training,COMP-ea1f0dc96a173899,
Fixed_Rowwise,3,1,R03_F01,60,Training,COMP-3f22c6642a7a1344,
Fixed_Rowwise,3,1,R03_F01,62,Training,COMP-21d126c9d34df073,
Fixed_Rowwise,3,1,R03_F01,63,Training,COMP-21d126c9d34df073,
Fixed_Rowwise,3,1,R03_F01,64,Training,COMP-3157f0dc71f862ff,
Fixed_Rowwise,3,1,R03_F01,65,Training,COMP-7c0b488137fafb3b,
Fixed_Rowwise,3,1,R03_F01,67,Training,COMP-49d8e1edbf1c2fbd,
Fixed_Rowwise,3,1,R03_F01,68,Training,COMP-21d126c9d34df073,
Fixed_Rowwise,3,1,R03_F01,69,Training,COMP-8cee7ef8867afd2d,
Fixed_Rowwise,3,1,R03_F01,74,Training,COMP-f9a00d6d8411a0d1,
Fixed_Rowwise,3,1,R03_F01,83,Training,COMP-e913f917a7e36868,
Fixed_Rowwise,3,1,R03_F01,84,Training,COMP-a14831ff30c0b14d,
Fixed_Rowwise,3,1,R03_F01,85,Training,COMP-e913f917a7e36868,
Fixed_Rowwise,3,1,R03_F01,86,Training,COMP-ea2a626c3522e4a5,
Fixed_Rowwise,3,1,R03_F01,87,Training,COMP-a14831ff30c0b14d,
Fixed_Rowwise,3,1,R03_F01,88,Training,COMP-ea2a626c3522e4a5,
Fixed_Rowwise,3,1,R03_F01,92,Training,COMP-ea2a626c3522e4a5,
Fixed_Rowwise,3,1,R03_F01,94,Training,COMP-ea2a626c3522e4a5,
Fixed_Rowwise,3,1,R03_F01,95,Training,COMP-ea2a626c3522e4a5,
Fixed_Rowwise,3,1,R03_F01,96,Training,COMP-ea2a626c3522e4a5,
Fixed_Rowwise,3,1,R03_F01,97,Training,COMP-a14831ff30c0b14d,
Fixed_Rowwise,3,1,R03_F01,98,Training,COMP-e913f917a7e36868,
Fixed_Rowwise,3,1,R03_F01,99,Training,COMP-ea2a626c3522e4a5,
Fixed_Rowwise,3,1,R03_F01,100,Training,COMP-ea2a626c3522e4a5,
Fixed_Rowwise,3,1,R03_F01,102,Training,COMP-435a8f4ba56d8b5d,
Fixed_Rowwise,3,1,R03_F01,103,Training,COMP-435a8f4ba56d8b5d,
Fixed_Rowwise,3,1,R03_F01,104,Training,COMP-435a8f4ba56d8b5d,
Fixed_Rowwise,3,1,R03_F01,105,Training,COMP-435a8f4ba56d8b5d,
Fixed_Rowwise,3,1,R03_F01,106,Training,COMP-435a8f4ba56d8b5d,
Fixed_Rowwise,3,1,R03_F01,110,Training,COMP-c1d72bb5d7d164b0,
Fixed_Rowwise,3,1,R03_F01,111,Training,COMP-c1d72bb5d7d164b0,
Fixed_Rowwise,3,1,R03_F01,112,Training,COMP-c1d72bb5d7d164b0,
Fixed_Rowwise,3,1,R03_F01,114,Training,COMP-6360354242bed7fe,
Fixed_Rowwise,3,1,R03_F01,115,Training,COMP-15c7378d46cadefa,
Fixed_Rowwise,3,1,R03_F01,118,Training,COMP-8bbe9ce01fb6a2d3,
Fixed_Rowwise,3,1,R03_F01,120,Training,COMP-8bbe9ce01fb6a2d3,
Fixed_Rowwise,3,1,R03_F01,121,Training,COMP-b2e9edd7bc55d085,
Fixed_Rowwise,3,1,R03_F01,122,Training,COMP-b2e9edd7bc55d085,
Fixed_Rowwise,3,1,R03_F01,125,Training,COMP-0ee2ef468faff8db,
Fixed_Rowwise,3,1,R03_F01,126,Training,COMP-5502f8bc72167a0b,
Fixed_Rowwise,3,1,R03_F01,130,Training,COMP-89919c53d3149a2d,
Fixed_Rowwise,3,1,R03_F01,133,Training,COMP-89919c53d3149a2d,
Fixed_Rowwise,3,1,R03_F01,134,Training,COMP-89919c53d3149a2d,
Fixed_Rowwise,3,1,R03_F01,135,Training,COMP-89919c53d3149a2d,
Fixed_Rowwise,3,1,R03_F01,138,Training,COMP-89919c53d3149a2d,
Fixed_Rowwise,3,1,R03_F01,142,Training,COMP-89919c53d3149a2d,
Fixed_Rowwise,3,1,R03_F01,143,Training,COMP-89919c53d3149a2d,
Fixed_Rowwise,3,1,R03_F01,144,Training,COMP-89919c53d3149a2d,
Fixed_Rowwise,3,1,R03_F01,145,Training,COMP-89919c53d3149a2d,
Fixed_Rowwise,3,1,R03_F01,146,Training,COMP-266a388f7afdbe91,
Fixed_Rowwise,3,1,R03_F01,149,Training,COMP-266a388f7afdbe91,
Fixed_Rowwise,3,1,R03_F01,154,Training,COMP-150ce51691dfb5f9,
Fixed_Rowwise,3,1,R03_F01,156,Training,COMP-941f92def7f50542,
Fixed_Rowwise,3,1,R03_F01,157,Training,COMP-ddfcf6030a718a0c,
Fixed_Rowwise,3,1,R03_F01,159,Training,COMP-0346738121cb655e,
Fixed_Rowwise,3,1,R03_F01,162,Training,COMP-ddfcf6030a718a0c,
Fixed_Rowwise,3,1,R03_F01,164,Training,COMP-941f92def7f50542,
Fixed_Rowwise,3,1,R03_F01,167,Training,COMP-eacd4f126ab29a30,
Fixed_Rowwise,3,1,R03_F01,168,Training,COMP-92ed17371ff559b6,
Fixed_Rowwise,3,1,R03_F01,169,Training,COMP-92ed17371ff559b6,
Fixed_Rowwise,3,1,R03_F01,172,Training,COMP-92ed17371ff559b6,
Fixed_Rowwise,3,1,R03_F01,173,Training,COMP-0d41a2cf75110ad6,
Fixed_Rowwise,3,1,R03_F01,174,Training,COMP-a35a20d65351aafe,
Fixed_Rowwise,3,1,R03_F01,175,Training,COMP-b72f6533b137a4f6,
Fixed_Rowwise,3,1,R03_F01,177,Training,COMP-5479c448b954c055,
Fixed_Rowwise,3,1,R03_F01,178,Training,COMP-b9abc443805301b1,
Fixed_Rowwise,3,1,R03_F01,181,Training,COMP-69c6ecd7284d3b47,
Fixed_Rowwise,3,1,R03_F01,182,Training,COMP-630f3050f45faf36,
Fixed_Rowwise,3,1,R03_F01,183,Training,COMP-630f3050f45faf36,
Fixed_Rowwise,3,1,R03_F01,186,Training,COMP-0966c0019ec07f39,
Fixed_Rowwise,3,1,R03_F01,187,Training,COMP-a7670bf71188b1d6,
Fixed_Rowwise,3,1,R03_F01,194,Training,COMP-445f55453794f59c,
Fixed_Rowwise,3,1,R03_F01,197,Training,COMP-880bd22028629a8e,
Fixed_Rowwise,3,1,R03_F01,199,Training,COMP-6525c735bb50fb1c,
Fixed_Rowwise,3,1,R03_F01,200,Training,COMP-b878df279a448475,
Fixed_Rowwise,3,1,R03_F01,202,Training,COMP-598bc18a3ba07a9e,
Fixed_Rowwise,3,1,R03_F01,205,Training,COMP-d8a14990923ce9f7,
Fixed_Rowwise,3,1,R03_F01,207,Training,COMP-948abb1ebd270642,
Fixed_Rowwise,3,1,R03_F01,210,Training,COMP-d7494ade7e8dd694,
Fixed_Rowwise,3,1,R03_F01,211,Training,COMP-b775405901636085,
Fixed_Rowwise,3,1,R03_F01,214,Training,COMP-35e38ea13dc05b9e,
Fixed_Rowwise,3,1,R03_F01,215,Training,COMP-6b4f0394292930ba,
Fixed_Rowwise,3,1,R03_F01,216,Training,COMP-4a76c05754ee1efa,
Fixed_Rowwise,3,1,R03_F01,219,Training,COMP-eae7689b221fd7f8,
Fixed_Rowwise,3,1,R03_F01,221,Training,COMP-20d1e620c817cb5a,
Fixed_Rowwise,3,1,R03_F01,224,Training,COMP-93900d7c81c38cdd,
Fixed_Rowwise,3,1,R03_F01,225,Training,COMP-289a02a6b94655b9,
Fixed_Rowwise,3,1,R03_F01,228,Training,COMP-46e30c1bd5e987da,
Fixed_Rowwise,3,1,R03_F01,229,Training,COMP-2753cd2e053c8c98,
Fixed_Rowwise,3,1,R03_F01,230,Training,COMP-0107563adaed8d01,
Fixed_Rowwise,3,1,R03_F01,231,Training,COMP-0e256dc7494452a7,
Fixed_Rowwise,3,1,R03_F01,232,Training,COMP-0e256dc7494452a7,
Fixed_Rowwise,3,1,R03_F01,233,Training,COMP-e60cc4ecffe6b7df,
Fixed_Rowwise,3,1,R03_F01,236,Training,COMP-44fea4804e888e0a,
Fixed_Rowwise,3,1,R03_F01,237,Training,COMP-4ef2bcae5243588c,
Fixed_Rowwise,3,1,R03_F01,238,Training,COMP-fc5c3e46d2655b62,
Fixed_Rowwise,3,1,R03_F01,239,Training,COMP-0b765af90e5ebd4c,
Fixed_Rowwise,3,1,R03_F01,240,Training,COMP-0b765af90e5ebd4c,
Fixed_Rowwise,3,1,R03_F01,241,Training,COMP-631a18a4a6b20c0c,
Fixed_Rowwise,3,1,R03_F01,242,Training,COMP-631a18a4a6b20c0c,
Fixed_Rowwise,3,1,R03_F01,243,Training,COMP-b0cc51380afea02b,
Fixed_Rowwise,3,1,R03_F01,246,Training,COMP-1fc9679353325516,
Fixed_Rowwise,3,1,R03_F01,247,Training,COMP-e295ac85ac1ada41,
Fixed_Rowwise,3,1,R03_F01,251,Training,COMP-dd1e9c4c0f247912,
Fixed_Rowwise,3,1,R03_F01,252,Training,COMP-725d39a40881dc4b,
Fixed_Rowwise,3,1,R03_F01,253,Training,COMP-725d39a40881dc4b,
Fixed_Rowwise,3,1,R03_F01,255,Training,COMP-95a56990f4bea8a9,
Fixed_Rowwise,3,1,R03_F01,256,Training,COMP-95a56990f4bea8a9,
Fixed_Rowwise,3,1,R03_F01,257,Training,COMP-95a56990f4bea8a9,
Fixed_Rowwise,3,1,R03_F01,258,Training,COMP-95a56990f4bea8a9,
Fixed_Rowwise,3,1,R03_F01,260,Training,COMP-95a56990f4bea8a9,
Fixed_Rowwise,3,1,R03_F01,263,Training,COMP-95a56990f4bea8a9,
Fixed_Rowwise,3,1,R03_F01,266,Training,COMP-95a56990f4bea8a9,
Fixed_Rowwise,3,1,R03_F01,268,Training,COMP-95a56990f4bea8a9,
Fixed_Rowwise,3,1,R03_F01,271,Training,COMP-95a56990f4bea8a9,
Fixed_Rowwise,3,1,R03_F01,272,Training,COMP-95a56990f4bea8a9,
Fixed_Rowwise,3,1,R03_F01,282,Training,COMP-95a56990f4bea8a9,
Fixed_Rowwise,3,1,R03_F01,283,Training,COMP-95a56990f4bea8a9,
Fixed_Rowwise,3,1,R03_F01,286,Training,COMP-478c9f483894c42c,
Fixed_Rowwise,3,1,R03_F01,288,Training,COMP-478c9f483894c42c,
Fixed_Rowwise,3,1,R03_F01,295,Training,COMP-478c9f483894c42c,
Fixed_Rowwise,3,1,R03_F01,303,Training,COMP-478c9f483894c42c,
Fixed_Rowwise,3,1,R03_F01,306,Training,COMP-478c9f483894c42c,
Fixed_Rowwise,3,1,R03_F01,307,Training,COMP-478c9f483894c42c,
Fixed_Rowwise,3,1,R03_F01,309,Training,COMP-478c9f483894c42c,
Fixed_Rowwise,3,1,R03_F01,310,Training,COMP-478c9f483894c42c,
Fixed_Rowwise,3,1,R03_F01,313,Training,COMP-478c9f483894c42c,
Fixed_Rowwise,3,1,R03_F01,316,Training,COMP-478c9f483894c42c,
Fixed_Rowwise,3,1,R03_F01,320,Training,COMP-dbc0864492ec7b98,
Fixed_Rowwise,3,1,R03_F01,323,Training,COMP-dbc0864492ec7b98,
Fixed_Rowwise,3,1,R03_F01,324,Training,COMP-dbc0864492ec7b98,
Fixed_Rowwise,3,1,R03_F01,325,Training,COMP-dbc0864492ec7b98,
Fixed_Rowwise,3,1,R03_F01,328,Training,COMP-dbc0864492ec7b98,
Fixed_Rowwise,3,1,R03_F01,334,Training,COMP-dbc0864492ec7b98,
Fixed_Rowwise,3,1,R03_F01,337,Training,COMP-06072d2dd3b021af,
Fixed_Rowwise,3,1,R03_F01,339,Training,COMP-06072d2dd3b021af,
Fixed_Rowwise,3,1,R03_F01,341,Training,COMP-221944a235b3f36b,
Fixed_Rowwise,3,1,R03_F01,342,Training,COMP-221944a235b3f36b,
Fixed_Rowwise,3,1,R03_F01,345,Training,COMP-e1e52574fbb04f58,
Fixed_Rowwise,3,1,R03_F01,347,Training,COMP-e1e52574fbb04f58,
Fixed_Rowwise,3,1,R03_F01,348,Training,COMP-30cef922979fb9fd,
Fixed_Rowwise,3,1,R03_F01,350,Training,COMP-30cef922979fb9fd,
Fixed_Rowwise,3,1,R03_F01,351,Training,COMP-30cef922979fb9fd,
Fixed_Rowwise,3,1,R03_F01,352,Training,COMP-30cef922979fb9fd,
Fixed_Rowwise,3,1,R03_F01,354,Training,COMP-59f47d6774b9fdfb,
Fixed_Rowwise,3,1,R03_F01,360,Training,COMP-0765adc8c505dd3b,
Fixed_Rowwise,3,1,R03_F01,363,Training,COMP-0765adc8c505dd3b,
Fixed_Rowwise,3,1,R03_F01,364,Training,COMP-0765adc8c505dd3b,
Fixed_Rowwise,3,1,R03_F01,365,Training,COMP-e1e52574fbb04f58,
Fixed_Rowwise,3,1,R03_F01,369,Training,COMP-6f2ca218fbd1923b,
Fixed_Rowwise,3,1,R03_F01,371,Training,COMP-6f2ca218fbd1923b,
Fixed_Rowwise,3,1,R03_F01,375,Training,COMP-6f2ca218fbd1923b,
Fixed_Rowwise,3,1,R03_F01,381,Training,COMP-6f2ca218fbd1923b,
Fixed_Rowwise,3,1,R03_F01,382,Training,COMP-6f2ca218fbd1923b,
Fixed_Rowwise,3,1,R03_F01,384,Training,COMP-6f2ca218fbd1923b,
Fixed_Rowwise,3,1,R03_F01,386,Training,COMP-6f2ca218fbd1923b,
Fixed_Rowwise,3,1,R03_F01,387,Training,COMP-6f2ca218fbd1923b,
Fixed_Rowwise,3,1,R03_F01,391,Training,COMP-6f2ca218fbd1923b,
Fixed_Rowwise,3,1,R03_F01,393,Training,COMP-6f2ca218fbd1923b,
Fixed_Rowwise,3,1,R03_F01,395,Training,COMP-6f2ca218fbd1923b,
Fixed_Rowwise,3,1,R03_F01,399,Training,COMP-6f2ca218fbd1923b,
Fixed_Rowwise,3,1,R03_F01,402,Training,COMP-6f2ca218fbd1923b,
Fixed_Rowwise,3,1,R03_F01,404,Training,COMP-6f2ca218fbd1923b,
Fixed_Rowwise,3,1,R03_F01,405,Training,COMP-6f2ca218fbd1923b,
Fixed_Rowwise,3,1,R03_F01,406,Training,COMP-7fb1fecc93ced403,
Fixed_Rowwise,3,1,R03_F01,408,Training,COMP-7fb1fecc93ced403,
Fixed_Rowwise,3,1,R03_F01,413,Training,COMP-a85acb2f2da0216b,
Fixed_Rowwise,3,1,R03_F01,414,Training,COMP-a85acb2f2da0216b,
Fixed_Rowwise,3,1,R03_F01,415,Training,COMP-a85acb2f2da0216b,
Fixed_Rowwise,3,1,R03_F01,418,Training,COMP-a85acb2f2da0216b,
Fixed_Rowwise,3,1,R03_F01,421,Training,COMP-edeedccfd8f07e13,
Fixed_Rowwise,3,1,R03_F01,422,Training,COMP-edeedccfd8f07e13,
Fixed_Rowwise,3,1,R03_F01,424,Training,COMP-f9d9cbed014e8b80,
Fixed_Rowwise,3,1,R03_F01,425,Training,COMP-f9d9cbed014e8b80,
Fixed_Rowwise,3,1,R03_F01,427,Training,COMP-f9d9cbed014e8b80,
Fixed_Rowwise,3,1,R03_F01,429,Training,COMP-f9d9cbed014e8b80,
Fixed_Rowwise,3,1,R03_F01,431,Training,COMP-f9d9cbed014e8b80,
Fixed_Rowwise,3,1,R03_F01,432,Training,COMP-f9d9cbed014e8b80,
Fixed_Rowwise,3,1,R03_F01,438,Training,COMP-f9d9cbed014e8b80,
Fixed_Rowwise,3,1,R03_F01,440,Training,COMP-f9d9cbed014e8b80,
Fixed_Rowwise,3,1,R03_F01,441,Training,COMP-f9d9cbed014e8b80,
Fixed_Rowwise,3,1,R03_F01,445,Training,COMP-f9d9cbed014e8b80,
Fixed_Rowwise,3,1,R03_F01,448,Training,COMP-f9d9cbed014e8b80,
Fixed_Rowwise,3,1,R03_F01,449,Training,COMP-f9d9cbed014e8b80,
Fixed_Rowwise,3,1,R03_F01,450,Training,COMP-f9d9cbed014e8b80,
Fixed_Rowwise,3,1,R03_F01,3,Validation,COMP-725d39a40881dc4b,
Fixed_Rowwise,3,1,R03_F01,23,Validation,COMP-81f8a3600f73b006,
Fixed_Rowwise,3,1,R03_F01,35,Validation,COMP-a87a2533a652007c,
Fixed_Rowwise,3,1,R03_F01,37,Validation,COMP-f6d84b53636ddfbe,
Fixed_Rowwise,3,1,R03_F01,61,Validation,COMP-3f22c6642a7a1344,
Fixed_Rowwise,3,1,R03_F01,66,Validation,COMP-b8df58296dba2095,
Fixed_Rowwise,3,1,R03_F01,80,Validation,COMP-a14831ff30c0b14d,
Fixed_Rowwise,3,1,R03_F01,107,Validation,COMP-384273ac244080b1,
Fixed_Rowwise,3,1,R03_F01,123,Validation,COMP-0ee2ef468faff8db,
Fixed_Rowwise,3,1,R03_F01,127,Validation,COMP-5502f8bc72167a0b,
Fixed_Rowwise,3,1,R03_F01,139,Validation,COMP-89919c53d3149a2d,
Fixed_Rowwise,3,1,R03_F01,141,Validation,COMP-89919c53d3149a2d,
Fixed_Rowwise,3,1,R03_F01,147,Validation,COMP-055230aabe7d502c,
Fixed_Rowwise,3,1,R03_F01,148,Validation,COMP-150ce51691dfb5f9,
Fixed_Rowwise,3,1,R03_F01,150,Validation,COMP-055230aabe7d502c,
Fixed_Rowwise,3,1,R03_F01,152,Validation,COMP-055230aabe7d502c,
Fixed_Rowwise,3,1,R03_F01,160,Validation,COMP-0346738121cb655e,
Fixed_Rowwise,3,1,R03_F01,161,Validation,COMP-eacd4f126ab29a30,
Fixed_Rowwise,3,1,R03_F01,163,Validation,COMP-b2e9edd7bc55d085,
Fixed_Rowwise,3,1,R03_F01,176,Validation,COMP-5479c448b954c055,
Fixed_Rowwise,3,1,R03_F01,184,Validation,COMP-0966c0019ec07f39,
Fixed_Rowwise,3,1,R03_F01,188,Validation,COMP-a7670bf71188b1d6,
Fixed_Rowwise,3,1,R03_F01,193,Validation,COMP-889d7d6c6dbf5b76,
Fixed_Rowwise,3,1,R03_F01,201,Validation,COMP-05480af3b167ab05,
Fixed_Rowwise,3,1,R03_F01,226,Validation,COMP-93900d7c81c38cdd,
Fixed_Rowwise,3,1,R03_F01,235,Validation,COMP-091a20b5a1dfb76f,
Fixed_Rowwise,3,1,R03_F01,249,Validation,COMP-e295ac85ac1ada41,
Fixed_Rowwise,3,1,R03_F01,259,Validation,COMP-95a56990f4bea8a9,
Fixed_Rowwise,3,1,R03_F01,273,Validation,COMP-95a56990f4bea8a9,
Fixed_Rowwise,3,1,R03_F01,285,Validation,COMP-95a56990f4bea8a9,
Fixed_Rowwise,3,1,R03_F01,292,Validation,COMP-478c9f483894c42c,
Fixed_Rowwise,3,1,R03_F01,296,Validation,COMP-478c9f483894c42c,
Fixed_Rowwise,3,1,R03_F01,300,Validation,COMP-478c9f483894c42c,
Fixed_Rowwise,3,1,R03_F01,311,Validation,COMP-478c9f483894c42c,
Fixed_Rowwise,3,1,R03_F01,315,Validation,COMP-478c9f483894c42c,
Fixed_Rowwise,3,1,R03_F01,321,Validation,COMP-dbc0864492ec7b98,
Fixed_Rowwise,3,1,R03_F01,322,Validation,COMP-dbc0864492ec7b98,
Fixed_Rowwise,3,1,R03_F01,326,Validation,COMP-dbc0864492ec7b98,
Fixed_Rowwise,3,1,R03_F01,327,Validation,COMP-dbc0864492ec7b98,
Fixed_Rowwise,3,1,R03_F01,331,Validation,COMP-dbc0864492ec7b98,
Fixed_Rowwise,3,1,R03_F01,333,Validation,COMP-dbc0864492ec7b98,
Fixed_Rowwise,3,1,R03_F01,344,Validation,COMP-e1e52574fbb04f58,
Fixed_Rowwise,3,1,R03_F01,349,Validation,COMP-30cef922979fb9fd,
Fixed_Rowwise,3,1,R03_F01,356,Validation,COMP-59f47d6774b9fdfb,
Fixed_Rowwise,3,1,R03_F01,358,Validation,COMP-59f47d6774b9fdfb,
Fixed_Rowwise,3,1,R03_F01,372,Validation,COMP-6f2ca218fbd1923b,
Fixed_Rowwise,3,1,R03_F01,376,Validation,COMP-6f2ca218fbd1923b,
Fixed_Rowwise,3,1,R03_F01,378,Validation,COMP-6f2ca218fbd1923b,
Fixed_Rowwise,3,1,R03_F01,380,Validation,COMP-6f2ca218fbd1923b,
Fixed_Rowwise,3,1,R03_F01,388,Validation,COMP-6f2ca218fbd1923b,
Fixed_Rowwise,3,1,R03_F01,389,Validation,COMP-6f2ca218fbd1923b,
Fixed_Rowwise,3,1,R03_F01,434,Validation,COMP-f9d9cbed014e8b80,
Fixed_Rowwise,3,1,R03_F01,444,Validation,COMP-f9d9cbed014e8b80,
Fixed_Rowwise,3,1,R03_F01,451,Validation,COMP-f9d9cbed014e8b80,
Fixed_Rowwise,3,2,R03_F02,1,Training,COMP-27021c945dc6ef2d,
Fixed_Rowwise,3,2,R03_F02,3,Training,COMP-725d39a40881dc4b,
Fixed_Rowwise,3,2,R03_F02,4,Training,COMP-862c9c676a6f1012,
Fixed_Rowwise,3,2,R03_F02,6,Training,COMP-27021c945dc6ef2d,
Fixed_Rowwise,3,2,R03_F02,8,Training,COMP-725d39a40881dc4b,
Fixed_Rowwise,3,2,R03_F02,10,Training,COMP-725d39a40881dc4b,
Fixed_Rowwise,3,2,R03_F02,12,Training,COMP-725d39a40881dc4b,
Fixed_Rowwise,3,2,R03_F02,17,Training,COMP-773f99d6dc417f9e,
Fixed_Rowwise,3,2,R03_F02,20,Training,COMP-0b765af90e5ebd4c,
Fixed_Rowwise,3,2,R03_F02,21,Training,COMP-0b765af90e5ebd4c,
Fixed_Rowwise,3,2,R03_F02,23,Training,COMP-81f8a3600f73b006,
Fixed_Rowwise,3,2,R03_F02,24,Training,COMP-0b765af90e5ebd4c,
Fixed_Rowwise,3,2,R03_F02,26,Training,COMP-7decbe1f0284bd78,
Fixed_Rowwise,3,2,R03_F02,28,Training,COMP-3632fb12e94bc35a,
Fixed_Rowwise,3,2,R03_F02,29,Training,COMP-773f99d6dc417f9e,
Fixed_Rowwise,3,2,R03_F02,35,Training,COMP-a87a2533a652007c,
Fixed_Rowwise,3,2,R03_F02,37,Training,COMP-f6d84b53636ddfbe,
Fixed_Rowwise,3,2,R03_F02,40,Training,COMP-1af7d3f3b3b924e5,
Fixed_Rowwise,3,2,R03_F02,43,Training,COMP-9b0e3106e10f71db,
Fixed_Rowwise,3,2,R03_F02,44,Training,COMP-0d7ce00a50a6a24f,
Fixed_Rowwise,3,2,R03_F02,45,Training,COMP-59ce4655e65cf94a,
Fixed_Rowwise,3,2,R03_F02,47,Training,COMP-e295ac85ac1ada41,
Fixed_Rowwise,3,2,R03_F02,51,Training,COMP-dbc0864492ec7b98,
Fixed_Rowwise,3,2,R03_F02,54,Training,COMP-ea1f0dc96a173899,
Fixed_Rowwise,3,2,R03_F02,60,Training,COMP-3f22c6642a7a1344,
Fixed_Rowwise,3,2,R03_F02,61,Training,COMP-3f22c6642a7a1344,
Fixed_Rowwise,3,2,R03_F02,62,Training,COMP-21d126c9d34df073,
Fixed_Rowwise,3,2,R03_F02,64,Training,COMP-3157f0dc71f862ff,
Fixed_Rowwise,3,2,R03_F02,65,Training,COMP-7c0b488137fafb3b,
Fixed_Rowwise,3,2,R03_F02,66,Training,COMP-b8df58296dba2095,
Fixed_Rowwise,3,2,R03_F02,67,Training,COMP-49d8e1edbf1c2fbd,
Fixed_Rowwise,3,2,R03_F02,68,Training,COMP-21d126c9d34df073,
Fixed_Rowwise,3,2,R03_F02,74,Training,COMP-f9a00d6d8411a0d1,
Fixed_Rowwise,3,2,R03_F02,80,Training,COMP-a14831ff30c0b14d,
Fixed_Rowwise,3,2,R03_F02,83,Training,COMP-e913f917a7e36868,
Fixed_Rowwise,3,2,R03_F02,84,Training,COMP-a14831ff30c0b14d,
Fixed_Rowwise,3,2,R03_F02,86,Training,COMP-ea2a626c3522e4a5,
Fixed_Rowwise,3,2,R03_F02,87,Training,COMP-a14831ff30c0b14d,
Fixed_Rowwise,3,2,R03_F02,88,Training,COMP-ea2a626c3522e4a5,
Fixed_Rowwise,3,2,R03_F02,94,Training,COMP-ea2a626c3522e4a5,
Fixed_Rowwise,3,2,R03_F02,95,Training,COMP-ea2a626c3522e4a5,
Fixed_Rowwise,3,2,R03_F02,96,Training,COMP-ea2a626c3522e4a5,
Fixed_Rowwise,3,2,R03_F02,98,Training,COMP-e913f917a7e36868,
Fixed_Rowwise,3,2,R03_F02,99,Training,COMP-ea2a626c3522e4a5,
Fixed_Rowwise,3,2,R03_F02,100,Training,COMP-ea2a626c3522e4a5,
Fixed_Rowwise,3,2,R03_F02,102,Training,COMP-435a8f4ba56d8b5d,
Fixed_Rowwise,3,2,R03_F02,103,Training,COMP-435a8f4ba56d8b5d,
Fixed_Rowwise,3,2,R03_F02,104,Training,COMP-435a8f4ba56d8b5d,
Fixed_Rowwise,3,2,R03_F02,107,Training,COMP-384273ac244080b1,
Fixed_Rowwise,3,2,R03_F02,110,Training,COMP-c1d72bb5d7d164b0,
Fixed_Rowwise,3,2,R03_F02,111,Training,COMP-c1d72bb5d7d164b0,
Fixed_Rowwise,3,2,R03_F02,112,Training,COMP-c1d72bb5d7d164b0,
Fixed_Rowwise,3,2,R03_F02,115,Training,COMP-15c7378d46cadefa,
Fixed_Rowwise,3,2,R03_F02,118,Training,COMP-8bbe9ce01fb6a2d3,
Fixed_Rowwise,3,2,R03_F02,120,Training,COMP-8bbe9ce01fb6a2d3,
Fixed_Rowwise,3,2,R03_F02,121,Training,COMP-b2e9edd7bc55d085,
Fixed_Rowwise,3,2,R03_F02,123,Training,COMP-0ee2ef468faff8db,
Fixed_Rowwise,3,2,R03_F02,126,Training,COMP-5502f8bc72167a0b,
Fixed_Rowwise,3,2,R03_F02,127,Training,COMP-5502f8bc72167a0b,
Fixed_Rowwise,3,2,R03_F02,133,Training,COMP-89919c53d3149a2d,
Fixed_Rowwise,3,2,R03_F02,134,Training,COMP-89919c53d3149a2d,
Fixed_Rowwise,3,2,R03_F02,138,Training,COMP-89919c53d3149a2d,
Fixed_Rowwise,3,2,R03_F02,139,Training,COMP-89919c53d3149a2d,
Fixed_Rowwise,3,2,R03_F02,141,Training,COMP-89919c53d3149a2d,
Fixed_Rowwise,3,2,R03_F02,143,Training,COMP-89919c53d3149a2d,
Fixed_Rowwise,3,2,R03_F02,144,Training,COMP-89919c53d3149a2d,
Fixed_Rowwise,3,2,R03_F02,145,Training,COMP-89919c53d3149a2d,
Fixed_Rowwise,3,2,R03_F02,147,Training,COMP-055230aabe7d502c,
Fixed_Rowwise,3,2,R03_F02,148,Training,COMP-150ce51691dfb5f9,
Fixed_Rowwise,3,2,R03_F02,149,Training,COMP-266a388f7afdbe91,
Fixed_Rowwise,3,2,R03_F02,150,Training,COMP-055230aabe7d502c,
Fixed_Rowwise,3,2,R03_F02,152,Training,COMP-055230aabe7d502c,
Fixed_Rowwise,3,2,R03_F02,154,Training,COMP-150ce51691dfb5f9,
Fixed_Rowwise,3,2,R03_F02,156,Training,COMP-941f92def7f50542,
Fixed_Rowwise,3,2,R03_F02,157,Training,COMP-ddfcf6030a718a0c,
Fixed_Rowwise,3,2,R03_F02,159,Training,COMP-0346738121cb655e,
Fixed_Rowwise,3,2,R03_F02,160,Training,COMP-0346738121cb655e,
Fixed_Rowwise,3,2,R03_F02,161,Training,COMP-eacd4f126ab29a30,
Fixed_Rowwise,3,2,R03_F02,162,Training,COMP-ddfcf6030a718a0c,
Fixed_Rowwise,3,2,R03_F02,163,Training,COMP-b2e9edd7bc55d085,
Fixed_Rowwise,3,2,R03_F02,167,Training,COMP-eacd4f126ab29a30,
Fixed_Rowwise,3,2,R03_F02,168,Training,COMP-92ed17371ff559b6,
Fixed_Rowwise,3,2,R03_F02,172,Training,COMP-92ed17371ff559b6,
Fixed_Rowwise,3,2,R03_F02,173,Training,COMP-0d41a2cf75110ad6,
Fixed_Rowwise,3,2,R03_F02,174,Training,COMP-a35a20d65351aafe,
Fixed_Rowwise,3,2,R03_F02,176,Training,COMP-5479c448b954c055,
Fixed_Rowwise,3,2,R03_F02,178,Training,COMP-b9abc443805301b1,
Fixed_Rowwise,3,2,R03_F02,181,Training,COMP-69c6ecd7284d3b47,
Fixed_Rowwise,3,2,R03_F02,184,Training,COMP-0966c0019ec07f39,
Fixed_Rowwise,3,2,R03_F02,186,Training,COMP-0966c0019ec07f39,
Fixed_Rowwise,3,2,R03_F02,187,Training,COMP-a7670bf71188b1d6,
Fixed_Rowwise,3,2,R03_F02,188,Training,COMP-a7670bf71188b1d6,
Fixed_Rowwise,3,2,R03_F02,193,Training,COMP-889d7d6c6dbf5b76,
Fixed_Rowwise,3,2,R03_F02,194,Training,COMP-445f55453794f59c,
Fixed_Rowwise,3,2,R03_F02,197,Training,COMP-880bd22028629a8e,
Fixed_Rowwise,3,2,R03_F02,199,Training,COMP-6525c735bb50fb1c,
Fixed_Rowwise,3,2,R03_F02,200,Training,COMP-b878df279a448475,
Fixed_Rowwise,3,2,R03_F02,201,Training,COMP-05480af3b167ab05,
Fixed_Rowwise,3,2,R03_F02,202,Training,COMP-598bc18a3ba07a9e,
Fixed_Rowwise,3,2,R03_F02,205,Training,COMP-d8a14990923ce9f7,
Fixed_Rowwise,3,2,R03_F02,207,Training,COMP-948abb1ebd270642,
Fixed_Rowwise,3,2,R03_F02,210,Training,COMP-d7494ade7e8dd694,
Fixed_Rowwise,3,2,R03_F02,214,Training,COMP-35e38ea13dc05b9e,
Fixed_Rowwise,3,2,R03_F02,215,Training,COMP-6b4f0394292930ba,
Fixed_Rowwise,3,2,R03_F02,216,Training,COMP-4a76c05754ee1efa,
Fixed_Rowwise,3,2,R03_F02,221,Training,COMP-20d1e620c817cb5a,
Fixed_Rowwise,3,2,R03_F02,224,Training,COMP-93900d7c81c38cdd,
Fixed_Rowwise,3,2,R03_F02,225,Training,COMP-289a02a6b94655b9,
Fixed_Rowwise,3,2,R03_F02,226,Training,COMP-93900d7c81c38cdd,
Fixed_Rowwise,3,2,R03_F02,228,Training,COMP-46e30c1bd5e987da,
Fixed_Rowwise,3,2,R03_F02,229,Training,COMP-2753cd2e053c8c98,
Fixed_Rowwise,3,2,R03_F02,230,Training,COMP-0107563adaed8d01,
Fixed_Rowwise,3,2,R03_F02,231,Training,COMP-0e256dc7494452a7,
Fixed_Rowwise,3,2,R03_F02,232,Training,COMP-0e256dc7494452a7,
Fixed_Rowwise,3,2,R03_F02,233,Training,COMP-e60cc4ecffe6b7df,
Fixed_Rowwise,3,2,R03_F02,235,Training,COMP-091a20b5a1dfb76f,
Fixed_Rowwise,3,2,R03_F02,236,Training,COMP-44fea4804e888e0a,
Fixed_Rowwise,3,2,R03_F02,237,Training,COMP-4ef2bcae5243588c,
Fixed_Rowwise,3,2,R03_F02,238,Training,COMP-fc5c3e46d2655b62,
Fixed_Rowwise,3,2,R03_F02,240,Training,COMP-0b765af90e5ebd4c,
Fixed_Rowwise,3,2,R03_F02,242,Training,COMP-631a18a4a6b20c0c,
Fixed_Rowwise,3,2,R03_F02,246,Training,COMP-1fc9679353325516,
Fixed_Rowwise,3,2,R03_F02,247,Training,COMP-e295ac85ac1ada41,
Fixed_Rowwise,3,2,R03_F02,249,Training,COMP-e295ac85ac1ada41,
Fixed_Rowwise,3,2,R03_F02,251,Training,COMP-dd1e9c4c0f247912,
Fixed_Rowwise,3,2,R03_F02,252,Training,COMP-725d39a40881dc4b,
Fixed_Rowwise,3,2,R03_F02,255,Training,COMP-95a56990f4bea8a9,
Fixed_Rowwise,3,2,R03_F02,256,Training,COMP-95a56990f4bea8a9,
Fixed_Rowwise,3,2,R03_F02,257,Training,COMP-95a56990f4bea8a9,
Fixed_Rowwise,3,2,R03_F02,258,Training,COMP-95a56990f4bea8a9,
Fixed_Rowwise,3,2,R03_F02,259,Training,COMP-95a56990f4bea8a9,
Fixed_Rowwise,3,2,R03_F02,260,Training,COMP-95a56990f4bea8a9,
Fixed_Rowwise,3,2,R03_F02,266,Training,COMP-95a56990f4bea8a9,
Fixed_Rowwise,3,2,R03_F02,268,Training,COMP-95a56990f4bea8a9,
Fixed_Rowwise,3,2,R03_F02,271,Training,COMP-95a56990f4bea8a9,
Fixed_Rowwise,3,2,R03_F02,272,Training,COMP-95a56990f4bea8a9,
Fixed_Rowwise,3,2,R03_F02,273,Training,COMP-95a56990f4bea8a9,
Fixed_Rowwise,3,2,R03_F02,282,Training,COMP-95a56990f4bea8a9,
Fixed_Rowwise,3,2,R03_F02,283,Training,COMP-95a56990f4bea8a9,
Fixed_Rowwise,3,2,R03_F02,285,Training,COMP-95a56990f4bea8a9,
Fixed_Rowwise,3,2,R03_F02,286,Training,COMP-478c9f483894c42c,
Fixed_Rowwise,3,2,R03_F02,288,Training,COMP-478c9f483894c42c,
Fixed_Rowwise,3,2,R03_F02,292,Training,COMP-478c9f483894c42c,
Fixed_Rowwise,3,2,R03_F02,295,Training,COMP-478c9f483894c42c,
Fixed_Rowwise,3,2,R03_F02,296,Training,COMP-478c9f483894c42c,
Fixed_Rowwise,3,2,R03_F02,300,Training,COMP-478c9f483894c42c,
Fixed_Rowwise,3,2,R03_F02,303,Training,COMP-478c9f483894c42c,
Fixed_Rowwise,3,2,R03_F02,306,Training,COMP-478c9f483894c42c,
Fixed_Rowwise,3,2,R03_F02,309,Training,COMP-478c9f483894c42c,
Fixed_Rowwise,3,2,R03_F02,310,Training,COMP-478c9f483894c42c,
Fixed_Rowwise,3,2,R03_F02,311,Training,COMP-478c9f483894c42c,
Fixed_Rowwise,3,2,R03_F02,313,Training,COMP-478c9f483894c42c,
Fixed_Rowwise,3,2,R03_F02,315,Training,COMP-478c9f483894c42c,
Fixed_Rowwise,3,2,R03_F02,316,Training,COMP-478c9f483894c42c,
Fixed_Rowwise,3,2,R03_F02,320,Training,COMP-dbc0864492ec7b98,
Fixed_Rowwise,3,2,R03_F02,321,Training,COMP-dbc0864492ec7b98,
Fixed_Rowwise,3,2,R03_F02,322,Training,COMP-dbc0864492ec7b98,
Fixed_Rowwise,3,2,R03_F02,323,Training,COMP-dbc0864492ec7b98,
Fixed_Rowwise,3,2,R03_F02,324,Training,COMP-dbc0864492ec7b98,
Fixed_Rowwise,3,2,R03_F02,325,Training,COMP-dbc0864492ec7b98,
Fixed_Rowwise,3,2,R03_F02,326,Training,COMP-dbc0864492ec7b98,
Fixed_Rowwise,3,2,R03_F02,327,Training,COMP-dbc0864492ec7b98,
Fixed_Rowwise,3,2,R03_F02,328,Training,COMP-dbc0864492ec7b98,
Fixed_Rowwise,3,2,R03_F02,331,Training,COMP-dbc0864492ec7b98,
Fixed_Rowwise,3,2,R03_F02,333,Training,COMP-dbc0864492ec7b98,
Fixed_Rowwise,3,2,R03_F02,334,Training,COMP-dbc0864492ec7b98,
Fixed_Rowwise,3,2,R03_F02,337,Training,COMP-06072d2dd3b021af,
Fixed_Rowwise,3,2,R03_F02,341,Training,COMP-221944a235b3f36b,
Fixed_Rowwise,3,2,R03_F02,342,Training,COMP-221944a235b3f36b,
Fixed_Rowwise,3,2,R03_F02,344,Training,COMP-e1e52574fbb04f58,
Fixed_Rowwise,3,2,R03_F02,347,Training,COMP-e1e52574fbb04f58,
Fixed_Rowwise,3,2,R03_F02,348,Training,COMP-30cef922979fb9fd,
Fixed_Rowwise,3,2,R03_F02,349,Training,COMP-30cef922979fb9fd,
Fixed_Rowwise,3,2,R03_F02,350,Training,COMP-30cef922979fb9fd,
Fixed_Rowwise,3,2,R03_F02,351,Training,COMP-30cef922979fb9fd,
Fixed_Rowwise,3,2,R03_F02,354,Training,COMP-59f47d6774b9fdfb,
Fixed_Rowwise,3,2,R03_F02,356,Training,COMP-59f47d6774b9fdfb,
Fixed_Rowwise,3,2,R03_F02,358,Training,COMP-59f47d6774b9fdfb,
Fixed_Rowwise,3,2,R03_F02,363,Training,COMP-0765adc8c505dd3b,
Fixed_Rowwise,3,2,R03_F02,364,Training,COMP-0765adc8c505dd3b,
Fixed_Rowwise,3,2,R03_F02,369,Training,COMP-6f2ca218fbd1923b,
Fixed_Rowwise,3,2,R03_F02,371,Training,COMP-6f2ca218fbd1923b,
Fixed_Rowwise,3,2,R03_F02,372,Training,COMP-6f2ca218fbd1923b,
Fixed_Rowwise,3,2,R03_F02,375,Training,COMP-6f2ca218fbd1923b,
Fixed_Rowwise,3,2,R03_F02,376,Training,COMP-6f2ca218fbd1923b,
Fixed_Rowwise,3,2,R03_F02,378,Training,COMP-6f2ca218fbd1923b,
Fixed_Rowwise,3,2,R03_F02,380,Training,COMP-6f2ca218fbd1923b,
Fixed_Rowwise,3,2,R03_F02,381,Training,COMP-6f2ca218fbd1923b,
Fixed_Rowwise,3,2,R03_F02,382,Training,COMP-6f2ca218fbd1923b,
Fixed_Rowwise,3,2,R03_F02,384,Training,COMP-6f2ca218fbd1923b,
Fixed_Rowwise,3,2,R03_F02,386,Training,COMP-6f2ca218fbd1923b,
Fixed_Rowwise,3,2,R03_F02,387,Training,COMP-6f2ca218fbd1923b,
Fixed_Rowwise,3,2,R03_F02,388,Training,COMP-6f2ca218fbd1923b,
Fixed_Rowwise,3,2,R03_F02,389,Training,COMP-6f2ca218fbd1923b,
Fixed_Rowwise,3,2,R03_F02,391,Training,COMP-6f2ca218fbd1923b,
Fixed_Rowwise,3,2,R03_F02,393,Training,COMP-6f2ca218fbd1923b,
Fixed_Rowwise,3,2,R03_F02,395,Training,COMP-6f2ca218fbd1923b,
Fixed_Rowwise,3,2,R03_F02,402,Training,COMP-6f2ca218fbd1923b,
Fixed_Rowwise,3,2,R03_F02,405,Training,COMP-6f2ca218fbd1923b,
Fixed_Rowwise,3,2,R03_F02,406,Training,COMP-7fb1fecc93ced403,
Fixed_Rowwise,3,2,R03_F02,408,Training,COMP-7fb1fecc93ced403,
Fixed_Rowwise,3,2,R03_F02,414,Training,COMP-a85acb2f2da0216b,
Fixed_Rowwise,3,2,R03_F02,418,Training,COMP-a85acb2f2da0216b,
Fixed_Rowwise,3,2,R03_F02,421,Training,COMP-edeedccfd8f07e13,
Fixed_Rowwise,3,2,R03_F02,424,Training,COMP-f9d9cbed014e8b80,
Fixed_Rowwise,3,2,R03_F02,425,Training,COMP-f9d9cbed014e8b80,
Fixed_Rowwise,3,2,R03_F02,427,Training,COMP-f9d9cbed014e8b80,
Fixed_Rowwise,3,2,R03_F02,434,Training,COMP-f9d9cbed014e8b80,
Fixed_Rowwise,3,2,R03_F02,438,Training,COMP-f9d9cbed014e8b80,
Fixed_Rowwise,3,2,R03_F02,440,Training,COMP-f9d9cbed014e8b80,
Fixed_Rowwise,3,2,R03_F02,444,Training,COMP-f9d9cbed014e8b80,
Fixed_Rowwise,3,2,R03_F02,445,Training,COMP-f9d9cbed014e8b80,
Fixed_Rowwise,3,2,R03_F02,448,Training,COMP-f9d9cbed014e8b80,
Fixed_Rowwise,3,2,R03_F02,449,Training,COMP-f9d9cbed014e8b80,
Fixed_Rowwise,3,2,R03_F02,450,Training,COMP-f9d9cbed014e8b80,
Fixed_Rowwise,3,2,R03_F02,451,Training,COMP-f9d9cbed014e8b80,
Fixed_Rowwise,3,2,R03_F02,5,Validation,COMP-8e1fe5f59d3c7565,
Fixed_Rowwise,3,2,R03_F02,7,Validation,COMP-725d39a40881dc4b,
Fixed_Rowwise,3,2,R03_F02,13,Validation,COMP-27021c945dc6ef2d,
Fixed_Rowwise,3,2,R03_F02,14,Validation,COMP-609dfbaf681359b8,
Fixed_Rowwise,3,2,R03_F02,27,Validation,COMP-73d52e7a36d559a9,
Fixed_Rowwise,3,2,R03_F02,32,Validation,COMP-81f8a3600f73b006,
Fixed_Rowwise,3,2,R03_F02,36,Validation,COMP-87a7ec252c82f56c,
Fixed_Rowwise,3,2,R03_F02,41,Validation,COMP-1af7d3f3b3b924e5,
Fixed_Rowwise,3,2,R03_F02,48,Validation,COMP-b611e8d56579c910,
Fixed_Rowwise,3,2,R03_F02,49,Validation,COMP-92ece298f11712f0,
Fixed_Rowwise,3,2,R03_F02,52,Validation,COMP-06f5d2a767a65349,
Fixed_Rowwise,3,2,R03_F02,53,Validation,COMP-06f5d2a767a65349,
Fixed_Rowwise,3,2,R03_F02,63,Validation,COMP-21d126c9d34df073,
Fixed_Rowwise,3,2,R03_F02,69,Validation,COMP-8cee7ef8867afd2d,
Fixed_Rowwise,3,2,R03_F02,85,Validation,COMP-e913f917a7e36868,
Fixed_Rowwise,3,2,R03_F02,92,Validation,COMP-ea2a626c3522e4a5,
Fixed_Rowwise,3,2,R03_F02,97,Validation,COMP-a14831ff30c0b14d,
Fixed_Rowwise,3,2,R03_F02,105,Validation,COMP-435a8f4ba56d8b5d,
Fixed_Rowwise,3,2,R03_F02,106,Validation,COMP-435a8f4ba56d8b5d,
Fixed_Rowwise,3,2,R03_F02,114,Validation,COMP-6360354242bed7fe,
Fixed_Rowwise,3,2,R03_F02,122,Validation,COMP-b2e9edd7bc55d085,
Fixed_Rowwise,3,2,R03_F02,125,Validation,COMP-0ee2ef468faff8db,
Fixed_Rowwise,3,2,R03_F02,130,Validation,COMP-89919c53d3149a2d,
Fixed_Rowwise,3,2,R03_F02,135,Validation,COMP-89919c53d3149a2d,
Fixed_Rowwise,3,2,R03_F02,142,Validation,COMP-89919c53d3149a2d,
Fixed_Rowwise,3,2,R03_F02,146,Validation,COMP-266a388f7afdbe91,
Fixed_Rowwise,3,2,R03_F02,164,Validation,COMP-941f92def7f50542,
Fixed_Rowwise,3,2,R03_F02,169,Validation,COMP-92ed17371ff559b6,
Fixed_Rowwise,3,2,R03_F02,175,Validation,COMP-b72f6533b137a4f6,
Fixed_Rowwise,3,2,R03_F02,177,Validation,COMP-5479c448b954c055,
Fixed_Rowwise,3,2,R03_F02,182,Validation,COMP-630f3050f45faf36,
Fixed_Rowwise,3,2,R03_F02,183,Validation,COMP-630f3050f45faf36,
Fixed_Rowwise,3,2,R03_F02,211,Validation,COMP-b775405901636085,
Fixed_Rowwise,3,2,R03_F02,219,Validation,COMP-eae7689b221fd7f8,
Fixed_Rowwise,3,2,R03_F02,239,Validation,COMP-0b765af90e5ebd4c,
Fixed_Rowwise,3,2,R03_F02,241,Validation,COMP-631a18a4a6b20c0c,
Fixed_Rowwise,3,2,R03_F02,243,Validation,COMP-b0cc51380afea02b,
Fixed_Rowwise,3,2,R03_F02,253,Validation,COMP-725d39a40881dc4b,
Fixed_Rowwise,3,2,R03_F02,263,Validation,COMP-95a56990f4bea8a9,
Fixed_Rowwise,3,2,R03_F02,307,Validation,COMP-478c9f483894c42c,
Fixed_Rowwise,3,2,R03_F02,339,Validation,COMP-06072d2dd3b021af,
Fixed_Rowwise,3,2,R03_F02,345,Validation,COMP-e1e52574fbb04f58,
Fixed_Rowwise,3,2,R03_F02,352,Validation,COMP-30cef922979fb9fd,
Fixed_Rowwise,3,2,R03_F02,360,Validation,COMP-0765adc8c505dd3b,
Fixed_Rowwise,3,2,R03_F02,365,Validation,COMP-e1e52574fbb04f58,
Fixed_Rowwise,3,2,R03_F02,399,Validation,COMP-6f2ca218fbd1923b,
Fixed_Rowwise,3,2,R03_F02,404,Validation,COMP-6f2ca218fbd1923b,
Fixed_Rowwise,3,2,R03_F02,413,Validation,COMP-a85acb2f2da0216b,
Fixed_Rowwise,3,2,R03_F02,415,Validation,COMP-a85acb2f2da0216b,
Fixed_Rowwise,3,2,R03_F02,422,Validation,COMP-edeedccfd8f07e13,
Fixed_Rowwise,3,2,R03_F02,429,Validation,COMP-f9d9cbed014e8b80,
Fixed_Rowwise,3,2,R03_F02,431,Validation,COMP-f9d9cbed014e8b80,
Fixed_Rowwise,3,2,R03_F02,432,Validation,COMP-f9d9cbed014e8b80,
Fixed_Rowwise,3,2,R03_F02,441,Validation,COMP-f9d9cbed014e8b80,
Fixed_Rowwise,3,3,R03_F03,3,Training,COMP-725d39a40881dc4b,
Fixed_Rowwise,3,3,R03_F03,5,Training,COMP-8e1fe5f59d3c7565,
Fixed_Rowwise,3,3,R03_F03,6,Training,COMP-27021c945dc6ef2d,
Fixed_Rowwise,3,3,R03_F03,7,Training,COMP-725d39a40881dc4b,
Fixed_Rowwise,3,3,R03_F03,8,Training,COMP-725d39a40881dc4b,
Fixed_Rowwise,3,3,R03_F03,12,Training,COMP-725d39a40881dc4b,
Fixed_Rowwise,3,3,R03_F03,13,Training,COMP-27021c945dc6ef2d,
Fixed_Rowwise,3,3,R03_F03,14,Training,COMP-609dfbaf681359b8,
Fixed_Rowwise,3,3,R03_F03,20,Training,COMP-0b765af90e5ebd4c,
Fixed_Rowwise,3,3,R03_F03,23,Training,COMP-81f8a3600f73b006,
Fixed_Rowwise,3,3,R03_F03,26,Training,COMP-7decbe1f0284bd78,
Fixed_Rowwise,3,3,R03_F03,27,Training,COMP-73d52e7a36d559a9,
Fixed_Rowwise,3,3,R03_F03,28,Training,COMP-3632fb12e94bc35a,
Fixed_Rowwise,3,3,R03_F03,32,Training,COMP-81f8a3600f73b006,
Fixed_Rowwise,3,3,R03_F03,35,Training,COMP-a87a2533a652007c,
Fixed_Rowwise,3,3,R03_F03,36,Training,COMP-87a7ec252c82f56c,
Fixed_Rowwise,3,3,R03_F03,37,Training,COMP-f6d84b53636ddfbe,
Fixed_Rowwise,3,3,R03_F03,40,Training,COMP-1af7d3f3b3b924e5,
Fixed_Rowwise,3,3,R03_F03,41,Training,COMP-1af7d3f3b3b924e5,
Fixed_Rowwise,3,3,R03_F03,43,Training,COMP-9b0e3106e10f71db,
Fixed_Rowwise,3,3,R03_F03,44,Training,COMP-0d7ce00a50a6a24f,
Fixed_Rowwise,3,3,R03_F03,45,Training,COMP-59ce4655e65cf94a,
Fixed_Rowwise,3,3,R03_F03,47,Training,COMP-e295ac85ac1ada41,
Fixed_Rowwise,3,3,R03_F03,48,Training,COMP-b611e8d56579c910,
Fixed_Rowwise,3,3,R03_F03,49,Training,COMP-92ece298f11712f0,
Fixed_Rowwise,3,3,R03_F03,52,Training,COMP-06f5d2a767a65349,
Fixed_Rowwise,3,3,R03_F03,53,Training,COMP-06f5d2a767a65349,
Fixed_Rowwise,3,3,R03_F03,54,Training,COMP-ea1f0dc96a173899,
Fixed_Rowwise,3,3,R03_F03,60,Training,COMP-3f22c6642a7a1344,
Fixed_Rowwise,3,3,R03_F03,61,Training,COMP-3f22c6642a7a1344,
Fixed_Rowwise,3,3,R03_F03,62,Training,COMP-21d126c9d34df073,
Fixed_Rowwise,3,3,R03_F03,63,Training,COMP-21d126c9d34df073,
Fixed_Rowwise,3,3,R03_F03,65,Training,COMP-7c0b488137fafb3b,
Fixed_Rowwise,3,3,R03_F03,66,Training,COMP-b8df58296dba2095,
Fixed_Rowwise,3,3,R03_F03,68,Training,COMP-21d126c9d34df073,
Fixed_Rowwise,3,3,R03_F03,69,Training,COMP-8cee7ef8867afd2d,
Fixed_Rowwise,3,3,R03_F03,80,Training,COMP-a14831ff30c0b14d,
Fixed_Rowwise,3,3,R03_F03,85,Training,COMP-e913f917a7e36868,
Fixed_Rowwise,3,3,R03_F03,86,Training,COMP-ea2a626c3522e4a5,
Fixed_Rowwise,3,3,R03_F03,87,Training,COMP-a14831ff30c0b14d,
Fixed_Rowwise,3,3,R03_F03,92,Training,COMP-ea2a626c3522e4a5,
Fixed_Rowwise,3,3,R03_F03,95,Training,COMP-ea2a626c3522e4a5,
Fixed_Rowwise,3,3,R03_F03,97,Training,COMP-a14831ff30c0b14d,
Fixed_Rowwise,3,3,R03_F03,100,Training,COMP-ea2a626c3522e4a5,
Fixed_Rowwise,3,3,R03_F03,104,Training,COMP-435a8f4ba56d8b5d,
Fixed_Rowwise,3,3,R03_F03,105,Training,COMP-435a8f4ba56d8b5d,
Fixed_Rowwise,3,3,R03_F03,106,Training,COMP-435a8f4ba56d8b5d,
Fixed_Rowwise,3,3,R03_F03,107,Training,COMP-384273ac244080b1,
Fixed_Rowwise,3,3,R03_F03,110,Training,COMP-c1d72bb5d7d164b0,
Fixed_Rowwise,3,3,R03_F03,111,Training,COMP-c1d72bb5d7d164b0,
Fixed_Rowwise,3,3,R03_F03,112,Training,COMP-c1d72bb5d7d164b0,
Fixed_Rowwise,3,3,R03_F03,114,Training,COMP-6360354242bed7fe,
Fixed_Rowwise,3,3,R03_F03,118,Training,COMP-8bbe9ce01fb6a2d3,
Fixed_Rowwise,3,3,R03_F03,120,Training,COMP-8bbe9ce01fb6a2d3,
Fixed_Rowwise,3,3,R03_F03,121,Training,COMP-b2e9edd7bc55d085,
Fixed_Rowwise,3,3,R03_F03,122,Training,COMP-b2e9edd7bc55d085,
Fixed_Rowwise,3,3,R03_F03,123,Training,COMP-0ee2ef468faff8db,
Fixed_Rowwise,3,3,R03_F03,125,Training,COMP-0ee2ef468faff8db,
Fixed_Rowwise,3,3,R03_F03,127,Training,COMP-5502f8bc72167a0b,
Fixed_Rowwise,3,3,R03_F03,130,Training,COMP-89919c53d3149a2d,
Fixed_Rowwise,3,3,R03_F03,133,Training,COMP-89919c53d3149a2d,
Fixed_Rowwise,3,3,R03_F03,134,Training,COMP-89919c53d3149a2d,
Fixed_Rowwise,3,3,R03_F03,135,Training,COMP-89919c53d3149a2d,
Fixed_Rowwise,3,3,R03_F03,138,Training,COMP-89919c53d3149a2d,
Fixed_Rowwise,3,3,R03_F03,139,Training,COMP-89919c53d3149a2d,
Fixed_Rowwise,3,3,R03_F03,141,Training,COMP-89919c53d3149a2d,
Fixed_Rowwise,3,3,R03_F03,142,Training,COMP-89919c53d3149a2d,
Fixed_Rowwise,3,3,R03_F03,143,Training,COMP-89919c53d3149a2d,
Fixed_Rowwise,3,3,R03_F03,144,Training,COMP-89919c53d3149a2d,
Fixed_Rowwise,3,3,R03_F03,146,Training,COMP-266a388f7afdbe91,
Fixed_Rowwise,3,3,R03_F03,147,Training,COMP-055230aabe7d502c,
Fixed_Rowwise,3,3,R03_F03,148,Training,COMP-150ce51691dfb5f9,
Fixed_Rowwise,3,3,R03_F03,149,Training,COMP-266a388f7afdbe91,
Fixed_Rowwise,3,3,R03_F03,150,Training,COMP-055230aabe7d502c,
Fixed_Rowwise,3,3,R03_F03,152,Training,COMP-055230aabe7d502c,
Fixed_Rowwise,3,3,R03_F03,154,Training,COMP-150ce51691dfb5f9,
Fixed_Rowwise,3,3,R03_F03,156,Training,COMP-941f92def7f50542,
Fixed_Rowwise,3,3,R03_F03,160,Training,COMP-0346738121cb655e,
Fixed_Rowwise,3,3,R03_F03,161,Training,COMP-eacd4f126ab29a30,
Fixed_Rowwise,3,3,R03_F03,162,Training,COMP-ddfcf6030a718a0c,
Fixed_Rowwise,3,3,R03_F03,163,Training,COMP-b2e9edd7bc55d085,
Fixed_Rowwise,3,3,R03_F03,164,Training,COMP-941f92def7f50542,
Fixed_Rowwise,3,3,R03_F03,167,Training,COMP-eacd4f126ab29a30,
Fixed_Rowwise,3,3,R03_F03,168,Training,COMP-92ed17371ff559b6,
Fixed_Rowwise,3,3,R03_F03,169,Training,COMP-92ed17371ff559b6,
Fixed_Rowwise,3,3,R03_F03,172,Training,COMP-92ed17371ff559b6,
Fixed_Rowwise,3,3,R03_F03,173,Training,COMP-0d41a2cf75110ad6,
Fixed_Rowwise,3,3,R03_F03,174,Training,COMP-a35a20d65351aafe,
Fixed_Rowwise,3,3,R03_F03,175,Training,COMP-b72f6533b137a4f6,
Fixed_Rowwise,3,3,R03_F03,176,Training,COMP-5479c448b954c055,
Fixed_Rowwise,3,3,R03_F03,177,Training,COMP-5479c448b954c055,
Fixed_Rowwise,3,3,R03_F03,178,Training,COMP-b9abc443805301b1,
Fixed_Rowwise,3,3,R03_F03,182,Training,COMP-630f3050f45faf36,
Fixed_Rowwise,3,3,R03_F03,183,Training,COMP-630f3050f45faf36,
Fixed_Rowwise,3,3,R03_F03,184,Training,COMP-0966c0019ec07f39,
Fixed_Rowwise,3,3,R03_F03,186,Training,COMP-0966c0019ec07f39,
Fixed_Rowwise,3,3,R03_F03,187,Training,COMP-a7670bf71188b1d6,
Fixed_Rowwise,3,3,R03_F03,188,Training,COMP-a7670bf71188b1d6,
Fixed_Rowwise,3,3,R03_F03,193,Training,COMP-889d7d6c6dbf5b76,
Fixed_Rowwise,3,3,R03_F03,194,Training,COMP-445f55453794f59c,
Fixed_Rowwise,3,3,R03_F03,199,Training,COMP-6525c735bb50fb1c,
Fixed_Rowwise,3,3,R03_F03,201,Training,COMP-05480af3b167ab05,
Fixed_Rowwise,3,3,R03_F03,205,Training,COMP-d8a14990923ce9f7,
Fixed_Rowwise,3,3,R03_F03,207,Training,COMP-948abb1ebd270642,
Fixed_Rowwise,3,3,R03_F03,211,Training,COMP-b775405901636085,
Fixed_Rowwise,3,3,R03_F03,214,Training,COMP-35e38ea13dc05b9e,
Fixed_Rowwise,3,3,R03_F03,215,Training,COMP-6b4f0394292930ba,
Fixed_Rowwise,3,3,R03_F03,219,Training,COMP-eae7689b221fd7f8,
Fixed_Rowwise,3,3,R03_F03,221,Training,COMP-20d1e620c817cb5a,
Fixed_Rowwise,3,3,R03_F03,224,Training,COMP-93900d7c81c38cdd,
Fixed_Rowwise,3,3,R03_F03,225,Training,COMP-289a02a6b94655b9,
Fixed_Rowwise,3,3,R03_F03,226,Training,COMP-93900d7c81c38cdd,
Fixed_Rowwise,3,3,R03_F03,228,Training,COMP-46e30c1bd5e987da,
Fixed_Rowwise,3,3,R03_F03,229,Training,COMP-2753cd2e053c8c98,
Fixed_Rowwise,3,3,R03_F03,230,Training,COMP-0107563adaed8d01,
Fixed_Rowwise,3,3,R03_F03,231,Training,COMP-0e256dc7494452a7,
Fixed_Rowwise,3,3,R03_F03,235,Training,COMP-091a20b5a1dfb76f,
Fixed_Rowwise,3,3,R03_F03,236,Training,COMP-44fea4804e888e0a,
Fixed_Rowwise,3,3,R03_F03,237,Training,COMP-4ef2bcae5243588c,
Fixed_Rowwise,3,3,R03_F03,239,Training,COMP-0b765af90e5ebd4c,
Fixed_Rowwise,3,3,R03_F03,241,Training,COMP-631a18a4a6b20c0c,
Fixed_Rowwise,3,3,R03_F03,243,Training,COMP-b0cc51380afea02b,
Fixed_Rowwise,3,3,R03_F03,246,Training,COMP-1fc9679353325516,
Fixed_Rowwise,3,3,R03_F03,249,Training,COMP-e295ac85ac1ada41,
Fixed_Rowwise,3,3,R03_F03,252,Training,COMP-725d39a40881dc4b,
Fixed_Rowwise,3,3,R03_F03,253,Training,COMP-725d39a40881dc4b,
Fixed_Rowwise,3,3,R03_F03,255,Training,COMP-95a56990f4bea8a9,
Fixed_Rowwise,3,3,R03_F03,256,Training,COMP-95a56990f4bea8a9,
Fixed_Rowwise,3,3,R03_F03,257,Training,COMP-95a56990f4bea8a9,
Fixed_Rowwise,3,3,R03_F03,258,Training,COMP-95a56990f4bea8a9,
Fixed_Rowwise,3,3,R03_F03,259,Training,COMP-95a56990f4bea8a9,
Fixed_Rowwise,3,3,R03_F03,260,Training,COMP-95a56990f4bea8a9,
Fixed_Rowwise,3,3,R03_F03,263,Training,COMP-95a56990f4bea8a9,
Fixed_Rowwise,3,3,R03_F03,266,Training,COMP-95a56990f4bea8a9,
Fixed_Rowwise,3,3,R03_F03,271,Training,COMP-95a56990f4bea8a9,
Fixed_Rowwise,3,3,R03_F03,273,Training,COMP-95a56990f4bea8a9,
Fixed_Rowwise,3,3,R03_F03,282,Training,COMP-95a56990f4bea8a9,
Fixed_Rowwise,3,3,R03_F03,283,Training,COMP-95a56990f4bea8a9,
Fixed_Rowwise,3,3,R03_F03,285,Training,COMP-95a56990f4bea8a9,
Fixed_Rowwise,3,3,R03_F03,286,Training,COMP-478c9f483894c42c,
Fixed_Rowwise,3,3,R03_F03,288,Training,COMP-478c9f483894c42c,
Fixed_Rowwise,3,3,R03_F03,292,Training,COMP-478c9f483894c42c,
Fixed_Rowwise,3,3,R03_F03,295,Training,COMP-478c9f483894c42c,
Fixed_Rowwise,3,3,R03_F03,296,Training,COMP-478c9f483894c42c,
Fixed_Rowwise,3,3,R03_F03,300,Training,COMP-478c9f483894c42c,
Fixed_Rowwise,3,3,R03_F03,303,Training,COMP-478c9f483894c42c,
Fixed_Rowwise,3,3,R03_F03,306,Training,COMP-478c9f483894c42c,
Fixed_Rowwise,3,3,R03_F03,307,Training,COMP-478c9f483894c42c,
Fixed_Rowwise,3,3,R03_F03,309,Training,COMP-478c9f483894c42c,
Fixed_Rowwise,3,3,R03_F03,310,Training,COMP-478c9f483894c42c,
Fixed_Rowwise,3,3,R03_F03,311,Training,COMP-478c9f483894c42c,
Fixed_Rowwise,3,3,R03_F03,313,Training,COMP-478c9f483894c42c,
Fixed_Rowwise,3,3,R03_F03,315,Training,COMP-478c9f483894c42c,
Fixed_Rowwise,3,3,R03_F03,320,Training,COMP-dbc0864492ec7b98,
Fixed_Rowwise,3,3,R03_F03,321,Training,COMP-dbc0864492ec7b98,
Fixed_Rowwise,3,3,R03_F03,322,Training,COMP-dbc0864492ec7b98,
Fixed_Rowwise,3,3,R03_F03,323,Training,COMP-dbc0864492ec7b98,
Fixed_Rowwise,3,3,R03_F03,324,Training,COMP-dbc0864492ec7b98,
Fixed_Rowwise,3,3,R03_F03,326,Training,COMP-dbc0864492ec7b98,
Fixed_Rowwise,3,3,R03_F03,327,Training,COMP-dbc0864492ec7b98,
Fixed_Rowwise,3,3,R03_F03,331,Training,COMP-dbc0864492ec7b98,
Fixed_Rowwise,3,3,R03_F03,333,Training,COMP-dbc0864492ec7b98,
Fixed_Rowwise,3,3,R03_F03,334,Training,COMP-dbc0864492ec7b98,
Fixed_Rowwise,3,3,R03_F03,337,Training,COMP-06072d2dd3b021af,
Fixed_Rowwise,3,3,R03_F03,339,Training,COMP-06072d2dd3b021af,
Fixed_Rowwise,3,3,R03_F03,341,Training,COMP-221944a235b3f36b,
Fixed_Rowwise,3,3,R03_F03,342,Training,COMP-221944a235b3f36b,
Fixed_Rowwise,3,3,R03_F03,344,Training,COMP-e1e52574fbb04f58,
Fixed_Rowwise,3,3,R03_F03,345,Training,COMP-e1e52574fbb04f58,
Fixed_Rowwise,3,3,R03_F03,347,Training,COMP-e1e52574fbb04f58,
Fixed_Rowwise,3,3,R03_F03,348,Training,COMP-30cef922979fb9fd,
Fixed_Rowwise,3,3,R03_F03,349,Training,COMP-30cef922979fb9fd,
Fixed_Rowwise,3,3,R03_F03,351,Training,COMP-30cef922979fb9fd,
Fixed_Rowwise,3,3,R03_F03,352,Training,COMP-30cef922979fb9fd,
Fixed_Rowwise,3,3,R03_F03,354,Training,COMP-59f47d6774b9fdfb,
Fixed_Rowwise,3,3,R03_F03,356,Training,COMP-59f47d6774b9fdfb,
Fixed_Rowwise,3,3,R03_F03,358,Training,COMP-59f47d6774b9fdfb,
Fixed_Rowwise,3,3,R03_F03,360,Training,COMP-0765adc8c505dd3b,
Fixed_Rowwise,3,3,R03_F03,363,Training,COMP-0765adc8c505dd3b,
Fixed_Rowwise,3,3,R03_F03,364,Training,COMP-0765adc8c505dd3b,
Fixed_Rowwise,3,3,R03_F03,365,Training,COMP-e1e52574fbb04f58,
Fixed_Rowwise,3,3,R03_F03,371,Training,COMP-6f2ca218fbd1923b,
Fixed_Rowwise,3,3,R03_F03,372,Training,COMP-6f2ca218fbd1923b,
Fixed_Rowwise,3,3,R03_F03,375,Training,COMP-6f2ca218fbd1923b,
Fixed_Rowwise,3,3,R03_F03,376,Training,COMP-6f2ca218fbd1923b,
Fixed_Rowwise,3,3,R03_F03,378,Training,COMP-6f2ca218fbd1923b,
Fixed_Rowwise,3,3,R03_F03,380,Training,COMP-6f2ca218fbd1923b,
Fixed_Rowwise,3,3,R03_F03,381,Training,COMP-6f2ca218fbd1923b,
Fixed_Rowwise,3,3,R03_F03,384,Training,COMP-6f2ca218fbd1923b,
Fixed_Rowwise,3,3,R03_F03,386,Training,COMP-6f2ca218fbd1923b,
Fixed_Rowwise,3,3,R03_F03,387,Training,COMP-6f2ca218fbd1923b,
Fixed_Rowwise,3,3,R03_F03,388,Training,COMP-6f2ca218fbd1923b,
Fixed_Rowwise,3,3,R03_F03,389,Training,COMP-6f2ca218fbd1923b,
Fixed_Rowwise,3,3,R03_F03,393,Training,COMP-6f2ca218fbd1923b,
Fixed_Rowwise,3,3,R03_F03,399,Training,COMP-6f2ca218fbd1923b,
Fixed_Rowwise,3,3,R03_F03,402,Training,COMP-6f2ca218fbd1923b,
Fixed_Rowwise,3,3,R03_F03,404,Training,COMP-6f2ca218fbd1923b,
Fixed_Rowwise,3,3,R03_F03,405,Training,COMP-6f2ca218fbd1923b,
Fixed_Rowwise,3,3,R03_F03,406,Training,COMP-7fb1fecc93ced403,
Fixed_Rowwise,3,3,R03_F03,413,Training,COMP-a85acb2f2da0216b,
Fixed_Rowwise,3,3,R03_F03,415,Training,COMP-a85acb2f2da0216b,
Fixed_Rowwise,3,3,R03_F03,422,Training,COMP-edeedccfd8f07e13,
Fixed_Rowwise,3,3,R03_F03,425,Training,COMP-f9d9cbed014e8b80,
Fixed_Rowwise,3,3,R03_F03,427,Training,COMP-f9d9cbed014e8b80,
Fixed_Rowwise,3,3,R03_F03,429,Training,COMP-f9d9cbed014e8b80,
Fixed_Rowwise,3,3,R03_F03,431,Training,COMP-f9d9cbed014e8b80,
Fixed_Rowwise,3,3,R03_F03,432,Training,COMP-f9d9cbed014e8b80,
Fixed_Rowwise,3,3,R03_F03,434,Training,COMP-f9d9cbed014e8b80,
Fixed_Rowwise,3,3,R03_F03,440,Training,COMP-f9d9cbed014e8b80,
Fixed_Rowwise,3,3,R03_F03,441,Training,COMP-f9d9cbed014e8b80,
Fixed_Rowwise,3,3,R03_F03,444,Training,COMP-f9d9cbed014e8b80,
Fixed_Rowwise,3,3,R03_F03,445,Training,COMP-f9d9cbed014e8b80,
Fixed_Rowwise,3,3,R03_F03,448,Training,COMP-f9d9cbed014e8b80,
Fixed_Rowwise,3,3,R03_F03,449,Training,COMP-f9d9cbed014e8b80,
Fixed_Rowwise,3,3,R03_F03,450,Training,COMP-f9d9cbed014e8b80,
Fixed_Rowwise,3,3,R03_F03,451,Training,COMP-f9d9cbed014e8b80,
Fixed_Rowwise,3,3,R03_F03,1,Validation,COMP-27021c945dc6ef2d,
Fixed_Rowwise,3,3,R03_F03,4,Validation,COMP-862c9c676a6f1012,
Fixed_Rowwise,3,3,R03_F03,10,Validation,COMP-725d39a40881dc4b,
Fixed_Rowwise,3,3,R03_F03,17,Validation,COMP-773f99d6dc417f9e,
Fixed_Rowwise,3,3,R03_F03,21,Validation,COMP-0b765af90e5ebd4c,
Fixed_Rowwise,3,3,R03_F03,24,Validation,COMP-0b765af90e5ebd4c,
Fixed_Rowwise,3,3,R03_F03,29,Validation,COMP-773f99d6dc417f9e,
Fixed_Rowwise,3,3,R03_F03,51,Validation,COMP-dbc0864492ec7b98,
Fixed_Rowwise,3,3,R03_F03,64,Validation,COMP-3157f0dc71f862ff,
Fixed_Rowwise,3,3,R03_F03,67,Validation,COMP-49d8e1edbf1c2fbd,
Fixed_Rowwise,3,3,R03_F03,74,Validation,COMP-f9a00d6d8411a0d1,
Fixed_Rowwise,3,3,R03_F03,83,Validation,COMP-e913f917a7e36868,
Fixed_Rowwise,3,3,R03_F03,84,Validation,COMP-a14831ff30c0b14d,
Fixed_Rowwise,3,3,R03_F03,88,Validation,COMP-ea2a626c3522e4a5,
Fixed_Rowwise,3,3,R03_F03,94,Validation,COMP-ea2a626c3522e4a5,
Fixed_Rowwise,3,3,R03_F03,96,Validation,COMP-ea2a626c3522e4a5,
Fixed_Rowwise,3,3,R03_F03,98,Validation,COMP-e913f917a7e36868,
Fixed_Rowwise,3,3,R03_F03,99,Validation,COMP-ea2a626c3522e4a5,
Fixed_Rowwise,3,3,R03_F03,102,Validation,COMP-435a8f4ba56d8b5d,
Fixed_Rowwise,3,3,R03_F03,103,Validation,COMP-435a8f4ba56d8b5d,
Fixed_Rowwise,3,3,R03_F03,115,Validation,COMP-15c7378d46cadefa,
Fixed_Rowwise,3,3,R03_F03,126,Validation,COMP-5502f8bc72167a0b,
Fixed_Rowwise,3,3,R03_F03,145,Validation,COMP-89919c53d3149a2d,
Fixed_Rowwise,3,3,R03_F03,157,Validation,COMP-ddfcf6030a718a0c,
Fixed_Rowwise,3,3,R03_F03,159,Validation,COMP-0346738121cb655e,
Fixed_Rowwise,3,3,R03_F03,181,Validation,COMP-69c6ecd7284d3b47,
Fixed_Rowwise,3,3,R03_F03,197,Validation,COMP-880bd22028629a8e,
Fixed_Rowwise,3,3,R03_F03,200,Validation,COMP-b878df279a448475,
Fixed_Rowwise,3,3,R03_F03,202,Validation,COMP-598bc18a3ba07a9e,
Fixed_Rowwise,3,3,R03_F03,210,Validation,COMP-d7494ade7e8dd694,
Fixed_Rowwise,3,3,R03_F03,216,Validation,COMP-4a76c05754ee1efa,
Fixed_Rowwise,3,3,R03_F03,232,Validation,COMP-0e256dc7494452a7,
Fixed_Rowwise,3,3,R03_F03,233,Validation,COMP-e60cc4ecffe6b7df,
Fixed_Rowwise,3,3,R03_F03,238,Validation,COMP-fc5c3e46d2655b62,
Fixed_Rowwise,3,3,R03_F03,240,Validation,COMP-0b765af90e5ebd4c,
Fixed_Rowwise,3,3,R03_F03,242,Validation,COMP-631a18a4a6b20c0c,
Fixed_Rowwise,3,3,R03_F03,247,Validation,COMP-e295ac85ac1ada41,
Fixed_Rowwise,3,3,R03_F03,251,Validation,COMP-dd1e9c4c0f247912,
Fixed_Rowwise,3,3,R03_F03,268,Validation,COMP-95a56990f4bea8a9,
Fixed_Rowwise,3,3,R03_F03,272,Validation,COMP-95a56990f4bea8a9,
Fixed_Rowwise,3,3,R03_F03,316,Validation,COMP-478c9f483894c42c,
Fixed_Rowwise,3,3,R03_F03,325,Validation,COMP-dbc0864492ec7b98,
Fixed_Rowwise,3,3,R03_F03,328,Validation,COMP-dbc0864492ec7b98,
Fixed_Rowwise,3,3,R03_F03,350,Validation,COMP-30cef922979fb9fd,
Fixed_Rowwise,3,3,R03_F03,369,Validation,COMP-6f2ca218fbd1923b,
Fixed_Rowwise,3,3,R03_F03,382,Validation,COMP-6f2ca218fbd1923b,
Fixed_Rowwise,3,3,R03_F03,391,Validation,COMP-6f2ca218fbd1923b,
Fixed_Rowwise,3,3,R03_F03,395,Validation,COMP-6f2ca218fbd1923b,
Fixed_Rowwise,3,3,R03_F03,408,Validation,COMP-7fb1fecc93ced403,
Fixed_Rowwise,3,3,R03_F03,414,Validation,COMP-a85acb2f2da0216b,
Fixed_Rowwise,3,3,R03_F03,418,Validation,COMP-a85acb2f2da0216b,
Fixed_Rowwise,3,3,R03_F03,421,Validation,COMP-edeedccfd8f07e13,
Fixed_Rowwise,3,3,R03_F03,424,Validation,COMP-f9d9cbed014e8b80,
Fixed_Rowwise,3,3,R03_F03,438,Validation,COMP-f9d9cbed014e8b80,
Fixed_Rowwise,3,4,R03_F04,1,Training,COMP-27021c945dc6ef2d,
Fixed_Rowwise,3,4,R03_F04,3,Training,COMP-725d39a40881dc4b,
Fixed_Rowwise,3,4,R03_F04,4,Training,COMP-862c9c676a6f1012,
Fixed_Rowwise,3,4,R03_F04,5,Training,COMP-8e1fe5f59d3c7565,
Fixed_Rowwise,3,4,R03_F04,7,Training,COMP-725d39a40881dc4b,
Fixed_Rowwise,3,4,R03_F04,10,Training,COMP-725d39a40881dc4b,
Fixed_Rowwise,3,4,R03_F04,12,Training,COMP-725d39a40881dc4b,
Fixed_Rowwise,3,4,R03_F04,13,Training,COMP-27021c945dc6ef2d,
Fixed_Rowwise,3,4,R03_F04,14,Training,COMP-609dfbaf681359b8,
Fixed_Rowwise,3,4,R03_F04,17,Training,COMP-773f99d6dc417f9e,
Fixed_Rowwise,3,4,R03_F04,20,Training,COMP-0b765af90e5ebd4c,
Fixed_Rowwise,3,4,R03_F04,21,Training,COMP-0b765af90e5ebd4c,
Fixed_Rowwise,3,4,R03_F04,23,Training,COMP-81f8a3600f73b006,
Fixed_Rowwise,3,4,R03_F04,24,Training,COMP-0b765af90e5ebd4c,
Fixed_Rowwise,3,4,R03_F04,26,Training,COMP-7decbe1f0284bd78,
Fixed_Rowwise,3,4,R03_F04,27,Training,COMP-73d52e7a36d559a9,
Fixed_Rowwise,3,4,R03_F04,28,Training,COMP-3632fb12e94bc35a,
Fixed_Rowwise,3,4,R03_F04,29,Training,COMP-773f99d6dc417f9e,
Fixed_Rowwise,3,4,R03_F04,32,Training,COMP-81f8a3600f73b006,
Fixed_Rowwise,3,4,R03_F04,35,Training,COMP-a87a2533a652007c,
Fixed_Rowwise,3,4,R03_F04,36,Training,COMP-87a7ec252c82f56c,
Fixed_Rowwise,3,4,R03_F04,37,Training,COMP-f6d84b53636ddfbe,
Fixed_Rowwise,3,4,R03_F04,40,Training,COMP-1af7d3f3b3b924e5,
Fixed_Rowwise,3,4,R03_F04,41,Training,COMP-1af7d3f3b3b924e5,
Fixed_Rowwise,3,4,R03_F04,44,Training,COMP-0d7ce00a50a6a24f,
Fixed_Rowwise,3,4,R03_F04,47,Training,COMP-e295ac85ac1ada41,
Fixed_Rowwise,3,4,R03_F04,48,Training,COMP-b611e8d56579c910,
Fixed_Rowwise,3,4,R03_F04,49,Training,COMP-92ece298f11712f0,
Fixed_Rowwise,3,4,R03_F04,51,Training,COMP-dbc0864492ec7b98,
Fixed_Rowwise,3,4,R03_F04,52,Training,COMP-06f5d2a767a65349,
Fixed_Rowwise,3,4,R03_F04,53,Training,COMP-06f5d2a767a65349,
Fixed_Rowwise,3,4,R03_F04,54,Training,COMP-ea1f0dc96a173899,
Fixed_Rowwise,3,4,R03_F04,60,Training,COMP-3f22c6642a7a1344,
Fixed_Rowwise,3,4,R03_F04,61,Training,COMP-3f22c6642a7a1344,
Fixed_Rowwise,3,4,R03_F04,63,Training,COMP-21d126c9d34df073,
Fixed_Rowwise,3,4,R03_F04,64,Training,COMP-3157f0dc71f862ff,
Fixed_Rowwise,3,4,R03_F04,66,Training,COMP-b8df58296dba2095,
Fixed_Rowwise,3,4,R03_F04,67,Training,COMP-49d8e1edbf1c2fbd,
Fixed_Rowwise,3,4,R03_F04,69,Training,COMP-8cee7ef8867afd2d,
Fixed_Rowwise,3,4,R03_F04,74,Training,COMP-f9a00d6d8411a0d1,
Fixed_Rowwise,3,4,R03_F04,80,Training,COMP-a14831ff30c0b14d,
Fixed_Rowwise,3,4,R03_F04,83,Training,COMP-e913f917a7e36868,
Fixed_Rowwise,3,4,R03_F04,84,Training,COMP-a14831ff30c0b14d,
Fixed_Rowwise,3,4,R03_F04,85,Training,COMP-e913f917a7e36868,
Fixed_Rowwise,3,4,R03_F04,86,Training,COMP-ea2a626c3522e4a5,
Fixed_Rowwise,3,4,R03_F04,87,Training,COMP-a14831ff30c0b14d,
Fixed_Rowwise,3,4,R03_F04,88,Training,COMP-ea2a626c3522e4a5,
Fixed_Rowwise,3,4,R03_F04,92,Training,COMP-ea2a626c3522e4a5,
Fixed_Rowwise,3,4,R03_F04,94,Training,COMP-ea2a626c3522e4a5,
Fixed_Rowwise,3,4,R03_F04,96,Training,COMP-ea2a626c3522e4a5,
Fixed_Rowwise,3,4,R03_F04,97,Training,COMP-a14831ff30c0b14d,
Fixed_Rowwise,3,4,R03_F04,98,Training,COMP-e913f917a7e36868,
Fixed_Rowwise,3,4,R03_F04,99,Training,COMP-ea2a626c3522e4a5,
Fixed_Rowwise,3,4,R03_F04,100,Training,COMP-ea2a626c3522e4a5,
Fixed_Rowwise,3,4,R03_F04,102,Training,COMP-435a8f4ba56d8b5d,
Fixed_Rowwise,3,4,R03_F04,103,Training,COMP-435a8f4ba56d8b5d,
Fixed_Rowwise,3,4,R03_F04,105,Training,COMP-435a8f4ba56d8b5d,
Fixed_Rowwise,3,4,R03_F04,106,Training,COMP-435a8f4ba56d8b5d,
Fixed_Rowwise,3,4,R03_F04,107,Training,COMP-384273ac244080b1,
Fixed_Rowwise,3,4,R03_F04,110,Training,COMP-c1d72bb5d7d164b0,
Fixed_Rowwise,3,4,R03_F04,114,Training,COMP-6360354242bed7fe,
Fixed_Rowwise,3,4,R03_F04,115,Training,COMP-15c7378d46cadefa,
Fixed_Rowwise,3,4,R03_F04,121,Training,COMP-b2e9edd7bc55d085,
Fixed_Rowwise,3,4,R03_F04,122,Training,COMP-b2e9edd7bc55d085,
Fixed_Rowwise,3,4,R03_F04,123,Training,COMP-0ee2ef468faff8db,
Fixed_Rowwise,3,4,R03_F04,125,Training,COMP-0ee2ef468faff8db,
Fixed_Rowwise,3,4,R03_F04,126,Training,COMP-5502f8bc72167a0b,
Fixed_Rowwise,3,4,R03_F04,127,Training,COMP-5502f8bc72167a0b,
Fixed_Rowwise,3,4,R03_F04,130,Training,COMP-89919c53d3149a2d,
Fixed_Rowwise,3,4,R03_F04,133,Training,COMP-89919c53d3149a2d,
Fixed_Rowwise,3,4,R03_F04,134,Training,COMP-89919c53d3149a2d,
Fixed_Rowwise,3,4,R03_F04,135,Training,COMP-89919c53d3149a2d,
Fixed_Rowwise,3,4,R03_F04,138,Training,COMP-89919c53d3149a2d,
Fixed_Rowwise,3,4,R03_F04,139,Training,COMP-89919c53d3149a2d,
Fixed_Rowwise,3,4,R03_F04,141,Training,COMP-89919c53d3149a2d,
Fixed_Rowwise,3,4,R03_F04,142,Training,COMP-89919c53d3149a2d,
Fixed_Rowwise,3,4,R03_F04,145,Training,COMP-89919c53d3149a2d,
Fixed_Rowwise,3,4,R03_F04,146,Training,COMP-266a388f7afdbe91,
Fixed_Rowwise,3,4,R03_F04,147,Training,COMP-055230aabe7d502c,
Fixed_Rowwise,3,4,R03_F04,148,Training,COMP-150ce51691dfb5f9,
Fixed_Rowwise,3,4,R03_F04,149,Training,COMP-266a388f7afdbe91,
Fixed_Rowwise,3,4,R03_F04,150,Training,COMP-055230aabe7d502c,
Fixed_Rowwise,3,4,R03_F04,152,Training,COMP-055230aabe7d502c,
Fixed_Rowwise,3,4,R03_F04,154,Training,COMP-150ce51691dfb5f9,
Fixed_Rowwise,3,4,R03_F04,156,Training,COMP-941f92def7f50542,
Fixed_Rowwise,3,4,R03_F04,157,Training,COMP-ddfcf6030a718a0c,
Fixed_Rowwise,3,4,R03_F04,159,Training,COMP-0346738121cb655e,
Fixed_Rowwise,3,4,R03_F04,160,Training,COMP-0346738121cb655e,
Fixed_Rowwise,3,4,R03_F04,161,Training,COMP-eacd4f126ab29a30,
Fixed_Rowwise,3,4,R03_F04,162,Training,COMP-ddfcf6030a718a0c,
Fixed_Rowwise,3,4,R03_F04,163,Training,COMP-b2e9edd7bc55d085,
Fixed_Rowwise,3,4,R03_F04,164,Training,COMP-941f92def7f50542,
Fixed_Rowwise,3,4,R03_F04,169,Training,COMP-92ed17371ff559b6,
Fixed_Rowwise,3,4,R03_F04,172,Training,COMP-92ed17371ff559b6,
Fixed_Rowwise,3,4,R03_F04,173,Training,COMP-0d41a2cf75110ad6,
Fixed_Rowwise,3,4,R03_F04,174,Training,COMP-a35a20d65351aafe,
Fixed_Rowwise,3,4,R03_F04,175,Training,COMP-b72f6533b137a4f6,
Fixed_Rowwise,3,4,R03_F04,176,Training,COMP-5479c448b954c055,
Fixed_Rowwise,3,4,R03_F04,177,Training,COMP-5479c448b954c055,
Fixed_Rowwise,3,4,R03_F04,178,Training,COMP-b9abc443805301b1,
Fixed_Rowwise,3,4,R03_F04,181,Training,COMP-69c6ecd7284d3b47,
Fixed_Rowwise,3,4,R03_F04,182,Training,COMP-630f3050f45faf36,
Fixed_Rowwise,3,4,R03_F04,183,Training,COMP-630f3050f45faf36,
Fixed_Rowwise,3,4,R03_F04,184,Training,COMP-0966c0019ec07f39,
Fixed_Rowwise,3,4,R03_F04,187,Training,COMP-a7670bf71188b1d6,
Fixed_Rowwise,3,4,R03_F04,188,Training,COMP-a7670bf71188b1d6,
Fixed_Rowwise,3,4,R03_F04,193,Training,COMP-889d7d6c6dbf5b76,
Fixed_Rowwise,3,4,R03_F04,197,Training,COMP-880bd22028629a8e,
Fixed_Rowwise,3,4,R03_F04,199,Training,COMP-6525c735bb50fb1c,
Fixed_Rowwise,3,4,R03_F04,200,Training,COMP-b878df279a448475,
Fixed_Rowwise,3,4,R03_F04,201,Training,COMP-05480af3b167ab05,
Fixed_Rowwise,3,4,R03_F04,202,Training,COMP-598bc18a3ba07a9e,
Fixed_Rowwise,3,4,R03_F04,210,Training,COMP-d7494ade7e8dd694,
Fixed_Rowwise,3,4,R03_F04,211,Training,COMP-b775405901636085,
Fixed_Rowwise,3,4,R03_F04,216,Training,COMP-4a76c05754ee1efa,
Fixed_Rowwise,3,4,R03_F04,219,Training,COMP-eae7689b221fd7f8,
Fixed_Rowwise,3,4,R03_F04,221,Training,COMP-20d1e620c817cb5a,
Fixed_Rowwise,3,4,R03_F04,224,Training,COMP-93900d7c81c38cdd,
Fixed_Rowwise,3,4,R03_F04,226,Training,COMP-93900d7c81c38cdd,
Fixed_Rowwise,3,4,R03_F04,228,Training,COMP-46e30c1bd5e987da,
Fixed_Rowwise,3,4,R03_F04,231,Training,COMP-0e256dc7494452a7,
Fixed_Rowwise,3,4,R03_F04,232,Training,COMP-0e256dc7494452a7,
Fixed_Rowwise,3,4,R03_F04,233,Training,COMP-e60cc4ecffe6b7df,
Fixed_Rowwise,3,4,R03_F04,235,Training,COMP-091a20b5a1dfb76f,
Fixed_Rowwise,3,4,R03_F04,236,Training,COMP-44fea4804e888e0a,
Fixed_Rowwise,3,4,R03_F04,237,Training,COMP-4ef2bcae5243588c,
Fixed_Rowwise,3,4,R03_F04,238,Training,COMP-fc5c3e46d2655b62,
Fixed_Rowwise,3,4,R03_F04,239,Training,COMP-0b765af90e5ebd4c,
Fixed_Rowwise,3,4,R03_F04,240,Training,COMP-0b765af90e5ebd4c,
Fixed_Rowwise,3,4,R03_F04,241,Training,COMP-631a18a4a6b20c0c,
Fixed_Rowwise,3,4,R03_F04,242,Training,COMP-631a18a4a6b20c0c,
Fixed_Rowwise,3,4,R03_F04,243,Training,COMP-b0cc51380afea02b,
Fixed_Rowwise,3,4,R03_F04,247,Training,COMP-e295ac85ac1ada41,
Fixed_Rowwise,3,4,R03_F04,249,Training,COMP-e295ac85ac1ada41,
Fixed_Rowwise,3,4,R03_F04,251,Training,COMP-dd1e9c4c0f247912,
Fixed_Rowwise,3,4,R03_F04,253,Training,COMP-725d39a40881dc4b,
Fixed_Rowwise,3,4,R03_F04,259,Training,COMP-95a56990f4bea8a9,
Fixed_Rowwise,3,4,R03_F04,263,Training,COMP-95a56990f4bea8a9,
Fixed_Rowwise,3,4,R03_F04,268,Training,COMP-95a56990f4bea8a9,
Fixed_Rowwise,3,4,R03_F04,272,Training,COMP-95a56990f4bea8a9,
Fixed_Rowwise,3,4,R03_F04,273,Training,COMP-95a56990f4bea8a9,
Fixed_Rowwise,3,4,R03_F04,282,Training,COMP-95a56990f4bea8a9,
Fixed_Rowwise,3,4,R03_F04,285,Training,COMP-95a56990f4bea8a9,
Fixed_Rowwise,3,4,R03_F04,286,Training,COMP-478c9f483894c42c,
Fixed_Rowwise,3,4,R03_F04,292,Training,COMP-478c9f483894c42c,
Fixed_Rowwise,3,4,R03_F04,295,Training,COMP-478c9f483894c42c,
Fixed_Rowwise,3,4,R03_F04,296,Training,COMP-478c9f483894c42c,
Fixed_Rowwise,3,4,R03_F04,300,Training,COMP-478c9f483894c42c,
Fixed_Rowwise,3,4,R03_F04,306,Training,COMP-478c9f483894c42c,
Fixed_Rowwise,3,4,R03_F04,307,Training,COMP-478c9f483894c42c,
Fixed_Rowwise,3,4,R03_F04,309,Training,COMP-478c9f483894c42c,
Fixed_Rowwise,3,4,R03_F04,310,Training,COMP-478c9f483894c42c,
Fixed_Rowwise,3,4,R03_F04,311,Training,COMP-478c9f483894c42c,
Fixed_Rowwise,3,4,R03_F04,313,Training,COMP-478c9f483894c42c,
Fixed_Rowwise,3,4,R03_F04,315,Training,COMP-478c9f483894c42c,
Fixed_Rowwise,3,4,R03_F04,316,Training,COMP-478c9f483894c42c,
Fixed_Rowwise,3,4,R03_F04,321,Training,COMP-dbc0864492ec7b98,
Fixed_Rowwise,3,4,R03_F04,322,Training,COMP-dbc0864492ec7b98,
Fixed_Rowwise,3,4,R03_F04,324,Training,COMP-dbc0864492ec7b98,
Fixed_Rowwise,3,4,R03_F04,325,Training,COMP-dbc0864492ec7b98,
Fixed_Rowwise,3,4,R03_F04,326,Training,COMP-dbc0864492ec7b98,
Fixed_Rowwise,3,4,R03_F04,327,Training,COMP-dbc0864492ec7b98,
Fixed_Rowwise,3,4,R03_F04,328,Training,COMP-dbc0864492ec7b98,
Fixed_Rowwise,3,4,R03_F04,331,Training,COMP-dbc0864492ec7b98,
Fixed_Rowwise,3,4,R03_F04,333,Training,COMP-dbc0864492ec7b98,
Fixed_Rowwise,3,4,R03_F04,334,Training,COMP-dbc0864492ec7b98,
Fixed_Rowwise,3,4,R03_F04,339,Training,COMP-06072d2dd3b021af,
Fixed_Rowwise,3,4,R03_F04,344,Training,COMP-e1e52574fbb04f58,
Fixed_Rowwise,3,4,R03_F04,345,Training,COMP-e1e52574fbb04f58,
Fixed_Rowwise,3,4,R03_F04,347,Training,COMP-e1e52574fbb04f58,
Fixed_Rowwise,3,4,R03_F04,349,Training,COMP-30cef922979fb9fd,
Fixed_Rowwise,3,4,R03_F04,350,Training,COMP-30cef922979fb9fd,
Fixed_Rowwise,3,4,R03_F04,351,Training,COMP-30cef922979fb9fd,
Fixed_Rowwise,3,4,R03_F04,352,Training,COMP-30cef922979fb9fd,
Fixed_Rowwise,3,4,R03_F04,356,Training,COMP-59f47d6774b9fdfb,
Fixed_Rowwise,3,4,R03_F04,358,Training,COMP-59f47d6774b9fdfb,
Fixed_Rowwise,3,4,R03_F04,360,Training,COMP-0765adc8c505dd3b,
Fixed_Rowwise,3,4,R03_F04,363,Training,COMP-0765adc8c505dd3b,
Fixed_Rowwise,3,4,R03_F04,364,Training,COMP-0765adc8c505dd3b,
Fixed_Rowwise,3,4,R03_F04,365,Training,COMP-e1e52574fbb04f58,
Fixed_Rowwise,3,4,R03_F04,369,Training,COMP-6f2ca218fbd1923b,
Fixed_Rowwise,3,4,R03_F04,371,Training,COMP-6f2ca218fbd1923b,
Fixed_Rowwise,3,4,R03_F04,372,Training,COMP-6f2ca218fbd1923b,
Fixed_Rowwise,3,4,R03_F04,376,Training,COMP-6f2ca218fbd1923b,
Fixed_Rowwise,3,4,R03_F04,378,Training,COMP-6f2ca218fbd1923b,
Fixed_Rowwise,3,4,R03_F04,380,Training,COMP-6f2ca218fbd1923b,
Fixed_Rowwise,3,4,R03_F04,381,Training,COMP-6f2ca218fbd1923b,
Fixed_Rowwise,3,4,R03_F04,382,Training,COMP-6f2ca218fbd1923b,
Fixed_Rowwise,3,4,R03_F04,388,Training,COMP-6f2ca218fbd1923b,
Fixed_Rowwise,3,4,R03_F04,389,Training,COMP-6f2ca218fbd1923b,
Fixed_Rowwise,3,4,R03_F04,391,Training,COMP-6f2ca218fbd1923b,
Fixed_Rowwise,3,4,R03_F04,393,Training,COMP-6f2ca218fbd1923b,
Fixed_Rowwise,3,4,R03_F04,395,Training,COMP-6f2ca218fbd1923b,
Fixed_Rowwise,3,4,R03_F04,399,Training,COMP-6f2ca218fbd1923b,
Fixed_Rowwise,3,4,R03_F04,404,Training,COMP-6f2ca218fbd1923b,
Fixed_Rowwise,3,4,R03_F04,408,Training,COMP-7fb1fecc93ced403,
Fixed_Rowwise,3,4,R03_F04,413,Training,COMP-a85acb2f2da0216b,
Fixed_Rowwise,3,4,R03_F04,414,Training,COMP-a85acb2f2da0216b,
Fixed_Rowwise,3,4,R03_F04,415,Training,COMP-a85acb2f2da0216b,
Fixed_Rowwise,3,4,R03_F04,418,Training,COMP-a85acb2f2da0216b,
Fixed_Rowwise,3,4,R03_F04,421,Training,COMP-edeedccfd8f07e13,
Fixed_Rowwise,3,4,R03_F04,422,Training,COMP-edeedccfd8f07e13,
Fixed_Rowwise,3,4,R03_F04,424,Training,COMP-f9d9cbed014e8b80,
Fixed_Rowwise,3,4,R03_F04,425,Training,COMP-f9d9cbed014e8b80,
Fixed_Rowwise,3,4,R03_F04,427,Training,COMP-f9d9cbed014e8b80,
Fixed_Rowwise,3,4,R03_F04,429,Training,COMP-f9d9cbed014e8b80,
Fixed_Rowwise,3,4,R03_F04,431,Training,COMP-f9d9cbed014e8b80,
Fixed_Rowwise,3,4,R03_F04,432,Training,COMP-f9d9cbed014e8b80,
Fixed_Rowwise,3,4,R03_F04,434,Training,COMP-f9d9cbed014e8b80,
Fixed_Rowwise,3,4,R03_F04,438,Training,COMP-f9d9cbed014e8b80,
Fixed_Rowwise,3,4,R03_F04,440,Training,COMP-f9d9cbed014e8b80,
Fixed_Rowwise,3,4,R03_F04,441,Training,COMP-f9d9cbed014e8b80,
Fixed_Rowwise,3,4,R03_F04,444,Training,COMP-f9d9cbed014e8b80,
Fixed_Rowwise,3,4,R03_F04,448,Training,COMP-f9d9cbed014e8b80,
Fixed_Rowwise,3,4,R03_F04,449,Training,COMP-f9d9cbed014e8b80,
Fixed_Rowwise,3,4,R03_F04,451,Training,COMP-f9d9cbed014e8b80,
Fixed_Rowwise,3,4,R03_F04,6,Validation,COMP-27021c945dc6ef2d,
Fixed_Rowwise,3,4,R03_F04,8,Validation,COMP-725d39a40881dc4b,
Fixed_Rowwise,3,4,R03_F04,43,Validation,COMP-9b0e3106e10f71db,
Fixed_Rowwise,3,4,R03_F04,45,Validation,COMP-59ce4655e65cf94a,
Fixed_Rowwise,3,4,R03_F04,62,Validation,COMP-21d126c9d34df073,
Fixed_Rowwise,3,4,R03_F04,65,Validation,COMP-7c0b488137fafb3b,
Fixed_Rowwise,3,4,R03_F04,68,Validation,COMP-21d126c9d34df073,
Fixed_Rowwise,3,4,R03_F04,95,Validation,COMP-ea2a626c3522e4a5,
Fixed_Rowwise,3,4,R03_F04,104,Validation,COMP-435a8f4ba56d8b5d,
Fixed_Rowwise,3,4,R03_F04,111,Validation,COMP-c1d72bb5d7d164b0,
Fixed_Rowwise,3,4,R03_F04,112,Validation,COMP-c1d72bb5d7d164b0,
Fixed_Rowwise,3,4,R03_F04,118,Validation,COMP-8bbe9ce01fb6a2d3,
Fixed_Rowwise,3,4,R03_F04,120,Validation,COMP-8bbe9ce01fb6a2d3,
Fixed_Rowwise,3,4,R03_F04,143,Validation,COMP-89919c53d3149a2d,
Fixed_Rowwise,3,4,R03_F04,144,Validation,COMP-89919c53d3149a2d,
Fixed_Rowwise,3,4,R03_F04,167,Validation,COMP-eacd4f126ab29a30,
Fixed_Rowwise,3,4,R03_F04,168,Validation,COMP-92ed17371ff559b6,
Fixed_Rowwise,3,4,R03_F04,186,Validation,COMP-0966c0019ec07f39,
Fixed_Rowwise,3,4,R03_F04,194,Validation,COMP-445f55453794f59c,
Fixed_Rowwise,3,4,R03_F04,205,Validation,COMP-d8a14990923ce9f7,
Fixed_Rowwise,3,4,R03_F04,207,Validation,COMP-948abb1ebd270642,
Fixed_Rowwise,3,4,R03_F04,214,Validation,COMP-35e38ea13dc05b9e,
Fixed_Rowwise,3,4,R03_F04,215,Validation,COMP-6b4f0394292930ba,
Fixed_Rowwise,3,4,R03_F04,225,Validation,COMP-289a02a6b94655b9,
Fixed_Rowwise,3,4,R03_F04,229,Validation,COMP-2753cd2e053c8c98,
Fixed_Rowwise,3,4,R03_F04,230,Validation,COMP-0107563adaed8d01,
Fixed_Rowwise,3,4,R03_F04,246,Validation,COMP-1fc9679353325516,
Fixed_Rowwise,3,4,R03_F04,252,Validation,COMP-725d39a40881dc4b,
Fixed_Rowwise,3,4,R03_F04,255,Validation,COMP-95a56990f4bea8a9,
Fixed_Rowwise,3,4,R03_F04,256,Validation,COMP-95a56990f4bea8a9,
Fixed_Rowwise,3,4,R03_F04,257,Validation,COMP-95a56990f4bea8a9,
Fixed_Rowwise,3,4,R03_F04,258,Validation,COMP-95a56990f4bea8a9,
Fixed_Rowwise,3,4,R03_F04,260,Validation,COMP-95a56990f4bea8a9,
Fixed_Rowwise,3,4,R03_F04,266,Validation,COMP-95a56990f4bea8a9,
Fixed_Rowwise,3,4,R03_F04,271,Validation,COMP-95a56990f4bea8a9,
Fixed_Rowwise,3,4,R03_F04,283,Validation,COMP-95a56990f4bea8a9,
Fixed_Rowwise,3,4,R03_F04,288,Validation,COMP-478c9f483894c42c,
Fixed_Rowwise,3,4,R03_F04,303,Validation,COMP-478c9f483894c42c,
Fixed_Rowwise,3,4,R03_F04,320,Validation,COMP-dbc0864492ec7b98,
Fixed_Rowwise,3,4,R03_F04,323,Validation,COMP-dbc0864492ec7b98,
Fixed_Rowwise,3,4,R03_F04,337,Validation,COMP-06072d2dd3b021af,
Fixed_Rowwise,3,4,R03_F04,341,Validation,COMP-221944a235b3f36b,
Fixed_Rowwise,3,4,R03_F04,342,Validation,COMP-221944a235b3f36b,
Fixed_Rowwise,3,4,R03_F04,348,Validation,COMP-30cef922979fb9fd,
Fixed_Rowwise,3,4,R03_F04,354,Validation,COMP-59f47d6774b9fdfb,
Fixed_Rowwise,3,4,R03_F04,375,Validation,COMP-6f2ca218fbd1923b,
Fixed_Rowwise,3,4,R03_F04,384,Validation,COMP-6f2ca218fbd1923b,
Fixed_Rowwise,3,4,R03_F04,386,Validation,COMP-6f2ca218fbd1923b,
Fixed_Rowwise,3,4,R03_F04,387,Validation,COMP-6f2ca218fbd1923b,
Fixed_Rowwise,3,4,R03_F04,402,Validation,COMP-6f2ca218fbd1923b,
Fixed_Rowwise,3,4,R03_F04,405,Validation,COMP-6f2ca218fbd1923b,
Fixed_Rowwise,3,4,R03_F04,406,Validation,COMP-7fb1fecc93ced403,
Fixed_Rowwise,3,4,R03_F04,445,Validation,COMP-f9d9cbed014e8b80,
Fixed_Rowwise,3,4,R03_F04,450,Validation,COMP-f9d9cbed014e8b80,
Fixed_Rowwise,3,5,R03_F05,1,Training,COMP-27021c945dc6ef2d,
Fixed_Rowwise,3,5,R03_F05,3,Training,COMP-725d39a40881dc4b,
Fixed_Rowwise,3,5,R03_F05,4,Training,COMP-862c9c676a6f1012,
Fixed_Rowwise,3,5,R03_F05,5,Training,COMP-8e1fe5f59d3c7565,
Fixed_Rowwise,3,5,R03_F05,6,Training,COMP-27021c945dc6ef2d,
Fixed_Rowwise,3,5,R03_F05,7,Training,COMP-725d39a40881dc4b,
Fixed_Rowwise,3,5,R03_F05,8,Training,COMP-725d39a40881dc4b,
Fixed_Rowwise,3,5,R03_F05,10,Training,COMP-725d39a40881dc4b,
Fixed_Rowwise,3,5,R03_F05,13,Training,COMP-27021c945dc6ef2d,
Fixed_Rowwise,3,5,R03_F05,14,Training,COMP-609dfbaf681359b8,
Fixed_Rowwise,3,5,R03_F05,17,Training,COMP-773f99d6dc417f9e,
Fixed_Rowwise,3,5,R03_F05,21,Training,COMP-0b765af90e5ebd4c,
Fixed_Rowwise,3,5,R03_F05,23,Training,COMP-81f8a3600f73b006,
Fixed_Rowwise,3,5,R03_F05,24,Training,COMP-0b765af90e5ebd4c,
Fixed_Rowwise,3,5,R03_F05,27,Training,COMP-73d52e7a36d559a9,
Fixed_Rowwise,3,5,R03_F05,29,Training,COMP-773f99d6dc417f9e,
Fixed_Rowwise,3,5,R03_F05,32,Training,COMP-81f8a3600f73b006,
Fixed_Rowwise,3,5,R03_F05,35,Training,COMP-a87a2533a652007c,
Fixed_Rowwise,3,5,R03_F05,36,Training,COMP-87a7ec252c82f56c,
Fixed_Rowwise,3,5,R03_F05,37,Training,COMP-f6d84b53636ddfbe,
Fixed_Rowwise,3,5,R03_F05,41,Training,COMP-1af7d3f3b3b924e5,
Fixed_Rowwise,3,5,R03_F05,43,Training,COMP-9b0e3106e10f71db,
Fixed_Rowwise,3,5,R03_F05,45,Training,COMP-59ce4655e65cf94a,
Fixed_Rowwise,3,5,R03_F05,48,Training,COMP-b611e8d56579c910,
Fixed_Rowwise,3,5,R03_F05,49,Training,COMP-92ece298f11712f0,
Fixed_Rowwise,3,5,R03_F05,51,Training,COMP-dbc0864492ec7b98,
Fixed_Rowwise,3,5,R03_F05,52,Training,COMP-06f5d2a767a65349,
Fixed_Rowwise,3,5,R03_F05,53,Training,COMP-06f5d2a767a65349,
Fixed_Rowwise,3,5,R03_F05,61,Training,COMP-3f22c6642a7a1344,
Fixed_Rowwise,3,5,R03_F05,62,Training,COMP-21d126c9d34df073,
Fixed_Rowwise,3,5,R03_F05,63,Training,COMP-21d126c9d34df073,
Fixed_Rowwise,3,5,R03_F05,64,Training,COMP-3157f0dc71f862ff,
Fixed_Rowwise,3,5,R03_F05,65,Training,COMP-7c0b488137fafb3b,
Fixed_Rowwise,3,5,R03_F05,66,Training,COMP-b8df58296dba2095,
Fixed_Rowwise,3,5,R03_F05,67,Training,COMP-49d8e1edbf1c2fbd,
Fixed_Rowwise,3,5,R03_F05,68,Training,COMP-21d126c9d34df073,
Fixed_Rowwise,3,5,R03_F05,69,Training,COMP-8cee7ef8867afd2d,
Fixed_Rowwise,3,5,R03_F05,74,Training,COMP-f9a00d6d8411a0d1,
Fixed_Rowwise,3,5,R03_F05,80,Training,COMP-a14831ff30c0b14d,
Fixed_Rowwise,3,5,R03_F05,83,Training,COMP-e913f917a7e36868,
Fixed_Rowwise,3,5,R03_F05,84,Training,COMP-a14831ff30c0b14d,
Fixed_Rowwise,3,5,R03_F05,85,Training,COMP-e913f917a7e36868,
Fixed_Rowwise,3,5,R03_F05,88,Training,COMP-ea2a626c3522e4a5,
Fixed_Rowwise,3,5,R03_F05,92,Training,COMP-ea2a626c3522e4a5,
Fixed_Rowwise,3,5,R03_F05,94,Training,COMP-ea2a626c3522e4a5,
Fixed_Rowwise,3,5,R03_F05,95,Training,COMP-ea2a626c3522e4a5,
Fixed_Rowwise,3,5,R03_F05,96,Training,COMP-ea2a626c3522e4a5,
Fixed_Rowwise,3,5,R03_F05,97,Training,COMP-a14831ff30c0b14d,
Fixed_Rowwise,3,5,R03_F05,98,Training,COMP-e913f917a7e36868,
Fixed_Rowwise,3,5,R03_F05,99,Training,COMP-ea2a626c3522e4a5,
Fixed_Rowwise,3,5,R03_F05,102,Training,COMP-435a8f4ba56d8b5d,
Fixed_Rowwise,3,5,R03_F05,103,Training,COMP-435a8f4ba56d8b5d,
Fixed_Rowwise,3,5,R03_F05,104,Training,COMP-435a8f4ba56d8b5d,
Fixed_Rowwise,3,5,R03_F05,105,Training,COMP-435a8f4ba56d8b5d,
Fixed_Rowwise,3,5,R03_F05,106,Training,COMP-435a8f4ba56d8b5d,
Fixed_Rowwise,3,5,R03_F05,107,Training,COMP-384273ac244080b1,
Fixed_Rowwise,3,5,R03_F05,111,Training,COMP-c1d72bb5d7d164b0,
Fixed_Rowwise,3,5,R03_F05,112,Training,COMP-c1d72bb5d7d164b0,
Fixed_Rowwise,3,5,R03_F05,114,Training,COMP-6360354242bed7fe,
Fixed_Rowwise,3,5,R03_F05,115,Training,COMP-15c7378d46cadefa,
Fixed_Rowwise,3,5,R03_F05,118,Training,COMP-8bbe9ce01fb6a2d3,
Fixed_Rowwise,3,5,R03_F05,120,Training,COMP-8bbe9ce01fb6a2d3,
Fixed_Rowwise,3,5,R03_F05,122,Training,COMP-b2e9edd7bc55d085,
Fixed_Rowwise,3,5,R03_F05,123,Training,COMP-0ee2ef468faff8db,
Fixed_Rowwise,3,5,R03_F05,125,Training,COMP-0ee2ef468faff8db,
Fixed_Rowwise,3,5,R03_F05,126,Training,COMP-5502f8bc72167a0b,
Fixed_Rowwise,3,5,R03_F05,127,Training,COMP-5502f8bc72167a0b,
Fixed_Rowwise,3,5,R03_F05,130,Training,COMP-89919c53d3149a2d,
Fixed_Rowwise,3,5,R03_F05,135,Training,COMP-89919c53d3149a2d,
Fixed_Rowwise,3,5,R03_F05,139,Training,COMP-89919c53d3149a2d,
Fixed_Rowwise,3,5,R03_F05,141,Training,COMP-89919c53d3149a2d,
Fixed_Rowwise,3,5,R03_F05,142,Training,COMP-89919c53d3149a2d,
Fixed_Rowwise,3,5,R03_F05,143,Training,COMP-89919c53d3149a2d,
Fixed_Rowwise,3,5,R03_F05,144,Training,COMP-89919c53d3149a2d,
Fixed_Rowwise,3,5,R03_F05,145,Training,COMP-89919c53d3149a2d,
Fixed_Rowwise,3,5,R03_F05,146,Training,COMP-266a388f7afdbe91,
Fixed_Rowwise,3,5,R03_F05,147,Training,COMP-055230aabe7d502c,
Fixed_Rowwise,3,5,R03_F05,148,Training,COMP-150ce51691dfb5f9,
Fixed_Rowwise,3,5,R03_F05,150,Training,COMP-055230aabe7d502c,
Fixed_Rowwise,3,5,R03_F05,152,Training,COMP-055230aabe7d502c,
Fixed_Rowwise,3,5,R03_F05,157,Training,COMP-ddfcf6030a718a0c,
Fixed_Rowwise,3,5,R03_F05,159,Training,COMP-0346738121cb655e,
Fixed_Rowwise,3,5,R03_F05,160,Training,COMP-0346738121cb655e,
Fixed_Rowwise,3,5,R03_F05,161,Training,COMP-eacd4f126ab29a30,
Fixed_Rowwise,3,5,R03_F05,163,Training,COMP-b2e9edd7bc55d085,
Fixed_Rowwise,3,5,R03_F05,164,Training,COMP-941f92def7f50542,
Fixed_Rowwise,3,5,R03_F05,167,Training,COMP-eacd4f126ab29a30,
Fixed_Rowwise,3,5,R03_F05,168,Training,COMP-92ed17371ff559b6,
Fixed_Rowwise,3,5,R03_F05,169,Training,COMP-92ed17371ff559b6,
Fixed_Rowwise,3,5,R03_F05,175,Training,COMP-b72f6533b137a4f6,
Fixed_Rowwise,3,5,R03_F05,176,Training,COMP-5479c448b954c055,
Fixed_Rowwise,3,5,R03_F05,177,Training,COMP-5479c448b954c055,
Fixed_Rowwise,3,5,R03_F05,181,Training,COMP-69c6ecd7284d3b47,
Fixed_Rowwise,3,5,R03_F05,182,Training,COMP-630f3050f45faf36,
Fixed_Rowwise,3,5,R03_F05,183,Training,COMP-630f3050f45faf36,
Fixed_Rowwise,3,5,R03_F05,184,Training,COMP-0966c0019ec07f39,
Fixed_Rowwise,3,5,R03_F05,186,Training,COMP-0966c0019ec07f39,
Fixed_Rowwise,3,5,R03_F05,188,Training,COMP-a7670bf71188b1d6,
Fixed_Rowwise,3,5,R03_F05,193,Training,COMP-889d7d6c6dbf5b76,
Fixed_Rowwise,3,5,R03_F05,194,Training,COMP-445f55453794f59c,
Fixed_Rowwise,3,5,R03_F05,197,Training,COMP-880bd22028629a8e,
Fixed_Rowwise,3,5,R03_F05,200,Training,COMP-b878df279a448475,
Fixed_Rowwise,3,5,R03_F05,201,Training,COMP-05480af3b167ab05,
Fixed_Rowwise,3,5,R03_F05,202,Training,COMP-598bc18a3ba07a9e,
Fixed_Rowwise,3,5,R03_F05,205,Training,COMP-d8a14990923ce9f7,
Fixed_Rowwise,3,5,R03_F05,207,Training,COMP-948abb1ebd270642,
Fixed_Rowwise,3,5,R03_F05,210,Training,COMP-d7494ade7e8dd694,
Fixed_Rowwise,3,5,R03_F05,211,Training,COMP-b775405901636085,
Fixed_Rowwise,3,5,R03_F05,214,Training,COMP-35e38ea13dc05b9e,
Fixed_Rowwise,3,5,R03_F05,215,Training,COMP-6b4f0394292930ba,
Fixed_Rowwise,3,5,R03_F05,216,Training,COMP-4a76c05754ee1efa,
Fixed_Rowwise,3,5,R03_F05,219,Training,COMP-eae7689b221fd7f8,
Fixed_Rowwise,3,5,R03_F05,225,Training,COMP-289a02a6b94655b9,
Fixed_Rowwise,3,5,R03_F05,226,Training,COMP-93900d7c81c38cdd,
Fixed_Rowwise,3,5,R03_F05,229,Training,COMP-2753cd2e053c8c98,
Fixed_Rowwise,3,5,R03_F05,230,Training,COMP-0107563adaed8d01,
Fixed_Rowwise,3,5,R03_F05,232,Training,COMP-0e256dc7494452a7,
Fixed_Rowwise,3,5,R03_F05,233,Training,COMP-e60cc4ecffe6b7df,
Fixed_Rowwise,3,5,R03_F05,235,Training,COMP-091a20b5a1dfb76f,
Fixed_Rowwise,3,5,R03_F05,238,Training,COMP-fc5c3e46d2655b62,
Fixed_Rowwise,3,5,R03_F05,239,Training,COMP-0b765af90e5ebd4c,
Fixed_Rowwise,3,5,R03_F05,240,Training,COMP-0b765af90e5ebd4c,
Fixed_Rowwise,3,5,R03_F05,241,Training,COMP-631a18a4a6b20c0c,
Fixed_Rowwise,3,5,R03_F05,242,Training,COMP-631a18a4a6b20c0c,
Fixed_Rowwise,3,5,R03_F05,243,Training,COMP-b0cc51380afea02b,
Fixed_Rowwise,3,5,R03_F05,246,Training,COMP-1fc9679353325516,
Fixed_Rowwise,3,5,R03_F05,247,Training,COMP-e295ac85ac1ada41,
Fixed_Rowwise,3,5,R03_F05,249,Training,COMP-e295ac85ac1ada41,
Fixed_Rowwise,3,5,R03_F05,251,Training,COMP-dd1e9c4c0f247912,
Fixed_Rowwise,3,5,R03_F05,252,Training,COMP-725d39a40881dc4b,
Fixed_Rowwise,3,5,R03_F05,253,Training,COMP-725d39a40881dc4b,
Fixed_Rowwise,3,5,R03_F05,255,Training,COMP-95a56990f4bea8a9,
Fixed_Rowwise,3,5,R03_F05,256,Training,COMP-95a56990f4bea8a9,
Fixed_Rowwise,3,5,R03_F05,257,Training,COMP-95a56990f4bea8a9,
Fixed_Rowwise,3,5,R03_F05,258,Training,COMP-95a56990f4bea8a9,
Fixed_Rowwise,3,5,R03_F05,259,Training,COMP-95a56990f4bea8a9,
Fixed_Rowwise,3,5,R03_F05,260,Training,COMP-95a56990f4bea8a9,
Fixed_Rowwise,3,5,R03_F05,263,Training,COMP-95a56990f4bea8a9,
Fixed_Rowwise,3,5,R03_F05,266,Training,COMP-95a56990f4bea8a9,
Fixed_Rowwise,3,5,R03_F05,268,Training,COMP-95a56990f4bea8a9,
Fixed_Rowwise,3,5,R03_F05,271,Training,COMP-95a56990f4bea8a9,
Fixed_Rowwise,3,5,R03_F05,272,Training,COMP-95a56990f4bea8a9,
Fixed_Rowwise,3,5,R03_F05,273,Training,COMP-95a56990f4bea8a9,
Fixed_Rowwise,3,5,R03_F05,283,Training,COMP-95a56990f4bea8a9,
Fixed_Rowwise,3,5,R03_F05,285,Training,COMP-95a56990f4bea8a9,
Fixed_Rowwise,3,5,R03_F05,288,Training,COMP-478c9f483894c42c,
Fixed_Rowwise,3,5,R03_F05,292,Training,COMP-478c9f483894c42c,
Fixed_Rowwise,3,5,R03_F05,296,Training,COMP-478c9f483894c42c,
Fixed_Rowwise,3,5,R03_F05,300,Training,COMP-478c9f483894c42c,
Fixed_Rowwise,3,5,R03_F05,303,Training,COMP-478c9f483894c42c,
Fixed_Rowwise,3,5,R03_F05,307,Training,COMP-478c9f483894c42c,
Fixed_Rowwise,3,5,R03_F05,311,Training,COMP-478c9f483894c42c,
Fixed_Rowwise,3,5,R03_F05,315,Training,COMP-478c9f483894c42c,
Fixed_Rowwise,3,5,R03_F05,316,Training,COMP-478c9f483894c42c,
Fixed_Rowwise,3,5,R03_F05,320,Training,COMP-dbc0864492ec7b98,
Fixed_Rowwise,3,5,R03_F05,321,Training,COMP-dbc0864492ec7b98,
Fixed_Rowwise,3,5,R03_F05,322,Training,COMP-dbc0864492ec7b98,
Fixed_Rowwise,3,5,R03_F05,323,Training,COMP-dbc0864492ec7b98,
Fixed_Rowwise,3,5,R03_F05,325,Training,COMP-dbc0864492ec7b98,
Fixed_Rowwise,3,5,R03_F05,326,Training,COMP-dbc0864492ec7b98,
Fixed_Rowwise,3,5,R03_F05,327,Training,COMP-dbc0864492ec7b98,
Fixed_Rowwise,3,5,R03_F05,328,Training,COMP-dbc0864492ec7b98,
Fixed_Rowwise,3,5,R03_F05,331,Training,COMP-dbc0864492ec7b98,
Fixed_Rowwise,3,5,R03_F05,333,Training,COMP-dbc0864492ec7b98,
Fixed_Rowwise,3,5,R03_F05,337,Training,COMP-06072d2dd3b021af,
Fixed_Rowwise,3,5,R03_F05,339,Training,COMP-06072d2dd3b021af,
Fixed_Rowwise,3,5,R03_F05,341,Training,COMP-221944a235b3f36b,
Fixed_Rowwise,3,5,R03_F05,342,Training,COMP-221944a235b3f36b,
Fixed_Rowwise,3,5,R03_F05,344,Training,COMP-e1e52574fbb04f58,
Fixed_Rowwise,3,5,R03_F05,345,Training,COMP-e1e52574fbb04f58,
Fixed_Rowwise,3,5,R03_F05,348,Training,COMP-30cef922979fb9fd,
Fixed_Rowwise,3,5,R03_F05,349,Training,COMP-30cef922979fb9fd,
Fixed_Rowwise,3,5,R03_F05,350,Training,COMP-30cef922979fb9fd,
Fixed_Rowwise,3,5,R03_F05,352,Training,COMP-30cef922979fb9fd,
Fixed_Rowwise,3,5,R03_F05,354,Training,COMP-59f47d6774b9fdfb,
Fixed_Rowwise,3,5,R03_F05,356,Training,COMP-59f47d6774b9fdfb,
Fixed_Rowwise,3,5,R03_F05,358,Training,COMP-59f47d6774b9fdfb,
Fixed_Rowwise,3,5,R03_F05,360,Training,COMP-0765adc8c505dd3b,
Fixed_Rowwise,3,5,R03_F05,365,Training,COMP-e1e52574fbb04f58,
Fixed_Rowwise,3,5,R03_F05,369,Training,COMP-6f2ca218fbd1923b,
Fixed_Rowwise,3,5,R03_F05,372,Training,COMP-6f2ca218fbd1923b,
Fixed_Rowwise,3,5,R03_F05,375,Training,COMP-6f2ca218fbd1923b,
Fixed_Rowwise,3,5,R03_F05,376,Training,COMP-6f2ca218fbd1923b,
Fixed_Rowwise,3,5,R03_F05,378,Training,COMP-6f2ca218fbd1923b,
Fixed_Rowwise,3,5,R03_F05,380,Training,COMP-6f2ca218fbd1923b,
Fixed_Rowwise,3,5,R03_F05,382,Training,COMP-6f2ca218fbd1923b,
Fixed_Rowwise,3,5,R03_F05,384,Training,COMP-6f2ca218fbd1923b,
Fixed_Rowwise,3,5,R03_F05,386,Training,COMP-6f2ca218fbd1923b,
Fixed_Rowwise,3,5,R03_F05,387,Training,COMP-6f2ca218fbd1923b,
Fixed_Rowwise,3,5,R03_F05,388,Training,COMP-6f2ca218fbd1923b,
Fixed_Rowwise,3,5,R03_F05,389,Training,COMP-6f2ca218fbd1923b,
Fixed_Rowwise,3,5,R03_F05,391,Training,COMP-6f2ca218fbd1923b,
Fixed_Rowwise,3,5,R03_F05,395,Training,COMP-6f2ca218fbd1923b,
Fixed_Rowwise,3,5,R03_F05,399,Training,COMP-6f2ca218fbd1923b,
Fixed_Rowwise,3,5,R03_F05,402,Training,COMP-6f2ca218fbd1923b,
Fixed_Rowwise,3,5,R03_F05,404,Training,COMP-6f2ca218fbd1923b,
Fixed_Rowwise,3,5,R03_F05,405,Training,COMP-6f2ca218fbd1923b,
Fixed_Rowwise,3,5,R03_F05,406,Training,COMP-7fb1fecc93ced403,
Fixed_Rowwise,3,5,R03_F05,408,Training,COMP-7fb1fecc93ced403,
Fixed_Rowwise,3,5,R03_F05,413,Training,COMP-a85acb2f2da0216b,
Fixed_Rowwise,3,5,R03_F05,414,Training,COMP-a85acb2f2da0216b,
Fixed_Rowwise,3,5,R03_F05,415,Training,COMP-a85acb2f2da0216b,
Fixed_Rowwise,3,5,R03_F05,418,Training,COMP-a85acb2f2da0216b,
Fixed_Rowwise,3,5,R03_F05,421,Training,COMP-edeedccfd8f07e13,
Fixed_Rowwise,3,5,R03_F05,422,Training,COMP-edeedccfd8f07e13,
Fixed_Rowwise,3,5,R03_F05,424,Training,COMP-f9d9cbed014e8b80,
Fixed_Rowwise,3,5,R03_F05,429,Training,COMP-f9d9cbed014e8b80,
Fixed_Rowwise,3,5,R03_F05,431,Training,COMP-f9d9cbed014e8b80,
Fixed_Rowwise,3,5,R03_F05,432,Training,COMP-f9d9cbed014e8b80,
Fixed_Rowwise,3,5,R03_F05,434,Training,COMP-f9d9cbed014e8b80,
Fixed_Rowwise,3,5,R03_F05,438,Training,COMP-f9d9cbed014e8b80,
Fixed_Rowwise,3,5,R03_F05,441,Training,COMP-f9d9cbed014e8b80,
Fixed_Rowwise,3,5,R03_F05,444,Training,COMP-f9d9cbed014e8b80,
Fixed_Rowwise,3,5,R03_F05,445,Training,COMP-f9d9cbed014e8b80,
Fixed_Rowwise,3,5,R03_F05,450,Training,COMP-f9d9cbed014e8b80,
Fixed_Rowwise,3,5,R03_F05,451,Training,COMP-f9d9cbed014e8b80,
Fixed_Rowwise,3,5,R03_F05,12,Validation,COMP-725d39a40881dc4b,
Fixed_Rowwise,3,5,R03_F05,20,Validation,COMP-0b765af90e5ebd4c,
Fixed_Rowwise,3,5,R03_F05,26,Validation,COMP-7decbe1f0284bd78,
Fixed_Rowwise,3,5,R03_F05,28,Validation,COMP-3632fb12e94bc35a,
Fixed_Rowwise,3,5,R03_F05,40,Validation,COMP-1af7d3f3b3b924e5,
Fixed_Rowwise,3,5,R03_F05,44,Validation,COMP-0d7ce00a50a6a24f,
Fixed_Rowwise,3,5,R03_F05,47,Validation,COMP-e295ac85ac1ada41,
Fixed_Rowwise,3,5,R03_F05,54,Validation,COMP-ea1f0dc96a173899,
Fixed_Rowwise,3,5,R03_F05,60,Validation,COMP-3f22c6642a7a1344,
Fixed_Rowwise,3,5,R03_F05,86,Validation,COMP-ea2a626c3522e4a5,
Fixed_Rowwise,3,5,R03_F05,87,Validation,COMP-a14831ff30c0b14d,
Fixed_Rowwise,3,5,R03_F05,100,Validation,COMP-ea2a626c3522e4a5,
Fixed_Rowwise,3,5,R03_F05,110,Validation,COMP-c1d72bb5d7d164b0,
Fixed_Rowwise,3,5,R03_F05,121,Validation,COMP-b2e9edd7bc55d085,
Fixed_Rowwise,3,5,R03_F05,133,Validation,COMP-89919c53d3149a2d,
Fixed_Rowwise,3,5,R03_F05,134,Validation,COMP-89919c53d3149a2d,
Fixed_Rowwise,3,5,R03_F05,138,Validation,COMP-89919c53d3149a2d,
Fixed_Rowwise,3,5,R03_F05,149,Validation,COMP-266a388f7afdbe91,
Fixed_Rowwise,3,5,R03_F05,154,Validation,COMP-150ce51691dfb5f9,
Fixed_Rowwise,3,5,R03_F05,156,Validation,COMP-941f92def7f50542,
Fixed_Rowwise,3,5,R03_F05,162,Validation,COMP-ddfcf6030a718a0c,
Fixed_Rowwise,3,5,R03_F05,172,Validation,COMP-92ed17371ff559b6,
Fixed_Rowwise,3,5,R03_F05,173,Validation,COMP-0d41a2cf75110ad6,
Fixed_Rowwise,3,5,R03_F05,174,Validation,COMP-a35a20d65351aafe,
Fixed_Rowwise,3,5,R03_F05,178,Validation,COMP-b9abc443805301b1,
Fixed_Rowwise,3,5,R03_F05,187,Validation,COMP-a7670bf71188b1d6,
Fixed_Rowwise,3,5,R03_F05,199,Validation,COMP-6525c735bb50fb1c,
Fixed_Rowwise,3,5,R03_F05,221,Validation,COMP-20d1e620c817cb5a,
Fixed_Rowwise,3,5,R03_F05,224,Validation,COMP-93900d7c81c38cdd,
Fixed_Rowwise,3,5,R03_F05,228,Validation,COMP-46e30c1bd5e987da,
Fixed_Rowwise,3,5,R03_F05,231,Validation,COMP-0e256dc7494452a7,
Fixed_Rowwise,3,5,R03_F05,236,Validation,COMP-44fea4804e888e0a,
Fixed_Rowwise,3,5,R03_F05,237,Validation,COMP-4ef2bcae5243588c,
Fixed_Rowwise,3,5,R03_F05,282,Validation,COMP-95a56990f4bea8a9,
Fixed_Rowwise,3,5,R03_F05,286,Validation,COMP-478c9f483894c42c,
Fixed_Rowwise,3,5,R03_F05,295,Validation,COMP-478c9f483894c42c,
Fixed_Rowwise,3,5,R03_F05,306,Validation,COMP-478c9f483894c42c,
Fixed_Rowwise,3,5,R03_F05,309,Validation,COMP-478c9f483894c42c,
Fixed_Rowwise,3,5,R03_F05,310,Validation,COMP-478c9f483894c42c,
Fixed_Rowwise,3,5,R03_F05,313,Validation,COMP-478c9f483894c42c,
Fixed_Rowwise,3,5,R03_F05,324,Validation,COMP-dbc0864492ec7b98,
Fixed_Rowwise,3,5,R03_F05,334,Validation,COMP-dbc0864492ec7b98,
Fixed_Rowwise,3,5,R03_F05,347,Validation,COMP-e1e52574fbb04f58,
Fixed_Rowwise,3,5,R03_F05,351,Validation,COMP-30cef922979fb9fd,
Fixed_Rowwise,3,5,R03_F05,363,Validation,COMP-0765adc8c505dd3b,
Fixed_Rowwise,3,5,R03_F05,364,Validation,COMP-0765adc8c505dd3b,
Fixed_Rowwise,3,5,R03_F05,371,Validation,COMP-6f2ca218fbd1923b,
Fixed_Rowwise,3,5,R03_F05,381,Validation,COMP-6f2ca218fbd1923b,
Fixed_Rowwise,3,5,R03_F05,393,Validation,COMP-6f2ca218fbd1923b,
Fixed_Rowwise,3,5,R03_F05,425,Validation,COMP-f9d9cbed014e8b80,
Fixed_Rowwise,3,5,R03_F05,427,Validation,COMP-f9d9cbed014e8b80,
Fixed_Rowwise,3,5,R03_F05,440,Validation,COMP-f9d9cbed014e8b80,
Fixed_Rowwise,3,5,R03_F05,448,Validation,COMP-f9d9cbed014e8b80,
Fixed_Rowwise,3,5,R03_F05,449,Validation,COMP-f9d9cbed014e8b80,
Fixed_Rowwise,4,1,R04_F01,1,Training,COMP-27021c945dc6ef2d,
Fixed_Rowwise,4,1,R04_F01,3,Training,COMP-725d39a40881dc4b,
Fixed_Rowwise,4,1,R04_F01,4,Training,COMP-862c9c676a6f1012,
Fixed_Rowwise,4,1,R04_F01,5,Training,COMP-8e1fe5f59d3c7565,
Fixed_Rowwise,4,1,R04_F01,6,Training,COMP-27021c945dc6ef2d,
Fixed_Rowwise,4,1,R04_F01,7,Training,COMP-725d39a40881dc4b,
Fixed_Rowwise,4,1,R04_F01,8,Training,COMP-725d39a40881dc4b,
Fixed_Rowwise,4,1,R04_F01,10,Training,COMP-725d39a40881dc4b,
Fixed_Rowwise,4,1,R04_F01,12,Training,COMP-725d39a40881dc4b,
Fixed_Rowwise,4,1,R04_F01,13,Training,COMP-27021c945dc6ef2d,
Fixed_Rowwise,4,1,R04_F01,14,Training,COMP-609dfbaf681359b8,
Fixed_Rowwise,4,1,R04_F01,17,Training,COMP-773f99d6dc417f9e,
Fixed_Rowwise,4,1,R04_F01,20,Training,COMP-0b765af90e5ebd4c,
Fixed_Rowwise,4,1,R04_F01,21,Training,COMP-0b765af90e5ebd4c,
Fixed_Rowwise,4,1,R04_F01,23,Training,COMP-81f8a3600f73b006,
Fixed_Rowwise,4,1,R04_F01,26,Training,COMP-7decbe1f0284bd78,
Fixed_Rowwise,4,1,R04_F01,27,Training,COMP-73d52e7a36d559a9,
Fixed_Rowwise,4,1,R04_F01,28,Training,COMP-3632fb12e94bc35a,
Fixed_Rowwise,4,1,R04_F01,29,Training,COMP-773f99d6dc417f9e,
Fixed_Rowwise,4,1,R04_F01,32,Training,COMP-81f8a3600f73b006,
Fixed_Rowwise,4,1,R04_F01,35,Training,COMP-a87a2533a652007c,
Fixed_Rowwise,4,1,R04_F01,36,Training,COMP-87a7ec252c82f56c,
Fixed_Rowwise,4,1,R04_F01,37,Training,COMP-f6d84b53636ddfbe,
Fixed_Rowwise,4,1,R04_F01,40,Training,COMP-1af7d3f3b3b924e5,
Fixed_Rowwise,4,1,R04_F01,41,Training,COMP-1af7d3f3b3b924e5,
Fixed_Rowwise,4,1,R04_F01,44,Training,COMP-0d7ce00a50a6a24f,
Fixed_Rowwise,4,1,R04_F01,45,Training,COMP-59ce4655e65cf94a,
Fixed_Rowwise,4,1,R04_F01,47,Training,COMP-e295ac85ac1ada41,
Fixed_Rowwise,4,1,R04_F01,48,Training,COMP-b611e8d56579c910,
Fixed_Rowwise,4,1,R04_F01,51,Training,COMP-dbc0864492ec7b98,
Fixed_Rowwise,4,1,R04_F01,52,Training,COMP-06f5d2a767a65349,
Fixed_Rowwise,4,1,R04_F01,53,Training,COMP-06f5d2a767a65349,
Fixed_Rowwise,4,1,R04_F01,54,Training,COMP-ea1f0dc96a173899,
Fixed_Rowwise,4,1,R04_F01,60,Training,COMP-3f22c6642a7a1344,
Fixed_Rowwise,4,1,R04_F01,61,Training,COMP-3f22c6642a7a1344,
Fixed_Rowwise,4,1,R04_F01,62,Training,COMP-21d126c9d34df073,
Fixed_Rowwise,4,1,R04_F01,63,Training,COMP-21d126c9d34df073,
Fixed_Rowwise,4,1,R04_F01,64,Training,COMP-3157f0dc71f862ff,
Fixed_Rowwise,4,1,R04_F01,65,Training,COMP-7c0b488137fafb3b,
Fixed_Rowwise,4,1,R04_F01,66,Training,COMP-b8df58296dba2095,
Fixed_Rowwise,4,1,R04_F01,67,Training,COMP-49d8e1edbf1c2fbd,
Fixed_Rowwise,4,1,R04_F01,68,Training,COMP-21d126c9d34df073,
Fixed_Rowwise,4,1,R04_F01,69,Training,COMP-8cee7ef8867afd2d,
Fixed_Rowwise,4,1,R04_F01,74,Training,COMP-f9a00d6d8411a0d1,
Fixed_Rowwise,4,1,R04_F01,80,Training,COMP-a14831ff30c0b14d,
Fixed_Rowwise,4,1,R04_F01,83,Training,COMP-e913f917a7e36868,
Fixed_Rowwise,4,1,R04_F01,84,Training,COMP-a14831ff30c0b14d,
Fixed_Rowwise,4,1,R04_F01,85,Training,COMP-e913f917a7e36868,
Fixed_Rowwise,4,1,R04_F01,92,Training,COMP-ea2a626c3522e4a5,
Fixed_Rowwise,4,1,R04_F01,94,Training,COMP-ea2a626c3522e4a5,
Fixed_Rowwise,4,1,R04_F01,97,Training,COMP-a14831ff30c0b14d,
Fixed_Rowwise,4,1,R04_F01,98,Training,COMP-e913f917a7e36868,
Fixed_Rowwise,4,1,R04_F01,99,Training,COMP-ea2a626c3522e4a5,
Fixed_Rowwise,4,1,R04_F01,100,Training,COMP-ea2a626c3522e4a5,
Fixed_Rowwise,4,1,R04_F01,102,Training,COMP-435a8f4ba56d8b5d,
Fixed_Rowwise,4,1,R04_F01,103,Training,COMP-435a8f4ba56d8b5d,
Fixed_Rowwise,4,1,R04_F01,104,Training,COMP-435a8f4ba56d8b5d,
Fixed_Rowwise,4,1,R04_F01,105,Training,COMP-435a8f4ba56d8b5d,
Fixed_Rowwise,4,1,R04_F01,106,Training,COMP-435a8f4ba56d8b5d,
Fixed_Rowwise,4,1,R04_F01,107,Training,COMP-384273ac244080b1,
Fixed_Rowwise,4,1,R04_F01,110,Training,COMP-c1d72bb5d7d164b0,
Fixed_Rowwise,4,1,R04_F01,111,Training,COMP-c1d72bb5d7d164b0,
Fixed_Rowwise,4,1,R04_F01,115,Training,COMP-15c7378d46cadefa,
Fixed_Rowwise,4,1,R04_F01,118,Training,COMP-8bbe9ce01fb6a2d3,
Fixed_Rowwise,4,1,R04_F01,120,Training,COMP-8bbe9ce01fb6a2d3,
Fixed_Rowwise,4,1,R04_F01,122,Training,COMP-b2e9edd7bc55d085,
Fixed_Rowwise,4,1,R04_F01,123,Training,COMP-0ee2ef468faff8db,
Fixed_Rowwise,4,1,R04_F01,125,Training,COMP-0ee2ef468faff8db,
Fixed_Rowwise,4,1,R04_F01,127,Training,COMP-5502f8bc72167a0b,
Fixed_Rowwise,4,1,R04_F01,133,Training,COMP-89919c53d3149a2d,
Fixed_Rowwise,4,1,R04_F01,134,Training,COMP-89919c53d3149a2d,
Fixed_Rowwise,4,1,R04_F01,138,Training,COMP-89919c53d3149a2d,
Fixed_Rowwise,4,1,R04_F01,143,Training,COMP-89919c53d3149a2d,
Fixed_Rowwise,4,1,R04_F01,145,Training,COMP-89919c53d3149a2d,
Fixed_Rowwise,4,1,R04_F01,146,Training,COMP-266a388f7afdbe91,
Fixed_Rowwise,4,1,R04_F01,147,Training,COMP-055230aabe7d502c,
Fixed_Rowwise,4,1,R04_F01,148,Training,COMP-150ce51691dfb5f9,
Fixed_Rowwise,4,1,R04_F01,150,Training,COMP-055230aabe7d502c,
Fixed_Rowwise,4,1,R04_F01,152,Training,COMP-055230aabe7d502c,
Fixed_Rowwise,4,1,R04_F01,154,Training,COMP-150ce51691dfb5f9,
Fixed_Rowwise,4,1,R04_F01,156,Training,COMP-941f92def7f50542,
Fixed_Rowwise,4,1,R04_F01,157,Training,COMP-ddfcf6030a718a0c,
Fixed_Rowwise,4,1,R04_F01,161,Training,COMP-eacd4f126ab29a30,
Fixed_Rowwise,4,1,R04_F01,162,Training,COMP-ddfcf6030a718a0c,
Fixed_Rowwise,4,1,R04_F01,163,Training,COMP-b2e9edd7bc55d085,
Fixed_Rowwise,4,1,R04_F01,164,Training,COMP-941f92def7f50542,
Fixed_Rowwise,4,1,R04_F01,167,Training,COMP-eacd4f126ab29a30,
Fixed_Rowwise,4,1,R04_F01,168,Training,COMP-92ed17371ff559b6,
Fixed_Rowwise,4,1,R04_F01,169,Training,COMP-92ed17371ff559b6,
Fixed_Rowwise,4,1,R04_F01,172,Training,COMP-92ed17371ff559b6,
Fixed_Rowwise,4,1,R04_F01,173,Training,COMP-0d41a2cf75110ad6,
Fixed_Rowwise,4,1,R04_F01,174,Training,COMP-a35a20d65351aafe,
Fixed_Rowwise,4,1,R04_F01,176,Training,COMP-5479c448b954c055,
Fixed_Rowwise,4,1,R04_F01,177,Training,COMP-5479c448b954c055,
Fixed_Rowwise,4,1,R04_F01,181,Training,COMP-69c6ecd7284d3b47,
Fixed_Rowwise,4,1,R04_F01,182,Training,COMP-630f3050f45faf36,
Fixed_Rowwise,4,1,R04_F01,184,Training,COMP-0966c0019ec07f39,
Fixed_Rowwise,4,1,R04_F01,186,Training,COMP-0966c0019ec07f39,
Fixed_Rowwise,4,1,R04_F01,187,Training,COMP-a7670bf71188b1d6,
Fixed_Rowwise,4,1,R04_F01,194,Training,COMP-445f55453794f59c,
Fixed_Rowwise,4,1,R04_F01,197,Training,COMP-880bd22028629a8e,
Fixed_Rowwise,4,1,R04_F01,199,Training,COMP-6525c735bb50fb1c,
Fixed_Rowwise,4,1,R04_F01,201,Training,COMP-05480af3b167ab05,
Fixed_Rowwise,4,1,R04_F01,202,Training,COMP-598bc18a3ba07a9e,
Fixed_Rowwise,4,1,R04_F01,205,Training,COMP-d8a14990923ce9f7,
Fixed_Rowwise,4,1,R04_F01,207,Training,COMP-948abb1ebd270642,
Fixed_Rowwise,4,1,R04_F01,210,Training,COMP-d7494ade7e8dd694,
Fixed_Rowwise,4,1,R04_F01,211,Training,COMP-b775405901636085,
Fixed_Rowwise,4,1,R04_F01,215,Training,COMP-6b4f0394292930ba,
Fixed_Rowwise,4,1,R04_F01,216,Training,COMP-4a76c05754ee1efa,
Fixed_Rowwise,4,1,R04_F01,219,Training,COMP-eae7689b221fd7f8,
Fixed_Rowwise,4,1,R04_F01,224,Training,COMP-93900d7c81c38cdd,
Fixed_Rowwise,4,1,R04_F01,228,Training,COMP-46e30c1bd5e987da,
Fixed_Rowwise,4,1,R04_F01,229,Training,COMP-2753cd2e053c8c98,
Fixed_Rowwise,4,1,R04_F01,230,Training,COMP-0107563adaed8d01,
Fixed_Rowwise,4,1,R04_F01,231,Training,COMP-0e256dc7494452a7,
Fixed_Rowwise,4,1,R04_F01,232,Training,COMP-0e256dc7494452a7,
Fixed_Rowwise,4,1,R04_F01,233,Training,COMP-e60cc4ecffe6b7df,
Fixed_Rowwise,4,1,R04_F01,235,Training,COMP-091a20b5a1dfb76f,
Fixed_Rowwise,4,1,R04_F01,236,Training,COMP-44fea4804e888e0a,
Fixed_Rowwise,4,1,R04_F01,238,Training,COMP-fc5c3e46d2655b62,
Fixed_Rowwise,4,1,R04_F01,239,Training,COMP-0b765af90e5ebd4c,
Fixed_Rowwise,4,1,R04_F01,240,Training,COMP-0b765af90e5ebd4c,
Fixed_Rowwise,4,1,R04_F01,241,Training,COMP-631a18a4a6b20c0c,
Fixed_Rowwise,4,1,R04_F01,242,Training,COMP-631a18a4a6b20c0c,
Fixed_Rowwise,4,1,R04_F01,243,Training,COMP-b0cc51380afea02b,
Fixed_Rowwise,4,1,R04_F01,247,Training,COMP-e295ac85ac1ada41,
Fixed_Rowwise,4,1,R04_F01,249,Training,COMP-e295ac85ac1ada41,
Fixed_Rowwise,4,1,R04_F01,251,Training,COMP-dd1e9c4c0f247912,
Fixed_Rowwise,4,1,R04_F01,255,Training,COMP-95a56990f4bea8a9,
Fixed_Rowwise,4,1,R04_F01,256,Training,COMP-95a56990f4bea8a9,
Fixed_Rowwise,4,1,R04_F01,257,Training,COMP-95a56990f4bea8a9,
Fixed_Rowwise,4,1,R04_F01,259,Training,COMP-95a56990f4bea8a9,
Fixed_Rowwise,4,1,R04_F01,260,Training,COMP-95a56990f4bea8a9,
Fixed_Rowwise,4,1,R04_F01,263,Training,COMP-95a56990f4bea8a9,
Fixed_Rowwise,4,1,R04_F01,268,Training,COMP-95a56990f4bea8a9,
Fixed_Rowwise,4,1,R04_F01,271,Training,COMP-95a56990f4bea8a9,
Fixed_Rowwise,4,1,R04_F01,273,Training,COMP-95a56990f4bea8a9,
Fixed_Rowwise,4,1,R04_F01,282,Training,COMP-95a56990f4bea8a9,
Fixed_Rowwise,4,1,R04_F01,283,Training,COMP-95a56990f4bea8a9,
Fixed_Rowwise,4,1,R04_F01,286,Training,COMP-478c9f483894c42c,
Fixed_Rowwise,4,1,R04_F01,288,Training,COMP-478c9f483894c42c,
Fixed_Rowwise,4,1,R04_F01,292,Training,COMP-478c9f483894c42c,
Fixed_Rowwise,4,1,R04_F01,295,Training,COMP-478c9f483894c42c,
Fixed_Rowwise,4,1,R04_F01,296,Training,COMP-478c9f483894c42c,
Fixed_Rowwise,4,1,R04_F01,300,Training,COMP-478c9f483894c42c,
Fixed_Rowwise,4,1,R04_F01,306,Training,COMP-478c9f483894c42c,
Fixed_Rowwise,4,1,R04_F01,309,Training,COMP-478c9f483894c42c,
Fixed_Rowwise,4,1,R04_F01,310,Training,COMP-478c9f483894c42c,
Fixed_Rowwise,4,1,R04_F01,311,Training,COMP-478c9f483894c42c,
Fixed_Rowwise,4,1,R04_F01,315,Training,COMP-478c9f483894c42c,
Fixed_Rowwise,4,1,R04_F01,316,Training,COMP-478c9f483894c42c,
Fixed_Rowwise,4,1,R04_F01,320,Training,COMP-dbc0864492ec7b98,
Fixed_Rowwise,4,1,R04_F01,321,Training,COMP-dbc0864492ec7b98,
Fixed_Rowwise,4,1,R04_F01,323,Training,COMP-dbc0864492ec7b98,
Fixed_Rowwise,4,1,R04_F01,326,Training,COMP-dbc0864492ec7b98,
Fixed_Rowwise,4,1,R04_F01,327,Training,COMP-dbc0864492ec7b98,
Fixed_Rowwise,4,1,R04_F01,328,Training,COMP-dbc0864492ec7b98,
Fixed_Rowwise,4,1,R04_F01,331,Training,COMP-dbc0864492ec7b98,
Fixed_Rowwise,4,1,R04_F01,333,Training,COMP-dbc0864492ec7b98,
Fixed_Rowwise,4,1,R04_F01,334,Training,COMP-dbc0864492ec7b98,
Fixed_Rowwise,4,1,R04_F01,337,Training,COMP-06072d2dd3b021af,
Fixed_Rowwise,4,1,R04_F01,339,Training,COMP-06072d2dd3b021af,
Fixed_Rowwise,4,1,R04_F01,341,Training,COMP-221944a235b3f36b,
Fixed_Rowwise,4,1,R04_F01,342,Training,COMP-221944a235b3f36b,
Fixed_Rowwise,4,1,R04_F01,344,Training,COMP-e1e52574fbb04f58,
Fixed_Rowwise,4,1,R04_F01,345,Training,COMP-e1e52574fbb04f58,
Fixed_Rowwise,4,1,R04_F01,348,Training,COMP-30cef922979fb9fd,
Fixed_Rowwise,4,1,R04_F01,349,Training,COMP-30cef922979fb9fd,
Fixed_Rowwise,4,1,R04_F01,350,Training,COMP-30cef922979fb9fd,
Fixed_Rowwise,4,1,R04_F01,351,Training,COMP-30cef922979fb9fd,
Fixed_Rowwise,4,1,R04_F01,352,Training,COMP-30cef922979fb9fd,
Fixed_Rowwise,4,1,R04_F01,360,Training,COMP-0765adc8c505dd3b,
Fixed_Rowwise,4,1,R04_F01,363,Training,COMP-0765adc8c505dd3b,
Fixed_Rowwise,4,1,R04_F01,364,Training,COMP-0765adc8c505dd3b,
Fixed_Rowwise,4,1,R04_F01,365,Training,COMP-e1e52574fbb04f58,
Fixed_Rowwise,4,1,R04_F01,369,Training,COMP-6f2ca218fbd1923b,
Fixed_Rowwise,4,1,R04_F01,371,Training,COMP-6f2ca218fbd1923b,
Fixed_Rowwise,4,1,R04_F01,372,Training,COMP-6f2ca218fbd1923b,
Fixed_Rowwise,4,1,R04_F01,375,Training,COMP-6f2ca218fbd1923b,
Fixed_Rowwise,4,1,R04_F01,376,Training,COMP-6f2ca218fbd1923b,
Fixed_Rowwise,4,1,R04_F01,378,Training,COMP-6f2ca218fbd1923b,
Fixed_Rowwise,4,1,R04_F01,380,Training,COMP-6f2ca218fbd1923b,
Fixed_Rowwise,4,1,R04_F01,381,Training,COMP-6f2ca218fbd1923b,
Fixed_Rowwise,4,1,R04_F01,382,Training,COMP-6f2ca218fbd1923b,
Fixed_Rowwise,4,1,R04_F01,386,Training,COMP-6f2ca218fbd1923b,
Fixed_Rowwise,4,1,R04_F01,388,Training,COMP-6f2ca218fbd1923b,
Fixed_Rowwise,4,1,R04_F01,389,Training,COMP-6f2ca218fbd1923b,
Fixed_Rowwise,4,1,R04_F01,391,Training,COMP-6f2ca218fbd1923b,
Fixed_Rowwise,4,1,R04_F01,393,Training,COMP-6f2ca218fbd1923b,
Fixed_Rowwise,4,1,R04_F01,395,Training,COMP-6f2ca218fbd1923b,
Fixed_Rowwise,4,1,R04_F01,399,Training,COMP-6f2ca218fbd1923b,
Fixed_Rowwise,4,1,R04_F01,402,Training,COMP-6f2ca218fbd1923b,
Fixed_Rowwise,4,1,R04_F01,404,Training,COMP-6f2ca218fbd1923b,
Fixed_Rowwise,4,1,R04_F01,405,Training,COMP-6f2ca218fbd1923b,
Fixed_Rowwise,4,1,R04_F01,406,Training,COMP-7fb1fecc93ced403,
Fixed_Rowwise,4,1,R04_F01,408,Training,COMP-7fb1fecc93ced403,
Fixed_Rowwise,4,1,R04_F01,413,Training,COMP-a85acb2f2da0216b,
Fixed_Rowwise,4,1,R04_F01,414,Training,COMP-a85acb2f2da0216b,
Fixed_Rowwise,4,1,R04_F01,415,Training,COMP-a85acb2f2da0216b,
Fixed_Rowwise,4,1,R04_F01,418,Training,COMP-a85acb2f2da0216b,
Fixed_Rowwise,4,1,R04_F01,421,Training,COMP-edeedccfd8f07e13,
Fixed_Rowwise,4,1,R04_F01,422,Training,COMP-edeedccfd8f07e13,
Fixed_Rowwise,4,1,R04_F01,424,Training,COMP-f9d9cbed014e8b80,
Fixed_Rowwise,4,1,R04_F01,425,Training,COMP-f9d9cbed014e8b80,
Fixed_Rowwise,4,1,R04_F01,427,Training,COMP-f9d9cbed014e8b80,
Fixed_Rowwise,4,1,R04_F01,431,Training,COMP-f9d9cbed014e8b80,
Fixed_Rowwise,4,1,R04_F01,432,Training,COMP-f9d9cbed014e8b80,
Fixed_Rowwise,4,1,R04_F01,434,Training,COMP-f9d9cbed014e8b80,
Fixed_Rowwise,4,1,R04_F01,438,Training,COMP-f9d9cbed014e8b80,
Fixed_Rowwise,4,1,R04_F01,440,Training,COMP-f9d9cbed014e8b80,
Fixed_Rowwise,4,1,R04_F01,441,Training,COMP-f9d9cbed014e8b80,
Fixed_Rowwise,4,1,R04_F01,445,Training,COMP-f9d9cbed014e8b80,
Fixed_Rowwise,4,1,R04_F01,448,Training,COMP-f9d9cbed014e8b80,
Fixed_Rowwise,4,1,R04_F01,449,Training,COMP-f9d9cbed014e8b80,
Fixed_Rowwise,4,1,R04_F01,450,Training,COMP-f9d9cbed014e8b80,
Fixed_Rowwise,4,1,R04_F01,24,Validation,COMP-0b765af90e5ebd4c,
Fixed_Rowwise,4,1,R04_F01,43,Validation,COMP-9b0e3106e10f71db,
Fixed_Rowwise,4,1,R04_F01,49,Validation,COMP-92ece298f11712f0,
Fixed_Rowwise,4,1,R04_F01,86,Validation,COMP-ea2a626c3522e4a5,
Fixed_Rowwise,4,1,R04_F01,87,Validation,COMP-a14831ff30c0b14d,
Fixed_Rowwise,4,1,R04_F01,88,Validation,COMP-ea2a626c3522e4a5,
Fixed_Rowwise,4,1,R04_F01,95,Validation,COMP-ea2a626c3522e4a5,
Fixed_Rowwise,4,1,R04_F01,96,Validation,COMP-ea2a626c3522e4a5,
Fixed_Rowwise,4,1,R04_F01,112,Validation,COMP-c1d72bb5d7d164b0,
Fixed_Rowwise,4,1,R04_F01,114,Validation,COMP-6360354242bed7fe,
Fixed_Rowwise,4,1,R04_F01,121,Validation,COMP-b2e9edd7bc55d085,
Fixed_Rowwise,4,1,R04_F01,126,Validation,COMP-5502f8bc72167a0b,
Fixed_Rowwise,4,1,R04_F01,130,Validation,COMP-89919c53d3149a2d,
Fixed_Rowwise,4,1,R04_F01,135,Validation,COMP-89919c53d3149a2d,
Fixed_Rowwise,4,1,R04_F01,139,Validation,COMP-89919c53d3149a2d,
Fixed_Rowwise,4,1,R04_F01,141,Validation,COMP-89919c53d3149a2d,
Fixed_Rowwise,4,1,R04_F01,142,Validation,COMP-89919c53d3149a2d,
Fixed_Rowwise,4,1,R04_F01,144,Validation,COMP-89919c53d3149a2d,
Fixed_Rowwise,4,1,R04_F01,149,Validation,COMP-266a388f7afdbe91,
Fixed_Rowwise,4,1,R04_F01,159,Validation,COMP-0346738121cb655e,
Fixed_Rowwise,4,1,R04_F01,160,Validation,COMP-0346738121cb655e,
Fixed_Rowwise,4,1,R04_F01,175,Validation,COMP-b72f6533b137a4f6,
Fixed_Rowwise,4,1,R04_F01,178,Validation,COMP-b9abc443805301b1,
Fixed_Rowwise,4,1,R04_F01,183,Validation,COMP-630f3050f45faf36,
Fixed_Rowwise,4,1,R04_F01,188,Validation,COMP-a7670bf71188b1d6,
Fixed_Rowwise,4,1,R04_F01,193,Validation,COMP-889d7d6c6dbf5b76,
Fixed_Rowwise,4,1,R04_F01,200,Validation,COMP-b878df279a448475,
Fixed_Rowwise,4,1,R04_F01,214,Validation,COMP-35e38ea13dc05b9e,
Fixed_Rowwise,4,1,R04_F01,221,Validation,COMP-20d1e620c817cb5a,
Fixed_Rowwise,4,1,R04_F01,225,Validation,COMP-289a02a6b94655b9,
Fixed_Rowwise,4,1,R04_F01,226,Validation,COMP-93900d7c81c38cdd,
Fixed_Rowwise,4,1,R04_F01,237,Validation,COMP-4ef2bcae5243588c,
Fixed_Rowwise,4,1,R04_F01,246,Validation,COMP-1fc9679353325516,
Fixed_Rowwise,4,1,R04_F01,252,Validation,COMP-725d39a40881dc4b,
Fixed_Rowwise,4,1,R04_F01,253,Validation,COMP-725d39a40881dc4b,
Fixed_Rowwise,4,1,R04_F01,258,Validation,COMP-95a56990f4bea8a9,
Fixed_Rowwise,4,1,R04_F01,266,Validation,COMP-95a56990f4bea8a9,
Fixed_Rowwise,4,1,R04_F01,272,Validation,COMP-95a56990f4bea8a9,
Fixed_Rowwise,4,1,R04_F01,285,Validation,COMP-95a56990f4bea8a9,
Fixed_Rowwise,4,1,R04_F01,303,Validation,COMP-478c9f483894c42c,
Fixed_Rowwise,4,1,R04_F01,307,Validation,COMP-478c9f483894c42c,
Fixed_Rowwise,4,1,R04_F01,313,Validation,COMP-478c9f483894c42c,
Fixed_Rowwise,4,1,R04_F01,322,Validation,COMP-dbc0864492ec7b98,
Fixed_Rowwise,4,1,R04_F01,324,Validation,COMP-dbc0864492ec7b98,
Fixed_Rowwise,4,1,R04_F01,325,Validation,COMP-dbc0864492ec7b98,
Fixed_Rowwise,4,1,R04_F01,347,Validation,COMP-e1e52574fbb04f58,
Fixed_Rowwise,4,1,R04_F01,354,Validation,COMP-59f47d6774b9fdfb,
Fixed_Rowwise,4,1,R04_F01,356,Validation,COMP-59f47d6774b9fdfb,
Fixed_Rowwise,4,1,R04_F01,358,Validation,COMP-59f47d6774b9fdfb,
Fixed_Rowwise,4,1,R04_F01,384,Validation,COMP-6f2ca218fbd1923b,
Fixed_Rowwise,4,1,R04_F01,387,Validation,COMP-6f2ca218fbd1923b,
Fixed_Rowwise,4,1,R04_F01,429,Validation,COMP-f9d9cbed014e8b80,
Fixed_Rowwise,4,1,R04_F01,444,Validation,COMP-f9d9cbed014e8b80,
Fixed_Rowwise,4,1,R04_F01,451,Validation,COMP-f9d9cbed014e8b80,
Fixed_Rowwise,4,2,R04_F02,1,Training,COMP-27021c945dc6ef2d,
Fixed_Rowwise,4,2,R04_F02,4,Training,COMP-862c9c676a6f1012,
Fixed_Rowwise,4,2,R04_F02,5,Training,COMP-8e1fe5f59d3c7565,
Fixed_Rowwise,4,2,R04_F02,6,Training,COMP-27021c945dc6ef2d,
Fixed_Rowwise,4,2,R04_F02,7,Training,COMP-725d39a40881dc4b,
Fixed_Rowwise,4,2,R04_F02,8,Training,COMP-725d39a40881dc4b,
Fixed_Rowwise,4,2,R04_F02,10,Training,COMP-725d39a40881dc4b,
Fixed_Rowwise,4,2,R04_F02,17,Training,COMP-773f99d6dc417f9e,
Fixed_Rowwise,4,2,R04_F02,20,Training,COMP-0b765af90e5ebd4c,
Fixed_Rowwise,4,2,R04_F02,21,Training,COMP-0b765af90e5ebd4c,
Fixed_Rowwise,4,2,R04_F02,23,Training,COMP-81f8a3600f73b006,
Fixed_Rowwise,4,2,R04_F02,24,Training,COMP-0b765af90e5ebd4c,
Fixed_Rowwise,4,2,R04_F02,26,Training,COMP-7decbe1f0284bd78,
Fixed_Rowwise,4,2,R04_F02,27,Training,COMP-73d52e7a36d559a9,
Fixed_Rowwise,4,2,R04_F02,28,Training,COMP-3632fb12e94bc35a,
Fixed_Rowwise,4,2,R04_F02,29,Training,COMP-773f99d6dc417f9e,
Fixed_Rowwise,4,2,R04_F02,32,Training,COMP-81f8a3600f73b006,
Fixed_Rowwise,4,2,R04_F02,35,Training,COMP-a87a2533a652007c,
Fixed_Rowwise,4,2,R04_F02,40,Training,COMP-1af7d3f3b3b924e5,
Fixed_Rowwise,4,2,R04_F02,41,Training,COMP-1af7d3f3b3b924e5,
Fixed_Rowwise,4,2,R04_F02,43,Training,COMP-9b0e3106e10f71db,
Fixed_Rowwise,4,2,R04_F02,44,Training,COMP-0d7ce00a50a6a24f,
Fixed_Rowwise,4,2,R04_F02,48,Training,COMP-b611e8d56579c910,
Fixed_Rowwise,4,2,R04_F02,49,Training,COMP-92ece298f11712f0,
Fixed_Rowwise,4,2,R04_F02,51,Training,COMP-dbc0864492ec7b98,
Fixed_Rowwise,4,2,R04_F02,52,Training,COMP-06f5d2a767a65349,
Fixed_Rowwise,4,2,R04_F02,54,Training,COMP-ea1f0dc96a173899,
Fixed_Rowwise,4,2,R04_F02,61,Training,COMP-3f22c6642a7a1344,
Fixed_Rowwise,4,2,R04_F02,62,Training,COMP-21d126c9d34df073,
Fixed_Rowwise,4,2,R04_F02,63,Training,COMP-21d126c9d34df073,
Fixed_Rowwise,4,2,R04_F02,65,Training,COMP-7c0b488137fafb3b,
Fixed_Rowwise,4,2,R04_F02,66,Training,COMP-b8df58296dba2095,
Fixed_Rowwise,4,2,R04_F02,67,Training,COMP-49d8e1edbf1c2fbd,
Fixed_Rowwise,4,2,R04_F02,68,Training,COMP-21d126c9d34df073,
Fixed_Rowwise,4,2,R04_F02,69,Training,COMP-8cee7ef8867afd2d,
Fixed_Rowwise,4,2,R04_F02,74,Training,COMP-f9a00d6d8411a0d1,
Fixed_Rowwise,4,2,R04_F02,80,Training,COMP-a14831ff30c0b14d,
Fixed_Rowwise,4,2,R04_F02,85,Training,COMP-e913f917a7e36868,
Fixed_Rowwise,4,2,R04_F02,86,Training,COMP-ea2a626c3522e4a5,
Fixed_Rowwise,4,2,R04_F02,87,Training,COMP-a14831ff30c0b14d,
Fixed_Rowwise,4,2,R04_F02,88,Training,COMP-ea2a626c3522e4a5,
Fixed_Rowwise,4,2,R04_F02,92,Training,COMP-ea2a626c3522e4a5,
Fixed_Rowwise,4,2,R04_F02,94,Training,COMP-ea2a626c3522e4a5,
Fixed_Rowwise,4,2,R04_F02,95,Training,COMP-ea2a626c3522e4a5,
Fixed_Rowwise,4,2,R04_F02,96,Training,COMP-ea2a626c3522e4a5,
Fixed_Rowwise,4,2,R04_F02,97,Training,COMP-a14831ff30c0b14d,
Fixed_Rowwise,4,2,R04_F02,99,Training,COMP-ea2a626c3522e4a5,
Fixed_Rowwise,4,2,R04_F02,100,Training,COMP-ea2a626c3522e4a5,
Fixed_Rowwise,4,2,R04_F02,102,Training,COMP-435a8f4ba56d8b5d,
Fixed_Rowwise,4,2,R04_F02,103,Training,COMP-435a8f4ba56d8b5d,
Fixed_Rowwise,4,2,R04_F02,105,Training,COMP-435a8f4ba56d8b5d,
Fixed_Rowwise,4,2,R04_F02,106,Training,COMP-435a8f4ba56d8b5d,
Fixed_Rowwise,4,2,R04_F02,107,Training,COMP-384273ac244080b1,
Fixed_Rowwise,4,2,R04_F02,111,Training,COMP-c1d72bb5d7d164b0,
Fixed_Rowwise,4,2,R04_F02,112,Training,COMP-c1d72bb5d7d164b0,
Fixed_Rowwise,4,2,R04_F02,114,Training,COMP-6360354242bed7fe,
Fixed_Rowwise,4,2,R04_F02,115,Training,COMP-15c7378d46cadefa,
Fixed_Rowwise,4,2,R04_F02,120,Training,COMP-8bbe9ce01fb6a2d3,
Fixed_Rowwise,4,2,R04_F02,121,Training,COMP-b2e9edd7bc55d085,
Fixed_Rowwise,4,2,R04_F02,123,Training,COMP-0ee2ef468faff8db,
Fixed_Rowwise,4,2,R04_F02,125,Training,COMP-0ee2ef468faff8db,
Fixed_Rowwise,4,2,R04_F02,126,Training,COMP-5502f8bc72167a0b,
Fixed_Rowwise,4,2,R04_F02,127,Training,COMP-5502f8bc72167a0b,
Fixed_Rowwise,4,2,R04_F02,130,Training,COMP-89919c53d3149a2d,
Fixed_Rowwise,4,2,R04_F02,133,Training,COMP-89919c53d3149a2d,
Fixed_Rowwise,4,2,R04_F02,134,Training,COMP-89919c53d3149a2d,
Fixed_Rowwise,4,2,R04_F02,135,Training,COMP-89919c53d3149a2d,
Fixed_Rowwise,4,2,R04_F02,138,Training,COMP-89919c53d3149a2d,
Fixed_Rowwise,4,2,R04_F02,139,Training,COMP-89919c53d3149a2d,
Fixed_Rowwise,4,2,R04_F02,141,Training,COMP-89919c53d3149a2d,
Fixed_Rowwise,4,2,R04_F02,142,Training,COMP-89919c53d3149a2d,
Fixed_Rowwise,4,2,R04_F02,143,Training,COMP-89919c53d3149a2d,
Fixed_Rowwise,4,2,R04_F02,144,Training,COMP-89919c53d3149a2d,
Fixed_Rowwise,4,2,R04_F02,145,Training,COMP-89919c53d3149a2d,
Fixed_Rowwise,4,2,R04_F02,146,Training,COMP-266a388f7afdbe91,
Fixed_Rowwise,4,2,R04_F02,147,Training,COMP-055230aabe7d502c,
Fixed_Rowwise,4,2,R04_F02,148,Training,COMP-150ce51691dfb5f9,
Fixed_Rowwise,4,2,R04_F02,149,Training,COMP-266a388f7afdbe91,
Fixed_Rowwise,4,2,R04_F02,150,Training,COMP-055230aabe7d502c,
Fixed_Rowwise,4,2,R04_F02,154,Training,COMP-150ce51691dfb5f9,
Fixed_Rowwise,4,2,R04_F02,157,Training,COMP-ddfcf6030a718a0c,
Fixed_Rowwise,4,2,R04_F02,159,Training,COMP-0346738121cb655e,
Fixed_Rowwise,4,2,R04_F02,160,Training,COMP-0346738121cb655e,
Fixed_Rowwise,4,2,R04_F02,164,Training,COMP-941f92def7f50542,
Fixed_Rowwise,4,2,R04_F02,168,Training,COMP-92ed17371ff559b6,
Fixed_Rowwise,4,2,R04_F02,172,Training,COMP-92ed17371ff559b6,
Fixed_Rowwise,4,2,R04_F02,173,Training,COMP-0d41a2cf75110ad6,
Fixed_Rowwise,4,2,R04_F02,174,Training,COMP-a35a20d65351aafe,
Fixed_Rowwise,4,2,R04_F02,175,Training,COMP-b72f6533b137a4f6,
Fixed_Rowwise,4,2,R04_F02,176,Training,COMP-5479c448b954c055,
Fixed_Rowwise,4,2,R04_F02,178,Training,COMP-b9abc443805301b1,
Fixed_Rowwise,4,2,R04_F02,181,Training,COMP-69c6ecd7284d3b47,
Fixed_Rowwise,4,2,R04_F02,182,Training,COMP-630f3050f45faf36,
Fixed_Rowwise,4,2,R04_F02,183,Training,COMP-630f3050f45faf36,
Fixed_Rowwise,4,2,R04_F02,184,Training,COMP-0966c0019ec07f39,
Fixed_Rowwise,4,2,R04_F02,186,Training,COMP-0966c0019ec07f39,
Fixed_Rowwise,4,2,R04_F02,188,Training,COMP-a7670bf71188b1d6,
Fixed_Rowwise,4,2,R04_F02,193,Training,COMP-889d7d6c6dbf5b76,
Fixed_Rowwise,4,2,R04_F02,194,Training,COMP-445f55453794f59c,
Fixed_Rowwise,4,2,R04_F02,197,Training,COMP-880bd22028629a8e,
Fixed_Rowwise,4,2,R04_F02,200,Training,COMP-b878df279a448475,
Fixed_Rowwise,4,2,R04_F02,201,Training,COMP-05480af3b167ab05,
Fixed_Rowwise,4,2,R04_F02,202,Training,COMP-598bc18a3ba07a9e,
Fixed_Rowwise,4,2,R04_F02,205,Training,COMP-d8a14990923ce9f7,
Fixed_Rowwise,4,2,R04_F02,207,Training,COMP-948abb1ebd270642,
Fixed_Rowwise,4,2,R04_F02,210,Training,COMP-d7494ade7e8dd694,
Fixed_Rowwise,4,2,R04_F02,211,Training,COMP-b775405901636085,
Fixed_Rowwise,4,2,R04_F02,214,Training,COMP-35e38ea13dc05b9e,
Fixed_Rowwise,4,2,R04_F02,215,Training,COMP-6b4f0394292930ba,
Fixed_Rowwise,4,2,R04_F02,216,Training,COMP-4a76c05754ee1efa,
Fixed_Rowwise,4,2,R04_F02,221,Training,COMP-20d1e620c817cb5a,
Fixed_Rowwise,4,2,R04_F02,225,Training,COMP-289a02a6b94655b9,
Fixed_Rowwise,4,2,R04_F02,226,Training,COMP-93900d7c81c38cdd,
Fixed_Rowwise,4,2,R04_F02,228,Training,COMP-46e30c1bd5e987da,
Fixed_Rowwise,4,2,R04_F02,229,Training,COMP-2753cd2e053c8c98,
Fixed_Rowwise,4,2,R04_F02,230,Training,COMP-0107563adaed8d01,
Fixed_Rowwise,4,2,R04_F02,231,Training,COMP-0e256dc7494452a7,
Fixed_Rowwise,4,2,R04_F02,232,Training,COMP-0e256dc7494452a7,
Fixed_Rowwise,4,2,R04_F02,233,Training,COMP-e60cc4ecffe6b7df,
Fixed_Rowwise,4,2,R04_F02,235,Training,COMP-091a20b5a1dfb76f,
Fixed_Rowwise,4,2,R04_F02,236,Training,COMP-44fea4804e888e0a,
Fixed_Rowwise,4,2,R04_F02,237,Training,COMP-4ef2bcae5243588c,
Fixed_Rowwise,4,2,R04_F02,238,Training,COMP-fc5c3e46d2655b62,
Fixed_Rowwise,4,2,R04_F02,239,Training,COMP-0b765af90e5ebd4c,
Fixed_Rowwise,4,2,R04_F02,240,Training,COMP-0b765af90e5ebd4c,
Fixed_Rowwise,4,2,R04_F02,246,Training,COMP-1fc9679353325516,
Fixed_Rowwise,4,2,R04_F02,247,Training,COMP-e295ac85ac1ada41,
Fixed_Rowwise,4,2,R04_F02,249,Training,COMP-e295ac85ac1ada41,
Fixed_Rowwise,4,2,R04_F02,251,Training,COMP-dd1e9c4c0f247912,
Fixed_Rowwise,4,2,R04_F02,252,Training,COMP-725d39a40881dc4b,
Fixed_Rowwise,4,2,R04_F02,253,Training,COMP-725d39a40881dc4b,
Fixed_Rowwise,4,2,R04_F02,256,Training,COMP-95a56990f4bea8a9,
Fixed_Rowwise,4,2,R04_F02,257,Training,COMP-95a56990f4bea8a9,
Fixed_Rowwise,4,2,R04_F02,258,Training,COMP-95a56990f4bea8a9,
Fixed_Rowwise,4,2,R04_F02,260,Training,COMP-95a56990f4bea8a9,
Fixed_Rowwise,4,2,R04_F02,263,Training,COMP-95a56990f4bea8a9,
Fixed_Rowwise,4,2,R04_F02,266,Training,COMP-95a56990f4bea8a9,
Fixed_Rowwise,4,2,R04_F02,268,Training,COMP-95a56990f4bea8a9,
Fixed_Rowwise,4,2,R04_F02,272,Training,COMP-95a56990f4bea8a9,
Fixed_Rowwise,4,2,R04_F02,273,Training,COMP-95a56990f4bea8a9,
Fixed_Rowwise,4,2,R04_F02,282,Training,COMP-95a56990f4bea8a9,
Fixed_Rowwise,4,2,R04_F02,283,Training,COMP-95a56990f4bea8a9,
Fixed_Rowwise,4,2,R04_F02,285,Training,COMP-95a56990f4bea8a9,
Fixed_Rowwise,4,2,R04_F02,286,Training,COMP-478c9f483894c42c,
Fixed_Rowwise,4,2,R04_F02,288,Training,COMP-478c9f483894c42c,
Fixed_Rowwise,4,2,R04_F02,292,Training,COMP-478c9f483894c42c,
Fixed_Rowwise,4,2,R04_F02,295,Training,COMP-478c9f483894c42c,
Fixed_Rowwise,4,2,R04_F02,296,Training,COMP-478c9f483894c42c,
Fixed_Rowwise,4,2,R04_F02,300,Training,COMP-478c9f483894c42c,
Fixed_Rowwise,4,2,R04_F02,303,Training,COMP-478c9f483894c42c,
Fixed_Rowwise,4,2,R04_F02,306,Training,COMP-478c9f483894c42c,
Fixed_Rowwise,4,2,R04_F02,307,Training,COMP-478c9f483894c42c,
Fixed_Rowwise,4,2,R04_F02,313,Training,COMP-478c9f483894c42c,
Fixed_Rowwise,4,2,R04_F02,316,Training,COMP-478c9f483894c42c,
Fixed_Rowwise,4,2,R04_F02,320,Training,COMP-dbc0864492ec7b98,
Fixed_Rowwise,4,2,R04_F02,322,Training,COMP-dbc0864492ec7b98,
Fixed_Rowwise,4,2,R04_F02,323,Training,COMP-dbc0864492ec7b98,
Fixed_Rowwise,4,2,R04_F02,324,Training,COMP-dbc0864492ec7b98,
Fixed_Rowwise,4,2,R04_F02,325,Training,COMP-dbc0864492ec7b98,
Fixed_Rowwise,4,2,R04_F02,328,Training,COMP-dbc0864492ec7b98,
Fixed_Rowwise,4,2,R04_F02,334,Training,COMP-dbc0864492ec7b98,
Fixed_Rowwise,4,2,R04_F02,337,Training,COMP-06072d2dd3b021af,
Fixed_Rowwise,4,2,R04_F02,339,Training,COMP-06072d2dd3b021af,
Fixed_Rowwise,4,2,R04_F02,342,Training,COMP-221944a235b3f36b,
Fixed_Rowwise,4,2,R04_F02,344,Training,COMP-e1e52574fbb04f58,
Fixed_Rowwise,4,2,R04_F02,345,Training,COMP-e1e52574fbb04f58,
Fixed_Rowwise,4,2,R04_F02,347,Training,COMP-e1e52574fbb04f58,
Fixed_Rowwise,4,2,R04_F02,348,Training,COMP-30cef922979fb9fd,
Fixed_Rowwise,4,2,R04_F02,349,Training,COMP-30cef922979fb9fd,
Fixed_Rowwise,4,2,R04_F02,350,Training,COMP-30cef922979fb9fd,
Fixed_Rowwise,4,2,R04_F02,351,Training,COMP-30cef922979fb9fd,
Fixed_Rowwise,4,2,R04_F02,352,Training,COMP-30cef922979fb9fd,
Fixed_Rowwise,4,2,R04_F02,354,Training,COMP-59f47d6774b9fdfb,
Fixed_Rowwise,4,2,R04_F02,356,Training,COMP-59f47d6774b9fdfb,
Fixed_Rowwise,4,2,R04_F02,358,Training,COMP-59f47d6774b9fdfb,
Fixed_Rowwise,4,2,R04_F02,363,Training,COMP-0765adc8c505dd3b,
Fixed_Rowwise,4,2,R04_F02,364,Training,COMP-0765adc8c505dd3b,
Fixed_Rowwise,4,2,R04_F02,365,Training,COMP-e1e52574fbb04f58,
Fixed_Rowwise,4,2,R04_F02,369,Training,COMP-6f2ca218fbd1923b,
Fixed_Rowwise,4,2,R04_F02,371,Training,COMP-6f2ca218fbd1923b,
Fixed_Rowwise,4,2,R04_F02,372,Training,COMP-6f2ca218fbd1923b,
Fixed_Rowwise,4,2,R04_F02,375,Training,COMP-6f2ca218fbd1923b,
Fixed_Rowwise,4,2,R04_F02,378,Training,COMP-6f2ca218fbd1923b,
Fixed_Rowwise,4,2,R04_F02,380,Training,COMP-6f2ca218fbd1923b,
Fixed_Rowwise,4,2,R04_F02,381,Training,COMP-6f2ca218fbd1923b,
Fixed_Rowwise,4,2,R04_F02,382,Training,COMP-6f2ca218fbd1923b,
Fixed_Rowwise,4,2,R04_F02,384,Training,COMP-6f2ca218fbd1923b,
Fixed_Rowwise,4,2,R04_F02,386,Training,COMP-6f2ca218fbd1923b,
Fixed_Rowwise,4,2,R04_F02,387,Training,COMP-6f2ca218fbd1923b,
Fixed_Rowwise,4,2,R04_F02,388,Training,COMP-6f2ca218fbd1923b,
Fixed_Rowwise,4,2,R04_F02,389,Training,COMP-6f2ca218fbd1923b,
Fixed_Rowwise,4,2,R04_F02,391,Training,COMP-6f2ca218fbd1923b,
Fixed_Rowwise,4,2,R04_F02,393,Training,COMP-6f2ca218fbd1923b,
Fixed_Rowwise,4,2,R04_F02,395,Training,COMP-6f2ca218fbd1923b,
Fixed_Rowwise,4,2,R04_F02,399,Training,COMP-6f2ca218fbd1923b,
Fixed_Rowwise,4,2,R04_F02,402,Training,COMP-6f2ca218fbd1923b,
Fixed_Rowwise,4,2,R04_F02,405,Training,COMP-6f2ca218fbd1923b,
Fixed_Rowwise,4,2,R04_F02,406,Training,COMP-7fb1fecc93ced403,
Fixed_Rowwise,4,2,R04_F02,413,Training,COMP-a85acb2f2da0216b,
Fixed_Rowwise,4,2,R04_F02,414,Training,COMP-a85acb2f2da0216b,
Fixed_Rowwise,4,2,R04_F02,415,Training,COMP-a85acb2f2da0216b,
Fixed_Rowwise,4,2,R04_F02,418,Training,COMP-a85acb2f2da0216b,
Fixed_Rowwise,4,2,R04_F02,421,Training,COMP-edeedccfd8f07e13,
Fixed_Rowwise,4,2,R04_F02,424,Training,COMP-f9d9cbed014e8b80,
Fixed_Rowwise,4,2,R04_F02,429,Training,COMP-f9d9cbed014e8b80,
Fixed_Rowwise,4,2,R04_F02,431,Training,COMP-f9d9cbed014e8b80,
Fixed_Rowwise,4,2,R04_F02,432,Training,COMP-f9d9cbed014e8b80,
Fixed_Rowwise,4,2,R04_F02,434,Training,COMP-f9d9cbed014e8b80,
Fixed_Rowwise,4,2,R04_F02,440,Training,COMP-f9d9cbed014e8b80,
Fixed_Rowwise,4,2,R04_F02,441,Training,COMP-f9d9cbed014e8b80,
Fixed_Rowwise,4,2,R04_F02,444,Training,COMP-f9d9cbed014e8b80,
Fixed_Rowwise,4,2,R04_F02,445,Training,COMP-f9d9cbed014e8b80,
Fixed_Rowwise,4,2,R04_F02,448,Training,COMP-f9d9cbed014e8b80,
Fixed_Rowwise,4,2,R04_F02,449,Training,COMP-f9d9cbed014e8b80,
Fixed_Rowwise,4,2,R04_F02,450,Training,COMP-f9d9cbed014e8b80,
Fixed_Rowwise,4,2,R04_F02,451,Training,COMP-f9d9cbed014e8b80,
Fixed_Rowwise,4,2,R04_F02,3,Validation,COMP-725d39a40881dc4b,
Fixed_Rowwise,4,2,R04_F02,12,Validation,COMP-725d39a40881dc4b,
Fixed_Rowwise,4,2,R04_F02,13,Validation,COMP-27021c945dc6ef2d,
Fixed_Rowwise,4,2,R04_F02,14,Validation,COMP-609dfbaf681359b8,
Fixed_Rowwise,4,2,R04_F02,36,Validation,COMP-87a7ec252c82f56c,
Fixed_Rowwise,4,2,R04_F02,37,Validation,COMP-f6d84b53636ddfbe,
Fixed_Rowwise,4,2,R04_F02,45,Validation,COMP-59ce4655e65cf94a,
Fixed_Rowwise,4,2,R04_F02,47,Validation,COMP-e295ac85ac1ada41,
Fixed_Rowwise,4,2,R04_F02,53,Validation,COMP-06f5d2a767a65349,
Fixed_Rowwise,4,2,R04_F02,60,Validation,COMP-3f22c6642a7a1344,
Fixed_Rowwise,4,2,R04_F02,64,Validation,COMP-3157f0dc71f862ff,
Fixed_Rowwise,4,2,R04_F02,83,Validation,COMP-e913f917a7e36868,
Fixed_Rowwise,4,2,R04_F02,84,Validation,COMP-a14831ff30c0b14d,
Fixed_Rowwise,4,2,R04_F02,98,Validation,COMP-e913f917a7e36868,
Fixed_Rowwise,4,2,R04_F02,104,Validation,COMP-435a8f4ba56d8b5d,
Fixed_Rowwise,4,2,R04_F02,110,Validation,COMP-c1d72bb5d7d164b0,
Fixed_Rowwise,4,2,R04_F02,118,Validation,COMP-8bbe9ce01fb6a2d3,
Fixed_Rowwise,4,2,R04_F02,122,Validation,COMP-b2e9edd7bc55d085,
Fixed_Rowwise,4,2,R04_F02,152,Validation,COMP-055230aabe7d502c,
Fixed_Rowwise,4,2,R04_F02,156,Validation,COMP-941f92def7f50542,
Fixed_Rowwise,4,2,R04_F02,161,Validation,COMP-eacd4f126ab29a30,
Fixed_Rowwise,4,2,R04_F02,162,Validation,COMP-ddfcf6030a718a0c,
Fixed_Rowwise,4,2,R04_F02,163,Validation,COMP-b2e9edd7bc55d085,
Fixed_Rowwise,4,2,R04_F02,167,Validation,COMP-eacd4f126ab29a30,
Fixed_Rowwise,4,2,R04_F02,169,Validation,COMP-92ed17371ff559b6,
Fixed_Rowwise,4,2,R04_F02,177,Validation,COMP-5479c448b954c055,
Fixed_Rowwise,4,2,R04_F02,187,Validation,COMP-a7670bf71188b1d6,
Fixed_Rowwise,4,2,R04_F02,199,Validation,COMP-6525c735bb50fb1c,
Fixed_Rowwise,4,2,R04_F02,219,Validation,COMP-eae7689b221fd7f8,
Fixed_Rowwise,4,2,R04_F02,224,Validation,COMP-93900d7c81c38cdd,
Fixed_Rowwise,4,2,R04_F02,241,Validation,COMP-631a18a4a6b20c0c,
Fixed_Rowwise,4,2,R04_F02,242,Validation,COMP-631a18a4a6b20c0c,
Fixed_Rowwise,4,2,R04_F02,243,Validation,COMP-b0cc51380afea02b,
Fixed_Rowwise,4,2,R04_F02,255,Validation,COMP-95a56990f4bea8a9,
Fixed_Rowwise,4,2,R04_F02,259,Validation,COMP-95a56990f4bea8a9,
Fixed_Rowwise,4,2,R04_F02,271,Validation,COMP-95a56990f4bea8a9,
Fixed_Rowwise,4,2,R04_F02,309,Validation,COMP-478c9f483894c42c,
Fixed_Rowwise,4,2,R04_F02,310,Validation,COMP-478c9f483894c42c,
Fixed_Rowwise,4,2,R04_F02,311,Validation,COMP-478c9f483894c42c,
Fixed_Rowwise,4,2,R04_F02,315,Validation,COMP-478c9f483894c42c,
Fixed_Rowwise,4,2,R04_F02,321,Validation,COMP-dbc0864492ec7b98,
Fixed_Rowwise,4,2,R04_F02,326,Validation,COMP-dbc0864492ec7b98,
Fixed_Rowwise,4,2,R04_F02,327,Validation,COMP-dbc0864492ec7b98,
Fixed_Rowwise,4,2,R04_F02,331,Validation,COMP-dbc0864492ec7b98,
Fixed_Rowwise,4,2,R04_F02,333,Validation,COMP-dbc0864492ec7b98,
Fixed_Rowwise,4,2,R04_F02,341,Validation,COMP-221944a235b3f36b,
Fixed_Rowwise,4,2,R04_F02,360,Validation,COMP-0765adc8c505dd3b,
Fixed_Rowwise,4,2,R04_F02,376,Validation,COMP-6f2ca218fbd1923b,
Fixed_Rowwise,4,2,R04_F02,404,Validation,COMP-6f2ca218fbd1923b,
Fixed_Rowwise,4,2,R04_F02,408,Validation,COMP-7fb1fecc93ced403,
Fixed_Rowwise,4,2,R04_F02,422,Validation,COMP-edeedccfd8f07e13,
Fixed_Rowwise,4,2,R04_F02,425,Validation,COMP-f9d9cbed014e8b80,
Fixed_Rowwise,4,2,R04_F02,427,Validation,COMP-f9d9cbed014e8b80,
Fixed_Rowwise,4,2,R04_F02,438,Validation,COMP-f9d9cbed014e8b80,
Fixed_Rowwise,4,3,R04_F03,1,Training,COMP-27021c945dc6ef2d,
Fixed_Rowwise,4,3,R04_F03,3,Training,COMP-725d39a40881dc4b,
Fixed_Rowwise,4,3,R04_F03,4,Training,COMP-862c9c676a6f1012,
Fixed_Rowwise,4,3,R04_F03,6,Training,COMP-27021c945dc6ef2d,
Fixed_Rowwise,4,3,R04_F03,8,Training,COMP-725d39a40881dc4b,
Fixed_Rowwise,4,3,R04_F03,10,Training,COMP-725d39a40881dc4b,
Fixed_Rowwise,4,3,R04_F03,12,Training,COMP-725d39a40881dc4b,
Fixed_Rowwise,4,3,R04_F03,13,Training,COMP-27021c945dc6ef2d,
Fixed_Rowwise,4,3,R04_F03,14,Training,COMP-609dfbaf681359b8,
Fixed_Rowwise,4,3,R04_F03,17,Training,COMP-773f99d6dc417f9e,
Fixed_Rowwise,4,3,R04_F03,20,Training,COMP-0b765af90e5ebd4c,
Fixed_Rowwise,4,3,R04_F03,21,Training,COMP-0b765af90e5ebd4c,
Fixed_Rowwise,4,3,R04_F03,23,Training,COMP-81f8a3600f73b006,
Fixed_Rowwise,4,3,R04_F03,24,Training,COMP-0b765af90e5ebd4c,
Fixed_Rowwise,4,3,R04_F03,26,Training,COMP-7decbe1f0284bd78,
Fixed_Rowwise,4,3,R04_F03,27,Training,COMP-73d52e7a36d559a9,
Fixed_Rowwise,4,3,R04_F03,32,Training,COMP-81f8a3600f73b006,
Fixed_Rowwise,4,3,R04_F03,35,Training,COMP-a87a2533a652007c,
Fixed_Rowwise,4,3,R04_F03,36,Training,COMP-87a7ec252c82f56c,
Fixed_Rowwise,4,3,R04_F03,37,Training,COMP-f6d84b53636ddfbe,
Fixed_Rowwise,4,3,R04_F03,40,Training,COMP-1af7d3f3b3b924e5,
Fixed_Rowwise,4,3,R04_F03,41,Training,COMP-1af7d3f3b3b924e5,
Fixed_Rowwise,4,3,R04_F03,43,Training,COMP-9b0e3106e10f71db,
Fixed_Rowwise,4,3,R04_F03,44,Training,COMP-0d7ce00a50a6a24f,
Fixed_Rowwise,4,3,R04_F03,45,Training,COMP-59ce4655e65cf94a,
Fixed_Rowwise,4,3,R04_F03,47,Training,COMP-e295ac85ac1ada41,
Fixed_Rowwise,4,3,R04_F03,49,Training,COMP-92ece298f11712f0,
Fixed_Rowwise,4,3,R04_F03,52,Training,COMP-06f5d2a767a65349,
Fixed_Rowwise,4,3,R04_F03,53,Training,COMP-06f5d2a767a65349,
Fixed_Rowwise,4,3,R04_F03,54,Training,COMP-ea1f0dc96a173899,
Fixed_Rowwise,4,3,R04_F03,60,Training,COMP-3f22c6642a7a1344,
Fixed_Rowwise,4,3,R04_F03,61,Training,COMP-3f22c6642a7a1344,
Fixed_Rowwise,4,3,R04_F03,62,Training,COMP-21d126c9d34df073,
Fixed_Rowwise,4,3,R04_F03,64,Training,COMP-3157f0dc71f862ff,
Fixed_Rowwise,4,3,R04_F03,65,Training,COMP-7c0b488137fafb3b,
Fixed_Rowwise,4,3,R04_F03,66,Training,COMP-b8df58296dba2095,
Fixed_Rowwise,4,3,R04_F03,67,Training,COMP-49d8e1edbf1c2fbd,
Fixed_Rowwise,4,3,R04_F03,68,Training,COMP-21d126c9d34df073,
Fixed_Rowwise,4,3,R04_F03,69,Training,COMP-8cee7ef8867afd2d,
Fixed_Rowwise,4,3,R04_F03,74,Training,COMP-f9a00d6d8411a0d1,
Fixed_Rowwise,4,3,R04_F03,80,Training,COMP-a14831ff30c0b14d,
Fixed_Rowwise,4,3,R04_F03,83,Training,COMP-e913f917a7e36868,
Fixed_Rowwise,4,3,R04_F03,84,Training,COMP-a14831ff30c0b14d,
Fixed_Rowwise,4,3,R04_F03,85,Training,COMP-e913f917a7e36868,
Fixed_Rowwise,4,3,R04_F03,86,Training,COMP-ea2a626c3522e4a5,
Fixed_Rowwise,4,3,R04_F03,87,Training,COMP-a14831ff30c0b14d,
Fixed_Rowwise,4,3,R04_F03,88,Training,COMP-ea2a626c3522e4a5,
Fixed_Rowwise,4,3,R04_F03,94,Training,COMP-ea2a626c3522e4a5,
Fixed_Rowwise,4,3,R04_F03,95,Training,COMP-ea2a626c3522e4a5,
Fixed_Rowwise,4,3,R04_F03,96,Training,COMP-ea2a626c3522e4a5,
Fixed_Rowwise,4,3,R04_F03,98,Training,COMP-e913f917a7e36868,
Fixed_Rowwise,4,3,R04_F03,99,Training,COMP-ea2a626c3522e4a5,
Fixed_Rowwise,4,3,R04_F03,102,Training,COMP-435a8f4ba56d8b5d,
Fixed_Rowwise,4,3,R04_F03,104,Training,COMP-435a8f4ba56d8b5d,
Fixed_Rowwise,4,3,R04_F03,106,Training,COMP-435a8f4ba56d8b5d,
Fixed_Rowwise,4,3,R04_F03,107,Training,COMP-384273ac244080b1,
Fixed_Rowwise,4,3,R04_F03,110,Training,COMP-c1d72bb5d7d164b0,
Fixed_Rowwise,4,3,R04_F03,111,Training,COMP-c1d72bb5d7d164b0,
Fixed_Rowwise,4,3,R04_F03,112,Training,COMP-c1d72bb5d7d164b0,
Fixed_Rowwise,4,3,R04_F03,114,Training,COMP-6360354242bed7fe,
Fixed_Rowwise,4,3,R04_F03,115,Training,COMP-15c7378d46cadefa,
Fixed_Rowwise,4,3,R04_F03,118,Training,COMP-8bbe9ce01fb6a2d3,
Fixed_Rowwise,4,3,R04_F03,121,Training,COMP-b2e9edd7bc55d085,
Fixed_Rowwise,4,3,R04_F03,122,Training,COMP-b2e9edd7bc55d085,
Fixed_Rowwise,4,3,R04_F03,123,Training,COMP-0ee2ef468faff8db,
Fixed_Rowwise,4,3,R04_F03,126,Training,COMP-5502f8bc72167a0b,
Fixed_Rowwise,4,3,R04_F03,127,Training,COMP-5502f8bc72167a0b,
Fixed_Rowwise,4,3,R04_F03,130,Training,COMP-89919c53d3149a2d,
Fixed_Rowwise,4,3,R04_F03,133,Training,COMP-89919c53d3149a2d,
Fixed_Rowwise,4,3,R04_F03,135,Training,COMP-89919c53d3149a2d,
Fixed_Rowwise,4,3,R04_F03,138,Training,COMP-89919c53d3149a2d,
Fixed_Rowwise,4,3,R04_F03,139,Training,COMP-89919c53d3149a2d,
Fixed_Rowwise,4,3,R04_F03,141,Training,COMP-89919c53d3149a2d,
Fixed_Rowwise,4,3,R04_F03,142,Training,COMP-89919c53d3149a2d,
Fixed_Rowwise,4,3,R04_F03,143,Training,COMP-89919c53d3149a2d,
Fixed_Rowwise,4,3,R04_F03,144,Training,COMP-89919c53d3149a2d,
Fixed_Rowwise,4,3,R04_F03,145,Training,COMP-89919c53d3149a2d,
Fixed_Rowwise,4,3,R04_F03,146,Training,COMP-266a388f7afdbe91,
Fixed_Rowwise,4,3,R04_F03,147,Training,COMP-055230aabe7d502c,
Fixed_Rowwise,4,3,R04_F03,148,Training,COMP-150ce51691dfb5f9,
Fixed_Rowwise,4,3,R04_F03,149,Training,COMP-266a388f7afdbe91,
Fixed_Rowwise,4,3,R04_F03,152,Training,COMP-055230aabe7d502c,
Fixed_Rowwise,4,3,R04_F03,154,Training,COMP-150ce51691dfb5f9,
Fixed_Rowwise,4,3,R04_F03,156,Training,COMP-941f92def7f50542,
Fixed_Rowwise,4,3,R04_F03,157,Training,COMP-ddfcf6030a718a0c,
Fixed_Rowwise,4,3,R04_F03,159,Training,COMP-0346738121cb655e,
Fixed_Rowwise,4,3,R04_F03,160,Training,COMP-0346738121cb655e,
Fixed_Rowwise,4,3,R04_F03,161,Training,COMP-eacd4f126ab29a30,
Fixed_Rowwise,4,3,R04_F03,162,Training,COMP-ddfcf6030a718a0c,
Fixed_Rowwise,4,3,R04_F03,163,Training,COMP-b2e9edd7bc55d085,
Fixed_Rowwise,4,3,R04_F03,164,Training,COMP-941f92def7f50542,
Fixed_Rowwise,4,3,R04_F03,167,Training,COMP-eacd4f126ab29a30,
Fixed_Rowwise,4,3,R04_F03,168,Training,COMP-92ed17371ff559b6,
Fixed_Rowwise,4,3,R04_F03,169,Training,COMP-92ed17371ff559b6,
Fixed_Rowwise,4,3,R04_F03,172,Training,COMP-92ed17371ff559b6,
Fixed_Rowwise,4,3,R04_F03,174,Training,COMP-a35a20d65351aafe,
Fixed_Rowwise,4,3,R04_F03,175,Training,COMP-b72f6533b137a4f6,
Fixed_Rowwise,4,3,R04_F03,176,Training,COMP-5479c448b954c055,
Fixed_Rowwise,4,3,R04_F03,177,Training,COMP-5479c448b954c055,
Fixed_Rowwise,4,3,R04_F03,178,Training,COMP-b9abc443805301b1,
Fixed_Rowwise,4,3,R04_F03,182,Training,COMP-630f3050f45faf36,
Fixed_Rowwise,4,3,R04_F03,183,Training,COMP-630f3050f45faf36,
Fixed_Rowwise,4,3,R04_F03,184,Training,COMP-0966c0019ec07f39,
Fixed_Rowwise,4,3,R04_F03,186,Training,COMP-0966c0019ec07f39,
Fixed_Rowwise,4,3,R04_F03,187,Training,COMP-a7670bf71188b1d6,
Fixed_Rowwise,4,3,R04_F03,188,Training,COMP-a7670bf71188b1d6,
Fixed_Rowwise,4,3,R04_F03,193,Training,COMP-889d7d6c6dbf5b76,
Fixed_Rowwise,4,3,R04_F03,194,Training,COMP-445f55453794f59c,
Fixed_Rowwise,4,3,R04_F03,197,Training,COMP-880bd22028629a8e,
Fixed_Rowwise,4,3,R04_F03,199,Training,COMP-6525c735bb50fb1c,
Fixed_Rowwise,4,3,R04_F03,200,Training,COMP-b878df279a448475,
Fixed_Rowwise,4,3,R04_F03,201,Training,COMP-05480af3b167ab05,
Fixed_Rowwise,4,3,R04_F03,207,Training,COMP-948abb1ebd270642,
Fixed_Rowwise,4,3,R04_F03,214,Training,COMP-35e38ea13dc05b9e,
Fixed_Rowwise,4,3,R04_F03,216,Training,COMP-4a76c05754ee1efa,
Fixed_Rowwise,4,3,R04_F03,219,Training,COMP-eae7689b221fd7f8,
Fixed_Rowwise,4,3,R04_F03,221,Training,COMP-20d1e620c817cb5a,
Fixed_Rowwise,4,3,R04_F03,224,Training,COMP-93900d7c81c38cdd,
Fixed_Rowwise,4,3,R04_F03,225,Training,COMP-289a02a6b94655b9,
Fixed_Rowwise,4,3,R04_F03,226,Training,COMP-93900d7c81c38cdd,
Fixed_Rowwise,4,3,R04_F03,229,Training,COMP-2753cd2e053c8c98,
Fixed_Rowwise,4,3,R04_F03,230,Training,COMP-0107563adaed8d01,
Fixed_Rowwise,4,3,R04_F03,231,Training,COMP-0e256dc7494452a7,
Fixed_Rowwise,4,3,R04_F03,233,Training,COMP-e60cc4ecffe6b7df,
Fixed_Rowwise,4,3,R04_F03,236,Training,COMP-44fea4804e888e0a,
Fixed_Rowwise,4,3,R04_F03,237,Training,COMP-4ef2bcae5243588c,
Fixed_Rowwise,4,3,R04_F03,239,Training,COMP-0b765af90e5ebd4c,
Fixed_Rowwise,4,3,R04_F03,240,Training,COMP-0b765af90e5ebd4c,
Fixed_Rowwise,4,3,R04_F03,241,Training,COMP-631a18a4a6b20c0c,
Fixed_Rowwise,4,3,R04_F03,242,Training,COMP-631a18a4a6b20c0c,
Fixed_Rowwise,4,3,R04_F03,243,Training,COMP-b0cc51380afea02b,
Fixed_Rowwise,4,3,R04_F03,246,Training,COMP-1fc9679353325516,
Fixed_Rowwise,4,3,R04_F03,247,Training,COMP-e295ac85ac1ada41,
Fixed_Rowwise,4,3,R04_F03,252,Training,COMP-725d39a40881dc4b,
Fixed_Rowwise,4,3,R04_F03,253,Training,COMP-725d39a40881dc4b,
Fixed_Rowwise,4,3,R04_F03,255,Training,COMP-95a56990f4bea8a9,
Fixed_Rowwise,4,3,R04_F03,258,Training,COMP-95a56990f4bea8a9,
Fixed_Rowwise,4,3,R04_F03,259,Training,COMP-95a56990f4bea8a9,
Fixed_Rowwise,4,3,R04_F03,260,Training,COMP-95a56990f4bea8a9,
Fixed_Rowwise,4,3,R04_F03,263,Training,COMP-95a56990f4bea8a9,
Fixed_Rowwise,4,3,R04_F03,266,Training,COMP-95a56990f4bea8a9,
Fixed_Rowwise,4,3,R04_F03,271,Training,COMP-95a56990f4bea8a9,
Fixed_Rowwise,4,3,R04_F03,272,Training,COMP-95a56990f4bea8a9,
Fixed_Rowwise,4,3,R04_F03,282,Training,COMP-95a56990f4bea8a9,
Fixed_Rowwise,4,3,R04_F03,283,Training,COMP-95a56990f4bea8a9,
Fixed_Rowwise,4,3,R04_F03,285,Training,COMP-95a56990f4bea8a9,
Fixed_Rowwise,4,3,R04_F03,286,Training,COMP-478c9f483894c42c,
Fixed_Rowwise,4,3,R04_F03,295,Training,COMP-478c9f483894c42c,
Fixed_Rowwise,4,3,R04_F03,296,Training,COMP-478c9f483894c42c,
Fixed_Rowwise,4,3,R04_F03,300,Training,COMP-478c9f483894c42c,
Fixed_Rowwise,4,3,R04_F03,303,Training,COMP-478c9f483894c42c,
Fixed_Rowwise,4,3,R04_F03,306,Training,COMP-478c9f483894c42c,
Fixed_Rowwise,4,3,R04_F03,307,Training,COMP-478c9f483894c42c,
Fixed_Rowwise,4,3,R04_F03,309,Training,COMP-478c9f483894c42c,
Fixed_Rowwise,4,3,R04_F03,310,Training,COMP-478c9f483894c42c,
Fixed_Rowwise,4,3,R04_F03,311,Training,COMP-478c9f483894c42c,
Fixed_Rowwise,4,3,R04_F03,313,Training,COMP-478c9f483894c42c,
Fixed_Rowwise,4,3,R04_F03,315,Training,COMP-478c9f483894c42c,
Fixed_Rowwise,4,3,R04_F03,320,Training,COMP-dbc0864492ec7b98,
Fixed_Rowwise,4,3,R04_F03,321,Training,COMP-dbc0864492ec7b98,
Fixed_Rowwise,4,3,R04_F03,322,Training,COMP-dbc0864492ec7b98,
Fixed_Rowwise,4,3,R04_F03,323,Training,COMP-dbc0864492ec7b98,
Fixed_Rowwise,4,3,R04_F03,324,Training,COMP-dbc0864492ec7b98,
Fixed_Rowwise,4,3,R04_F03,325,Training,COMP-dbc0864492ec7b98,
Fixed_Rowwise,4,3,R04_F03,326,Training,COMP-dbc0864492ec7b98,
Fixed_Rowwise,4,3,R04_F03,327,Training,COMP-dbc0864492ec7b98,
Fixed_Rowwise,4,3,R04_F03,328,Training,COMP-dbc0864492ec7b98,
Fixed_Rowwise,4,3,R04_F03,331,Training,COMP-dbc0864492ec7b98,
Fixed_Rowwise,4,3,R04_F03,333,Training,COMP-dbc0864492ec7b98,
Fixed_Rowwise,4,3,R04_F03,334,Training,COMP-dbc0864492ec7b98,
Fixed_Rowwise,4,3,R04_F03,337,Training,COMP-06072d2dd3b021af,
Fixed_Rowwise,4,3,R04_F03,339,Training,COMP-06072d2dd3b021af,
Fixed_Rowwise,4,3,R04_F03,341,Training,COMP-221944a235b3f36b,
Fixed_Rowwise,4,3,R04_F03,342,Training,COMP-221944a235b3f36b,
Fixed_Rowwise,4,3,R04_F03,344,Training,COMP-e1e52574fbb04f58,
Fixed_Rowwise,4,3,R04_F03,345,Training,COMP-e1e52574fbb04f58,
Fixed_Rowwise,4,3,R04_F03,347,Training,COMP-e1e52574fbb04f58,
Fixed_Rowwise,4,3,R04_F03,348,Training,COMP-30cef922979fb9fd,
Fixed_Rowwise,4,3,R04_F03,349,Training,COMP-30cef922979fb9fd,
Fixed_Rowwise,4,3,R04_F03,352,Training,COMP-30cef922979fb9fd,
Fixed_Rowwise,4,3,R04_F03,354,Training,COMP-59f47d6774b9fdfb,
Fixed_Rowwise,4,3,R04_F03,356,Training,COMP-59f47d6774b9fdfb,
Fixed_Rowwise,4,3,R04_F03,358,Training,COMP-59f47d6774b9fdfb,
Fixed_Rowwise,4,3,R04_F03,360,Training,COMP-0765adc8c505dd3b,
Fixed_Rowwise,4,3,R04_F03,363,Training,COMP-0765adc8c505dd3b,
Fixed_Rowwise,4,3,R04_F03,365,Training,COMP-e1e52574fbb04f58,
Fixed_Rowwise,4,3,R04_F03,369,Training,COMP-6f2ca218fbd1923b,
Fixed_Rowwise,4,3,R04_F03,372,Training,COMP-6f2ca218fbd1923b,
Fixed_Rowwise,4,3,R04_F03,375,Training,COMP-6f2ca218fbd1923b,
Fixed_Rowwise,4,3,R04_F03,376,Training,COMP-6f2ca218fbd1923b,
Fixed_Rowwise,4,3,R04_F03,381,Training,COMP-6f2ca218fbd1923b,
Fixed_Rowwise,4,3,R04_F03,382,Training,COMP-6f2ca218fbd1923b,
Fixed_Rowwise,4,3,R04_F03,384,Training,COMP-6f2ca218fbd1923b,
Fixed_Rowwise,4,3,R04_F03,386,Training,COMP-6f2ca218fbd1923b,
Fixed_Rowwise,4,3,R04_F03,387,Training,COMP-6f2ca218fbd1923b,
Fixed_Rowwise,4,3,R04_F03,391,Training,COMP-6f2ca218fbd1923b,
Fixed_Rowwise,4,3,R04_F03,395,Training,COMP-6f2ca218fbd1923b,
Fixed_Rowwise,4,3,R04_F03,404,Training,COMP-6f2ca218fbd1923b,
Fixed_Rowwise,4,3,R04_F03,405,Training,COMP-6f2ca218fbd1923b,
Fixed_Rowwise,4,3,R04_F03,406,Training,COMP-7fb1fecc93ced403,
Fixed_Rowwise,4,3,R04_F03,408,Training,COMP-7fb1fecc93ced403,
Fixed_Rowwise,4,3,R04_F03,413,Training,COMP-a85acb2f2da0216b,
Fixed_Rowwise,4,3,R04_F03,422,Training,COMP-edeedccfd8f07e13,
Fixed_Rowwise,4,3,R04_F03,424,Training,COMP-f9d9cbed014e8b80,
Fixed_Rowwise,4,3,R04_F03,425,Training,COMP-f9d9cbed014e8b80,
Fixed_Rowwise,4,3,R04_F03,427,Training,COMP-f9d9cbed014e8b80,
Fixed_Rowwise,4,3,R04_F03,429,Training,COMP-f9d9cbed014e8b80,
Fixed_Rowwise,4,3,R04_F03,431,Training,COMP-f9d9cbed014e8b80,
Fixed_Rowwise,4,3,R04_F03,432,Training,COMP-f9d9cbed014e8b80,
Fixed_Rowwise,4,3,R04_F03,434,Training,COMP-f9d9cbed014e8b80,
Fixed_Rowwise,4,3,R04_F03,438,Training,COMP-f9d9cbed014e8b80,
Fixed_Rowwise,4,3,R04_F03,440,Training,COMP-f9d9cbed014e8b80,
Fixed_Rowwise,4,3,R04_F03,444,Training,COMP-f9d9cbed014e8b80,
Fixed_Rowwise,4,3,R04_F03,445,Training,COMP-f9d9cbed014e8b80,
Fixed_Rowwise,4,3,R04_F03,449,Training,COMP-f9d9cbed014e8b80,
Fixed_Rowwise,4,3,R04_F03,451,Training,COMP-f9d9cbed014e8b80,
Fixed_Rowwise,4,3,R04_F03,5,Validation,COMP-8e1fe5f59d3c7565,
Fixed_Rowwise,4,3,R04_F03,7,Validation,COMP-725d39a40881dc4b,
Fixed_Rowwise,4,3,R04_F03,28,Validation,COMP-3632fb12e94bc35a,
Fixed_Rowwise,4,3,R04_F03,29,Validation,COMP-773f99d6dc417f9e,
Fixed_Rowwise,4,3,R04_F03,48,Validation,COMP-b611e8d56579c910,
Fixed_Rowwise,4,3,R04_F03,51,Validation,COMP-dbc0864492ec7b98,
Fixed_Rowwise,4,3,R04_F03,63,Validation,COMP-21d126c9d34df073,
Fixed_Rowwise,4,3,R04_F03,92,Validation,COMP-ea2a626c3522e4a5,
Fixed_Rowwise,4,3,R04_F03,97,Validation,COMP-a14831ff30c0b14d,
Fixed_Rowwise,4,3,R04_F03,100,Validation,COMP-ea2a626c3522e4a5,
Fixed_Rowwise,4,3,R04_F03,103,Validation,COMP-435a8f4ba56d8b5d,
Fixed_Rowwise,4,3,R04_F03,105,Validation,COMP-435a8f4ba56d8b5d,
Fixed_Rowwise,4,3,R04_F03,120,Validation,COMP-8bbe9ce01fb6a2d3,
Fixed_Rowwise,4,3,R04_F03,125,Validation,COMP-0ee2ef468faff8db,
Fixed_Rowwise,4,3,R04_F03,134,Validation,COMP-89919c53d3149a2d,
Fixed_Rowwise,4,3,R04_F03,150,Validation,COMP-055230aabe7d502c,
Fixed_Rowwise,4,3,R04_F03,173,Validation,COMP-0d41a2cf75110ad6,
Fixed_Rowwise,4,3,R04_F03,181,Validation,COMP-69c6ecd7284d3b47,
Fixed_Rowwise,4,3,R04_F03,202,Validation,COMP-598bc18a3ba07a9e,
Fixed_Rowwise,4,3,R04_F03,205,Validation,COMP-d8a14990923ce9f7,
Fixed_Rowwise,4,3,R04_F03,210,Validation,COMP-d7494ade7e8dd694,
Fixed_Rowwise,4,3,R04_F03,211,Validation,COMP-b775405901636085,
Fixed_Rowwise,4,3,R04_F03,215,Validation,COMP-6b4f0394292930ba,
Fixed_Rowwise,4,3,R04_F03,228,Validation,COMP-46e30c1bd5e987da,
Fixed_Rowwise,4,3,R04_F03,232,Validation,COMP-0e256dc7494452a7,
Fixed_Rowwise,4,3,R04_F03,235,Validation,COMP-091a20b5a1dfb76f,
Fixed_Rowwise,4,3,R04_F03,238,Validation,COMP-fc5c3e46d2655b62,
Fixed_Rowwise,4,3,R04_F03,249,Validation,COMP-e295ac85ac1ada41,
Fixed_Rowwise,4,3,R04_F03,251,Validation,COMP-dd1e9c4c0f247912,
Fixed_Rowwise,4,3,R04_F03,256,Validation,COMP-95a56990f4bea8a9,
Fixed_Rowwise,4,3,R04_F03,257,Validation,COMP-95a56990f4bea8a9,
Fixed_Rowwise,4,3,R04_F03,268,Validation,COMP-95a56990f4bea8a9,
Fixed_Rowwise,4,3,R04_F03,273,Validation,COMP-95a56990f4bea8a9,
Fixed_Rowwise,4,3,R04_F03,288,Validation,COMP-478c9f483894c42c,
Fixed_Rowwise,4,3,R04_F03,292,Validation,COMP-478c9f483894c42c,
Fixed_Rowwise,4,3,R04_F03,316,Validation,COMP-478c9f483894c42c,
Fixed_Rowwise,4,3,R04_F03,350,Validation,COMP-30cef922979fb9fd,
Fixed_Rowwise,4,3,R04_F03,351,Validation,COMP-30cef922979fb9fd,
Fixed_Rowwise,4,3,R04_F03,364,Validation,COMP-0765adc8c505dd3b,
Fixed_Rowwise,4,3,R04_F03,371,Validation,COMP-6f2ca218fbd1923b,
Fixed_Rowwise,4,3,R04_F03,378,Validation,COMP-6f2ca218fbd1923b,
Fixed_Rowwise,4,3,R04_F03,380,Validation,COMP-6f2ca218fbd1923b,
Fixed_Rowwise,4,3,R04_F03,388,Validation,COMP-6f2ca218fbd1923b,
Fixed_Rowwise,4,3,R04_F03,389,Validation,COMP-6f2ca218fbd1923b,
Fixed_Rowwise,4,3,R04_F03,393,Validation,COMP-6f2ca218fbd1923b,
Fixed_Rowwise,4,3,R04_F03,399,Validation,COMP-6f2ca218fbd1923b,
Fixed_Rowwise,4,3,R04_F03,402,Validation,COMP-6f2ca218fbd1923b,
Fixed_Rowwise,4,3,R04_F03,414,Validation,COMP-a85acb2f2da0216b,
Fixed_Rowwise,4,3,R04_F03,415,Validation,COMP-a85acb2f2da0216b,
Fixed_Rowwise,4,3,R04_F03,418,Validation,COMP-a85acb2f2da0216b,
Fixed_Rowwise,4,3,R04_F03,421,Validation,COMP-edeedccfd8f07e13,
Fixed_Rowwise,4,3,R04_F03,441,Validation,COMP-f9d9cbed014e8b80,
Fixed_Rowwise,4,3,R04_F03,448,Validation,COMP-f9d9cbed014e8b80,
Fixed_Rowwise,4,3,R04_F03,450,Validation,COMP-f9d9cbed014e8b80,
Fixed_Rowwise,4,4,R04_F04,1,Training,COMP-27021c945dc6ef2d,
Fixed_Rowwise,4,4,R04_F04,3,Training,COMP-725d39a40881dc4b,
Fixed_Rowwise,4,4,R04_F04,5,Training,COMP-8e1fe5f59d3c7565,
Fixed_Rowwise,4,4,R04_F04,6,Training,COMP-27021c945dc6ef2d,
Fixed_Rowwise,4,4,R04_F04,7,Training,COMP-725d39a40881dc4b,
Fixed_Rowwise,4,4,R04_F04,10,Training,COMP-725d39a40881dc4b,
Fixed_Rowwise,4,4,R04_F04,12,Training,COMP-725d39a40881dc4b,
Fixed_Rowwise,4,4,R04_F04,13,Training,COMP-27021c945dc6ef2d,
Fixed_Rowwise,4,4,R04_F04,14,Training,COMP-609dfbaf681359b8,
Fixed_Rowwise,4,4,R04_F04,17,Training,COMP-773f99d6dc417f9e,
Fixed_Rowwise,4,4,R04_F04,24,Training,COMP-0b765af90e5ebd4c,
Fixed_Rowwise,4,4,R04_F04,28,Training,COMP-3632fb12e94bc35a,
Fixed_Rowwise,4,4,R04_F04,29,Training,COMP-773f99d6dc417f9e,
Fixed_Rowwise,4,4,R04_F04,32,Training,COMP-81f8a3600f73b006,
Fixed_Rowwise,4,4,R04_F04,35,Training,COMP-a87a2533a652007c,
Fixed_Rowwise,4,4,R04_F04,36,Training,COMP-87a7ec252c82f56c,
Fixed_Rowwise,4,4,R04_F04,37,Training,COMP-f6d84b53636ddfbe,
Fixed_Rowwise,4,4,R04_F04,41,Training,COMP-1af7d3f3b3b924e5,
Fixed_Rowwise,4,4,R04_F04,43,Training,COMP-9b0e3106e10f71db,
Fixed_Rowwise,4,4,R04_F04,45,Training,COMP-59ce4655e65cf94a,
Fixed_Rowwise,4,4,R04_F04,47,Training,COMP-e295ac85ac1ada41,
Fixed_Rowwise,4,4,R04_F04,48,Training,COMP-b611e8d56579c910,
Fixed_Rowwise,4,4,R04_F04,49,Training,COMP-92ece298f11712f0,
Fixed_Rowwise,4,4,R04_F04,51,Training,COMP-dbc0864492ec7b98,
Fixed_Rowwise,4,4,R04_F04,52,Training,COMP-06f5d2a767a65349,
Fixed_Rowwise,4,4,R04_F04,53,Training,COMP-06f5d2a767a65349,
Fixed_Rowwise,4,4,R04_F04,54,Training,COMP-ea1f0dc96a173899,
Fixed_Rowwise,4,4,R04_F04,60,Training,COMP-3f22c6642a7a1344,
Fixed_Rowwise,4,4,R04_F04,63,Training,COMP-21d126c9d34df073,
Fixed_Rowwise,4,4,R04_F04,64,Training,COMP-3157f0dc71f862ff,
Fixed_Rowwise,4,4,R04_F04,66,Training,COMP-b8df58296dba2095,
Fixed_Rowwise,4,4,R04_F04,68,Training,COMP-21d126c9d34df073,
Fixed_Rowwise,4,4,R04_F04,69,Training,COMP-8cee7ef8867afd2d,
Fixed_Rowwise,4,4,R04_F04,74,Training,COMP-f9a00d6d8411a0d1,
Fixed_Rowwise,4,4,R04_F04,80,Training,COMP-a14831ff30c0b14d,
Fixed_Rowwise,4,4,R04_F04,83,Training,COMP-e913f917a7e36868,
Fixed_Rowwise,4,4,R04_F04,84,Training,COMP-a14831ff30c0b14d,
Fixed_Rowwise,4,4,R04_F04,85,Training,COMP-e913f917a7e36868,
Fixed_Rowwise,4,4,R04_F04,86,Training,COMP-ea2a626c3522e4a5,
Fixed_Rowwise,4,4,R04_F04,87,Training,COMP-a14831ff30c0b14d,
Fixed_Rowwise,4,4,R04_F04,88,Training,COMP-ea2a626c3522e4a5,
Fixed_Rowwise,4,4,R04_F04,92,Training,COMP-ea2a626c3522e4a5,
Fixed_Rowwise,4,4,R04_F04,94,Training,COMP-ea2a626c3522e4a5,
Fixed_Rowwise,4,4,R04_F04,95,Training,COMP-ea2a626c3522e4a5,
Fixed_Rowwise,4,4,R04_F04,96,Training,COMP-ea2a626c3522e4a5,
Fixed_Rowwise,4,4,R04_F04,97,Training,COMP-a14831ff30c0b14d,
Fixed_Rowwise,4,4,R04_F04,98,Training,COMP-e913f917a7e36868,
Fixed_Rowwise,4,4,R04_F04,99,Training,COMP-ea2a626c3522e4a5,
Fixed_Rowwise,4,4,R04_F04,100,Training,COMP-ea2a626c3522e4a5,
Fixed_Rowwise,4,4,R04_F04,102,Training,COMP-435a8f4ba56d8b5d,
Fixed_Rowwise,4,4,R04_F04,103,Training,COMP-435a8f4ba56d8b5d,
Fixed_Rowwise,4,4,R04_F04,104,Training,COMP-435a8f4ba56d8b5d,
Fixed_Rowwise,4,4,R04_F04,105,Training,COMP-435a8f4ba56d8b5d,
Fixed_Rowwise,4,4,R04_F04,110,Training,COMP-c1d72bb5d7d164b0,
Fixed_Rowwise,4,4,R04_F04,111,Training,COMP-c1d72bb5d7d164b0,
Fixed_Rowwise,4,4,R04_F04,112,Training,COMP-c1d72bb5d7d164b0,
Fixed_Rowwise,4,4,R04_F04,114,Training,COMP-6360354242bed7fe,
Fixed_Rowwise,4,4,R04_F04,115,Training,COMP-15c7378d46cadefa,
Fixed_Rowwise,4,4,R04_F04,118,Training,COMP-8bbe9ce01fb6a2d3,
Fixed_Rowwise,4,4,R04_F04,120,Training,COMP-8bbe9ce01fb6a2d3,
Fixed_Rowwise,4,4,R04_F04,121,Training,COMP-b2e9edd7bc55d085,
Fixed_Rowwise,4,4,R04_F04,122,Training,COMP-b2e9edd7bc55d085,
Fixed_Rowwise,4,4,R04_F04,123,Training,COMP-0ee2ef468faff8db,
Fixed_Rowwise,4,4,R04_F04,125,Training,COMP-0ee2ef468faff8db,
Fixed_Rowwise,4,4,R04_F04,126,Training,COMP-5502f8bc72167a0b,
Fixed_Rowwise,4,4,R04_F04,127,Training,COMP-5502f8bc72167a0b,
Fixed_Rowwise,4,4,R04_F04,130,Training,COMP-89919c53d3149a2d,
Fixed_Rowwise,4,4,R04_F04,134,Training,COMP-89919c53d3149a2d,
Fixed_Rowwise,4,4,R04_F04,135,Training,COMP-89919c53d3149a2d,
Fixed_Rowwise,4,4,R04_F04,139,Training,COMP-89919c53d3149a2d,
Fixed_Rowwise,4,4,R04_F04,141,Training,COMP-89919c53d3149a2d,
Fixed_Rowwise,4,4,R04_F04,142,Training,COMP-89919c53d3149a2d,
Fixed_Rowwise,4,4,R04_F04,143,Training,COMP-89919c53d3149a2d,
Fixed_Rowwise,4,4,R04_F04,144,Training,COMP-89919c53d3149a2d,
Fixed_Rowwise,4,4,R04_F04,145,Training,COMP-89919c53d3149a2d,
Fixed_Rowwise,4,4,R04_F04,146,Training,COMP-266a388f7afdbe91,
Fixed_Rowwise,4,4,R04_F04,147,Training,COMP-055230aabe7d502c,
Fixed_Rowwise,4,4,R04_F04,148,Training,COMP-150ce51691dfb5f9,
Fixed_Rowwise,4,4,R04_F04,149,Training,COMP-266a388f7afdbe91,
Fixed_Rowwise,4,4,R04_F04,150,Training,COMP-055230aabe7d502c,
Fixed_Rowwise,4,4,R04_F04,152,Training,COMP-055230aabe7d502c,
Fixed_Rowwise,4,4,R04_F04,156,Training,COMP-941f92def7f50542,
Fixed_Rowwise,4,4,R04_F04,159,Training,COMP-0346738121cb655e,
Fixed_Rowwise,4,4,R04_F04,160,Training,COMP-0346738121cb655e,
Fixed_Rowwise,4,4,R04_F04,161,Training,COMP-eacd4f126ab29a30,
Fixed_Rowwise,4,4,R04_F04,162,Training,COMP-ddfcf6030a718a0c,
Fixed_Rowwise,4,4,R04_F04,163,Training,COMP-b2e9edd7bc55d085,
Fixed_Rowwise,4,4,R04_F04,164,Training,COMP-941f92def7f50542,
Fixed_Rowwise,4,4,R04_F04,167,Training,COMP-eacd4f126ab29a30,
Fixed_Rowwise,4,4,R04_F04,169,Training,COMP-92ed17371ff559b6,
Fixed_Rowwise,4,4,R04_F04,172,Training,COMP-92ed17371ff559b6,
Fixed_Rowwise,4,4,R04_F04,173,Training,COMP-0d41a2cf75110ad6,
Fixed_Rowwise,4,4,R04_F04,175,Training,COMP-b72f6533b137a4f6,
Fixed_Rowwise,4,4,R04_F04,177,Training,COMP-5479c448b954c055,
Fixed_Rowwise,4,4,R04_F04,178,Training,COMP-b9abc443805301b1,
Fixed_Rowwise,4,4,R04_F04,181,Training,COMP-69c6ecd7284d3b47,
Fixed_Rowwise,4,4,R04_F04,183,Training,COMP-630f3050f45faf36,
Fixed_Rowwise,4,4,R04_F04,184,Training,COMP-0966c0019ec07f39,
Fixed_Rowwise,4,4,R04_F04,186,Training,COMP-0966c0019ec07f39,
Fixed_Rowwise,4,4,R04_F04,187,Training,COMP-a7670bf71188b1d6,
Fixed_Rowwise,4,4,R04_F04,188,Training,COMP-a7670bf71188b1d6,
Fixed_Rowwise,4,4,R04_F04,193,Training,COMP-889d7d6c6dbf5b76,
Fixed_Rowwise,4,4,R04_F04,199,Training,COMP-6525c735bb50fb1c,
Fixed_Rowwise,4,4,R04_F04,200,Training,COMP-b878df279a448475,
Fixed_Rowwise,4,4,R04_F04,202,Training,COMP-598bc18a3ba07a9e,
Fixed_Rowwise,4,4,R04_F04,205,Training,COMP-d8a14990923ce9f7,
Fixed_Rowwise,4,4,R04_F04,207,Training,COMP-948abb1ebd270642,
Fixed_Rowwise,4,4,R04_F04,210,Training,COMP-d7494ade7e8dd694,
Fixed_Rowwise,4,4,R04_F04,211,Training,COMP-b775405901636085,
Fixed_Rowwise,4,4,R04_F04,214,Training,COMP-35e38ea13dc05b9e,
Fixed_Rowwise,4,4,R04_F04,215,Training,COMP-6b4f0394292930ba,
Fixed_Rowwise,4,4,R04_F04,219,Training,COMP-eae7689b221fd7f8,
Fixed_Rowwise,4,4,R04_F04,221,Training,COMP-20d1e620c817cb5a,
Fixed_Rowwise,4,4,R04_F04,224,Training,COMP-93900d7c81c38cdd,
Fixed_Rowwise,4,4,R04_F04,225,Training,COMP-289a02a6b94655b9,
Fixed_Rowwise,4,4,R04_F04,226,Training,COMP-93900d7c81c38cdd,
Fixed_Rowwise,4,4,R04_F04,228,Training,COMP-46e30c1bd5e987da,
Fixed_Rowwise,4,4,R04_F04,231,Training,COMP-0e256dc7494452a7,
Fixed_Rowwise,4,4,R04_F04,232,Training,COMP-0e256dc7494452a7,
Fixed_Rowwise,4,4,R04_F04,233,Training,COMP-e60cc4ecffe6b7df,
Fixed_Rowwise,4,4,R04_F04,235,Training,COMP-091a20b5a1dfb76f,
Fixed_Rowwise,4,4,R04_F04,236,Training,COMP-44fea4804e888e0a,
Fixed_Rowwise,4,4,R04_F04,237,Training,COMP-4ef2bcae5243588c,
Fixed_Rowwise,4,4,R04_F04,238,Training,COMP-fc5c3e46d2655b62,
Fixed_Rowwise,4,4,R04_F04,240,Training,COMP-0b765af90e5ebd4c,
Fixed_Rowwise,4,4,R04_F04,241,Training,COMP-631a18a4a6b20c0c,
Fixed_Rowwise,4,4,R04_F04,242,Training,COMP-631a18a4a6b20c0c,
Fixed_Rowwise,4,4,R04_F04,243,Training,COMP-b0cc51380afea02b,
Fixed_Rowwise,4,4,R04_F04,246,Training,COMP-1fc9679353325516,
Fixed_Rowwise,4,4,R04_F04,247,Training,COMP-e295ac85ac1ada41,
Fixed_Rowwise,4,4,R04_F04,249,Training,COMP-e295ac85ac1ada41,
Fixed_Rowwise,4,4,R04_F04,251,Training,COMP-dd1e9c4c0f247912,
Fixed_Rowwise,4,4,R04_F04,252,Training,COMP-725d39a40881dc4b,
Fixed_Rowwise,4,4,R04_F04,253,Training,COMP-725d39a40881dc4b,
Fixed_Rowwise,4,4,R04_F04,255,Training,COMP-95a56990f4bea8a9,
Fixed_Rowwise,4,4,R04_F04,256,Training,COMP-95a56990f4bea8a9,
Fixed_Rowwise,4,4,R04_F04,257,Training,COMP-95a56990f4bea8a9,
Fixed_Rowwise,4,4,R04_F04,258,Training,COMP-95a56990f4bea8a9,
Fixed_Rowwise,4,4,R04_F04,259,Training,COMP-95a56990f4bea8a9,
Fixed_Rowwise,4,4,R04_F04,260,Training,COMP-95a56990f4bea8a9,
Fixed_Rowwise,4,4,R04_F04,266,Training,COMP-95a56990f4bea8a9,
Fixed_Rowwise,4,4,R04_F04,268,Training,COMP-95a56990f4bea8a9,
Fixed_Rowwise,4,4,R04_F04,271,Training,COMP-95a56990f4bea8a9,
Fixed_Rowwise,4,4,R04_F04,272,Training,COMP-95a56990f4bea8a9,
Fixed_Rowwise,4,4,R04_F04,273,Training,COMP-95a56990f4bea8a9,
Fixed_Rowwise,4,4,R04_F04,282,Training,COMP-95a56990f4bea8a9,
Fixed_Rowwise,4,4,R04_F04,283,Training,COMP-95a56990f4bea8a9,
Fixed_Rowwise,4,4,R04_F04,285,Training,COMP-95a56990f4bea8a9,
Fixed_Rowwise,4,4,R04_F04,288,Training,COMP-478c9f483894c42c,
Fixed_Rowwise,4,4,R04_F04,292,Training,COMP-478c9f483894c42c,
Fixed_Rowwise,4,4,R04_F04,295,Training,COMP-478c9f483894c42c,
Fixed_Rowwise,4,4,R04_F04,296,Training,COMP-478c9f483894c42c,
Fixed_Rowwise,4,4,R04_F04,303,Training,COMP-478c9f483894c42c,
Fixed_Rowwise,4,4,R04_F04,307,Training,COMP-478c9f483894c42c,
Fixed_Rowwise,4,4,R04_F04,309,Training,COMP-478c9f483894c42c,
Fixed_Rowwise,4,4,R04_F04,310,Training,COMP-478c9f483894c42c,
Fixed_Rowwise,4,4,R04_F04,311,Training,COMP-478c9f483894c42c,
Fixed_Rowwise,4,4,R04_F04,313,Training,COMP-478c9f483894c42c,
Fixed_Rowwise,4,4,R04_F04,315,Training,COMP-478c9f483894c42c,
Fixed_Rowwise,4,4,R04_F04,316,Training,COMP-478c9f483894c42c,
Fixed_Rowwise,4,4,R04_F04,320,Training,COMP-dbc0864492ec7b98,
Fixed_Rowwise,4,4,R04_F04,321,Training,COMP-dbc0864492ec7b98,
Fixed_Rowwise,4,4,R04_F04,322,Training,COMP-dbc0864492ec7b98,
Fixed_Rowwise,4,4,R04_F04,324,Training,COMP-dbc0864492ec7b98,
Fixed_Rowwise,4,4,R04_F04,325,Training,COMP-dbc0864492ec7b98,
Fixed_Rowwise,4,4,R04_F04,326,Training,COMP-dbc0864492ec7b98,
Fixed_Rowwise,4,4,R04_F04,327,Training,COMP-dbc0864492ec7b98,
Fixed_Rowwise,4,4,R04_F04,331,Training,COMP-dbc0864492ec7b98,
Fixed_Rowwise,4,4,R04_F04,333,Training,COMP-dbc0864492ec7b98,
Fixed_Rowwise,4,4,R04_F04,341,Training,COMP-221944a235b3f36b,
Fixed_Rowwise,4,4,R04_F04,342,Training,COMP-221944a235b3f36b,
Fixed_Rowwise,4,4,R04_F04,347,Training,COMP-e1e52574fbb04f58,
Fixed_Rowwise,4,4,R04_F04,348,Training,COMP-30cef922979fb9fd,
Fixed_Rowwise,4,4,R04_F04,350,Training,COMP-30cef922979fb9fd,
Fixed_Rowwise,4,4,R04_F04,351,Training,COMP-30cef922979fb9fd,
Fixed_Rowwise,4,4,R04_F04,352,Training,COMP-30cef922979fb9fd,
Fixed_Rowwise,4,4,R04_F04,354,Training,COMP-59f47d6774b9fdfb,
Fixed_Rowwise,4,4,R04_F04,356,Training,COMP-59f47d6774b9fdfb,
Fixed_Rowwise,4,4,R04_F04,358,Training,COMP-59f47d6774b9fdfb,
Fixed_Rowwise,4,4,R04_F04,360,Training,COMP-0765adc8c505dd3b,
Fixed_Rowwise,4,4,R04_F04,364,Training,COMP-0765adc8c505dd3b,
Fixed_Rowwise,4,4,R04_F04,371,Training,COMP-6f2ca218fbd1923b,
Fixed_Rowwise,4,4,R04_F04,375,Training,COMP-6f2ca218fbd1923b,
Fixed_Rowwise,4,4,R04_F04,376,Training,COMP-6f2ca218fbd1923b,
Fixed_Rowwise,4,4,R04_F04,378,Training,COMP-6f2ca218fbd1923b,
Fixed_Rowwise,4,4,R04_F04,380,Training,COMP-6f2ca218fbd1923b,
Fixed_Rowwise,4,4,R04_F04,381,Training,COMP-6f2ca218fbd1923b,
Fixed_Rowwise,4,4,R04_F04,384,Training,COMP-6f2ca218fbd1923b,
Fixed_Rowwise,4,4,R04_F04,387,Training,COMP-6f2ca218fbd1923b,
Fixed_Rowwise,4,4,R04_F04,388,Training,COMP-6f2ca218fbd1923b,
Fixed_Rowwise,4,4,R04_F04,389,Training,COMP-6f2ca218fbd1923b,
Fixed_Rowwise,4,4,R04_F04,391,Training,COMP-6f2ca218fbd1923b,
Fixed_Rowwise,4,4,R04_F04,393,Training,COMP-6f2ca218fbd1923b,
Fixed_Rowwise,4,4,R04_F04,399,Training,COMP-6f2ca218fbd1923b,
Fixed_Rowwise,4,4,R04_F04,402,Training,COMP-6f2ca218fbd1923b,
Fixed_Rowwise,4,4,R04_F04,404,Training,COMP-6f2ca218fbd1923b,
Fixed_Rowwise,4,4,R04_F04,405,Training,COMP-6f2ca218fbd1923b,
Fixed_Rowwise,4,4,R04_F04,408,Training,COMP-7fb1fecc93ced403,
Fixed_Rowwise,4,4,R04_F04,413,Training,COMP-a85acb2f2da0216b,
Fixed_Rowwise,4,4,R04_F04,414,Training,COMP-a85acb2f2da0216b,
Fixed_Rowwise,4,4,R04_F04,415,Training,COMP-a85acb2f2da0216b,
Fixed_Rowwise,4,4,R04_F04,418,Training,COMP-a85acb2f2da0216b,
Fixed_Rowwise,4,4,R04_F04,421,Training,COMP-edeedccfd8f07e13,
Fixed_Rowwise,4,4,R04_F04,422,Training,COMP-edeedccfd8f07e13,
Fixed_Rowwise,4,4,R04_F04,424,Training,COMP-f9d9cbed014e8b80,
Fixed_Rowwise,4,4,R04_F04,425,Training,COMP-f9d9cbed014e8b80,
Fixed_Rowwise,4,4,R04_F04,427,Training,COMP-f9d9cbed014e8b80,
Fixed_Rowwise,4,4,R04_F04,429,Training,COMP-f9d9cbed014e8b80,
Fixed_Rowwise,4,4,R04_F04,431,Training,COMP-f9d9cbed014e8b80,
Fixed_Rowwise,4,4,R04_F04,434,Training,COMP-f9d9cbed014e8b80,
Fixed_Rowwise,4,4,R04_F04,438,Training,COMP-f9d9cbed014e8b80,
Fixed_Rowwise,4,4,R04_F04,441,Training,COMP-f9d9cbed014e8b80,
Fixed_Rowwise,4,4,R04_F04,444,Training,COMP-f9d9cbed014e8b80,
Fixed_Rowwise,4,4,R04_F04,448,Training,COMP-f9d9cbed014e8b80,
Fixed_Rowwise,4,4,R04_F04,450,Training,COMP-f9d9cbed014e8b80,
Fixed_Rowwise,4,4,R04_F04,451,Training,COMP-f9d9cbed014e8b80,
Fixed_Rowwise,4,4,R04_F04,4,Validation,COMP-862c9c676a6f1012,
Fixed_Rowwise,4,4,R04_F04,8,Validation,COMP-725d39a40881dc4b,
Fixed_Rowwise,4,4,R04_F04,20,Validation,COMP-0b765af90e5ebd4c,
Fixed_Rowwise,4,4,R04_F04,21,Validation,COMP-0b765af90e5ebd4c,
Fixed_Rowwise,4,4,R04_F04,23,Validation,COMP-81f8a3600f73b006,
Fixed_Rowwise,4,4,R04_F04,26,Validation,COMP-7decbe1f0284bd78,
Fixed_Rowwise,4,4,R04_F04,27,Validation,COMP-73d52e7a36d559a9,
Fixed_Rowwise,4,4,R04_F04,40,Validation,COMP-1af7d3f3b3b924e5,
Fixed_Rowwise,4,4,R04_F04,44,Validation,COMP-0d7ce00a50a6a24f,
Fixed_Rowwise,4,4,R04_F04,61,Validation,COMP-3f22c6642a7a1344,
Fixed_Rowwise,4,4,R04_F04,62,Validation,COMP-21d126c9d34df073,
Fixed_Rowwise,4,4,R04_F04,65,Validation,COMP-7c0b488137fafb3b,
Fixed_Rowwise,4,4,R04_F04,67,Validation,COMP-49d8e1edbf1c2fbd,
Fixed_Rowwise,4,4,R04_F04,106,Validation,COMP-435a8f4ba56d8b5d,
Fixed_Rowwise,4,4,R04_F04,107,Validation,COMP-384273ac244080b1,
Fixed_Rowwise,4,4,R04_F04,133,Validation,COMP-89919c53d3149a2d,
Fixed_Rowwise,4,4,R04_F04,138,Validation,COMP-89919c53d3149a2d,
Fixed_Rowwise,4,4,R04_F04,154,Validation,COMP-150ce51691dfb5f9,
Fixed_Rowwise,4,4,R04_F04,157,Validation,COMP-ddfcf6030a718a0c,
Fixed_Rowwise,4,4,R04_F04,168,Validation,COMP-92ed17371ff559b6,
Fixed_Rowwise,4,4,R04_F04,174,Validation,COMP-a35a20d65351aafe,
Fixed_Rowwise,4,4,R04_F04,176,Validation,COMP-5479c448b954c055,
Fixed_Rowwise,4,4,R04_F04,182,Validation,COMP-630f3050f45faf36,
Fixed_Rowwise,4,4,R04_F04,194,Validation,COMP-445f55453794f59c,
Fixed_Rowwise,4,4,R04_F04,197,Validation,COMP-880bd22028629a8e,
Fixed_Rowwise,4,4,R04_F04,201,Validation,COMP-05480af3b167ab05,
Fixed_Rowwise,4,4,R04_F04,216,Validation,COMP-4a76c05754ee1efa,
Fixed_Rowwise,4,4,R04_F04,229,Validation,COMP-2753cd2e053c8c98,
Fixed_Rowwise,4,4,R04_F04,230,Validation,COMP-0107563adaed8d01,
Fixed_Rowwise,4,4,R04_F04,239,Validation,COMP-0b765af90e5ebd4c,
Fixed_Rowwise,4,4,R04_F04,263,Validation,COMP-95a56990f4bea8a9,
Fixed_Rowwise,4,4,R04_F04,286,Validation,COMP-478c9f483894c42c,
Fixed_Rowwise,4,4,R04_F04,300,Validation,COMP-478c9f483894c42c,
Fixed_Rowwise,4,4,R04_F04,306,Validation,COMP-478c9f483894c42c,
Fixed_Rowwise,4,4,R04_F04,323,Validation,COMP-dbc0864492ec7b98,
Fixed_Rowwise,4,4,R04_F04,328,Validation,COMP-dbc0864492ec7b98,
Fixed_Rowwise,4,4,R04_F04,334,Validation,COMP-dbc0864492ec7b98,
Fixed_Rowwise,4,4,R04_F04,337,Validation,COMP-06072d2dd3b021af,
Fixed_Rowwise,4,4,R04_F04,339,Validation,COMP-06072d2dd3b021af,
Fixed_Rowwise,4,4,R04_F04,344,Validation,COMP-e1e52574fbb04f58,
Fixed_Rowwise,4,4,R04_F04,345,Validation,COMP-e1e52574fbb04f58,
Fixed_Rowwise,4,4,R04_F04,349,Validation,COMP-30cef922979fb9fd,
Fixed_Rowwise,4,4,R04_F04,363,Validation,COMP-0765adc8c505dd3b,
Fixed_Rowwise,4,4,R04_F04,365,Validation,COMP-e1e52574fbb04f58,
Fixed_Rowwise,4,4,R04_F04,369,Validation,COMP-6f2ca218fbd1923b,
Fixed_Rowwise,4,4,R04_F04,372,Validation,COMP-6f2ca218fbd1923b,
Fixed_Rowwise,4,4,R04_F04,382,Validation,COMP-6f2ca218fbd1923b,
Fixed_Rowwise,4,4,R04_F04,386,Validation,COMP-6f2ca218fbd1923b,
Fixed_Rowwise,4,4,R04_F04,395,Validation,COMP-6f2ca218fbd1923b,
Fixed_Rowwise,4,4,R04_F04,406,Validation,COMP-7fb1fecc93ced403,
Fixed_Rowwise,4,4,R04_F04,432,Validation,COMP-f9d9cbed014e8b80,
Fixed_Rowwise,4,4,R04_F04,440,Validation,COMP-f9d9cbed014e8b80,
Fixed_Rowwise,4,4,R04_F04,445,Validation,COMP-f9d9cbed014e8b80,
Fixed_Rowwise,4,4,R04_F04,449,Validation,COMP-f9d9cbed014e8b80,
Fixed_Rowwise,4,5,R04_F05,3,Training,COMP-725d39a40881dc4b,
Fixed_Rowwise,4,5,R04_F05,4,Training,COMP-862c9c676a6f1012,
Fixed_Rowwise,4,5,R04_F05,5,Training,COMP-8e1fe5f59d3c7565,
Fixed_Rowwise,4,5,R04_F05,7,Training,COMP-725d39a40881dc4b,
Fixed_Rowwise,4,5,R04_F05,8,Training,COMP-725d39a40881dc4b,
Fixed_Rowwise,4,5,R04_F05,12,Training,COMP-725d39a40881dc4b,
Fixed_Rowwise,4,5,R04_F05,13,Training,COMP-27021c945dc6ef2d,
Fixed_Rowwise,4,5,R04_F05,14,Training,COMP-609dfbaf681359b8,
Fixed_Rowwise,4,5,R04_F05,20,Training,COMP-0b765af90e5ebd4c,
Fixed_Rowwise,4,5,R04_F05,21,Training,COMP-0b765af90e5ebd4c,
Fixed_Rowwise,4,5,R04_F05,23,Training,COMP-81f8a3600f73b006,
Fixed_Rowwise,4,5,R04_F05,24,Training,COMP-0b765af90e5ebd4c,
Fixed_Rowwise,4,5,R04_F05,26,Training,COMP-7decbe1f0284bd78,
Fixed_Rowwise,4,5,R04_F05,27,Training,COMP-73d52e7a36d559a9,
Fixed_Rowwise,4,5,R04_F05,28,Training,COMP-3632fb12e94bc35a,
Fixed_Rowwise,4,5,R04_F05,29,Training,COMP-773f99d6dc417f9e,
Fixed_Rowwise,4,5,R04_F05,36,Training,COMP-87a7ec252c82f56c,
Fixed_Rowwise,4,5,R04_F05,37,Training,COMP-f6d84b53636ddfbe,
Fixed_Rowwise,4,5,R04_F05,40,Training,COMP-1af7d3f3b3b924e5,
Fixed_Rowwise,4,5,R04_F05,43,Training,COMP-9b0e3106e10f71db,
Fixed_Rowwise,4,5,R04_F05,44,Training,COMP-0d7ce00a50a6a24f,
Fixed_Rowwise,4,5,R04_F05,45,Training,COMP-59ce4655e65cf94a,
Fixed_Rowwise,4,5,R04_F05,47,Training,COMP-e295ac85ac1ada41,
Fixed_Rowwise,4,5,R04_F05,48,Training,COMP-b611e8d56579c910,
Fixed_Rowwise,4,5,R04_F05,49,Training,COMP-92ece298f11712f0,
Fixed_Rowwise,4,5,R04_F05,51,Training,COMP-dbc0864492ec7b98,
Fixed_Rowwise,4,5,R04_F05,53,Training,COMP-06f5d2a767a65349,
Fixed_Rowwise,4,5,R04_F05,60,Training,COMP-3f22c6642a7a1344,
Fixed_Rowwise,4,5,R04_F05,61,Training,COMP-3f22c6642a7a1344,
Fixed_Rowwise,4,5,R04_F05,62,Training,COMP-21d126c9d34df073,
Fixed_Rowwise,4,5,R04_F05,63,Training,COMP-21d126c9d34df073,
Fixed_Rowwise,4,5,R04_F05,64,Training,COMP-3157f0dc71f862ff,
Fixed_Rowwise,4,5,R04_F05,65,Training,COMP-7c0b488137fafb3b,
Fixed_Rowwise,4,5,R04_F05,67,Training,COMP-49d8e1edbf1c2fbd,
Fixed_Rowwise,4,5,R04_F05,83,Training,COMP-e913f917a7e36868,
Fixed_Rowwise,4,5,R04_F05,84,Training,COMP-a14831ff30c0b14d,
Fixed_Rowwise,4,5,R04_F05,86,Training,COMP-ea2a626c3522e4a5,
Fixed_Rowwise,4,5,R04_F05,87,Training,COMP-a14831ff30c0b14d,
Fixed_Rowwise,4,5,R04_F05,88,Training,COMP-ea2a626c3522e4a5,
Fixed_Rowwise,4,5,R04_F05,92,Training,COMP-ea2a626c3522e4a5,
Fixed_Rowwise,4,5,R04_F05,95,Training,COMP-ea2a626c3522e4a5,
Fixed_Rowwise,4,5,R04_F05,96,Training,COMP-ea2a626c3522e4a5,
Fixed_Rowwise,4,5,R04_F05,97,Training,COMP-a14831ff30c0b14d,
Fixed_Rowwise,4,5,R04_F05,98,Training,COMP-e913f917a7e36868,
Fixed_Rowwise,4,5,R04_F05,100,Training,COMP-ea2a626c3522e4a5,
Fixed_Rowwise,4,5,R04_F05,103,Training,COMP-435a8f4ba56d8b5d,
Fixed_Rowwise,4,5,R04_F05,104,Training,COMP-435a8f4ba56d8b5d,
Fixed_Rowwise,4,5,R04_F05,105,Training,COMP-435a8f4ba56d8b5d,
Fixed_Rowwise,4,5,R04_F05,106,Training,COMP-435a8f4ba56d8b5d,
Fixed_Rowwise,4,5,R04_F05,107,Training,COMP-384273ac244080b1,
Fixed_Rowwise,4,5,R04_F05,110,Training,COMP-c1d72bb5d7d164b0,
Fixed_Rowwise,4,5,R04_F05,112,Training,COMP-c1d72bb5d7d164b0,
Fixed_Rowwise,4,5,R04_F05,114,Training,COMP-6360354242bed7fe,
Fixed_Rowwise,4,5,R04_F05,118,Training,COMP-8bbe9ce01fb6a2d3,
Fixed_Rowwise,4,5,R04_F05,120,Training,COMP-8bbe9ce01fb6a2d3,
Fixed_Rowwise,4,5,R04_F05,121,Training,COMP-b2e9edd7bc55d085,
Fixed_Rowwise,4,5,R04_F05,122,Training,COMP-b2e9edd7bc55d085,
Fixed_Rowwise,4,5,R04_F05,125,Training,COMP-0ee2ef468faff8db,
Fixed_Rowwise,4,5,R04_F05,126,Training,COMP-5502f8bc72167a0b,
Fixed_Rowwise,4,5,R04_F05,130,Training,COMP-89919c53d3149a2d,
Fixed_Rowwise,4,5,R04_F05,133,Training,COMP-89919c53d3149a2d,
Fixed_Rowwise,4,5,R04_F05,134,Training,COMP-89919c53d3149a2d,
Fixed_Rowwise,4,5,R04_F05,135,Training,COMP-89919c53d3149a2d,
Fixed_Rowwise,4,5,R04_F05,138,Training,COMP-89919c53d3149a2d,
Fixed_Rowwise,4,5,R04_F05,139,Training,COMP-89919c53d3149a2d,
Fixed_Rowwise,4,5,R04_F05,141,Training,COMP-89919c53d3149a2d,
Fixed_Rowwise,4,5,R04_F05,142,Training,COMP-89919c53d3149a2d,
Fixed_Rowwise,4,5,R04_F05,144,Training,COMP-89919c53d3149a2d,
Fixed_Rowwise,4,5,R04_F05,149,Training,COMP-266a388f7afdbe91,
Fixed_Rowwise,4,5,R04_F05,150,Training,COMP-055230aabe7d502c,
Fixed_Rowwise,4,5,R04_F05,152,Training,COMP-055230aabe7d502c,
Fixed_Rowwise,4,5,R04_F05,154,Training,COMP-150ce51691dfb5f9,
Fixed_Rowwise,4,5,R04_F05,156,Training,COMP-941f92def7f50542,
Fixed_Rowwise,4,5,R04_F05,157,Training,COMP-ddfcf6030a718a0c,
Fixed_Rowwise,4,5,R04_F05,159,Training,COMP-0346738121cb655e,
Fixed_Rowwise,4,5,R04_F05,160,Training,COMP-0346738121cb655e,
Fixed_Rowwise,4,5,R04_F05,161,Training,COMP-eacd4f126ab29a30,
Fixed_Rowwise,4,5,R04_F05,162,Training,COMP-ddfcf6030a718a0c,
Fixed_Rowwise,4,5,R04_F05,163,Training,COMP-b2e9edd7bc55d085,
Fixed_Rowwise,4,5,R04_F05,167,Training,COMP-eacd4f126ab29a30,
Fixed_Rowwise,4,5,R04_F05,168,Training,COMP-92ed17371ff559b6,
Fixed_Rowwise,4,5,R04_F05,169,Training,COMP-92ed17371ff559b6,
Fixed_Rowwise,4,5,R04_F05,173,Training,COMP-0d41a2cf75110ad6,
Fixed_Rowwise,4,5,R04_F05,174,Training,COMP-a35a20d65351aafe,
Fixed_Rowwise,4,5,R04_F05,175,Training,COMP-b72f6533b137a4f6,
Fixed_Rowwise,4,5,R04_F05,176,Training,COMP-5479c448b954c055,
Fixed_Rowwise,4,5,R04_F05,177,Training,COMP-5479c448b954c055,
Fixed_Rowwise,4,5,R04_F05,178,Training,COMP-b9abc443805301b1,
Fixed_Rowwise,4,5,R04_F05,181,Training,COMP-69c6ecd7284d3b47,
Fixed_Rowwise,4,5,R04_F05,182,Training,COMP-630f3050f45faf36,
Fixed_Rowwise,4,5,R04_F05,183,Training,COMP-630f3050f45faf36,
Fixed_Rowwise,4,5,R04_F05,187,Training,COMP-a7670bf71188b1d6,
Fixed_Rowwise,4,5,R04_F05,188,Training,COMP-a7670bf71188b1d6,
Fixed_Rowwise,4,5,R04_F05,193,Training,COMP-889d7d6c6dbf5b76,
Fixed_Rowwise,4,5,R04_F05,194,Training,COMP-445f55453794f59c,
Fixed_Rowwise,4,5,R04_F05,197,Training,COMP-880bd22028629a8e,
Fixed_Rowwise,4,5,R04_F05,199,Training,COMP-6525c735bb50fb1c,
Fixed_Rowwise,4,5,R04_F05,200,Training,COMP-b878df279a448475,
Fixed_Rowwise,4,5,R04_F05,201,Training,COMP-05480af3b167ab05,
Fixed_Rowwise,4,5,R04_F05,202,Training,COMP-598bc18a3ba07a9e,
Fixed_Rowwise,4,5,R04_F05,205,Training,COMP-d8a14990923ce9f7,
Fixed_Rowwise,4,5,R04_F05,210,Training,COMP-d7494ade7e8dd694,
Fixed_Rowwise,4,5,R04_F05,211,Training,COMP-b775405901636085,
Fixed_Rowwise,4,5,R04_F05,214,Training,COMP-35e38ea13dc05b9e,
Fixed_Rowwise,4,5,R04_F05,215,Training,COMP-6b4f0394292930ba,
Fixed_Rowwise,4,5,R04_F05,216,Training,COMP-4a76c05754ee1efa,
Fixed_Rowwise,4,5,R04_F05,219,Training,COMP-eae7689b221fd7f8,
Fixed_Rowwise,4,5,R04_F05,221,Training,COMP-20d1e620c817cb5a,
Fixed_Rowwise,4,5,R04_F05,224,Training,COMP-93900d7c81c38cdd,
Fixed_Rowwise,4,5,R04_F05,225,Training,COMP-289a02a6b94655b9,
Fixed_Rowwise,4,5,R04_F05,226,Training,COMP-93900d7c81c38cdd,
Fixed_Rowwise,4,5,R04_F05,228,Training,COMP-46e30c1bd5e987da,
Fixed_Rowwise,4,5,R04_F05,229,Training,COMP-2753cd2e053c8c98,
Fixed_Rowwise,4,5,R04_F05,230,Training,COMP-0107563adaed8d01,
Fixed_Rowwise,4,5,R04_F05,232,Training,COMP-0e256dc7494452a7,
Fixed_Rowwise,4,5,R04_F05,235,Training,COMP-091a20b5a1dfb76f,
Fixed_Rowwise,4,5,R04_F05,237,Training,COMP-4ef2bcae5243588c,
Fixed_Rowwise,4,5,R04_F05,238,Training,COMP-fc5c3e46d2655b62,
Fixed_Rowwise,4,5,R04_F05,239,Training,COMP-0b765af90e5ebd4c,
Fixed_Rowwise,4,5,R04_F05,241,Training,COMP-631a18a4a6b20c0c,
Fixed_Rowwise,4,5,R04_F05,242,Training,COMP-631a18a4a6b20c0c,
Fixed_Rowwise,4,5,R04_F05,243,Training,COMP-b0cc51380afea02b,
Fixed_Rowwise,4,5,R04_F05,246,Training,COMP-1fc9679353325516,
Fixed_Rowwise,4,5,R04_F05,249,Training,COMP-e295ac85ac1ada41,
Fixed_Rowwise,4,5,R04_F05,251,Training,COMP-dd1e9c4c0f247912,
Fixed_Rowwise,4,5,R04_F05,252,Training,COMP-725d39a40881dc4b,
Fixed_Rowwise,4,5,R04_F05,253,Training,COMP-725d39a40881dc4b,
Fixed_Rowwise,4,5,R04_F05,255,Training,COMP-95a56990f4bea8a9,
Fixed_Rowwise,4,5,R04_F05,256,Training,COMP-95a56990f4bea8a9,
Fixed_Rowwise,4,5,R04_F05,257,Training,COMP-95a56990f4bea8a9,
Fixed_Rowwise,4,5,R04_F05,258,Training,COMP-95a56990f4bea8a9,
Fixed_Rowwise,4,5,R04_F05,259,Training,COMP-95a56990f4bea8a9,
Fixed_Rowwise,4,5,R04_F05,263,Training,COMP-95a56990f4bea8a9,
Fixed_Rowwise,4,5,R04_F05,266,Training,COMP-95a56990f4bea8a9,
Fixed_Rowwise,4,5,R04_F05,268,Training,COMP-95a56990f4bea8a9,
Fixed_Rowwise,4,5,R04_F05,271,Training,COMP-95a56990f4bea8a9,
Fixed_Rowwise,4,5,R04_F05,272,Training,COMP-95a56990f4bea8a9,
Fixed_Rowwise,4,5,R04_F05,273,Training,COMP-95a56990f4bea8a9,
Fixed_Rowwise,4,5,R04_F05,285,Training,COMP-95a56990f4bea8a9,
Fixed_Rowwise,4,5,R04_F05,286,Training,COMP-478c9f483894c42c,
Fixed_Rowwise,4,5,R04_F05,288,Training,COMP-478c9f483894c42c,
Fixed_Rowwise,4,5,R04_F05,292,Training,COMP-478c9f483894c42c,
Fixed_Rowwise,4,5,R04_F05,300,Training,COMP-478c9f483894c42c,
Fixed_Rowwise,4,5,R04_F05,303,Training,COMP-478c9f483894c42c,
Fixed_Rowwise,4,5,R04_F05,306,Training,COMP-478c9f483894c42c,
Fixed_Rowwise,4,5,R04_F05,307,Training,COMP-478c9f483894c42c,
Fixed_Rowwise,4,5,R04_F05,309,Training,COMP-478c9f483894c42c,
Fixed_Rowwise,4,5,R04_F05,310,Training,COMP-478c9f483894c42c,
Fixed_Rowwise,4,5,R04_F05,311,Training,COMP-478c9f483894c42c,
Fixed_Rowwise,4,5,R04_F05,313,Training,COMP-478c9f483894c42c,
Fixed_Rowwise,4,5,R04_F05,315,Training,COMP-478c9f483894c42c,
Fixed_Rowwise,4,5,R04_F05,316,Training,COMP-478c9f483894c42c,
Fixed_Rowwise,4,5,R04_F05,321,Training,COMP-dbc0864492ec7b98,
Fixed_Rowwise,4,5,R04_F05,322,Training,COMP-dbc0864492ec7b98,
Fixed_Rowwise,4,5,R04_F05,323,Training,COMP-dbc0864492ec7b98,
Fixed_Rowwise,4,5,R04_F05,324,Training,COMP-dbc0864492ec7b98,
Fixed_Rowwise,4,5,R04_F05,325,Training,COMP-dbc0864492ec7b98,
Fixed_Rowwise,4,5,R04_F05,326,Training,COMP-dbc0864492ec7b98,
Fixed_Rowwise,4,5,R04_F05,327,Training,COMP-dbc0864492ec7b98,
Fixed_Rowwise,4,5,R04_F05,328,Training,COMP-dbc0864492ec7b98,
Fixed_Rowwise,4,5,R04_F05,331,Training,COMP-dbc0864492ec7b98,
Fixed_Rowwise,4,5,R04_F05,333,Training,COMP-dbc0864492ec7b98,
Fixed_Rowwise,4,5,R04_F05,334,Training,COMP-dbc0864492ec7b98,
Fixed_Rowwise,4,5,R04_F05,337,Training,COMP-06072d2dd3b021af,
Fixed_Rowwise,4,5,R04_F05,339,Training,COMP-06072d2dd3b021af,
Fixed_Rowwise,4,5,R04_F05,341,Training,COMP-221944a235b3f36b,
Fixed_Rowwise,4,5,R04_F05,344,Training,COMP-e1e52574fbb04f58,
Fixed_Rowwise,4,5,R04_F05,345,Training,COMP-e1e52574fbb04f58,
Fixed_Rowwise,4,5,R04_F05,347,Training,COMP-e1e52574fbb04f58,
Fixed_Rowwise,4,5,R04_F05,349,Training,COMP-30cef922979fb9fd,
Fixed_Rowwise,4,5,R04_F05,350,Training,COMP-30cef922979fb9fd,
Fixed_Rowwise,4,5,R04_F05,351,Training,COMP-30cef922979fb9fd,
Fixed_Rowwise,4,5,R04_F05,354,Training,COMP-59f47d6774b9fdfb,
Fixed_Rowwise,4,5,R04_F05,356,Training,COMP-59f47d6774b9fdfb,
Fixed_Rowwise,4,5,R04_F05,358,Training,COMP-59f47d6774b9fdfb,
Fixed_Rowwise,4,5,R04_F05,360,Training,COMP-0765adc8c505dd3b,
Fixed_Rowwise,4,5,R04_F05,363,Training,COMP-0765adc8c505dd3b,
Fixed_Rowwise,4,5,R04_F05,364,Training,COMP-0765adc8c505dd3b,
Fixed_Rowwise,4,5,R04_F05,365,Training,COMP-e1e52574fbb04f58,
Fixed_Rowwise,4,5,R04_F05,369,Training,COMP-6f2ca218fbd1923b,
Fixed_Rowwise,4,5,R04_F05,371,Training,COMP-6f2ca218fbd1923b,
Fixed_Rowwise,4,5,R04_F05,372,Training,COMP-6f2ca218fbd1923b,
Fixed_Rowwise,4,5,R04_F05,376,Training,COMP-6f2ca218fbd1923b,
Fixed_Rowwise,4,5,R04_F05,378,Training,COMP-6f2ca218fbd1923b,
Fixed_Rowwise,4,5,R04_F05,380,Training,COMP-6f2ca218fbd1923b,
Fixed_Rowwise,4,5,R04_F05,382,Training,COMP-6f2ca218fbd1923b,
Fixed_Rowwise,4,5,R04_F05,384,Training,COMP-6f2ca218fbd1923b,
Fixed_Rowwise,4,5,R04_F05,386,Training,COMP-6f2ca218fbd1923b,
Fixed_Rowwise,4,5,R04_F05,387,Training,COMP-6f2ca218fbd1923b,
Fixed_Rowwise,4,5,R04_F05,388,Training,COMP-6f2ca218fbd1923b,
Fixed_Rowwise,4,5,R04_F05,389,Training,COMP-6f2ca218fbd1923b,
Fixed_Rowwise,4,5,R04_F05,393,Training,COMP-6f2ca218fbd1923b,
Fixed_Rowwise,4,5,R04_F05,395,Training,COMP-6f2ca218fbd1923b,
Fixed_Rowwise,4,5,R04_F05,399,Training,COMP-6f2ca218fbd1923b,
Fixed_Rowwise,4,5,R04_F05,402,Training,COMP-6f2ca218fbd1923b,
Fixed_Rowwise,4,5,R04_F05,404,Training,COMP-6f2ca218fbd1923b,
Fixed_Rowwise,4,5,R04_F05,406,Training,COMP-7fb1fecc93ced403,
Fixed_Rowwise,4,5,R04_F05,408,Training,COMP-7fb1fecc93ced403,
Fixed_Rowwise,4,5,R04_F05,414,Training,COMP-a85acb2f2da0216b,
Fixed_Rowwise,4,5,R04_F05,415,Training,COMP-a85acb2f2da0216b,
Fixed_Rowwise,4,5,R04_F05,418,Training,COMP-a85acb2f2da0216b,
Fixed_Rowwise,4,5,R04_F05,421,Training,COMP-edeedccfd8f07e13,
Fixed_Rowwise,4,5,R04_F05,422,Training,COMP-edeedccfd8f07e13,
Fixed_Rowwise,4,5,R04_F05,425,Training,COMP-f9d9cbed014e8b80,
Fixed_Rowwise,4,5,R04_F05,427,Training,COMP-f9d9cbed014e8b80,
Fixed_Rowwise,4,5,R04_F05,429,Training,COMP-f9d9cbed014e8b80,
Fixed_Rowwise,4,5,R04_F05,432,Training,COMP-f9d9cbed014e8b80,
Fixed_Rowwise,4,5,R04_F05,438,Training,COMP-f9d9cbed014e8b80,
Fixed_Rowwise,4,5,R04_F05,440,Training,COMP-f9d9cbed014e8b80,
Fixed_Rowwise,4,5,R04_F05,441,Training,COMP-f9d9cbed014e8b80,
Fixed_Rowwise,4,5,R04_F05,444,Training,COMP-f9d9cbed014e8b80,
Fixed_Rowwise,4,5,R04_F05,445,Training,COMP-f9d9cbed014e8b80,
Fixed_Rowwise,4,5,R04_F05,448,Training,COMP-f9d9cbed014e8b80,
Fixed_Rowwise,4,5,R04_F05,449,Training,COMP-f9d9cbed014e8b80,
Fixed_Rowwise,4,5,R04_F05,450,Training,COMP-f9d9cbed014e8b80,
Fixed_Rowwise,4,5,R04_F05,451,Training,COMP-f9d9cbed014e8b80,
Fixed_Rowwise,4,5,R04_F05,1,Validation,COMP-27021c945dc6ef2d,
Fixed_Rowwise,4,5,R04_F05,6,Validation,COMP-27021c945dc6ef2d,
Fixed_Rowwise,4,5,R04_F05,10,Validation,COMP-725d39a40881dc4b,
Fixed_Rowwise,4,5,R04_F05,17,Validation,COMP-773f99d6dc417f9e,
Fixed_Rowwise,4,5,R04_F05,32,Validation,COMP-81f8a3600f73b006,
Fixed_Rowwise,4,5,R04_F05,35,Validation,COMP-a87a2533a652007c,
Fixed_Rowwise,4,5,R04_F05,41,Validation,COMP-1af7d3f3b3b924e5,
Fixed_Rowwise,4,5,R04_F05,52,Validation,COMP-06f5d2a767a65349,
Fixed_Rowwise,4,5,R04_F05,54,Validation,COMP-ea1f0dc96a173899,
Fixed_Rowwise,4,5,R04_F05,66,Validation,COMP-b8df58296dba2095,
Fixed_Rowwise,4,5,R04_F05,68,Validation,COMP-21d126c9d34df073,
Fixed_Rowwise,4,5,R04_F05,69,Validation,COMP-8cee7ef8867afd2d,
Fixed_Rowwise,4,5,R04_F05,74,Validation,COMP-f9a00d6d8411a0d1,
Fixed_Rowwise,4,5,R04_F05,80,Validation,COMP-a14831ff30c0b14d,
Fixed_Rowwise,4,5,R04_F05,85,Validation,COMP-e913f917a7e36868,
Fixed_Rowwise,4,5,R04_F05,94,Validation,COMP-ea2a626c3522e4a5,
Fixed_Rowwise,4,5,R04_F05,99,Validation,COMP-ea2a626c3522e4a5,
Fixed_Rowwise,4,5,R04_F05,102,Validation,COMP-435a8f4ba56d8b5d,
Fixed_Rowwise,4,5,R04_F05,111,Validation,COMP-c1d72bb5d7d164b0,
Fixed_Rowwise,4,5,R04_F05,115,Validation,COMP-15c7378d46cadefa,
Fixed_Rowwise,4,5,R04_F05,123,Validation,COMP-0ee2ef468faff8db,
Fixed_Rowwise,4,5,R04_F05,127,Validation,COMP-5502f8bc72167a0b,
Fixed_Rowwise,4,5,R04_F05,143,Validation,COMP-89919c53d3149a2d,
Fixed_Rowwise,4,5,R04_F05,145,Validation,COMP-89919c53d3149a2d,
Fixed_Rowwise,4,5,R04_F05,146,Validation,COMP-266a388f7afdbe91,
Fixed_Rowwise,4,5,R04_F05,147,Validation,COMP-055230aabe7d502c,
Fixed_Rowwise,4,5,R04_F05,148,Validation,COMP-150ce51691dfb5f9,
Fixed_Rowwise,4,5,R04_F05,164,Validation,COMP-941f92def7f50542,
Fixed_Rowwise,4,5,R04_F05,172,Validation,COMP-92ed17371ff559b6,
Fixed_Rowwise,4,5,R04_F05,184,Validation,COMP-0966c0019ec07f39,
Fixed_Rowwise,4,5,R04_F05,186,Validation,COMP-0966c0019ec07f39,
Fixed_Rowwise,4,5,R04_F05,207,Validation,COMP-948abb1ebd270642,
Fixed_Rowwise,4,5,R04_F05,231,Validation,COMP-0e256dc7494452a7,
Fixed_Rowwise,4,5,R04_F05,233,Validation,COMP-e60cc4ecffe6b7df,
Fixed_Rowwise,4,5,R04_F05,236,Validation,COMP-44fea4804e888e0a,
Fixed_Rowwise,4,5,R04_F05,240,Validation,COMP-0b765af90e5ebd4c,
Fixed_Rowwise,4,5,R04_F05,247,Validation,COMP-e295ac85ac1ada41,
Fixed_Rowwise,4,5,R04_F05,260,Validation,COMP-95a56990f4bea8a9,
Fixed_Rowwise,4,5,R04_F05,282,Validation,COMP-95a56990f4bea8a9,
Fixed_Rowwise,4,5,R04_F05,283,Validation,COMP-95a56990f4bea8a9,
Fixed_Rowwise,4,5,R04_F05,295,Validation,COMP-478c9f483894c42c,
Fixed_Rowwise,4,5,R04_F05,296,Validation,COMP-478c9f483894c42c,
Fixed_Rowwise,4,5,R04_F05,320,Validation,COMP-dbc0864492ec7b98,
Fixed_Rowwise,4,5,R04_F05,342,Validation,COMP-221944a235b3f36b,
Fixed_Rowwise,4,5,R04_F05,348,Validation,COMP-30cef922979fb9fd,
Fixed_Rowwise,4,5,R04_F05,352,Validation,COMP-30cef922979fb9fd,
Fixed_Rowwise,4,5,R04_F05,375,Validation,COMP-6f2ca218fbd1923b,
Fixed_Rowwise,4,5,R04_F05,381,Validation,COMP-6f2ca218fbd1923b,
Fixed_Rowwise,4,5,R04_F05,391,Validation,COMP-6f2ca218fbd1923b,
Fixed_Rowwise,4,5,R04_F05,405,Validation,COMP-6f2ca218fbd1923b,
Fixed_Rowwise,4,5,R04_F05,413,Validation,COMP-a85acb2f2da0216b,
Fixed_Rowwise,4,5,R04_F05,424,Validation,COMP-f9d9cbed014e8b80,
Fixed_Rowwise,4,5,R04_F05,431,Validation,COMP-f9d9cbed014e8b80,
Fixed_Rowwise,4,5,R04_F05,434,Validation,COMP-f9d9cbed014e8b80,
Fixed_Rowwise,5,1,R05_F01,1,Training,COMP-27021c945dc6ef2d,
Fixed_Rowwise,5,1,R05_F01,3,Training,COMP-725d39a40881dc4b,
Fixed_Rowwise,5,1,R05_F01,4,Training,COMP-862c9c676a6f1012,
Fixed_Rowwise,5,1,R05_F01,5,Training,COMP-8e1fe5f59d3c7565,
Fixed_Rowwise,5,1,R05_F01,6,Training,COMP-27021c945dc6ef2d,
Fixed_Rowwise,5,1,R05_F01,8,Training,COMP-725d39a40881dc4b,
Fixed_Rowwise,5,1,R05_F01,10,Training,COMP-725d39a40881dc4b,
Fixed_Rowwise,5,1,R05_F01,13,Training,COMP-27021c945dc6ef2d,
Fixed_Rowwise,5,1,R05_F01,14,Training,COMP-609dfbaf681359b8,
Fixed_Rowwise,5,1,R05_F01,17,Training,COMP-773f99d6dc417f9e,
Fixed_Rowwise,5,1,R05_F01,21,Training,COMP-0b765af90e5ebd4c,
Fixed_Rowwise,5,1,R05_F01,23,Training,COMP-81f8a3600f73b006,
Fixed_Rowwise,5,1,R05_F01,24,Training,COMP-0b765af90e5ebd4c,
Fixed_Rowwise,5,1,R05_F01,26,Training,COMP-7decbe1f0284bd78,
Fixed_Rowwise,5,1,R05_F01,27,Training,COMP-73d52e7a36d559a9,
Fixed_Rowwise,5,1,R05_F01,28,Training,COMP-3632fb12e94bc35a,
Fixed_Rowwise,5,1,R05_F01,29,Training,COMP-773f99d6dc417f9e,
Fixed_Rowwise,5,1,R05_F01,36,Training,COMP-87a7ec252c82f56c,
Fixed_Rowwise,5,1,R05_F01,40,Training,COMP-1af7d3f3b3b924e5,
Fixed_Rowwise,5,1,R05_F01,41,Training,COMP-1af7d3f3b3b924e5,
Fixed_Rowwise,5,1,R05_F01,43,Training,COMP-9b0e3106e10f71db,
Fixed_Rowwise,5,1,R05_F01,45,Training,COMP-59ce4655e65cf94a,
Fixed_Rowwise,5,1,R05_F01,47,Training,COMP-e295ac85ac1ada41,
Fixed_Rowwise,5,1,R05_F01,48,Training,COMP-b611e8d56579c910,
Fixed_Rowwise,5,1,R05_F01,49,Training,COMP-92ece298f11712f0,
Fixed_Rowwise,5,1,R05_F01,51,Training,COMP-dbc0864492ec7b98,
Fixed_Rowwise,5,1,R05_F01,52,Training,COMP-06f5d2a767a65349,
Fixed_Rowwise,5,1,R05_F01,53,Training,COMP-06f5d2a767a65349,
Fixed_Rowwise,5,1,R05_F01,54,Training,COMP-ea1f0dc96a173899,
Fixed_Rowwise,5,1,R05_F01,60,Training,COMP-3f22c6642a7a1344,
Fixed_Rowwise,5,1,R05_F01,61,Training,COMP-3f22c6642a7a1344,
Fixed_Rowwise,5,1,R05_F01,63,Training,COMP-21d126c9d34df073,
Fixed_Rowwise,5,1,R05_F01,64,Training,COMP-3157f0dc71f862ff,
Fixed_Rowwise,5,1,R05_F01,65,Training,COMP-7c0b488137fafb3b,
Fixed_Rowwise,5,1,R05_F01,66,Training,COMP-b8df58296dba2095,
Fixed_Rowwise,5,1,R05_F01,69,Training,COMP-8cee7ef8867afd2d,
Fixed_Rowwise,5,1,R05_F01,74,Training,COMP-f9a00d6d8411a0d1,
Fixed_Rowwise,5,1,R05_F01,80,Training,COMP-a14831ff30c0b14d,
Fixed_Rowwise,5,1,R05_F01,83,Training,COMP-e913f917a7e36868,
Fixed_Rowwise,5,1,R05_F01,84,Training,COMP-a14831ff30c0b14d,
Fixed_Rowwise,5,1,R05_F01,85,Training,COMP-e913f917a7e36868,
Fixed_Rowwise,5,1,R05_F01,87,Training,COMP-a14831ff30c0b14d,
Fixed_Rowwise,5,1,R05_F01,88,Training,COMP-ea2a626c3522e4a5,
Fixed_Rowwise,5,1,R05_F01,92,Training,COMP-ea2a626c3522e4a5,
Fixed_Rowwise,5,1,R05_F01,95,Training,COMP-ea2a626c3522e4a5,
Fixed_Rowwise,5,1,R05_F01,97,Training,COMP-a14831ff30c0b14d,
Fixed_Rowwise,5,1,R05_F01,98,Training,COMP-e913f917a7e36868,
Fixed_Rowwise,5,1,R05_F01,100,Training,COMP-ea2a626c3522e4a5,
Fixed_Rowwise,5,1,R05_F01,102,Training,COMP-435a8f4ba56d8b5d,
Fixed_Rowwise,5,1,R05_F01,104,Training,COMP-435a8f4ba56d8b5d,
Fixed_Rowwise,5,1,R05_F01,106,Training,COMP-435a8f4ba56d8b5d,
Fixed_Rowwise,5,1,R05_F01,107,Training,COMP-384273ac244080b1,
Fixed_Rowwise,5,1,R05_F01,110,Training,COMP-c1d72bb5d7d164b0,
Fixed_Rowwise,5,1,R05_F01,112,Training,COMP-c1d72bb5d7d164b0,
Fixed_Rowwise,5,1,R05_F01,114,Training,COMP-6360354242bed7fe,
Fixed_Rowwise,5,1,R05_F01,115,Training,COMP-15c7378d46cadefa,
Fixed_Rowwise,5,1,R05_F01,118,Training,COMP-8bbe9ce01fb6a2d3,
Fixed_Rowwise,5,1,R05_F01,120,Training,COMP-8bbe9ce01fb6a2d3,
Fixed_Rowwise,5,1,R05_F01,121,Training,COMP-b2e9edd7bc55d085,
Fixed_Rowwise,5,1,R05_F01,122,Training,COMP-b2e9edd7bc55d085,
Fixed_Rowwise,5,1,R05_F01,123,Training,COMP-0ee2ef468faff8db,
Fixed_Rowwise,5,1,R05_F01,125,Training,COMP-0ee2ef468faff8db,
Fixed_Rowwise,5,1,R05_F01,127,Training,COMP-5502f8bc72167a0b,
Fixed_Rowwise,5,1,R05_F01,133,Training,COMP-89919c53d3149a2d,
Fixed_Rowwise,5,1,R05_F01,134,Training,COMP-89919c53d3149a2d,
Fixed_Rowwise,5,1,R05_F01,138,Training,COMP-89919c53d3149a2d,
Fixed_Rowwise,5,1,R05_F01,139,Training,COMP-89919c53d3149a2d,
Fixed_Rowwise,5,1,R05_F01,141,Training,COMP-89919c53d3149a2d,
Fixed_Rowwise,5,1,R05_F01,143,Training,COMP-89919c53d3149a2d,
Fixed_Rowwise,5,1,R05_F01,144,Training,COMP-89919c53d3149a2d,
Fixed_Rowwise,5,1,R05_F01,145,Training,COMP-89919c53d3149a2d,
Fixed_Rowwise,5,1,R05_F01,146,Training,COMP-266a388f7afdbe91,
Fixed_Rowwise,5,1,R05_F01,147,Training,COMP-055230aabe7d502c,
Fixed_Rowwise,5,1,R05_F01,148,Training,COMP-150ce51691dfb5f9,
Fixed_Rowwise,5,1,R05_F01,150,Training,COMP-055230aabe7d502c,
Fixed_Rowwise,5,1,R05_F01,152,Training,COMP-055230aabe7d502c,
Fixed_Rowwise,5,1,R05_F01,154,Training,COMP-150ce51691dfb5f9,
Fixed_Rowwise,5,1,R05_F01,156,Training,COMP-941f92def7f50542,
Fixed_Rowwise,5,1,R05_F01,157,Training,COMP-ddfcf6030a718a0c,
Fixed_Rowwise,5,1,R05_F01,159,Training,COMP-0346738121cb655e,
Fixed_Rowwise,5,1,R05_F01,160,Training,COMP-0346738121cb655e,
Fixed_Rowwise,5,1,R05_F01,161,Training,COMP-eacd4f126ab29a30,
Fixed_Rowwise,5,1,R05_F01,162,Training,COMP-ddfcf6030a718a0c,
Fixed_Rowwise,5,1,R05_F01,163,Training,COMP-b2e9edd7bc55d085,
Fixed_Rowwise,5,1,R05_F01,164,Training,COMP-941f92def7f50542,
Fixed_Rowwise,5,1,R05_F01,167,Training,COMP-eacd4f126ab29a30,
Fixed_Rowwise,5,1,R05_F01,168,Training,COMP-92ed17371ff559b6,
Fixed_Rowwise,5,1,R05_F01,169,Training,COMP-92ed17371ff559b6,
Fixed_Rowwise,5,1,R05_F01,172,Training,COMP-92ed17371ff559b6,
Fixed_Rowwise,5,1,R05_F01,174,Training,COMP-a35a20d65351aafe,
Fixed_Rowwise,5,1,R05_F01,175,Training,COMP-b72f6533b137a4f6,
Fixed_Rowwise,5,1,R05_F01,176,Training,COMP-5479c448b954c055,
Fixed_Rowwise,5,1,R05_F01,177,Training,COMP-5479c448b954c055,
Fixed_Rowwise,5,1,R05_F01,178,Training,COMP-b9abc443805301b1,
Fixed_Rowwise,5,1,R05_F01,181,Training,COMP-69c6ecd7284d3b47,
Fixed_Rowwise,5,1,R05_F01,182,Training,COMP-630f3050f45faf36,
Fixed_Rowwise,5,1,R05_F01,183,Training,COMP-630f3050f45faf36,
Fixed_Rowwise,5,1,R05_F01,184,Training,COMP-0966c0019ec07f39,
Fixed_Rowwise,5,1,R05_F01,186,Training,COMP-0966c0019ec07f39,
Fixed_Rowwise,5,1,R05_F01,187,Training,COMP-a7670bf71188b1d6,
Fixed_Rowwise,5,1,R05_F01,188,Training,COMP-a7670bf71188b1d6,
Fixed_Rowwise,5,1,R05_F01,193,Training,COMP-889d7d6c6dbf5b76,
Fixed_Rowwise,5,1,R05_F01,197,Training,COMP-880bd22028629a8e,
Fixed_Rowwise,5,1,R05_F01,199,Training,COMP-6525c735bb50fb1c,
Fixed_Rowwise,5,1,R05_F01,201,Training,COMP-05480af3b167ab05,
Fixed_Rowwise,5,1,R05_F01,202,Training,COMP-598bc18a3ba07a9e,
Fixed_Rowwise,5,1,R05_F01,205,Training,COMP-d8a14990923ce9f7,
Fixed_Rowwise,5,1,R05_F01,207,Training,COMP-948abb1ebd270642,
Fixed_Rowwise,5,1,R05_F01,210,Training,COMP-d7494ade7e8dd694,
Fixed_Rowwise,5,1,R05_F01,211,Training,COMP-b775405901636085,
Fixed_Rowwise,5,1,R05_F01,214,Training,COMP-35e38ea13dc05b9e,
Fixed_Rowwise,5,1,R05_F01,215,Training,COMP-6b4f0394292930ba,
Fixed_Rowwise,5,1,R05_F01,216,Training,COMP-4a76c05754ee1efa,
Fixed_Rowwise,5,1,R05_F01,221,Training,COMP-20d1e620c817cb5a,
Fixed_Rowwise,5,1,R05_F01,224,Training,COMP-93900d7c81c38cdd,
Fixed_Rowwise,5,1,R05_F01,226,Training,COMP-93900d7c81c38cdd,
Fixed_Rowwise,5,1,R05_F01,228,Training,COMP-46e30c1bd5e987da,
Fixed_Rowwise,5,1,R05_F01,229,Training,COMP-2753cd2e053c8c98,
Fixed_Rowwise,5,1,R05_F01,231,Training,COMP-0e256dc7494452a7,
Fixed_Rowwise,5,1,R05_F01,232,Training,COMP-0e256dc7494452a7,
Fixed_Rowwise,5,1,R05_F01,233,Training,COMP-e60cc4ecffe6b7df,
Fixed_Rowwise,5,1,R05_F01,235,Training,COMP-091a20b5a1dfb76f,
Fixed_Rowwise,5,1,R05_F01,236,Training,COMP-44fea4804e888e0a,
Fixed_Rowwise,5,1,R05_F01,237,Training,COMP-4ef2bcae5243588c,
Fixed_Rowwise,5,1,R05_F01,238,Training,COMP-fc5c3e46d2655b62,
Fixed_Rowwise,5,1,R05_F01,239,Training,COMP-0b765af90e5ebd4c,
Fixed_Rowwise,5,1,R05_F01,240,Training,COMP-0b765af90e5ebd4c,
Fixed_Rowwise,5,1,R05_F01,241,Training,COMP-631a18a4a6b20c0c,
Fixed_Rowwise,5,1,R05_F01,242,Training,COMP-631a18a4a6b20c0c,
Fixed_Rowwise,5,1,R05_F01,243,Training,COMP-b0cc51380afea02b,
Fixed_Rowwise,5,1,R05_F01,246,Training,COMP-1fc9679353325516,
Fixed_Rowwise,5,1,R05_F01,247,Training,COMP-e295ac85ac1ada41,
Fixed_Rowwise,5,1,R05_F01,249,Training,COMP-e295ac85ac1ada41,
Fixed_Rowwise,5,1,R05_F01,251,Training,COMP-dd1e9c4c0f247912,
Fixed_Rowwise,5,1,R05_F01,253,Training,COMP-725d39a40881dc4b,
Fixed_Rowwise,5,1,R05_F01,255,Training,COMP-95a56990f4bea8a9,
Fixed_Rowwise,5,1,R05_F01,258,Training,COMP-95a56990f4bea8a9,
Fixed_Rowwise,5,1,R05_F01,259,Training,COMP-95a56990f4bea8a9,
Fixed_Rowwise,5,1,R05_F01,263,Training,COMP-95a56990f4bea8a9,
Fixed_Rowwise,5,1,R05_F01,266,Training,COMP-95a56990f4bea8a9,
Fixed_Rowwise,5,1,R05_F01,268,Training,COMP-95a56990f4bea8a9,
Fixed_Rowwise,5,1,R05_F01,272,Training,COMP-95a56990f4bea8a9,
Fixed_Rowwise,5,1,R05_F01,273,Training,COMP-95a56990f4bea8a9,
Fixed_Rowwise,5,1,R05_F01,282,Training,COMP-95a56990f4bea8a9,
Fixed_Rowwise,5,1,R05_F01,283,Training,COMP-95a56990f4bea8a9,
Fixed_Rowwise,5,1,R05_F01,286,Training,COMP-478c9f483894c42c,
Fixed_Rowwise,5,1,R05_F01,292,Training,COMP-478c9f483894c42c,
Fixed_Rowwise,5,1,R05_F01,295,Training,COMP-478c9f483894c42c,
Fixed_Rowwise,5,1,R05_F01,296,Training,COMP-478c9f483894c42c,
Fixed_Rowwise,5,1,R05_F01,300,Training,COMP-478c9f483894c42c,
Fixed_Rowwise,5,1,R05_F01,303,Training,COMP-478c9f483894c42c,
Fixed_Rowwise,5,1,R05_F01,306,Training,COMP-478c9f483894c42c,
Fixed_Rowwise,5,1,R05_F01,307,Training,COMP-478c9f483894c42c,
Fixed_Rowwise,5,1,R05_F01,309,Training,COMP-478c9f483894c42c,
Fixed_Rowwise,5,1,R05_F01,310,Training,COMP-478c9f483894c42c,
Fixed_Rowwise,5,1,R05_F01,313,Training,COMP-478c9f483894c42c,
Fixed_Rowwise,5,1,R05_F01,315,Training,COMP-478c9f483894c42c,
Fixed_Rowwise,5,1,R05_F01,316,Training,COMP-478c9f483894c42c,
Fixed_Rowwise,5,1,R05_F01,321,Training,COMP-dbc0864492ec7b98,
Fixed_Rowwise,5,1,R05_F01,322,Training,COMP-dbc0864492ec7b98,
Fixed_Rowwise,5,1,R05_F01,324,Training,COMP-dbc0864492ec7b98,
Fixed_Rowwise,5,1,R05_F01,325,Training,COMP-dbc0864492ec7b98,
Fixed_Rowwise,5,1,R05_F01,327,Training,COMP-dbc0864492ec7b98,
Fixed_Rowwise,5,1,R05_F01,328,Training,COMP-dbc0864492ec7b98,
Fixed_Rowwise,5,1,R05_F01,331,Training,COMP-dbc0864492ec7b98,
Fixed_Rowwise,5,1,R05_F01,333,Training,COMP-dbc0864492ec7b98,
Fixed_Rowwise,5,1,R05_F01,337,Training,COMP-06072d2dd3b021af,
Fixed_Rowwise,5,1,R05_F01,339,Training,COMP-06072d2dd3b021af,
Fixed_Rowwise,5,1,R05_F01,341,Training,COMP-221944a235b3f36b,
Fixed_Rowwise,5,1,R05_F01,342,Training,COMP-221944a235b3f36b,
Fixed_Rowwise,5,1,R05_F01,344,Training,COMP-e1e52574fbb04f58,
Fixed_Rowwise,5,1,R05_F01,345,Training,COMP-e1e52574fbb04f58,
Fixed_Rowwise,5,1,R05_F01,348,Training,COMP-30cef922979fb9fd,
Fixed_Rowwise,5,1,R05_F01,350,Training,COMP-30cef922979fb9fd,
Fixed_Rowwise,5,1,R05_F01,351,Training,COMP-30cef922979fb9fd,
Fixed_Rowwise,5,1,R05_F01,352,Training,COMP-30cef922979fb9fd,
Fixed_Rowwise,5,1,R05_F01,354,Training,COMP-59f47d6774b9fdfb,
Fixed_Rowwise,5,1,R05_F01,356,Training,COMP-59f47d6774b9fdfb,
Fixed_Rowwise,5,1,R05_F01,358,Training,COMP-59f47d6774b9fdfb,
Fixed_Rowwise,5,1,R05_F01,360,Training,COMP-0765adc8c505dd3b,
Fixed_Rowwise,5,1,R05_F01,363,Training,COMP-0765adc8c505dd3b,
Fixed_Rowwise,5,1,R05_F01,364,Training,COMP-0765adc8c505dd3b,
Fixed_Rowwise,5,1,R05_F01,365,Training,COMP-e1e52574fbb04f58,
Fixed_Rowwise,5,1,R05_F01,369,Training,COMP-6f2ca218fbd1923b,
Fixed_Rowwise,5,1,R05_F01,372,Training,COMP-6f2ca218fbd1923b,
Fixed_Rowwise,5,1,R05_F01,375,Training,COMP-6f2ca218fbd1923b,
Fixed_Rowwise,5,1,R05_F01,376,Training,COMP-6f2ca218fbd1923b,
Fixed_Rowwise,5,1,R05_F01,378,Training,COMP-6f2ca218fbd1923b,
Fixed_Rowwise,5,1,R05_F01,380,Training,COMP-6f2ca218fbd1923b,
Fixed_Rowwise,5,1,R05_F01,382,Training,COMP-6f2ca218fbd1923b,
Fixed_Rowwise,5,1,R05_F01,384,Training,COMP-6f2ca218fbd1923b,
Fixed_Rowwise,5,1,R05_F01,386,Training,COMP-6f2ca218fbd1923b,
Fixed_Rowwise,5,1,R05_F01,387,Training,COMP-6f2ca218fbd1923b,
Fixed_Rowwise,5,1,R05_F01,388,Training,COMP-6f2ca218fbd1923b,
Fixed_Rowwise,5,1,R05_F01,389,Training,COMP-6f2ca218fbd1923b,
Fixed_Rowwise,5,1,R05_F01,399,Training,COMP-6f2ca218fbd1923b,
Fixed_Rowwise,5,1,R05_F01,402,Training,COMP-6f2ca218fbd1923b,
Fixed_Rowwise,5,1,R05_F01,404,Training,COMP-6f2ca218fbd1923b,
Fixed_Rowwise,5,1,R05_F01,406,Training,COMP-7fb1fecc93ced403,
Fixed_Rowwise,5,1,R05_F01,408,Training,COMP-7fb1fecc93ced403,
Fixed_Rowwise,5,1,R05_F01,414,Training,COMP-a85acb2f2da0216b,
Fixed_Rowwise,5,1,R05_F01,415,Training,COMP-a85acb2f2da0216b,
Fixed_Rowwise,5,1,R05_F01,421,Training,COMP-edeedccfd8f07e13,
Fixed_Rowwise,5,1,R05_F01,422,Training,COMP-edeedccfd8f07e13,
Fixed_Rowwise,5,1,R05_F01,424,Training,COMP-f9d9cbed014e8b80,
Fixed_Rowwise,5,1,R05_F01,425,Training,COMP-f9d9cbed014e8b80,
Fixed_Rowwise,5,1,R05_F01,429,Training,COMP-f9d9cbed014e8b80,
Fixed_Rowwise,5,1,R05_F01,432,Training,COMP-f9d9cbed014e8b80,
Fixed_Rowwise,5,1,R05_F01,434,Training,COMP-f9d9cbed014e8b80,
Fixed_Rowwise,5,1,R05_F01,441,Training,COMP-f9d9cbed014e8b80,
Fixed_Rowwise,5,1,R05_F01,444,Training,COMP-f9d9cbed014e8b80,
Fixed_Rowwise,5,1,R05_F01,445,Training,COMP-f9d9cbed014e8b80,
Fixed_Rowwise,5,1,R05_F01,448,Training,COMP-f9d9cbed014e8b80,
Fixed_Rowwise,5,1,R05_F01,449,Training,COMP-f9d9cbed014e8b80,
Fixed_Rowwise,5,1,R05_F01,450,Training,COMP-f9d9cbed014e8b80,
Fixed_Rowwise,5,1,R05_F01,451,Training,COMP-f9d9cbed014e8b80,
Fixed_Rowwise,5,1,R05_F01,7,Validation,COMP-725d39a40881dc4b,
Fixed_Rowwise,5,1,R05_F01,12,Validation,COMP-725d39a40881dc4b,
Fixed_Rowwise,5,1,R05_F01,20,Validation,COMP-0b765af90e5ebd4c,
Fixed_Rowwise,5,1,R05_F01,32,Validation,COMP-81f8a3600f73b006,
Fixed_Rowwise,5,1,R05_F01,35,Validation,COMP-a87a2533a652007c,
Fixed_Rowwise,5,1,R05_F01,37,Validation,COMP-f6d84b53636ddfbe,
Fixed_Rowwise,5,1,R05_F01,44,Validation,COMP-0d7ce00a50a6a24f,
Fixed_Rowwise,5,1,R05_F01,62,Validation,COMP-21d126c9d34df073,
Fixed_Rowwise,5,1,R05_F01,67,Validation,COMP-49d8e1edbf1c2fbd,
Fixed_Rowwise,5,1,R05_F01,68,Validation,COMP-21d126c9d34df073,
Fixed_Rowwise,5,1,R05_F01,86,Validation,COMP-ea2a626c3522e4a5,
Fixed_Rowwise,5,1,R05_F01,94,Validation,COMP-ea2a626c3522e4a5,
Fixed_Rowwise,5,1,R05_F01,96,Validation,COMP-ea2a626c3522e4a5,
Fixed_Rowwise,5,1,R05_F01,99,Validation,COMP-ea2a626c3522e4a5,
Fixed_Rowwise,5,1,R05_F01,103,Validation,COMP-435a8f4ba56d8b5d,
Fixed_Rowwise,5,1,R05_F01,105,Validation,COMP-435a8f4ba56d8b5d,
Fixed_Rowwise,5,1,R05_F01,111,Validation,COMP-c1d72bb5d7d164b0,
Fixed_Rowwise,5,1,R05_F01,126,Validation,COMP-5502f8bc72167a0b,
Fixed_Rowwise,5,1,R05_F01,130,Validation,COMP-89919c53d3149a2d,
Fixed_Rowwise,5,1,R05_F01,135,Validation,COMP-89919c53d3149a2d,
Fixed_Rowwise,5,1,R05_F01,142,Validation,COMP-89919c53d3149a2d,
Fixed_Rowwise,5,1,R05_F01,149,Validation,COMP-266a388f7afdbe91,
Fixed_Rowwise,5,1,R05_F01,173,Validation,COMP-0d41a2cf75110ad6,
Fixed_Rowwise,5,1,R05_F01,194,Validation,COMP-445f55453794f59c,
Fixed_Rowwise,5,1,R05_F01,200,Validation,COMP-b878df279a448475,
Fixed_Rowwise,5,1,R05_F01,219,Validation,COMP-eae7689b221fd7f8,
Fixed_Rowwise,5,1,R05_F01,225,Validation,COMP-289a02a6b94655b9,
Fixed_Rowwise,5,1,R05_F01,230,Validation,COMP-0107563adaed8d01,
Fixed_Rowwise,5,1,R05_F01,252,Validation,COMP-725d39a40881dc4b,
Fixed_Rowwise,5,1,R05_F01,256,Validation,COMP-95a56990f4bea8a9,
Fixed_Rowwise,5,1,R05_F01,257,Validation,COMP-95a56990f4bea8a9,
Fixed_Rowwise,5,1,R05_F01,260,Validation,COMP-95a56990f4bea8a9,
Fixed_Rowwise,5,1,R05_F01,271,Validation,COMP-95a56990f4bea8a9,
Fixed_Rowwise,5,1,R05_F01,285,Validation,COMP-95a56990f4bea8a9,
Fixed_Rowwise,5,1,R05_F01,288,Validation,COMP-478c9f483894c42c,
Fixed_Rowwise,5,1,R05_F01,311,Validation,COMP-478c9f483894c42c,
Fixed_Rowwise,5,1,R05_F01,320,Validation,COMP-dbc0864492ec7b98,
Fixed_Rowwise,5,1,R05_F01,323,Validation,COMP-dbc0864492ec7b98,
Fixed_Rowwise,5,1,R05_F01,326,Validation,COMP-dbc0864492ec7b98,
Fixed_Rowwise,5,1,R05_F01,334,Validation,COMP-dbc0864492ec7b98,
Fixed_Rowwise,5,1,R05_F01,347,Validation,COMP-e1e52574fbb04f58,
Fixed_Rowwise,5,1,R05_F01,349,Validation,COMP-30cef922979fb9fd,
Fixed_Rowwise,5,1,R05_F01,371,Validation,COMP-6f2ca218fbd1923b,
Fixed_Rowwise,5,1,R05_F01,381,Validation,COMP-6f2ca218fbd1923b,
Fixed_Rowwise,5,1,R05_F01,391,Validation,COMP-6f2ca218fbd1923b,
Fixed_Rowwise,5,1,R05_F01,393,Validation,COMP-6f2ca218fbd1923b,
Fixed_Rowwise,5,1,R05_F01,395,Validation,COMP-6f2ca218fbd1923b,
Fixed_Rowwise,5,1,R05_F01,405,Validation,COMP-6f2ca218fbd1923b,
Fixed_Rowwise,5,1,R05_F01,413,Validation,COMP-a85acb2f2da0216b,
Fixed_Rowwise,5,1,R05_F01,418,Validation,COMP-a85acb2f2da0216b,
Fixed_Rowwise,5,1,R05_F01,427,Validation,COMP-f9d9cbed014e8b80,
Fixed_Rowwise,5,1,R05_F01,431,Validation,COMP-f9d9cbed014e8b80,
Fixed_Rowwise,5,1,R05_F01,438,Validation,COMP-f9d9cbed014e8b80,
Fixed_Rowwise,5,1,R05_F01,440,Validation,COMP-f9d9cbed014e8b80,
Fixed_Rowwise,5,2,R05_F02,1,Training,COMP-27021c945dc6ef2d,
Fixed_Rowwise,5,2,R05_F02,4,Training,COMP-862c9c676a6f1012,
Fixed_Rowwise,5,2,R05_F02,5,Training,COMP-8e1fe5f59d3c7565,
Fixed_Rowwise,5,2,R05_F02,6,Training,COMP-27021c945dc6ef2d,
Fixed_Rowwise,5,2,R05_F02,7,Training,COMP-725d39a40881dc4b,
Fixed_Rowwise,5,2,R05_F02,10,Training,COMP-725d39a40881dc4b,
Fixed_Rowwise,5,2,R05_F02,12,Training,COMP-725d39a40881dc4b,
Fixed_Rowwise,5,2,R05_F02,13,Training,COMP-27021c945dc6ef2d,
Fixed_Rowwise,5,2,R05_F02,14,Training,COMP-609dfbaf681359b8,
Fixed_Rowwise,5,2,R05_F02,20,Training,COMP-0b765af90e5ebd4c,
Fixed_Rowwise,5,2,R05_F02,23,Training,COMP-81f8a3600f73b006,
Fixed_Rowwise,5,2,R05_F02,26,Training,COMP-7decbe1f0284bd78,
Fixed_Rowwise,5,2,R05_F02,27,Training,COMP-73d52e7a36d559a9,
Fixed_Rowwise,5,2,R05_F02,28,Training,COMP-3632fb12e94bc35a,
Fixed_Rowwise,5,2,R05_F02,32,Training,COMP-81f8a3600f73b006,
Fixed_Rowwise,5,2,R05_F02,35,Training,COMP-a87a2533a652007c,
Fixed_Rowwise,5,2,R05_F02,36,Training,COMP-87a7ec252c82f56c,
Fixed_Rowwise,5,2,R05_F02,37,Training,COMP-f6d84b53636ddfbe,
Fixed_Rowwise,5,2,R05_F02,40,Training,COMP-1af7d3f3b3b924e5,
Fixed_Rowwise,5,2,R05_F02,41,Training,COMP-1af7d3f3b3b924e5,
Fixed_Rowwise,5,2,R05_F02,43,Training,COMP-9b0e3106e10f71db,
Fixed_Rowwise,5,2,R05_F02,44,Training,COMP-0d7ce00a50a6a24f,
Fixed_Rowwise,5,2,R05_F02,45,Training,COMP-59ce4655e65cf94a,
Fixed_Rowwise,5,2,R05_F02,47,Training,COMP-e295ac85ac1ada41,
Fixed_Rowwise,5,2,R05_F02,48,Training,COMP-b611e8d56579c910,
Fixed_Rowwise,5,2,R05_F02,49,Training,COMP-92ece298f11712f0,
Fixed_Rowwise,5,2,R05_F02,52,Training,COMP-06f5d2a767a65349,
Fixed_Rowwise,5,2,R05_F02,53,Training,COMP-06f5d2a767a65349,
Fixed_Rowwise,5,2,R05_F02,54,Training,COMP-ea1f0dc96a173899,
Fixed_Rowwise,5,2,R05_F02,60,Training,COMP-3f22c6642a7a1344,
Fixed_Rowwise,5,2,R05_F02,61,Training,COMP-3f22c6642a7a1344,
Fixed_Rowwise,5,2,R05_F02,62,Training,COMP-21d126c9d34df073,
Fixed_Rowwise,5,2,R05_F02,63,Training,COMP-21d126c9d34df073,
Fixed_Rowwise,5,2,R05_F02,64,Training,COMP-3157f0dc71f862ff,
Fixed_Rowwise,5,2,R05_F02,66,Training,COMP-b8df58296dba2095,
Fixed_Rowwise,5,2,R05_F02,67,Training,COMP-49d8e1edbf1c2fbd,
Fixed_Rowwise,5,2,R05_F02,68,Training,COMP-21d126c9d34df073,
Fixed_Rowwise,5,2,R05_F02,69,Training,COMP-8cee7ef8867afd2d,
Fixed_Rowwise,5,2,R05_F02,74,Training,COMP-f9a00d6d8411a0d1,
Fixed_Rowwise,5,2,R05_F02,83,Training,COMP-e913f917a7e36868,
Fixed_Rowwise,5,2,R05_F02,85,Training,COMP-e913f917a7e36868,
Fixed_Rowwise,5,2,R05_F02,86,Training,COMP-ea2a626c3522e4a5,
Fixed_Rowwise,5,2,R05_F02,87,Training,COMP-a14831ff30c0b14d,
Fixed_Rowwise,5,2,R05_F02,92,Training,COMP-ea2a626c3522e4a5,
Fixed_Rowwise,5,2,R05_F02,94,Training,COMP-ea2a626c3522e4a5,
Fixed_Rowwise,5,2,R05_F02,95,Training,COMP-ea2a626c3522e4a5,
Fixed_Rowwise,5,2,R05_F02,96,Training,COMP-ea2a626c3522e4a5,
Fixed_Rowwise,5,2,R05_F02,98,Training,COMP-e913f917a7e36868,
Fixed_Rowwise,5,2,R05_F02,99,Training,COMP-ea2a626c3522e4a5,
Fixed_Rowwise,5,2,R05_F02,100,Training,COMP-ea2a626c3522e4a5,
Fixed_Rowwise,5,2,R05_F02,102,Training,COMP-435a8f4ba56d8b5d,
Fixed_Rowwise,5,2,R05_F02,103,Training,COMP-435a8f4ba56d8b5d,
Fixed_Rowwise,5,2,R05_F02,105,Training,COMP-435a8f4ba56d8b5d,
Fixed_Rowwise,5,2,R05_F02,107,Training,COMP-384273ac244080b1,
Fixed_Rowwise,5,2,R05_F02,110,Training,COMP-c1d72bb5d7d164b0,
Fixed_Rowwise,5,2,R05_F02,111,Training,COMP-c1d72bb5d7d164b0,
Fixed_Rowwise,5,2,R05_F02,112,Training,COMP-c1d72bb5d7d164b0,
Fixed_Rowwise,5,2,R05_F02,114,Training,COMP-6360354242bed7fe,
Fixed_Rowwise,5,2,R05_F02,118,Training,COMP-8bbe9ce01fb6a2d3,
Fixed_Rowwise,5,2,R05_F02,120,Training,COMP-8bbe9ce01fb6a2d3,
Fixed_Rowwise,5,2,R05_F02,121,Training,COMP-b2e9edd7bc55d085,
Fixed_Rowwise,5,2,R05_F02,123,Training,COMP-0ee2ef468faff8db,
Fixed_Rowwise,5,2,R05_F02,126,Training,COMP-5502f8bc72167a0b,
Fixed_Rowwise,5,2,R05_F02,127,Training,COMP-5502f8bc72167a0b,
Fixed_Rowwise,5,2,R05_F02,130,Training,COMP-89919c53d3149a2d,
Fixed_Rowwise,5,2,R05_F02,133,Training,COMP-89919c53d3149a2d,
Fixed_Rowwise,5,2,R05_F02,134,Training,COMP-89919c53d3149a2d,
Fixed_Rowwise,5,2,R05_F02,135,Training,COMP-89919c53d3149a2d,
Fixed_Rowwise,5,2,R05_F02,138,Training,COMP-89919c53d3149a2d,
Fixed_Rowwise,5,2,R05_F02,139,Training,COMP-89919c53d3149a2d,
Fixed_Rowwise,5,2,R05_F02,141,Training,COMP-89919c53d3149a2d,
Fixed_Rowwise,5,2,R05_F02,142,Training,COMP-89919c53d3149a2d,
Fixed_Rowwise,5,2,R05_F02,143,Training,COMP-89919c53d3149a2d,
Fixed_Rowwise,5,2,R05_F02,144,Training,COMP-89919c53d3149a2d,
Fixed_Rowwise,5,2,R05_F02,145,Training,COMP-89919c53d3149a2d,
Fixed_Rowwise,5,2,R05_F02,147,Training,COMP-055230aabe7d502c,
Fixed_Rowwise,5,2,R05_F02,148,Training,COMP-150ce51691dfb5f9,
Fixed_Rowwise,5,2,R05_F02,149,Training,COMP-266a388f7afdbe91,
Fixed_Rowwise,5,2,R05_F02,150,Training,COMP-055230aabe7d502c,
Fixed_Rowwise,5,2,R05_F02,156,Training,COMP-941f92def7f50542,
Fixed_Rowwise,5,2,R05_F02,157,Training,COMP-ddfcf6030a718a0c,
Fixed_Rowwise,5,2,R05_F02,160,Training,COMP-0346738121cb655e,
Fixed_Rowwise,5,2,R05_F02,161,Training,COMP-eacd4f126ab29a30,
Fixed_Rowwise,5,2,R05_F02,162,Training,COMP-ddfcf6030a718a0c,
Fixed_Rowwise,5,2,R05_F02,163,Training,COMP-b2e9edd7bc55d085,
Fixed_Rowwise,5,2,R05_F02,164,Training,COMP-941f92def7f50542,
Fixed_Rowwise,5,2,R05_F02,167,Training,COMP-eacd4f126ab29a30,
Fixed_Rowwise,5,2,R05_F02,169,Training,COMP-92ed17371ff559b6,
Fixed_Rowwise,5,2,R05_F02,172,Training,COMP-92ed17371ff559b6,
Fixed_Rowwise,5,2,R05_F02,173,Training,COMP-0d41a2cf75110ad6,
Fixed_Rowwise,5,2,R05_F02,174,Training,COMP-a35a20d65351aafe,
Fixed_Rowwise,5,2,R05_F02,175,Training,COMP-b72f6533b137a4f6,
Fixed_Rowwise,5,2,R05_F02,176,Training,COMP-5479c448b954c055,
Fixed_Rowwise,5,2,R05_F02,178,Training,COMP-b9abc443805301b1,
Fixed_Rowwise,5,2,R05_F02,181,Training,COMP-69c6ecd7284d3b47,
Fixed_Rowwise,5,2,R05_F02,183,Training,COMP-630f3050f45faf36,
Fixed_Rowwise,5,2,R05_F02,186,Training,COMP-0966c0019ec07f39,
Fixed_Rowwise,5,2,R05_F02,187,Training,COMP-a7670bf71188b1d6,
Fixed_Rowwise,5,2,R05_F02,194,Training,COMP-445f55453794f59c,
Fixed_Rowwise,5,2,R05_F02,197,Training,COMP-880bd22028629a8e,
Fixed_Rowwise,5,2,R05_F02,199,Training,COMP-6525c735bb50fb1c,
Fixed_Rowwise,5,2,R05_F02,200,Training,COMP-b878df279a448475,
Fixed_Rowwise,5,2,R05_F02,201,Training,COMP-05480af3b167ab05,
Fixed_Rowwise,5,2,R05_F02,205,Training,COMP-d8a14990923ce9f7,
Fixed_Rowwise,5,2,R05_F02,207,Training,COMP-948abb1ebd270642,
Fixed_Rowwise,5,2,R05_F02,210,Training,COMP-d7494ade7e8dd694,
Fixed_Rowwise,5,2,R05_F02,211,Training,COMP-b775405901636085,
Fixed_Rowwise,5,2,R05_F02,214,Training,COMP-35e38ea13dc05b9e,
Fixed_Rowwise,5,2,R05_F02,215,Training,COMP-6b4f0394292930ba,
Fixed_Rowwise,5,2,R05_F02,216,Training,COMP-4a76c05754ee1efa,
Fixed_Rowwise,5,2,R05_F02,219,Training,COMP-eae7689b221fd7f8,
Fixed_Rowwise,5,2,R05_F02,221,Training,COMP-20d1e620c817cb5a,
Fixed_Rowwise,5,2,R05_F02,224,Training,COMP-93900d7c81c38cdd,
Fixed_Rowwise,5,2,R05_F02,225,Training,COMP-289a02a6b94655b9,
Fixed_Rowwise,5,2,R05_F02,226,Training,COMP-93900d7c81c38cdd,
Fixed_Rowwise,5,2,R05_F02,229,Training,COMP-2753cd2e053c8c98,
Fixed_Rowwise,5,2,R05_F02,230,Training,COMP-0107563adaed8d01,
Fixed_Rowwise,5,2,R05_F02,232,Training,COMP-0e256dc7494452a7,
Fixed_Rowwise,5,2,R05_F02,233,Training,COMP-e60cc4ecffe6b7df,
Fixed_Rowwise,5,2,R05_F02,235,Training,COMP-091a20b5a1dfb76f,
Fixed_Rowwise,5,2,R05_F02,236,Training,COMP-44fea4804e888e0a,
Fixed_Rowwise,5,2,R05_F02,237,Training,COMP-4ef2bcae5243588c,
Fixed_Rowwise,5,2,R05_F02,238,Training,COMP-fc5c3e46d2655b62,
Fixed_Rowwise,5,2,R05_F02,239,Training,COMP-0b765af90e5ebd4c,
Fixed_Rowwise,5,2,R05_F02,240,Training,COMP-0b765af90e5ebd4c,
Fixed_Rowwise,5,2,R05_F02,241,Training,COMP-631a18a4a6b20c0c,
Fixed_Rowwise,5,2,R05_F02,242,Training,COMP-631a18a4a6b20c0c,
Fixed_Rowwise,5,2,R05_F02,246,Training,COMP-1fc9679353325516,
Fixed_Rowwise,5,2,R05_F02,247,Training,COMP-e295ac85ac1ada41,
Fixed_Rowwise,5,2,R05_F02,251,Training,COMP-dd1e9c4c0f247912,
Fixed_Rowwise,5,2,R05_F02,252,Training,COMP-725d39a40881dc4b,
Fixed_Rowwise,5,2,R05_F02,253,Training,COMP-725d39a40881dc4b,
Fixed_Rowwise,5,2,R05_F02,256,Training,COMP-95a56990f4bea8a9,
Fixed_Rowwise,5,2,R05_F02,257,Training,COMP-95a56990f4bea8a9,
Fixed_Rowwise,5,2,R05_F02,258,Training,COMP-95a56990f4bea8a9,
Fixed_Rowwise,5,2,R05_F02,259,Training,COMP-95a56990f4bea8a9,
Fixed_Rowwise,5,2,R05_F02,260,Training,COMP-95a56990f4bea8a9,
Fixed_Rowwise,5,2,R05_F02,263,Training,COMP-95a56990f4bea8a9,
Fixed_Rowwise,5,2,R05_F02,266,Training,COMP-95a56990f4bea8a9,
Fixed_Rowwise,5,2,R05_F02,268,Training,COMP-95a56990f4bea8a9,
Fixed_Rowwise,5,2,R05_F02,271,Training,COMP-95a56990f4bea8a9,
Fixed_Rowwise,5,2,R05_F02,272,Training,COMP-95a56990f4bea8a9,
Fixed_Rowwise,5,2,R05_F02,283,Training,COMP-95a56990f4bea8a9,
Fixed_Rowwise,5,2,R05_F02,285,Training,COMP-95a56990f4bea8a9,
Fixed_Rowwise,5,2,R05_F02,286,Training,COMP-478c9f483894c42c,
Fixed_Rowwise,5,2,R05_F02,288,Training,COMP-478c9f483894c42c,
Fixed_Rowwise,5,2,R05_F02,292,Training,COMP-478c9f483894c42c,
Fixed_Rowwise,5,2,R05_F02,295,Training,COMP-478c9f483894c42c,
Fixed_Rowwise,5,2,R05_F02,296,Training,COMP-478c9f483894c42c,
Fixed_Rowwise,5,2,R05_F02,300,Training,COMP-478c9f483894c42c,
Fixed_Rowwise,5,2,R05_F02,303,Training,COMP-478c9f483894c42c,
Fixed_Rowwise,5,2,R05_F02,306,Training,COMP-478c9f483894c42c,
Fixed_Rowwise,5,2,R05_F02,307,Training,COMP-478c9f483894c42c,
Fixed_Rowwise,5,2,R05_F02,309,Training,COMP-478c9f483894c42c,
Fixed_Rowwise,5,2,R05_F02,310,Training,COMP-478c9f483894c42c,
Fixed_Rowwise,5,2,R05_F02,311,Training,COMP-478c9f483894c42c,
Fixed_Rowwise,5,2,R05_F02,313,Training,COMP-478c9f483894c42c,
Fixed_Rowwise,5,2,R05_F02,315,Training,COMP-478c9f483894c42c,
Fixed_Rowwise,5,2,R05_F02,316,Training,COMP-478c9f483894c42c,
Fixed_Rowwise,5,2,R05_F02,320,Training,COMP-dbc0864492ec7b98,
Fixed_Rowwise,5,2,R05_F02,321,Training,COMP-dbc0864492ec7b98,
Fixed_Rowwise,5,2,R05_F02,322,Training,COMP-dbc0864492ec7b98,
Fixed_Rowwise,5,2,R05_F02,323,Training,COMP-dbc0864492ec7b98,
Fixed_Rowwise,5,2,R05_F02,325,Training,COMP-dbc0864492ec7b98,
Fixed_Rowwise,5,2,R05_F02,326,Training,COMP-dbc0864492ec7b98,
Fixed_Rowwise,5,2,R05_F02,327,Training,COMP-dbc0864492ec7b98,
Fixed_Rowwise,5,2,R05_F02,328,Training,COMP-dbc0864492ec7b98,
Fixed_Rowwise,5,2,R05_F02,331,Training,COMP-dbc0864492ec7b98,
Fixed_Rowwise,5,2,R05_F02,334,Training,COMP-dbc0864492ec7b98,
Fixed_Rowwise,5,2,R05_F02,342,Training,COMP-221944a235b3f36b,
Fixed_Rowwise,5,2,R05_F02,347,Training,COMP-e1e52574fbb04f58,
Fixed_Rowwise,5,2,R05_F02,349,Training,COMP-30cef922979fb9fd,
Fixed_Rowwise,5,2,R05_F02,350,Training,COMP-30cef922979fb9fd,
Fixed_Rowwise,5,2,R05_F02,351,Training,COMP-30cef922979fb9fd,
Fixed_Rowwise,5,2,R05_F02,352,Training,COMP-30cef922979fb9fd,
Fixed_Rowwise,5,2,R05_F02,354,Training,COMP-59f47d6774b9fdfb,
Fixed_Rowwise,5,2,R05_F02,358,Training,COMP-59f47d6774b9fdfb,
Fixed_Rowwise,5,2,R05_F02,363,Training,COMP-0765adc8c505dd3b,
Fixed_Rowwise,5,2,R05_F02,364,Training,COMP-0765adc8c505dd3b,
Fixed_Rowwise,5,2,R05_F02,365,Training,COMP-e1e52574fbb04f58,
Fixed_Rowwise,5,2,R05_F02,371,Training,COMP-6f2ca218fbd1923b,
Fixed_Rowwise,5,2,R05_F02,372,Training,COMP-6f2ca218fbd1923b,
Fixed_Rowwise,5,2,R05_F02,375,Training,COMP-6f2ca218fbd1923b,
Fixed_Rowwise,5,2,R05_F02,376,Training,COMP-6f2ca218fbd1923b,
Fixed_Rowwise,5,2,R05_F02,381,Training,COMP-6f2ca218fbd1923b,
Fixed_Rowwise,5,2,R05_F02,384,Training,COMP-6f2ca218fbd1923b,
Fixed_Rowwise,5,2,R05_F02,386,Training,COMP-6f2ca218fbd1923b,
Fixed_Rowwise,5,2,R05_F02,387,Training,COMP-6f2ca218fbd1923b,
Fixed_Rowwise,5,2,R05_F02,388,Training,COMP-6f2ca218fbd1923b,
Fixed_Rowwise,5,2,R05_F02,389,Training,COMP-6f2ca218fbd1923b,
Fixed_Rowwise,5,2,R05_F02,391,Training,COMP-6f2ca218fbd1923b,
Fixed_Rowwise,5,2,R05_F02,393,Training,COMP-6f2ca218fbd1923b,
Fixed_Rowwise,5,2,R05_F02,395,Training,COMP-6f2ca218fbd1923b,
Fixed_Rowwise,5,2,R05_F02,399,Training,COMP-6f2ca218fbd1923b,
Fixed_Rowwise,5,2,R05_F02,404,Training,COMP-6f2ca218fbd1923b,
Fixed_Rowwise,5,2,R05_F02,405,Training,COMP-6f2ca218fbd1923b,
Fixed_Rowwise,5,2,R05_F02,406,Training,COMP-7fb1fecc93ced403,
Fixed_Rowwise,5,2,R05_F02,413,Training,COMP-a85acb2f2da0216b,
Fixed_Rowwise,5,2,R05_F02,414,Training,COMP-a85acb2f2da0216b,
Fixed_Rowwise,5,2,R05_F02,418,Training,COMP-a85acb2f2da0216b,
Fixed_Rowwise,5,2,R05_F02,421,Training,COMP-edeedccfd8f07e13,
Fixed_Rowwise,5,2,R05_F02,422,Training,COMP-edeedccfd8f07e13,
Fixed_Rowwise,5,2,R05_F02,424,Training,COMP-f9d9cbed014e8b80,
Fixed_Rowwise,5,2,R05_F02,427,Training,COMP-f9d9cbed014e8b80,
Fixed_Rowwise,5,2,R05_F02,429,Training,COMP-f9d9cbed014e8b80,
Fixed_Rowwise,5,2,R05_F02,431,Training,COMP-f9d9cbed014e8b80,
Fixed_Rowwise,5,2,R05_F02,432,Training,COMP-f9d9cbed014e8b80,
Fixed_Rowwise,5,2,R05_F02,434,Training,COMP-f9d9cbed014e8b80,
Fixed_Rowwise,5,2,R05_F02,438,Training,COMP-f9d9cbed014e8b80,
Fixed_Rowwise,5,2,R05_F02,440,Training,COMP-f9d9cbed014e8b80,
Fixed_Rowwise,5,2,R05_F02,441,Training,COMP-f9d9cbed014e8b80,
Fixed_Rowwise,5,2,R05_F02,444,Training,COMP-f9d9cbed014e8b80,
Fixed_Rowwise,5,2,R05_F02,445,Training,COMP-f9d9cbed014e8b80,
Fixed_Rowwise,5,2,R05_F02,448,Training,COMP-f9d9cbed014e8b80,
Fixed_Rowwise,5,2,R05_F02,449,Training,COMP-f9d9cbed014e8b80,
Fixed_Rowwise,5,2,R05_F02,451,Training,COMP-f9d9cbed014e8b80,
Fixed_Rowwise,5,2,R05_F02,3,Validation,COMP-725d39a40881dc4b,
Fixed_Rowwise,5,2,R05_F02,8,Validation,COMP-725d39a40881dc4b,
Fixed_Rowwise,5,2,R05_F02,17,Validation,COMP-773f99d6dc417f9e,
Fixed_Rowwise,5,2,R05_F02,21,Validation,COMP-0b765af90e5ebd4c,
Fixed_Rowwise,5,2,R05_F02,24,Validation,COMP-0b765af90e5ebd4c,
Fixed_Rowwise,5,2,R05_F02,29,Validation,COMP-773f99d6dc417f9e,
Fixed_Rowwise,5,2,R05_F02,51,Validation,COMP-dbc0864492ec7b98,
Fixed_Rowwise,5,2,R05_F02,65,Validation,COMP-7c0b488137fafb3b,
Fixed_Rowwise,5,2,R05_F02,80,Validation,COMP-a14831ff30c0b14d,
Fixed_Rowwise,5,2,R05_F02,84,Validation,COMP-a14831ff30c0b14d,
Fixed_Rowwise,5,2,R05_F02,88,Validation,COMP-ea2a626c3522e4a5,
Fixed_Rowwise,5,2,R05_F02,97,Validation,COMP-a14831ff30c0b14d,
Fixed_Rowwise,5,2,R05_F02,104,Validation,COMP-435a8f4ba56d8b5d,
Fixed_Rowwise,5,2,R05_F02,106,Validation,COMP-435a8f4ba56d8b5d,
Fixed_Rowwise,5,2,R05_F02,115,Validation,COMP-15c7378d46cadefa,
Fixed_Rowwise,5,2,R05_F02,122,Validation,COMP-b2e9edd7bc55d085,
Fixed_Rowwise,5,2,R05_F02,125,Validation,COMP-0ee2ef468faff8db,
Fixed_Rowwise,5,2,R05_F02,146,Validation,COMP-266a388f7afdbe91,
Fixed_Rowwise,5,2,R05_F02,152,Validation,COMP-055230aabe7d502c,
Fixed_Rowwise,5,2,R05_F02,154,Validation,COMP-150ce51691dfb5f9,
Fixed_Rowwise,5,2,R05_F02,159,Validation,COMP-0346738121cb655e,
Fixed_Rowwise,5,2,R05_F02,168,Validation,COMP-92ed17371ff559b6,
Fixed_Rowwise,5,2,R05_F02,177,Validation,COMP-5479c448b954c055,
Fixed_Rowwise,5,2,R05_F02,182,Validation,COMP-630f3050f45faf36,
Fixed_Rowwise,5,2,R05_F02,184,Validation,COMP-0966c0019ec07f39,
Fixed_Rowwise,5,2,R05_F02,188,Validation,COMP-a7670bf71188b1d6,
Fixed_Rowwise,5,2,R05_F02,193,Validation,COMP-889d7d6c6dbf5b76,
Fixed_Rowwise,5,2,R05_F02,202,Validation,COMP-598bc18a3ba07a9e,
Fixed_Rowwise,5,2,R05_F02,228,Validation,COMP-46e30c1bd5e987da,
Fixed_Rowwise,5,2,R05_F02,231,Validation,COMP-0e256dc7494452a7,
Fixed_Rowwise,5,2,R05_F02,243,Validation,COMP-b0cc51380afea02b,
Fixed_Rowwise,5,2,R05_F02,249,Validation,COMP-e295ac85ac1ada41,
Fixed_Rowwise,5,2,R05_F02,255,Validation,COMP-95a56990f4bea8a9,
Fixed_Rowwise,5,2,R05_F02,273,Validation,COMP-95a56990f4bea8a9,
Fixed_Rowwise,5,2,R05_F02,282,Validation,COMP-95a56990f4bea8a9,
Fixed_Rowwise,5,2,R05_F02,324,Validation,COMP-dbc0864492ec7b98,
Fixed_Rowwise,5,2,R05_F02,333,Validation,COMP-dbc0864492ec7b98,
Fixed_Rowwise,5,2,R05_F02,337,Validation,COMP-06072d2dd3b021af,
Fixed_Rowwise,5,2,R05_F02,339,Validation,COMP-06072d2dd3b021af,
Fixed_Rowwise,5,2,R05_F02,341,Validation,COMP-221944a235b3f36b,
Fixed_Rowwise,5,2,R05_F02,344,Validation,COMP-e1e52574fbb04f58,
Fixed_Rowwise,5,2,R05_F02,345,Validation,COMP-e1e52574fbb04f58,
Fixed_Rowwise,5,2,R05_F02,348,Validation,COMP-30cef922979fb9fd,
Fixed_Rowwise,5,2,R05_F02,356,Validation,COMP-59f47d6774b9fdfb,
Fixed_Rowwise,5,2,R05_F02,360,Validation,COMP-0765adc8c505dd3b,
Fixed_Rowwise,5,2,R05_F02,369,Validation,COMP-6f2ca218fbd1923b,
Fixed_Rowwise,5,2,R05_F02,378,Validation,COMP-6f2ca218fbd1923b,
Fixed_Rowwise,5,2,R05_F02,380,Validation,COMP-6f2ca218fbd1923b,
Fixed_Rowwise,5,2,R05_F02,382,Validation,COMP-6f2ca218fbd1923b,
Fixed_Rowwise,5,2,R05_F02,402,Validation,COMP-6f2ca218fbd1923b,
Fixed_Rowwise,5,2,R05_F02,408,Validation,COMP-7fb1fecc93ced403,
Fixed_Rowwise,5,2,R05_F02,415,Validation,COMP-a85acb2f2da0216b,
Fixed_Rowwise,5,2,R05_F02,425,Validation,COMP-f9d9cbed014e8b80,
Fixed_Rowwise,5,2,R05_F02,450,Validation,COMP-f9d9cbed014e8b80,
Fixed_Rowwise,5,3,R05_F03,1,Training,COMP-27021c945dc6ef2d,
Fixed_Rowwise,5,3,R05_F03,3,Training,COMP-725d39a40881dc4b,
Fixed_Rowwise,5,3,R05_F03,6,Training,COMP-27021c945dc6ef2d,
Fixed_Rowwise,5,3,R05_F03,7,Training,COMP-725d39a40881dc4b,
Fixed_Rowwise,5,3,R05_F03,8,Training,COMP-725d39a40881dc4b,
Fixed_Rowwise,5,3,R05_F03,12,Training,COMP-725d39a40881dc4b,
Fixed_Rowwise,5,3,R05_F03,13,Training,COMP-27021c945dc6ef2d,
Fixed_Rowwise,5,3,R05_F03,14,Training,COMP-609dfbaf681359b8,
Fixed_Rowwise,5,3,R05_F03,17,Training,COMP-773f99d6dc417f9e,
Fixed_Rowwise,5,3,R05_F03,20,Training,COMP-0b765af90e5ebd4c,
Fixed_Rowwise,5,3,R05_F03,21,Training,COMP-0b765af90e5ebd4c,
Fixed_Rowwise,5,3,R05_F03,23,Training,COMP-81f8a3600f73b006,
Fixed_Rowwise,5,3,R05_F03,24,Training,COMP-0b765af90e5ebd4c,
Fixed_Rowwise,5,3,R05_F03,26,Training,COMP-7decbe1f0284bd78,
Fixed_Rowwise,5,3,R05_F03,29,Training,COMP-773f99d6dc417f9e,
Fixed_Rowwise,5,3,R05_F03,32,Training,COMP-81f8a3600f73b006,
Fixed_Rowwise,5,3,R05_F03,35,Training,COMP-a87a2533a652007c,
Fixed_Rowwise,5,3,R05_F03,36,Training,COMP-87a7ec252c82f56c,
Fixed_Rowwise,5,3,R05_F03,37,Training,COMP-f6d84b53636ddfbe,
Fixed_Rowwise,5,3,R05_F03,40,Training,COMP-1af7d3f3b3b924e5,
Fixed_Rowwise,5,3,R05_F03,41,Training,COMP-1af7d3f3b3b924e5,
Fixed_Rowwise,5,3,R05_F03,43,Training,COMP-9b0e3106e10f71db,
Fixed_Rowwise,5,3,R05_F03,44,Training,COMP-0d7ce00a50a6a24f,
Fixed_Rowwise,5,3,R05_F03,45,Training,COMP-59ce4655e65cf94a,
Fixed_Rowwise,5,3,R05_F03,48,Training,COMP-b611e8d56579c910,
Fixed_Rowwise,5,3,R05_F03,51,Training,COMP-dbc0864492ec7b98,
Fixed_Rowwise,5,3,R05_F03,53,Training,COMP-06f5d2a767a65349,
Fixed_Rowwise,5,3,R05_F03,54,Training,COMP-ea1f0dc96a173899,
Fixed_Rowwise,5,3,R05_F03,60,Training,COMP-3f22c6642a7a1344,
Fixed_Rowwise,5,3,R05_F03,61,Training,COMP-3f22c6642a7a1344,
Fixed_Rowwise,5,3,R05_F03,62,Training,COMP-21d126c9d34df073,
Fixed_Rowwise,5,3,R05_F03,63,Training,COMP-21d126c9d34df073,
Fixed_Rowwise,5,3,R05_F03,64,Training,COMP-3157f0dc71f862ff,
Fixed_Rowwise,5,3,R05_F03,65,Training,COMP-7c0b488137fafb3b,
Fixed_Rowwise,5,3,R05_F03,66,Training,COMP-b8df58296dba2095,
Fixed_Rowwise,5,3,R05_F03,67,Training,COMP-49d8e1edbf1c2fbd,
Fixed_Rowwise,5,3,R05_F03,68,Training,COMP-21d126c9d34df073,
Fixed_Rowwise,5,3,R05_F03,69,Training,COMP-8cee7ef8867afd2d,
Fixed_Rowwise,5,3,R05_F03,74,Training,COMP-f9a00d6d8411a0d1,
Fixed_Rowwise,5,3,R05_F03,80,Training,COMP-a14831ff30c0b14d,
Fixed_Rowwise,5,3,R05_F03,84,Training,COMP-a14831ff30c0b14d,
Fixed_Rowwise,5,3,R05_F03,85,Training,COMP-e913f917a7e36868,
Fixed_Rowwise,5,3,R05_F03,86,Training,COMP-ea2a626c3522e4a5,
Fixed_Rowwise,5,3,R05_F03,87,Training,COMP-a14831ff30c0b14d,
Fixed_Rowwise,5,3,R05_F03,88,Training,COMP-ea2a626c3522e4a5,
Fixed_Rowwise,5,3,R05_F03,92,Training,COMP-ea2a626c3522e4a5,
Fixed_Rowwise,5,3,R05_F03,94,Training,COMP-ea2a626c3522e4a5,
Fixed_Rowwise,5,3,R05_F03,95,Training,COMP-ea2a626c3522e4a5,
Fixed_Rowwise,5,3,R05_F03,96,Training,COMP-ea2a626c3522e4a5,
Fixed_Rowwise,5,3,R05_F03,97,Training,COMP-a14831ff30c0b14d,
Fixed_Rowwise,5,3,R05_F03,98,Training,COMP-e913f917a7e36868,
Fixed_Rowwise,5,3,R05_F03,99,Training,COMP-ea2a626c3522e4a5,
Fixed_Rowwise,5,3,R05_F03,102,Training,COMP-435a8f4ba56d8b5d,
Fixed_Rowwise,5,3,R05_F03,103,Training,COMP-435a8f4ba56d8b5d,
Fixed_Rowwise,5,3,R05_F03,104,Training,COMP-435a8f4ba56d8b5d,
Fixed_Rowwise,5,3,R05_F03,105,Training,COMP-435a8f4ba56d8b5d,
Fixed_Rowwise,5,3,R05_F03,106,Training,COMP-435a8f4ba56d8b5d,
Fixed_Rowwise,5,3,R05_F03,107,Training,COMP-384273ac244080b1,
Fixed_Rowwise,5,3,R05_F03,110,Training,COMP-c1d72bb5d7d164b0,
Fixed_Rowwise,5,3,R05_F03,111,Training,COMP-c1d72bb5d7d164b0,
Fixed_Rowwise,5,3,R05_F03,114,Training,COMP-6360354242bed7fe,
Fixed_Rowwise,5,3,R05_F03,115,Training,COMP-15c7378d46cadefa,
Fixed_Rowwise,5,3,R05_F03,118,Training,COMP-8bbe9ce01fb6a2d3,
Fixed_Rowwise,5,3,R05_F03,120,Training,COMP-8bbe9ce01fb6a2d3,
Fixed_Rowwise,5,3,R05_F03,121,Training,COMP-b2e9edd7bc55d085,
Fixed_Rowwise,5,3,R05_F03,122,Training,COMP-b2e9edd7bc55d085,
Fixed_Rowwise,5,3,R05_F03,125,Training,COMP-0ee2ef468faff8db,
Fixed_Rowwise,5,3,R05_F03,126,Training,COMP-5502f8bc72167a0b,
Fixed_Rowwise,5,3,R05_F03,130,Training,COMP-89919c53d3149a2d,
Fixed_Rowwise,5,3,R05_F03,135,Training,COMP-89919c53d3149a2d,
Fixed_Rowwise,5,3,R05_F03,138,Training,COMP-89919c53d3149a2d,
Fixed_Rowwise,5,3,R05_F03,142,Training,COMP-89919c53d3149a2d,
Fixed_Rowwise,5,3,R05_F03,143,Training,COMP-89919c53d3149a2d,
Fixed_Rowwise,5,3,R05_F03,144,Training,COMP-89919c53d3149a2d,
Fixed_Rowwise,5,3,R05_F03,145,Training,COMP-89919c53d3149a2d,
Fixed_Rowwise,5,3,R05_F03,146,Training,COMP-266a388f7afdbe91,
Fixed_Rowwise,5,3,R05_F03,148,Training,COMP-150ce51691dfb5f9,
Fixed_Rowwise,5,3,R05_F03,149,Training,COMP-266a388f7afdbe91,
Fixed_Rowwise,5,3,R05_F03,152,Training,COMP-055230aabe7d502c,
Fixed_Rowwise,5,3,R05_F03,154,Training,COMP-150ce51691dfb5f9,
Fixed_Rowwise,5,3,R05_F03,156,Training,COMP-941f92def7f50542,
Fixed_Rowwise,5,3,R05_F03,157,Training,COMP-ddfcf6030a718a0c,
Fixed_Rowwise,5,3,R05_F03,159,Training,COMP-0346738121cb655e,
Fixed_Rowwise,5,3,R05_F03,161,Training,COMP-eacd4f126ab29a30,
Fixed_Rowwise,5,3,R05_F03,163,Training,COMP-b2e9edd7bc55d085,
Fixed_Rowwise,5,3,R05_F03,164,Training,COMP-941f92def7f50542,
Fixed_Rowwise,5,3,R05_F03,168,Training,COMP-92ed17371ff559b6,
Fixed_Rowwise,5,3,R05_F03,169,Training,COMP-92ed17371ff559b6,
Fixed_Rowwise,5,3,R05_F03,172,Training,COMP-92ed17371ff559b6,
Fixed_Rowwise,5,3,R05_F03,173,Training,COMP-0d41a2cf75110ad6,
Fixed_Rowwise,5,3,R05_F03,176,Training,COMP-5479c448b954c055,
Fixed_Rowwise,5,3,R05_F03,177,Training,COMP-5479c448b954c055,
Fixed_Rowwise,5,3,R05_F03,178,Training,COMP-b9abc443805301b1,
Fixed_Rowwise,5,3,R05_F03,181,Training,COMP-69c6ecd7284d3b47,
Fixed_Rowwise,5,3,R05_F03,182,Training,COMP-630f3050f45faf36,
Fixed_Rowwise,5,3,R05_F03,183,Training,COMP-630f3050f45faf36,
Fixed_Rowwise,5,3,R05_F03,184,Training,COMP-0966c0019ec07f39,
Fixed_Rowwise,5,3,R05_F03,186,Training,COMP-0966c0019ec07f39,
Fixed_Rowwise,5,3,R05_F03,187,Training,COMP-a7670bf71188b1d6,
Fixed_Rowwise,5,3,R05_F03,188,Training,COMP-a7670bf71188b1d6,
Fixed_Rowwise,5,3,R05_F03,193,Training,COMP-889d7d6c6dbf5b76,
Fixed_Rowwise,5,3,R05_F03,194,Training,COMP-445f55453794f59c,
Fixed_Rowwise,5,3,R05_F03,197,Training,COMP-880bd22028629a8e,
Fixed_Rowwise,5,3,R05_F03,200,Training,COMP-b878df279a448475,
Fixed_Rowwise,5,3,R05_F03,201,Training,COMP-05480af3b167ab05,
Fixed_Rowwise,5,3,R05_F03,202,Training,COMP-598bc18a3ba07a9e,
Fixed_Rowwise,5,3,R05_F03,207,Training,COMP-948abb1ebd270642,
Fixed_Rowwise,5,3,R05_F03,210,Training,COMP-d7494ade7e8dd694,
Fixed_Rowwise,5,3,R05_F03,211,Training,COMP-b775405901636085,
Fixed_Rowwise,5,3,R05_F03,214,Training,COMP-35e38ea13dc05b9e,
Fixed_Rowwise,5,3,R05_F03,215,Training,COMP-6b4f0394292930ba,
Fixed_Rowwise,5,3,R05_F03,219,Training,COMP-eae7689b221fd7f8,
Fixed_Rowwise,5,3,R05_F03,221,Training,COMP-20d1e620c817cb5a,
Fixed_Rowwise,5,3,R05_F03,224,Training,COMP-93900d7c81c38cdd,
Fixed_Rowwise,5,3,R05_F03,225,Training,COMP-289a02a6b94655b9,
Fixed_Rowwise,5,3,R05_F03,226,Training,COMP-93900d7c81c38cdd,
Fixed_Rowwise,5,3,R05_F03,228,Training,COMP-46e30c1bd5e987da,
Fixed_Rowwise,5,3,R05_F03,230,Training,COMP-0107563adaed8d01,
Fixed_Rowwise,5,3,R05_F03,231,Training,COMP-0e256dc7494452a7,
Fixed_Rowwise,5,3,R05_F03,232,Training,COMP-0e256dc7494452a7,
Fixed_Rowwise,5,3,R05_F03,233,Training,COMP-e60cc4ecffe6b7df,
Fixed_Rowwise,5,3,R05_F03,236,Training,COMP-44fea4804e888e0a,
Fixed_Rowwise,5,3,R05_F03,239,Training,COMP-0b765af90e5ebd4c,
Fixed_Rowwise,5,3,R05_F03,240,Training,COMP-0b765af90e5ebd4c,
Fixed_Rowwise,5,3,R05_F03,242,Training,COMP-631a18a4a6b20c0c,
Fixed_Rowwise,5,3,R05_F03,243,Training,COMP-b0cc51380afea02b,
Fixed_Rowwise,5,3,R05_F03,246,Training,COMP-1fc9679353325516,
Fixed_Rowwise,5,3,R05_F03,249,Training,COMP-e295ac85ac1ada41,
Fixed_Rowwise,5,3,R05_F03,251,Training,COMP-dd1e9c4c0f247912,
Fixed_Rowwise,5,3,R05_F03,252,Training,COMP-725d39a40881dc4b,
Fixed_Rowwise,5,3,R05_F03,253,Training,COMP-725d39a40881dc4b,
Fixed_Rowwise,5,3,R05_F03,255,Training,COMP-95a56990f4bea8a9,
Fixed_Rowwise,5,3,R05_F03,256,Training,COMP-95a56990f4bea8a9,
Fixed_Rowwise,5,3,R05_F03,257,Training,COMP-95a56990f4bea8a9,
Fixed_Rowwise,5,3,R05_F03,258,Training,COMP-95a56990f4bea8a9,
Fixed_Rowwise,5,3,R05_F03,259,Training,COMP-95a56990f4bea8a9,
Fixed_Rowwise,5,3,R05_F03,260,Training,COMP-95a56990f4bea8a9,
Fixed_Rowwise,5,3,R05_F03,263,Training,COMP-95a56990f4bea8a9,
Fixed_Rowwise,5,3,R05_F03,268,Training,COMP-95a56990f4bea8a9,
Fixed_Rowwise,5,3,R05_F03,271,Training,COMP-95a56990f4bea8a9,
Fixed_Rowwise,5,3,R05_F03,272,Training,COMP-95a56990f4bea8a9,
Fixed_Rowwise,5,3,R05_F03,273,Training,COMP-95a56990f4bea8a9,
Fixed_Rowwise,5,3,R05_F03,282,Training,COMP-95a56990f4bea8a9,
Fixed_Rowwise,5,3,R05_F03,285,Training,COMP-95a56990f4bea8a9,
Fixed_Rowwise,5,3,R05_F03,288,Training,COMP-478c9f483894c42c,
Fixed_Rowwise,5,3,R05_F03,292,Training,COMP-478c9f483894c42c,
Fixed_Rowwise,5,3,R05_F03,296,Training,COMP-478c9f483894c42c,
Fixed_Rowwise,5,3,R05_F03,306,Training,COMP-478c9f483894c42c,
Fixed_Rowwise,5,3,R05_F03,309,Training,COMP-478c9f483894c42c,
Fixed_Rowwise,5,3,R05_F03,310,Training,COMP-478c9f483894c42c,
Fixed_Rowwise,5,3,R05_F03,311,Training,COMP-478c9f483894c42c,
Fixed_Rowwise,5,3,R05_F03,315,Training,COMP-478c9f483894c42c,
Fixed_Rowwise,5,3,R05_F03,316,Training,COMP-478c9f483894c42c,
Fixed_Rowwise,5,3,R05_F03,320,Training,COMP-dbc0864492ec7b98,
Fixed_Rowwise,5,3,R05_F03,321,Training,COMP-dbc0864492ec7b98,
Fixed_Rowwise,5,3,R05_F03,322,Training,COMP-dbc0864492ec7b98,
Fixed_Rowwise,5,3,R05_F03,323,Training,COMP-dbc0864492ec7b98,
Fixed_Rowwise,5,3,R05_F03,324,Training,COMP-dbc0864492ec7b98,
Fixed_Rowwise,5,3,R05_F03,325,Training,COMP-dbc0864492ec7b98,
Fixed_Rowwise,5,3,R05_F03,326,Training,COMP-dbc0864492ec7b98,
Fixed_Rowwise,5,3,R05_F03,331,Training,COMP-dbc0864492ec7b98,
Fixed_Rowwise,5,3,R05_F03,333,Training,COMP-dbc0864492ec7b98,
Fixed_Rowwise,5,3,R05_F03,334,Training,COMP-dbc0864492ec7b98,
Fixed_Rowwise,5,3,R05_F03,337,Training,COMP-06072d2dd3b021af,
Fixed_Rowwise,5,3,R05_F03,339,Training,COMP-06072d2dd3b021af,
Fixed_Rowwise,5,3,R05_F03,341,Training,COMP-221944a235b3f36b,
Fixed_Rowwise,5,3,R05_F03,342,Training,COMP-221944a235b3f36b,
Fixed_Rowwise,5,3,R05_F03,344,Training,COMP-e1e52574fbb04f58,
Fixed_Rowwise,5,3,R05_F03,345,Training,COMP-e1e52574fbb04f58,
Fixed_Rowwise,5,3,R05_F03,347,Training,COMP-e1e52574fbb04f58,
Fixed_Rowwise,5,3,R05_F03,348,Training,COMP-30cef922979fb9fd,
Fixed_Rowwise,5,3,R05_F03,349,Training,COMP-30cef922979fb9fd,
Fixed_Rowwise,5,3,R05_F03,350,Training,COMP-30cef922979fb9fd,
Fixed_Rowwise,5,3,R05_F03,351,Training,COMP-30cef922979fb9fd,
Fixed_Rowwise,5,3,R05_F03,352,Training,COMP-30cef922979fb9fd,
Fixed_Rowwise,5,3,R05_F03,356,Training,COMP-59f47d6774b9fdfb,
Fixed_Rowwise,5,3,R05_F03,360,Training,COMP-0765adc8c505dd3b,
Fixed_Rowwise,5,3,R05_F03,363,Training,COMP-0765adc8c505dd3b,
Fixed_Rowwise,5,3,R05_F03,364,Training,COMP-0765adc8c505dd3b,
Fixed_Rowwise,5,3,R05_F03,369,Training,COMP-6f2ca218fbd1923b,
Fixed_Rowwise,5,3,R05_F03,371,Training,COMP-6f2ca218fbd1923b,
Fixed_Rowwise,5,3,R05_F03,372,Training,COMP-6f2ca218fbd1923b,
Fixed_Rowwise,5,3,R05_F03,375,Training,COMP-6f2ca218fbd1923b,
Fixed_Rowwise,5,3,R05_F03,376,Training,COMP-6f2ca218fbd1923b,
Fixed_Rowwise,5,3,R05_F03,378,Training,COMP-6f2ca218fbd1923b,
Fixed_Rowwise,5,3,R05_F03,380,Training,COMP-6f2ca218fbd1923b,
Fixed_Rowwise,5,3,R05_F03,381,Training,COMP-6f2ca218fbd1923b,
Fixed_Rowwise,5,3,R05_F03,382,Training,COMP-6f2ca218fbd1923b,
Fixed_Rowwise,5,3,R05_F03,384,Training,COMP-6f2ca218fbd1923b,
Fixed_Rowwise,5,3,R05_F03,386,Training,COMP-6f2ca218fbd1923b,
Fixed_Rowwise,5,3,R05_F03,388,Training,COMP-6f2ca218fbd1923b,
Fixed_Rowwise,5,3,R05_F03,391,Training,COMP-6f2ca218fbd1923b,
Fixed_Rowwise,5,3,R05_F03,393,Training,COMP-6f2ca218fbd1923b,
Fixed_Rowwise,5,3,R05_F03,395,Training,COMP-6f2ca218fbd1923b,
Fixed_Rowwise,5,3,R05_F03,399,Training,COMP-6f2ca218fbd1923b,
Fixed_Rowwise,5,3,R05_F03,402,Training,COMP-6f2ca218fbd1923b,
Fixed_Rowwise,5,3,R05_F03,404,Training,COMP-6f2ca218fbd1923b,
Fixed_Rowwise,5,3,R05_F03,405,Training,COMP-6f2ca218fbd1923b,
Fixed_Rowwise,5,3,R05_F03,406,Training,COMP-7fb1fecc93ced403,
Fixed_Rowwise,5,3,R05_F03,408,Training,COMP-7fb1fecc93ced403,
Fixed_Rowwise,5,3,R05_F03,413,Training,COMP-a85acb2f2da0216b,
Fixed_Rowwise,5,3,R05_F03,414,Training,COMP-a85acb2f2da0216b,
Fixed_Rowwise,5,3,R05_F03,415,Training,COMP-a85acb2f2da0216b,
Fixed_Rowwise,5,3,R05_F03,418,Training,COMP-a85acb2f2da0216b,
Fixed_Rowwise,5,3,R05_F03,421,Training,COMP-edeedccfd8f07e13,
Fixed_Rowwise,5,3,R05_F03,422,Training,COMP-edeedccfd8f07e13,
Fixed_Rowwise,5,3,R05_F03,425,Training,COMP-f9d9cbed014e8b80,
Fixed_Rowwise,5,3,R05_F03,427,Training,COMP-f9d9cbed014e8b80,
Fixed_Rowwise,5,3,R05_F03,429,Training,COMP-f9d9cbed014e8b80,
Fixed_Rowwise,5,3,R05_F03,431,Training,COMP-f9d9cbed014e8b80,
Fixed_Rowwise,5,3,R05_F03,434,Training,COMP-f9d9cbed014e8b80,
Fixed_Rowwise,5,3,R05_F03,438,Training,COMP-f9d9cbed014e8b80,
Fixed_Rowwise,5,3,R05_F03,440,Training,COMP-f9d9cbed014e8b80,
Fixed_Rowwise,5,3,R05_F03,445,Training,COMP-f9d9cbed014e8b80,
Fixed_Rowwise,5,3,R05_F03,450,Training,COMP-f9d9cbed014e8b80,
Fixed_Rowwise,5,3,R05_F03,451,Training,COMP-f9d9cbed014e8b80,
Fixed_Rowwise,5,3,R05_F03,4,Validation,COMP-862c9c676a6f1012,
Fixed_Rowwise,5,3,R05_F03,5,Validation,COMP-8e1fe5f59d3c7565,
Fixed_Rowwise,5,3,R05_F03,10,Validation,COMP-725d39a40881dc4b,
Fixed_Rowwise,5,3,R05_F03,27,Validation,COMP-73d52e7a36d559a9,
Fixed_Rowwise,5,3,R05_F03,28,Validation,COMP-3632fb12e94bc35a,
Fixed_Rowwise,5,3,R05_F03,47,Validation,COMP-e295ac85ac1ada41,
Fixed_Rowwise,5,3,R05_F03,49,Validation,COMP-92ece298f11712f0,
Fixed_Rowwise,5,3,R05_F03,52,Validation,COMP-06f5d2a767a65349,
Fixed_Rowwise,5,3,R05_F03,83,Validation,COMP-e913f917a7e36868,
Fixed_Rowwise,5,3,R05_F03,100,Validation,COMP-ea2a626c3522e4a5,
Fixed_Rowwise,5,3,R05_F03,112,Validation,COMP-c1d72bb5d7d164b0,
Fixed_Rowwise,5,3,R05_F03,123,Validation,COMP-0ee2ef468faff8db,
Fixed_Rowwise,5,3,R05_F03,127,Validation,COMP-5502f8bc72167a0b,
Fixed_Rowwise,5,3,R05_F03,133,Validation,COMP-89919c53d3149a2d,
Fixed_Rowwise,5,3,R05_F03,134,Validation,COMP-89919c53d3149a2d,
Fixed_Rowwise,5,3,R05_F03,139,Validation,COMP-89919c53d3149a2d,
Fixed_Rowwise,5,3,R05_F03,141,Validation,COMP-89919c53d3149a2d,
Fixed_Rowwise,5,3,R05_F03,147,Validation,COMP-055230aabe7d502c,
Fixed_Rowwise,5,3,R05_F03,150,Validation,COMP-055230aabe7d502c,
Fixed_Rowwise,5,3,R05_F03,160,Validation,COMP-0346738121cb655e,
Fixed_Rowwise,5,3,R05_F03,162,Validation,COMP-ddfcf6030a718a0c,
Fixed_Rowwise,5,3,R05_F03,167,Validation,COMP-eacd4f126ab29a30,
Fixed_Rowwise,5,3,R05_F03,174,Validation,COMP-a35a20d65351aafe,
Fixed_Rowwise,5,3,R05_F03,175,Validation,COMP-b72f6533b137a4f6,
Fixed_Rowwise,5,3,R05_F03,199,Validation,COMP-6525c735bb50fb1c,
Fixed_Rowwise,5,3,R05_F03,205,Validation,COMP-d8a14990923ce9f7,
Fixed_Rowwise,5,3,R05_F03,216,Validation,COMP-4a76c05754ee1efa,
Fixed_Rowwise,5,3,R05_F03,229,Validation,COMP-2753cd2e053c8c98,
Fixed_Rowwise,5,3,R05_F03,235,Validation,COMP-091a20b5a1dfb76f,
Fixed_Rowwise,5,3,R05_F03,237,Validation,COMP-4ef2bcae5243588c,
Fixed_Rowwise,5,3,R05_F03,238,Validation,COMP-fc5c3e46d2655b62,
Fixed_Rowwise,5,3,R05_F03,241,Validation,COMP-631a18a4a6b20c0c,
Fixed_Rowwise,5,3,R05_F03,247,Validation,COMP-e295ac85ac1ada41,
Fixed_Rowwise,5,3,R05_F03,266,Validation,COMP-95a56990f4bea8a9,
Fixed_Rowwise,5,3,R05_F03,283,Validation,COMP-95a56990f4bea8a9,
Fixed_Rowwise,5,3,R05_F03,286,Validation,COMP-478c9f483894c42c,
Fixed_Rowwise,5,3,R05_F03,295,Validation,COMP-478c9f483894c42c,
Fixed_Rowwise,5,3,R05_F03,300,Validation,COMP-478c9f483894c42c,
Fixed_Rowwise,5,3,R05_F03,303,Validation,COMP-478c9f483894c42c,
Fixed_Rowwise,5,3,R05_F03,307,Validation,COMP-478c9f483894c42c,
Fixed_Rowwise,5,3,R05_F03,313,Validation,COMP-478c9f483894c42c,
Fixed_Rowwise,5,3,R05_F03,327,Validation,COMP-dbc0864492ec7b98,
Fixed_Rowwise,5,3,R05_F03,328,Validation,COMP-dbc0864492ec7b98,
Fixed_Rowwise,5,3,R05_F03,354,Validation,COMP-59f47d6774b9fdfb,
Fixed_Rowwise,5,3,R05_F03,358,Validation,COMP-59f47d6774b9fdfb,
Fixed_Rowwise,5,3,R05_F03,365,Validation,COMP-e1e52574fbb04f58,
Fixed_Rowwise,5,3,R05_F03,387,Validation,COMP-6f2ca218fbd1923b,
Fixed_Rowwise,5,3,R05_F03,389,Validation,COMP-6f2ca218fbd1923b,
Fixed_Rowwise,5,3,R05_F03,424,Validation,COMP-f9d9cbed014e8b80,
Fixed_Rowwise,5,3,R05_F03,432,Validation,COMP-f9d9cbed014e8b80,
Fixed_Rowwise,5,3,R05_F03,441,Validation,COMP-f9d9cbed014e8b80,
Fixed_Rowwise,5,3,R05_F03,444,Validation,COMP-f9d9cbed014e8b80,
Fixed_Rowwise,5,3,R05_F03,448,Validation,COMP-f9d9cbed014e8b80,
Fixed_Rowwise,5,3,R05_F03,449,Validation,COMP-f9d9cbed014e8b80,
Fixed_Rowwise,5,4,R05_F04,3,Training,COMP-725d39a40881dc4b,
Fixed_Rowwise,5,4,R05_F04,4,Training,COMP-862c9c676a6f1012,
Fixed_Rowwise,5,4,R05_F04,5,Training,COMP-8e1fe5f59d3c7565,
Fixed_Rowwise,5,4,R05_F04,6,Training,COMP-27021c945dc6ef2d,
Fixed_Rowwise,5,4,R05_F04,7,Training,COMP-725d39a40881dc4b,
Fixed_Rowwise,5,4,R05_F04,8,Training,COMP-725d39a40881dc4b,
Fixed_Rowwise,5,4,R05_F04,10,Training,COMP-725d39a40881dc4b,
Fixed_Rowwise,5,4,R05_F04,12,Training,COMP-725d39a40881dc4b,
Fixed_Rowwise,5,4,R05_F04,13,Training,COMP-27021c945dc6ef2d,
Fixed_Rowwise,5,4,R05_F04,14,Training,COMP-609dfbaf681359b8,
Fixed_Rowwise,5,4,R05_F04,17,Training,COMP-773f99d6dc417f9e,
Fixed_Rowwise,5,4,R05_F04,20,Training,COMP-0b765af90e5ebd4c,
Fixed_Rowwise,5,4,R05_F04,21,Training,COMP-0b765af90e5ebd4c,
Fixed_Rowwise,5,4,R05_F04,23,Training,COMP-81f8a3600f73b006,
Fixed_Rowwise,5,4,R05_F04,24,Training,COMP-0b765af90e5ebd4c,
Fixed_Rowwise,5,4,R05_F04,27,Training,COMP-73d52e7a36d559a9,
Fixed_Rowwise,5,4,R05_F04,28,Training,COMP-3632fb12e94bc35a,
Fixed_Rowwise,5,4,R05_F04,29,Training,COMP-773f99d6dc417f9e,
Fixed_Rowwise,5,4,R05_F04,32,Training,COMP-81f8a3600f73b006,
Fixed_Rowwise,5,4,R05_F04,35,Training,COMP-a87a2533a652007c,
Fixed_Rowwise,5,4,R05_F04,36,Training,COMP-87a7ec252c82f56c,
Fixed_Rowwise,5,4,R05_F04,37,Training,COMP-f6d84b53636ddfbe,
Fixed_Rowwise,5,4,R05_F04,41,Training,COMP-1af7d3f3b3b924e5,
Fixed_Rowwise,5,4,R05_F04,43,Training,COMP-9b0e3106e10f71db,
Fixed_Rowwise,5,4,R05_F04,44,Training,COMP-0d7ce00a50a6a24f,
Fixed_Rowwise,5,4,R05_F04,47,Training,COMP-e295ac85ac1ada41,
Fixed_Rowwise,5,4,R05_F04,49,Training,COMP-92ece298f11712f0,
Fixed_Rowwise,5,4,R05_F04,51,Training,COMP-dbc0864492ec7b98,
Fixed_Rowwise,5,4,R05_F04,52,Training,COMP-06f5d2a767a65349,
Fixed_Rowwise,5,4,R05_F04,54,Training,COMP-ea1f0dc96a173899,
Fixed_Rowwise,5,4,R05_F04,61,Training,COMP-3f22c6642a7a1344,
Fixed_Rowwise,5,4,R05_F04,62,Training,COMP-21d126c9d34df073,
Fixed_Rowwise,5,4,R05_F04,65,Training,COMP-7c0b488137fafb3b,
Fixed_Rowwise,5,4,R05_F04,66,Training,COMP-b8df58296dba2095,
Fixed_Rowwise,5,4,R05_F04,67,Training,COMP-49d8e1edbf1c2fbd,
Fixed_Rowwise,5,4,R05_F04,68,Training,COMP-21d126c9d34df073,
Fixed_Rowwise,5,4,R05_F04,69,Training,COMP-8cee7ef8867afd2d,
Fixed_Rowwise,5,4,R05_F04,74,Training,COMP-f9a00d6d8411a0d1,
Fixed_Rowwise,5,4,R05_F04,80,Training,COMP-a14831ff30c0b14d,
Fixed_Rowwise,5,4,R05_F04,83,Training,COMP-e913f917a7e36868,
Fixed_Rowwise,5,4,R05_F04,84,Training,COMP-a14831ff30c0b14d,
Fixed_Rowwise,5,4,R05_F04,86,Training,COMP-ea2a626c3522e4a5,
Fixed_Rowwise,5,4,R05_F04,88,Training,COMP-ea2a626c3522e4a5,
Fixed_Rowwise,5,4,R05_F04,94,Training,COMP-ea2a626c3522e4a5,
Fixed_Rowwise,5,4,R05_F04,96,Training,COMP-ea2a626c3522e4a5,
Fixed_Rowwise,5,4,R05_F04,97,Training,COMP-a14831ff30c0b14d,
Fixed_Rowwise,5,4,R05_F04,98,Training,COMP-e913f917a7e36868,
Fixed_Rowwise,5,4,R05_F04,99,Training,COMP-ea2a626c3522e4a5,
Fixed_Rowwise,5,4,R05_F04,100,Training,COMP-ea2a626c3522e4a5,
Fixed_Rowwise,5,4,R05_F04,103,Training,COMP-435a8f4ba56d8b5d,
Fixed_Rowwise,5,4,R05_F04,104,Training,COMP-435a8f4ba56d8b5d,
Fixed_Rowwise,5,4,R05_F04,105,Training,COMP-435a8f4ba56d8b5d,
Fixed_Rowwise,5,4,R05_F04,106,Training,COMP-435a8f4ba56d8b5d,
Fixed_Rowwise,5,4,R05_F04,107,Training,COMP-384273ac244080b1,
Fixed_Rowwise,5,4,R05_F04,110,Training,COMP-c1d72bb5d7d164b0,
Fixed_Rowwise,5,4,R05_F04,111,Training,COMP-c1d72bb5d7d164b0,
Fixed_Rowwise,5,4,R05_F04,112,Training,COMP-c1d72bb5d7d164b0,
Fixed_Rowwise,5,4,R05_F04,115,Training,COMP-15c7378d46cadefa,
Fixed_Rowwise,5,4,R05_F04,118,Training,COMP-8bbe9ce01fb6a2d3,
Fixed_Rowwise,5,4,R05_F04,121,Training,COMP-b2e9edd7bc55d085,
Fixed_Rowwise,5,4,R05_F04,122,Training,COMP-b2e9edd7bc55d085,
Fixed_Rowwise,5,4,R05_F04,123,Training,COMP-0ee2ef468faff8db,
Fixed_Rowwise,5,4,R05_F04,125,Training,COMP-0ee2ef468faff8db,
Fixed_Rowwise,5,4,R05_F04,126,Training,COMP-5502f8bc72167a0b,
Fixed_Rowwise,5,4,R05_F04,127,Training,COMP-5502f8bc72167a0b,
Fixed_Rowwise,5,4,R05_F04,130,Training,COMP-89919c53d3149a2d,
Fixed_Rowwise,5,4,R05_F04,133,Training,COMP-89919c53d3149a2d,
Fixed_Rowwise,5,4,R05_F04,134,Training,COMP-89919c53d3149a2d,
Fixed_Rowwise,5,4,R05_F04,135,Training,COMP-89919c53d3149a2d,
Fixed_Rowwise,5,4,R05_F04,138,Training,COMP-89919c53d3149a2d,
Fixed_Rowwise,5,4,R05_F04,139,Training,COMP-89919c53d3149a2d,
Fixed_Rowwise,5,4,R05_F04,141,Training,COMP-89919c53d3149a2d,
Fixed_Rowwise,5,4,R05_F04,142,Training,COMP-89919c53d3149a2d,
Fixed_Rowwise,5,4,R05_F04,143,Training,COMP-89919c53d3149a2d,
Fixed_Rowwise,5,4,R05_F04,146,Training,COMP-266a388f7afdbe91,
Fixed_Rowwise,5,4,R05_F04,147,Training,COMP-055230aabe7d502c,
Fixed_Rowwise,5,4,R05_F04,148,Training,COMP-150ce51691dfb5f9,
Fixed_Rowwise,5,4,R05_F04,149,Training,COMP-266a388f7afdbe91,
Fixed_Rowwise,5,4,R05_F04,150,Training,COMP-055230aabe7d502c,
Fixed_Rowwise,5,4,R05_F04,152,Training,COMP-055230aabe7d502c,
Fixed_Rowwise,5,4,R05_F04,154,Training,COMP-150ce51691dfb5f9,
Fixed_Rowwise,5,4,R05_F04,159,Training,COMP-0346738121cb655e,
Fixed_Rowwise,5,4,R05_F04,160,Training,COMP-0346738121cb655e,
Fixed_Rowwise,5,4,R05_F04,161,Training,COMP-eacd4f126ab29a30,
Fixed_Rowwise,5,4,R05_F04,162,Training,COMP-ddfcf6030a718a0c,
Fixed_Rowwise,5,4,R05_F04,164,Training,COMP-941f92def7f50542,
Fixed_Rowwise,5,4,R05_F04,167,Training,COMP-eacd4f126ab29a30,
Fixed_Rowwise,5,4,R05_F04,168,Training,COMP-92ed17371ff559b6,
Fixed_Rowwise,5,4,R05_F04,172,Training,COMP-92ed17371ff559b6,
Fixed_Rowwise,5,4,R05_F04,173,Training,COMP-0d41a2cf75110ad6,
Fixed_Rowwise,5,4,R05_F04,174,Training,COMP-a35a20d65351aafe,
Fixed_Rowwise,5,4,R05_F04,175,Training,COMP-b72f6533b137a4f6,
Fixed_Rowwise,5,4,R05_F04,176,Training,COMP-5479c448b954c055,
Fixed_Rowwise,5,4,R05_F04,177,Training,COMP-5479c448b954c055,
Fixed_Rowwise,5,4,R05_F04,181,Training,COMP-69c6ecd7284d3b47,
Fixed_Rowwise,5,4,R05_F04,182,Training,COMP-630f3050f45faf36,
Fixed_Rowwise,5,4,R05_F04,184,Training,COMP-0966c0019ec07f39,
Fixed_Rowwise,5,4,R05_F04,187,Training,COMP-a7670bf71188b1d6,
Fixed_Rowwise,5,4,R05_F04,188,Training,COMP-a7670bf71188b1d6,
Fixed_Rowwise,5,4,R05_F04,193,Training,COMP-889d7d6c6dbf5b76,
Fixed_Rowwise,5,4,R05_F04,194,Training,COMP-445f55453794f59c,
Fixed_Rowwise,5,4,R05_F04,199,Training,COMP-6525c735bb50fb1c,
Fixed_Rowwise,5,4,R05_F04,200,Training,COMP-b878df279a448475,
Fixed_Rowwise,5,4,R05_F04,201,Training,COMP-05480af3b167ab05,
Fixed_Rowwise,5,4,R05_F04,202,Training,COMP-598bc18a3ba07a9e,
Fixed_Rowwise,5,4,R05_F04,205,Training,COMP-d8a14990923ce9f7,
Fixed_Rowwise,5,4,R05_F04,210,Training,COMP-d7494ade7e8dd694,
Fixed_Rowwise,5,4,R05_F04,214,Training,COMP-35e38ea13dc05b9e,
Fixed_Rowwise,5,4,R05_F04,216,Training,COMP-4a76c05754ee1efa,
Fixed_Rowwise,5,4,R05_F04,219,Training,COMP-eae7689b221fd7f8,
Fixed_Rowwise,5,4,R05_F04,221,Training,COMP-20d1e620c817cb5a,
Fixed_Rowwise,5,4,R05_F04,224,Training,COMP-93900d7c81c38cdd,
Fixed_Rowwise,5,4,R05_F04,225,Training,COMP-289a02a6b94655b9,
Fixed_Rowwise,5,4,R05_F04,228,Training,COMP-46e30c1bd5e987da,
Fixed_Rowwise,5,4,R05_F04,229,Training,COMP-2753cd2e053c8c98,
Fixed_Rowwise,5,4,R05_F04,230,Training,COMP-0107563adaed8d01,
Fixed_Rowwise,5,4,R05_F04,231,Training,COMP-0e256dc7494452a7,
Fixed_Rowwise,5,4,R05_F04,232,Training,COMP-0e256dc7494452a7,
Fixed_Rowwise,5,4,R05_F04,235,Training,COMP-091a20b5a1dfb76f,
Fixed_Rowwise,5,4,R05_F04,237,Training,COMP-4ef2bcae5243588c,
Fixed_Rowwise,5,4,R05_F04,238,Training,COMP-fc5c3e46d2655b62,
Fixed_Rowwise,5,4,R05_F04,240,Training,COMP-0b765af90e5ebd4c,
Fixed_Rowwise,5,4,R05_F04,241,Training,COMP-631a18a4a6b20c0c,
Fixed_Rowwise,5,4,R05_F04,242,Training,COMP-631a18a4a6b20c0c,
Fixed_Rowwise,5,4,R05_F04,243,Training,COMP-b0cc51380afea02b,
Fixed_Rowwise,5,4,R05_F04,246,Training,COMP-1fc9679353325516,
Fixed_Rowwise,5,4,R05_F04,247,Training,COMP-e295ac85ac1ada41,
Fixed_Rowwise,5,4,R05_F04,249,Training,COMP-e295ac85ac1ada41,
Fixed_Rowwise,5,4,R05_F04,252,Training,COMP-725d39a40881dc4b,
Fixed_Rowwise,5,4,R05_F04,253,Training,COMP-725d39a40881dc4b,
Fixed_Rowwise,5,4,R05_F04,255,Training,COMP-95a56990f4bea8a9,
Fixed_Rowwise,5,4,R05_F04,256,Training,COMP-95a56990f4bea8a9,
Fixed_Rowwise,5,4,R05_F04,257,Training,COMP-95a56990f4bea8a9,
Fixed_Rowwise,5,4,R05_F04,260,Training,COMP-95a56990f4bea8a9,
Fixed_Rowwise,5,4,R05_F04,263,Training,COMP-95a56990f4bea8a9,
Fixed_Rowwise,5,4,R05_F04,266,Training,COMP-95a56990f4bea8a9,
Fixed_Rowwise,5,4,R05_F04,268,Training,COMP-95a56990f4bea8a9,
Fixed_Rowwise,5,4,R05_F04,271,Training,COMP-95a56990f4bea8a9,
Fixed_Rowwise,5,4,R05_F04,273,Training,COMP-95a56990f4bea8a9,
Fixed_Rowwise,5,4,R05_F04,282,Training,COMP-95a56990f4bea8a9,
Fixed_Rowwise,5,4,R05_F04,283,Training,COMP-95a56990f4bea8a9,
Fixed_Rowwise,5,4,R05_F04,285,Training,COMP-95a56990f4bea8a9,
Fixed_Rowwise,5,4,R05_F04,286,Training,COMP-478c9f483894c42c,
Fixed_Rowwise,5,4,R05_F04,288,Training,COMP-478c9f483894c42c,
Fixed_Rowwise,5,4,R05_F04,295,Training,COMP-478c9f483894c42c,
Fixed_Rowwise,5,4,R05_F04,296,Training,COMP-478c9f483894c42c,
Fixed_Rowwise,5,4,R05_F04,300,Training,COMP-478c9f483894c42c,
Fixed_Rowwise,5,4,R05_F04,303,Training,COMP-478c9f483894c42c,
Fixed_Rowwise,5,4,R05_F04,307,Training,COMP-478c9f483894c42c,
Fixed_Rowwise,5,4,R05_F04,310,Training,COMP-478c9f483894c42c,
Fixed_Rowwise,5,4,R05_F04,311,Training,COMP-478c9f483894c42c,
Fixed_Rowwise,5,4,R05_F04,313,Training,COMP-478c9f483894c42c,
Fixed_Rowwise,5,4,R05_F04,320,Training,COMP-dbc0864492ec7b98,
Fixed_Rowwise,5,4,R05_F04,321,Training,COMP-dbc0864492ec7b98,
Fixed_Rowwise,5,4,R05_F04,323,Training,COMP-dbc0864492ec7b98,
Fixed_Rowwise,5,4,R05_F04,324,Training,COMP-dbc0864492ec7b98,
Fixed_Rowwise,5,4,R05_F04,325,Training,COMP-dbc0864492ec7b98,
Fixed_Rowwise,5,4,R05_F04,326,Training,COMP-dbc0864492ec7b98,
Fixed_Rowwise,5,4,R05_F04,327,Training,COMP-dbc0864492ec7b98,
Fixed_Rowwise,5,4,R05_F04,328,Training,COMP-dbc0864492ec7b98,
Fixed_Rowwise,5,4,R05_F04,333,Training,COMP-dbc0864492ec7b98,
Fixed_Rowwise,5,4,R05_F04,334,Training,COMP-dbc0864492ec7b98,
Fixed_Rowwise,5,4,R05_F04,337,Training,COMP-06072d2dd3b021af,
Fixed_Rowwise,5,4,R05_F04,339,Training,COMP-06072d2dd3b021af,
Fixed_Rowwise,5,4,R05_F04,341,Training,COMP-221944a235b3f36b,
Fixed_Rowwise,5,4,R05_F04,342,Training,COMP-221944a235b3f36b,
Fixed_Rowwise,5,4,R05_F04,344,Training,COMP-e1e52574fbb04f58,
Fixed_Rowwise,5,4,R05_F04,345,Training,COMP-e1e52574fbb04f58,
Fixed_Rowwise,5,4,R05_F04,347,Training,COMP-e1e52574fbb04f58,
Fixed_Rowwise,5,4,R05_F04,348,Training,COMP-30cef922979fb9fd,
Fixed_Rowwise,5,4,R05_F04,349,Training,COMP-30cef922979fb9fd,
Fixed_Rowwise,5,4,R05_F04,350,Training,COMP-30cef922979fb9fd,
Fixed_Rowwise,5,4,R05_F04,351,Training,COMP-30cef922979fb9fd,
Fixed_Rowwise,5,4,R05_F04,352,Training,COMP-30cef922979fb9fd,
Fixed_Rowwise,5,4,R05_F04,354,Training,COMP-59f47d6774b9fdfb,
Fixed_Rowwise,5,4,R05_F04,356,Training,COMP-59f47d6774b9fdfb,
Fixed_Rowwise,5,4,R05_F04,358,Training,COMP-59f47d6774b9fdfb,
Fixed_Rowwise,5,4,R05_F04,360,Training,COMP-0765adc8c505dd3b,
Fixed_Rowwise,5,4,R05_F04,364,Training,COMP-0765adc8c505dd3b,
Fixed_Rowwise,5,4,R05_F04,365,Training,COMP-e1e52574fbb04f58,
Fixed_Rowwise,5,4,R05_F04,369,Training,COMP-6f2ca218fbd1923b,
Fixed_Rowwise,5,4,R05_F04,371,Training,COMP-6f2ca218fbd1923b,
Fixed_Rowwise,5,4,R05_F04,372,Training,COMP-6f2ca218fbd1923b,
Fixed_Rowwise,5,4,R05_F04,378,Training,COMP-6f2ca218fbd1923b,
Fixed_Rowwise,5,4,R05_F04,380,Training,COMP-6f2ca218fbd1923b,
Fixed_Rowwise,5,4,R05_F04,381,Training,COMP-6f2ca218fbd1923b,
Fixed_Rowwise,5,4,R05_F04,382,Training,COMP-6f2ca218fbd1923b,
Fixed_Rowwise,5,4,R05_F04,386,Training,COMP-6f2ca218fbd1923b,
Fixed_Rowwise,5,4,R05_F04,387,Training,COMP-6f2ca218fbd1923b,
Fixed_Rowwise,5,4,R05_F04,389,Training,COMP-6f2ca218fbd1923b,
Fixed_Rowwise,5,4,R05_F04,391,Training,COMP-6f2ca218fbd1923b,
Fixed_Rowwise,5,4,R05_F04,393,Training,COMP-6f2ca218fbd1923b,
Fixed_Rowwise,5,4,R05_F04,395,Training,COMP-6f2ca218fbd1923b,
Fixed_Rowwise,5,4,R05_F04,399,Training,COMP-6f2ca218fbd1923b,
Fixed_Rowwise,5,4,R05_F04,402,Training,COMP-6f2ca218fbd1923b,
Fixed_Rowwise,5,4,R05_F04,405,Training,COMP-6f2ca218fbd1923b,
Fixed_Rowwise,5,4,R05_F04,408,Training,COMP-7fb1fecc93ced403,
Fixed_Rowwise,5,4,R05_F04,413,Training,COMP-a85acb2f2da0216b,
Fixed_Rowwise,5,4,R05_F04,415,Training,COMP-a85acb2f2da0216b,
Fixed_Rowwise,5,4,R05_F04,418,Training,COMP-a85acb2f2da0216b,
Fixed_Rowwise,5,4,R05_F04,422,Training,COMP-edeedccfd8f07e13,
Fixed_Rowwise,5,4,R05_F04,424,Training,COMP-f9d9cbed014e8b80,
Fixed_Rowwise,5,4,R05_F04,425,Training,COMP-f9d9cbed014e8b80,
Fixed_Rowwise,5,4,R05_F04,427,Training,COMP-f9d9cbed014e8b80,
Fixed_Rowwise,5,4,R05_F04,429,Training,COMP-f9d9cbed014e8b80,
Fixed_Rowwise,5,4,R05_F04,431,Training,COMP-f9d9cbed014e8b80,
Fixed_Rowwise,5,4,R05_F04,432,Training,COMP-f9d9cbed014e8b80,
Fixed_Rowwise,5,4,R05_F04,438,Training,COMP-f9d9cbed014e8b80,
Fixed_Rowwise,5,4,R05_F04,440,Training,COMP-f9d9cbed014e8b80,
Fixed_Rowwise,5,4,R05_F04,441,Training,COMP-f9d9cbed014e8b80,
Fixed_Rowwise,5,4,R05_F04,444,Training,COMP-f9d9cbed014e8b80,
Fixed_Rowwise,5,4,R05_F04,445,Training,COMP-f9d9cbed014e8b80,
Fixed_Rowwise,5,4,R05_F04,448,Training,COMP-f9d9cbed014e8b80,
Fixed_Rowwise,5,4,R05_F04,449,Training,COMP-f9d9cbed014e8b80,
Fixed_Rowwise,5,4,R05_F04,450,Training,COMP-f9d9cbed014e8b80,
Fixed_Rowwise,5,4,R05_F04,451,Training,COMP-f9d9cbed014e8b80,
Fixed_Rowwise,5,4,R05_F04,1,Validation,COMP-27021c945dc6ef2d,
Fixed_Rowwise,5,4,R05_F04,26,Validation,COMP-7decbe1f0284bd78,
Fixed_Rowwise,5,4,R05_F04,40,Validation,COMP-1af7d3f3b3b924e5,
Fixed_Rowwise,5,4,R05_F04,45,Validation,COMP-59ce4655e65cf94a,
Fixed_Rowwise,5,4,R05_F04,48,Validation,COMP-b611e8d56579c910,
Fixed_Rowwise,5,4,R05_F04,53,Validation,COMP-06f5d2a767a65349,
Fixed_Rowwise,5,4,R05_F04,60,Validation,COMP-3f22c6642a7a1344,
Fixed_Rowwise,5,4,R05_F04,63,Validation,COMP-21d126c9d34df073,
Fixed_Rowwise,5,4,R05_F04,64,Validation,COMP-3157f0dc71f862ff,
Fixed_Rowwise,5,4,R05_F04,85,Validation,COMP-e913f917a7e36868,
Fixed_Rowwise,5,4,R05_F04,87,Validation,COMP-a14831ff30c0b14d,
Fixed_Rowwise,5,4,R05_F04,92,Validation,COMP-ea2a626c3522e4a5,
Fixed_Rowwise,5,4,R05_F04,95,Validation,COMP-ea2a626c3522e4a5,
Fixed_Rowwise,5,4,R05_F04,102,Validation,COMP-435a8f4ba56d8b5d,
Fixed_Rowwise,5,4,R05_F04,114,Validation,COMP-6360354242bed7fe,
Fixed_Rowwise,5,4,R05_F04,120,Validation,COMP-8bbe9ce01fb6a2d3,
Fixed_Rowwise,5,4,R05_F04,144,Validation,COMP-89919c53d3149a2d,
Fixed_Rowwise,5,4,R05_F04,145,Validation,COMP-89919c53d3149a2d,
Fixed_Rowwise,5,4,R05_F04,156,Validation,COMP-941f92def7f50542,
Fixed_Rowwise,5,4,R05_F04,157,Validation,COMP-ddfcf6030a718a0c,
Fixed_Rowwise,5,4,R05_F04,163,Validation,COMP-b2e9edd7bc55d085,
Fixed_Rowwise,5,4,R05_F04,169,Validation,COMP-92ed17371ff559b6,
Fixed_Rowwise,5,4,R05_F04,178,Validation,COMP-b9abc443805301b1,
Fixed_Rowwise,5,4,R05_F04,183,Validation,COMP-630f3050f45faf36,
Fixed_Rowwise,5,4,R05_F04,186,Validation,COMP-0966c0019ec07f39,
Fixed_Rowwise,5,4,R05_F04,197,Validation,COMP-880bd22028629a8e,
Fixed_Rowwise,5,4,R05_F04,207,Validation,COMP-948abb1ebd270642,
Fixed_Rowwise,5,4,R05_F04,211,Validation,COMP-b775405901636085,
Fixed_Rowwise,5,4,R05_F04,215,Validation,COMP-6b4f0394292930ba,
Fixed_Rowwise,5,4,R05_F04,226,Validation,COMP-93900d7c81c38cdd,
Fixed_Rowwise,5,4,R05_F04,233,Validation,COMP-e60cc4ecffe6b7df,
Fixed_Rowwise,5,4,R05_F04,236,Validation,COMP-44fea4804e888e0a,
Fixed_Rowwise,5,4,R05_F04,239,Validation,COMP-0b765af90e5ebd4c,
Fixed_Rowwise,5,4,R05_F04,251,Validation,COMP-dd1e9c4c0f247912,
Fixed_Rowwise,5,4,R05_F04,258,Validation,COMP-95a56990f4bea8a9,
Fixed_Rowwise,5,4,R05_F04,259,Validation,COMP-95a56990f4bea8a9,
Fixed_Rowwise,5,4,R05_F04,272,Validation,COMP-95a56990f4bea8a9,
Fixed_Rowwise,5,4,R05_F04,292,Validation,COMP-478c9f483894c42c,
Fixed_Rowwise,5,4,R05_F04,306,Validation,COMP-478c9f483894c42c,
Fixed_Rowwise,5,4,R05_F04,309,Validation,COMP-478c9f483894c42c,
Fixed_Rowwise,5,4,R05_F04,315,Validation,COMP-478c9f483894c42c,
Fixed_Rowwise,5,4,R05_F04,316,Validation,COMP-478c9f483894c42c,
Fixed_Rowwise,5,4,R05_F04,322,Validation,COMP-dbc0864492ec7b98,
Fixed_Rowwise,5,4,R05_F04,331,Validation,COMP-dbc0864492ec7b98,
Fixed_Rowwise,5,4,R05_F04,363,Validation,COMP-0765adc8c505dd3b,
Fixed_Rowwise,5,4,R05_F04,375,Validation,COMP-6f2ca218fbd1923b,
Fixed_Rowwise,5,4,R05_F04,376,Validation,COMP-6f2ca218fbd1923b,
Fixed_Rowwise,5,4,R05_F04,384,Validation,COMP-6f2ca218fbd1923b,
Fixed_Rowwise,5,4,R05_F04,388,Validation,COMP-6f2ca218fbd1923b,
Fixed_Rowwise,5,4,R05_F04,404,Validation,COMP-6f2ca218fbd1923b,
Fixed_Rowwise,5,4,R05_F04,406,Validation,COMP-7fb1fecc93ced403,
Fixed_Rowwise,5,4,R05_F04,414,Validation,COMP-a85acb2f2da0216b,
Fixed_Rowwise,5,4,R05_F04,421,Validation,COMP-edeedccfd8f07e13,
Fixed_Rowwise,5,4,R05_F04,434,Validation,COMP-f9d9cbed014e8b80,
Fixed_Rowwise,5,5,R05_F05,1,Training,COMP-27021c945dc6ef2d,
Fixed_Rowwise,5,5,R05_F05,3,Training,COMP-725d39a40881dc4b,
Fixed_Rowwise,5,5,R05_F05,4,Training,COMP-862c9c676a6f1012,
Fixed_Rowwise,5,5,R05_F05,5,Training,COMP-8e1fe5f59d3c7565,
Fixed_Rowwise,5,5,R05_F05,7,Training,COMP-725d39a40881dc4b,
Fixed_Rowwise,5,5,R05_F05,8,Training,COMP-725d39a40881dc4b,
Fixed_Rowwise,5,5,R05_F05,10,Training,COMP-725d39a40881dc4b,
Fixed_Rowwise,5,5,R05_F05,12,Training,COMP-725d39a40881dc4b,
Fixed_Rowwise,5,5,R05_F05,17,Training,COMP-773f99d6dc417f9e,
Fixed_Rowwise,5,5,R05_F05,20,Training,COMP-0b765af90e5ebd4c,
Fixed_Rowwise,5,5,R05_F05,21,Training,COMP-0b765af90e5ebd4c,
Fixed_Rowwise,5,5,R05_F05,24,Training,COMP-0b765af90e5ebd4c,
Fixed_Rowwise,5,5,R05_F05,26,Training,COMP-7decbe1f0284bd78,
Fixed_Rowwise,5,5,R05_F05,27,Training,COMP-73d52e7a36d559a9,
Fixed_Rowwise,5,5,R05_F05,28,Training,COMP-3632fb12e94bc35a,
Fixed_Rowwise,5,5,R05_F05,29,Training,COMP-773f99d6dc417f9e,
Fixed_Rowwise,5,5,R05_F05,32,Training,COMP-81f8a3600f73b006,
Fixed_Rowwise,5,5,R05_F05,35,Training,COMP-a87a2533a652007c,
Fixed_Rowwise,5,5,R05_F05,37,Training,COMP-f6d84b53636ddfbe,
Fixed_Rowwise,5,5,R05_F05,40,Training,COMP-1af7d3f3b3b924e5,
Fixed_Rowwise,5,5,R05_F05,44,Training,COMP-0d7ce00a50a6a24f,
Fixed_Rowwise,5,5,R05_F05,45,Training,COMP-59ce4655e65cf94a,
Fixed_Rowwise,5,5,R05_F05,47,Training,COMP-e295ac85ac1ada41,
Fixed_Rowwise,5,5,R05_F05,48,Training,COMP-b611e8d56579c910,
Fixed_Rowwise,5,5,R05_F05,49,Training,COMP-92ece298f11712f0,
Fixed_Rowwise,5,5,R05_F05,51,Training,COMP-dbc0864492ec7b98,
Fixed_Rowwise,5,5,R05_F05,52,Training,COMP-06f5d2a767a65349,
Fixed_Rowwise,5,5,R05_F05,53,Training,COMP-06f5d2a767a65349,
Fixed_Rowwise,5,5,R05_F05,60,Training,COMP-3f22c6642a7a1344,
Fixed_Rowwise,5,5,R05_F05,62,Training,COMP-21d126c9d34df073,
Fixed_Rowwise,5,5,R05_F05,63,Training,COMP-21d126c9d34df073,
Fixed_Rowwise,5,5,R05_F05,64,Training,COMP-3157f0dc71f862ff,
Fixed_Rowwise,5,5,R05_F05,65,Training,COMP-7c0b488137fafb3b,
Fixed_Rowwise,5,5,R05_F05,67,Training,COMP-49d8e1edbf1c2fbd,
Fixed_Rowwise,5,5,R05_F05,68,Training,COMP-21d126c9d34df073,
Fixed_Rowwise,5,5,R05_F05,80,Training,COMP-a14831ff30c0b14d,
Fixed_Rowwise,5,5,R05_F05,83,Training,COMP-e913f917a7e36868,
Fixed_Rowwise,5,5,R05_F05,84,Training,COMP-a14831ff30c0b14d,
Fixed_Rowwise,5,5,R05_F05,85,Training,COMP-e913f917a7e36868,
Fixed_Rowwise,5,5,R05_F05,86,Training,COMP-ea2a626c3522e4a5,
Fixed_Rowwise,5,5,R05_F05,87,Training,COMP-a14831ff30c0b14d,
Fixed_Rowwise,5,5,R05_F05,88,Training,COMP-ea2a626c3522e4a5,
Fixed_Rowwise,5,5,R05_F05,92,Training,COMP-ea2a626c3522e4a5,
Fixed_Rowwise,5,5,R05_F05,94,Training,COMP-ea2a626c3522e4a5,
Fixed_Rowwise,5,5,R05_F05,95,Training,COMP-ea2a626c3522e4a5,
Fixed_Rowwise,5,5,R05_F05,96,Training,COMP-ea2a626c3522e4a5,
Fixed_Rowwise,5,5,R05_F05,97,Training,COMP-a14831ff30c0b14d,
Fixed_Rowwise,5,5,R05_F05,99,Training,COMP-ea2a626c3522e4a5,
Fixed_Rowwise,5,5,R05_F05,100,Training,COMP-ea2a626c3522e4a5,
Fixed_Rowwise,5,5,R05_F05,102,Training,COMP-435a8f4ba56d8b5d,
Fixed_Rowwise,5,5,R05_F05,103,Training,COMP-435a8f4ba56d8b5d,
Fixed_Rowwise,5,5,R05_F05,104,Training,COMP-435a8f4ba56d8b5d,
Fixed_Rowwise,5,5,R05_F05,105,Training,COMP-435a8f4ba56d8b5d,
Fixed_Rowwise,5,5,R05_F05,106,Training,COMP-435a8f4ba56d8b5d,
Fixed_Rowwise,5,5,R05_F05,111,Training,COMP-c1d72bb5d7d164b0,
Fixed_Rowwise,5,5,R05_F05,112,Training,COMP-c1d72bb5d7d164b0,
Fixed_Rowwise,5,5,R05_F05,114,Training,COMP-6360354242bed7fe,
Fixed_Rowwise,5,5,R05_F05,115,Training,COMP-15c7378d46cadefa,
Fixed_Rowwise,5,5,R05_F05,120,Training,COMP-8bbe9ce01fb6a2d3,
Fixed_Rowwise,5,5,R05_F05,122,Training,COMP-b2e9edd7bc55d085,
Fixed_Rowwise,5,5,R05_F05,123,Training,COMP-0ee2ef468faff8db,
Fixed_Rowwise,5,5,R05_F05,125,Training,COMP-0ee2ef468faff8db,
Fixed_Rowwise,5,5,R05_F05,126,Training,COMP-5502f8bc72167a0b,
Fixed_Rowwise,5,5,R05_F05,127,Training,COMP-5502f8bc72167a0b,
Fixed_Rowwise,5,5,R05_F05,130,Training,COMP-89919c53d3149a2d,
Fixed_Rowwise,5,5,R05_F05,133,Training,COMP-89919c53d3149a2d,
Fixed_Rowwise,5,5,R05_F05,134,Training,COMP-89919c53d3149a2d,
Fixed_Rowwise,5,5,R05_F05,135,Training,COMP-89919c53d3149a2d,
Fixed_Rowwise,5,5,R05_F05,139,Training,COMP-89919c53d3149a2d,
Fixed_Rowwise,5,5,R05_F05,141,Training,COMP-89919c53d3149a2d,
Fixed_Rowwise,5,5,R05_F05,142,Training,COMP-89919c53d3149a2d,
Fixed_Rowwise,5,5,R05_F05,144,Training,COMP-89919c53d3149a2d,
Fixed_Rowwise,5,5,R05_F05,145,Training,COMP-89919c53d3149a2d,
Fixed_Rowwise,5,5,R05_F05,146,Training,COMP-266a388f7afdbe91,
Fixed_Rowwise,5,5,R05_F05,147,Training,COMP-055230aabe7d502c,
Fixed_Rowwise,5,5,R05_F05,149,Training,COMP-266a388f7afdbe91,
Fixed_Rowwise,5,5,R05_F05,150,Training,COMP-055230aabe7d502c,
Fixed_Rowwise,5,5,R05_F05,152,Training,COMP-055230aabe7d502c,
Fixed_Rowwise,5,5,R05_F05,154,Training,COMP-150ce51691dfb5f9,
Fixed_Rowwise,5,5,R05_F05,156,Training,COMP-941f92def7f50542,
Fixed_Rowwise,5,5,R05_F05,157,Training,COMP-ddfcf6030a718a0c,
Fixed_Rowwise,5,5,R05_F05,159,Training,COMP-0346738121cb655e,
Fixed_Rowwise,5,5,R05_F05,160,Training,COMP-0346738121cb655e,
Fixed_Rowwise,5,5,R05_F05,162,Training,COMP-ddfcf6030a718a0c,
Fixed_Rowwise,5,5,R05_F05,163,Training,COMP-b2e9edd7bc55d085,
Fixed_Rowwise,5,5,R05_F05,167,Training,COMP-eacd4f126ab29a30,
Fixed_Rowwise,5,5,R05_F05,168,Training,COMP-92ed17371ff559b6,
Fixed_Rowwise,5,5,R05_F05,169,Training,COMP-92ed17371ff559b6,
Fixed_Rowwise,5,5,R05_F05,173,Training,COMP-0d41a2cf75110ad6,
Fixed_Rowwise,5,5,R05_F05,174,Training,COMP-a35a20d65351aafe,
Fixed_Rowwise,5,5,R05_F05,175,Training,COMP-b72f6533b137a4f6,
Fixed_Rowwise,5,5,R05_F05,177,Training,COMP-5479c448b954c055,
Fixed_Rowwise,5,5,R05_F05,178,Training,COMP-b9abc443805301b1,
Fixed_Rowwise,5,5,R05_F05,182,Training,COMP-630f3050f45faf36,
Fixed_Rowwise,5,5,R05_F05,183,Training,COMP-630f3050f45faf36,
Fixed_Rowwise,5,5,R05_F05,184,Training,COMP-0966c0019ec07f39,
Fixed_Rowwise,5,5,R05_F05,186,Training,COMP-0966c0019ec07f39,
Fixed_Rowwise,5,5,R05_F05,188,Training,COMP-a7670bf71188b1d6,
Fixed_Rowwise,5,5,R05_F05,193,Training,COMP-889d7d6c6dbf5b76,
Fixed_Rowwise,5,5,R05_F05,194,Training,COMP-445f55453794f59c,
Fixed_Rowwise,5,5,R05_F05,197,Training,COMP-880bd22028629a8e,
Fixed_Rowwise,5,5,R05_F05,199,Training,COMP-6525c735bb50fb1c,
Fixed_Rowwise,5,5,R05_F05,200,Training,COMP-b878df279a448475,
Fixed_Rowwise,5,5,R05_F05,202,Training,COMP-598bc18a3ba07a9e,
Fixed_Rowwise,5,5,R05_F05,205,Training,COMP-d8a14990923ce9f7,
Fixed_Rowwise,5,5,R05_F05,207,Training,COMP-948abb1ebd270642,
Fixed_Rowwise,5,5,R05_F05,211,Training,COMP-b775405901636085,
Fixed_Rowwise,5,5,R05_F05,215,Training,COMP-6b4f0394292930ba,
Fixed_Rowwise,5,5,R05_F05,216,Training,COMP-4a76c05754ee1efa,
Fixed_Rowwise,5,5,R05_F05,219,Training,COMP-eae7689b221fd7f8,
Fixed_Rowwise,5,5,R05_F05,225,Training,COMP-289a02a6b94655b9,
Fixed_Rowwise,5,5,R05_F05,226,Training,COMP-93900d7c81c38cdd,
Fixed_Rowwise,5,5,R05_F05,228,Training,COMP-46e30c1bd5e987da,
Fixed_Rowwise,5,5,R05_F05,229,Training,COMP-2753cd2e053c8c98,
Fixed_Rowwise,5,5,R05_F05,230,Training,COMP-0107563adaed8d01,
Fixed_Rowwise,5,5,R05_F05,231,Training,COMP-0e256dc7494452a7,
Fixed_Rowwise,5,5,R05_F05,233,Training,COMP-e60cc4ecffe6b7df,
Fixed_Rowwise,5,5,R05_F05,235,Training,COMP-091a20b5a1dfb76f,
Fixed_Rowwise,5,5,R05_F05,236,Training,COMP-44fea4804e888e0a,
Fixed_Rowwise,5,5,R05_F05,237,Training,COMP-4ef2bcae5243588c,
Fixed_Rowwise,5,5,R05_F05,238,Training,COMP-fc5c3e46d2655b62,
Fixed_Rowwise,5,5,R05_F05,239,Training,COMP-0b765af90e5ebd4c,
Fixed_Rowwise,5,5,R05_F05,241,Training,COMP-631a18a4a6b20c0c,
Fixed_Rowwise,5,5,R05_F05,243,Training,COMP-b0cc51380afea02b,
Fixed_Rowwise,5,5,R05_F05,247,Training,COMP-e295ac85ac1ada41,
Fixed_Rowwise,5,5,R05_F05,249,Training,COMP-e295ac85ac1ada41,
Fixed_Rowwise,5,5,R05_F05,251,Training,COMP-dd1e9c4c0f247912,
Fixed_Rowwise,5,5,R05_F05,252,Training,COMP-725d39a40881dc4b,
Fixed_Rowwise,5,5,R05_F05,255,Training,COMP-95a56990f4bea8a9,
Fixed_Rowwise,5,5,R05_F05,256,Training,COMP-95a56990f4bea8a9,
Fixed_Rowwise,5,5,R05_F05,257,Training,COMP-95a56990f4bea8a9,
Fixed_Rowwise,5,5,R05_F05,258,Training,COMP-95a56990f4bea8a9,
Fixed_Rowwise,5,5,R05_F05,259,Training,COMP-95a56990f4bea8a9,
Fixed_Rowwise,5,5,R05_F05,260,Training,COMP-95a56990f4bea8a9,
Fixed_Rowwise,5,5,R05_F05,266,Training,COMP-95a56990f4bea8a9,
Fixed_Rowwise,5,5,R05_F05,271,Training,COMP-95a56990f4bea8a9,
Fixed_Rowwise,5,5,R05_F05,272,Training,COMP-95a56990f4bea8a9,
Fixed_Rowwise,5,5,R05_F05,273,Training,COMP-95a56990f4bea8a9,
Fixed_Rowwise,5,5,R05_F05,282,Training,COMP-95a56990f4bea8a9,
Fixed_Rowwise,5,5,R05_F05,283,Training,COMP-95a56990f4bea8a9,
Fixed_Rowwise,5,5,R05_F05,285,Training,COMP-95a56990f4bea8a9,
Fixed_Rowwise,5,5,R05_F05,286,Training,COMP-478c9f483894c42c,
Fixed_Rowwise,5,5,R05_F05,288,Training,COMP-478c9f483894c42c,
Fixed_Rowwise,5,5,R05_F05,292,Training,COMP-478c9f483894c42c,
Fixed_Rowwise,5,5,R05_F05,295,Training,COMP-478c9f483894c42c,
Fixed_Rowwise,5,5,R05_F05,300,Training,COMP-478c9f483894c42c,
Fixed_Rowwise,5,5,R05_F05,303,Training,COMP-478c9f483894c42c,
Fixed_Rowwise,5,5,R05_F05,306,Training,COMP-478c9f483894c42c,
Fixed_Rowwise,5,5,R05_F05,307,Training,COMP-478c9f483894c42c,
Fixed_Rowwise,5,5,R05_F05,309,Training,COMP-478c9f483894c42c,
Fixed_Rowwise,5,5,R05_F05,311,Training,COMP-478c9f483894c42c,
Fixed_Rowwise,5,5,R05_F05,313,Training,COMP-478c9f483894c42c,
Fixed_Rowwise,5,5,R05_F05,315,Training,COMP-478c9f483894c42c,
Fixed_Rowwise,5,5,R05_F05,316,Training,COMP-478c9f483894c42c,
Fixed_Rowwise,5,5,R05_F05,320,Training,COMP-dbc0864492ec7b98,
Fixed_Rowwise,5,5,R05_F05,322,Training,COMP-dbc0864492ec7b98,
Fixed_Rowwise,5,5,R05_F05,323,Training,COMP-dbc0864492ec7b98,
Fixed_Rowwise,5,5,R05_F05,324,Training,COMP-dbc0864492ec7b98,
Fixed_Rowwise,5,5,R05_F05,326,Training,COMP-dbc0864492ec7b98,
Fixed_Rowwise,5,5,R05_F05,327,Training,COMP-dbc0864492ec7b98,
Fixed_Rowwise,5,5,R05_F05,328,Training,COMP-dbc0864492ec7b98,
Fixed_Rowwise,5,5,R05_F05,331,Training,COMP-dbc0864492ec7b98,
Fixed_Rowwise,5,5,R05_F05,333,Training,COMP-dbc0864492ec7b98,
Fixed_Rowwise,5,5,R05_F05,334,Training,COMP-dbc0864492ec7b98,
Fixed_Rowwise,5,5,R05_F05,337,Training,COMP-06072d2dd3b021af,
Fixed_Rowwise,5,5,R05_F05,339,Training,COMP-06072d2dd3b021af,
Fixed_Rowwise,5,5,R05_F05,341,Training,COMP-221944a235b3f36b,
Fixed_Rowwise,5,5,R05_F05,344,Training,COMP-e1e52574fbb04f58,
Fixed_Rowwise,5,5,R05_F05,345,Training,COMP-e1e52574fbb04f58,
Fixed_Rowwise,5,5,R05_F05,347,Training,COMP-e1e52574fbb04f58,
Fixed_Rowwise,5,5,R05_F05,348,Training,COMP-30cef922979fb9fd,
Fixed_Rowwise,5,5,R05_F05,349,Training,COMP-30cef922979fb9fd,
Fixed_Rowwise,5,5,R05_F05,354,Training,COMP-59f47d6774b9fdfb,
Fixed_Rowwise,5,5,R05_F05,356,Training,COMP-59f47d6774b9fdfb,
Fixed_Rowwise,5,5,R05_F05,358,Training,COMP-59f47d6774b9fdfb,
Fixed_Rowwise,5,5,R05_F05,360,Training,COMP-0765adc8c505dd3b,
Fixed_Rowwise,5,5,R05_F05,363,Training,COMP-0765adc8c505dd3b,
Fixed_Rowwise,5,5,R05_F05,365,Training,COMP-e1e52574fbb04f58,
Fixed_Rowwise,5,5,R05_F05,369,Training,COMP-6f2ca218fbd1923b,
Fixed_Rowwise,5,5,R05_F05,371,Training,COMP-6f2ca218fbd1923b,
Fixed_Rowwise,5,5,R05_F05,375,Training,COMP-6f2ca218fbd1923b,
Fixed_Rowwise,5,5,R05_F05,376,Training,COMP-6f2ca218fbd1923b,
Fixed_Rowwise,5,5,R05_F05,378,Training,COMP-6f2ca218fbd1923b,
Fixed_Rowwise,5,5,R05_F05,380,Training,COMP-6f2ca218fbd1923b,
Fixed_Rowwise,5,5,R05_F05,381,Training,COMP-6f2ca218fbd1923b,
Fixed_Rowwise,5,5,R05_F05,382,Training,COMP-6f2ca218fbd1923b,
Fixed_Rowwise,5,5,R05_F05,384,Training,COMP-6f2ca218fbd1923b,
Fixed_Rowwise,5,5,R05_F05,387,Training,COMP-6f2ca218fbd1923b,
Fixed_Rowwise,5,5,R05_F05,388,Training,COMP-6f2ca218fbd1923b,
Fixed_Rowwise,5,5,R05_F05,389,Training,COMP-6f2ca218fbd1923b,
Fixed_Rowwise,5,5,R05_F05,391,Training,COMP-6f2ca218fbd1923b,
Fixed_Rowwise,5,5,R05_F05,393,Training,COMP-6f2ca218fbd1923b,
Fixed_Rowwise,5,5,R05_F05,395,Training,COMP-6f2ca218fbd1923b,
Fixed_Rowwise,5,5,R05_F05,402,Training,COMP-6f2ca218fbd1923b,
Fixed_Rowwise,5,5,R05_F05,404,Training,COMP-6f2ca218fbd1923b,
Fixed_Rowwise,5,5,R05_F05,405,Training,COMP-6f2ca218fbd1923b,
Fixed_Rowwise,5,5,R05_F05,406,Training,COMP-7fb1fecc93ced403,
Fixed_Rowwise,5,5,R05_F05,408,Training,COMP-7fb1fecc93ced403,
Fixed_Rowwise,5,5,R05_F05,413,Training,COMP-a85acb2f2da0216b,
Fixed_Rowwise,5,5,R05_F05,414,Training,COMP-a85acb2f2da0216b,
Fixed_Rowwise,5,5,R05_F05,415,Training,COMP-a85acb2f2da0216b,
Fixed_Rowwise,5,5,R05_F05,418,Training,COMP-a85acb2f2da0216b,
Fixed_Rowwise,5,5,R05_F05,421,Training,COMP-edeedccfd8f07e13,
Fixed_Rowwise,5,5,R05_F05,424,Training,COMP-f9d9cbed014e8b80,
Fixed_Rowwise,5,5,R05_F05,425,Training,COMP-f9d9cbed014e8b80,
Fixed_Rowwise,5,5,R05_F05,427,Training,COMP-f9d9cbed014e8b80,
Fixed_Rowwise,5,5,R05_F05,431,Training,COMP-f9d9cbed014e8b80,
Fixed_Rowwise,5,5,R05_F05,432,Training,COMP-f9d9cbed014e8b80,
Fixed_Rowwise,5,5,R05_F05,434,Training,COMP-f9d9cbed014e8b80,
Fixed_Rowwise,5,5,R05_F05,438,Training,COMP-f9d9cbed014e8b80,
Fixed_Rowwise,5,5,R05_F05,440,Training,COMP-f9d9cbed014e8b80,
Fixed_Rowwise,5,5,R05_F05,441,Training,COMP-f9d9cbed014e8b80,
Fixed_Rowwise,5,5,R05_F05,444,Training,COMP-f9d9cbed014e8b80,
Fixed_Rowwise,5,5,R05_F05,448,Training,COMP-f9d9cbed014e8b80,
Fixed_Rowwise,5,5,R05_F05,449,Training,COMP-f9d9cbed014e8b80,
Fixed_Rowwise,5,5,R05_F05,450,Training,COMP-f9d9cbed014e8b80,
Fixed_Rowwise,5,5,R05_F05,6,Validation,COMP-27021c945dc6ef2d,
Fixed_Rowwise,5,5,R05_F05,13,Validation,COMP-27021c945dc6ef2d,
Fixed_Rowwise,5,5,R05_F05,14,Validation,COMP-609dfbaf681359b8,
Fixed_Rowwise,5,5,R05_F05,23,Validation,COMP-81f8a3600f73b006,
Fixed_Rowwise,5,5,R05_F05,36,Validation,COMP-87a7ec252c82f56c,
Fixed_Rowwise,5,5,R05_F05,41,Validation,COMP-1af7d3f3b3b924e5,
Fixed_Rowwise,5,5,R05_F05,43,Validation,COMP-9b0e3106e10f71db,
Fixed_Rowwise,5,5,R05_F05,54,Validation,COMP-ea1f0dc96a173899,
Fixed_Rowwise,5,5,R05_F05,61,Validation,COMP-3f22c6642a7a1344,
Fixed_Rowwise,5,5,R05_F05,66,Validation,COMP-b8df58296dba2095,
Fixed_Rowwise,5,5,R05_F05,69,Validation,COMP-8cee7ef8867afd2d,
Fixed_Rowwise,5,5,R05_F05,74,Validation,COMP-f9a00d6d8411a0d1,
Fixed_Rowwise,5,5,R05_F05,98,Validation,COMP-e913f917a7e36868,
Fixed_Rowwise,5,5,R05_F05,107,Validation,COMP-384273ac244080b1,
Fixed_Rowwise,5,5,R05_F05,110,Validation,COMP-c1d72bb5d7d164b0,
Fixed_Rowwise,5,5,R05_F05,118,Validation,COMP-8bbe9ce01fb6a2d3,
Fixed_Rowwise,5,5,R05_F05,121,Validation,COMP-b2e9edd7bc55d085,
Fixed_Rowwise,5,5,R05_F05,138,Validation,COMP-89919c53d3149a2d,
Fixed_Rowwise,5,5,R05_F05,143,Validation,COMP-89919c53d3149a2d,
Fixed_Rowwise,5,5,R05_F05,148,Validation,COMP-150ce51691dfb5f9,
Fixed_Rowwise,5,5,R05_F05,161,Validation,COMP-eacd4f126ab29a30,
Fixed_Rowwise,5,5,R05_F05,164,Validation,COMP-941f92def7f50542,
Fixed_Rowwise,5,5,R05_F05,172,Validation,COMP-92ed17371ff559b6,
Fixed_Rowwise,5,5,R05_F05,176,Validation,COMP-5479c448b954c055,
Fixed_Rowwise,5,5,R05_F05,181,Validation,COMP-69c6ecd7284d3b47,
Fixed_Rowwise,5,5,R05_F05,187,Validation,COMP-a7670bf71188b1d6,
Fixed_Rowwise,5,5,R05_F05,201,Validation,COMP-05480af3b167ab05,
Fixed_Rowwise,5,5,R05_F05,210,Validation,COMP-d7494ade7e8dd694,
Fixed_Rowwise,5,5,R05_F05,214,Validation,COMP-35e38ea13dc05b9e,
Fixed_Rowwise,5,5,R05_F05,221,Validation,COMP-20d1e620c817cb5a,
Fixed_Rowwise,5,5,R05_F05,224,Validation,COMP-93900d7c81c38cdd,
Fixed_Rowwise,5,5,R05_F05,232,Validation,COMP-0e256dc7494452a7,
Fixed_Rowwise,5,5,R05_F05,240,Validation,COMP-0b765af90e5ebd4c,
Fixed_Rowwise,5,5,R05_F05,242,Validation,COMP-631a18a4a6b20c0c,
Fixed_Rowwise,5,5,R05_F05,246,Validation,COMP-1fc9679353325516,
Fixed_Rowwise,5,5,R05_F05,253,Validation,COMP-725d39a40881dc4b,
Fixed_Rowwise,5,5,R05_F05,263,Validation,COMP-95a56990f4bea8a9,
Fixed_Rowwise,5,5,R05_F05,268,Validation,COMP-95a56990f4bea8a9,
Fixed_Rowwise,5,5,R05_F05,296,Validation,COMP-478c9f483894c42c,
Fixed_Rowwise,5,5,R05_F05,310,Validation,COMP-478c9f483894c42c,
Fixed_Rowwise,5,5,R05_F05,321,Validation,COMP-dbc0864492ec7b98,
Fixed_Rowwise,5,5,R05_F05,325,Validation,COMP-dbc0864492ec7b98,
Fixed_Rowwise,5,5,R05_F05,342,Validation,COMP-221944a235b3f36b,
Fixed_Rowwise,5,5,R05_F05,350,Validation,COMP-30cef922979fb9fd,
Fixed_Rowwise,5,5,R05_F05,351,Validation,COMP-30cef922979fb9fd,
Fixed_Rowwise,5,5,R05_F05,352,Validation,COMP-30cef922979fb9fd,
Fixed_Rowwise,5,5,R05_F05,364,Validation,COMP-0765adc8c505dd3b,
Fixed_Rowwise,5,5,R05_F05,372,Validation,COMP-6f2ca218fbd1923b,
Fixed_Rowwise,5,5,R05_F05,386,Validation,COMP-6f2ca218fbd1923b,
Fixed_Rowwise,5,5,R05_F05,399,Validation,COMP-6f2ca218fbd1923b,
Fixed_Rowwise,5,5,R05_F05,422,Validation,COMP-edeedccfd8f07e13,
Fixed_Rowwise,5,5,R05_F05,429,Validation,COMP-f9d9cbed014e8b80,
Fixed_Rowwise,5,5,R05_F05,445,Validation,COMP-f9d9cbed014e8b80,
Fixed_Rowwise,5,5,R05_F05,451,Validation,COMP-f9d9cbed014e8b80,
Fixed_Composition_Grouped,1,1,,1,Training,COMP-27021c945dc6ef2d,False
Fixed_Composition_Grouped,1,1,,3,Training,COMP-725d39a40881dc4b,False
Fixed_Composition_Grouped,1,1,,5,Training,COMP-8e1fe5f59d3c7565,False
Fixed_Composition_Grouped,1,1,,6,Training,COMP-27021c945dc6ef2d,False
Fixed_Composition_Grouped,1,1,,7,Training,COMP-725d39a40881dc4b,False
Fixed_Composition_Grouped,1,1,,8,Training,COMP-725d39a40881dc4b,False
Fixed_Composition_Grouped,1,1,,10,Training,COMP-725d39a40881dc4b,False
Fixed_Composition_Grouped,1,1,,12,Training,COMP-725d39a40881dc4b,False
Fixed_Composition_Grouped,1,1,,13,Training,COMP-27021c945dc6ef2d,False
Fixed_Composition_Grouped,1,1,,14,Training,COMP-609dfbaf681359b8,False
Fixed_Composition_Grouped,1,1,,20,Training,COMP-0b765af90e5ebd4c,False
Fixed_Composition_Grouped,1,1,,21,Training,COMP-0b765af90e5ebd4c,False
Fixed_Composition_Grouped,1,1,,23,Training,COMP-81f8a3600f73b006,False
Fixed_Composition_Grouped,1,1,,24,Training,COMP-0b765af90e5ebd4c,False
Fixed_Composition_Grouped,1,1,,26,Training,COMP-7decbe1f0284bd78,False
Fixed_Composition_Grouped,1,1,,27,Training,COMP-73d52e7a36d559a9,False
Fixed_Composition_Grouped,1,1,,28,Training,COMP-3632fb12e94bc35a,False
Fixed_Composition_Grouped,1,1,,32,Training,COMP-81f8a3600f73b006,False
Fixed_Composition_Grouped,1,1,,35,Training,COMP-a87a2533a652007c,False
Fixed_Composition_Grouped,1,1,,36,Training,COMP-87a7ec252c82f56c,False
Fixed_Composition_Grouped,1,1,,37,Training,COMP-f6d84b53636ddfbe,False
Fixed_Composition_Grouped,1,1,,40,Training,COMP-1af7d3f3b3b924e5,False
Fixed_Composition_Grouped,1,1,,41,Training,COMP-1af7d3f3b3b924e5,False
Fixed_Composition_Grouped,1,1,,43,Training,COMP-9b0e3106e10f71db,False
Fixed_Composition_Grouped,1,1,,45,Training,COMP-59ce4655e65cf94a,False
Fixed_Composition_Grouped,1,1,,47,Training,COMP-e295ac85ac1ada41,False
Fixed_Composition_Grouped,1,1,,48,Training,COMP-b611e8d56579c910,False
Fixed_Composition_Grouped,1,1,,49,Training,COMP-92ece298f11712f0,False
Fixed_Composition_Grouped,1,1,,51,Training,COMP-dbc0864492ec7b98,False
Fixed_Composition_Grouped,1,1,,52,Training,COMP-06f5d2a767a65349,False
Fixed_Composition_Grouped,1,1,,53,Training,COMP-06f5d2a767a65349,False
Fixed_Composition_Grouped,1,1,,54,Training,COMP-ea1f0dc96a173899,False
Fixed_Composition_Grouped,1,1,,60,Training,COMP-3f22c6642a7a1344,False
Fixed_Composition_Grouped,1,1,,61,Training,COMP-3f22c6642a7a1344,False
Fixed_Composition_Grouped,1,1,,62,Training,COMP-21d126c9d34df073,False
Fixed_Composition_Grouped,1,1,,63,Training,COMP-21d126c9d34df073,False
Fixed_Composition_Grouped,1,1,,64,Training,COMP-3157f0dc71f862ff,False
Fixed_Composition_Grouped,1,1,,65,Training,COMP-7c0b488137fafb3b,False
Fixed_Composition_Grouped,1,1,,66,Training,COMP-b8df58296dba2095,False
Fixed_Composition_Grouped,1,1,,67,Training,COMP-49d8e1edbf1c2fbd,False
Fixed_Composition_Grouped,1,1,,68,Training,COMP-21d126c9d34df073,False
Fixed_Composition_Grouped,1,1,,69,Training,COMP-8cee7ef8867afd2d,False
Fixed_Composition_Grouped,1,1,,74,Training,COMP-f9a00d6d8411a0d1,False
Fixed_Composition_Grouped,1,1,,80,Training,COMP-a14831ff30c0b14d,False
Fixed_Composition_Grouped,1,1,,83,Training,COMP-e913f917a7e36868,False
Fixed_Composition_Grouped,1,1,,84,Training,COMP-a14831ff30c0b14d,False
Fixed_Composition_Grouped,1,1,,85,Training,COMP-e913f917a7e36868,False
Fixed_Composition_Grouped,1,1,,86,Training,COMP-ea2a626c3522e4a5,False
Fixed_Composition_Grouped,1,1,,87,Training,COMP-a14831ff30c0b14d,False
Fixed_Composition_Grouped,1,1,,88,Training,COMP-ea2a626c3522e4a5,False
Fixed_Composition_Grouped,1,1,,92,Training,COMP-ea2a626c3522e4a5,False
Fixed_Composition_Grouped,1,1,,94,Training,COMP-ea2a626c3522e4a5,False
Fixed_Composition_Grouped,1,1,,95,Training,COMP-ea2a626c3522e4a5,False
Fixed_Composition_Grouped,1,1,,96,Training,COMP-ea2a626c3522e4a5,False
Fixed_Composition_Grouped,1,1,,97,Training,COMP-a14831ff30c0b14d,False
Fixed_Composition_Grouped,1,1,,98,Training,COMP-e913f917a7e36868,False
Fixed_Composition_Grouped,1,1,,99,Training,COMP-ea2a626c3522e4a5,False
Fixed_Composition_Grouped,1,1,,100,Training,COMP-ea2a626c3522e4a5,False
Fixed_Composition_Grouped,1,1,,107,Training,COMP-384273ac244080b1,False
Fixed_Composition_Grouped,1,1,,110,Training,COMP-c1d72bb5d7d164b0,False
Fixed_Composition_Grouped,1,1,,111,Training,COMP-c1d72bb5d7d164b0,False
Fixed_Composition_Grouped,1,1,,112,Training,COMP-c1d72bb5d7d164b0,False
Fixed_Composition_Grouped,1,1,,114,Training,COMP-6360354242bed7fe,False
Fixed_Composition_Grouped,1,1,,115,Training,COMP-15c7378d46cadefa,False
Fixed_Composition_Grouped,1,1,,121,Training,COMP-b2e9edd7bc55d085,False
Fixed_Composition_Grouped,1,1,,122,Training,COMP-b2e9edd7bc55d085,False
Fixed_Composition_Grouped,1,1,,123,Training,COMP-0ee2ef468faff8db,False
Fixed_Composition_Grouped,1,1,,125,Training,COMP-0ee2ef468faff8db,False
Fixed_Composition_Grouped,1,1,,126,Training,COMP-5502f8bc72167a0b,False
Fixed_Composition_Grouped,1,1,,127,Training,COMP-5502f8bc72167a0b,False
Fixed_Composition_Grouped,1,1,,130,Training,COMP-89919c53d3149a2d,False
Fixed_Composition_Grouped,1,1,,133,Training,COMP-89919c53d3149a2d,False
Fixed_Composition_Grouped,1,1,,134,Training,COMP-89919c53d3149a2d,False
Fixed_Composition_Grouped,1,1,,135,Training,COMP-89919c53d3149a2d,False
Fixed_Composition_Grouped,1,1,,138,Training,COMP-89919c53d3149a2d,False
Fixed_Composition_Grouped,1,1,,139,Training,COMP-89919c53d3149a2d,False
Fixed_Composition_Grouped,1,1,,141,Training,COMP-89919c53d3149a2d,False
Fixed_Composition_Grouped,1,1,,142,Training,COMP-89919c53d3149a2d,False
Fixed_Composition_Grouped,1,1,,143,Training,COMP-89919c53d3149a2d,False
Fixed_Composition_Grouped,1,1,,144,Training,COMP-89919c53d3149a2d,False
Fixed_Composition_Grouped,1,1,,145,Training,COMP-89919c53d3149a2d,False
Fixed_Composition_Grouped,1,1,,146,Training,COMP-266a388f7afdbe91,False
Fixed_Composition_Grouped,1,1,,147,Training,COMP-055230aabe7d502c,False
Fixed_Composition_Grouped,1,1,,148,Training,COMP-150ce51691dfb5f9,False
Fixed_Composition_Grouped,1,1,,149,Training,COMP-266a388f7afdbe91,False
Fixed_Composition_Grouped,1,1,,150,Training,COMP-055230aabe7d502c,False
Fixed_Composition_Grouped,1,1,,152,Training,COMP-055230aabe7d502c,False
Fixed_Composition_Grouped,1,1,,154,Training,COMP-150ce51691dfb5f9,False
Fixed_Composition_Grouped,1,1,,156,Training,COMP-941f92def7f50542,False
Fixed_Composition_Grouped,1,1,,161,Training,COMP-eacd4f126ab29a30,False
Fixed_Composition_Grouped,1,1,,163,Training,COMP-b2e9edd7bc55d085,False
Fixed_Composition_Grouped,1,1,,164,Training,COMP-941f92def7f50542,False
Fixed_Composition_Grouped,1,1,,167,Training,COMP-eacd4f126ab29a30,False
Fixed_Composition_Grouped,1,1,,173,Training,COMP-0d41a2cf75110ad6,False
Fixed_Composition_Grouped,1,1,,175,Training,COMP-b72f6533b137a4f6,False
Fixed_Composition_Grouped,1,1,,176,Training,COMP-5479c448b954c055,False
Fixed_Composition_Grouped,1,1,,177,Training,COMP-5479c448b954c055,False
Fixed_Composition_Grouped,1,1,,178,Training,COMP-b9abc443805301b1,False
Fixed_Composition_Grouped,1,1,,182,Training,COMP-630f3050f45faf36,False
Fixed_Composition_Grouped,1,1,,183,Training,COMP-630f3050f45faf36,False
Fixed_Composition_Grouped,1,1,,184,Training,COMP-0966c0019ec07f39,False
Fixed_Composition_Grouped,1,1,,186,Training,COMP-0966c0019ec07f39,False
Fixed_Composition_Grouped,1,1,,187,Training,COMP-a7670bf71188b1d6,False
Fixed_Composition_Grouped,1,1,,188,Training,COMP-a7670bf71188b1d6,False
Fixed_Composition_Grouped,1,1,,193,Training,COMP-889d7d6c6dbf5b76,False
Fixed_Composition_Grouped,1,1,,194,Training,COMP-445f55453794f59c,False
Fixed_Composition_Grouped,1,1,,199,Training,COMP-6525c735bb50fb1c,False
Fixed_Composition_Grouped,1,1,,200,Training,COMP-b878df279a448475,False
Fixed_Composition_Grouped,1,1,,201,Training,COMP-05480af3b167ab05,False
Fixed_Composition_Grouped,1,1,,202,Training,COMP-598bc18a3ba07a9e,False
Fixed_Composition_Grouped,1,1,,205,Training,COMP-d8a14990923ce9f7,False
Fixed_Composition_Grouped,1,1,,207,Training,COMP-948abb1ebd270642,False
Fixed_Composition_Grouped,1,1,,210,Training,COMP-d7494ade7e8dd694,False
Fixed_Composition_Grouped,1,1,,215,Training,COMP-6b4f0394292930ba,False
Fixed_Composition_Grouped,1,1,,216,Training,COMP-4a76c05754ee1efa,False
Fixed_Composition_Grouped,1,1,,219,Training,COMP-eae7689b221fd7f8,False
Fixed_Composition_Grouped,1,1,,224,Training,COMP-93900d7c81c38cdd,False
Fixed_Composition_Grouped,1,1,,225,Training,COMP-289a02a6b94655b9,False
Fixed_Composition_Grouped,1,1,,226,Training,COMP-93900d7c81c38cdd,False
Fixed_Composition_Grouped,1,1,,228,Training,COMP-46e30c1bd5e987da,False
Fixed_Composition_Grouped,1,1,,229,Training,COMP-2753cd2e053c8c98,False
Fixed_Composition_Grouped,1,1,,230,Training,COMP-0107563adaed8d01,False
Fixed_Composition_Grouped,1,1,,231,Training,COMP-0e256dc7494452a7,False
Fixed_Composition_Grouped,1,1,,232,Training,COMP-0e256dc7494452a7,False
Fixed_Composition_Grouped,1,1,,235,Training,COMP-091a20b5a1dfb76f,False
Fixed_Composition_Grouped,1,1,,236,Training,COMP-44fea4804e888e0a,False
Fixed_Composition_Grouped,1,1,,237,Training,COMP-4ef2bcae5243588c,False
Fixed_Composition_Grouped,1,1,,238,Training,COMP-fc5c3e46d2655b62,False
Fixed_Composition_Grouped,1,1,,239,Training,COMP-0b765af90e5ebd4c,False
Fixed_Composition_Grouped,1,1,,240,Training,COMP-0b765af90e5ebd4c,False
Fixed_Composition_Grouped,1,1,,241,Training,COMP-631a18a4a6b20c0c,False
Fixed_Composition_Grouped,1,1,,242,Training,COMP-631a18a4a6b20c0c,False
Fixed_Composition_Grouped,1,1,,243,Training,COMP-b0cc51380afea02b,False
Fixed_Composition_Grouped,1,1,,247,Training,COMP-e295ac85ac1ada41,False
Fixed_Composition_Grouped,1,1,,249,Training,COMP-e295ac85ac1ada41,False
Fixed_Composition_Grouped,1,1,,251,Training,COMP-dd1e9c4c0f247912,False
Fixed_Composition_Grouped,1,1,,252,Training,COMP-725d39a40881dc4b,False
Fixed_Composition_Grouped,1,1,,253,Training,COMP-725d39a40881dc4b,False
Fixed_Composition_Grouped,1,1,,255,Training,COMP-95a56990f4bea8a9,False
Fixed_Composition_Grouped,1,1,,256,Training,COMP-95a56990f4bea8a9,False
Fixed_Composition_Grouped,1,1,,257,Training,COMP-95a56990f4bea8a9,False
Fixed_Composition_Grouped,1,1,,258,Training,COMP-95a56990f4bea8a9,False
Fixed_Composition_Grouped,1,1,,259,Training,COMP-95a56990f4bea8a9,False
Fixed_Composition_Grouped,1,1,,260,Training,COMP-95a56990f4bea8a9,False
Fixed_Composition_Grouped,1,1,,263,Training,COMP-95a56990f4bea8a9,False
Fixed_Composition_Grouped,1,1,,266,Training,COMP-95a56990f4bea8a9,False
Fixed_Composition_Grouped,1,1,,268,Training,COMP-95a56990f4bea8a9,False
Fixed_Composition_Grouped,1,1,,271,Training,COMP-95a56990f4bea8a9,False
Fixed_Composition_Grouped,1,1,,272,Training,COMP-95a56990f4bea8a9,False
Fixed_Composition_Grouped,1,1,,273,Training,COMP-95a56990f4bea8a9,False
Fixed_Composition_Grouped,1,1,,282,Training,COMP-95a56990f4bea8a9,False
Fixed_Composition_Grouped,1,1,,283,Training,COMP-95a56990f4bea8a9,False
Fixed_Composition_Grouped,1,1,,285,Training,COMP-95a56990f4bea8a9,False
Fixed_Composition_Grouped,1,1,,286,Training,COMP-478c9f483894c42c,False
Fixed_Composition_Grouped,1,1,,288,Training,COMP-478c9f483894c42c,False
Fixed_Composition_Grouped,1,1,,292,Training,COMP-478c9f483894c42c,False
Fixed_Composition_Grouped,1,1,,295,Training,COMP-478c9f483894c42c,False
Fixed_Composition_Grouped,1,1,,296,Training,COMP-478c9f483894c42c,False
Fixed_Composition_Grouped,1,1,,300,Training,COMP-478c9f483894c42c,False
Fixed_Composition_Grouped,1,1,,303,Training,COMP-478c9f483894c42c,False
Fixed_Composition_Grouped,1,1,,306,Training,COMP-478c9f483894c42c,False
Fixed_Composition_Grouped,1,1,,307,Training,COMP-478c9f483894c42c,False
Fixed_Composition_Grouped,1,1,,309,Training,COMP-478c9f483894c42c,False
Fixed_Composition_Grouped,1,1,,310,Training,COMP-478c9f483894c42c,False
Fixed_Composition_Grouped,1,1,,311,Training,COMP-478c9f483894c42c,False
Fixed_Composition_Grouped,1,1,,313,Training,COMP-478c9f483894c42c,False
Fixed_Composition_Grouped,1,1,,315,Training,COMP-478c9f483894c42c,False
Fixed_Composition_Grouped,1,1,,316,Training,COMP-478c9f483894c42c,False
Fixed_Composition_Grouped,1,1,,320,Training,COMP-dbc0864492ec7b98,False
Fixed_Composition_Grouped,1,1,,321,Training,COMP-dbc0864492ec7b98,False
Fixed_Composition_Grouped,1,1,,322,Training,COMP-dbc0864492ec7b98,False
Fixed_Composition_Grouped,1,1,,323,Training,COMP-dbc0864492ec7b98,False
Fixed_Composition_Grouped,1,1,,324,Training,COMP-dbc0864492ec7b98,False
Fixed_Composition_Grouped,1,1,,325,Training,COMP-dbc0864492ec7b98,False
Fixed_Composition_Grouped,1,1,,326,Training,COMP-dbc0864492ec7b98,False
Fixed_Composition_Grouped,1,1,,327,Training,COMP-dbc0864492ec7b98,False
Fixed_Composition_Grouped,1,1,,328,Training,COMP-dbc0864492ec7b98,False
Fixed_Composition_Grouped,1,1,,331,Training,COMP-dbc0864492ec7b98,False
Fixed_Composition_Grouped,1,1,,333,Training,COMP-dbc0864492ec7b98,False
Fixed_Composition_Grouped,1,1,,334,Training,COMP-dbc0864492ec7b98,False
Fixed_Composition_Grouped,1,1,,344,Training,COMP-e1e52574fbb04f58,False
Fixed_Composition_Grouped,1,1,,345,Training,COMP-e1e52574fbb04f58,False
Fixed_Composition_Grouped,1,1,,347,Training,COMP-e1e52574fbb04f58,False
Fixed_Composition_Grouped,1,1,,348,Training,COMP-30cef922979fb9fd,False
Fixed_Composition_Grouped,1,1,,349,Training,COMP-30cef922979fb9fd,False
Fixed_Composition_Grouped,1,1,,350,Training,COMP-30cef922979fb9fd,False
Fixed_Composition_Grouped,1,1,,351,Training,COMP-30cef922979fb9fd,False
Fixed_Composition_Grouped,1,1,,352,Training,COMP-30cef922979fb9fd,False
Fixed_Composition_Grouped,1,1,,360,Training,COMP-0765adc8c505dd3b,False
Fixed_Composition_Grouped,1,1,,363,Training,COMP-0765adc8c505dd3b,False
Fixed_Composition_Grouped,1,1,,364,Training,COMP-0765adc8c505dd3b,False
Fixed_Composition_Grouped,1,1,,365,Training,COMP-e1e52574fbb04f58,False
Fixed_Composition_Grouped,1,1,,406,Training,COMP-7fb1fecc93ced403,False
Fixed_Composition_Grouped,1,1,,408,Training,COMP-7fb1fecc93ced403,False
Fixed_Composition_Grouped,1,1,,413,Training,COMP-a85acb2f2da0216b,False
Fixed_Composition_Grouped,1,1,,414,Training,COMP-a85acb2f2da0216b,False
Fixed_Composition_Grouped,1,1,,415,Training,COMP-a85acb2f2da0216b,False
Fixed_Composition_Grouped,1,1,,418,Training,COMP-a85acb2f2da0216b,False
Fixed_Composition_Grouped,1,1,,421,Training,COMP-edeedccfd8f07e13,False
Fixed_Composition_Grouped,1,1,,422,Training,COMP-edeedccfd8f07e13,False
Fixed_Composition_Grouped,1,1,,424,Training,COMP-f9d9cbed014e8b80,False
Fixed_Composition_Grouped,1,1,,425,Training,COMP-f9d9cbed014e8b80,False
Fixed_Composition_Grouped,1,1,,427,Training,COMP-f9d9cbed014e8b80,False
Fixed_Composition_Grouped,1,1,,429,Training,COMP-f9d9cbed014e8b80,False
Fixed_Composition_Grouped,1,1,,431,Training,COMP-f9d9cbed014e8b80,False
Fixed_Composition_Grouped,1,1,,432,Training,COMP-f9d9cbed014e8b80,False
Fixed_Composition_Grouped,1,1,,434,Training,COMP-f9d9cbed014e8b80,False
Fixed_Composition_Grouped,1,1,,438,Training,COMP-f9d9cbed014e8b80,False
Fixed_Composition_Grouped,1,1,,440,Training,COMP-f9d9cbed014e8b80,False
Fixed_Composition_Grouped,1,1,,441,Training,COMP-f9d9cbed014e8b80,False
Fixed_Composition_Grouped,1,1,,444,Training,COMP-f9d9cbed014e8b80,False
Fixed_Composition_Grouped,1,1,,445,Training,COMP-f9d9cbed014e8b80,False
Fixed_Composition_Grouped,1,1,,448,Training,COMP-f9d9cbed014e8b80,False
Fixed_Composition_Grouped,1,1,,449,Training,COMP-f9d9cbed014e8b80,False
Fixed_Composition_Grouped,1,1,,450,Training,COMP-f9d9cbed014e8b80,False
Fixed_Composition_Grouped,1,1,,451,Training,COMP-f9d9cbed014e8b80,False
Fixed_Composition_Grouped,1,1,,4,Validation,COMP-862c9c676a6f1012,False
Fixed_Composition_Grouped,1,1,,17,Validation,COMP-773f99d6dc417f9e,False
Fixed_Composition_Grouped,1,1,,29,Validation,COMP-773f99d6dc417f9e,False
Fixed_Composition_Grouped,1,1,,44,Validation,COMP-0d7ce00a50a6a24f,False
Fixed_Composition_Grouped,1,1,,102,Validation,COMP-435a8f4ba56d8b5d,False
Fixed_Composition_Grouped,1,1,,103,Validation,COMP-435a8f4ba56d8b5d,False
Fixed_Composition_Grouped,1,1,,104,Validation,COMP-435a8f4ba56d8b5d,False
Fixed_Composition_Grouped,1,1,,105,Validation,COMP-435a8f4ba56d8b5d,False
Fixed_Composition_Grouped,1,1,,106,Validation,COMP-435a8f4ba56d8b5d,False
Fixed_Composition_Grouped,1,1,,118,Validation,COMP-8bbe9ce01fb6a2d3,False
Fixed_Composition_Grouped,1,1,,120,Validation,COMP-8bbe9ce01fb6a2d3,False
Fixed_Composition_Grouped,1,1,,157,Validation,COMP-ddfcf6030a718a0c,False
Fixed_Composition_Grouped,1,1,,159,Validation,COMP-0346738121cb655e,False
Fixed_Composition_Grouped,1,1,,160,Validation,COMP-0346738121cb655e,False
Fixed_Composition_Grouped,1,1,,162,Validation,COMP-ddfcf6030a718a0c,False
Fixed_Composition_Grouped,1,1,,168,Validation,COMP-92ed17371ff559b6,False
Fixed_Composition_Grouped,1,1,,169,Validation,COMP-92ed17371ff559b6,False
Fixed_Composition_Grouped,1,1,,172,Validation,COMP-92ed17371ff559b6,False
Fixed_Composition_Grouped,1,1,,174,Validation,COMP-a35a20d65351aafe,False
Fixed_Composition_Grouped,1,1,,181,Validation,COMP-69c6ecd7284d3b47,False
Fixed_Composition_Grouped,1,1,,197,Validation,COMP-880bd22028629a8e,False
Fixed_Composition_Grouped,1,1,,211,Validation,COMP-b775405901636085,False
Fixed_Composition_Grouped,1,1,,214,Validation,COMP-35e38ea13dc05b9e,False
Fixed_Composition_Grouped,1,1,,221,Validation,COMP-20d1e620c817cb5a,False
Fixed_Composition_Grouped,1,1,,233,Validation,COMP-e60cc4ecffe6b7df,False
Fixed_Composition_Grouped,1,1,,246,Validation,COMP-1fc9679353325516,False
Fixed_Composition_Grouped,1,1,,337,Validation,COMP-06072d2dd3b021af,False
Fixed_Composition_Grouped,1,1,,339,Validation,COMP-06072d2dd3b021af,False
Fixed_Composition_Grouped,1,1,,341,Validation,COMP-221944a235b3f36b,False
Fixed_Composition_Grouped,1,1,,342,Validation,COMP-221944a235b3f36b,False
Fixed_Composition_Grouped,1,1,,354,Validation,COMP-59f47d6774b9fdfb,False
Fixed_Composition_Grouped,1,1,,356,Validation,COMP-59f47d6774b9fdfb,False
Fixed_Composition_Grouped,1,1,,358,Validation,COMP-59f47d6774b9fdfb,False
Fixed_Composition_Grouped,1,1,,369,Validation,COMP-6f2ca218fbd1923b,False
Fixed_Composition_Grouped,1,1,,371,Validation,COMP-6f2ca218fbd1923b,False
Fixed_Composition_Grouped,1,1,,372,Validation,COMP-6f2ca218fbd1923b,False
Fixed_Composition_Grouped,1,1,,375,Validation,COMP-6f2ca218fbd1923b,False
Fixed_Composition_Grouped,1,1,,376,Validation,COMP-6f2ca218fbd1923b,False
Fixed_Composition_Grouped,1,1,,378,Validation,COMP-6f2ca218fbd1923b,False
Fixed_Composition_Grouped,1,1,,380,Validation,COMP-6f2ca218fbd1923b,False
Fixed_Composition_Grouped,1,1,,381,Validation,COMP-6f2ca218fbd1923b,False
Fixed_Composition_Grouped,1,1,,382,Validation,COMP-6f2ca218fbd1923b,False
Fixed_Composition_Grouped,1,1,,384,Validation,COMP-6f2ca218fbd1923b,False
Fixed_Composition_Grouped,1,1,,386,Validation,COMP-6f2ca218fbd1923b,False
Fixed_Composition_Grouped,1,1,,387,Validation,COMP-6f2ca218fbd1923b,False
Fixed_Composition_Grouped,1,1,,388,Validation,COMP-6f2ca218fbd1923b,False
Fixed_Composition_Grouped,1,1,,389,Validation,COMP-6f2ca218fbd1923b,False
Fixed_Composition_Grouped,1,1,,391,Validation,COMP-6f2ca218fbd1923b,False
Fixed_Composition_Grouped,1,1,,393,Validation,COMP-6f2ca218fbd1923b,False
Fixed_Composition_Grouped,1,1,,395,Validation,COMP-6f2ca218fbd1923b,False
Fixed_Composition_Grouped,1,1,,399,Validation,COMP-6f2ca218fbd1923b,False
Fixed_Composition_Grouped,1,1,,402,Validation,COMP-6f2ca218fbd1923b,False
Fixed_Composition_Grouped,1,1,,404,Validation,COMP-6f2ca218fbd1923b,False
Fixed_Composition_Grouped,1,1,,405,Validation,COMP-6f2ca218fbd1923b,False
Fixed_Composition_Grouped,1,2,,1,Training,COMP-27021c945dc6ef2d,False
Fixed_Composition_Grouped,1,2,,3,Training,COMP-725d39a40881dc4b,False
Fixed_Composition_Grouped,1,2,,4,Training,COMP-862c9c676a6f1012,False
Fixed_Composition_Grouped,1,2,,5,Training,COMP-8e1fe5f59d3c7565,False
Fixed_Composition_Grouped,1,2,,6,Training,COMP-27021c945dc6ef2d,False
Fixed_Composition_Grouped,1,2,,7,Training,COMP-725d39a40881dc4b,False
Fixed_Composition_Grouped,1,2,,8,Training,COMP-725d39a40881dc4b,False
Fixed_Composition_Grouped,1,2,,10,Training,COMP-725d39a40881dc4b,False
Fixed_Composition_Grouped,1,2,,12,Training,COMP-725d39a40881dc4b,False
Fixed_Composition_Grouped,1,2,,13,Training,COMP-27021c945dc6ef2d,False
Fixed_Composition_Grouped,1,2,,14,Training,COMP-609dfbaf681359b8,False
Fixed_Composition_Grouped,1,2,,17,Training,COMP-773f99d6dc417f9e,False
Fixed_Composition_Grouped,1,2,,26,Training,COMP-7decbe1f0284bd78,False
Fixed_Composition_Grouped,1,2,,27,Training,COMP-73d52e7a36d559a9,False
Fixed_Composition_Grouped,1,2,,28,Training,COMP-3632fb12e94bc35a,False
Fixed_Composition_Grouped,1,2,,29,Training,COMP-773f99d6dc417f9e,False
Fixed_Composition_Grouped,1,2,,35,Training,COMP-a87a2533a652007c,False
Fixed_Composition_Grouped,1,2,,37,Training,COMP-f6d84b53636ddfbe,False
Fixed_Composition_Grouped,1,2,,44,Training,COMP-0d7ce00a50a6a24f,False
Fixed_Composition_Grouped,1,2,,45,Training,COMP-59ce4655e65cf94a,False
Fixed_Composition_Grouped,1,2,,47,Training,COMP-e295ac85ac1ada41,False
Fixed_Composition_Grouped,1,2,,48,Training,COMP-b611e8d56579c910,False
Fixed_Composition_Grouped,1,2,,51,Training,COMP-dbc0864492ec7b98,False
Fixed_Composition_Grouped,1,2,,54,Training,COMP-ea1f0dc96a173899,False
Fixed_Composition_Grouped,1,2,,60,Training,COMP-3f22c6642a7a1344,False
Fixed_Composition_Grouped,1,2,,61,Training,COMP-3f22c6642a7a1344,False
Fixed_Composition_Grouped,1,2,,64,Training,COMP-3157f0dc71f862ff,False
Fixed_Composition_Grouped,1,2,,66,Training,COMP-b8df58296dba2095,False
Fixed_Composition_Grouped,1,2,,67,Training,COMP-49d8e1edbf1c2fbd,False
Fixed_Composition_Grouped,1,2,,69,Training,COMP-8cee7ef8867afd2d,False
Fixed_Composition_Grouped,1,2,,74,Training,COMP-f9a00d6d8411a0d1,False
Fixed_Composition_Grouped,1,2,,80,Training,COMP-a14831ff30c0b14d,False
Fixed_Composition_Grouped,1,2,,83,Training,COMP-e913f917a7e36868,False
Fixed_Composition_Grouped,1,2,,84,Training,COMP-a14831ff30c0b14d,False
Fixed_Composition_Grouped,1,2,,85,Training,COMP-e913f917a7e36868,False
Fixed_Composition_Grouped,1,2,,86,Training,COMP-ea2a626c3522e4a5,False
Fixed_Composition_Grouped,1,2,,87,Training,COMP-a14831ff30c0b14d,False
Fixed_Composition_Grouped,1,2,,88,Training,COMP-ea2a626c3522e4a5,False
Fixed_Composition_Grouped,1,2,,92,Training,COMP-ea2a626c3522e4a5,False
Fixed_Composition_Grouped,1,2,,94,Training,COMP-ea2a626c3522e4a5,False
Fixed_Composition_Grouped,1,2,,95,Training,COMP-ea2a626c3522e4a5,False
Fixed_Composition_Grouped,1,2,,96,Training,COMP-ea2a626c3522e4a5,False
Fixed_Composition_Grouped,1,2,,97,Training,COMP-a14831ff30c0b14d,False
Fixed_Composition_Grouped,1,2,,98,Training,COMP-e913f917a7e36868,False
Fixed_Composition_Grouped,1,2,,99,Training,COMP-ea2a626c3522e4a5,False
Fixed_Composition_Grouped,1,2,,100,Training,COMP-ea2a626c3522e4a5,False
Fixed_Composition_Grouped,1,2,,102,Training,COMP-435a8f4ba56d8b5d,False
Fixed_Composition_Grouped,1,2,,103,Training,COMP-435a8f4ba56d8b5d,False
Fixed_Composition_Grouped,1,2,,104,Training,COMP-435a8f4ba56d8b5d,False
Fixed_Composition_Grouped,1,2,,105,Training,COMP-435a8f4ba56d8b5d,False
Fixed_Composition_Grouped,1,2,,106,Training,COMP-435a8f4ba56d8b5d,False
Fixed_Composition_Grouped,1,2,,110,Training,COMP-c1d72bb5d7d164b0,False
Fixed_Composition_Grouped,1,2,,111,Training,COMP-c1d72bb5d7d164b0,False
Fixed_Composition_Grouped,1,2,,112,Training,COMP-c1d72bb5d7d164b0,False
Fixed_Composition_Grouped,1,2,,114,Training,COMP-6360354242bed7fe,False
Fixed_Composition_Grouped,1,2,,115,Training,COMP-15c7378d46cadefa,False
Fixed_Composition_Grouped,1,2,,118,Training,COMP-8bbe9ce01fb6a2d3,False
Fixed_Composition_Grouped,1,2,,120,Training,COMP-8bbe9ce01fb6a2d3,False
Fixed_Composition_Grouped,1,2,,126,Training,COMP-5502f8bc72167a0b,False
Fixed_Composition_Grouped,1,2,,127,Training,COMP-5502f8bc72167a0b,False
Fixed_Composition_Grouped,1,2,,130,Training,COMP-89919c53d3149a2d,False
Fixed_Composition_Grouped,1,2,,133,Training,COMP-89919c53d3149a2d,False
Fixed_Composition_Grouped,1,2,,134,Training,COMP-89919c53d3149a2d,False
Fixed_Composition_Grouped,1,2,,135,Training,COMP-89919c53d3149a2d,False
Fixed_Composition_Grouped,1,2,,138,Training,COMP-89919c53d3149a2d,False
Fixed_Composition_Grouped,1,2,,139,Training,COMP-89919c53d3149a2d,False
Fixed_Composition_Grouped,1,2,,141,Training,COMP-89919c53d3149a2d,False
Fixed_Composition_Grouped,1,2,,142,Training,COMP-89919c53d3149a2d,False
Fixed_Composition_Grouped,1,2,,143,Training,COMP-89919c53d3149a2d,False
Fixed_Composition_Grouped,1,2,,144,Training,COMP-89919c53d3149a2d,False
Fixed_Composition_Grouped,1,2,,145,Training,COMP-89919c53d3149a2d,False
Fixed_Composition_Grouped,1,2,,146,Training,COMP-266a388f7afdbe91,False
Fixed_Composition_Grouped,1,2,,147,Training,COMP-055230aabe7d502c,False
Fixed_Composition_Grouped,1,2,,148,Training,COMP-150ce51691dfb5f9,False
Fixed_Composition_Grouped,1,2,,149,Training,COMP-266a388f7afdbe91,False
Fixed_Composition_Grouped,1,2,,150,Training,COMP-055230aabe7d502c,False
Fixed_Composition_Grouped,1,2,,152,Training,COMP-055230aabe7d502c,False
Fixed_Composition_Grouped,1,2,,154,Training,COMP-150ce51691dfb5f9,False
Fixed_Composition_Grouped,1,2,,156,Training,COMP-941f92def7f50542,False
Fixed_Composition_Grouped,1,2,,157,Training,COMP-ddfcf6030a718a0c,False
Fixed_Composition_Grouped,1,2,,159,Training,COMP-0346738121cb655e,False
Fixed_Composition_Grouped,1,2,,160,Training,COMP-0346738121cb655e,False
Fixed_Composition_Grouped,1,2,,161,Training,COMP-eacd4f126ab29a30,False
Fixed_Composition_Grouped,1,2,,162,Training,COMP-ddfcf6030a718a0c,False
Fixed_Composition_Grouped,1,2,,164,Training,COMP-941f92def7f50542,False
Fixed_Composition_Grouped,1,2,,167,Training,COMP-eacd4f126ab29a30,False
Fixed_Composition_Grouped,1,2,,168,Training,COMP-92ed17371ff559b6,False
Fixed_Composition_Grouped,1,2,,169,Training,COMP-92ed17371ff559b6,False
Fixed_Composition_Grouped,1,2,,172,Training,COMP-92ed17371ff559b6,False
Fixed_Composition_Grouped,1,2,,174,Training,COMP-a35a20d65351aafe,False
Fixed_Composition_Grouped,1,2,,175,Training,COMP-b72f6533b137a4f6,False
Fixed_Composition_Grouped,1,2,,176,Training,COMP-5479c448b954c055,False
Fixed_Composition_Grouped,1,2,,177,Training,COMP-5479c448b954c055,False
Fixed_Composition_Grouped,1,2,,181,Training,COMP-69c6ecd7284d3b47,False
Fixed_Composition_Grouped,1,2,,182,Training,COMP-630f3050f45faf36,False
Fixed_Composition_Grouped,1,2,,183,Training,COMP-630f3050f45faf36,False
Fixed_Composition_Grouped,1,2,,184,Training,COMP-0966c0019ec07f39,False
Fixed_Composition_Grouped,1,2,,186,Training,COMP-0966c0019ec07f39,False
Fixed_Composition_Grouped,1,2,,193,Training,COMP-889d7d6c6dbf5b76,False
Fixed_Composition_Grouped,1,2,,194,Training,COMP-445f55453794f59c,False
Fixed_Composition_Grouped,1,2,,197,Training,COMP-880bd22028629a8e,False
Fixed_Composition_Grouped,1,2,,199,Training,COMP-6525c735bb50fb1c,False
Fixed_Composition_Grouped,1,2,,201,Training,COMP-05480af3b167ab05,False
Fixed_Composition_Grouped,1,2,,202,Training,COMP-598bc18a3ba07a9e,False
Fixed_Composition_Grouped,1,2,,205,Training,COMP-d8a14990923ce9f7,False
Fixed_Composition_Grouped,1,2,,207,Training,COMP-948abb1ebd270642,False
Fixed_Composition_Grouped,1,2,,210,Training,COMP-d7494ade7e8dd694,False
Fixed_Composition_Grouped,1,2,,211,Training,COMP-b775405901636085,False
Fixed_Composition_Grouped,1,2,,214,Training,COMP-35e38ea13dc05b9e,False
Fixed_Composition_Grouped,1,2,,215,Training,COMP-6b4f0394292930ba,False
Fixed_Composition_Grouped,1,2,,216,Training,COMP-4a76c05754ee1efa,False
Fixed_Composition_Grouped,1,2,,219,Training,COMP-eae7689b221fd7f8,False
Fixed_Composition_Grouped,1,2,,221,Training,COMP-20d1e620c817cb5a,False
Fixed_Composition_Grouped,1,2,,224,Training,COMP-93900d7c81c38cdd,False
Fixed_Composition_Grouped,1,2,,225,Training,COMP-289a02a6b94655b9,False
Fixed_Composition_Grouped,1,2,,226,Training,COMP-93900d7c81c38cdd,False
Fixed_Composition_Grouped,1,2,,228,Training,COMP-46e30c1bd5e987da,False
Fixed_Composition_Grouped,1,2,,230,Training,COMP-0107563adaed8d01,False
Fixed_Composition_Grouped,1,2,,231,Training,COMP-0e256dc7494452a7,False
Fixed_Composition_Grouped,1,2,,232,Training,COMP-0e256dc7494452a7,False
Fixed_Composition_Grouped,1,2,,233,Training,COMP-e60cc4ecffe6b7df,False
Fixed_Composition_Grouped,1,2,,235,Training,COMP-091a20b5a1dfb76f,False
Fixed_Composition_Grouped,1,2,,236,Training,COMP-44fea4804e888e0a,False
Fixed_Composition_Grouped,1,2,,241,Training,COMP-631a18a4a6b20c0c,False
Fixed_Composition_Grouped,1,2,,242,Training,COMP-631a18a4a6b20c0c,False
Fixed_Composition_Grouped,1,2,,246,Training,COMP-1fc9679353325516,False
Fixed_Composition_Grouped,1,2,,247,Training,COMP-e295ac85ac1ada41,False
Fixed_Composition_Grouped,1,2,,249,Training,COMP-e295ac85ac1ada41,False
Fixed_Composition_Grouped,1,2,,251,Training,COMP-dd1e9c4c0f247912,False
Fixed_Composition_Grouped,1,2,,252,Training,COMP-725d39a40881dc4b,False
Fixed_Composition_Grouped,1,2,,253,Training,COMP-725d39a40881dc4b,False
Fixed_Composition_Grouped,1,2,,255,Training,COMP-95a56990f4bea8a9,False
Fixed_Composition_Grouped,1,2,,256,Training,COMP-95a56990f4bea8a9,False
Fixed_Composition_Grouped,1,2,,257,Training,COMP-95a56990f4bea8a9,False
Fixed_Composition_Grouped,1,2,,258,Training,COMP-95a56990f4bea8a9,False
Fixed_Composition_Grouped,1,2,,259,Training,COMP-95a56990f4bea8a9,False
Fixed_Composition_Grouped,1,2,,260,Training,COMP-95a56990f4bea8a9,False
Fixed_Composition_Grouped,1,2,,263,Training,COMP-95a56990f4bea8a9,False
Fixed_Composition_Grouped,1,2,,266,Training,COMP-95a56990f4bea8a9,False
Fixed_Composition_Grouped,1,2,,268,Training,COMP-95a56990f4bea8a9,False
Fixed_Composition_Grouped,1,2,,271,Training,COMP-95a56990f4bea8a9,False
Fixed_Composition_Grouped,1,2,,272,Training,COMP-95a56990f4bea8a9,False
Fixed_Composition_Grouped,1,2,,273,Training,COMP-95a56990f4bea8a9,False
Fixed_Composition_Grouped,1,2,,282,Training,COMP-95a56990f4bea8a9,False
Fixed_Composition_Grouped,1,2,,283,Training,COMP-95a56990f4bea8a9,False
Fixed_Composition_Grouped,1,2,,285,Training,COMP-95a56990f4bea8a9,False
Fixed_Composition_Grouped,1,2,,286,Training,COMP-478c9f483894c42c,False
Fixed_Composition_Grouped,1,2,,288,Training,COMP-478c9f483894c42c,False
Fixed_Composition_Grouped,1,2,,292,Training,COMP-478c9f483894c42c,False
Fixed_Composition_Grouped,1,2,,295,Training,COMP-478c9f483894c42c,False
Fixed_Composition_Grouped,1,2,,296,Training,COMP-478c9f483894c42c,False
Fixed_Composition_Grouped,1,2,,300,Training,COMP-478c9f483894c42c,False
Fixed_Composition_Grouped,1,2,,303,Training,COMP-478c9f483894c42c,False
Fixed_Composition_Grouped,1,2,,306,Training,COMP-478c9f483894c42c,False
Fixed_Composition_Grouped,1,2,,307,Training,COMP-478c9f483894c42c,False
Fixed_Composition_Grouped,1,2,,309,Training,COMP-478c9f483894c42c,False
Fixed_Composition_Grouped,1,2,,310,Training,COMP-478c9f483894c42c,False
Fixed_Composition_Grouped,1,2,,311,Training,COMP-478c9f483894c42c,False
Fixed_Composition_Grouped,1,2,,313,Training,COMP-478c9f483894c42c,False
Fixed_Composition_Grouped,1,2,,315,Training,COMP-478c9f483894c42c,False
Fixed_Composition_Grouped,1,2,,316,Training,COMP-478c9f483894c42c,False
Fixed_Composition_Grouped,1,2,,320,Training,COMP-dbc0864492ec7b98,False
Fixed_Composition_Grouped,1,2,,321,Training,COMP-dbc0864492ec7b98,False
Fixed_Composition_Grouped,1,2,,322,Training,COMP-dbc0864492ec7b98,False
Fixed_Composition_Grouped,1,2,,323,Training,COMP-dbc0864492ec7b98,False
Fixed_Composition_Grouped,1,2,,324,Training,COMP-dbc0864492ec7b98,False
Fixed_Composition_Grouped,1,2,,325,Training,COMP-dbc0864492ec7b98,False
Fixed_Composition_Grouped,1,2,,326,Training,COMP-dbc0864492ec7b98,False
Fixed_Composition_Grouped,1,2,,327,Training,COMP-dbc0864492ec7b98,False
Fixed_Composition_Grouped,1,2,,328,Training,COMP-dbc0864492ec7b98,False
Fixed_Composition_Grouped,1,2,,331,Training,COMP-dbc0864492ec7b98,False
Fixed_Composition_Grouped,1,2,,333,Training,COMP-dbc0864492ec7b98,False
Fixed_Composition_Grouped,1,2,,334,Training,COMP-dbc0864492ec7b98,False
Fixed_Composition_Grouped,1,2,,337,Training,COMP-06072d2dd3b021af,False
Fixed_Composition_Grouped,1,2,,339,Training,COMP-06072d2dd3b021af,False
Fixed_Composition_Grouped,1,2,,341,Training,COMP-221944a235b3f36b,False
Fixed_Composition_Grouped,1,2,,342,Training,COMP-221944a235b3f36b,False
Fixed_Composition_Grouped,1,2,,344,Training,COMP-e1e52574fbb04f58,False
Fixed_Composition_Grouped,1,2,,345,Training,COMP-e1e52574fbb04f58,False
Fixed_Composition_Grouped,1,2,,347,Training,COMP-e1e52574fbb04f58,False
Fixed_Composition_Grouped,1,2,,354,Training,COMP-59f47d6774b9fdfb,False
Fixed_Composition_Grouped,1,2,,356,Training,COMP-59f47d6774b9fdfb,False
Fixed_Composition_Grouped,1,2,,358,Training,COMP-59f47d6774b9fdfb,False
Fixed_Composition_Grouped,1,2,,360,Training,COMP-0765adc8c505dd3b,False
Fixed_Composition_Grouped,1,2,,363,Training,COMP-0765adc8c505dd3b,False
Fixed_Composition_Grouped,1,2,,364,Training,COMP-0765adc8c505dd3b,False
Fixed_Composition_Grouped,1,2,,365,Training,COMP-e1e52574fbb04f58,False
Fixed_Composition_Grouped,1,2,,369,Training,COMP-6f2ca218fbd1923b,False
Fixed_Composition_Grouped,1,2,,371,Training,COMP-6f2ca218fbd1923b,False
Fixed_Composition_Grouped,1,2,,372,Training,COMP-6f2ca218fbd1923b,False
Fixed_Composition_Grouped,1,2,,375,Training,COMP-6f2ca218fbd1923b,False
Fixed_Composition_Grouped,1,2,,376,Training,COMP-6f2ca218fbd1923b,False
Fixed_Composition_Grouped,1,2,,378,Training,COMP-6f2ca218fbd1923b,False
Fixed_Composition_Grouped,1,2,,380,Training,COMP-6f2ca218fbd1923b,False
Fixed_Composition_Grouped,1,2,,381,Training,COMP-6f2ca218fbd1923b,False
Fixed_Composition_Grouped,1,2,,382,Training,COMP-6f2ca218fbd1923b,False
Fixed_Composition_Grouped,1,2,,384,Training,COMP-6f2ca218fbd1923b,False
Fixed_Composition_Grouped,1,2,,386,Training,COMP-6f2ca218fbd1923b,False
Fixed_Composition_Grouped,1,2,,387,Training,COMP-6f2ca218fbd1923b,False
Fixed_Composition_Grouped,1,2,,388,Training,COMP-6f2ca218fbd1923b,False
Fixed_Composition_Grouped,1,2,,389,Training,COMP-6f2ca218fbd1923b,False
Fixed_Composition_Grouped,1,2,,391,Training,COMP-6f2ca218fbd1923b,False
Fixed_Composition_Grouped,1,2,,393,Training,COMP-6f2ca218fbd1923b,False
Fixed_Composition_Grouped,1,2,,395,Training,COMP-6f2ca218fbd1923b,False
Fixed_Composition_Grouped,1,2,,399,Training,COMP-6f2ca218fbd1923b,False
Fixed_Composition_Grouped,1,2,,402,Training,COMP-6f2ca218fbd1923b,False
Fixed_Composition_Grouped,1,2,,404,Training,COMP-6f2ca218fbd1923b,False
Fixed_Composition_Grouped,1,2,,405,Training,COMP-6f2ca218fbd1923b,False
Fixed_Composition_Grouped,1,2,,406,Training,COMP-7fb1fecc93ced403,False
Fixed_Composition_Grouped,1,2,,408,Training,COMP-7fb1fecc93ced403,False
Fixed_Composition_Grouped,1,2,,413,Training,COMP-a85acb2f2da0216b,False
Fixed_Composition_Grouped,1,2,,414,Training,COMP-a85acb2f2da0216b,False
Fixed_Composition_Grouped,1,2,,415,Training,COMP-a85acb2f2da0216b,False
Fixed_Composition_Grouped,1,2,,418,Training,COMP-a85acb2f2da0216b,False
Fixed_Composition_Grouped,1,2,,421,Training,COMP-edeedccfd8f07e13,False
Fixed_Composition_Grouped,1,2,,422,Training,COMP-edeedccfd8f07e13,False
Fixed_Composition_Grouped,1,2,,20,Validation,COMP-0b765af90e5ebd4c,False
Fixed_Composition_Grouped,1,2,,21,Validation,COMP-0b765af90e5ebd4c,False
Fixed_Composition_Grouped,1,2,,23,Validation,COMP-81f8a3600f73b006,False
Fixed_Composition_Grouped,1,2,,24,Validation,COMP-0b765af90e5ebd4c,False
Fixed_Composition_Grouped,1,2,,32,Validation,COMP-81f8a3600f73b006,False
Fixed_Composition_Grouped,1,2,,36,Validation,COMP-87a7ec252c82f56c,False
Fixed_Composition_Grouped,1,2,,40,Validation,COMP-1af7d3f3b3b924e5,False
Fixed_Composition_Grouped,1,2,,41,Validation,COMP-1af7d3f3b3b924e5,False
Fixed_Composition_Grouped,1,2,,43,Validation,COMP-9b0e3106e10f71db,False
Fixed_Composition_Grouped,1,2,,49,Validation,COMP-92ece298f11712f0,False
Fixed_Composition_Grouped,1,2,,52,Validation,COMP-06f5d2a767a65349,False
Fixed_Composition_Grouped,1,2,,53,Validation,COMP-06f5d2a767a65349,False
Fixed_Composition_Grouped,1,2,,62,Validation,COMP-21d126c9d34df073,False
Fixed_Composition_Grouped,1,2,,63,Validation,COMP-21d126c9d34df073,False
Fixed_Composition_Grouped,1,2,,65,Validation,COMP-7c0b488137fafb3b,False
Fixed_Composition_Grouped,1,2,,68,Validation,COMP-21d126c9d34df073,False
Fixed_Composition_Grouped,1,2,,107,Validation,COMP-384273ac244080b1,False
Fixed_Composition_Grouped,1,2,,121,Validation,COMP-b2e9edd7bc55d085,False
Fixed_Composition_Grouped,1,2,,122,Validation,COMP-b2e9edd7bc55d085,False
Fixed_Composition_Grouped,1,2,,123,Validation,COMP-0ee2ef468faff8db,False
Fixed_Composition_Grouped,1,2,,125,Validation,COMP-0ee2ef468faff8db,False
Fixed_Composition_Grouped,1,2,,163,Validation,COMP-b2e9edd7bc55d085,False
Fixed_Composition_Grouped,1,2,,173,Validation,COMP-0d41a2cf75110ad6,False
Fixed_Composition_Grouped,1,2,,178,Validation,COMP-b9abc443805301b1,False
Fixed_Composition_Grouped,1,2,,187,Validation,COMP-a7670bf71188b1d6,False
Fixed_Composition_Grouped,1,2,,188,Validation,COMP-a7670bf71188b1d6,False
Fixed_Composition_Grouped,1,2,,200,Validation,COMP-b878df279a448475,False
Fixed_Composition_Grouped,1,2,,229,Validation,COMP-2753cd2e053c8c98,False
Fixed_Composition_Grouped,1,2,,237,Validation,COMP-4ef2bcae5243588c,False
Fixed_Composition_Grouped,1,2,,238,Validation,COMP-fc5c3e46d2655b62,False
Fixed_Composition_Grouped,1,2,,239,Validation,COMP-0b765af90e5ebd4c,False
Fixed_Composition_Grouped,1,2,,240,Validation,COMP-0b765af90e5ebd4c,False
Fixed_Composition_Grouped,1,2,,243,Validation,COMP-b0cc51380afea02b,False
Fixed_Composition_Grouped,1,2,,348,Validation,COMP-30cef922979fb9fd,False
Fixed_Composition_Grouped,1,2,,349,Validation,COMP-30cef922979fb9fd,False
Fixed_Composition_Grouped,1,2,,350,Validation,COMP-30cef922979fb9fd,False
Fixed_Composition_Grouped,1,2,,351,Validation,COMP-30cef922979fb9fd,False
Fixed_Composition_Grouped,1,2,,352,Validation,COMP-30cef922979fb9fd,False
Fixed_Composition_Grouped,1,2,,424,Validation,COMP-f9d9cbed014e8b80,False
Fixed_Composition_Grouped,1,2,,425,Validation,COMP-f9d9cbed014e8b80,False
Fixed_Composition_Grouped,1,2,,427,Validation,COMP-f9d9cbed014e8b80,False
Fixed_Composition_Grouped,1,2,,429,Validation,COMP-f9d9cbed014e8b80,False
Fixed_Composition_Grouped,1,2,,431,Validation,COMP-f9d9cbed014e8b80,False
Fixed_Composition_Grouped,1,2,,432,Validation,COMP-f9d9cbed014e8b80,False
Fixed_Composition_Grouped,1,2,,434,Validation,COMP-f9d9cbed014e8b80,False
Fixed_Composition_Grouped,1,2,,438,Validation,COMP-f9d9cbed014e8b80,False
Fixed_Composition_Grouped,1,2,,440,Validation,COMP-f9d9cbed014e8b80,False
Fixed_Composition_Grouped,1,2,,441,Validation,COMP-f9d9cbed014e8b80,False
Fixed_Composition_Grouped,1,2,,444,Validation,COMP-f9d9cbed014e8b80,False
Fixed_Composition_Grouped,1,2,,445,Validation,COMP-f9d9cbed014e8b80,False
Fixed_Composition_Grouped,1,2,,448,Validation,COMP-f9d9cbed014e8b80,False
Fixed_Composition_Grouped,1,2,,449,Validation,COMP-f9d9cbed014e8b80,False
Fixed_Composition_Grouped,1,2,,450,Validation,COMP-f9d9cbed014e8b80,False
Fixed_Composition_Grouped,1,2,,451,Validation,COMP-f9d9cbed014e8b80,False
Fixed_Composition_Grouped,1,3,,3,Training,COMP-725d39a40881dc4b,False
Fixed_Composition_Grouped,1,3,,4,Training,COMP-862c9c676a6f1012,False
Fixed_Composition_Grouped,1,3,,5,Training,COMP-8e1fe5f59d3c7565,False
Fixed_Composition_Grouped,1,3,,7,Training,COMP-725d39a40881dc4b,False
Fixed_Composition_Grouped,1,3,,8,Training,COMP-725d39a40881dc4b,False
Fixed_Composition_Grouped,1,3,,10,Training,COMP-725d39a40881dc4b,False
Fixed_Composition_Grouped,1,3,,12,Training,COMP-725d39a40881dc4b,False
Fixed_Composition_Grouped,1,3,,17,Training,COMP-773f99d6dc417f9e,False
Fixed_Composition_Grouped,1,3,,20,Training,COMP-0b765af90e5ebd4c,False
Fixed_Composition_Grouped,1,3,,21,Training,COMP-0b765af90e5ebd4c,False
Fixed_Composition_Grouped,1,3,,23,Training,COMP-81f8a3600f73b006,False
Fixed_Composition_Grouped,1,3,,24,Training,COMP-0b765af90e5ebd4c,False
Fixed_Composition_Grouped,1,3,,26,Training,COMP-7decbe1f0284bd78,False
Fixed_Composition_Grouped,1,3,,28,Training,COMP-3632fb12e94bc35a,False
Fixed_Composition_Grouped,1,3,,29,Training,COMP-773f99d6dc417f9e,False
Fixed_Composition_Grouped,1,3,,32,Training,COMP-81f8a3600f73b006,False
Fixed_Composition_Grouped,1,3,,35,Training,COMP-a87a2533a652007c,False
Fixed_Composition_Grouped,1,3,,36,Training,COMP-87a7ec252c82f56c,False
Fixed_Composition_Grouped,1,3,,37,Training,COMP-f6d84b53636ddfbe,False
Fixed_Composition_Grouped,1,3,,40,Training,COMP-1af7d3f3b3b924e5,False
Fixed_Composition_Grouped,1,3,,41,Training,COMP-1af7d3f3b3b924e5,False
Fixed_Composition_Grouped,1,3,,43,Training,COMP-9b0e3106e10f71db,False
Fixed_Composition_Grouped,1,3,,44,Training,COMP-0d7ce00a50a6a24f,False
Fixed_Composition_Grouped,1,3,,47,Training,COMP-e295ac85ac1ada41,False
Fixed_Composition_Grouped,1,3,,48,Training,COMP-b611e8d56579c910,False
Fixed_Composition_Grouped,1,3,,49,Training,COMP-92ece298f11712f0,False
Fixed_Composition_Grouped,1,3,,51,Training,COMP-dbc0864492ec7b98,False
Fixed_Composition_Grouped,1,3,,52,Training,COMP-06f5d2a767a65349,False
Fixed_Composition_Grouped,1,3,,53,Training,COMP-06f5d2a767a65349,False
Fixed_Composition_Grouped,1,3,,54,Training,COMP-ea1f0dc96a173899,False
Fixed_Composition_Grouped,1,3,,62,Training,COMP-21d126c9d34df073,False
Fixed_Composition_Grouped,1,3,,63,Training,COMP-21d126c9d34df073,False
Fixed_Composition_Grouped,1,3,,65,Training,COMP-7c0b488137fafb3b,False
Fixed_Composition_Grouped,1,3,,68,Training,COMP-21d126c9d34df073,False
Fixed_Composition_Grouped,1,3,,74,Training,COMP-f9a00d6d8411a0d1,False
Fixed_Composition_Grouped,1,3,,80,Training,COMP-a14831ff30c0b14d,False
Fixed_Composition_Grouped,1,3,,83,Training,COMP-e913f917a7e36868,False
Fixed_Composition_Grouped,1,3,,84,Training,COMP-a14831ff30c0b14d,False
Fixed_Composition_Grouped,1,3,,85,Training,COMP-e913f917a7e36868,False
Fixed_Composition_Grouped,1,3,,87,Training,COMP-a14831ff30c0b14d,False
Fixed_Composition_Grouped,1,3,,97,Training,COMP-a14831ff30c0b14d,False
Fixed_Composition_Grouped,1,3,,98,Training,COMP-e913f917a7e36868,False
Fixed_Composition_Grouped,1,3,,102,Training,COMP-435a8f4ba56d8b5d,False
Fixed_Composition_Grouped,1,3,,103,Training,COMP-435a8f4ba56d8b5d,False
Fixed_Composition_Grouped,1,3,,104,Training,COMP-435a8f4ba56d8b5d,False
Fixed_Composition_Grouped,1,3,,105,Training,COMP-435a8f4ba56d8b5d,False
Fixed_Composition_Grouped,1,3,,106,Training,COMP-435a8f4ba56d8b5d,False
Fixed_Composition_Grouped,1,3,,107,Training,COMP-384273ac244080b1,False
Fixed_Composition_Grouped,1,3,,114,Training,COMP-6360354242bed7fe,False
Fixed_Composition_Grouped,1,3,,115,Training,COMP-15c7378d46cadefa,False
Fixed_Composition_Grouped,1,3,,118,Training,COMP-8bbe9ce01fb6a2d3,False
Fixed_Composition_Grouped,1,3,,120,Training,COMP-8bbe9ce01fb6a2d3,False
Fixed_Composition_Grouped,1,3,,121,Training,COMP-b2e9edd7bc55d085,False
Fixed_Composition_Grouped,1,3,,122,Training,COMP-b2e9edd7bc55d085,False
Fixed_Composition_Grouped,1,3,,123,Training,COMP-0ee2ef468faff8db,False
Fixed_Composition_Grouped,1,3,,125,Training,COMP-0ee2ef468faff8db,False
Fixed_Composition_Grouped,1,3,,130,Training,COMP-89919c53d3149a2d,False
Fixed_Composition_Grouped,1,3,,133,Training,COMP-89919c53d3149a2d,False
Fixed_Composition_Grouped,1,3,,134,Training,COMP-89919c53d3149a2d,False
Fixed_Composition_Grouped,1,3,,135,Training,COMP-89919c53d3149a2d,False
Fixed_Composition_Grouped,1,3,,138,Training,COMP-89919c53d3149a2d,False
Fixed_Composition_Grouped,1,3,,139,Training,COMP-89919c53d3149a2d,False
Fixed_Composition_Grouped,1,3,,141,Training,COMP-89919c53d3149a2d,False
Fixed_Composition_Grouped,1,3,,142,Training,COMP-89919c53d3149a2d,False
Fixed_Composition_Grouped,1,3,,143,Training,COMP-89919c53d3149a2d,False
Fixed_Composition_Grouped,1,3,,144,Training,COMP-89919c53d3149a2d,False
Fixed_Composition_Grouped,1,3,,145,Training,COMP-89919c53d3149a2d,False
Fixed_Composition_Grouped,1,3,,146,Training,COMP-266a388f7afdbe91,False
Fixed_Composition_Grouped,1,3,,147,Training,COMP-055230aabe7d502c,False
Fixed_Composition_Grouped,1,3,,148,Training,COMP-150ce51691dfb5f9,False
Fixed_Composition_Grouped,1,3,,149,Training,COMP-266a388f7afdbe91,False
Fixed_Composition_Grouped,1,3,,150,Training,COMP-055230aabe7d502c,False
Fixed_Composition_Grouped,1,3,,152,Training,COMP-055230aabe7d502c,False
Fixed_Composition_Grouped,1,3,,154,Training,COMP-150ce51691dfb5f9,False
Fixed_Composition_Grouped,1,3,,157,Training,COMP-ddfcf6030a718a0c,False
Fixed_Composition_Grouped,1,3,,159,Training,COMP-0346738121cb655e,False
Fixed_Composition_Grouped,1,3,,160,Training,COMP-0346738121cb655e,False
Fixed_Composition_Grouped,1,3,,161,Training,COMP-eacd4f126ab29a30,False
Fixed_Composition_Grouped,1,3,,162,Training,COMP-ddfcf6030a718a0c,False
Fixed_Composition_Grouped,1,3,,163,Training,COMP-b2e9edd7bc55d085,False
Fixed_Composition_Grouped,1,3,,167,Training,COMP-eacd4f126ab29a30,False
Fixed_Composition_Grouped,1,3,,168,Training,COMP-92ed17371ff559b6,False
Fixed_Composition_Grouped,1,3,,169,Training,COMP-92ed17371ff559b6,False
Fixed_Composition_Grouped,1,3,,172,Training,COMP-92ed17371ff559b6,False
Fixed_Composition_Grouped,1,3,,173,Training,COMP-0d41a2cf75110ad6,False
Fixed_Composition_Grouped,1,3,,174,Training,COMP-a35a20d65351aafe,False
Fixed_Composition_Grouped,1,3,,175,Training,COMP-b72f6533b137a4f6,False
Fixed_Composition_Grouped,1,3,,178,Training,COMP-b9abc443805301b1,False
Fixed_Composition_Grouped,1,3,,181,Training,COMP-69c6ecd7284d3b47,False
Fixed_Composition_Grouped,1,3,,182,Training,COMP-630f3050f45faf36,False
Fixed_Composition_Grouped,1,3,,183,Training,COMP-630f3050f45faf36,False
Fixed_Composition_Grouped,1,3,,187,Training,COMP-a7670bf71188b1d6,False
Fixed_Composition_Grouped,1,3,,188,Training,COMP-a7670bf71188b1d6,False
Fixed_Composition_Grouped,1,3,,194,Training,COMP-445f55453794f59c,False
Fixed_Composition_Grouped,1,3,,197,Training,COMP-880bd22028629a8e,False
Fixed_Composition_Grouped,1,3,,200,Training,COMP-b878df279a448475,False
Fixed_Composition_Grouped,1,3,,201,Training,COMP-05480af3b167ab05,False
Fixed_Composition_Grouped,1,3,,202,Training,COMP-598bc18a3ba07a9e,False
Fixed_Composition_Grouped,1,3,,205,Training,COMP-d8a14990923ce9f7,False
Fixed_Composition_Grouped,1,3,,210,Training,COMP-d7494ade7e8dd694,False
Fixed_Composition_Grouped,1,3,,211,Training,COMP-b775405901636085,False
Fixed_Composition_Grouped,1,3,,214,Training,COMP-35e38ea13dc05b9e,False
Fixed_Composition_Grouped,1,3,,215,Training,COMP-6b4f0394292930ba,False
Fixed_Composition_Grouped,1,3,,216,Training,COMP-4a76c05754ee1efa,False
Fixed_Composition_Grouped,1,3,,219,Training,COMP-eae7689b221fd7f8,False
Fixed_Composition_Grouped,1,3,,221,Training,COMP-20d1e620c817cb5a,False
Fixed_Composition_Grouped,1,3,,224,Training,COMP-93900d7c81c38cdd,False
Fixed_Composition_Grouped,1,3,,225,Training,COMP-289a02a6b94655b9,False
Fixed_Composition_Grouped,1,3,,226,Training,COMP-93900d7c81c38cdd,False
Fixed_Composition_Grouped,1,3,,228,Training,COMP-46e30c1bd5e987da,False
Fixed_Composition_Grouped,1,3,,229,Training,COMP-2753cd2e053c8c98,False
Fixed_Composition_Grouped,1,3,,231,Training,COMP-0e256dc7494452a7,False
Fixed_Composition_Grouped,1,3,,232,Training,COMP-0e256dc7494452a7,False
Fixed_Composition_Grouped,1,3,,233,Training,COMP-e60cc4ecffe6b7df,False
Fixed_Composition_Grouped,1,3,,235,Training,COMP-091a20b5a1dfb76f,False
Fixed_Composition_Grouped,1,3,,236,Training,COMP-44fea4804e888e0a,False
Fixed_Composition_Grouped,1,3,,237,Training,COMP-4ef2bcae5243588c,False
Fixed_Composition_Grouped,1,3,,238,Training,COMP-fc5c3e46d2655b62,False
Fixed_Composition_Grouped,1,3,,239,Training,COMP-0b765af90e5ebd4c,False
Fixed_Composition_Grouped,1,3,,240,Training,COMP-0b765af90e5ebd4c,False
Fixed_Composition_Grouped,1,3,,241,Training,COMP-631a18a4a6b20c0c,False
Fixed_Composition_Grouped,1,3,,242,Training,COMP-631a18a4a6b20c0c,False
Fixed_Composition_Grouped,1,3,,243,Training,COMP-b0cc51380afea02b,False
Fixed_Composition_Grouped,1,3,,246,Training,COMP-1fc9679353325516,False
Fixed_Composition_Grouped,1,3,,247,Training,COMP-e295ac85ac1ada41,False
Fixed_Composition_Grouped,1,3,,249,Training,COMP-e295ac85ac1ada41,False
Fixed_Composition_Grouped,1,3,,251,Training,COMP-dd1e9c4c0f247912,False
Fixed_Composition_Grouped,1,3,,252,Training,COMP-725d39a40881dc4b,False
Fixed_Composition_Grouped,1,3,,253,Training,COMP-725d39a40881dc4b,False
Fixed_Composition_Grouped,1,3,,286,Training,COMP-478c9f483894c42c,False
Fixed_Composition_Grouped,1,3,,288,Training,COMP-478c9f483894c42c,False
Fixed_Composition_Grouped,1,3,,292,Training,COMP-478c9f483894c42c,False
Fixed_Composition_Grouped,1,3,,295,Training,COMP-478c9f483894c42c,False
Fixed_Composition_Grouped,1,3,,296,Training,COMP-478c9f483894c42c,False
Fixed_Composition_Grouped,1,3,,300,Training,COMP-478c9f483894c42c,False
Fixed_Composition_Grouped,1,3,,303,Training,COMP-478c9f483894c42c,False
Fixed_Composition_Grouped,1,3,,306,Training,COMP-478c9f483894c42c,False
Fixed_Composition_Grouped,1,3,,307,Training,COMP-478c9f483894c42c,False
Fixed_Composition_Grouped,1,3,,309,Training,COMP-478c9f483894c42c,False
Fixed_Composition_Grouped,1,3,,310,Training,COMP-478c9f483894c42c,False
Fixed_Composition_Grouped,1,3,,311,Training,COMP-478c9f483894c42c,False
Fixed_Composition_Grouped,1,3,,313,Training,COMP-478c9f483894c42c,False
Fixed_Composition_Grouped,1,3,,315,Training,COMP-478c9f483894c42c,False
Fixed_Composition_Grouped,1,3,,316,Training,COMP-478c9f483894c42c,False
Fixed_Composition_Grouped,1,3,,320,Training,COMP-dbc0864492ec7b98,False
Fixed_Composition_Grouped,1,3,,321,Training,COMP-dbc0864492ec7b98,False
Fixed_Composition_Grouped,1,3,,322,Training,COMP-dbc0864492ec7b98,False
Fixed_Composition_Grouped,1,3,,323,Training,COMP-dbc0864492ec7b98,False
Fixed_Composition_Grouped,1,3,,324,Training,COMP-dbc0864492ec7b98,False
Fixed_Composition_Grouped,1,3,,325,Training,COMP-dbc0864492ec7b98,False
Fixed_Composition_Grouped,1,3,,326,Training,COMP-dbc0864492ec7b98,False
Fixed_Composition_Grouped,1,3,,327,Training,COMP-dbc0864492ec7b98,False
Fixed_Composition_Grouped,1,3,,328,Training,COMP-dbc0864492ec7b98,False
Fixed_Composition_Grouped,1,3,,331,Training,COMP-dbc0864492ec7b98,False
Fixed_Composition_Grouped,1,3,,333,Training,COMP-dbc0864492ec7b98,False
Fixed_Composition_Grouped,1,3,,334,Training,COMP-dbc0864492ec7b98,False
Fixed_Composition_Grouped,1,3,,337,Training,COMP-06072d2dd3b021af,False
Fixed_Composition_Grouped,1,3,,339,Training,COMP-06072d2dd3b021af,False
Fixed_Composition_Grouped,1,3,,341,Training,COMP-221944a235b3f36b,False
Fixed_Composition_Grouped,1,3,,342,Training,COMP-221944a235b3f36b,False
Fixed_Composition_Grouped,1,3,,344,Training,COMP-e1e52574fbb04f58,False
Fixed_Composition_Grouped,1,3,,345,Training,COMP-e1e52574fbb04f58,False
Fixed_Composition_Grouped,1,3,,347,Training,COMP-e1e52574fbb04f58,False
Fixed_Composition_Grouped,1,3,,348,Training,COMP-30cef922979fb9fd,False
Fixed_Composition_Grouped,1,3,,349,Training,COMP-30cef922979fb9fd,False
Fixed_Composition_Grouped,1,3,,350,Training,COMP-30cef922979fb9fd,False
Fixed_Composition_Grouped,1,3,,351,Training,COMP-30cef922979fb9fd,False
Fixed_Composition_Grouped,1,3,,352,Training,COMP-30cef922979fb9fd,False
Fixed_Composition_Grouped,1,3,,354,Training,COMP-59f47d6774b9fdfb,False
Fixed_Composition_Grouped,1,3,,356,Training,COMP-59f47d6774b9fdfb,False
Fixed_Composition_Grouped,1,3,,358,Training,COMP-59f47d6774b9fdfb,False
Fixed_Composition_Grouped,1,3,,360,Training,COMP-0765adc8c505dd3b,False
Fixed_Composition_Grouped,1,3,,363,Training,COMP-0765adc8c505dd3b,False
Fixed_Composition_Grouped,1,3,,364,Training,COMP-0765adc8c505dd3b,False
Fixed_Composition_Grouped,1,3,,365,Training,COMP-e1e52574fbb04f58,False
Fixed_Composition_Grouped,1,3,,369,Training,COMP-6f2ca218fbd1923b,False
Fixed_Composition_Grouped,1,3,,371,Training,COMP-6f2ca218fbd1923b,False
Fixed_Composition_Grouped,1,3,,372,Training,COMP-6f2ca218fbd1923b,False
Fixed_Composition_Grouped,1,3,,375,Training,COMP-6f2ca218fbd1923b,False
Fixed_Composition_Grouped,1,3,,376,Training,COMP-6f2ca218fbd1923b,False
Fixed_Composition_Grouped,1,3,,378,Training,COMP-6f2ca218fbd1923b,False
Fixed_Composition_Grouped,1,3,,380,Training,COMP-6f2ca218fbd1923b,False
Fixed_Composition_Grouped,1,3,,381,Training,COMP-6f2ca218fbd1923b,False
Fixed_Composition_Grouped,1,3,,382,Training,COMP-6f2ca218fbd1923b,False
Fixed_Composition_Grouped,1,3,,384,Training,COMP-6f2ca218fbd1923b,False
Fixed_Composition_Grouped,1,3,,386,Training,COMP-6f2ca218fbd1923b,False
Fixed_Composition_Grouped,1,3,,387,Training,COMP-6f2ca218fbd1923b,False
Fixed_Composition_Grouped,1,3,,388,Training,COMP-6f2ca218fbd1923b,False
Fixed_Composition_Grouped,1,3,,389,Training,COMP-6f2ca218fbd1923b,False
Fixed_Composition_Grouped,1,3,,391,Training,COMP-6f2ca218fbd1923b,False
Fixed_Composition_Grouped,1,3,,393,Training,COMP-6f2ca218fbd1923b,False
Fixed_Composition_Grouped,1,3,,395,Training,COMP-6f2ca218fbd1923b,False
Fixed_Composition_Grouped,1,3,,399,Training,COMP-6f2ca218fbd1923b,False
Fixed_Composition_Grouped,1,3,,402,Training,COMP-6f2ca218fbd1923b,False
Fixed_Composition_Grouped,1,3,,404,Training,COMP-6f2ca218fbd1923b,False
Fixed_Composition_Grouped,1,3,,405,Training,COMP-6f2ca218fbd1923b,False
Fixed_Composition_Grouped,1,3,,406,Training,COMP-7fb1fecc93ced403,False
Fixed_Composition_Grouped,1,3,,408,Training,COMP-7fb1fecc93ced403,False
Fixed_Composition_Grouped,1,3,,421,Training,COMP-edeedccfd8f07e13,False
Fixed_Composition_Grouped,1,3,,422,Training,COMP-edeedccfd8f07e13,False
Fixed_Composition_Grouped,1,3,,424,Training,COMP-f9d9cbed014e8b80,False
Fixed_Composition_Grouped,1,3,,425,Training,COMP-f9d9cbed014e8b80,False
Fixed_Composition_Grouped,1,3,,427,Training,COMP-f9d9cbed014e8b80,False
Fixed_Composition_Grouped,1,3,,429,Training,COMP-f9d9cbed014e8b80,False
Fixed_Composition_Grouped,1,3,,431,Training,COMP-f9d9cbed014e8b80,False
Fixed_Composition_Grouped,1,3,,432,Training,COMP-f9d9cbed014e8b80,False
Fixed_Composition_Grouped,1,3,,434,Training,COMP-f9d9cbed014e8b80,False
Fixed_Composition_Grouped,1,3,,438,Training,COMP-f9d9cbed014e8b80,False
Fixed_Composition_Grouped,1,3,,440,Training,COMP-f9d9cbed014e8b80,False
Fixed_Composition_Grouped,1,3,,441,Training,COMP-f9d9cbed014e8b80,False
Fixed_Composition_Grouped,1,3,,444,Training,COMP-f9d9cbed014e8b80,False
Fixed_Composition_Grouped,1,3,,445,Training,COMP-f9d9cbed014e8b80,False
Fixed_Composition_Grouped,1,3,,448,Training,COMP-f9d9cbed014e8b80,False
Fixed_Composition_Grouped,1,3,,449,Training,COMP-f9d9cbed014e8b80,False
Fixed_Composition_Grouped,1,3,,450,Training,COMP-f9d9cbed014e8b80,False
Fixed_Composition_Grouped,1,3,,451,Training,COMP-f9d9cbed014e8b80,False
Fixed_Composition_Grouped,1,3,,1,Validation,COMP-27021c945dc6ef2d,False
Fixed_Composition_Grouped,1,3,,6,Validation,COMP-27021c945dc6ef2d,False
Fixed_Composition_Grouped,1,3,,13,Validation,COMP-27021c945dc6ef2d,False
Fixed_Composition_Grouped,1,3,,14,Validation,COMP-609dfbaf681359b8,False
Fixed_Composition_Grouped,1,3,,27,Validation,COMP-73d52e7a36d559a9,False
Fixed_Composition_Grouped,1,3,,45,Validation,COMP-59ce4655e65cf94a,False
Fixed_Composition_Grouped,1,3,,60,Validation,COMP-3f22c6642a7a1344,False
Fixed_Composition_Grouped,1,3,,61,Validation,COMP-3f22c6642a7a1344,False
Fixed_Composition_Grouped,1,3,,64,Validation,COMP-3157f0dc71f862ff,False
Fixed_Composition_Grouped,1,3,,66,Validation,COMP-b8df58296dba2095,False
Fixed_Composition_Grouped,1,3,,67,Validation,COMP-49d8e1edbf1c2fbd,False
Fixed_Composition_Grouped,1,3,,69,Validation,COMP-8cee7ef8867afd2d,False
Fixed_Composition_Grouped,1,3,,86,Validation,COMP-ea2a626c3522e4a5,False
Fixed_Composition_Grouped,1,3,,88,Validation,COMP-ea2a626c3522e4a5,False
Fixed_Composition_Grouped,1,3,,92,Validation,COMP-ea2a626c3522e4a5,False
Fixed_Composition_Grouped,1,3,,94,Validation,COMP-ea2a626c3522e4a5,False
Fixed_Composition_Grouped,1,3,,95,Validation,COMP-ea2a626c3522e4a5,False
Fixed_Composition_Grouped,1,3,,96,Validation,COMP-ea2a626c3522e4a5,False
Fixed_Composition_Grouped,1,3,,99,Validation,COMP-ea2a626c3522e4a5,False
Fixed_Composition_Grouped,1,3,,100,Validation,COMP-ea2a626c3522e4a5,False
Fixed_Composition_Grouped,1,3,,110,Validation,COMP-c1d72bb5d7d164b0,False
Fixed_Composition_Grouped,1,3,,111,Validation,COMP-c1d72bb5d7d164b0,False
Fixed_Composition_Grouped,1,3,,112,Validation,COMP-c1d72bb5d7d164b0,False
Fixed_Composition_Grouped,1,3,,126,Validation,COMP-5502f8bc72167a0b,False
Fixed_Composition_Grouped,1,3,,127,Validation,COMP-5502f8bc72167a0b,False
Fixed_Composition_Grouped,1,3,,156,Validation,COMP-941f92def7f50542,False
Fixed_Composition_Grouped,1,3,,164,Validation,COMP-941f92def7f50542,False
Fixed_Composition_Grouped,1,3,,176,Validation,COMP-5479c448b954c055,False
Fixed_Composition_Grouped,1,3,,177,Validation,COMP-5479c448b954c055,False
Fixed_Composition_Grouped,1,3,,184,Validation,COMP-0966c0019ec07f39,False
Fixed_Composition_Grouped,1,3,,186,Validation,COMP-0966c0019ec07f39,False
Fixed_Composition_Grouped,1,3,,193,Validation,COMP-889d7d6c6dbf5b76,False
Fixed_Composition_Grouped,1,3,,199,Validation,COMP-6525c735bb50fb1c,False
Fixed_Composition_Grouped,1,3,,207,Validation,COMP-948abb1ebd270642,False
Fixed_Composition_Grouped,1,3,,230,Validation,COMP-0107563adaed8d01,False
Fixed_Composition_Grouped,1,3,,255,Validation,COMP-95a56990f4bea8a9,False
Fixed_Composition_Grouped,1,3,,256,Validation,COMP-95a56990f4bea8a9,False
Fixed_Composition_Grouped,1,3,,257,Validation,COMP-95a56990f4bea8a9,False
Fixed_Composition_Grouped,1,3,,258,Validation,COMP-95a56990f4bea8a9,False
Fixed_Composition_Grouped,1,3,,259,Validation,COMP-95a56990f4bea8a9,False
Fixed_Composition_Grouped,1,3,,260,Validation,COMP-95a56990f4bea8a9,False
Fixed_Composition_Grouped,1,3,,263,Validation,COMP-95a56990f4bea8a9,False
Fixed_Composition_Grouped,1,3,,266,Validation,COMP-95a56990f4bea8a9,False
Fixed_Composition_Grouped,1,3,,268,Validation,COMP-95a56990f4bea8a9,False
Fixed_Composition_Grouped,1,3,,271,Validation,COMP-95a56990f4bea8a9,False
Fixed_Composition_Grouped,1,3,,272,Validation,COMP-95a56990f4bea8a9,False
Fixed_Composition_Grouped,1,3,,273,Validation,COMP-95a56990f4bea8a9,False
Fixed_Composition_Grouped,1,3,,282,Validation,COMP-95a56990f4bea8a9,False
Fixed_Composition_Grouped,1,3,,283,Validation,COMP-95a56990f4bea8a9,False
Fixed_Composition_Grouped,1,3,,285,Validation,COMP-95a56990f4bea8a9,False
Fixed_Composition_Grouped,1,3,,413,Validation,COMP-a85acb2f2da0216b,False
Fixed_Composition_Grouped,1,3,,414,Validation,COMP-a85acb2f2da0216b,False
Fixed_Composition_Grouped,1,3,,415,Validation,COMP-a85acb2f2da0216b,False
Fixed_Composition_Grouped,1,3,,418,Validation,COMP-a85acb2f2da0216b,False
Fixed_Composition_Grouped,1,4,,1,Training,COMP-27021c945dc6ef2d,False
Fixed_Composition_Grouped,1,4,,4,Training,COMP-862c9c676a6f1012,False
Fixed_Composition_Grouped,1,4,,5,Training,COMP-8e1fe5f59d3c7565,False
Fixed_Composition_Grouped,1,4,,6,Training,COMP-27021c945dc6ef2d,False
Fixed_Composition_Grouped,1,4,,13,Training,COMP-27021c945dc6ef2d,False
Fixed_Composition_Grouped,1,4,,14,Training,COMP-609dfbaf681359b8,False
Fixed_Composition_Grouped,1,4,,17,Training,COMP-773f99d6dc417f9e,False
Fixed_Composition_Grouped,1,4,,20,Training,COMP-0b765af90e5ebd4c,False
Fixed_Composition_Grouped,1,4,,21,Training,COMP-0b765af90e5ebd4c,False
Fixed_Composition_Grouped,1,4,,23,Training,COMP-81f8a3600f73b006,False
Fixed_Composition_Grouped,1,4,,24,Training,COMP-0b765af90e5ebd4c,False
Fixed_Composition_Grouped,1,4,,27,Training,COMP-73d52e7a36d559a9,False
Fixed_Composition_Grouped,1,4,,28,Training,COMP-3632fb12e94bc35a,False
Fixed_Composition_Grouped,1,4,,29,Training,COMP-773f99d6dc417f9e,False
Fixed_Composition_Grouped,1,4,,32,Training,COMP-81f8a3600f73b006,False
Fixed_Composition_Grouped,1,4,,35,Training,COMP-a87a2533a652007c,False
Fixed_Composition_Grouped,1,4,,36,Training,COMP-87a7ec252c82f56c,False
Fixed_Composition_Grouped,1,4,,37,Training,COMP-f6d84b53636ddfbe,False
Fixed_Composition_Grouped,1,4,,40,Training,COMP-1af7d3f3b3b924e5,False
Fixed_Composition_Grouped,1,4,,41,Training,COMP-1af7d3f3b3b924e5,False
Fixed_Composition_Grouped,1,4,,43,Training,COMP-9b0e3106e10f71db,False
Fixed_Composition_Grouped,1,4,,44,Training,COMP-0d7ce00a50a6a24f,False
Fixed_Composition_Grouped,1,4,,45,Training,COMP-59ce4655e65cf94a,False
Fixed_Composition_Grouped,1,4,,47,Training,COMP-e295ac85ac1ada41,False
Fixed_Composition_Grouped,1,4,,49,Training,COMP-92ece298f11712f0,False
Fixed_Composition_Grouped,1,4,,51,Training,COMP-dbc0864492ec7b98,False
Fixed_Composition_Grouped,1,4,,52,Training,COMP-06f5d2a767a65349,False
Fixed_Composition_Grouped,1,4,,53,Training,COMP-06f5d2a767a65349,False
Fixed_Composition_Grouped,1,4,,60,Training,COMP-3f22c6642a7a1344,False
Fixed_Composition_Grouped,1,4,,61,Training,COMP-3f22c6642a7a1344,False
Fixed_Composition_Grouped,1,4,,62,Training,COMP-21d126c9d34df073,False
Fixed_Composition_Grouped,1,4,,63,Training,COMP-21d126c9d34df073,False
Fixed_Composition_Grouped,1,4,,64,Training,COMP-3157f0dc71f862ff,False
Fixed_Composition_Grouped,1,4,,65,Training,COMP-7c0b488137fafb3b,False
Fixed_Composition_Grouped,1,4,,66,Training,COMP-b8df58296dba2095,False
Fixed_Composition_Grouped,1,4,,67,Training,COMP-49d8e1edbf1c2fbd,False
Fixed_Composition_Grouped,1,4,,68,Training,COMP-21d126c9d34df073,False
Fixed_Composition_Grouped,1,4,,69,Training,COMP-8cee7ef8867afd2d,False
Fixed_Composition_Grouped,1,4,,80,Training,COMP-a14831ff30c0b14d,False
Fixed_Composition_Grouped,1,4,,84,Training,COMP-a14831ff30c0b14d,False
Fixed_Composition_Grouped,1,4,,86,Training,COMP-ea2a626c3522e4a5,False
Fixed_Composition_Grouped,1,4,,87,Training,COMP-a14831ff30c0b14d,False
Fixed_Composition_Grouped,1,4,,88,Training,COMP-ea2a626c3522e4a5,False
Fixed_Composition_Grouped,1,4,,92,Training,COMP-ea2a626c3522e4a5,False
Fixed_Composition_Grouped,1,4,,94,Training,COMP-ea2a626c3522e4a5,False
Fixed_Composition_Grouped,1,4,,95,Training,COMP-ea2a626c3522e4a5,False
Fixed_Composition_Grouped,1,4,,96,Training,COMP-ea2a626c3522e4a5,False
Fixed_Composition_Grouped,1,4,,97,Training,COMP-a14831ff30c0b14d,False
Fixed_Composition_Grouped,1,4,,99,Training,COMP-ea2a626c3522e4a5,False
Fixed_Composition_Grouped,1,4,,100,Training,COMP-ea2a626c3522e4a5,False
Fixed_Composition_Grouped,1,4,,102,Training,COMP-435a8f4ba56d8b5d,False
Fixed_Composition_Grouped,1,4,,103,Training,COMP-435a8f4ba56d8b5d,False
Fixed_Composition_Grouped,1,4,,104,Training,COMP-435a8f4ba56d8b5d,False
Fixed_Composition_Grouped,1,4,,105,Training,COMP-435a8f4ba56d8b5d,False
Fixed_Composition_Grouped,1,4,,106,Training,COMP-435a8f4ba56d8b5d,False
Fixed_Composition_Grouped,1,4,,107,Training,COMP-384273ac244080b1,False
Fixed_Composition_Grouped,1,4,,110,Training,COMP-c1d72bb5d7d164b0,False
Fixed_Composition_Grouped,1,4,,111,Training,COMP-c1d72bb5d7d164b0,False
Fixed_Composition_Grouped,1,4,,112,Training,COMP-c1d72bb5d7d164b0,False
Fixed_Composition_Grouped,1,4,,114,Training,COMP-6360354242bed7fe,False
Fixed_Composition_Grouped,1,4,,115,Training,COMP-15c7378d46cadefa,False
Fixed_Composition_Grouped,1,4,,118,Training,COMP-8bbe9ce01fb6a2d3,False
Fixed_Composition_Grouped,1,4,,120,Training,COMP-8bbe9ce01fb6a2d3,False
Fixed_Composition_Grouped,1,4,,121,Training,COMP-b2e9edd7bc55d085,False
Fixed_Composition_Grouped,1,4,,122,Training,COMP-b2e9edd7bc55d085,False
Fixed_Composition_Grouped,1,4,,123,Training,COMP-0ee2ef468faff8db,False
Fixed_Composition_Grouped,1,4,,125,Training,COMP-0ee2ef468faff8db,False
Fixed_Composition_Grouped,1,4,,126,Training,COMP-5502f8bc72167a0b,False
Fixed_Composition_Grouped,1,4,,127,Training,COMP-5502f8bc72167a0b,False
Fixed_Composition_Grouped,1,4,,130,Training,COMP-89919c53d3149a2d,False
Fixed_Composition_Grouped,1,4,,133,Training,COMP-89919c53d3149a2d,False
Fixed_Composition_Grouped,1,4,,134,Training,COMP-89919c53d3149a2d,False
Fixed_Composition_Grouped,1,4,,135,Training,COMP-89919c53d3149a2d,False
Fixed_Composition_Grouped,1,4,,138,Training,COMP-89919c53d3149a2d,False
Fixed_Composition_Grouped,1,4,,139,Training,COMP-89919c53d3149a2d,False
Fixed_Composition_Grouped,1,4,,141,Training,COMP-89919c53d3149a2d,False
Fixed_Composition_Grouped,1,4,,142,Training,COMP-89919c53d3149a2d,False
Fixed_Composition_Grouped,1,4,,143,Training,COMP-89919c53d3149a2d,False
Fixed_Composition_Grouped,1,4,,144,Training,COMP-89919c53d3149a2d,False
Fixed_Composition_Grouped,1,4,,145,Training,COMP-89919c53d3149a2d,False
Fixed_Composition_Grouped,1,4,,146,Training,COMP-266a388f7afdbe91,False
Fixed_Composition_Grouped,1,4,,147,Training,COMP-055230aabe7d502c,False
Fixed_Composition_Grouped,1,4,,149,Training,COMP-266a388f7afdbe91,False
Fixed_Composition_Grouped,1,4,,150,Training,COMP-055230aabe7d502c,False
Fixed_Composition_Grouped,1,4,,152,Training,COMP-055230aabe7d502c,False
Fixed_Composition_Grouped,1,4,,156,Training,COMP-941f92def7f50542,False
Fixed_Composition_Grouped,1,4,,157,Training,COMP-ddfcf6030a718a0c,False
Fixed_Composition_Grouped,1,4,,159,Training,COMP-0346738121cb655e,False
Fixed_Composition_Grouped,1,4,,160,Training,COMP-0346738121cb655e,False
Fixed_Composition_Grouped,1,4,,161,Training,COMP-eacd4f126ab29a30,False
Fixed_Composition_Grouped,1,4,,162,Training,COMP-ddfcf6030a718a0c,False
Fixed_Composition_Grouped,1,4,,163,Training,COMP-b2e9edd7bc55d085,False
Fixed_Composition_Grouped,1,4,,164,Training,COMP-941f92def7f50542,False
Fixed_Composition_Grouped,1,4,,167,Training,COMP-eacd4f126ab29a30,False
Fixed_Composition_Grouped,1,4,,168,Training,COMP-92ed17371ff559b6,False
Fixed_Composition_Grouped,1,4,,169,Training,COMP-92ed17371ff559b6,False
Fixed_Composition_Grouped,1,4,,172,Training,COMP-92ed17371ff559b6,False
Fixed_Composition_Grouped,1,4,,173,Training,COMP-0d41a2cf75110ad6,False
Fixed_Composition_Grouped,1,4,,174,Training,COMP-a35a20d65351aafe,False
Fixed_Composition_Grouped,1,4,,176,Training,COMP-5479c448b954c055,False
Fixed_Composition_Grouped,1,4,,177,Training,COMP-5479c448b954c055,False
Fixed_Composition_Grouped,1,4,,178,Training,COMP-b9abc443805301b1,False
Fixed_Composition_Grouped,1,4,,181,Training,COMP-69c6ecd7284d3b47,False
Fixed_Composition_Grouped,1,4,,182,Training,COMP-630f3050f45faf36,False
Fixed_Composition_Grouped,1,4,,183,Training,COMP-630f3050f45faf36,False
Fixed_Composition_Grouped,1,4,,184,Training,COMP-0966c0019ec07f39,False
Fixed_Composition_Grouped,1,4,,186,Training,COMP-0966c0019ec07f39,False
Fixed_Composition_Grouped,1,4,,187,Training,COMP-a7670bf71188b1d6,False
Fixed_Composition_Grouped,1,4,,188,Training,COMP-a7670bf71188b1d6,False
Fixed_Composition_Grouped,1,4,,193,Training,COMP-889d7d6c6dbf5b76,False
Fixed_Composition_Grouped,1,4,,197,Training,COMP-880bd22028629a8e,False
Fixed_Composition_Grouped,1,4,,199,Training,COMP-6525c735bb50fb1c,False
Fixed_Composition_Grouped,1,4,,200,Training,COMP-b878df279a448475,False
Fixed_Composition_Grouped,1,4,,205,Training,COMP-d8a14990923ce9f7,False
Fixed_Composition_Grouped,1,4,,207,Training,COMP-948abb1ebd270642,False
Fixed_Composition_Grouped,1,4,,211,Training,COMP-b775405901636085,False
Fixed_Composition_Grouped,1,4,,214,Training,COMP-35e38ea13dc05b9e,False
Fixed_Composition_Grouped,1,4,,216,Training,COMP-4a76c05754ee1efa,False
Fixed_Composition_Grouped,1,4,,219,Training,COMP-eae7689b221fd7f8,False
Fixed_Composition_Grouped,1,4,,221,Training,COMP-20d1e620c817cb5a,False
Fixed_Composition_Grouped,1,4,,225,Training,COMP-289a02a6b94655b9,False
Fixed_Composition_Grouped,1,4,,229,Training,COMP-2753cd2e053c8c98,False
Fixed_Composition_Grouped,1,4,,230,Training,COMP-0107563adaed8d01,False
Fixed_Composition_Grouped,1,4,,233,Training,COMP-e60cc4ecffe6b7df,False
Fixed_Composition_Grouped,1,4,,235,Training,COMP-091a20b5a1dfb76f,False
Fixed_Composition_Grouped,1,4,,236,Training,COMP-44fea4804e888e0a,False
Fixed_Composition_Grouped,1,4,,237,Training,COMP-4ef2bcae5243588c,False
Fixed_Composition_Grouped,1,4,,238,Training,COMP-fc5c3e46d2655b62,False
Fixed_Composition_Grouped,1,4,,239,Training,COMP-0b765af90e5ebd4c,False
Fixed_Composition_Grouped,1,4,,240,Training,COMP-0b765af90e5ebd4c,False
Fixed_Composition_Grouped,1,4,,243,Training,COMP-b0cc51380afea02b,False
Fixed_Composition_Grouped,1,4,,246,Training,COMP-1fc9679353325516,False
Fixed_Composition_Grouped,1,4,,247,Training,COMP-e295ac85ac1ada41,False
Fixed_Composition_Grouped,1,4,,249,Training,COMP-e295ac85ac1ada41,False
Fixed_Composition_Grouped,1,4,,255,Training,COMP-95a56990f4bea8a9,False
Fixed_Composition_Grouped,1,4,,256,Training,COMP-95a56990f4bea8a9,False
Fixed_Composition_Grouped,1,4,,257,Training,COMP-95a56990f4bea8a9,False
Fixed_Composition_Grouped,1,4,,258,Training,COMP-95a56990f4bea8a9,False
Fixed_Composition_Grouped,1,4,,259,Training,COMP-95a56990f4bea8a9,False
Fixed_Composition_Grouped,1,4,,260,Training,COMP-95a56990f4bea8a9,False
Fixed_Composition_Grouped,1,4,,263,Training,COMP-95a56990f4bea8a9,False
Fixed_Composition_Grouped,1,4,,266,Training,COMP-95a56990f4bea8a9,False
Fixed_Composition_Grouped,1,4,,268,Training,COMP-95a56990f4bea8a9,False
Fixed_Composition_Grouped,1,4,,271,Training,COMP-95a56990f4bea8a9,False
Fixed_Composition_Grouped,1,4,,272,Training,COMP-95a56990f4bea8a9,False
Fixed_Composition_Grouped,1,4,,273,Training,COMP-95a56990f4bea8a9,False
Fixed_Composition_Grouped,1,4,,282,Training,COMP-95a56990f4bea8a9,False
Fixed_Composition_Grouped,1,4,,283,Training,COMP-95a56990f4bea8a9,False
Fixed_Composition_Grouped,1,4,,285,Training,COMP-95a56990f4bea8a9,False
Fixed_Composition_Grouped,1,4,,320,Training,COMP-dbc0864492ec7b98,False
Fixed_Composition_Grouped,1,4,,321,Training,COMP-dbc0864492ec7b98,False
Fixed_Composition_Grouped,1,4,,322,Training,COMP-dbc0864492ec7b98,False
Fixed_Composition_Grouped,1,4,,323,Training,COMP-dbc0864492ec7b98,False
Fixed_Composition_Grouped,1,4,,324,Training,COMP-dbc0864492ec7b98,False
Fixed_Composition_Grouped,1,4,,325,Training,COMP-dbc0864492ec7b98,False
Fixed_Composition_Grouped,1,4,,326,Training,COMP-dbc0864492ec7b98,False
Fixed_Composition_Grouped,1,4,,327,Training,COMP-dbc0864492ec7b98,False
Fixed_Composition_Grouped,1,4,,328,Training,COMP-dbc0864492ec7b98,False
Fixed_Composition_Grouped,1,4,,331,Training,COMP-dbc0864492ec7b98,False
Fixed_Composition_Grouped,1,4,,333,Training,COMP-dbc0864492ec7b98,False
Fixed_Composition_Grouped,1,4,,334,Training,COMP-dbc0864492ec7b98,False
Fixed_Composition_Grouped,1,4,,337,Training,COMP-06072d2dd3b021af,False
Fixed_Composition_Grouped,1,4,,339,Training,COMP-06072d2dd3b021af,False
Fixed_Composition_Grouped,1,4,,341,Training,COMP-221944a235b3f36b,False
Fixed_Composition_Grouped,1,4,,342,Training,COMP-221944a235b3f36b,False
Fixed_Composition_Grouped,1,4,,348,Training,COMP-30cef922979fb9fd,False
Fixed_Composition_Grouped,1,4,,349,Training,COMP-30cef922979fb9fd,False
Fixed_Composition_Grouped,1,4,,350,Training,COMP-30cef922979fb9fd,False
Fixed_Composition_Grouped,1,4,,351,Training,COMP-30cef922979fb9fd,False
Fixed_Composition_Grouped,1,4,,352,Training,COMP-30cef922979fb9fd,False
Fixed_Composition_Grouped,1,4,,354,Training,COMP-59f47d6774b9fdfb,False
Fixed_Composition_Grouped,1,4,,356,Training,COMP-59f47d6774b9fdfb,False
Fixed_Composition_Grouped,1,4,,358,Training,COMP-59f47d6774b9fdfb,False
Fixed_Composition_Grouped,1,4,,369,Training,COMP-6f2ca218fbd1923b,False
Fixed_Composition_Grouped,1,4,,371,Training,COMP-6f2ca218fbd1923b,False
Fixed_Composition_Grouped,1,4,,372,Training,COMP-6f2ca218fbd1923b,False
Fixed_Composition_Grouped,1,4,,375,Training,COMP-6f2ca218fbd1923b,False
Fixed_Composition_Grouped,1,4,,376,Training,COMP-6f2ca218fbd1923b,False
Fixed_Composition_Grouped,1,4,,378,Training,COMP-6f2ca218fbd1923b,False
Fixed_Composition_Grouped,1,4,,380,Training,COMP-6f2ca218fbd1923b,False
Fixed_Composition_Grouped,1,4,,381,Training,COMP-6f2ca218fbd1923b,False
Fixed_Composition_Grouped,1,4,,382,Training,COMP-6f2ca218fbd1923b,False
Fixed_Composition_Grouped,1,4,,384,Training,COMP-6f2ca218fbd1923b,False
Fixed_Composition_Grouped,1,4,,386,Training,COMP-6f2ca218fbd1923b,False
Fixed_Composition_Grouped,1,4,,387,Training,COMP-6f2ca218fbd1923b,False
Fixed_Composition_Grouped,1,4,,388,Training,COMP-6f2ca218fbd1923b,False
Fixed_Composition_Grouped,1,4,,389,Training,COMP-6f2ca218fbd1923b,False
Fixed_Composition_Grouped,1,4,,391,Training,COMP-6f2ca218fbd1923b,False
Fixed_Composition_Grouped,1,4,,393,Training,COMP-6f2ca218fbd1923b,False
Fixed_Composition_Grouped,1,4,,395,Training,COMP-6f2ca218fbd1923b,False
Fixed_Composition_Grouped,1,4,,399,Training,COMP-6f2ca218fbd1923b,False
Fixed_Composition_Grouped,1,4,,402,Training,COMP-6f2ca218fbd1923b,False
Fixed_Composition_Grouped,1,4,,404,Training,COMP-6f2ca218fbd1923b,False
Fixed_Composition_Grouped,1,4,,405,Training,COMP-6f2ca218fbd1923b,False
Fixed_Composition_Grouped,1,4,,413,Training,COMP-a85acb2f2da0216b,False
Fixed_Composition_Grouped,1,4,,414,Training,COMP-a85acb2f2da0216b,False
Fixed_Composition_Grouped,1,4,,415,Training,COMP-a85acb2f2da0216b,False
Fixed_Composition_Grouped,1,4,,418,Training,COMP-a85acb2f2da0216b,False
Fixed_Composition_Grouped,1,4,,421,Training,COMP-edeedccfd8f07e13,False
Fixed_Composition_Grouped,1,4,,422,Training,COMP-edeedccfd8f07e13,False
Fixed_Composition_Grouped,1,4,,424,Training,COMP-f9d9cbed014e8b80,False
Fixed_Composition_Grouped,1,4,,425,Training,COMP-f9d9cbed014e8b80,False
Fixed_Composition_Grouped,1,4,,427,Training,COMP-f9d9cbed014e8b80,False
Fixed_Composition_Grouped,1,4,,429,Training,COMP-f9d9cbed014e8b80,False
Fixed_Composition_Grouped,1,4,,431,Training,COMP-f9d9cbed014e8b80,False
Fixed_Composition_Grouped,1,4,,432,Training,COMP-f9d9cbed014e8b80,False
Fixed_Composition_Grouped,1,4,,434,Training,COMP-f9d9cbed014e8b80,False
Fixed_Composition_Grouped,1,4,,438,Training,COMP-f9d9cbed014e8b80,False
Fixed_Composition_Grouped,1,4,,440,Training,COMP-f9d9cbed014e8b80,False
Fixed_Composition_Grouped,1,4,,441,Training,COMP-f9d9cbed014e8b80,False
Fixed_Composition_Grouped,1,4,,444,Training,COMP-f9d9cbed014e8b80,False
Fixed_Composition_Grouped,1,4,,445,Training,COMP-f9d9cbed014e8b80,False
Fixed_Composition_Grouped,1,4,,448,Training,COMP-f9d9cbed014e8b80,False
Fixed_Composition_Grouped,1,4,,449,Training,COMP-f9d9cbed014e8b80,False
Fixed_Composition_Grouped,1,4,,450,Training,COMP-f9d9cbed014e8b80,False
Fixed_Composition_Grouped,1,4,,451,Training,COMP-f9d9cbed014e8b80,False
Fixed_Composition_Grouped,1,4,,3,Validation,COMP-725d39a40881dc4b,False
Fixed_Composition_Grouped,1,4,,7,Validation,COMP-725d39a40881dc4b,False
Fixed_Composition_Grouped,1,4,,8,Validation,COMP-725d39a40881dc4b,False
Fixed_Composition_Grouped,1,4,,10,Validation,COMP-725d39a40881dc4b,False
Fixed_Composition_Grouped,1,4,,12,Validation,COMP-725d39a40881dc4b,False
Fixed_Composition_Grouped,1,4,,26,Validation,COMP-7decbe1f0284bd78,False
Fixed_Composition_Grouped,1,4,,48,Validation,COMP-b611e8d56579c910,False
Fixed_Composition_Grouped,1,4,,54,Validation,COMP-ea1f0dc96a173899,False
Fixed_Composition_Grouped,1,4,,74,Validation,COMP-f9a00d6d8411a0d1,False
Fixed_Composition_Grouped,1,4,,83,Validation,COMP-e913f917a7e36868,False
Fixed_Composition_Grouped,1,4,,85,Validation,COMP-e913f917a7e36868,False
Fixed_Composition_Grouped,1,4,,98,Validation,COMP-e913f917a7e36868,False
Fixed_Composition_Grouped,1,4,,148,Validation,COMP-150ce51691dfb5f9,False
Fixed_Composition_Grouped,1,4,,154,Validation,COMP-150ce51691dfb5f9,False
Fixed_Composition_Grouped,1,4,,175,Validation,COMP-b72f6533b137a4f6,False
Fixed_Composition_Grouped,1,4,,194,Validation,COMP-445f55453794f59c,False
Fixed_Composition_Grouped,1,4,,201,Validation,COMP-05480af3b167ab05,False
Fixed_Composition_Grouped,1,4,,202,Validation,COMP-598bc18a3ba07a9e,False
Fixed_Composition_Grouped,1,4,,210,Validation,COMP-d7494ade7e8dd694,False
Fixed_Composition_Grouped,1,4,,215,Validation,COMP-6b4f0394292930ba,False
Fixed_Composition_Grouped,1,4,,224,Validation,COMP-93900d7c81c38cdd,False
Fixed_Composition_Grouped,1,4,,226,Validation,COMP-93900d7c81c38cdd,False
Fixed_Composition_Grouped,1,4,,228,Validation,COMP-46e30c1bd5e987da,False
Fixed_Composition_Grouped,1,4,,231,Validation,COMP-0e256dc7494452a7,False
Fixed_Composition_Grouped,1,4,,232,Validation,COMP-0e256dc7494452a7,False
Fixed_Composition_Grouped,1,4,,241,Validation,COMP-631a18a4a6b20c0c,False
Fixed_Composition_Grouped,1,4,,242,Validation,COMP-631a18a4a6b20c0c,False
Fixed_Composition_Grouped,1,4,,251,Validation,COMP-dd1e9c4c0f247912,False
Fixed_Composition_Grouped,1,4,,252,Validation,COMP-725d39a40881dc4b,False
Fixed_Composition_Grouped,1,4,,253,Validation,COMP-725d39a40881dc4b,False
Fixed_Composition_Grouped,1,4,,286,Validation,COMP-478c9f483894c42c,False
Fixed_Composition_Grouped,1,4,,288,Validation,COMP-478c9f483894c42c,False
Fixed_Composition_Grouped,1,4,,292,Validation,COMP-478c9f483894c42c,False
Fixed_Composition_Grouped,1,4,,295,Validation,COMP-478c9f483894c42c,False
Fixed_Composition_Grouped,1,4,,296,Validation,COMP-478c9f483894c42c,False
Fixed_Composition_Grouped,1,4,,300,Validation,COMP-478c9f483894c42c,False
Fixed_Composition_Grouped,1,4,,303,Validation,COMP-478c9f483894c42c,False
Fixed_Composition_Grouped,1,4,,306,Validation,COMP-478c9f483894c42c,False
Fixed_Composition_Grouped,1,4,,307,Validation,COMP-478c9f483894c42c,False
Fixed_Composition_Grouped,1,4,,309,Validation,COMP-478c9f483894c42c,False
Fixed_Composition_Grouped,1,4,,310,Validation,COMP-478c9f483894c42c,False
Fixed_Composition_Grouped,1,4,,311,Validation,COMP-478c9f483894c42c,False
Fixed_Composition_Grouped,1,4,,313,Validation,COMP-478c9f483894c42c,False
Fixed_Composition_Grouped,1,4,,315,Validation,COMP-478c9f483894c42c,False
Fixed_Composition_Grouped,1,4,,316,Validation,COMP-478c9f483894c42c,False
Fixed_Composition_Grouped,1,4,,344,Validation,COMP-e1e52574fbb04f58,False
Fixed_Composition_Grouped,1,4,,345,Validation,COMP-e1e52574fbb04f58,False
Fixed_Composition_Grouped,1,4,,347,Validation,COMP-e1e52574fbb04f58,False
Fixed_Composition_Grouped,1,4,,360,Validation,COMP-0765adc8c505dd3b,False
Fixed_Composition_Grouped,1,4,,363,Validation,COMP-0765adc8c505dd3b,False
Fixed_Composition_Grouped,1,4,,364,Validation,COMP-0765adc8c505dd3b,False
Fixed_Composition_Grouped,1,4,,365,Validation,COMP-e1e52574fbb04f58,False
Fixed_Composition_Grouped,1,4,,406,Validation,COMP-7fb1fecc93ced403,False
Fixed_Composition_Grouped,1,4,,408,Validation,COMP-7fb1fecc93ced403,False
Fixed_Composition_Grouped,1,5,,1,Training,COMP-27021c945dc6ef2d,False
Fixed_Composition_Grouped,1,5,,3,Training,COMP-725d39a40881dc4b,False
Fixed_Composition_Grouped,1,5,,4,Training,COMP-862c9c676a6f1012,False
Fixed_Composition_Grouped,1,5,,6,Training,COMP-27021c945dc6ef2d,False
Fixed_Composition_Grouped,1,5,,7,Training,COMP-725d39a40881dc4b,False
Fixed_Composition_Grouped,1,5,,8,Training,COMP-725d39a40881dc4b,False
Fixed_Composition_Grouped,1,5,,10,Training,COMP-725d39a40881dc4b,False
Fixed_Composition_Grouped,1,5,,12,Training,COMP-725d39a40881dc4b,False
Fixed_Composition_Grouped,1,5,,13,Training,COMP-27021c945dc6ef2d,False
Fixed_Composition_Grouped,1,5,,14,Training,COMP-609dfbaf681359b8,False
Fixed_Composition_Grouped,1,5,,17,Training,COMP-773f99d6dc417f9e,False
Fixed_Composition_Grouped,1,5,,20,Training,COMP-0b765af90e5ebd4c,False
Fixed_Composition_Grouped,1,5,,21,Training,COMP-0b765af90e5ebd4c,False
Fixed_Composition_Grouped,1,5,,23,Training,COMP-81f8a3600f73b006,False
Fixed_Composition_Grouped,1,5,,24,Training,COMP-0b765af90e5ebd4c,False
Fixed_Composition_Grouped,1,5,,26,Training,COMP-7decbe1f0284bd78,False
Fixed_Composition_Grouped,1,5,,27,Training,COMP-73d52e7a36d559a9,False
Fixed_Composition_Grouped,1,5,,29,Training,COMP-773f99d6dc417f9e,False
Fixed_Composition_Grouped,1,5,,32,Training,COMP-81f8a3600f73b006,False
Fixed_Composition_Grouped,1,5,,36,Training,COMP-87a7ec252c82f56c,False
Fixed_Composition_Grouped,1,5,,40,Training,COMP-1af7d3f3b3b924e5,False
Fixed_Composition_Grouped,1,5,,41,Training,COMP-1af7d3f3b3b924e5,False
Fixed_Composition_Grouped,1,5,,43,Training,COMP-9b0e3106e10f71db,False
Fixed_Composition_Grouped,1,5,,44,Training,COMP-0d7ce00a50a6a24f,False
Fixed_Composition_Grouped,1,5,,45,Training,COMP-59ce4655e65cf94a,False
Fixed_Composition_Grouped,1,5,,48,Training,COMP-b611e8d56579c910,False
Fixed_Composition_Grouped,1,5,,49,Training,COMP-92ece298f11712f0,False
Fixed_Composition_Grouped,1,5,,52,Training,COMP-06f5d2a767a65349,False
Fixed_Composition_Grouped,1,5,,53,Training,COMP-06f5d2a767a65349,False
Fixed_Composition_Grouped,1,5,,54,Training,COMP-ea1f0dc96a173899,False
Fixed_Composition_Grouped,1,5,,60,Training,COMP-3f22c6642a7a1344,False
Fixed_Composition_Grouped,1,5,,61,Training,COMP-3f22c6642a7a1344,False
Fixed_Composition_Grouped,1,5,,62,Training,COMP-21d126c9d34df073,False
Fixed_Composition_Grouped,1,5,,63,Training,COMP-21d126c9d34df073,False
Fixed_Composition_Grouped,1,5,,64,Training,COMP-3157f0dc71f862ff,False
Fixed_Composition_Grouped,1,5,,65,Training,COMP-7c0b488137fafb3b,False
Fixed_Composition_Grouped,1,5,,66,Training,COMP-b8df58296dba2095,False
Fixed_Composition_Grouped,1,5,,67,Training,COMP-49d8e1edbf1c2fbd,False
Fixed_Composition_Grouped,1,5,,68,Training,COMP-21d126c9d34df073,False
Fixed_Composition_Grouped,1,5,,69,Training,COMP-8cee7ef8867afd2d,False
Fixed_Composition_Grouped,1,5,,74,Training,COMP-f9a00d6d8411a0d1,False
Fixed_Composition_Grouped,1,5,,83,Training,COMP-e913f917a7e36868,False
Fixed_Composition_Grouped,1,5,,85,Training,COMP-e913f917a7e36868,False
Fixed_Composition_Grouped,1,5,,86,Training,COMP-ea2a626c3522e4a5,False
Fixed_Composition_Grouped,1,5,,88,Training,COMP-ea2a626c3522e4a5,False
Fixed_Composition_Grouped,1,5,,92,Training,COMP-ea2a626c3522e4a5,False
Fixed_Composition_Grouped,1,5,,94,Training,COMP-ea2a626c3522e4a5,False
Fixed_Composition_Grouped,1,5,,95,Training,COMP-ea2a626c3522e4a5,False
Fixed_Composition_Grouped,1,5,,96,Training,COMP-ea2a626c3522e4a5,False
Fixed_Composition_Grouped,1,5,,98,Training,COMP-e913f917a7e36868,False
Fixed_Composition_Grouped,1,5,,99,Training,COMP-ea2a626c3522e4a5,False
Fixed_Composition_Grouped,1,5,,100,Training,COMP-ea2a626c3522e4a5,False
Fixed_Composition_Grouped,1,5,,102,Training,COMP-435a8f4ba56d8b5d,False
Fixed_Composition_Grouped,1,5,,103,Training,COMP-435a8f4ba56d8b5d,False
Fixed_Composition_Grouped,1,5,,104,Training,COMP-435a8f4ba56d8b5d,False
Fixed_Composition_Grouped,1,5,,105,Training,COMP-435a8f4ba56d8b5d,False
Fixed_Composition_Grouped,1,5,,106,Training,COMP-435a8f4ba56d8b5d,False
Fixed_Composition_Grouped,1,5,,107,Training,COMP-384273ac244080b1,False
Fixed_Composition_Grouped,1,5,,110,Training,COMP-c1d72bb5d7d164b0,False
Fixed_Composition_Grouped,1,5,,111,Training,COMP-c1d72bb5d7d164b0,False
Fixed_Composition_Grouped,1,5,,112,Training,COMP-c1d72bb5d7d164b0,False
Fixed_Composition_Grouped,1,5,,118,Training,COMP-8bbe9ce01fb6a2d3,False
Fixed_Composition_Grouped,1,5,,120,Training,COMP-8bbe9ce01fb6a2d3,False
Fixed_Composition_Grouped,1,5,,121,Training,COMP-b2e9edd7bc55d085,False
Fixed_Composition_Grouped,1,5,,122,Training,COMP-b2e9edd7bc55d085,False
Fixed_Composition_Grouped,1,5,,123,Training,COMP-0ee2ef468faff8db,False
Fixed_Composition_Grouped,1,5,,125,Training,COMP-0ee2ef468faff8db,False
Fixed_Composition_Grouped,1,5,,126,Training,COMP-5502f8bc72167a0b,False
Fixed_Composition_Grouped,1,5,,127,Training,COMP-5502f8bc72167a0b,False
Fixed_Composition_Grouped,1,5,,148,Training,COMP-150ce51691dfb5f9,False
Fixed_Composition_Grouped,1,5,,154,Training,COMP-150ce51691dfb5f9,False
Fixed_Composition_Grouped,1,5,,156,Training,COMP-941f92def7f50542,False
Fixed_Composition_Grouped,1,5,,157,Training,COMP-ddfcf6030a718a0c,False
Fixed_Composition_Grouped,1,5,,159,Training,COMP-0346738121cb655e,False
Fixed_Composition_Grouped,1,5,,160,Training,COMP-0346738121cb655e,False
Fixed_Composition_Grouped,1,5,,162,Training,COMP-ddfcf6030a718a0c,False
Fixed_Composition_Grouped,1,5,,163,Training,COMP-b2e9edd7bc55d085,False
Fixed_Composition_Grouped,1,5,,164,Training,COMP-941f92def7f50542,False
Fixed_Composition_Grouped,1,5,,168,Training,COMP-92ed17371ff559b6,False
Fixed_Composition_Grouped,1,5,,169,Training,COMP-92ed17371ff559b6,False
Fixed_Composition_Grouped,1,5,,172,Training,COMP-92ed17371ff559b6,False
Fixed_Composition_Grouped,1,5,,173,Training,COMP-0d41a2cf75110ad6,False
Fixed_Composition_Grouped,1,5,,174,Training,COMP-a35a20d65351aafe,False
Fixed_Composition_Grouped,1,5,,175,Training,COMP-b72f6533b137a4f6,False
Fixed_Composition_Grouped,1,5,,176,Training,COMP-5479c448b954c055,False
Fixed_Composition_Grouped,1,5,,177,Training,COMP-5479c448b954c055,False
Fixed_Composition_Grouped,1,5,,178,Training,COMP-b9abc443805301b1,False
Fixed_Composition_Grouped,1,5,,181,Training,COMP-69c6ecd7284d3b47,False
Fixed_Composition_Grouped,1,5,,184,Training,COMP-0966c0019ec07f39,False
Fixed_Composition_Grouped,1,5,,186,Training,COMP-0966c0019ec07f39,False
Fixed_Composition_Grouped,1,5,,187,Training,COMP-a7670bf71188b1d6,False
Fixed_Composition_Grouped,1,5,,188,Training,COMP-a7670bf71188b1d6,False
Fixed_Composition_Grouped,1,5,,193,Training,COMP-889d7d6c6dbf5b76,False
Fixed_Composition_Grouped,1,5,,194,Training,COMP-445f55453794f59c,False
Fixed_Composition_Grouped,1,5,,197,Training,COMP-880bd22028629a8e,False
Fixed_Composition_Grouped,1,5,,199,Training,COMP-6525c735bb50fb1c,False
Fixed_Composition_Grouped,1,5,,200,Training,COMP-b878df279a448475,False
Fixed_Composition_Grouped,1,5,,201,Training,COMP-05480af3b167ab05,False
Fixed_Composition_Grouped,1,5,,202,Training,COMP-598bc18a3ba07a9e,False
Fixed_Composition_Grouped,1,5,,207,Training,COMP-948abb1ebd270642,False
Fixed_Composition_Grouped,1,5,,210,Training,COMP-d7494ade7e8dd694,False
Fixed_Composition_Grouped,1,5,,211,Training,COMP-b775405901636085,False
Fixed_Composition_Grouped,1,5,,214,Training,COMP-35e38ea13dc05b9e,False
Fixed_Composition_Grouped,1,5,,215,Training,COMP-6b4f0394292930ba,False
Fixed_Composition_Grouped,1,5,,221,Training,COMP-20d1e620c817cb5a,False
Fixed_Composition_Grouped,1,5,,224,Training,COMP-93900d7c81c38cdd,False
Fixed_Composition_Grouped,1,5,,226,Training,COMP-93900d7c81c38cdd,False
Fixed_Composition_Grouped,1,5,,228,Training,COMP-46e30c1bd5e987da,False
Fixed_Composition_Grouped,1,5,,229,Training,COMP-2753cd2e053c8c98,False
Fixed_Composition_Grouped,1,5,,230,Training,COMP-0107563adaed8d01,False
Fixed_Composition_Grouped,1,5,,231,Training,COMP-0e256dc7494452a7,False
Fixed_Composition_Grouped,1,5,,232,Training,COMP-0e256dc7494452a7,False
Fixed_Composition_Grouped,1,5,,233,Training,COMP-e60cc4ecffe6b7df,False
Fixed_Composition_Grouped,1,5,,237,Training,COMP-4ef2bcae5243588c,False
Fixed_Composition_Grouped,1,5,,238,Training,COMP-fc5c3e46d2655b62,False
Fixed_Composition_Grouped,1,5,,239,Training,COMP-0b765af90e5ebd4c,False
Fixed_Composition_Grouped,1,5,,240,Training,COMP-0b765af90e5ebd4c,False
Fixed_Composition_Grouped,1,5,,241,Training,COMP-631a18a4a6b20c0c,False
Fixed_Composition_Grouped,1,5,,242,Training,COMP-631a18a4a6b20c0c,False
Fixed_Composition_Grouped,1,5,,243,Training,COMP-b0cc51380afea02b,False
Fixed_Composition_Grouped,1,5,,246,Training,COMP-1fc9679353325516,False
Fixed_Composition_Grouped,1,5,,251,Training,COMP-dd1e9c4c0f247912,False
Fixed_Composition_Grouped,1,5,,252,Training,COMP-725d39a40881dc4b,False
Fixed_Composition_Grouped,1,5,,253,Training,COMP-725d39a40881dc4b,False
Fixed_Composition_Grouped,1,5,,255,Training,COMP-95a56990f4bea8a9,False
Fixed_Composition_Grouped,1,5,,256,Training,COMP-95a56990f4bea8a9,False
Fixed_Composition_Grouped,1,5,,257,Training,COMP-95a56990f4bea8a9,False
Fixed_Composition_Grouped,1,5,,258,Training,COMP-95a56990f4bea8a9,False
Fixed_Composition_Grouped,1,5,,259,Training,COMP-95a56990f4bea8a9,False
Fixed_Composition_Grouped,1,5,,260,Training,COMP-95a56990f4bea8a9,False
Fixed_Composition_Grouped,1,5,,263,Training,COMP-95a56990f4bea8a9,False
Fixed_Composition_Grouped,1,5,,266,Training,COMP-95a56990f4bea8a9,False
Fixed_Composition_Grouped,1,5,,268,Training,COMP-95a56990f4bea8a9,False
Fixed_Composition_Grouped,1,5,,271,Training,COMP-95a56990f4bea8a9,False
Fixed_Composition_Grouped,1,5,,272,Training,COMP-95a56990f4bea8a9,False
Fixed_Composition_Grouped,1,5,,273,Training,COMP-95a56990f4bea8a9,False
Fixed_Composition_Grouped,1,5,,282,Training,COMP-95a56990f4bea8a9,False
Fixed_Composition_Grouped,1,5,,283,Training,COMP-95a56990f4bea8a9,False
Fixed_Composition_Grouped,1,5,,285,Training,COMP-95a56990f4bea8a9,False
Fixed_Composition_Grouped,1,5,,286,Training,COMP-478c9f483894c42c,False
Fixed_Composition_Grouped,1,5,,288,Training,COMP-478c9f483894c42c,False
Fixed_Composition_Grouped,1,5,,292,Training,COMP-478c9f483894c42c,False
Fixed_Composition_Grouped,1,5,,295,Training,COMP-478c9f483894c42c,False
Fixed_Composition_Grouped,1,5,,296,Training,COMP-478c9f483894c42c,False
Fixed_Composition_Grouped,1,5,,300,Training,COMP-478c9f483894c42c,False
Fixed_Composition_Grouped,1,5,,303,Training,COMP-478c9f483894c42c,False
Fixed_Composition_Grouped,1,5,,306,Training,COMP-478c9f483894c42c,False
Fixed_Composition_Grouped,1,5,,307,Training,COMP-478c9f483894c42c,False
Fixed_Composition_Grouped,1,5,,309,Training,COMP-478c9f483894c42c,False
Fixed_Composition_Grouped,1,5,,310,Training,COMP-478c9f483894c42c,False
Fixed_Composition_Grouped,1,5,,311,Training,COMP-478c9f483894c42c,False
Fixed_Composition_Grouped,1,5,,313,Training,COMP-478c9f483894c42c,False
Fixed_Composition_Grouped,1,5,,315,Training,COMP-478c9f483894c42c,False
Fixed_Composition_Grouped,1,5,,316,Training,COMP-478c9f483894c42c,False
Fixed_Composition_Grouped,1,5,,337,Training,COMP-06072d2dd3b021af,False
Fixed_Composition_Grouped,1,5,,339,Training,COMP-06072d2dd3b021af,False
Fixed_Composition_Grouped,1,5,,341,Training,COMP-221944a235b3f36b,False
Fixed_Composition_Grouped,1,5,,342,Training,COMP-221944a235b3f36b,False
Fixed_Composition_Grouped,1,5,,344,Training,COMP-e1e52574fbb04f58,False
Fixed_Composition_Grouped,1,5,,345,Training,COMP-e1e52574fbb04f58,False
Fixed_Composition_Grouped,1,5,,347,Training,COMP-e1e52574fbb04f58,False
Fixed_Composition_Grouped,1,5,,348,Training,COMP-30cef922979fb9fd,False
Fixed_Composition_Grouped,1,5,,349,Training,COMP-30cef922979fb9fd,False
Fixed_Composition_Grouped,1,5,,350,Training,COMP-30cef922979fb9fd,False
Fixed_Composition_Grouped,1,5,,351,Training,COMP-30cef922979fb9fd,False
Fixed_Composition_Grouped,1,5,,352,Training,COMP-30cef922979fb9fd,False
Fixed_Composition_Grouped,1,5,,354,Training,COMP-59f47d6774b9fdfb,False
Fixed_Composition_Grouped,1,5,,356,Training,COMP-59f47d6774b9fdfb,False
Fixed_Composition_Grouped,1,5,,358,Training,COMP-59f47d6774b9fdfb,False
Fixed_Composition_Grouped,1,5,,360,Training,COMP-0765adc8c505dd3b,False
Fixed_Composition_Grouped,1,5,,363,Training,COMP-0765adc8c505dd3b,False
Fixed_Composition_Grouped,1,5,,364,Training,COMP-0765adc8c505dd3b,False
Fixed_Composition_Grouped,1,5,,365,Training,COMP-e1e52574fbb04f58,False
Fixed_Composition_Grouped,1,5,,369,Training,COMP-6f2ca218fbd1923b,False
Fixed_Composition_Grouped,1,5,,371,Training,COMP-6f2ca218fbd1923b,False
Fixed_Composition_Grouped,1,5,,372,Training,COMP-6f2ca218fbd1923b,False
Fixed_Composition_Grouped,1,5,,375,Training,COMP-6f2ca218fbd1923b,False
Fixed_Composition_Grouped,1,5,,376,Training,COMP-6f2ca218fbd1923b,False
Fixed_Composition_Grouped,1,5,,378,Training,COMP-6f2ca218fbd1923b,False
Fixed_Composition_Grouped,1,5,,380,Training,COMP-6f2ca218fbd1923b,False
Fixed_Composition_Grouped,1,5,,381,Training,COMP-6f2ca218fbd1923b,False
Fixed_Composition_Grouped,1,5,,382,Training,COMP-6f2ca218fbd1923b,False
Fixed_Composition_Grouped,1,5,,384,Training,COMP-6f2ca218fbd1923b,False
Fixed_Composition_Grouped,1,5,,386,Training,COMP-6f2ca218fbd1923b,False
Fixed_Composition_Grouped,1,5,,387,Training,COMP-6f2ca218fbd1923b,False
Fixed_Composition_Grouped,1,5,,388,Training,COMP-6f2ca218fbd1923b,False
Fixed_Composition_Grouped,1,5,,389,Training,COMP-6f2ca218fbd1923b,False
Fixed_Composition_Grouped,1,5,,391,Training,COMP-6f2ca218fbd1923b,False
Fixed_Composition_Grouped,1,5,,393,Training,COMP-6f2ca218fbd1923b,False
Fixed_Composition_Grouped,1,5,,395,Training,COMP-6f2ca218fbd1923b,False
Fixed_Composition_Grouped,1,5,,399,Training,COMP-6f2ca218fbd1923b,False
Fixed_Composition_Grouped,1,5,,402,Training,COMP-6f2ca218fbd1923b,False
Fixed_Composition_Grouped,1,5,,404,Training,COMP-6f2ca218fbd1923b,False
Fixed_Composition_Grouped,1,5,,405,Training,COMP-6f2ca218fbd1923b,False
Fixed_Composition_Grouped,1,5,,406,Training,COMP-7fb1fecc93ced403,False
Fixed_Composition_Grouped,1,5,,408,Training,COMP-7fb1fecc93ced403,False
Fixed_Composition_Grouped,1,5,,413,Training,COMP-a85acb2f2da0216b,False
Fixed_Composition_Grouped,1,5,,414,Training,COMP-a85acb2f2da0216b,False
Fixed_Composition_Grouped,1,5,,415,Training,COMP-a85acb2f2da0216b,False
Fixed_Composition_Grouped,1,5,,418,Training,COMP-a85acb2f2da0216b,False
Fixed_Composition_Grouped,1,5,,424,Training,COMP-f9d9cbed014e8b80,False
Fixed_Composition_Grouped,1,5,,425,Training,COMP-f9d9cbed014e8b80,False
Fixed_Composition_Grouped,1,5,,427,Training,COMP-f9d9cbed014e8b80,False
Fixed_Composition_Grouped,1,5,,429,Training,COMP-f9d9cbed014e8b80,False
Fixed_Composition_Grouped,1,5,,431,Training,COMP-f9d9cbed014e8b80,False
Fixed_Composition_Grouped,1,5,,432,Training,COMP-f9d9cbed014e8b80,False
Fixed_Composition_Grouped,1,5,,434,Training,COMP-f9d9cbed014e8b80,False
Fixed_Composition_Grouped,1,5,,438,Training,COMP-f9d9cbed014e8b80,False
Fixed_Composition_Grouped,1,5,,440,Training,COMP-f9d9cbed014e8b80,False
Fixed_Composition_Grouped,1,5,,441,Training,COMP-f9d9cbed014e8b80,False
Fixed_Composition_Grouped,1,5,,444,Training,COMP-f9d9cbed014e8b80,False
Fixed_Composition_Grouped,1,5,,445,Training,COMP-f9d9cbed014e8b80,False
Fixed_Composition_Grouped,1,5,,448,Training,COMP-f9d9cbed014e8b80,False
Fixed_Composition_Grouped,1,5,,449,Training,COMP-f9d9cbed014e8b80,False
Fixed_Composition_Grouped,1,5,,450,Training,COMP-f9d9cbed014e8b80,False
Fixed_Composition_Grouped,1,5,,451,Training,COMP-f9d9cbed014e8b80,False
Fixed_Composition_Grouped,1,5,,5,Validation,COMP-8e1fe5f59d3c7565,False
Fixed_Composition_Grouped,1,5,,28,Validation,COMP-3632fb12e94bc35a,False
Fixed_Composition_Grouped,1,5,,35,Validation,COMP-a87a2533a652007c,False
Fixed_Composition_Grouped,1,5,,37,Validation,COMP-f6d84b53636ddfbe,False
Fixed_Composition_Grouped,1,5,,47,Validation,COMP-e295ac85ac1ada41,False
Fixed_Composition_Grouped,1,5,,51,Validation,COMP-dbc0864492ec7b98,False
Fixed_Composition_Grouped,1,5,,80,Validation,COMP-a14831ff30c0b14d,False
Fixed_Composition_Grouped,1,5,,84,Validation,COMP-a14831ff30c0b14d,False
Fixed_Composition_Grouped,1,5,,87,Validation,COMP-a14831ff30c0b14d,False
Fixed_Composition_Grouped,1,5,,97,Validation,COMP-a14831ff30c0b14d,False
Fixed_Composition_Grouped,1,5,,114,Validation,COMP-6360354242bed7fe,False
Fixed_Composition_Grouped,1,5,,115,Validation,COMP-15c7378d46cadefa,False
Fixed_Composition_Grouped,1,5,,130,Validation,COMP-89919c53d3149a2d,False
Fixed_Composition_Grouped,1,5,,133,Validation,COMP-89919c53d3149a2d,False
Fixed_Composition_Grouped,1,5,,134,Validation,COMP-89919c53d3149a2d,False
Fixed_Composition_Grouped,1,5,,135,Validation,COMP-89919c53d3149a2d,False
Fixed_Composition_Grouped,1,5,,138,Validation,COMP-89919c53d3149a2d,False
Fixed_Composition_Grouped,1,5,,139,Validation,COMP-89919c53d3149a2d,False
Fixed_Composition_Grouped,1,5,,141,Validation,COMP-89919c53d3149a2d,False
Fixed_Composition_Grouped,1,5,,142,Validation,COMP-89919c53d3149a2d,False
Fixed_Composition_Grouped,1,5,,143,Validation,COMP-89919c53d3149a2d,False
Fixed_Composition_Grouped,1,5,,144,Validation,COMP-89919c53d3149a2d,False
Fixed_Composition_Grouped,1,5,,145,Validation,COMP-89919c53d3149a2d,False
Fixed_Composition_Grouped,1,5,,146,Validation,COMP-266a388f7afdbe91,False
Fixed_Composition_Grouped,1,5,,147,Validation,COMP-055230aabe7d502c,False
Fixed_Composition_Grouped,1,5,,149,Validation,COMP-266a388f7afdbe91,False
Fixed_Composition_Grouped,1,5,,150,Validation,COMP-055230aabe7d502c,False
Fixed_Composition_Grouped,1,5,,152,Validation,COMP-055230aabe7d502c,False
Fixed_Composition_Grouped,1,5,,161,Validation,COMP-eacd4f126ab29a30,False
Fixed_Composition_Grouped,1,5,,167,Validation,COMP-eacd4f126ab29a30,False
Fixed_Composition_Grouped,1,5,,182,Validation,COMP-630f3050f45faf36,False
Fixed_Composition_Grouped,1,5,,183,Validation,COMP-630f3050f45faf36,False
Fixed_Composition_Grouped,1,5,,205,Validation,COMP-d8a14990923ce9f7,False
Fixed_Composition_Grouped,1,5,,216,Validation,COMP-4a76c05754ee1efa,False
Fixed_Composition_Grouped,1,5,,219,Validation,COMP-eae7689b221fd7f8,False
Fixed_Composition_Grouped,1,5,,225,Validation,COMP-289a02a6b94655b9,False
Fixed_Composition_Grouped,1,5,,235,Validation,COMP-091a20b5a1dfb76f,False
Fixed_Composition_Grouped,1,5,,236,Validation,COMP-44fea4804e888e0a,False
Fixed_Composition_Grouped,1,5,,247,Validation,COMP-e295ac85ac1ada41,False
Fixed_Composition_Grouped,1,5,,249,Validation,COMP-e295ac85ac1ada41,False
Fixed_Composition_Grouped,1,5,,320,Validation,COMP-dbc0864492ec7b98,False
Fixed_Composition_Grouped,1,5,,321,Validation,COMP-dbc0864492ec7b98,False
Fixed_Composition_Grouped,1,5,,322,Validation,COMP-dbc0864492ec7b98,False
Fixed_Composition_Grouped,1,5,,323,Validation,COMP-dbc0864492ec7b98,False
Fixed_Composition_Grouped,1,5,,324,Validation,COMP-dbc0864492ec7b98,False
Fixed_Composition_Grouped,1,5,,325,Validation,COMP-dbc0864492ec7b98,False
Fixed_Composition_Grouped,1,5,,326,Validation,COMP-dbc0864492ec7b98,False
Fixed_Composition_Grouped,1,5,,327,Validation,COMP-dbc0864492ec7b98,False
Fixed_Composition_Grouped,1,5,,328,Validation,COMP-dbc0864492ec7b98,False
Fixed_Composition_Grouped,1,5,,331,Validation,COMP-dbc0864492ec7b98,False
Fixed_Composition_Grouped,1,5,,333,Validation,COMP-dbc0864492ec7b98,False
Fixed_Composition_Grouped,1,5,,334,Validation,COMP-dbc0864492ec7b98,False
Fixed_Composition_Grouped,1,5,,421,Validation,COMP-edeedccfd8f07e13,False
Fixed_Composition_Grouped,1,5,,422,Validation,COMP-edeedccfd8f07e13,False
Fixed_Composition_Grouped,2,1,,1,Training,COMP-27021c945dc6ef2d,False
Fixed_Composition_Grouped,2,1,,3,Training,COMP-725d39a40881dc4b,False
Fixed_Composition_Grouped,2,1,,4,Training,COMP-862c9c676a6f1012,False
Fixed_Composition_Grouped,2,1,,5,Training,COMP-8e1fe5f59d3c7565,False
Fixed_Composition_Grouped,2,1,,6,Training,COMP-27021c945dc6ef2d,False
Fixed_Composition_Grouped,2,1,,7,Training,COMP-725d39a40881dc4b,False
Fixed_Composition_Grouped,2,1,,8,Training,COMP-725d39a40881dc4b,False
Fixed_Composition_Grouped,2,1,,10,Training,COMP-725d39a40881dc4b,False
Fixed_Composition_Grouped,2,1,,12,Training,COMP-725d39a40881dc4b,False
Fixed_Composition_Grouped,2,1,,13,Training,COMP-27021c945dc6ef2d,False
Fixed_Composition_Grouped,2,1,,14,Training,COMP-609dfbaf681359b8,False
Fixed_Composition_Grouped,2,1,,20,Training,COMP-0b765af90e5ebd4c,False
Fixed_Composition_Grouped,2,1,,21,Training,COMP-0b765af90e5ebd4c,False
Fixed_Composition_Grouped,2,1,,23,Training,COMP-81f8a3600f73b006,False
Fixed_Composition_Grouped,2,1,,24,Training,COMP-0b765af90e5ebd4c,False
Fixed_Composition_Grouped,2,1,,26,Training,COMP-7decbe1f0284bd78,False
Fixed_Composition_Grouped,2,1,,27,Training,COMP-73d52e7a36d559a9,False
Fixed_Composition_Grouped,2,1,,28,Training,COMP-3632fb12e94bc35a,False
Fixed_Composition_Grouped,2,1,,32,Training,COMP-81f8a3600f73b006,False
Fixed_Composition_Grouped,2,1,,35,Training,COMP-a87a2533a652007c,False
Fixed_Composition_Grouped,2,1,,36,Training,COMP-87a7ec252c82f56c,False
Fixed_Composition_Grouped,2,1,,43,Training,COMP-9b0e3106e10f71db,False
Fixed_Composition_Grouped,2,1,,44,Training,COMP-0d7ce00a50a6a24f,False
Fixed_Composition_Grouped,2,1,,45,Training,COMP-59ce4655e65cf94a,False
Fixed_Composition_Grouped,2,1,,47,Training,COMP-e295ac85ac1ada41,False
Fixed_Composition_Grouped,2,1,,48,Training,COMP-b611e8d56579c910,False
Fixed_Composition_Grouped,2,1,,49,Training,COMP-92ece298f11712f0,False
Fixed_Composition_Grouped,2,1,,51,Training,COMP-dbc0864492ec7b98,False
Fixed_Composition_Grouped,2,1,,52,Training,COMP-06f5d2a767a65349,False
Fixed_Composition_Grouped,2,1,,53,Training,COMP-06f5d2a767a65349,False
Fixed_Composition_Grouped,2,1,,54,Training,COMP-ea1f0dc96a173899,False
Fixed_Composition_Grouped,2,1,,60,Training,COMP-3f22c6642a7a1344,False
Fixed_Composition_Grouped,2,1,,61,Training,COMP-3f22c6642a7a1344,False
Fixed_Composition_Grouped,2,1,,62,Training,COMP-21d126c9d34df073,False
Fixed_Composition_Grouped,2,1,,63,Training,COMP-21d126c9d34df073,False
Fixed_Composition_Grouped,2,1,,64,Training,COMP-3157f0dc71f862ff,False
Fixed_Composition_Grouped,2,1,,65,Training,COMP-7c0b488137fafb3b,False
Fixed_Composition_Grouped,2,1,,66,Training,COMP-b8df58296dba2095,False
Fixed_Composition_Grouped,2,1,,67,Training,COMP-49d8e1edbf1c2fbd,False
Fixed_Composition_Grouped,2,1,,68,Training,COMP-21d126c9d34df073,False
Fixed_Composition_Grouped,2,1,,69,Training,COMP-8cee7ef8867afd2d,False
Fixed_Composition_Grouped,2,1,,74,Training,COMP-f9a00d6d8411a0d1,False
Fixed_Composition_Grouped,2,1,,80,Training,COMP-a14831ff30c0b14d,False
Fixed_Composition_Grouped,2,1,,83,Training,COMP-e913f917a7e36868,False
Fixed_Composition_Grouped,2,1,,84,Training,COMP-a14831ff30c0b14d,False
Fixed_Composition_Grouped,2,1,,85,Training,COMP-e913f917a7e36868,False
Fixed_Composition_Grouped,2,1,,86,Training,COMP-ea2a626c3522e4a5,False
Fixed_Composition_Grouped,2,1,,87,Training,COMP-a14831ff30c0b14d,False
Fixed_Composition_Grouped,2,1,,88,Training,COMP-ea2a626c3522e4a5,False
Fixed_Composition_Grouped,2,1,,92,Training,COMP-ea2a626c3522e4a5,False
Fixed_Composition_Grouped,2,1,,94,Training,COMP-ea2a626c3522e4a5,False
Fixed_Composition_Grouped,2,1,,95,Training,COMP-ea2a626c3522e4a5,False
Fixed_Composition_Grouped,2,1,,96,Training,COMP-ea2a626c3522e4a5,False
Fixed_Composition_Grouped,2,1,,97,Training,COMP-a14831ff30c0b14d,False
Fixed_Composition_Grouped,2,1,,98,Training,COMP-e913f917a7e36868,False
Fixed_Composition_Grouped,2,1,,99,Training,COMP-ea2a626c3522e4a5,False
Fixed_Composition_Grouped,2,1,,100,Training,COMP-ea2a626c3522e4a5,False
Fixed_Composition_Grouped,2,1,,107,Training,COMP-384273ac244080b1,False
Fixed_Composition_Grouped,2,1,,114,Training,COMP-6360354242bed7fe,False
Fixed_Composition_Grouped,2,1,,115,Training,COMP-15c7378d46cadefa,False
Fixed_Composition_Grouped,2,1,,118,Training,COMP-8bbe9ce01fb6a2d3,False
Fixed_Composition_Grouped,2,1,,120,Training,COMP-8bbe9ce01fb6a2d3,False
Fixed_Composition_Grouped,2,1,,121,Training,COMP-b2e9edd7bc55d085,False
Fixed_Composition_Grouped,2,1,,122,Training,COMP-b2e9edd7bc55d085,False
Fixed_Composition_Grouped,2,1,,123,Training,COMP-0ee2ef468faff8db,False
Fixed_Composition_Grouped,2,1,,125,Training,COMP-0ee2ef468faff8db,False
Fixed_Composition_Grouped,2,1,,126,Training,COMP-5502f8bc72167a0b,False
Fixed_Composition_Grouped,2,1,,127,Training,COMP-5502f8bc72167a0b,False
Fixed_Composition_Grouped,2,1,,130,Training,COMP-89919c53d3149a2d,False
Fixed_Composition_Grouped,2,1,,133,Training,COMP-89919c53d3149a2d,False
Fixed_Composition_Grouped,2,1,,134,Training,COMP-89919c53d3149a2d,False
Fixed_Composition_Grouped,2,1,,135,Training,COMP-89919c53d3149a2d,False
Fixed_Composition_Grouped,2,1,,138,Training,COMP-89919c53d3149a2d,False
Fixed_Composition_Grouped,2,1,,139,Training,COMP-89919c53d3149a2d,False
Fixed_Composition_Grouped,2,1,,141,Training,COMP-89919c53d3149a2d,False
Fixed_Composition_Grouped,2,1,,142,Training,COMP-89919c53d3149a2d,False
Fixed_Composition_Grouped,2,1,,143,Training,COMP-89919c53d3149a2d,False
Fixed_Composition_Grouped,2,1,,144,Training,COMP-89919c53d3149a2d,False
Fixed_Composition_Grouped,2,1,,145,Training,COMP-89919c53d3149a2d,False
Fixed_Composition_Grouped,2,1,,146,Training,COMP-266a388f7afdbe91,False
Fixed_Composition_Grouped,2,1,,148,Training,COMP-150ce51691dfb5f9,False
Fixed_Composition_Grouped,2,1,,149,Training,COMP-266a388f7afdbe91,False
Fixed_Composition_Grouped,2,1,,154,Training,COMP-150ce51691dfb5f9,False
Fixed_Composition_Grouped,2,1,,156,Training,COMP-941f92def7f50542,False
Fixed_Composition_Grouped,2,1,,159,Training,COMP-0346738121cb655e,False
Fixed_Composition_Grouped,2,1,,160,Training,COMP-0346738121cb655e,False
Fixed_Composition_Grouped,2,1,,163,Training,COMP-b2e9edd7bc55d085,False
Fixed_Composition_Grouped,2,1,,164,Training,COMP-941f92def7f50542,False
Fixed_Composition_Grouped,2,1,,168,Training,COMP-92ed17371ff559b6,False
Fixed_Composition_Grouped,2,1,,169,Training,COMP-92ed17371ff559b6,False
Fixed_Composition_Grouped,2,1,,172,Training,COMP-92ed17371ff559b6,False
Fixed_Composition_Grouped,2,1,,173,Training,COMP-0d41a2cf75110ad6,False
Fixed_Composition_Grouped,2,1,,174,Training,COMP-a35a20d65351aafe,False
Fixed_Composition_Grouped,2,1,,175,Training,COMP-b72f6533b137a4f6,False
Fixed_Composition_Grouped,2,1,,176,Training,COMP-5479c448b954c055,False
Fixed_Composition_Grouped,2,1,,177,Training,COMP-5479c448b954c055,False
Fixed_Composition_Grouped,2,1,,181,Training,COMP-69c6ecd7284d3b47,False
Fixed_Composition_Grouped,2,1,,182,Training,COMP-630f3050f45faf36,False
Fixed_Composition_Grouped,2,1,,183,Training,COMP-630f3050f45faf36,False
Fixed_Composition_Grouped,2,1,,184,Training,COMP-0966c0019ec07f39,False
Fixed_Composition_Grouped,2,1,,186,Training,COMP-0966c0019ec07f39,False
Fixed_Composition_Grouped,2,1,,187,Training,COMP-a7670bf71188b1d6,False
Fixed_Composition_Grouped,2,1,,188,Training,COMP-a7670bf71188b1d6,False
Fixed_Composition_Grouped,2,1,,194,Training,COMP-445f55453794f59c,False
Fixed_Composition_Grouped,2,1,,197,Training,COMP-880bd22028629a8e,False
Fixed_Composition_Grouped,2,1,,199,Training,COMP-6525c735bb50fb1c,False
Fixed_Composition_Grouped,2,1,,200,Training,COMP-b878df279a448475,False
Fixed_Composition_Grouped,2,1,,201,Training,COMP-05480af3b167ab05,False
Fixed_Composition_Grouped,2,1,,202,Training,COMP-598bc18a3ba07a9e,False
Fixed_Composition_Grouped,2,1,,205,Training,COMP-d8a14990923ce9f7,False
Fixed_Composition_Grouped,2,1,,207,Training,COMP-948abb1ebd270642,False
Fixed_Composition_Grouped,2,1,,210,Training,COMP-d7494ade7e8dd694,False
Fixed_Composition_Grouped,2,1,,211,Training,COMP-b775405901636085,False
Fixed_Composition_Grouped,2,1,,214,Training,COMP-35e38ea13dc05b9e,False
Fixed_Composition_Grouped,2,1,,216,Training,COMP-4a76c05754ee1efa,False
Fixed_Composition_Grouped,2,1,,219,Training,COMP-eae7689b221fd7f8,False
Fixed_Composition_Grouped,2,1,,224,Training,COMP-93900d7c81c38cdd,False
Fixed_Composition_Grouped,2,1,,226,Training,COMP-93900d7c81c38cdd,False
Fixed_Composition_Grouped,2,1,,228,Training,COMP-46e30c1bd5e987da,False
Fixed_Composition_Grouped,2,1,,230,Training,COMP-0107563adaed8d01,False
Fixed_Composition_Grouped,2,1,,236,Training,COMP-44fea4804e888e0a,False
Fixed_Composition_Grouped,2,1,,237,Training,COMP-4ef2bcae5243588c,False
Fixed_Composition_Grouped,2,1,,238,Training,COMP-fc5c3e46d2655b62,False
Fixed_Composition_Grouped,2,1,,239,Training,COMP-0b765af90e5ebd4c,False
Fixed_Composition_Grouped,2,1,,240,Training,COMP-0b765af90e5ebd4c,False
Fixed_Composition_Grouped,2,1,,241,Training,COMP-631a18a4a6b20c0c,False
Fixed_Composition_Grouped,2,1,,242,Training,COMP-631a18a4a6b20c0c,False
Fixed_Composition_Grouped,2,1,,243,Training,COMP-b0cc51380afea02b,False
Fixed_Composition_Grouped,2,1,,246,Training,COMP-1fc9679353325516,False
Fixed_Composition_Grouped,2,1,,247,Training,COMP-e295ac85ac1ada41,False
Fixed_Composition_Grouped,2,1,,249,Training,COMP-e295ac85ac1ada41,False
Fixed_Composition_Grouped,2,1,,252,Training,COMP-725d39a40881dc4b,False
Fixed_Composition_Grouped,2,1,,253,Training,COMP-725d39a40881dc4b,False
Fixed_Composition_Grouped,2,1,,255,Training,COMP-95a56990f4bea8a9,False
Fixed_Composition_Grouped,2,1,,256,Training,COMP-95a56990f4bea8a9,False
Fixed_Composition_Grouped,2,1,,257,Training,COMP-95a56990f4bea8a9,False
Fixed_Composition_Grouped,2,1,,258,Training,COMP-95a56990f4bea8a9,False
Fixed_Composition_Grouped,2,1,,259,Training,COMP-95a56990f4bea8a9,False
Fixed_Composition_Grouped,2,1,,260,Training,COMP-95a56990f4bea8a9,False
Fixed_Composition_Grouped,2,1,,263,Training,COMP-95a56990f4bea8a9,False
Fixed_Composition_Grouped,2,1,,266,Training,COMP-95a56990f4bea8a9,False
Fixed_Composition_Grouped,2,1,,268,Training,COMP-95a56990f4bea8a9,False
Fixed_Composition_Grouped,2,1,,271,Training,COMP-95a56990f4bea8a9,False
Fixed_Composition_Grouped,2,1,,272,Training,COMP-95a56990f4bea8a9,False
Fixed_Composition_Grouped,2,1,,273,Training,COMP-95a56990f4bea8a9,False
Fixed_Composition_Grouped,2,1,,282,Training,COMP-95a56990f4bea8a9,False
Fixed_Composition_Grouped,2,1,,283,Training,COMP-95a56990f4bea8a9,False
Fixed_Composition_Grouped,2,1,,285,Training,COMP-95a56990f4bea8a9,False
Fixed_Composition_Grouped,2,1,,286,Training,COMP-478c9f483894c42c,False
Fixed_Composition_Grouped,2,1,,288,Training,COMP-478c9f483894c42c,False
Fixed_Composition_Grouped,2,1,,292,Training,COMP-478c9f483894c42c,False
Fixed_Composition_Grouped,2,1,,295,Training,COMP-478c9f483894c42c,False
Fixed_Composition_Grouped,2,1,,296,Training,COMP-478c9f483894c42c,False
Fixed_Composition_Grouped,2,1,,300,Training,COMP-478c9f483894c42c,False
Fixed_Composition_Grouped,2,1,,303,Training,COMP-478c9f483894c42c,False
Fixed_Composition_Grouped,2,1,,306,Training,COMP-478c9f483894c42c,False
Fixed_Composition_Grouped,2,1,,307,Training,COMP-478c9f483894c42c,False
Fixed_Composition_Grouped,2,1,,309,Training,COMP-478c9f483894c42c,False
Fixed_Composition_Grouped,2,1,,310,Training,COMP-478c9f483894c42c,False
Fixed_Composition_Grouped,2,1,,311,Training,COMP-478c9f483894c42c,False
Fixed_Composition_Grouped,2,1,,313,Training,COMP-478c9f483894c42c,False
Fixed_Composition_Grouped,2,1,,315,Training,COMP-478c9f483894c42c,False
Fixed_Composition_Grouped,2,1,,316,Training,COMP-478c9f483894c42c,False
Fixed_Composition_Grouped,2,1,,320,Training,COMP-dbc0864492ec7b98,False
Fixed_Composition_Grouped,2,1,,321,Training,COMP-dbc0864492ec7b98,False
Fixed_Composition_Grouped,2,1,,322,Training,COMP-dbc0864492ec7b98,False
Fixed_Composition_Grouped,2,1,,323,Training,COMP-dbc0864492ec7b98,False
Fixed_Composition_Grouped,2,1,,324,Training,COMP-dbc0864492ec7b98,False
Fixed_Composition_Grouped,2,1,,325,Training,COMP-dbc0864492ec7b98,False
Fixed_Composition_Grouped,2,1,,326,Training,COMP-dbc0864492ec7b98,False
Fixed_Composition_Grouped,2,1,,327,Training,COMP-dbc0864492ec7b98,False
Fixed_Composition_Grouped,2,1,,328,Training,COMP-dbc0864492ec7b98,False
Fixed_Composition_Grouped,2,1,,331,Training,COMP-dbc0864492ec7b98,False
Fixed_Composition_Grouped,2,1,,333,Training,COMP-dbc0864492ec7b98,False
Fixed_Composition_Grouped,2,1,,334,Training,COMP-dbc0864492ec7b98,False
Fixed_Composition_Grouped,2,1,,337,Training,COMP-06072d2dd3b021af,False
Fixed_Composition_Grouped,2,1,,339,Training,COMP-06072d2dd3b021af,False
Fixed_Composition_Grouped,2,1,,344,Training,COMP-e1e52574fbb04f58,False
Fixed_Composition_Grouped,2,1,,345,Training,COMP-e1e52574fbb04f58,False
Fixed_Composition_Grouped,2,1,,347,Training,COMP-e1e52574fbb04f58,False
Fixed_Composition_Grouped,2,1,,348,Training,COMP-30cef922979fb9fd,False
Fixed_Composition_Grouped,2,1,,349,Training,COMP-30cef922979fb9fd,False
Fixed_Composition_Grouped,2,1,,350,Training,COMP-30cef922979fb9fd,False
Fixed_Composition_Grouped,2,1,,351,Training,COMP-30cef922979fb9fd,False
Fixed_Composition_Grouped,2,1,,352,Training,COMP-30cef922979fb9fd,False
Fixed_Composition_Grouped,2,1,,354,Training,COMP-59f47d6774b9fdfb,False
Fixed_Composition_Grouped,2,1,,356,Training,COMP-59f47d6774b9fdfb,False
Fixed_Composition_Grouped,2,1,,358,Training,COMP-59f47d6774b9fdfb,False
Fixed_Composition_Grouped,2,1,,360,Training,COMP-0765adc8c505dd3b,False
Fixed_Composition_Grouped,2,1,,363,Training,COMP-0765adc8c505dd3b,False
Fixed_Composition_Grouped,2,1,,364,Training,COMP-0765adc8c505dd3b,False
Fixed_Composition_Grouped,2,1,,365,Training,COMP-e1e52574fbb04f58,False
Fixed_Composition_Grouped,2,1,,406,Training,COMP-7fb1fecc93ced403,False
Fixed_Composition_Grouped,2,1,,408,Training,COMP-7fb1fecc93ced403,False
Fixed_Composition_Grouped,2,1,,413,Training,COMP-a85acb2f2da0216b,False
Fixed_Composition_Grouped,2,1,,414,Training,COMP-a85acb2f2da0216b,False
Fixed_Composition_Grouped,2,1,,415,Training,COMP-a85acb2f2da0216b,False
Fixed_Composition_Grouped,2,1,,418,Training,COMP-a85acb2f2da0216b,False
Fixed_Composition_Grouped,2,1,,421,Training,COMP-edeedccfd8f07e13,False
Fixed_Composition_Grouped,2,1,,422,Training,COMP-edeedccfd8f07e13,False
Fixed_Composition_Grouped,2,1,,424,Training,COMP-f9d9cbed014e8b80,False
Fixed_Composition_Grouped,2,1,,425,Training,COMP-f9d9cbed014e8b80,False
Fixed_Composition_Grouped,2,1,,427,Training,COMP-f9d9cbed014e8b80,False
Fixed_Composition_Grouped,2,1,,429,Training,COMP-f9d9cbed014e8b80,False
Fixed_Composition_Grouped,2,1,,431,Training,COMP-f9d9cbed014e8b80,False
Fixed_Composition_Grouped,2,1,,432,Training,COMP-f9d9cbed014e8b80,False
Fixed_Composition_Grouped,2,1,,434,Training,COMP-f9d9cbed014e8b80,False
Fixed_Composition_Grouped,2,1,,438,Training,COMP-f9d9cbed014e8b80,False
Fixed_Composition_Grouped,2,1,,440,Training,COMP-f9d9cbed014e8b80,False
Fixed_Composition_Grouped,2,1,,441,Training,COMP-f9d9cbed014e8b80,False
Fixed_Composition_Grouped,2,1,,444,Training,COMP-f9d9cbed014e8b80,False
Fixed_Composition_Grouped,2,1,,445,Training,COMP-f9d9cbed014e8b80,False
Fixed_Composition_Grouped,2,1,,448,Training,COMP-f9d9cbed014e8b80,False
Fixed_Composition_Grouped,2,1,,449,Training,COMP-f9d9cbed014e8b80,False
Fixed_Composition_Grouped,2,1,,450,Training,COMP-f9d9cbed014e8b80,False
Fixed_Composition_Grouped,2,1,,451,Training,COMP-f9d9cbed014e8b80,False
Fixed_Composition_Grouped,2,1,,17,Validation,COMP-773f99d6dc417f9e,False
Fixed_Composition_Grouped,2,1,,29,Validation,COMP-773f99d6dc417f9e,False
Fixed_Composition_Grouped,2,1,,37,Validation,COMP-f6d84b53636ddfbe,False
Fixed_Composition_Grouped,2,1,,40,Validation,COMP-1af7d3f3b3b924e5,False
Fixed_Composition_Grouped,2,1,,41,Validation,COMP-1af7d3f3b3b924e5,False
Fixed_Composition_Grouped,2,1,,102,Validation,COMP-435a8f4ba56d8b5d,False
Fixed_Composition_Grouped,2,1,,103,Validation,COMP-435a8f4ba56d8b5d,False
Fixed_Composition_Grouped,2,1,,104,Validation,COMP-435a8f4ba56d8b5d,False
Fixed_Composition_Grouped,2,1,,105,Validation,COMP-435a8f4ba56d8b5d,False
Fixed_Composition_Grouped,2,1,,106,Validation,COMP-435a8f4ba56d8b5d,False
Fixed_Composition_Grouped,2,1,,110,Validation,COMP-c1d72bb5d7d164b0,False
Fixed_Composition_Grouped,2,1,,111,Validation,COMP-c1d72bb5d7d164b0,False
Fixed_Composition_Grouped,2,1,,112,Validation,COMP-c1d72bb5d7d164b0,False
Fixed_Composition_Grouped,2,1,,147,Validation,COMP-055230aabe7d502c,False
Fixed_Composition_Grouped,2,1,,150,Validation,COMP-055230aabe7d502c,False
Fixed_Composition_Grouped,2,1,,152,Validation,COMP-055230aabe7d502c,False
Fixed_Composition_Grouped,2,1,,157,Validation,COMP-ddfcf6030a718a0c,False
Fixed_Composition_Grouped,2,1,,161,Validation,COMP-eacd4f126ab29a30,False
Fixed_Composition_Grouped,2,1,,162,Validation,COMP-ddfcf6030a718a0c,False
Fixed_Composition_Grouped,2,1,,167,Validation,COMP-eacd4f126ab29a30,False
Fixed_Composition_Grouped,2,1,,178,Validation,COMP-b9abc443805301b1,False
Fixed_Composition_Grouped,2,1,,193,Validation,COMP-889d7d6c6dbf5b76,False
Fixed_Composition_Grouped,2,1,,215,Validation,COMP-6b4f0394292930ba,False
Fixed_Composition_Grouped,2,1,,221,Validation,COMP-20d1e620c817cb5a,False
Fixed_Composition_Grouped,2,1,,225,Validation,COMP-289a02a6b94655b9,False
Fixed_Composition_Grouped,2,1,,229,Validation,COMP-2753cd2e053c8c98,False
Fixed_Composition_Grouped,2,1,,231,Validation,COMP-0e256dc7494452a7,False
Fixed_Composition_Grouped,2,1,,232,Validation,COMP-0e256dc7494452a7,False
Fixed_Composition_Grouped,2,1,,233,Validation,COMP-e60cc4ecffe6b7df,False
Fixed_Composition_Grouped,2,1,,235,Validation,COMP-091a20b5a1dfb76f,False
Fixed_Composition_Grouped,2,1,,251,Validation,COMP-dd1e9c4c0f247912,False
Fixed_Composition_Grouped,2,1,,341,Validation,COMP-221944a235b3f36b,False
Fixed_Composition_Grouped,2,1,,342,Validation,COMP-221944a235b3f36b,False
Fixed_Composition_Grouped,2,1,,369,Validation,COMP-6f2ca218fbd1923b,False
Fixed_Composition_Grouped,2,1,,371,Validation,COMP-6f2ca218fbd1923b,False
Fixed_Composition_Grouped,2,1,,372,Validation,COMP-6f2ca218fbd1923b,False
Fixed_Composition_Grouped,2,1,,375,Validation,COMP-6f2ca218fbd1923b,False
Fixed_Composition_Grouped,2,1,,376,Validation,COMP-6f2ca218fbd1923b,False
Fixed_Composition_Grouped,2,1,,378,Validation,COMP-6f2ca218fbd1923b,False
Fixed_Composition_Grouped,2,1,,380,Validation,COMP-6f2ca218fbd1923b,False
Fixed_Composition_Grouped,2,1,,381,Validation,COMP-6f2ca218fbd1923b,False
Fixed_Composition_Grouped,2,1,,382,Validation,COMP-6f2ca218fbd1923b,False
Fixed_Composition_Grouped,2,1,,384,Validation,COMP-6f2ca218fbd1923b,False
Fixed_Composition_Grouped,2,1,,386,Validation,COMP-6f2ca218fbd1923b,False
Fixed_Composition_Grouped,2,1,,387,Validation,COMP-6f2ca218fbd1923b,False
Fixed_Composition_Grouped,2,1,,388,Validation,COMP-6f2ca218fbd1923b,False
Fixed_Composition_Grouped,2,1,,389,Validation,COMP-6f2ca218fbd1923b,False
Fixed_Composition_Grouped,2,1,,391,Validation,COMP-6f2ca218fbd1923b,False
Fixed_Composition_Grouped,2,1,,393,Validation,COMP-6f2ca218fbd1923b,False
Fixed_Composition_Grouped,2,1,,395,Validation,COMP-6f2ca218fbd1923b,False
Fixed_Composition_Grouped,2,1,,399,Validation,COMP-6f2ca218fbd1923b,False
Fixed_Composition_Grouped,2,1,,402,Validation,COMP-6f2ca218fbd1923b,False
Fixed_Composition_Grouped,2,1,,404,Validation,COMP-6f2ca218fbd1923b,False
Fixed_Composition_Grouped,2,1,,405,Validation,COMP-6f2ca218fbd1923b,False
Fixed_Composition_Grouped,2,2,,3,Training,COMP-725d39a40881dc4b,False
Fixed_Composition_Grouped,2,2,,5,Training,COMP-8e1fe5f59d3c7565,False
Fixed_Composition_Grouped,2,2,,7,Training,COMP-725d39a40881dc4b,False
Fixed_Composition_Grouped,2,2,,8,Training,COMP-725d39a40881dc4b,False
Fixed_Composition_Grouped,2,2,,10,Training,COMP-725d39a40881dc4b,False
Fixed_Composition_Grouped,2,2,,12,Training,COMP-725d39a40881dc4b,False
Fixed_Composition_Grouped,2,2,,14,Training,COMP-609dfbaf681359b8,False
Fixed_Composition_Grouped,2,2,,17,Training,COMP-773f99d6dc417f9e,False
Fixed_Composition_Grouped,2,2,,23,Training,COMP-81f8a3600f73b006,False
Fixed_Composition_Grouped,2,2,,26,Training,COMP-7decbe1f0284bd78,False
Fixed_Composition_Grouped,2,2,,27,Training,COMP-73d52e7a36d559a9,False
Fixed_Composition_Grouped,2,2,,28,Training,COMP-3632fb12e94bc35a,False
Fixed_Composition_Grouped,2,2,,29,Training,COMP-773f99d6dc417f9e,False
Fixed_Composition_Grouped,2,2,,32,Training,COMP-81f8a3600f73b006,False
Fixed_Composition_Grouped,2,2,,35,Training,COMP-a87a2533a652007c,False
Fixed_Composition_Grouped,2,2,,37,Training,COMP-f6d84b53636ddfbe,False
Fixed_Composition_Grouped,2,2,,40,Training,COMP-1af7d3f3b3b924e5,False
Fixed_Composition_Grouped,2,2,,41,Training,COMP-1af7d3f3b3b924e5,False
Fixed_Composition_Grouped,2,2,,43,Training,COMP-9b0e3106e10f71db,False
Fixed_Composition_Grouped,2,2,,44,Training,COMP-0d7ce00a50a6a24f,False
Fixed_Composition_Grouped,2,2,,45,Training,COMP-59ce4655e65cf94a,False
Fixed_Composition_Grouped,2,2,,47,Training,COMP-e295ac85ac1ada41,False
Fixed_Composition_Grouped,2,2,,48,Training,COMP-b611e8d56579c910,False
Fixed_Composition_Grouped,2,2,,49,Training,COMP-92ece298f11712f0,False
Fixed_Composition_Grouped,2,2,,51,Training,COMP-dbc0864492ec7b98,False
Fixed_Composition_Grouped,2,2,,52,Training,COMP-06f5d2a767a65349,False
Fixed_Composition_Grouped,2,2,,53,Training,COMP-06f5d2a767a65349,False
Fixed_Composition_Grouped,2,2,,54,Training,COMP-ea1f0dc96a173899,False
Fixed_Composition_Grouped,2,2,,60,Training,COMP-3f22c6642a7a1344,False
Fixed_Composition_Grouped,2,2,,61,Training,COMP-3f22c6642a7a1344,False
Fixed_Composition_Grouped,2,2,,65,Training,COMP-7c0b488137fafb3b,False
Fixed_Composition_Grouped,2,2,,67,Training,COMP-49d8e1edbf1c2fbd,False
Fixed_Composition_Grouped,2,2,,69,Training,COMP-8cee7ef8867afd2d,False
Fixed_Composition_Grouped,2,2,,80,Training,COMP-a14831ff30c0b14d,False
Fixed_Composition_Grouped,2,2,,83,Training,COMP-e913f917a7e36868,False
Fixed_Composition_Grouped,2,2,,84,Training,COMP-a14831ff30c0b14d,False
Fixed_Composition_Grouped,2,2,,85,Training,COMP-e913f917a7e36868,False
Fixed_Composition_Grouped,2,2,,86,Training,COMP-ea2a626c3522e4a5,False
Fixed_Composition_Grouped,2,2,,87,Training,COMP-a14831ff30c0b14d,False
Fixed_Composition_Grouped,2,2,,88,Training,COMP-ea2a626c3522e4a5,False
Fixed_Composition_Grouped,2,2,,92,Training,COMP-ea2a626c3522e4a5,False
Fixed_Composition_Grouped,2,2,,94,Training,COMP-ea2a626c3522e4a5,False
Fixed_Composition_Grouped,2,2,,95,Training,COMP-ea2a626c3522e4a5,False
Fixed_Composition_Grouped,2,2,,96,Training,COMP-ea2a626c3522e4a5,False
Fixed_Composition_Grouped,2,2,,97,Training,COMP-a14831ff30c0b14d,False
Fixed_Composition_Grouped,2,2,,98,Training,COMP-e913f917a7e36868,False
Fixed_Composition_Grouped,2,2,,99,Training,COMP-ea2a626c3522e4a5,False
Fixed_Composition_Grouped,2,2,,100,Training,COMP-ea2a626c3522e4a5,False
Fixed_Composition_Grouped,2,2,,102,Training,COMP-435a8f4ba56d8b5d,False
Fixed_Composition_Grouped,2,2,,103,Training,COMP-435a8f4ba56d8b5d,False
Fixed_Composition_Grouped,2,2,,104,Training,COMP-435a8f4ba56d8b5d,False
Fixed_Composition_Grouped,2,2,,105,Training,COMP-435a8f4ba56d8b5d,False
Fixed_Composition_Grouped,2,2,,106,Training,COMP-435a8f4ba56d8b5d,False
Fixed_Composition_Grouped,2,2,,107,Training,COMP-384273ac244080b1,False
Fixed_Composition_Grouped,2,2,,110,Training,COMP-c1d72bb5d7d164b0,False
Fixed_Composition_Grouped,2,2,,111,Training,COMP-c1d72bb5d7d164b0,False
Fixed_Composition_Grouped,2,2,,112,Training,COMP-c1d72bb5d7d164b0,False
Fixed_Composition_Grouped,2,2,,121,Training,COMP-b2e9edd7bc55d085,False
Fixed_Composition_Grouped,2,2,,122,Training,COMP-b2e9edd7bc55d085,False
Fixed_Composition_Grouped,2,2,,123,Training,COMP-0ee2ef468faff8db,False
Fixed_Composition_Grouped,2,2,,125,Training,COMP-0ee2ef468faff8db,False
Fixed_Composition_Grouped,2,2,,130,Training,COMP-89919c53d3149a2d,False
Fixed_Composition_Grouped,2,2,,133,Training,COMP-89919c53d3149a2d,False
Fixed_Composition_Grouped,2,2,,134,Training,COMP-89919c53d3149a2d,False
Fixed_Composition_Grouped,2,2,,135,Training,COMP-89919c53d3149a2d,False
Fixed_Composition_Grouped,2,2,,138,Training,COMP-89919c53d3149a2d,False
Fixed_Composition_Grouped,2,2,,139,Training,COMP-89919c53d3149a2d,False
Fixed_Composition_Grouped,2,2,,141,Training,COMP-89919c53d3149a2d,False
Fixed_Composition_Grouped,2,2,,142,Training,COMP-89919c53d3149a2d,False
Fixed_Composition_Grouped,2,2,,143,Training,COMP-89919c53d3149a2d,False
Fixed_Composition_Grouped,2,2,,144,Training,COMP-89919c53d3149a2d,False
Fixed_Composition_Grouped,2,2,,145,Training,COMP-89919c53d3149a2d,False
Fixed_Composition_Grouped,2,2,,146,Training,COMP-266a388f7afdbe91,False
Fixed_Composition_Grouped,2,2,,147,Training,COMP-055230aabe7d502c,False
Fixed_Composition_Grouped,2,2,,148,Training,COMP-150ce51691dfb5f9,False
Fixed_Composition_Grouped,2,2,,149,Training,COMP-266a388f7afdbe91,False
Fixed_Composition_Grouped,2,2,,150,Training,COMP-055230aabe7d502c,False
Fixed_Composition_Grouped,2,2,,152,Training,COMP-055230aabe7d502c,False
Fixed_Composition_Grouped,2,2,,154,Training,COMP-150ce51691dfb5f9,False
Fixed_Composition_Grouped,2,2,,156,Training,COMP-941f92def7f50542,False
Fixed_Composition_Grouped,2,2,,157,Training,COMP-ddfcf6030a718a0c,False
Fixed_Composition_Grouped,2,2,,159,Training,COMP-0346738121cb655e,False
Fixed_Composition_Grouped,2,2,,160,Training,COMP-0346738121cb655e,False
Fixed_Composition_Grouped,2,2,,161,Training,COMP-eacd4f126ab29a30,False
Fixed_Composition_Grouped,2,2,,162,Training,COMP-ddfcf6030a718a0c,False
Fixed_Composition_Grouped,2,2,,163,Training,COMP-b2e9edd7bc55d085,False
Fixed_Composition_Grouped,2,2,,164,Training,COMP-941f92def7f50542,False
Fixed_Composition_Grouped,2,2,,167,Training,COMP-eacd4f126ab29a30,False
Fixed_Composition_Grouped,2,2,,168,Training,COMP-92ed17371ff559b6,False
Fixed_Composition_Grouped,2,2,,169,Training,COMP-92ed17371ff559b6,False
Fixed_Composition_Grouped,2,2,,172,Training,COMP-92ed17371ff559b6,False
Fixed_Composition_Grouped,2,2,,173,Training,COMP-0d41a2cf75110ad6,False
Fixed_Composition_Grouped,2,2,,174,Training,COMP-a35a20d65351aafe,False
Fixed_Composition_Grouped,2,2,,175,Training,COMP-b72f6533b137a4f6,False
Fixed_Composition_Grouped,2,2,,176,Training,COMP-5479c448b954c055,False
Fixed_Composition_Grouped,2,2,,177,Training,COMP-5479c448b954c055,False
Fixed_Composition_Grouped,2,2,,178,Training,COMP-b9abc443805301b1,False
Fixed_Composition_Grouped,2,2,,181,Training,COMP-69c6ecd7284d3b47,False
Fixed_Composition_Grouped,2,2,,182,Training,COMP-630f3050f45faf36,False
Fixed_Composition_Grouped,2,2,,183,Training,COMP-630f3050f45faf36,False
Fixed_Composition_Grouped,2,2,,184,Training,COMP-0966c0019ec07f39,False
Fixed_Composition_Grouped,2,2,,186,Training,COMP-0966c0019ec07f39,False
Fixed_Composition_Grouped,2,2,,187,Training,COMP-a7670bf71188b1d6,False
Fixed_Composition_Grouped,2,2,,188,Training,COMP-a7670bf71188b1d6,False
Fixed_Composition_Grouped,2,2,,193,Training,COMP-889d7d6c6dbf5b76,False
Fixed_Composition_Grouped,2,2,,194,Training,COMP-445f55453794f59c,False
Fixed_Composition_Grouped,2,2,,197,Training,COMP-880bd22028629a8e,False
Fixed_Composition_Grouped,2,2,,199,Training,COMP-6525c735bb50fb1c,False
Fixed_Composition_Grouped,2,2,,200,Training,COMP-b878df279a448475,False
Fixed_Composition_Grouped,2,2,,201,Training,COMP-05480af3b167ab05,False
Fixed_Composition_Grouped,2,2,,205,Training,COMP-d8a14990923ce9f7,False
Fixed_Composition_Grouped,2,2,,207,Training,COMP-948abb1ebd270642,False
Fixed_Composition_Grouped,2,2,,210,Training,COMP-d7494ade7e8dd694,False
Fixed_Composition_Grouped,2,2,,211,Training,COMP-b775405901636085,False
Fixed_Composition_Grouped,2,2,,214,Training,COMP-35e38ea13dc05b9e,False
Fixed_Composition_Grouped,2,2,,215,Training,COMP-6b4f0394292930ba,False
Fixed_Composition_Grouped,2,2,,216,Training,COMP-4a76c05754ee1efa,False
Fixed_Composition_Grouped,2,2,,219,Training,COMP-eae7689b221fd7f8,False
Fixed_Composition_Grouped,2,2,,221,Training,COMP-20d1e620c817cb5a,False
Fixed_Composition_Grouped,2,2,,225,Training,COMP-289a02a6b94655b9,False
Fixed_Composition_Grouped,2,2,,229,Training,COMP-2753cd2e053c8c98,False
Fixed_Composition_Grouped,2,2,,231,Training,COMP-0e256dc7494452a7,False
Fixed_Composition_Grouped,2,2,,232,Training,COMP-0e256dc7494452a7,False
Fixed_Composition_Grouped,2,2,,233,Training,COMP-e60cc4ecffe6b7df,False
Fixed_Composition_Grouped,2,2,,235,Training,COMP-091a20b5a1dfb76f,False
Fixed_Composition_Grouped,2,2,,236,Training,COMP-44fea4804e888e0a,False
Fixed_Composition_Grouped,2,2,,237,Training,COMP-4ef2bcae5243588c,False
Fixed_Composition_Grouped,2,2,,243,Training,COMP-b0cc51380afea02b,False
Fixed_Composition_Grouped,2,2,,247,Training,COMP-e295ac85ac1ada41,False
Fixed_Composition_Grouped,2,2,,249,Training,COMP-e295ac85ac1ada41,False
Fixed_Composition_Grouped,2,2,,251,Training,COMP-dd1e9c4c0f247912,False
Fixed_Composition_Grouped,2,2,,252,Training,COMP-725d39a40881dc4b,False
Fixed_Composition_Grouped,2,2,,253,Training,COMP-725d39a40881dc4b,False
Fixed_Composition_Grouped,2,2,,255,Training,COMP-95a56990f4bea8a9,False
Fixed_Composition_Grouped,2,2,,256,Training,COMP-95a56990f4bea8a9,False
Fixed_Composition_Grouped,2,2,,257,Training,COMP-95a56990f4bea8a9,False
Fixed_Composition_Grouped,2,2,,258,Training,COMP-95a56990f4bea8a9,False
Fixed_Composition_Grouped,2,2,,259,Training,COMP-95a56990f4bea8a9,False
Fixed_Composition_Grouped,2,2,,260,Training,COMP-95a56990f4bea8a9,False
Fixed_Composition_Grouped,2,2,,263,Training,COMP-95a56990f4bea8a9,False
Fixed_Composition_Grouped,2,2,,266,Training,COMP-95a56990f4bea8a9,False
Fixed_Composition_Grouped,2,2,,268,Training,COMP-95a56990f4bea8a9,False
Fixed_Composition_Grouped,2,2,,271,Training,COMP-95a56990f4bea8a9,False
Fixed_Composition_Grouped,2,2,,272,Training,COMP-95a56990f4bea8a9,False
Fixed_Composition_Grouped,2,2,,273,Training,COMP-95a56990f4bea8a9,False
Fixed_Composition_Grouped,2,2,,282,Training,COMP-95a56990f4bea8a9,False
Fixed_Composition_Grouped,2,2,,283,Training,COMP-95a56990f4bea8a9,False
Fixed_Composition_Grouped,2,2,,285,Training,COMP-95a56990f4bea8a9,False
Fixed_Composition_Grouped,2,2,,286,Training,COMP-478c9f483894c42c,False
Fixed_Composition_Grouped,2,2,,288,Training,COMP-478c9f483894c42c,False
Fixed_Composition_Grouped,2,2,,292,Training,COMP-478c9f483894c42c,False
Fixed_Composition_Grouped,2,2,,295,Training,COMP-478c9f483894c42c,False
Fixed_Composition_Grouped,2,2,,296,Training,COMP-478c9f483894c42c,False
Fixed_Composition_Grouped,2,2,,300,Training,COMP-478c9f483894c42c,False
Fixed_Composition_Grouped,2,2,,303,Training,COMP-478c9f483894c42c,False
Fixed_Composition_Grouped,2,2,,306,Training,COMP-478c9f483894c42c,False
Fixed_Composition_Grouped,2,2,,307,Training,COMP-478c9f483894c42c,False
Fixed_Composition_Grouped,2,2,,309,Training,COMP-478c9f483894c42c,False
Fixed_Composition_Grouped,2,2,,310,Training,COMP-478c9f483894c42c,False
Fixed_Composition_Grouped,2,2,,311,Training,COMP-478c9f483894c42c,False
Fixed_Composition_Grouped,2,2,,313,Training,COMP-478c9f483894c42c,False
Fixed_Composition_Grouped,2,2,,315,Training,COMP-478c9f483894c42c,False
Fixed_Composition_Grouped,2,2,,316,Training,COMP-478c9f483894c42c,False
Fixed_Composition_Grouped,2,2,,320,Training,COMP-dbc0864492ec7b98,False
Fixed_Composition_Grouped,2,2,,321,Training,COMP-dbc0864492ec7b98,False
Fixed_Composition_Grouped,2,2,,322,Training,COMP-dbc0864492ec7b98,False
Fixed_Composition_Grouped,2,2,,323,Training,COMP-dbc0864492ec7b98,False
Fixed_Composition_Grouped,2,2,,324,Training,COMP-dbc0864492ec7b98,False
Fixed_Composition_Grouped,2,2,,325,Training,COMP-dbc0864492ec7b98,False
Fixed_Composition_Grouped,2,2,,326,Training,COMP-dbc0864492ec7b98,False
Fixed_Composition_Grouped,2,2,,327,Training,COMP-dbc0864492ec7b98,False
Fixed_Composition_Grouped,2,2,,328,Training,COMP-dbc0864492ec7b98,False
Fixed_Composition_Grouped,2,2,,331,Training,COMP-dbc0864492ec7b98,False
Fixed_Composition_Grouped,2,2,,333,Training,COMP-dbc0864492ec7b98,False
Fixed_Composition_Grouped,2,2,,334,Training,COMP-dbc0864492ec7b98,False
Fixed_Composition_Grouped,2,2,,337,Training,COMP-06072d2dd3b021af,False
Fixed_Composition_Grouped,2,2,,339,Training,COMP-06072d2dd3b021af,False
Fixed_Composition_Grouped,2,2,,341,Training,COMP-221944a235b3f36b,False
Fixed_Composition_Grouped,2,2,,342,Training,COMP-221944a235b3f36b,False
Fixed_Composition_Grouped,2,2,,344,Training,COMP-e1e52574fbb04f58,False
Fixed_Composition_Grouped,2,2,,345,Training,COMP-e1e52574fbb04f58,False
Fixed_Composition_Grouped,2,2,,347,Training,COMP-e1e52574fbb04f58,False
Fixed_Composition_Grouped,2,2,,354,Training,COMP-59f47d6774b9fdfb,False
Fixed_Composition_Grouped,2,2,,356,Training,COMP-59f47d6774b9fdfb,False
Fixed_Composition_Grouped,2,2,,358,Training,COMP-59f47d6774b9fdfb,False
Fixed_Composition_Grouped,2,2,,360,Training,COMP-0765adc8c505dd3b,False
Fixed_Composition_Grouped,2,2,,363,Training,COMP-0765adc8c505dd3b,False
Fixed_Composition_Grouped,2,2,,364,Training,COMP-0765adc8c505dd3b,False
Fixed_Composition_Grouped,2,2,,365,Training,COMP-e1e52574fbb04f58,False
Fixed_Composition_Grouped,2,2,,369,Training,COMP-6f2ca218fbd1923b,False
Fixed_Composition_Grouped,2,2,,371,Training,COMP-6f2ca218fbd1923b,False
Fixed_Composition_Grouped,2,2,,372,Training,COMP-6f2ca218fbd1923b,False
Fixed_Composition_Grouped,2,2,,375,Training,COMP-6f2ca218fbd1923b,False
Fixed_Composition_Grouped,2,2,,376,Training,COMP-6f2ca218fbd1923b,False
Fixed_Composition_Grouped,2,2,,378,Training,COMP-6f2ca218fbd1923b,False
Fixed_Composition_Grouped,2,2,,380,Training,COMP-6f2ca218fbd1923b,False
Fixed_Composition_Grouped,2,2,,381,Training,COMP-6f2ca218fbd1923b,False
Fixed_Composition_Grouped,2,2,,382,Training,COMP-6f2ca218fbd1923b,False
Fixed_Composition_Grouped,2,2,,384,Training,COMP-6f2ca218fbd1923b,False
Fixed_Composition_Grouped,2,2,,386,Training,COMP-6f2ca218fbd1923b,False
Fixed_Composition_Grouped,2,2,,387,Training,COMP-6f2ca218fbd1923b,False
Fixed_Composition_Grouped,2,2,,388,Training,COMP-6f2ca218fbd1923b,False
Fixed_Composition_Grouped,2,2,,389,Training,COMP-6f2ca218fbd1923b,False
Fixed_Composition_Grouped,2,2,,391,Training,COMP-6f2ca218fbd1923b,False
Fixed_Composition_Grouped,2,2,,393,Training,COMP-6f2ca218fbd1923b,False
Fixed_Composition_Grouped,2,2,,395,Training,COMP-6f2ca218fbd1923b,False
Fixed_Composition_Grouped,2,2,,399,Training,COMP-6f2ca218fbd1923b,False
Fixed_Composition_Grouped,2,2,,402,Training,COMP-6f2ca218fbd1923b,False
Fixed_Composition_Grouped,2,2,,404,Training,COMP-6f2ca218fbd1923b,False
Fixed_Composition_Grouped,2,2,,405,Training,COMP-6f2ca218fbd1923b,False
Fixed_Composition_Grouped,2,2,,406,Training,COMP-7fb1fecc93ced403,False
Fixed_Composition_Grouped,2,2,,408,Training,COMP-7fb1fecc93ced403,False
Fixed_Composition_Grouped,2,2,,413,Training,COMP-a85acb2f2da0216b,False
Fixed_Composition_Grouped,2,2,,414,Training,COMP-a85acb2f2da0216b,False
Fixed_Composition_Grouped,2,2,,415,Training,COMP-a85acb2f2da0216b,False
Fixed_Composition_Grouped,2,2,,418,Training,COMP-a85acb2f2da0216b,False
Fixed_Composition_Grouped,2,2,,1,Validation,COMP-27021c945dc6ef2d,False
Fixed_Composition_Grouped,2,2,,4,Validation,COMP-862c9c676a6f1012,False
Fixed_Composition_Grouped,2,2,,6,Validation,COMP-27021c945dc6ef2d,False
Fixed_Composition_Grouped,2,2,,13,Validation,COMP-27021c945dc6ef2d,False
Fixed_Composition_Grouped,2,2,,20,Validation,COMP-0b765af90e5ebd4c,False
Fixed_Composition_Grouped,2,2,,21,Validation,COMP-0b765af90e5ebd4c,False
Fixed_Composition_Grouped,2,2,,24,Validation,COMP-0b765af90e5ebd4c,False
Fixed_Composition_Grouped,2,2,,36,Validation,COMP-87a7ec252c82f56c,False
Fixed_Composition_Grouped,2,2,,62,Validation,COMP-21d126c9d34df073,False
Fixed_Composition_Grouped,2,2,,63,Validation,COMP-21d126c9d34df073,False
Fixed_Composition_Grouped,2,2,,64,Validation,COMP-3157f0dc71f862ff,False
Fixed_Composition_Grouped,2,2,,66,Validation,COMP-b8df58296dba2095,False
Fixed_Composition_Grouped,2,2,,68,Validation,COMP-21d126c9d34df073,False
Fixed_Composition_Grouped,2,2,,74,Validation,COMP-f9a00d6d8411a0d1,False
Fixed_Composition_Grouped,2,2,,114,Validation,COMP-6360354242bed7fe,False
Fixed_Composition_Grouped,2,2,,115,Validation,COMP-15c7378d46cadefa,False
Fixed_Composition_Grouped,2,2,,118,Validation,COMP-8bbe9ce01fb6a2d3,False
Fixed_Composition_Grouped,2,2,,120,Validation,COMP-8bbe9ce01fb6a2d3,False
Fixed_Composition_Grouped,2,2,,126,Validation,COMP-5502f8bc72167a0b,False
Fixed_Composition_Grouped,2,2,,127,Validation,COMP-5502f8bc72167a0b,False
Fixed_Composition_Grouped,2,2,,202,Validation,COMP-598bc18a3ba07a9e,False
Fixed_Composition_Grouped,2,2,,224,Validation,COMP-93900d7c81c38cdd,False
Fixed_Composition_Grouped,2,2,,226,Validation,COMP-93900d7c81c38cdd,False
Fixed_Composition_Grouped,2,2,,228,Validation,COMP-46e30c1bd5e987da,False
Fixed_Composition_Grouped,2,2,,230,Validation,COMP-0107563adaed8d01,False
Fixed_Composition_Grouped,2,2,,238,Validation,COMP-fc5c3e46d2655b62,False
Fixed_Composition_Grouped,2,2,,239,Validation,COMP-0b765af90e5ebd4c,False
Fixed_Composition_Grouped,2,2,,240,Validation,COMP-0b765af90e5ebd4c,False
Fixed_Composition_Grouped,2,2,,241,Validation,COMP-631a18a4a6b20c0c,False
Fixed_Composition_Grouped,2,2,,242,Validation,COMP-631a18a4a6b20c0c,False
Fixed_Composition_Grouped,2,2,,246,Validation,COMP-1fc9679353325516,False
Fixed_Composition_Grouped,2,2,,348,Validation,COMP-30cef922979fb9fd,False
Fixed_Composition_Grouped,2,2,,349,Validation,COMP-30cef922979fb9fd,False
Fixed_Composition_Grouped,2,2,,350,Validation,COMP-30cef922979fb9fd,False
Fixed_Composition_Grouped,2,2,,351,Validation,COMP-30cef922979fb9fd,False
Fixed_Composition_Grouped,2,2,,352,Validation,COMP-30cef922979fb9fd,False
Fixed_Composition_Grouped,2,2,,421,Validation,COMP-edeedccfd8f07e13,False
Fixed_Composition_Grouped,2,2,,422,Validation,COMP-edeedccfd8f07e13,False
Fixed_Composition_Grouped,2,2,,424,Validation,COMP-f9d9cbed014e8b80,False
Fixed_Composition_Grouped,2,2,,425,Validation,COMP-f9d9cbed014e8b80,False
Fixed_Composition_Grouped,2,2,,427,Validation,COMP-f9d9cbed014e8b80,False
Fixed_Composition_Grouped,2,2,,429,Validation,COMP-f9d9cbed014e8b80,False
Fixed_Composition_Grouped,2,2,,431,Validation,COMP-f9d9cbed014e8b80,False
Fixed_Composition_Grouped,2,2,,432,Validation,COMP-f9d9cbed014e8b80,False
Fixed_Composition_Grouped,2,2,,434,Validation,COMP-f9d9cbed014e8b80,False
Fixed_Composition_Grouped,2,2,,438,Validation,COMP-f9d9cbed014e8b80,False
Fixed_Composition_Grouped,2,2,,440,Validation,COMP-f9d9cbed014e8b80,False
Fixed_Composition_Grouped,2,2,,441,Validation,COMP-f9d9cbed014e8b80,False
Fixed_Composition_Grouped,2,2,,444,Validation,COMP-f9d9cbed014e8b80,False
Fixed_Composition_Grouped,2,2,,445,Validation,COMP-f9d9cbed014e8b80,False
Fixed_Composition_Grouped,2,2,,448,Validation,COMP-f9d9cbed014e8b80,False
Fixed_Composition_Grouped,2,2,,449,Validation,COMP-f9d9cbed014e8b80,False
Fixed_Composition_Grouped,2,2,,450,Validation,COMP-f9d9cbed014e8b80,False
Fixed_Composition_Grouped,2,2,,451,Validation,COMP-f9d9cbed014e8b80,False
Fixed_Composition_Grouped,2,3,,1,Training,COMP-27021c945dc6ef2d,False
Fixed_Composition_Grouped,2,3,,3,Training,COMP-725d39a40881dc4b,False
Fixed_Composition_Grouped,2,3,,4,Training,COMP-862c9c676a6f1012,False
Fixed_Composition_Grouped,2,3,,5,Training,COMP-8e1fe5f59d3c7565,False
Fixed_Composition_Grouped,2,3,,6,Training,COMP-27021c945dc6ef2d,False
Fixed_Composition_Grouped,2,3,,7,Training,COMP-725d39a40881dc4b,False
Fixed_Composition_Grouped,2,3,,8,Training,COMP-725d39a40881dc4b,False
Fixed_Composition_Grouped,2,3,,10,Training,COMP-725d39a40881dc4b,False
Fixed_Composition_Grouped,2,3,,12,Training,COMP-725d39a40881dc4b,False
Fixed_Composition_Grouped,2,3,,13,Training,COMP-27021c945dc6ef2d,False
Fixed_Composition_Grouped,2,3,,17,Training,COMP-773f99d6dc417f9e,False
Fixed_Composition_Grouped,2,3,,20,Training,COMP-0b765af90e5ebd4c,False
Fixed_Composition_Grouped,2,3,,21,Training,COMP-0b765af90e5ebd4c,False
Fixed_Composition_Grouped,2,3,,23,Training,COMP-81f8a3600f73b006,False
Fixed_Composition_Grouped,2,3,,24,Training,COMP-0b765af90e5ebd4c,False
Fixed_Composition_Grouped,2,3,,26,Training,COMP-7decbe1f0284bd78,False
Fixed_Composition_Grouped,2,3,,28,Training,COMP-3632fb12e94bc35a,False
Fixed_Composition_Grouped,2,3,,29,Training,COMP-773f99d6dc417f9e,False
Fixed_Composition_Grouped,2,3,,32,Training,COMP-81f8a3600f73b006,False
Fixed_Composition_Grouped,2,3,,35,Training,COMP-a87a2533a652007c,False
Fixed_Composition_Grouped,2,3,,36,Training,COMP-87a7ec252c82f56c,False
Fixed_Composition_Grouped,2,3,,37,Training,COMP-f6d84b53636ddfbe,False
Fixed_Composition_Grouped,2,3,,40,Training,COMP-1af7d3f3b3b924e5,False
Fixed_Composition_Grouped,2,3,,41,Training,COMP-1af7d3f3b3b924e5,False
Fixed_Composition_Grouped,2,3,,43,Training,COMP-9b0e3106e10f71db,False
Fixed_Composition_Grouped,2,3,,44,Training,COMP-0d7ce00a50a6a24f,False
Fixed_Composition_Grouped,2,3,,45,Training,COMP-59ce4655e65cf94a,False
Fixed_Composition_Grouped,2,3,,47,Training,COMP-e295ac85ac1ada41,False
Fixed_Composition_Grouped,2,3,,48,Training,COMP-b611e8d56579c910,False
Fixed_Composition_Grouped,2,3,,51,Training,COMP-dbc0864492ec7b98,False
Fixed_Composition_Grouped,2,3,,54,Training,COMP-ea1f0dc96a173899,False
Fixed_Composition_Grouped,2,3,,62,Training,COMP-21d126c9d34df073,False
Fixed_Composition_Grouped,2,3,,63,Training,COMP-21d126c9d34df073,False
Fixed_Composition_Grouped,2,3,,64,Training,COMP-3157f0dc71f862ff,False
Fixed_Composition_Grouped,2,3,,65,Training,COMP-7c0b488137fafb3b,False
Fixed_Composition_Grouped,2,3,,66,Training,COMP-b8df58296dba2095,False
Fixed_Composition_Grouped,2,3,,68,Training,COMP-21d126c9d34df073,False
Fixed_Composition_Grouped,2,3,,74,Training,COMP-f9a00d6d8411a0d1,False
Fixed_Composition_Grouped,2,3,,80,Training,COMP-a14831ff30c0b14d,False
Fixed_Composition_Grouped,2,3,,83,Training,COMP-e913f917a7e36868,False
Fixed_Composition_Grouped,2,3,,84,Training,COMP-a14831ff30c0b14d,False
Fixed_Composition_Grouped,2,3,,85,Training,COMP-e913f917a7e36868,False
Fixed_Composition_Grouped,2,3,,87,Training,COMP-a14831ff30c0b14d,False
Fixed_Composition_Grouped,2,3,,97,Training,COMP-a14831ff30c0b14d,False
Fixed_Composition_Grouped,2,3,,98,Training,COMP-e913f917a7e36868,False
Fixed_Composition_Grouped,2,3,,102,Training,COMP-435a8f4ba56d8b5d,False
Fixed_Composition_Grouped,2,3,,103,Training,COMP-435a8f4ba56d8b5d,False
Fixed_Composition_Grouped,2,3,,104,Training,COMP-435a8f4ba56d8b5d,False
Fixed_Composition_Grouped,2,3,,105,Training,COMP-435a8f4ba56d8b5d,False
Fixed_Composition_Grouped,2,3,,106,Training,COMP-435a8f4ba56d8b5d,False
Fixed_Composition_Grouped,2,3,,107,Training,COMP-384273ac244080b1,False
Fixed_Composition_Grouped,2,3,,110,Training,COMP-c1d72bb5d7d164b0,False
Fixed_Composition_Grouped,2,3,,111,Training,COMP-c1d72bb5d7d164b0,False
Fixed_Composition_Grouped,2,3,,112,Training,COMP-c1d72bb5d7d164b0,False
Fixed_Composition_Grouped,2,3,,114,Training,COMP-6360354242bed7fe,False
Fixed_Composition_Grouped,2,3,,115,Training,COMP-15c7378d46cadefa,False
Fixed_Composition_Grouped,2,3,,118,Training,COMP-8bbe9ce01fb6a2d3,False
Fixed_Composition_Grouped,2,3,,120,Training,COMP-8bbe9ce01fb6a2d3,False
Fixed_Composition_Grouped,2,3,,121,Training,COMP-b2e9edd7bc55d085,False
Fixed_Composition_Grouped,2,3,,122,Training,COMP-b2e9edd7bc55d085,False
Fixed_Composition_Grouped,2,3,,123,Training,COMP-0ee2ef468faff8db,False
Fixed_Composition_Grouped,2,3,,125,Training,COMP-0ee2ef468faff8db,False
Fixed_Composition_Grouped,2,3,,126,Training,COMP-5502f8bc72167a0b,False
Fixed_Composition_Grouped,2,3,,127,Training,COMP-5502f8bc72167a0b,False
Fixed_Composition_Grouped,2,3,,130,Training,COMP-89919c53d3149a2d,False
Fixed_Composition_Grouped,2,3,,133,Training,COMP-89919c53d3149a2d,False
Fixed_Composition_Grouped,2,3,,134,Training,COMP-89919c53d3149a2d,False
Fixed_Composition_Grouped,2,3,,135,Training,COMP-89919c53d3149a2d,False
Fixed_Composition_Grouped,2,3,,138,Training,COMP-89919c53d3149a2d,False
Fixed_Composition_Grouped,2,3,,139,Training,COMP-89919c53d3149a2d,False
Fixed_Composition_Grouped,2,3,,141,Training,COMP-89919c53d3149a2d,False
Fixed_Composition_Grouped,2,3,,142,Training,COMP-89919c53d3149a2d,False
Fixed_Composition_Grouped,2,3,,143,Training,COMP-89919c53d3149a2d,False
Fixed_Composition_Grouped,2,3,,144,Training,COMP-89919c53d3149a2d,False
Fixed_Composition_Grouped,2,3,,145,Training,COMP-89919c53d3149a2d,False
Fixed_Composition_Grouped,2,3,,146,Training,COMP-266a388f7afdbe91,False
Fixed_Composition_Grouped,2,3,,147,Training,COMP-055230aabe7d502c,False
Fixed_Composition_Grouped,2,3,,148,Training,COMP-150ce51691dfb5f9,False
Fixed_Composition_Grouped,2,3,,149,Training,COMP-266a388f7afdbe91,False
Fixed_Composition_Grouped,2,3,,150,Training,COMP-055230aabe7d502c,False
Fixed_Composition_Grouped,2,3,,152,Training,COMP-055230aabe7d502c,False
Fixed_Composition_Grouped,2,3,,154,Training,COMP-150ce51691dfb5f9,False
Fixed_Composition_Grouped,2,3,,157,Training,COMP-ddfcf6030a718a0c,False
Fixed_Composition_Grouped,2,3,,159,Training,COMP-0346738121cb655e,False
Fixed_Composition_Grouped,2,3,,160,Training,COMP-0346738121cb655e,False
Fixed_Composition_Grouped,2,3,,161,Training,COMP-eacd4f126ab29a30,False
Fixed_Composition_Grouped,2,3,,162,Training,COMP-ddfcf6030a718a0c,False
Fixed_Composition_Grouped,2,3,,163,Training,COMP-b2e9edd7bc55d085,False
Fixed_Composition_Grouped,2,3,,167,Training,COMP-eacd4f126ab29a30,False
Fixed_Composition_Grouped,2,3,,173,Training,COMP-0d41a2cf75110ad6,False
Fixed_Composition_Grouped,2,3,,174,Training,COMP-a35a20d65351aafe,False
Fixed_Composition_Grouped,2,3,,176,Training,COMP-5479c448b954c055,False
Fixed_Composition_Grouped,2,3,,177,Training,COMP-5479c448b954c055,False
Fixed_Composition_Grouped,2,3,,178,Training,COMP-b9abc443805301b1,False
Fixed_Composition_Grouped,2,3,,182,Training,COMP-630f3050f45faf36,False
Fixed_Composition_Grouped,2,3,,183,Training,COMP-630f3050f45faf36,False
Fixed_Composition_Grouped,2,3,,187,Training,COMP-a7670bf71188b1d6,False
Fixed_Composition_Grouped,2,3,,188,Training,COMP-a7670bf71188b1d6,False
Fixed_Composition_Grouped,2,3,,193,Training,COMP-889d7d6c6dbf5b76,False
Fixed_Composition_Grouped,2,3,,194,Training,COMP-445f55453794f59c,False
Fixed_Composition_Grouped,2,3,,197,Training,COMP-880bd22028629a8e,False
Fixed_Composition_Grouped,2,3,,199,Training,COMP-6525c735bb50fb1c,False
Fixed_Composition_Grouped,2,3,,200,Training,COMP-b878df279a448475,False
Fixed_Composition_Grouped,2,3,,202,Training,COMP-598bc18a3ba07a9e,False
Fixed_Composition_Grouped,2,3,,205,Training,COMP-d8a14990923ce9f7,False
Fixed_Composition_Grouped,2,3,,207,Training,COMP-948abb1ebd270642,False
Fixed_Composition_Grouped,2,3,,210,Training,COMP-d7494ade7e8dd694,False
Fixed_Composition_Grouped,2,3,,214,Training,COMP-35e38ea13dc05b9e,False
Fixed_Composition_Grouped,2,3,,215,Training,COMP-6b4f0394292930ba,False
Fixed_Composition_Grouped,2,3,,216,Training,COMP-4a76c05754ee1efa,False
Fixed_Composition_Grouped,2,3,,221,Training,COMP-20d1e620c817cb5a,False
Fixed_Composition_Grouped,2,3,,224,Training,COMP-93900d7c81c38cdd,False
Fixed_Composition_Grouped,2,3,,225,Training,COMP-289a02a6b94655b9,False
Fixed_Composition_Grouped,2,3,,226,Training,COMP-93900d7c81c38cdd,False
Fixed_Composition_Grouped,2,3,,228,Training,COMP-46e30c1bd5e987da,False
Fixed_Composition_Grouped,2,3,,229,Training,COMP-2753cd2e053c8c98,False
Fixed_Composition_Grouped,2,3,,230,Training,COMP-0107563adaed8d01,False
Fixed_Composition_Grouped,2,3,,231,Training,COMP-0e256dc7494452a7,False
Fixed_Composition_Grouped,2,3,,232,Training,COMP-0e256dc7494452a7,False
Fixed_Composition_Grouped,2,3,,233,Training,COMP-e60cc4ecffe6b7df,False
Fixed_Composition_Grouped,2,3,,235,Training,COMP-091a20b5a1dfb76f,False
Fixed_Composition_Grouped,2,3,,236,Training,COMP-44fea4804e888e0a,False
Fixed_Composition_Grouped,2,3,,238,Training,COMP-fc5c3e46d2655b62,False
Fixed_Composition_Grouped,2,3,,239,Training,COMP-0b765af90e5ebd4c,False
Fixed_Composition_Grouped,2,3,,240,Training,COMP-0b765af90e5ebd4c,False
Fixed_Composition_Grouped,2,3,,241,Training,COMP-631a18a4a6b20c0c,False
Fixed_Composition_Grouped,2,3,,242,Training,COMP-631a18a4a6b20c0c,False
Fixed_Composition_Grouped,2,3,,243,Training,COMP-b0cc51380afea02b,False
Fixed_Composition_Grouped,2,3,,246,Training,COMP-1fc9679353325516,False
Fixed_Composition_Grouped,2,3,,247,Training,COMP-e295ac85ac1ada41,False
Fixed_Composition_Grouped,2,3,,249,Training,COMP-e295ac85ac1ada41,False
Fixed_Composition_Grouped,2,3,,251,Training,COMP-dd1e9c4c0f247912,False
Fixed_Composition_Grouped,2,3,,252,Training,COMP-725d39a40881dc4b,False
Fixed_Composition_Grouped,2,3,,253,Training,COMP-725d39a40881dc4b,False
Fixed_Composition_Grouped,2,3,,255,Training,COMP-95a56990f4bea8a9,False
Fixed_Composition_Grouped,2,3,,256,Training,COMP-95a56990f4bea8a9,False
Fixed_Composition_Grouped,2,3,,257,Training,COMP-95a56990f4bea8a9,False
Fixed_Composition_Grouped,2,3,,258,Training,COMP-95a56990f4bea8a9,False
Fixed_Composition_Grouped,2,3,,259,Training,COMP-95a56990f4bea8a9,False
Fixed_Composition_Grouped,2,3,,260,Training,COMP-95a56990f4bea8a9,False
Fixed_Composition_Grouped,2,3,,263,Training,COMP-95a56990f4bea8a9,False
Fixed_Composition_Grouped,2,3,,266,Training,COMP-95a56990f4bea8a9,False
Fixed_Composition_Grouped,2,3,,268,Training,COMP-95a56990f4bea8a9,False
Fixed_Composition_Grouped,2,3,,271,Training,COMP-95a56990f4bea8a9,False
Fixed_Composition_Grouped,2,3,,272,Training,COMP-95a56990f4bea8a9,False
Fixed_Composition_Grouped,2,3,,273,Training,COMP-95a56990f4bea8a9,False
Fixed_Composition_Grouped,2,3,,282,Training,COMP-95a56990f4bea8a9,False
Fixed_Composition_Grouped,2,3,,283,Training,COMP-95a56990f4bea8a9,False
Fixed_Composition_Grouped,2,3,,285,Training,COMP-95a56990f4bea8a9,False
Fixed_Composition_Grouped,2,3,,320,Training,COMP-dbc0864492ec7b98,False
Fixed_Composition_Grouped,2,3,,321,Training,COMP-dbc0864492ec7b98,False
Fixed_Composition_Grouped,2,3,,322,Training,COMP-dbc0864492ec7b98,False
Fixed_Composition_Grouped,2,3,,323,Training,COMP-dbc0864492ec7b98,False
Fixed_Composition_Grouped,2,3,,324,Training,COMP-dbc0864492ec7b98,False
Fixed_Composition_Grouped,2,3,,325,Training,COMP-dbc0864492ec7b98,False
Fixed_Composition_Grouped,2,3,,326,Training,COMP-dbc0864492ec7b98,False
Fixed_Composition_Grouped,2,3,,327,Training,COMP-dbc0864492ec7b98,False
Fixed_Composition_Grouped,2,3,,328,Training,COMP-dbc0864492ec7b98,False
Fixed_Composition_Grouped,2,3,,331,Training,COMP-dbc0864492ec7b98,False
Fixed_Composition_Grouped,2,3,,333,Training,COMP-dbc0864492ec7b98,False
Fixed_Composition_Grouped,2,3,,334,Training,COMP-dbc0864492ec7b98,False
Fixed_Composition_Grouped,2,3,,337,Training,COMP-06072d2dd3b021af,False
Fixed_Composition_Grouped,2,3,,339,Training,COMP-06072d2dd3b021af,False
Fixed_Composition_Grouped,2,3,,341,Training,COMP-221944a235b3f36b,False
Fixed_Composition_Grouped,2,3,,342,Training,COMP-221944a235b3f36b,False
Fixed_Composition_Grouped,2,3,,344,Training,COMP-e1e52574fbb04f58,False
Fixed_Composition_Grouped,2,3,,345,Training,COMP-e1e52574fbb04f58,False
Fixed_Composition_Grouped,2,3,,347,Training,COMP-e1e52574fbb04f58,False
Fixed_Composition_Grouped,2,3,,348,Training,COMP-30cef922979fb9fd,False
Fixed_Composition_Grouped,2,3,,349,Training,COMP-30cef922979fb9fd,False
Fixed_Composition_Grouped,2,3,,350,Training,COMP-30cef922979fb9fd,False
Fixed_Composition_Grouped,2,3,,351,Training,COMP-30cef922979fb9fd,False
Fixed_Composition_Grouped,2,3,,352,Training,COMP-30cef922979fb9fd,False
Fixed_Composition_Grouped,2,3,,354,Training,COMP-59f47d6774b9fdfb,False
Fixed_Composition_Grouped,2,3,,356,Training,COMP-59f47d6774b9fdfb,False
Fixed_Composition_Grouped,2,3,,358,Training,COMP-59f47d6774b9fdfb,False
Fixed_Composition_Grouped,2,3,,365,Training,COMP-e1e52574fbb04f58,False
Fixed_Composition_Grouped,2,3,,369,Training,COMP-6f2ca218fbd1923b,False
Fixed_Composition_Grouped,2,3,,371,Training,COMP-6f2ca218fbd1923b,False
Fixed_Composition_Grouped,2,3,,372,Training,COMP-6f2ca218fbd1923b,False
Fixed_Composition_Grouped,2,3,,375,Training,COMP-6f2ca218fbd1923b,False
Fixed_Composition_Grouped,2,3,,376,Training,COMP-6f2ca218fbd1923b,False
Fixed_Composition_Grouped,2,3,,378,Training,COMP-6f2ca218fbd1923b,False
Fixed_Composition_Grouped,2,3,,380,Training,COMP-6f2ca218fbd1923b,False
Fixed_Composition_Grouped,2,3,,381,Training,COMP-6f2ca218fbd1923b,False
Fixed_Composition_Grouped,2,3,,382,Training,COMP-6f2ca218fbd1923b,False
Fixed_Composition_Grouped,2,3,,384,Training,COMP-6f2ca218fbd1923b,False
Fixed_Composition_Grouped,2,3,,386,Training,COMP-6f2ca218fbd1923b,False
Fixed_Composition_Grouped,2,3,,387,Training,COMP-6f2ca218fbd1923b,False
Fixed_Composition_Grouped,2,3,,388,Training,COMP-6f2ca218fbd1923b,False
Fixed_Composition_Grouped,2,3,,389,Training,COMP-6f2ca218fbd1923b,False
Fixed_Composition_Grouped,2,3,,391,Training,COMP-6f2ca218fbd1923b,False
Fixed_Composition_Grouped,2,3,,393,Training,COMP-6f2ca218fbd1923b,False
Fixed_Composition_Grouped,2,3,,395,Training,COMP-6f2ca218fbd1923b,False
Fixed_Composition_Grouped,2,3,,399,Training,COMP-6f2ca218fbd1923b,False
Fixed_Composition_Grouped,2,3,,402,Training,COMP-6f2ca218fbd1923b,False
Fixed_Composition_Grouped,2,3,,404,Training,COMP-6f2ca218fbd1923b,False
Fixed_Composition_Grouped,2,3,,405,Training,COMP-6f2ca218fbd1923b,False
Fixed_Composition_Grouped,2,3,,421,Training,COMP-edeedccfd8f07e13,False
Fixed_Composition_Grouped,2,3,,422,Training,COMP-edeedccfd8f07e13,False
Fixed_Composition_Grouped,2,3,,424,Training,COMP-f9d9cbed014e8b80,False
Fixed_Composition_Grouped,2,3,,425,Training,COMP-f9d9cbed014e8b80,False
Fixed_Composition_Grouped,2,3,,427,Training,COMP-f9d9cbed014e8b80,False
Fixed_Composition_Grouped,2,3,,429,Training,COMP-f9d9cbed014e8b80,False
Fixed_Composition_Grouped,2,3,,431,Training,COMP-f9d9cbed014e8b80,False
Fixed_Composition_Grouped,2,3,,432,Training,COMP-f9d9cbed014e8b80,False
Fixed_Composition_Grouped,2,3,,434,Training,COMP-f9d9cbed014e8b80,False
Fixed_Composition_Grouped,2,3,,438,Training,COMP-f9d9cbed014e8b80,False
Fixed_Composition_Grouped,2,3,,440,Training,COMP-f9d9cbed014e8b80,False
Fixed_Composition_Grouped,2,3,,441,Training,COMP-f9d9cbed014e8b80,False
Fixed_Composition_Grouped,2,3,,444,Training,COMP-f9d9cbed014e8b80,False
Fixed_Composition_Grouped,2,3,,445,Training,COMP-f9d9cbed014e8b80,False
Fixed_Composition_Grouped,2,3,,448,Training,COMP-f9d9cbed014e8b80,False
Fixed_Composition_Grouped,2,3,,449,Training,COMP-f9d9cbed014e8b80,False
Fixed_Composition_Grouped,2,3,,450,Training,COMP-f9d9cbed014e8b80,False
Fixed_Composition_Grouped,2,3,,451,Training,COMP-f9d9cbed014e8b80,False
Fixed_Composition_Grouped,2,3,,14,Validation,COMP-609dfbaf681359b8,False
Fixed_Composition_Grouped,2,3,,27,Validation,COMP-73d52e7a36d559a9,False
Fixed_Composition_Grouped,2,3,,49,Validation,COMP-92ece298f11712f0,False
Fixed_Composition_Grouped,2,3,,52,Validation,COMP-06f5d2a767a65349,False
Fixed_Composition_Grouped,2,3,,53,Validation,COMP-06f5d2a767a65349,False
Fixed_Composition_Grouped,2,3,,60,Validation,COMP-3f22c6642a7a1344,False
Fixed_Composition_Grouped,2,3,,61,Validation,COMP-3f22c6642a7a1344,False
Fixed_Composition_Grouped,2,3,,67,Validation,COMP-49d8e1edbf1c2fbd,False
Fixed_Composition_Grouped,2,3,,69,Validation,COMP-8cee7ef8867afd2d,False
Fixed_Composition_Grouped,2,3,,86,Validation,COMP-ea2a626c3522e4a5,False
Fixed_Composition_Grouped,2,3,,88,Validation,COMP-ea2a626c3522e4a5,False
Fixed_Composition_Grouped,2,3,,92,Validation,COMP-ea2a626c3522e4a5,False
Fixed_Composition_Grouped,2,3,,94,Validation,COMP-ea2a626c3522e4a5,False
Fixed_Composition_Grouped,2,3,,95,Validation,COMP-ea2a626c3522e4a5,False
Fixed_Composition_Grouped,2,3,,96,Validation,COMP-ea2a626c3522e4a5,False
Fixed_Composition_Grouped,2,3,,99,Validation,COMP-ea2a626c3522e4a5,False
Fixed_Composition_Grouped,2,3,,100,Validation,COMP-ea2a626c3522e4a5,False
Fixed_Composition_Grouped,2,3,,156,Validation,COMP-941f92def7f50542,False
Fixed_Composition_Grouped,2,3,,164,Validation,COMP-941f92def7f50542,False
Fixed_Composition_Grouped,2,3,,168,Validation,COMP-92ed17371ff559b6,False
Fixed_Composition_Grouped,2,3,,169,Validation,COMP-92ed17371ff559b6,False
Fixed_Composition_Grouped,2,3,,172,Validation,COMP-92ed17371ff559b6,False
Fixed_Composition_Grouped,2,3,,175,Validation,COMP-b72f6533b137a4f6,False
Fixed_Composition_Grouped,2,3,,181,Validation,COMP-69c6ecd7284d3b47,False
Fixed_Composition_Grouped,2,3,,184,Validation,COMP-0966c0019ec07f39,False
Fixed_Composition_Grouped,2,3,,186,Validation,COMP-0966c0019ec07f39,False
Fixed_Composition_Grouped,2,3,,201,Validation,COMP-05480af3b167ab05,False
Fixed_Composition_Grouped,2,3,,211,Validation,COMP-b775405901636085,False
Fixed_Composition_Grouped,2,3,,219,Validation,COMP-eae7689b221fd7f8,False
Fixed_Composition_Grouped,2,3,,237,Validation,COMP-4ef2bcae5243588c,False
Fixed_Composition_Grouped,2,3,,286,Validation,COMP-478c9f483894c42c,False
Fixed_Composition_Grouped,2,3,,288,Validation,COMP-478c9f483894c42c,False
Fixed_Composition_Grouped,2,3,,292,Validation,COMP-478c9f483894c42c,False
Fixed_Composition_Grouped,2,3,,295,Validation,COMP-478c9f483894c42c,False
Fixed_Composition_Grouped,2,3,,296,Validation,COMP-478c9f483894c42c,False
Fixed_Composition_Grouped,2,3,,300,Validation,COMP-478c9f483894c42c,False
Fixed_Composition_Grouped,2,3,,303,Validation,COMP-478c9f483894c42c,False
Fixed_Composition_Grouped,2,3,,306,Validation,COMP-478c9f483894c42c,False
Fixed_Composition_Grouped,2,3,,307,Validation,COMP-478c9f483894c42c,False
Fixed_Composition_Grouped,2,3,,309,Validation,COMP-478c9f483894c42c,False
Fixed_Composition_Grouped,2,3,,310,Validation,COMP-478c9f483894c42c,False
Fixed_Composition_Grouped,2,3,,311,Validation,COMP-478c9f483894c42c,False
Fixed_Composition_Grouped,2,3,,313,Validation,COMP-478c9f483894c42c,False
Fixed_Composition_Grouped,2,3,,315,Validation,COMP-478c9f483894c42c,False
Fixed_Composition_Grouped,2,3,,316,Validation,COMP-478c9f483894c42c,False
Fixed_Composition_Grouped,2,3,,360,Validation,COMP-0765adc8c505dd3b,False
Fixed_Composition_Grouped,2,3,,363,Validation,COMP-0765adc8c505dd3b,False
Fixed_Composition_Grouped,2,3,,364,Validation,COMP-0765adc8c505dd3b,False
Fixed_Composition_Grouped,2,3,,406,Validation,COMP-7fb1fecc93ced403,False
Fixed_Composition_Grouped,2,3,,408,Validation,COMP-7fb1fecc93ced403,False
Fixed_Composition_Grouped,2,3,,413,Validation,COMP-a85acb2f2da0216b,False
Fixed_Composition_Grouped,2,3,,414,Validation,COMP-a85acb2f2da0216b,False
Fixed_Composition_Grouped,2,3,,415,Validation,COMP-a85acb2f2da0216b,False
Fixed_Composition_Grouped,2,3,,418,Validation,COMP-a85acb2f2da0216b,False
Fixed_Composition_Grouped,2,4,,1,Training,COMP-27021c945dc6ef2d,False
Fixed_Composition_Grouped,2,4,,4,Training,COMP-862c9c676a6f1012,False
Fixed_Composition_Grouped,2,4,,6,Training,COMP-27021c945dc6ef2d,False
Fixed_Composition_Grouped,2,4,,13,Training,COMP-27021c945dc6ef2d,False
Fixed_Composition_Grouped,2,4,,14,Training,COMP-609dfbaf681359b8,False
Fixed_Composition_Grouped,2,4,,17,Training,COMP-773f99d6dc417f9e,False
Fixed_Composition_Grouped,2,4,,20,Training,COMP-0b765af90e5ebd4c,False
Fixed_Composition_Grouped,2,4,,21,Training,COMP-0b765af90e5ebd4c,False
Fixed_Composition_Grouped,2,4,,24,Training,COMP-0b765af90e5ebd4c,False
Fixed_Composition_Grouped,2,4,,26,Training,COMP-7decbe1f0284bd78,False
Fixed_Composition_Grouped,2,4,,27,Training,COMP-73d52e7a36d559a9,False
Fixed_Composition_Grouped,2,4,,28,Training,COMP-3632fb12e94bc35a,False
Fixed_Composition_Grouped,2,4,,29,Training,COMP-773f99d6dc417f9e,False
Fixed_Composition_Grouped,2,4,,35,Training,COMP-a87a2533a652007c,False
Fixed_Composition_Grouped,2,4,,36,Training,COMP-87a7ec252c82f56c,False
Fixed_Composition_Grouped,2,4,,37,Training,COMP-f6d84b53636ddfbe,False
Fixed_Composition_Grouped,2,4,,40,Training,COMP-1af7d3f3b3b924e5,False
Fixed_Composition_Grouped,2,4,,41,Training,COMP-1af7d3f3b3b924e5,False
Fixed_Composition_Grouped,2,4,,47,Training,COMP-e295ac85ac1ada41,False
Fixed_Composition_Grouped,2,4,,49,Training,COMP-92ece298f11712f0,False
Fixed_Composition_Grouped,2,4,,51,Training,COMP-dbc0864492ec7b98,False
Fixed_Composition_Grouped,2,4,,52,Training,COMP-06f5d2a767a65349,False
Fixed_Composition_Grouped,2,4,,53,Training,COMP-06f5d2a767a65349,False
Fixed_Composition_Grouped,2,4,,54,Training,COMP-ea1f0dc96a173899,False
Fixed_Composition_Grouped,2,4,,60,Training,COMP-3f22c6642a7a1344,False
Fixed_Composition_Grouped,2,4,,61,Training,COMP-3f22c6642a7a1344,False
Fixed_Composition_Grouped,2,4,,62,Training,COMP-21d126c9d34df073,False
Fixed_Composition_Grouped,2,4,,63,Training,COMP-21d126c9d34df073,False
Fixed_Composition_Grouped,2,4,,64,Training,COMP-3157f0dc71f862ff,False
Fixed_Composition_Grouped,2,4,,65,Training,COMP-7c0b488137fafb3b,False
Fixed_Composition_Grouped,2,4,,66,Training,COMP-b8df58296dba2095,False
Fixed_Composition_Grouped,2,4,,67,Training,COMP-49d8e1edbf1c2fbd,False
Fixed_Composition_Grouped,2,4,,68,Training,COMP-21d126c9d34df073,False
Fixed_Composition_Grouped,2,4,,69,Training,COMP-8cee7ef8867afd2d,False
Fixed_Composition_Grouped,2,4,,74,Training,COMP-f9a00d6d8411a0d1,False
Fixed_Composition_Grouped,2,4,,83,Training,COMP-e913f917a7e36868,False
Fixed_Composition_Grouped,2,4,,85,Training,COMP-e913f917a7e36868,False
Fixed_Composition_Grouped,2,4,,86,Training,COMP-ea2a626c3522e4a5,False
Fixed_Composition_Grouped,2,4,,88,Training,COMP-ea2a626c3522e4a5,False
Fixed_Composition_Grouped,2,4,,92,Training,COMP-ea2a626c3522e4a5,False
Fixed_Composition_Grouped,2,4,,94,Training,COMP-ea2a626c3522e4a5,False
Fixed_Composition_Grouped,2,4,,95,Training,COMP-ea2a626c3522e4a5,False
Fixed_Composition_Grouped,2,4,,96,Training,COMP-ea2a626c3522e4a5,False
Fixed_Composition_Grouped,2,4,,98,Training,COMP-e913f917a7e36868,False
Fixed_Composition_Grouped,2,4,,99,Training,COMP-ea2a626c3522e4a5,False
Fixed_Composition_Grouped,2,4,,100,Training,COMP-ea2a626c3522e4a5,False
Fixed_Composition_Grouped,2,4,,102,Training,COMP-435a8f4ba56d8b5d,False
Fixed_Composition_Grouped,2,4,,103,Training,COMP-435a8f4ba56d8b5d,False
Fixed_Composition_Grouped,2,4,,104,Training,COMP-435a8f4ba56d8b5d,False
Fixed_Composition_Grouped,2,4,,105,Training,COMP-435a8f4ba56d8b5d,False
Fixed_Composition_Grouped,2,4,,106,Training,COMP-435a8f4ba56d8b5d,False
Fixed_Composition_Grouped,2,4,,110,Training,COMP-c1d72bb5d7d164b0,False
Fixed_Composition_Grouped,2,4,,111,Training,COMP-c1d72bb5d7d164b0,False
Fixed_Composition_Grouped,2,4,,112,Training,COMP-c1d72bb5d7d164b0,False
Fixed_Composition_Grouped,2,4,,114,Training,COMP-6360354242bed7fe,False
Fixed_Composition_Grouped,2,4,,115,Training,COMP-15c7378d46cadefa,False
Fixed_Composition_Grouped,2,4,,118,Training,COMP-8bbe9ce01fb6a2d3,False
Fixed_Composition_Grouped,2,4,,120,Training,COMP-8bbe9ce01fb6a2d3,False
Fixed_Composition_Grouped,2,4,,126,Training,COMP-5502f8bc72167a0b,False
Fixed_Composition_Grouped,2,4,,127,Training,COMP-5502f8bc72167a0b,False
Fixed_Composition_Grouped,2,4,,130,Training,COMP-89919c53d3149a2d,False
Fixed_Composition_Grouped,2,4,,133,Training,COMP-89919c53d3149a2d,False
Fixed_Composition_Grouped,2,4,,134,Training,COMP-89919c53d3149a2d,False
Fixed_Composition_Grouped,2,4,,135,Training,COMP-89919c53d3149a2d,False
Fixed_Composition_Grouped,2,4,,138,Training,COMP-89919c53d3149a2d,False
Fixed_Composition_Grouped,2,4,,139,Training,COMP-89919c53d3149a2d,False
Fixed_Composition_Grouped,2,4,,141,Training,COMP-89919c53d3149a2d,False
Fixed_Composition_Grouped,2,4,,142,Training,COMP-89919c53d3149a2d,False
Fixed_Composition_Grouped,2,4,,143,Training,COMP-89919c53d3149a2d,False
Fixed_Composition_Grouped,2,4,,144,Training,COMP-89919c53d3149a2d,False
Fixed_Composition_Grouped,2,4,,145,Training,COMP-89919c53d3149a2d,False
Fixed_Composition_Grouped,2,4,,146,Training,COMP-266a388f7afdbe91,False
Fixed_Composition_Grouped,2,4,,147,Training,COMP-055230aabe7d502c,False
Fixed_Composition_Grouped,2,4,,149,Training,COMP-266a388f7afdbe91,False
Fixed_Composition_Grouped,2,4,,150,Training,COMP-055230aabe7d502c,False
Fixed_Composition_Grouped,2,4,,152,Training,COMP-055230aabe7d502c,False
Fixed_Composition_Grouped,2,4,,156,Training,COMP-941f92def7f50542,False
Fixed_Composition_Grouped,2,4,,157,Training,COMP-ddfcf6030a718a0c,False
Fixed_Composition_Grouped,2,4,,161,Training,COMP-eacd4f126ab29a30,False
Fixed_Composition_Grouped,2,4,,162,Training,COMP-ddfcf6030a718a0c,False
Fixed_Composition_Grouped,2,4,,164,Training,COMP-941f92def7f50542,False
Fixed_Composition_Grouped,2,4,,167,Training,COMP-eacd4f126ab29a30,False
Fixed_Composition_Grouped,2,4,,168,Training,COMP-92ed17371ff559b6,False
Fixed_Composition_Grouped,2,4,,169,Training,COMP-92ed17371ff559b6,False
Fixed_Composition_Grouped,2,4,,172,Training,COMP-92ed17371ff559b6,False
Fixed_Composition_Grouped,2,4,,175,Training,COMP-b72f6533b137a4f6,False
Fixed_Composition_Grouped,2,4,,176,Training,COMP-5479c448b954c055,False
Fixed_Composition_Grouped,2,4,,177,Training,COMP-5479c448b954c055,False
Fixed_Composition_Grouped,2,4,,178,Training,COMP-b9abc443805301b1,False
Fixed_Composition_Grouped,2,4,,181,Training,COMP-69c6ecd7284d3b47,False
Fixed_Composition_Grouped,2,4,,184,Training,COMP-0966c0019ec07f39,False
Fixed_Composition_Grouped,2,4,,186,Training,COMP-0966c0019ec07f39,False
Fixed_Composition_Grouped,2,4,,187,Training,COMP-a7670bf71188b1d6,False
Fixed_Composition_Grouped,2,4,,188,Training,COMP-a7670bf71188b1d6,False
Fixed_Composition_Grouped,2,4,,193,Training,COMP-889d7d6c6dbf5b76,False
Fixed_Composition_Grouped,2,4,,194,Training,COMP-445f55453794f59c,False
Fixed_Composition_Grouped,2,4,,197,Training,COMP-880bd22028629a8e,False
Fixed_Composition_Grouped,2,4,,199,Training,COMP-6525c735bb50fb1c,False
Fixed_Composition_Grouped,2,4,,200,Training,COMP-b878df279a448475,False
Fixed_Composition_Grouped,2,4,,201,Training,COMP-05480af3b167ab05,False
Fixed_Composition_Grouped,2,4,,202,Training,COMP-598bc18a3ba07a9e,False
Fixed_Composition_Grouped,2,4,,205,Training,COMP-d8a14990923ce9f7,False
Fixed_Composition_Grouped,2,4,,210,Training,COMP-d7494ade7e8dd694,False
Fixed_Composition_Grouped,2,4,,211,Training,COMP-b775405901636085,False
Fixed_Composition_Grouped,2,4,,215,Training,COMP-6b4f0394292930ba,False
Fixed_Composition_Grouped,2,4,,219,Training,COMP-eae7689b221fd7f8,False
Fixed_Composition_Grouped,2,4,,221,Training,COMP-20d1e620c817cb5a,False
Fixed_Composition_Grouped,2,4,,224,Training,COMP-93900d7c81c38cdd,False
Fixed_Composition_Grouped,2,4,,225,Training,COMP-289a02a6b94655b9,False
Fixed_Composition_Grouped,2,4,,226,Training,COMP-93900d7c81c38cdd,False
Fixed_Composition_Grouped,2,4,,228,Training,COMP-46e30c1bd5e987da,False
Fixed_Composition_Grouped,2,4,,229,Training,COMP-2753cd2e053c8c98,False
Fixed_Composition_Grouped,2,4,,230,Training,COMP-0107563adaed8d01,False
Fixed_Composition_Grouped,2,4,,231,Training,COMP-0e256dc7494452a7,False
Fixed_Composition_Grouped,2,4,,232,Training,COMP-0e256dc7494452a7,False
Fixed_Composition_Grouped,2,4,,233,Training,COMP-e60cc4ecffe6b7df,False
Fixed_Composition_Grouped,2,4,,235,Training,COMP-091a20b5a1dfb76f,False
Fixed_Composition_Grouped,2,4,,237,Training,COMP-4ef2bcae5243588c,False
Fixed_Composition_Grouped,2,4,,238,Training,COMP-fc5c3e46d2655b62,False
Fixed_Composition_Grouped,2,4,,239,Training,COMP-0b765af90e5ebd4c,False
Fixed_Composition_Grouped,2,4,,240,Training,COMP-0b765af90e5ebd4c,False
Fixed_Composition_Grouped,2,4,,241,Training,COMP-631a18a4a6b20c0c,False
Fixed_Composition_Grouped,2,4,,242,Training,COMP-631a18a4a6b20c0c,False
Fixed_Composition_Grouped,2,4,,243,Training,COMP-b0cc51380afea02b,False
Fixed_Composition_Grouped,2,4,,246,Training,COMP-1fc9679353325516,False
Fixed_Composition_Grouped,2,4,,247,Training,COMP-e295ac85ac1ada41,False
Fixed_Composition_Grouped,2,4,,249,Training,COMP-e295ac85ac1ada41,False
Fixed_Composition_Grouped,2,4,,251,Training,COMP-dd1e9c4c0f247912,False
Fixed_Composition_Grouped,2,4,,286,Training,COMP-478c9f483894c42c,False
Fixed_Composition_Grouped,2,4,,288,Training,COMP-478c9f483894c42c,False
Fixed_Composition_Grouped,2,4,,292,Training,COMP-478c9f483894c42c,False
Fixed_Composition_Grouped,2,4,,295,Training,COMP-478c9f483894c42c,False
Fixed_Composition_Grouped,2,4,,296,Training,COMP-478c9f483894c42c,False
Fixed_Composition_Grouped,2,4,,300,Training,COMP-478c9f483894c42c,False
Fixed_Composition_Grouped,2,4,,303,Training,COMP-478c9f483894c42c,False
Fixed_Composition_Grouped,2,4,,306,Training,COMP-478c9f483894c42c,False
Fixed_Composition_Grouped,2,4,,307,Training,COMP-478c9f483894c42c,False
Fixed_Composition_Grouped,2,4,,309,Training,COMP-478c9f483894c42c,False
Fixed_Composition_Grouped,2,4,,310,Training,COMP-478c9f483894c42c,False
Fixed_Composition_Grouped,2,4,,311,Training,COMP-478c9f483894c42c,False
Fixed_Composition_Grouped,2,4,,313,Training,COMP-478c9f483894c42c,False
Fixed_Composition_Grouped,2,4,,315,Training,COMP-478c9f483894c42c,False
Fixed_Composition_Grouped,2,4,,316,Training,COMP-478c9f483894c42c,False
Fixed_Composition_Grouped,2,4,,320,Training,COMP-dbc0864492ec7b98,False
Fixed_Composition_Grouped,2,4,,321,Training,COMP-dbc0864492ec7b98,False
Fixed_Composition_Grouped,2,4,,322,Training,COMP-dbc0864492ec7b98,False
Fixed_Composition_Grouped,2,4,,323,Training,COMP-dbc0864492ec7b98,False
Fixed_Composition_Grouped,2,4,,324,Training,COMP-dbc0864492ec7b98,False
Fixed_Composition_Grouped,2,4,,325,Training,COMP-dbc0864492ec7b98,False
Fixed_Composition_Grouped,2,4,,326,Training,COMP-dbc0864492ec7b98,False
Fixed_Composition_Grouped,2,4,,327,Training,COMP-dbc0864492ec7b98,False
Fixed_Composition_Grouped,2,4,,328,Training,COMP-dbc0864492ec7b98,False
Fixed_Composition_Grouped,2,4,,331,Training,COMP-dbc0864492ec7b98,False
Fixed_Composition_Grouped,2,4,,333,Training,COMP-dbc0864492ec7b98,False
Fixed_Composition_Grouped,2,4,,334,Training,COMP-dbc0864492ec7b98,False
Fixed_Composition_Grouped,2,4,,337,Training,COMP-06072d2dd3b021af,False
Fixed_Composition_Grouped,2,4,,339,Training,COMP-06072d2dd3b021af,False
Fixed_Composition_Grouped,2,4,,341,Training,COMP-221944a235b3f36b,False
Fixed_Composition_Grouped,2,4,,342,Training,COMP-221944a235b3f36b,False
Fixed_Composition_Grouped,2,4,,344,Training,COMP-e1e52574fbb04f58,False
Fixed_Composition_Grouped,2,4,,345,Training,COMP-e1e52574fbb04f58,False
Fixed_Composition_Grouped,2,4,,347,Training,COMP-e1e52574fbb04f58,False
Fixed_Composition_Grouped,2,4,,348,Training,COMP-30cef922979fb9fd,False
Fixed_Composition_Grouped,2,4,,349,Training,COMP-30cef922979fb9fd,False
Fixed_Composition_Grouped,2,4,,350,Training,COMP-30cef922979fb9fd,False
Fixed_Composition_Grouped,2,4,,351,Training,COMP-30cef922979fb9fd,False
Fixed_Composition_Grouped,2,4,,352,Training,COMP-30cef922979fb9fd,False
Fixed_Composition_Grouped,2,4,,360,Training,COMP-0765adc8c505dd3b,False
Fixed_Composition_Grouped,2,4,,363,Training,COMP-0765adc8c505dd3b,False
Fixed_Composition_Grouped,2,4,,364,Training,COMP-0765adc8c505dd3b,False
Fixed_Composition_Grouped,2,4,,365,Training,COMP-e1e52574fbb04f58,False
Fixed_Composition_Grouped,2,4,,369,Training,COMP-6f2ca218fbd1923b,False
Fixed_Composition_Grouped,2,4,,371,Training,COMP-6f2ca218fbd1923b,False
Fixed_Composition_Grouped,2,4,,372,Training,COMP-6f2ca218fbd1923b,False
Fixed_Composition_Grouped,2,4,,375,Training,COMP-6f2ca218fbd1923b,False
Fixed_Composition_Grouped,2,4,,376,Training,COMP-6f2ca218fbd1923b,False
Fixed_Composition_Grouped,2,4,,378,Training,COMP-6f2ca218fbd1923b,False
Fixed_Composition_Grouped,2,4,,380,Training,COMP-6f2ca218fbd1923b,False
Fixed_Composition_Grouped,2,4,,381,Training,COMP-6f2ca218fbd1923b,False
Fixed_Composition_Grouped,2,4,,382,Training,COMP-6f2ca218fbd1923b,False
Fixed_Composition_Grouped,2,4,,384,Training,COMP-6f2ca218fbd1923b,False
Fixed_Composition_Grouped,2,4,,386,Training,COMP-6f2ca218fbd1923b,False
Fixed_Composition_Grouped,2,4,,387,Training,COMP-6f2ca218fbd1923b,False
Fixed_Composition_Grouped,2,4,,388,Training,COMP-6f2ca218fbd1923b,False
Fixed_Composition_Grouped,2,4,,389,Training,COMP-6f2ca218fbd1923b,False
Fixed_Composition_Grouped,2,4,,391,Training,COMP-6f2ca218fbd1923b,False
Fixed_Composition_Grouped,2,4,,393,Training,COMP-6f2ca218fbd1923b,False
Fixed_Composition_Grouped,2,4,,395,Training,COMP-6f2ca218fbd1923b,False
Fixed_Composition_Grouped,2,4,,399,Training,COMP-6f2ca218fbd1923b,False
Fixed_Composition_Grouped,2,4,,402,Training,COMP-6f2ca218fbd1923b,False
Fixed_Composition_Grouped,2,4,,404,Training,COMP-6f2ca218fbd1923b,False
Fixed_Composition_Grouped,2,4,,405,Training,COMP-6f2ca218fbd1923b,False
Fixed_Composition_Grouped,2,4,,406,Training,COMP-7fb1fecc93ced403,False
Fixed_Composition_Grouped,2,4,,408,Training,COMP-7fb1fecc93ced403,False
Fixed_Composition_Grouped,2,4,,413,Training,COMP-a85acb2f2da0216b,False
Fixed_Composition_Grouped,2,4,,414,Training,COMP-a85acb2f2da0216b,False
Fixed_Composition_Grouped,2,4,,415,Training,COMP-a85acb2f2da0216b,False
Fixed_Composition_Grouped,2,4,,418,Training,COMP-a85acb2f2da0216b,False
Fixed_Composition_Grouped,2,4,,421,Training,COMP-edeedccfd8f07e13,False
Fixed_Composition_Grouped,2,4,,422,Training,COMP-edeedccfd8f07e13,False
Fixed_Composition_Grouped,2,4,,424,Training,COMP-f9d9cbed014e8b80,False
Fixed_Composition_Grouped,2,4,,425,Training,COMP-f9d9cbed014e8b80,False
Fixed_Composition_Grouped,2,4,,427,Training,COMP-f9d9cbed014e8b80,False
Fixed_Composition_Grouped,2,4,,429,Training,COMP-f9d9cbed014e8b80,False
Fixed_Composition_Grouped,2,4,,431,Training,COMP-f9d9cbed014e8b80,False
Fixed_Composition_Grouped,2,4,,432,Training,COMP-f9d9cbed014e8b80,False
Fixed_Composition_Grouped,2,4,,434,Training,COMP-f9d9cbed014e8b80,False
Fixed_Composition_Grouped,2,4,,438,Training,COMP-f9d9cbed014e8b80,False
Fixed_Composition_Grouped,2,4,,440,Training,COMP-f9d9cbed014e8b80,False
Fixed_Composition_Grouped,2,4,,441,Training,COMP-f9d9cbed014e8b80,False
Fixed_Composition_Grouped,2,4,,444,Training,COMP-f9d9cbed014e8b80,False
Fixed_Composition_Grouped,2,4,,445,Training,COMP-f9d9cbed014e8b80,False
Fixed_Composition_Grouped,2,4,,448,Training,COMP-f9d9cbed014e8b80,False
Fixed_Composition_Grouped,2,4,,449,Training,COMP-f9d9cbed014e8b80,False
Fixed_Composition_Grouped,2,4,,450,Training,COMP-f9d9cbed014e8b80,False
Fixed_Composition_Grouped,2,4,,451,Training,COMP-f9d9cbed014e8b80,False
Fixed_Composition_Grouped,2,4,,3,Validation,COMP-725d39a40881dc4b,False
Fixed_Composition_Grouped,2,4,,5,Validation,COMP-8e1fe5f59d3c7565,False
Fixed_Composition_Grouped,2,4,,7,Validation,COMP-725d39a40881dc4b,False
Fixed_Composition_Grouped,2,4,,8,Validation,COMP-725d39a40881dc4b,False
Fixed_Composition_Grouped,2,4,,10,Validation,COMP-725d39a40881dc4b,False
Fixed_Composition_Grouped,2,4,,12,Validation,COMP-725d39a40881dc4b,False
Fixed_Composition_Grouped,2,4,,23,Validation,COMP-81f8a3600f73b006,False
Fixed_Composition_Grouped,2,4,,32,Validation,COMP-81f8a3600f73b006,False
Fixed_Composition_Grouped,2,4,,43,Validation,COMP-9b0e3106e10f71db,False
Fixed_Composition_Grouped,2,4,,44,Validation,COMP-0d7ce00a50a6a24f,False
Fixed_Composition_Grouped,2,4,,45,Validation,COMP-59ce4655e65cf94a,False
Fixed_Composition_Grouped,2,4,,48,Validation,COMP-b611e8d56579c910,False
Fixed_Composition_Grouped,2,4,,80,Validation,COMP-a14831ff30c0b14d,False
Fixed_Composition_Grouped,2,4,,84,Validation,COMP-a14831ff30c0b14d,False
Fixed_Composition_Grouped,2,4,,87,Validation,COMP-a14831ff30c0b14d,False
Fixed_Composition_Grouped,2,4,,97,Validation,COMP-a14831ff30c0b14d,False
Fixed_Composition_Grouped,2,4,,107,Validation,COMP-384273ac244080b1,False
Fixed_Composition_Grouped,2,4,,121,Validation,COMP-b2e9edd7bc55d085,False
Fixed_Composition_Grouped,2,4,,122,Validation,COMP-b2e9edd7bc55d085,False
Fixed_Composition_Grouped,2,4,,123,Validation,COMP-0ee2ef468faff8db,False
Fixed_Composition_Grouped,2,4,,125,Validation,COMP-0ee2ef468faff8db,False
Fixed_Composition_Grouped,2,4,,148,Validation,COMP-150ce51691dfb5f9,False
Fixed_Composition_Grouped,2,4,,154,Validation,COMP-150ce51691dfb5f9,False
Fixed_Composition_Grouped,2,4,,159,Validation,COMP-0346738121cb655e,False
Fixed_Composition_Grouped,2,4,,160,Validation,COMP-0346738121cb655e,False
Fixed_Composition_Grouped,2,4,,163,Validation,COMP-b2e9edd7bc55d085,False
Fixed_Composition_Grouped,2,4,,173,Validation,COMP-0d41a2cf75110ad6,False
Fixed_Composition_Grouped,2,4,,174,Validation,COMP-a35a20d65351aafe,False
Fixed_Composition_Grouped,2,4,,182,Validation,COMP-630f3050f45faf36,False
Fixed_Composition_Grouped,2,4,,183,Validation,COMP-630f3050f45faf36,False
Fixed_Composition_Grouped,2,4,,207,Validation,COMP-948abb1ebd270642,False
Fixed_Composition_Grouped,2,4,,214,Validation,COMP-35e38ea13dc05b9e,False
Fixed_Composition_Grouped,2,4,,216,Validation,COMP-4a76c05754ee1efa,False
Fixed_Composition_Grouped,2,4,,236,Validation,COMP-44fea4804e888e0a,False
Fixed_Composition_Grouped,2,4,,252,Validation,COMP-725d39a40881dc4b,False
Fixed_Composition_Grouped,2,4,,253,Validation,COMP-725d39a40881dc4b,False
Fixed_Composition_Grouped,2,4,,255,Validation,COMP-95a56990f4bea8a9,False
Fixed_Composition_Grouped,2,4,,256,Validation,COMP-95a56990f4bea8a9,False
Fixed_Composition_Grouped,2,4,,257,Validation,COMP-95a56990f4bea8a9,False
Fixed_Composition_Grouped,2,4,,258,Validation,COMP-95a56990f4bea8a9,False
Fixed_Composition_Grouped,2,4,,259,Validation,COMP-95a56990f4bea8a9,False
Fixed_Composition_Grouped,2,4,,260,Validation,COMP-95a56990f4bea8a9,False
Fixed_Composition_Grouped,2,4,,263,Validation,COMP-95a56990f4bea8a9,False
Fixed_Composition_Grouped,2,4,,266,Validation,COMP-95a56990f4bea8a9,False
Fixed_Composition_Grouped,2,4,,268,Validation,COMP-95a56990f4bea8a9,False
Fixed_Composition_Grouped,2,4,,271,Validation,COMP-95a56990f4bea8a9,False
Fixed_Composition_Grouped,2,4,,272,Validation,COMP-95a56990f4bea8a9,False
Fixed_Composition_Grouped,2,4,,273,Validation,COMP-95a56990f4bea8a9,False
Fixed_Composition_Grouped,2,4,,282,Validation,COMP-95a56990f4bea8a9,False
Fixed_Composition_Grouped,2,4,,283,Validation,COMP-95a56990f4bea8a9,False
Fixed_Composition_Grouped,2,4,,285,Validation,COMP-95a56990f4bea8a9,False
Fixed_Composition_Grouped,2,4,,354,Validation,COMP-59f47d6774b9fdfb,False
Fixed_Composition_Grouped,2,4,,356,Validation,COMP-59f47d6774b9fdfb,False
Fixed_Composition_Grouped,2,4,,358,Validation,COMP-59f47d6774b9fdfb,False
Fixed_Composition_Grouped,2,5,,1,Training,COMP-27021c945dc6ef2d,False
Fixed_Composition_Grouped,2,5,,3,Training,COMP-725d39a40881dc4b,False
Fixed_Composition_Grouped,2,5,,4,Training,COMP-862c9c676a6f1012,False
Fixed_Composition_Grouped,2,5,,5,Training,COMP-8e1fe5f59d3c7565,False
Fixed_Composition_Grouped,2,5,,6,Training,COMP-27021c945dc6ef2d,False
Fixed_Composition_Grouped,2,5,,7,Training,COMP-725d39a40881dc4b,False
Fixed_Composition_Grouped,2,5,,8,Training,COMP-725d39a40881dc4b,False
Fixed_Composition_Grouped,2,5,,10,Training,COMP-725d39a40881dc4b,False
Fixed_Composition_Grouped,2,5,,12,Training,COMP-725d39a40881dc4b,False
Fixed_Composition_Grouped,2,5,,13,Training,COMP-27021c945dc6ef2d,False
Fixed_Composition_Grouped,2,5,,14,Training,COMP-609dfbaf681359b8,False
Fixed_Composition_Grouped,2,5,,17,Training,COMP-773f99d6dc417f9e,False
Fixed_Composition_Grouped,2,5,,20,Training,COMP-0b765af90e5ebd4c,False
Fixed_Composition_Grouped,2,5,,21,Training,COMP-0b765af90e5ebd4c,False
Fixed_Composition_Grouped,2,5,,23,Training,COMP-81f8a3600f73b006,False
Fixed_Composition_Grouped,2,5,,24,Training,COMP-0b765af90e5ebd4c,False
Fixed_Composition_Grouped,2,5,,27,Training,COMP-73d52e7a36d559a9,False
Fixed_Composition_Grouped,2,5,,29,Training,COMP-773f99d6dc417f9e,False
Fixed_Composition_Grouped,2,5,,32,Training,COMP-81f8a3600f73b006,False
Fixed_Composition_Grouped,2,5,,36,Training,COMP-87a7ec252c82f56c,False
Fixed_Composition_Grouped,2,5,,37,Training,COMP-f6d84b53636ddfbe,False
Fixed_Composition_Grouped,2,5,,40,Training,COMP-1af7d3f3b3b924e5,False
Fixed_Composition_Grouped,2,5,,41,Training,COMP-1af7d3f3b3b924e5,False
Fixed_Composition_Grouped,2,5,,43,Training,COMP-9b0e3106e10f71db,False
Fixed_Composition_Grouped,2,5,,44,Training,COMP-0d7ce00a50a6a24f,False
Fixed_Composition_Grouped,2,5,,45,Training,COMP-59ce4655e65cf94a,False
Fixed_Composition_Grouped,2,5,,48,Training,COMP-b611e8d56579c910,False
Fixed_Composition_Grouped,2,5,,49,Training,COMP-92ece298f11712f0,False
Fixed_Composition_Grouped,2,5,,52,Training,COMP-06f5d2a767a65349,False
Fixed_Composition_Grouped,2,5,,53,Training,COMP-06f5d2a767a65349,False
Fixed_Composition_Grouped,2,5,,60,Training,COMP-3f22c6642a7a1344,False
Fixed_Composition_Grouped,2,5,,61,Training,COMP-3f22c6642a7a1344,False
Fixed_Composition_Grouped,2,5,,62,Training,COMP-21d126c9d34df073,False
Fixed_Composition_Grouped,2,5,,63,Training,COMP-21d126c9d34df073,False
Fixed_Composition_Grouped,2,5,,64,Training,COMP-3157f0dc71f862ff,False
Fixed_Composition_Grouped,2,5,,66,Training,COMP-b8df58296dba2095,False
Fixed_Composition_Grouped,2,5,,67,Training,COMP-49d8e1edbf1c2fbd,False
Fixed_Composition_Grouped,2,5,,68,Training,COMP-21d126c9d34df073,False
Fixed_Composition_Grouped,2,5,,69,Training,COMP-8cee7ef8867afd2d,False
Fixed_Composition_Grouped,2,5,,74,Training,COMP-f9a00d6d8411a0d1,False
Fixed_Composition_Grouped,2,5,,80,Training,COMP-a14831ff30c0b14d,False
Fixed_Composition_Grouped,2,5,,84,Training,COMP-a14831ff30c0b14d,False
Fixed_Composition_Grouped,2,5,,86,Training,COMP-ea2a626c3522e4a5,False
Fixed_Composition_Grouped,2,5,,87,Training,COMP-a14831ff30c0b14d,False
Fixed_Composition_Grouped,2,5,,88,Training,COMP-ea2a626c3522e4a5,False
Fixed_Composition_Grouped,2,5,,92,Training,COMP-ea2a626c3522e4a5,False
Fixed_Composition_Grouped,2,5,,94,Training,COMP-ea2a626c3522e4a5,False
Fixed_Composition_Grouped,2,5,,95,Training,COMP-ea2a626c3522e4a5,False
Fixed_Composition_Grouped,2,5,,96,Training,COMP-ea2a626c3522e4a5,False
Fixed_Composition_Grouped,2,5,,97,Training,COMP-a14831ff30c0b14d,False
Fixed_Composition_Grouped,2,5,,99,Training,COMP-ea2a626c3522e4a5,False
Fixed_Composition_Grouped,2,5,,100,Training,COMP-ea2a626c3522e4a5,False
Fixed_Composition_Grouped,2,5,,102,Training,COMP-435a8f4ba56d8b5d,False
Fixed_Composition_Grouped,2,5,,103,Training,COMP-435a8f4ba56d8b5d,False
Fixed_Composition_Grouped,2,5,,104,Training,COMP-435a8f4ba56d8b5d,False
Fixed_Composition_Grouped,2,5,,105,Training,COMP-435a8f4ba56d8b5d,False
Fixed_Composition_Grouped,2,5,,106,Training,COMP-435a8f4ba56d8b5d,False
Fixed_Composition_Grouped,2,5,,107,Training,COMP-384273ac244080b1,False
Fixed_Composition_Grouped,2,5,,110,Training,COMP-c1d72bb5d7d164b0,False
Fixed_Composition_Grouped,2,5,,111,Training,COMP-c1d72bb5d7d164b0,False
Fixed_Composition_Grouped,2,5,,112,Training,COMP-c1d72bb5d7d164b0,False
Fixed_Composition_Grouped,2,5,,114,Training,COMP-6360354242bed7fe,False
Fixed_Composition_Grouped,2,5,,115,Training,COMP-15c7378d46cadefa,False
Fixed_Composition_Grouped,2,5,,118,Training,COMP-8bbe9ce01fb6a2d3,False
Fixed_Composition_Grouped,2,5,,120,Training,COMP-8bbe9ce01fb6a2d3,False
Fixed_Composition_Grouped,2,5,,121,Training,COMP-b2e9edd7bc55d085,False
Fixed_Composition_Grouped,2,5,,122,Training,COMP-b2e9edd7bc55d085,False
Fixed_Composition_Grouped,2,5,,123,Training,COMP-0ee2ef468faff8db,False
Fixed_Composition_Grouped,2,5,,125,Training,COMP-0ee2ef468faff8db,False
Fixed_Composition_Grouped,2,5,,126,Training,COMP-5502f8bc72167a0b,False
Fixed_Composition_Grouped,2,5,,127,Training,COMP-5502f8bc72167a0b,False
Fixed_Composition_Grouped,2,5,,147,Training,COMP-055230aabe7d502c,False
Fixed_Composition_Grouped,2,5,,148,Training,COMP-150ce51691dfb5f9,False
Fixed_Composition_Grouped,2,5,,150,Training,COMP-055230aabe7d502c,False
Fixed_Composition_Grouped,2,5,,152,Training,COMP-055230aabe7d502c,False
Fixed_Composition_Grouped,2,5,,154,Training,COMP-150ce51691dfb5f9,False
Fixed_Composition_Grouped,2,5,,156,Training,COMP-941f92def7f50542,False
Fixed_Composition_Grouped,2,5,,157,Training,COMP-ddfcf6030a718a0c,False
Fixed_Composition_Grouped,2,5,,159,Training,COMP-0346738121cb655e,False
Fixed_Composition_Grouped,2,5,,160,Training,COMP-0346738121cb655e,False
Fixed_Composition_Grouped,2,5,,161,Training,COMP-eacd4f126ab29a30,False
Fixed_Composition_Grouped,2,5,,162,Training,COMP-ddfcf6030a718a0c,False
Fixed_Composition_Grouped,2,5,,163,Training,COMP-b2e9edd7bc55d085,False
Fixed_Composition_Grouped,2,5,,164,Training,COMP-941f92def7f50542,False
Fixed_Composition_Grouped,2,5,,167,Training,COMP-eacd4f126ab29a30,False
Fixed_Composition_Grouped,2,5,,168,Training,COMP-92ed17371ff559b6,False
Fixed_Composition_Grouped,2,5,,169,Training,COMP-92ed17371ff559b6,False
Fixed_Composition_Grouped,2,5,,172,Training,COMP-92ed17371ff559b6,False
Fixed_Composition_Grouped,2,5,,173,Training,COMP-0d41a2cf75110ad6,False
Fixed_Composition_Grouped,2,5,,174,Training,COMP-a35a20d65351aafe,False
Fixed_Composition_Grouped,2,5,,175,Training,COMP-b72f6533b137a4f6,False
Fixed_Composition_Grouped,2,5,,178,Training,COMP-b9abc443805301b1,False
Fixed_Composition_Grouped,2,5,,181,Training,COMP-69c6ecd7284d3b47,False
Fixed_Composition_Grouped,2,5,,182,Training,COMP-630f3050f45faf36,False
Fixed_Composition_Grouped,2,5,,183,Training,COMP-630f3050f45faf36,False
Fixed_Composition_Grouped,2,5,,184,Training,COMP-0966c0019ec07f39,False
Fixed_Composition_Grouped,2,5,,186,Training,COMP-0966c0019ec07f39,False
Fixed_Composition_Grouped,2,5,,193,Training,COMP-889d7d6c6dbf5b76,False
Fixed_Composition_Grouped,2,5,,201,Training,COMP-05480af3b167ab05,False
Fixed_Composition_Grouped,2,5,,202,Training,COMP-598bc18a3ba07a9e,False
Fixed_Composition_Grouped,2,5,,207,Training,COMP-948abb1ebd270642,False
Fixed_Composition_Grouped,2,5,,211,Training,COMP-b775405901636085,False
Fixed_Composition_Grouped,2,5,,214,Training,COMP-35e38ea13dc05b9e,False
Fixed_Composition_Grouped,2,5,,215,Training,COMP-6b4f0394292930ba,False
Fixed_Composition_Grouped,2,5,,216,Training,COMP-4a76c05754ee1efa,False
Fixed_Composition_Grouped,2,5,,219,Training,COMP-eae7689b221fd7f8,False
Fixed_Composition_Grouped,2,5,,221,Training,COMP-20d1e620c817cb5a,False
Fixed_Composition_Grouped,2,5,,224,Training,COMP-93900d7c81c38cdd,False
Fixed_Composition_Grouped,2,5,,225,Training,COMP-289a02a6b94655b9,False
Fixed_Composition_Grouped,2,5,,226,Training,COMP-93900d7c81c38cdd,False
Fixed_Composition_Grouped,2,5,,228,Training,COMP-46e30c1bd5e987da,False
Fixed_Composition_Grouped,2,5,,229,Training,COMP-2753cd2e053c8c98,False
Fixed_Composition_Grouped,2,5,,230,Training,COMP-0107563adaed8d01,False
Fixed_Composition_Grouped,2,5,,231,Training,COMP-0e256dc7494452a7,False
Fixed_Composition_Grouped,2,5,,232,Training,COMP-0e256dc7494452a7,False
Fixed_Composition_Grouped,2,5,,233,Training,COMP-e60cc4ecffe6b7df,False
Fixed_Composition_Grouped,2,5,,235,Training,COMP-091a20b5a1dfb76f,False
Fixed_Composition_Grouped,2,5,,236,Training,COMP-44fea4804e888e0a,False
Fixed_Composition_Grouped,2,5,,237,Training,COMP-4ef2bcae5243588c,False
Fixed_Composition_Grouped,2,5,,238,Training,COMP-fc5c3e46d2655b62,False
Fixed_Composition_Grouped,2,5,,239,Training,COMP-0b765af90e5ebd4c,False
Fixed_Composition_Grouped,2,5,,240,Training,COMP-0b765af90e5ebd4c,False
Fixed_Composition_Grouped,2,5,,241,Training,COMP-631a18a4a6b20c0c,False
Fixed_Composition_Grouped,2,5,,242,Training,COMP-631a18a4a6b20c0c,False
Fixed_Composition_Grouped,2,5,,246,Training,COMP-1fc9679353325516,False
Fixed_Composition_Grouped,2,5,,251,Training,COMP-dd1e9c4c0f247912,False
Fixed_Composition_Grouped,2,5,,252,Training,COMP-725d39a40881dc4b,False
Fixed_Composition_Grouped,2,5,,253,Training,COMP-725d39a40881dc4b,False
Fixed_Composition_Grouped,2,5,,255,Training,COMP-95a56990f4bea8a9,False
Fixed_Composition_Grouped,2,5,,256,Training,COMP-95a56990f4bea8a9,False
Fixed_Composition_Grouped,2,5,,257,Training,COMP-95a56990f4bea8a9,False
Fixed_Composition_Grouped,2,5,,258,Training,COMP-95a56990f4bea8a9,False
Fixed_Composition_Grouped,2,5,,259,Training,COMP-95a56990f4bea8a9,False
Fixed_Composition_Grouped,2,5,,260,Training,COMP-95a56990f4bea8a9,False
Fixed_Composition_Grouped,2,5,,263,Training,COMP-95a56990f4bea8a9,False
Fixed_Composition_Grouped,2,5,,266,Training,COMP-95a56990f4bea8a9,False
Fixed_Composition_Grouped,2,5,,268,Training,COMP-95a56990f4bea8a9,False
Fixed_Composition_Grouped,2,5,,271,Training,COMP-95a56990f4bea8a9,False
Fixed_Composition_Grouped,2,5,,272,Training,COMP-95a56990f4bea8a9,False
Fixed_Composition_Grouped,2,5,,273,Training,COMP-95a56990f4bea8a9,False
Fixed_Composition_Grouped,2,5,,282,Training,COMP-95a56990f4bea8a9,False
Fixed_Composition_Grouped,2,5,,283,Training,COMP-95a56990f4bea8a9,False
Fixed_Composition_Grouped,2,5,,285,Training,COMP-95a56990f4bea8a9,False
Fixed_Composition_Grouped,2,5,,286,Training,COMP-478c9f483894c42c,False
Fixed_Composition_Grouped,2,5,,288,Training,COMP-478c9f483894c42c,False
Fixed_Composition_Grouped,2,5,,292,Training,COMP-478c9f483894c42c,False
Fixed_Composition_Grouped,2,5,,295,Training,COMP-478c9f483894c42c,False
Fixed_Composition_Grouped,2,5,,296,Training,COMP-478c9f483894c42c,False
Fixed_Composition_Grouped,2,5,,300,Training,COMP-478c9f483894c42c,False
Fixed_Composition_Grouped,2,5,,303,Training,COMP-478c9f483894c42c,False
Fixed_Composition_Grouped,2,5,,306,Training,COMP-478c9f483894c42c,False
Fixed_Composition_Grouped,2,5,,307,Training,COMP-478c9f483894c42c,False
Fixed_Composition_Grouped,2,5,,309,Training,COMP-478c9f483894c42c,False
Fixed_Composition_Grouped,2,5,,310,Training,COMP-478c9f483894c42c,False
Fixed_Composition_Grouped,2,5,,311,Training,COMP-478c9f483894c42c,False
Fixed_Composition_Grouped,2,5,,313,Training,COMP-478c9f483894c42c,False
Fixed_Composition_Grouped,2,5,,315,Training,COMP-478c9f483894c42c,False
Fixed_Composition_Grouped,2,5,,316,Training,COMP-478c9f483894c42c,False
Fixed_Composition_Grouped,2,5,,341,Training,COMP-221944a235b3f36b,False
Fixed_Composition_Grouped,2,5,,342,Training,COMP-221944a235b3f36b,False
Fixed_Composition_Grouped,2,5,,348,Training,COMP-30cef922979fb9fd,False
Fixed_Composition_Grouped,2,5,,349,Training,COMP-30cef922979fb9fd,False
Fixed_Composition_Grouped,2,5,,350,Training,COMP-30cef922979fb9fd,False
Fixed_Composition_Grouped,2,5,,351,Training,COMP-30cef922979fb9fd,False
Fixed_Composition_Grouped,2,5,,352,Training,COMP-30cef922979fb9fd,False
Fixed_Composition_Grouped,2,5,,354,Training,COMP-59f47d6774b9fdfb,False
Fixed_Composition_Grouped,2,5,,356,Training,COMP-59f47d6774b9fdfb,False
Fixed_Composition_Grouped,2,5,,358,Training,COMP-59f47d6774b9fdfb,False
Fixed_Composition_Grouped,2,5,,360,Training,COMP-0765adc8c505dd3b,False
Fixed_Composition_Grouped,2,5,,363,Training,COMP-0765adc8c505dd3b,False
Fixed_Composition_Grouped,2,5,,364,Training,COMP-0765adc8c505dd3b,False
Fixed_Composition_Grouped,2,5,,369,Training,COMP-6f2ca218fbd1923b,False
Fixed_Composition_Grouped,2,5,,371,Training,COMP-6f2ca218fbd1923b,False
Fixed_Composition_Grouped,2,5,,372,Training,COMP-6f2ca218fbd1923b,False
Fixed_Composition_Grouped,2,5,,375,Training,COMP-6f2ca218fbd1923b,False
Fixed_Composition_Grouped,2,5,,376,Training,COMP-6f2ca218fbd1923b,False
Fixed_Composition_Grouped,2,5,,378,Training,COMP-6f2ca218fbd1923b,False
Fixed_Composition_Grouped,2,5,,380,Training,COMP-6f2ca218fbd1923b,False
Fixed_Composition_Grouped,2,5,,381,Training,COMP-6f2ca218fbd1923b,False
Fixed_Composition_Grouped,2,5,,382,Training,COMP-6f2ca218fbd1923b,False
Fixed_Composition_Grouped,2,5,,384,Training,COMP-6f2ca218fbd1923b,False
Fixed_Composition_Grouped,2,5,,386,Training,COMP-6f2ca218fbd1923b,False
Fixed_Composition_Grouped,2,5,,387,Training,COMP-6f2ca218fbd1923b,False
Fixed_Composition_Grouped,2,5,,388,Training,COMP-6f2ca218fbd1923b,False
Fixed_Composition_Grouped,2,5,,389,Training,COMP-6f2ca218fbd1923b,False
Fixed_Composition_Grouped,2,5,,391,Training,COMP-6f2ca218fbd1923b,False
Fixed_Composition_Grouped,2,5,,393,Training,COMP-6f2ca218fbd1923b,False
Fixed_Composition_Grouped,2,5,,395,Training,COMP-6f2ca218fbd1923b,False
Fixed_Composition_Grouped,2,5,,399,Training,COMP-6f2ca218fbd1923b,False
Fixed_Composition_Grouped,2,5,,402,Training,COMP-6f2ca218fbd1923b,False
Fixed_Composition_Grouped,2,5,,404,Training,COMP-6f2ca218fbd1923b,False
Fixed_Composition_Grouped,2,5,,405,Training,COMP-6f2ca218fbd1923b,False
Fixed_Composition_Grouped,2,5,,406,Training,COMP-7fb1fecc93ced403,False
Fixed_Composition_Grouped,2,5,,408,Training,COMP-7fb1fecc93ced403,False
Fixed_Composition_Grouped,2,5,,413,Training,COMP-a85acb2f2da0216b,False
Fixed_Composition_Grouped,2,5,,414,Training,COMP-a85acb2f2da0216b,False
Fixed_Composition_Grouped,2,5,,415,Training,COMP-a85acb2f2da0216b,False
Fixed_Composition_Grouped,2,5,,418,Training,COMP-a85acb2f2da0216b,False
Fixed_Composition_Grouped,2,5,,421,Training,COMP-edeedccfd8f07e13,False
Fixed_Composition_Grouped,2,5,,422,Training,COMP-edeedccfd8f07e13,False
Fixed_Composition_Grouped,2,5,,424,Training,COMP-f9d9cbed014e8b80,False
Fixed_Composition_Grouped,2,5,,425,Training,COMP-f9d9cbed014e8b80,False
Fixed_Composition_Grouped,2,5,,427,Training,COMP-f9d9cbed014e8b80,False
Fixed_Composition_Grouped,2,5,,429,Training,COMP-f9d9cbed014e8b80,False
Fixed_Composition_Grouped,2,5,,431,Training,COMP-f9d9cbed014e8b80,False
Fixed_Composition_Grouped,2,5,,432,Training,COMP-f9d9cbed014e8b80,False
Fixed_Composition_Grouped,2,5,,434,Training,COMP-f9d9cbed014e8b80,False
Fixed_Composition_Grouped,2,5,,438,Training,COMP-f9d9cbed014e8b80,False
Fixed_Composition_Grouped,2,5,,440,Training,COMP-f9d9cbed014e8b80,False
Fixed_Composition_Grouped,2,5,,441,Training,COMP-f9d9cbed014e8b80,False
Fixed_Composition_Grouped,2,5,,444,Training,COMP-f9d9cbed014e8b80,False
Fixed_Composition_Grouped,2,5,,445,Training,COMP-f9d9cbed014e8b80,False
Fixed_Composition_Grouped,2,5,,448,Training,COMP-f9d9cbed014e8b80,False
Fixed_Composition_Grouped,2,5,,449,Training,COMP-f9d9cbed014e8b80,False
Fixed_Composition_Grouped,2,5,,450,Training,COMP-f9d9cbed014e8b80,False
Fixed_Composition_Grouped,2,5,,451,Training,COMP-f9d9cbed014e8b80,False
Fixed_Composition_Grouped,2,5,,26,Validation,COMP-7decbe1f0284bd78,False
Fixed_Composition_Grouped,2,5,,28,Validation,COMP-3632fb12e94bc35a,False
Fixed_Composition_Grouped,2,5,,35,Validation,COMP-a87a2533a652007c,False
Fixed_Composition_Grouped,2,5,,47,Validation,COMP-e295ac85ac1ada41,False
Fixed_Composition_Grouped,2,5,,51,Validation,COMP-dbc0864492ec7b98,False
Fixed_Composition_Grouped,2,5,,54,Validation,COMP-ea1f0dc96a173899,False
Fixed_Composition_Grouped,2,5,,65,Validation,COMP-7c0b488137fafb3b,False
Fixed_Composition_Grouped,2,5,,83,Validation,COMP-e913f917a7e36868,False
Fixed_Composition_Grouped,2,5,,85,Validation,COMP-e913f917a7e36868,False
Fixed_Composition_Grouped,2,5,,98,Validation,COMP-e913f917a7e36868,False
Fixed_Composition_Grouped,2,5,,130,Validation,COMP-89919c53d3149a2d,False
Fixed_Composition_Grouped,2,5,,133,Validation,COMP-89919c53d3149a2d,False
Fixed_Composition_Grouped,2,5,,134,Validation,COMP-89919c53d3149a2d,False
Fixed_Composition_Grouped,2,5,,135,Validation,COMP-89919c53d3149a2d,False
Fixed_Composition_Grouped,2,5,,138,Validation,COMP-89919c53d3149a2d,False
Fixed_Composition_Grouped,2,5,,139,Validation,COMP-89919c53d3149a2d,False
Fixed_Composition_Grouped,2,5,,141,Validation,COMP-89919c53d3149a2d,False
Fixed_Composition_Grouped,2,5,,142,Validation,COMP-89919c53d3149a2d,False
Fixed_Composition_Grouped,2,5,,143,Validation,COMP-89919c53d3149a2d,False
Fixed_Composition_Grouped,2,5,,144,Validation,COMP-89919c53d3149a2d,False
Fixed_Composition_Grouped,2,5,,145,Validation,COMP-89919c53d3149a2d,False
Fixed_Composition_Grouped,2,5,,146,Validation,COMP-266a388f7afdbe91,False
Fixed_Composition_Grouped,2,5,,149,Validation,COMP-266a388f7afdbe91,False
Fixed_Composition_Grouped,2,5,,176,Validation,COMP-5479c448b954c055,False
Fixed_Composition_Grouped,2,5,,177,Validation,COMP-5479c448b954c055,False
Fixed_Composition_Grouped,2,5,,187,Validation,COMP-a7670bf71188b1d6,False
Fixed_Composition_Grouped,2,5,,188,Validation,COMP-a7670bf71188b1d6,False
Fixed_Composition_Grouped,2,5,,194,Validation,COMP-445f55453794f59c,False
Fixed_Composition_Grouped,2,5,,197,Validation,COMP-880bd22028629a8e,False
Fixed_Composition_Grouped,2,5,,199,Validation,COMP-6525c735bb50fb1c,False
Fixed_Composition_Grouped,2,5,,200,Validation,COMP-b878df279a448475,False
Fixed_Composition_Grouped,2,5,,205,Validation,COMP-d8a14990923ce9f7,False
Fixed_Composition_Grouped,2,5,,210,Validation,COMP-d7494ade7e8dd694,False
Fixed_Composition_Grouped,2,5,,243,Validation,COMP-b0cc51380afea02b,False
Fixed_Composition_Grouped,2,5,,247,Validation,COMP-e295ac85ac1ada41,False
Fixed_Composition_Grouped,2,5,,249,Validation,COMP-e295ac85ac1ada41,False
Fixed_Composition_Grouped,2,5,,320,Validation,COMP-dbc0864492ec7b98,False
Fixed_Composition_Grouped,2,5,,321,Validation,COMP-dbc0864492ec7b98,False
Fixed_Composition_Grouped,2,5,,322,Validation,COMP-dbc0864492ec7b98,False
Fixed_Composition_Grouped,2,5,,323,Validation,COMP-dbc0864492ec7b98,False
Fixed_Composition_Grouped,2,5,,324,Validation,COMP-dbc0864492ec7b98,False
Fixed_Composition_Grouped,2,5,,325,Validation,COMP-dbc0864492ec7b98,False
Fixed_Composition_Grouped,2,5,,326,Validation,COMP-dbc0864492ec7b98,False
Fixed_Composition_Grouped,2,5,,327,Validation,COMP-dbc0864492ec7b98,False
Fixed_Composition_Grouped,2,5,,328,Validation,COMP-dbc0864492ec7b98,False
Fixed_Composition_Grouped,2,5,,331,Validation,COMP-dbc0864492ec7b98,False
Fixed_Composition_Grouped,2,5,,333,Validation,COMP-dbc0864492ec7b98,False
Fixed_Composition_Grouped,2,5,,334,Validation,COMP-dbc0864492ec7b98,False
Fixed_Composition_Grouped,2,5,,337,Validation,COMP-06072d2dd3b021af,False
Fixed_Composition_Grouped,2,5,,339,Validation,COMP-06072d2dd3b021af,False
Fixed_Composition_Grouped,2,5,,344,Validation,COMP-e1e52574fbb04f58,False
Fixed_Composition_Grouped,2,5,,345,Validation,COMP-e1e52574fbb04f58,False
Fixed_Composition_Grouped,2,5,,347,Validation,COMP-e1e52574fbb04f58,False
Fixed_Composition_Grouped,2,5,,365,Validation,COMP-e1e52574fbb04f58,False
Fixed_Composition_Grouped,3,1,,1,Training,COMP-27021c945dc6ef2d,False
Fixed_Composition_Grouped,3,1,,3,Training,COMP-725d39a40881dc4b,False
Fixed_Composition_Grouped,3,1,,4,Training,COMP-862c9c676a6f1012,False
Fixed_Composition_Grouped,3,1,,5,Training,COMP-8e1fe5f59d3c7565,False
Fixed_Composition_Grouped,3,1,,6,Training,COMP-27021c945dc6ef2d,False
Fixed_Composition_Grouped,3,1,,7,Training,COMP-725d39a40881dc4b,False
Fixed_Composition_Grouped,3,1,,8,Training,COMP-725d39a40881dc4b,False
Fixed_Composition_Grouped,3,1,,10,Training,COMP-725d39a40881dc4b,False
Fixed_Composition_Grouped,3,1,,12,Training,COMP-725d39a40881dc4b,False
Fixed_Composition_Grouped,3,1,,13,Training,COMP-27021c945dc6ef2d,False
Fixed_Composition_Grouped,3,1,,14,Training,COMP-609dfbaf681359b8,False
Fixed_Composition_Grouped,3,1,,23,Training,COMP-81f8a3600f73b006,False
Fixed_Composition_Grouped,3,1,,26,Training,COMP-7decbe1f0284bd78,False
Fixed_Composition_Grouped,3,1,,28,Training,COMP-3632fb12e94bc35a,False
Fixed_Composition_Grouped,3,1,,32,Training,COMP-81f8a3600f73b006,False
Fixed_Composition_Grouped,3,1,,35,Training,COMP-a87a2533a652007c,False
Fixed_Composition_Grouped,3,1,,36,Training,COMP-87a7ec252c82f56c,False
Fixed_Composition_Grouped,3,1,,40,Training,COMP-1af7d3f3b3b924e5,False
Fixed_Composition_Grouped,3,1,,41,Training,COMP-1af7d3f3b3b924e5,False
Fixed_Composition_Grouped,3,1,,43,Training,COMP-9b0e3106e10f71db,False
Fixed_Composition_Grouped,3,1,,44,Training,COMP-0d7ce00a50a6a24f,False
Fixed_Composition_Grouped,3,1,,47,Training,COMP-e295ac85ac1ada41,False
Fixed_Composition_Grouped,3,1,,48,Training,COMP-b611e8d56579c910,False
Fixed_Composition_Grouped,3,1,,49,Training,COMP-92ece298f11712f0,False
Fixed_Composition_Grouped,3,1,,51,Training,COMP-dbc0864492ec7b98,False
Fixed_Composition_Grouped,3,1,,52,Training,COMP-06f5d2a767a65349,False
Fixed_Composition_Grouped,3,1,,53,Training,COMP-06f5d2a767a65349,False
Fixed_Composition_Grouped,3,1,,54,Training,COMP-ea1f0dc96a173899,False
Fixed_Composition_Grouped,3,1,,60,Training,COMP-3f22c6642a7a1344,False
Fixed_Composition_Grouped,3,1,,61,Training,COMP-3f22c6642a7a1344,False
Fixed_Composition_Grouped,3,1,,64,Training,COMP-3157f0dc71f862ff,False
Fixed_Composition_Grouped,3,1,,65,Training,COMP-7c0b488137fafb3b,False
Fixed_Composition_Grouped,3,1,,66,Training,COMP-b8df58296dba2095,False
Fixed_Composition_Grouped,3,1,,67,Training,COMP-49d8e1edbf1c2fbd,False
Fixed_Composition_Grouped,3,1,,74,Training,COMP-f9a00d6d8411a0d1,False
Fixed_Composition_Grouped,3,1,,80,Training,COMP-a14831ff30c0b14d,False
Fixed_Composition_Grouped,3,1,,83,Training,COMP-e913f917a7e36868,False
Fixed_Composition_Grouped,3,1,,84,Training,COMP-a14831ff30c0b14d,False
Fixed_Composition_Grouped,3,1,,85,Training,COMP-e913f917a7e36868,False
Fixed_Composition_Grouped,3,1,,86,Training,COMP-ea2a626c3522e4a5,False
Fixed_Composition_Grouped,3,1,,87,Training,COMP-a14831ff30c0b14d,False
Fixed_Composition_Grouped,3,1,,88,Training,COMP-ea2a626c3522e4a5,False
Fixed_Composition_Grouped,3,1,,92,Training,COMP-ea2a626c3522e4a5,False
Fixed_Composition_Grouped,3,1,,94,Training,COMP-ea2a626c3522e4a5,False
Fixed_Composition_Grouped,3,1,,95,Training,COMP-ea2a626c3522e4a5,False
Fixed_Composition_Grouped,3,1,,96,Training,COMP-ea2a626c3522e4a5,False
Fixed_Composition_Grouped,3,1,,97,Training,COMP-a14831ff30c0b14d,False
Fixed_Composition_Grouped,3,1,,98,Training,COMP-e913f917a7e36868,False
Fixed_Composition_Grouped,3,1,,99,Training,COMP-ea2a626c3522e4a5,False
Fixed_Composition_Grouped,3,1,,100,Training,COMP-ea2a626c3522e4a5,False
Fixed_Composition_Grouped,3,1,,102,Training,COMP-435a8f4ba56d8b5d,False
Fixed_Composition_Grouped,3,1,,103,Training,COMP-435a8f4ba56d8b5d,False
Fixed_Composition_Grouped,3,1,,104,Training,COMP-435a8f4ba56d8b5d,False
Fixed_Composition_Grouped,3,1,,105,Training,COMP-435a8f4ba56d8b5d,False
Fixed_Composition_Grouped,3,1,,106,Training,COMP-435a8f4ba56d8b5d,False
Fixed_Composition_Grouped,3,1,,107,Training,COMP-384273ac244080b1,False
Fixed_Composition_Grouped,3,1,,110,Training,COMP-c1d72bb5d7d164b0,False
Fixed_Composition_Grouped,3,1,,111,Training,COMP-c1d72bb5d7d164b0,False
Fixed_Composition_Grouped,3,1,,112,Training,COMP-c1d72bb5d7d164b0,False
Fixed_Composition_Grouped,3,1,,114,Training,COMP-6360354242bed7fe,False
Fixed_Composition_Grouped,3,1,,126,Training,COMP-5502f8bc72167a0b,False
Fixed_Composition_Grouped,3,1,,127,Training,COMP-5502f8bc72167a0b,False
Fixed_Composition_Grouped,3,1,,130,Training,COMP-89919c53d3149a2d,False
Fixed_Composition_Grouped,3,1,,133,Training,COMP-89919c53d3149a2d,False
Fixed_Composition_Grouped,3,1,,134,Training,COMP-89919c53d3149a2d,False
Fixed_Composition_Grouped,3,1,,135,Training,COMP-89919c53d3149a2d,False
Fixed_Composition_Grouped,3,1,,138,Training,COMP-89919c53d3149a2d,False
Fixed_Composition_Grouped,3,1,,139,Training,COMP-89919c53d3149a2d,False
Fixed_Composition_Grouped,3,1,,141,Training,COMP-89919c53d3149a2d,False
Fixed_Composition_Grouped,3,1,,142,Training,COMP-89919c53d3149a2d,False
Fixed_Composition_Grouped,3,1,,143,Training,COMP-89919c53d3149a2d,False
Fixed_Composition_Grouped,3,1,,144,Training,COMP-89919c53d3149a2d,False
Fixed_Composition_Grouped,3,1,,145,Training,COMP-89919c53d3149a2d,False
Fixed_Composition_Grouped,3,1,,146,Training,COMP-266a388f7afdbe91,False
Fixed_Composition_Grouped,3,1,,147,Training,COMP-055230aabe7d502c,False
Fixed_Composition_Grouped,3,1,,148,Training,COMP-150ce51691dfb5f9,False
Fixed_Composition_Grouped,3,1,,149,Training,COMP-266a388f7afdbe91,False
Fixed_Composition_Grouped,3,1,,150,Training,COMP-055230aabe7d502c,False
Fixed_Composition_Grouped,3,1,,152,Training,COMP-055230aabe7d502c,False
Fixed_Composition_Grouped,3,1,,154,Training,COMP-150ce51691dfb5f9,False
Fixed_Composition_Grouped,3,1,,157,Training,COMP-ddfcf6030a718a0c,False
Fixed_Composition_Grouped,3,1,,159,Training,COMP-0346738121cb655e,False
Fixed_Composition_Grouped,3,1,,160,Training,COMP-0346738121cb655e,False
Fixed_Composition_Grouped,3,1,,161,Training,COMP-eacd4f126ab29a30,False
Fixed_Composition_Grouped,3,1,,162,Training,COMP-ddfcf6030a718a0c,False
Fixed_Composition_Grouped,3,1,,167,Training,COMP-eacd4f126ab29a30,False
Fixed_Composition_Grouped,3,1,,168,Training,COMP-92ed17371ff559b6,False
Fixed_Composition_Grouped,3,1,,169,Training,COMP-92ed17371ff559b6,False
Fixed_Composition_Grouped,3,1,,172,Training,COMP-92ed17371ff559b6,False
Fixed_Composition_Grouped,3,1,,173,Training,COMP-0d41a2cf75110ad6,False
Fixed_Composition_Grouped,3,1,,174,Training,COMP-a35a20d65351aafe,False
Fixed_Composition_Grouped,3,1,,175,Training,COMP-b72f6533b137a4f6,False
Fixed_Composition_Grouped,3,1,,178,Training,COMP-b9abc443805301b1,False
Fixed_Composition_Grouped,3,1,,181,Training,COMP-69c6ecd7284d3b47,False
Fixed_Composition_Grouped,3,1,,182,Training,COMP-630f3050f45faf36,False
Fixed_Composition_Grouped,3,1,,183,Training,COMP-630f3050f45faf36,False
Fixed_Composition_Grouped,3,1,,184,Training,COMP-0966c0019ec07f39,False
Fixed_Composition_Grouped,3,1,,186,Training,COMP-0966c0019ec07f39,False
Fixed_Composition_Grouped,3,1,,187,Training,COMP-a7670bf71188b1d6,False
Fixed_Composition_Grouped,3,1,,188,Training,COMP-a7670bf71188b1d6,False
Fixed_Composition_Grouped,3,1,,193,Training,COMP-889d7d6c6dbf5b76,False
Fixed_Composition_Grouped,3,1,,194,Training,COMP-445f55453794f59c,False
Fixed_Composition_Grouped,3,1,,197,Training,COMP-880bd22028629a8e,False
Fixed_Composition_Grouped,3,1,,199,Training,COMP-6525c735bb50fb1c,False
Fixed_Composition_Grouped,3,1,,200,Training,COMP-b878df279a448475,False
Fixed_Composition_Grouped,3,1,,201,Training,COMP-05480af3b167ab05,False
Fixed_Composition_Grouped,3,1,,202,Training,COMP-598bc18a3ba07a9e,False
Fixed_Composition_Grouped,3,1,,205,Training,COMP-d8a14990923ce9f7,False
Fixed_Composition_Grouped,3,1,,210,Training,COMP-d7494ade7e8dd694,False
Fixed_Composition_Grouped,3,1,,211,Training,COMP-b775405901636085,False
Fixed_Composition_Grouped,3,1,,214,Training,COMP-35e38ea13dc05b9e,False
Fixed_Composition_Grouped,3,1,,219,Training,COMP-eae7689b221fd7f8,False
Fixed_Composition_Grouped,3,1,,221,Training,COMP-20d1e620c817cb5a,False
Fixed_Composition_Grouped,3,1,,224,Training,COMP-93900d7c81c38cdd,False
Fixed_Composition_Grouped,3,1,,225,Training,COMP-289a02a6b94655b9,False
Fixed_Composition_Grouped,3,1,,226,Training,COMP-93900d7c81c38cdd,False
Fixed_Composition_Grouped,3,1,,228,Training,COMP-46e30c1bd5e987da,False
Fixed_Composition_Grouped,3,1,,229,Training,COMP-2753cd2e053c8c98,False
Fixed_Composition_Grouped,3,1,,230,Training,COMP-0107563adaed8d01,False
Fixed_Composition_Grouped,3,1,,231,Training,COMP-0e256dc7494452a7,False
Fixed_Composition_Grouped,3,1,,232,Training,COMP-0e256dc7494452a7,False
Fixed_Composition_Grouped,3,1,,233,Training,COMP-e60cc4ecffe6b7df,False
Fixed_Composition_Grouped,3,1,,236,Training,COMP-44fea4804e888e0a,False
Fixed_Composition_Grouped,3,1,,237,Training,COMP-4ef2bcae5243588c,False
Fixed_Composition_Grouped,3,1,,241,Training,COMP-631a18a4a6b20c0c,False
Fixed_Composition_Grouped,3,1,,242,Training,COMP-631a18a4a6b20c0c,False
Fixed_Composition_Grouped,3,1,,243,Training,COMP-b0cc51380afea02b,False
Fixed_Composition_Grouped,3,1,,246,Training,COMP-1fc9679353325516,False
Fixed_Composition_Grouped,3,1,,247,Training,COMP-e295ac85ac1ada41,False
Fixed_Composition_Grouped,3,1,,249,Training,COMP-e295ac85ac1ada41,False
Fixed_Composition_Grouped,3,1,,251,Training,COMP-dd1e9c4c0f247912,False
Fixed_Composition_Grouped,3,1,,252,Training,COMP-725d39a40881dc4b,False
Fixed_Composition_Grouped,3,1,,253,Training,COMP-725d39a40881dc4b,False
Fixed_Composition_Grouped,3,1,,255,Training,COMP-95a56990f4bea8a9,False
Fixed_Composition_Grouped,3,1,,256,Training,COMP-95a56990f4bea8a9,False
Fixed_Composition_Grouped,3,1,,257,Training,COMP-95a56990f4bea8a9,False
Fixed_Composition_Grouped,3,1,,258,Training,COMP-95a56990f4bea8a9,False
Fixed_Composition_Grouped,3,1,,259,Training,COMP-95a56990f4bea8a9,False
Fixed_Composition_Grouped,3,1,,260,Training,COMP-95a56990f4bea8a9,False
Fixed_Composition_Grouped,3,1,,263,Training,COMP-95a56990f4bea8a9,False
Fixed_Composition_Grouped,3,1,,266,Training,COMP-95a56990f4bea8a9,False
Fixed_Composition_Grouped,3,1,,268,Training,COMP-95a56990f4bea8a9,False
Fixed_Composition_Grouped,3,1,,271,Training,COMP-95a56990f4bea8a9,False
Fixed_Composition_Grouped,3,1,,272,Training,COMP-95a56990f4bea8a9,False
Fixed_Composition_Grouped,3,1,,273,Training,COMP-95a56990f4bea8a9,False
Fixed_Composition_Grouped,3,1,,282,Training,COMP-95a56990f4bea8a9,False
Fixed_Composition_Grouped,3,1,,283,Training,COMP-95a56990f4bea8a9,False
Fixed_Composition_Grouped,3,1,,285,Training,COMP-95a56990f4bea8a9,False
Fixed_Composition_Grouped,3,1,,286,Training,COMP-478c9f483894c42c,False
Fixed_Composition_Grouped,3,1,,288,Training,COMP-478c9f483894c42c,False
Fixed_Composition_Grouped,3,1,,292,Training,COMP-478c9f483894c42c,False
Fixed_Composition_Grouped,3,1,,295,Training,COMP-478c9f483894c42c,False
Fixed_Composition_Grouped,3,1,,296,Training,COMP-478c9f483894c42c,False
Fixed_Composition_Grouped,3,1,,300,Training,COMP-478c9f483894c42c,False
Fixed_Composition_Grouped,3,1,,303,Training,COMP-478c9f483894c42c,False
Fixed_Composition_Grouped,3,1,,306,Training,COMP-478c9f483894c42c,False
Fixed_Composition_Grouped,3,1,,307,Training,COMP-478c9f483894c42c,False
Fixed_Composition_Grouped,3,1,,309,Training,COMP-478c9f483894c42c,False
Fixed_Composition_Grouped,3,1,,310,Training,COMP-478c9f483894c42c,False
Fixed_Composition_Grouped,3,1,,311,Training,COMP-478c9f483894c42c,False
Fixed_Composition_Grouped,3,1,,313,Training,COMP-478c9f483894c42c,False
Fixed_Composition_Grouped,3,1,,315,Training,COMP-478c9f483894c42c,False
Fixed_Composition_Grouped,3,1,,316,Training,COMP-478c9f483894c42c,False
Fixed_Composition_Grouped,3,1,,320,Training,COMP-dbc0864492ec7b98,False
Fixed_Composition_Grouped,3,1,,321,Training,COMP-dbc0864492ec7b98,False
Fixed_Composition_Grouped,3,1,,322,Training,COMP-dbc0864492ec7b98,False
Fixed_Composition_Grouped,3,1,,323,Training,COMP-dbc0864492ec7b98,False
Fixed_Composition_Grouped,3,1,,324,Training,COMP-dbc0864492ec7b98,False
Fixed_Composition_Grouped,3,1,,325,Training,COMP-dbc0864492ec7b98,False
Fixed_Composition_Grouped,3,1,,326,Training,COMP-dbc0864492ec7b98,False
Fixed_Composition_Grouped,3,1,,327,Training,COMP-dbc0864492ec7b98,False
Fixed_Composition_Grouped,3,1,,328,Training,COMP-dbc0864492ec7b98,False
Fixed_Composition_Grouped,3,1,,331,Training,COMP-dbc0864492ec7b98,False
Fixed_Composition_Grouped,3,1,,333,Training,COMP-dbc0864492ec7b98,False
Fixed_Composition_Grouped,3,1,,334,Training,COMP-dbc0864492ec7b98,False
Fixed_Composition_Grouped,3,1,,337,Training,COMP-06072d2dd3b021af,False
Fixed_Composition_Grouped,3,1,,339,Training,COMP-06072d2dd3b021af,False
Fixed_Composition_Grouped,3,1,,341,Training,COMP-221944a235b3f36b,False
Fixed_Composition_Grouped,3,1,,342,Training,COMP-221944a235b3f36b,False
Fixed_Composition_Grouped,3,1,,344,Training,COMP-e1e52574fbb04f58,False
Fixed_Composition_Grouped,3,1,,345,Training,COMP-e1e52574fbb04f58,False
Fixed_Composition_Grouped,3,1,,347,Training,COMP-e1e52574fbb04f58,False
Fixed_Composition_Grouped,3,1,,348,Training,COMP-30cef922979fb9fd,False
Fixed_Composition_Grouped,3,1,,349,Training,COMP-30cef922979fb9fd,False
Fixed_Composition_Grouped,3,1,,350,Training,COMP-30cef922979fb9fd,False
Fixed_Composition_Grouped,3,1,,351,Training,COMP-30cef922979fb9fd,False
Fixed_Composition_Grouped,3,1,,352,Training,COMP-30cef922979fb9fd,False
Fixed_Composition_Grouped,3,1,,354,Training,COMP-59f47d6774b9fdfb,False
Fixed_Composition_Grouped,3,1,,356,Training,COMP-59f47d6774b9fdfb,False
Fixed_Composition_Grouped,3,1,,358,Training,COMP-59f47d6774b9fdfb,False
Fixed_Composition_Grouped,3,1,,360,Training,COMP-0765adc8c505dd3b,False
Fixed_Composition_Grouped,3,1,,363,Training,COMP-0765adc8c505dd3b,False
Fixed_Composition_Grouped,3,1,,364,Training,COMP-0765adc8c505dd3b,False
Fixed_Composition_Grouped,3,1,,365,Training,COMP-e1e52574fbb04f58,False
Fixed_Composition_Grouped,3,1,,413,Training,COMP-a85acb2f2da0216b,False
Fixed_Composition_Grouped,3,1,,414,Training,COMP-a85acb2f2da0216b,False
Fixed_Composition_Grouped,3,1,,415,Training,COMP-a85acb2f2da0216b,False
Fixed_Composition_Grouped,3,1,,418,Training,COMP-a85acb2f2da0216b,False
Fixed_Composition_Grouped,3,1,,421,Training,COMP-edeedccfd8f07e13,False
Fixed_Composition_Grouped,3,1,,422,Training,COMP-edeedccfd8f07e13,False
Fixed_Composition_Grouped,3,1,,424,Training,COMP-f9d9cbed014e8b80,False
Fixed_Composition_Grouped,3,1,,425,Training,COMP-f9d9cbed014e8b80,False
Fixed_Composition_Grouped,3,1,,427,Training,COMP-f9d9cbed014e8b80,False
Fixed_Composition_Grouped,3,1,,429,Training,COMP-f9d9cbed014e8b80,False
Fixed_Composition_Grouped,3,1,,431,Training,COMP-f9d9cbed014e8b80,False
Fixed_Composition_Grouped,3,1,,432,Training,COMP-f9d9cbed014e8b80,False
Fixed_Composition_Grouped,3,1,,434,Training,COMP-f9d9cbed014e8b80,False
Fixed_Composition_Grouped,3,1,,438,Training,COMP-f9d9cbed014e8b80,False
Fixed_Composition_Grouped,3,1,,440,Training,COMP-f9d9cbed014e8b80,False
Fixed_Composition_Grouped,3,1,,441,Training,COMP-f9d9cbed014e8b80,False
Fixed_Composition_Grouped,3,1,,444,Training,COMP-f9d9cbed014e8b80,False
Fixed_Composition_Grouped,3,1,,445,Training,COMP-f9d9cbed014e8b80,False
Fixed_Composition_Grouped,3,1,,448,Training,COMP-f9d9cbed014e8b80,False
Fixed_Composition_Grouped,3,1,,449,Training,COMP-f9d9cbed014e8b80,False
Fixed_Composition_Grouped,3,1,,450,Training,COMP-f9d9cbed014e8b80,False
Fixed_Composition_Grouped,3,1,,451,Training,COMP-f9d9cbed014e8b80,False
Fixed_Composition_Grouped,3,1,,17,Validation,COMP-773f99d6dc417f9e,False
Fixed_Composition_Grouped,3,1,,20,Validation,COMP-0b765af90e5ebd4c,False
Fixed_Composition_Grouped,3,1,,21,Validation,COMP-0b765af90e5ebd4c,False
Fixed_Composition_Grouped,3,1,,24,Validation,COMP-0b765af90e5ebd4c,False
Fixed_Composition_Grouped,3,1,,27,Validation,COMP-73d52e7a36d559a9,False
Fixed_Composition_Grouped,3,1,,29,Validation,COMP-773f99d6dc417f9e,False
Fixed_Composition_Grouped,3,1,,37,Validation,COMP-f6d84b53636ddfbe,False
Fixed_Composition_Grouped,3,1,,45,Validation,COMP-59ce4655e65cf94a,False
Fixed_Composition_Grouped,3,1,,62,Validation,COMP-21d126c9d34df073,False
Fixed_Composition_Grouped,3,1,,63,Validation,COMP-21d126c9d34df073,False
Fixed_Composition_Grouped,3,1,,68,Validation,COMP-21d126c9d34df073,False
Fixed_Composition_Grouped,3,1,,69,Validation,COMP-8cee7ef8867afd2d,False
Fixed_Composition_Grouped,3,1,,115,Validation,COMP-15c7378d46cadefa,False
Fixed_Composition_Grouped,3,1,,118,Validation,COMP-8bbe9ce01fb6a2d3,False
Fixed_Composition_Grouped,3,1,,120,Validation,COMP-8bbe9ce01fb6a2d3,False
Fixed_Composition_Grouped,3,1,,121,Validation,COMP-b2e9edd7bc55d085,False
Fixed_Composition_Grouped,3,1,,122,Validation,COMP-b2e9edd7bc55d085,False
Fixed_Composition_Grouped,3,1,,123,Validation,COMP-0ee2ef468faff8db,False
Fixed_Composition_Grouped,3,1,,125,Validation,COMP-0ee2ef468faff8db,False
Fixed_Composition_Grouped,3,1,,156,Validation,COMP-941f92def7f50542,False
Fixed_Composition_Grouped,3,1,,163,Validation,COMP-b2e9edd7bc55d085,False
Fixed_Composition_Grouped,3,1,,164,Validation,COMP-941f92def7f50542,False
Fixed_Composition_Grouped,3,1,,176,Validation,COMP-5479c448b954c055,False
Fixed_Composition_Grouped,3,1,,177,Validation,COMP-5479c448b954c055,False
Fixed_Composition_Grouped,3,1,,207,Validation,COMP-948abb1ebd270642,False
Fixed_Composition_Grouped,3,1,,215,Validation,COMP-6b4f0394292930ba,False
Fixed_Composition_Grouped,3,1,,216,Validation,COMP-4a76c05754ee1efa,False
Fixed_Composition_Grouped,3,1,,235,Validation,COMP-091a20b5a1dfb76f,False
Fixed_Composition_Grouped,3,1,,238,Validation,COMP-fc5c3e46d2655b62,False
Fixed_Composition_Grouped,3,1,,239,Validation,COMP-0b765af90e5ebd4c,False
Fixed_Composition_Grouped,3,1,,240,Validation,COMP-0b765af90e5ebd4c,False
Fixed_Composition_Grouped,3,1,,369,Validation,COMP-6f2ca218fbd1923b,False
Fixed_Composition_Grouped,3,1,,371,Validation,COMP-6f2ca218fbd1923b,False
Fixed_Composition_Grouped,3,1,,372,Validation,COMP-6f2ca218fbd1923b,False
Fixed_Composition_Grouped,3,1,,375,Validation,COMP-6f2ca218fbd1923b,False
Fixed_Composition_Grouped,3,1,,376,Validation,COMP-6f2ca218fbd1923b,False
Fixed_Composition_Grouped,3,1,,378,Validation,COMP-6f2ca218fbd1923b,False
Fixed_Composition_Grouped,3,1,,380,Validation,COMP-6f2ca218fbd1923b,False
Fixed_Composition_Grouped,3,1,,381,Validation,COMP-6f2ca218fbd1923b,False
Fixed_Composition_Grouped,3,1,,382,Validation,COMP-6f2ca218fbd1923b,False
Fixed_Composition_Grouped,3,1,,384,Validation,COMP-6f2ca218fbd1923b,False
Fixed_Composition_Grouped,3,1,,386,Validation,COMP-6f2ca218fbd1923b,False
Fixed_Composition_Grouped,3,1,,387,Validation,COMP-6f2ca218fbd1923b,False
Fixed_Composition_Grouped,3,1,,388,Validation,COMP-6f2ca218fbd1923b,False
Fixed_Composition_Grouped,3,1,,389,Validation,COMP-6f2ca218fbd1923b,False
Fixed_Composition_Grouped,3,1,,391,Validation,COMP-6f2ca218fbd1923b,False
Fixed_Composition_Grouped,3,1,,393,Validation,COMP-6f2ca218fbd1923b,False
Fixed_Composition_Grouped,3,1,,395,Validation,COMP-6f2ca218fbd1923b,False
Fixed_Composition_Grouped,3,1,,399,Validation,COMP-6f2ca218fbd1923b,False
Fixed_Composition_Grouped,3,1,,402,Validation,COMP-6f2ca218fbd1923b,False
Fixed_Composition_Grouped,3,1,,404,Validation,COMP-6f2ca218fbd1923b,False
Fixed_Composition_Grouped,3,1,,405,Validation,COMP-6f2ca218fbd1923b,False
Fixed_Composition_Grouped,3,1,,406,Validation,COMP-7fb1fecc93ced403,False
Fixed_Composition_Grouped,3,1,,408,Validation,COMP-7fb1fecc93ced403,False
Fixed_Composition_Grouped,3,2,,1,Training,COMP-27021c945dc6ef2d,False
Fixed_Composition_Grouped,3,2,,3,Training,COMP-725d39a40881dc4b,False
Fixed_Composition_Grouped,3,2,,5,Training,COMP-8e1fe5f59d3c7565,False
Fixed_Composition_Grouped,3,2,,6,Training,COMP-27021c945dc6ef2d,False
Fixed_Composition_Grouped,3,2,,7,Training,COMP-725d39a40881dc4b,False
Fixed_Composition_Grouped,3,2,,8,Training,COMP-725d39a40881dc4b,False
Fixed_Composition_Grouped,3,2,,10,Training,COMP-725d39a40881dc4b,False
Fixed_Composition_Grouped,3,2,,12,Training,COMP-725d39a40881dc4b,False
Fixed_Composition_Grouped,3,2,,13,Training,COMP-27021c945dc6ef2d,False
Fixed_Composition_Grouped,3,2,,17,Training,COMP-773f99d6dc417f9e,False
Fixed_Composition_Grouped,3,2,,20,Training,COMP-0b765af90e5ebd4c,False
Fixed_Composition_Grouped,3,2,,21,Training,COMP-0b765af90e5ebd4c,False
Fixed_Composition_Grouped,3,2,,23,Training,COMP-81f8a3600f73b006,False
Fixed_Composition_Grouped,3,2,,24,Training,COMP-0b765af90e5ebd4c,False
Fixed_Composition_Grouped,3,2,,27,Training,COMP-73d52e7a36d559a9,False
Fixed_Composition_Grouped,3,2,,28,Training,COMP-3632fb12e94bc35a,False
Fixed_Composition_Grouped,3,2,,29,Training,COMP-773f99d6dc417f9e,False
Fixed_Composition_Grouped,3,2,,32,Training,COMP-81f8a3600f73b006,False
Fixed_Composition_Grouped,3,2,,35,Training,COMP-a87a2533a652007c,False
Fixed_Composition_Grouped,3,2,,37,Training,COMP-f6d84b53636ddfbe,False
Fixed_Composition_Grouped,3,2,,40,Training,COMP-1af7d3f3b3b924e5,False
Fixed_Composition_Grouped,3,2,,41,Training,COMP-1af7d3f3b3b924e5,False
Fixed_Composition_Grouped,3,2,,43,Training,COMP-9b0e3106e10f71db,False
Fixed_Composition_Grouped,3,2,,45,Training,COMP-59ce4655e65cf94a,False
Fixed_Composition_Grouped,3,2,,47,Training,COMP-e295ac85ac1ada41,False
Fixed_Composition_Grouped,3,2,,49,Training,COMP-92ece298f11712f0,False
Fixed_Composition_Grouped,3,2,,51,Training,COMP-dbc0864492ec7b98,False
Fixed_Composition_Grouped,3,2,,62,Training,COMP-21d126c9d34df073,False
Fixed_Composition_Grouped,3,2,,63,Training,COMP-21d126c9d34df073,False
Fixed_Composition_Grouped,3,2,,64,Training,COMP-3157f0dc71f862ff,False
Fixed_Composition_Grouped,3,2,,66,Training,COMP-b8df58296dba2095,False
Fixed_Composition_Grouped,3,2,,67,Training,COMP-49d8e1edbf1c2fbd,False
Fixed_Composition_Grouped,3,2,,68,Training,COMP-21d126c9d34df073,False
Fixed_Composition_Grouped,3,2,,69,Training,COMP-8cee7ef8867afd2d,False
Fixed_Composition_Grouped,3,2,,74,Training,COMP-f9a00d6d8411a0d1,False
Fixed_Composition_Grouped,3,2,,80,Training,COMP-a14831ff30c0b14d,False
Fixed_Composition_Grouped,3,2,,84,Training,COMP-a14831ff30c0b14d,False
Fixed_Composition_Grouped,3,2,,86,Training,COMP-ea2a626c3522e4a5,False
Fixed_Composition_Grouped,3,2,,87,Training,COMP-a14831ff30c0b14d,False
Fixed_Composition_Grouped,3,2,,88,Training,COMP-ea2a626c3522e4a5,False
Fixed_Composition_Grouped,3,2,,92,Training,COMP-ea2a626c3522e4a5,False
Fixed_Composition_Grouped,3,2,,94,Training,COMP-ea2a626c3522e4a5,False
Fixed_Composition_Grouped,3,2,,95,Training,COMP-ea2a626c3522e4a5,False
Fixed_Composition_Grouped,3,2,,96,Training,COMP-ea2a626c3522e4a5,False
Fixed_Composition_Grouped,3,2,,97,Training,COMP-a14831ff30c0b14d,False
Fixed_Composition_Grouped,3,2,,99,Training,COMP-ea2a626c3522e4a5,False
Fixed_Composition_Grouped,3,2,,100,Training,COMP-ea2a626c3522e4a5,False
Fixed_Composition_Grouped,3,2,,107,Training,COMP-384273ac244080b1,False
Fixed_Composition_Grouped,3,2,,110,Training,COMP-c1d72bb5d7d164b0,False
Fixed_Composition_Grouped,3,2,,111,Training,COMP-c1d72bb5d7d164b0,False
Fixed_Composition_Grouped,3,2,,112,Training,COMP-c1d72bb5d7d164b0,False
Fixed_Composition_Grouped,3,2,,114,Training,COMP-6360354242bed7fe,False
Fixed_Composition_Grouped,3,2,,115,Training,COMP-15c7378d46cadefa,False
Fixed_Composition_Grouped,3,2,,118,Training,COMP-8bbe9ce01fb6a2d3,False
Fixed_Composition_Grouped,3,2,,120,Training,COMP-8bbe9ce01fb6a2d3,False
Fixed_Composition_Grouped,3,2,,121,Training,COMP-b2e9edd7bc55d085,False
Fixed_Composition_Grouped,3,2,,122,Training,COMP-b2e9edd7bc55d085,False
Fixed_Composition_Grouped,3,2,,123,Training,COMP-0ee2ef468faff8db,False
Fixed_Composition_Grouped,3,2,,125,Training,COMP-0ee2ef468faff8db,False
Fixed_Composition_Grouped,3,2,,126,Training,COMP-5502f8bc72167a0b,False
Fixed_Composition_Grouped,3,2,,127,Training,COMP-5502f8bc72167a0b,False
Fixed_Composition_Grouped,3,2,,130,Training,COMP-89919c53d3149a2d,False
Fixed_Composition_Grouped,3,2,,133,Training,COMP-89919c53d3149a2d,False
Fixed_Composition_Grouped,3,2,,134,Training,COMP-89919c53d3149a2d,False
Fixed_Composition_Grouped,3,2,,135,Training,COMP-89919c53d3149a2d,False
Fixed_Composition_Grouped,3,2,,138,Training,COMP-89919c53d3149a2d,False
Fixed_Composition_Grouped,3,2,,139,Training,COMP-89919c53d3149a2d,False
Fixed_Composition_Grouped,3,2,,141,Training,COMP-89919c53d3149a2d,False
Fixed_Composition_Grouped,3,2,,142,Training,COMP-89919c53d3149a2d,False
Fixed_Composition_Grouped,3,2,,143,Training,COMP-89919c53d3149a2d,False
Fixed_Composition_Grouped,3,2,,144,Training,COMP-89919c53d3149a2d,False
Fixed_Composition_Grouped,3,2,,145,Training,COMP-89919c53d3149a2d,False
Fixed_Composition_Grouped,3,2,,146,Training,COMP-266a388f7afdbe91,False
Fixed_Composition_Grouped,3,2,,147,Training,COMP-055230aabe7d502c,False
Fixed_Composition_Grouped,3,2,,148,Training,COMP-150ce51691dfb5f9,False
Fixed_Composition_Grouped,3,2,,149,Training,COMP-266a388f7afdbe91,False
Fixed_Composition_Grouped,3,2,,150,Training,COMP-055230aabe7d502c,False
Fixed_Composition_Grouped,3,2,,152,Training,COMP-055230aabe7d502c,False
Fixed_Composition_Grouped,3,2,,154,Training,COMP-150ce51691dfb5f9,False
Fixed_Composition_Grouped,3,2,,156,Training,COMP-941f92def7f50542,False
Fixed_Composition_Grouped,3,2,,157,Training,COMP-ddfcf6030a718a0c,False
Fixed_Composition_Grouped,3,2,,159,Training,COMP-0346738121cb655e,False
Fixed_Composition_Grouped,3,2,,160,Training,COMP-0346738121cb655e,False
Fixed_Composition_Grouped,3,2,,161,Training,COMP-eacd4f126ab29a30,False
Fixed_Composition_Grouped,3,2,,162,Training,COMP-ddfcf6030a718a0c,False
Fixed_Composition_Grouped,3,2,,163,Training,COMP-b2e9edd7bc55d085,False
Fixed_Composition_Grouped,3,2,,164,Training,COMP-941f92def7f50542,False
Fixed_Composition_Grouped,3,2,,167,Training,COMP-eacd4f126ab29a30,False
Fixed_Composition_Grouped,3,2,,168,Training,COMP-92ed17371ff559b6,False
Fixed_Composition_Grouped,3,2,,169,Training,COMP-92ed17371ff559b6,False
Fixed_Composition_Grouped,3,2,,172,Training,COMP-92ed17371ff559b6,False
Fixed_Composition_Grouped,3,2,,173,Training,COMP-0d41a2cf75110ad6,False
Fixed_Composition_Grouped,3,2,,176,Training,COMP-5479c448b954c055,False
Fixed_Composition_Grouped,3,2,,177,Training,COMP-5479c448b954c055,False
Fixed_Composition_Grouped,3,2,,178,Training,COMP-b9abc443805301b1,False
Fixed_Composition_Grouped,3,2,,181,Training,COMP-69c6ecd7284d3b47,False
Fixed_Composition_Grouped,3,2,,184,Training,COMP-0966c0019ec07f39,False
Fixed_Composition_Grouped,3,2,,186,Training,COMP-0966c0019ec07f39,False
Fixed_Composition_Grouped,3,2,,187,Training,COMP-a7670bf71188b1d6,False
Fixed_Composition_Grouped,3,2,,188,Training,COMP-a7670bf71188b1d6,False
Fixed_Composition_Grouped,3,2,,193,Training,COMP-889d7d6c6dbf5b76,False
Fixed_Composition_Grouped,3,2,,194,Training,COMP-445f55453794f59c,False
Fixed_Composition_Grouped,3,2,,197,Training,COMP-880bd22028629a8e,False
Fixed_Composition_Grouped,3,2,,199,Training,COMP-6525c735bb50fb1c,False
Fixed_Composition_Grouped,3,2,,201,Training,COMP-05480af3b167ab05,False
Fixed_Composition_Grouped,3,2,,202,Training,COMP-598bc18a3ba07a9e,False
Fixed_Composition_Grouped,3,2,,205,Training,COMP-d8a14990923ce9f7,False
Fixed_Composition_Grouped,3,2,,207,Training,COMP-948abb1ebd270642,False
Fixed_Composition_Grouped,3,2,,210,Training,COMP-d7494ade7e8dd694,False
Fixed_Composition_Grouped,3,2,,211,Training,COMP-b775405901636085,False
Fixed_Composition_Grouped,3,2,,214,Training,COMP-35e38ea13dc05b9e,False
Fixed_Composition_Grouped,3,2,,215,Training,COMP-6b4f0394292930ba,False
Fixed_Composition_Grouped,3,2,,216,Training,COMP-4a76c05754ee1efa,False
Fixed_Composition_Grouped,3,2,,219,Training,COMP-eae7689b221fd7f8,False
Fixed_Composition_Grouped,3,2,,221,Training,COMP-20d1e620c817cb5a,False
Fixed_Composition_Grouped,3,2,,225,Training,COMP-289a02a6b94655b9,False
Fixed_Composition_Grouped,3,2,,228,Training,COMP-46e30c1bd5e987da,False
Fixed_Composition_Grouped,3,2,,229,Training,COMP-2753cd2e053c8c98,False
Fixed_Composition_Grouped,3,2,,230,Training,COMP-0107563adaed8d01,False
Fixed_Composition_Grouped,3,2,,231,Training,COMP-0e256dc7494452a7,False
Fixed_Composition_Grouped,3,2,,232,Training,COMP-0e256dc7494452a7,False
Fixed_Composition_Grouped,3,2,,233,Training,COMP-e60cc4ecffe6b7df,False
Fixed_Composition_Grouped,3,2,,235,Training,COMP-091a20b5a1dfb76f,False
Fixed_Composition_Grouped,3,2,,237,Training,COMP-4ef2bcae5243588c,False
Fixed_Composition_Grouped,3,2,,238,Training,COMP-fc5c3e46d2655b62,False
Fixed_Composition_Grouped,3,2,,239,Training,COMP-0b765af90e5ebd4c,False
Fixed_Composition_Grouped,3,2,,240,Training,COMP-0b765af90e5ebd4c,False
Fixed_Composition_Grouped,3,2,,241,Training,COMP-631a18a4a6b20c0c,False
Fixed_Composition_Grouped,3,2,,242,Training,COMP-631a18a4a6b20c0c,False
Fixed_Composition_Grouped,3,2,,243,Training,COMP-b0cc51380afea02b,False
Fixed_Composition_Grouped,3,2,,246,Training,COMP-1fc9679353325516,False
Fixed_Composition_Grouped,3,2,,247,Training,COMP-e295ac85ac1ada41,False
Fixed_Composition_Grouped,3,2,,249,Training,COMP-e295ac85ac1ada41,False
Fixed_Composition_Grouped,3,2,,251,Training,COMP-dd1e9c4c0f247912,False
Fixed_Composition_Grouped,3,2,,252,Training,COMP-725d39a40881dc4b,False
Fixed_Composition_Grouped,3,2,,253,Training,COMP-725d39a40881dc4b,False
Fixed_Composition_Grouped,3,2,,255,Training,COMP-95a56990f4bea8a9,False
Fixed_Composition_Grouped,3,2,,256,Training,COMP-95a56990f4bea8a9,False
Fixed_Composition_Grouped,3,2,,257,Training,COMP-95a56990f4bea8a9,False
Fixed_Composition_Grouped,3,2,,258,Training,COMP-95a56990f4bea8a9,False
Fixed_Composition_Grouped,3,2,,259,Training,COMP-95a56990f4bea8a9,False
Fixed_Composition_Grouped,3,2,,260,Training,COMP-95a56990f4bea8a9,False
Fixed_Composition_Grouped,3,2,,263,Training,COMP-95a56990f4bea8a9,False
Fixed_Composition_Grouped,3,2,,266,Training,COMP-95a56990f4bea8a9,False
Fixed_Composition_Grouped,3,2,,268,Training,COMP-95a56990f4bea8a9,False
Fixed_Composition_Grouped,3,2,,271,Training,COMP-95a56990f4bea8a9,False
Fixed_Composition_Grouped,3,2,,272,Training,COMP-95a56990f4bea8a9,False
Fixed_Composition_Grouped,3,2,,273,Training,COMP-95a56990f4bea8a9,False
Fixed_Composition_Grouped,3,2,,282,Training,COMP-95a56990f4bea8a9,False
Fixed_Composition_Grouped,3,2,,283,Training,COMP-95a56990f4bea8a9,False
Fixed_Composition_Grouped,3,2,,285,Training,COMP-95a56990f4bea8a9,False
Fixed_Composition_Grouped,3,2,,286,Training,COMP-478c9f483894c42c,False
Fixed_Composition_Grouped,3,2,,288,Training,COMP-478c9f483894c42c,False
Fixed_Composition_Grouped,3,2,,292,Training,COMP-478c9f483894c42c,False
Fixed_Composition_Grouped,3,2,,295,Training,COMP-478c9f483894c42c,False
Fixed_Composition_Grouped,3,2,,296,Training,COMP-478c9f483894c42c,False
Fixed_Composition_Grouped,3,2,,300,Training,COMP-478c9f483894c42c,False
Fixed_Composition_Grouped,3,2,,303,Training,COMP-478c9f483894c42c,False
Fixed_Composition_Grouped,3,2,,306,Training,COMP-478c9f483894c42c,False
Fixed_Composition_Grouped,3,2,,307,Training,COMP-478c9f483894c42c,False
Fixed_Composition_Grouped,3,2,,309,Training,COMP-478c9f483894c42c,False
Fixed_Composition_Grouped,3,2,,310,Training,COMP-478c9f483894c42c,False
Fixed_Composition_Grouped,3,2,,311,Training,COMP-478c9f483894c42c,False
Fixed_Composition_Grouped,3,2,,313,Training,COMP-478c9f483894c42c,False
Fixed_Composition_Grouped,3,2,,315,Training,COMP-478c9f483894c42c,False
Fixed_Composition_Grouped,3,2,,316,Training,COMP-478c9f483894c42c,False
Fixed_Composition_Grouped,3,2,,320,Training,COMP-dbc0864492ec7b98,False
Fixed_Composition_Grouped,3,2,,321,Training,COMP-dbc0864492ec7b98,False
Fixed_Composition_Grouped,3,2,,322,Training,COMP-dbc0864492ec7b98,False
Fixed_Composition_Grouped,3,2,,323,Training,COMP-dbc0864492ec7b98,False
Fixed_Composition_Grouped,3,2,,324,Training,COMP-dbc0864492ec7b98,False
Fixed_Composition_Grouped,3,2,,325,Training,COMP-dbc0864492ec7b98,False
Fixed_Composition_Grouped,3,2,,326,Training,COMP-dbc0864492ec7b98,False
Fixed_Composition_Grouped,3,2,,327,Training,COMP-dbc0864492ec7b98,False
Fixed_Composition_Grouped,3,2,,328,Training,COMP-dbc0864492ec7b98,False
Fixed_Composition_Grouped,3,2,,331,Training,COMP-dbc0864492ec7b98,False
Fixed_Composition_Grouped,3,2,,333,Training,COMP-dbc0864492ec7b98,False
Fixed_Composition_Grouped,3,2,,334,Training,COMP-dbc0864492ec7b98,False
Fixed_Composition_Grouped,3,2,,337,Training,COMP-06072d2dd3b021af,False
Fixed_Composition_Grouped,3,2,,339,Training,COMP-06072d2dd3b021af,False
Fixed_Composition_Grouped,3,2,,341,Training,COMP-221944a235b3f36b,False
Fixed_Composition_Grouped,3,2,,342,Training,COMP-221944a235b3f36b,False
Fixed_Composition_Grouped,3,2,,344,Training,COMP-e1e52574fbb04f58,False
Fixed_Composition_Grouped,3,2,,345,Training,COMP-e1e52574fbb04f58,False
Fixed_Composition_Grouped,3,2,,347,Training,COMP-e1e52574fbb04f58,False
Fixed_Composition_Grouped,3,2,,354,Training,COMP-59f47d6774b9fdfb,False
Fixed_Composition_Grouped,3,2,,356,Training,COMP-59f47d6774b9fdfb,False
Fixed_Composition_Grouped,3,2,,358,Training,COMP-59f47d6774b9fdfb,False
Fixed_Composition_Grouped,3,2,,365,Training,COMP-e1e52574fbb04f58,False
Fixed_Composition_Grouped,3,2,,369,Training,COMP-6f2ca218fbd1923b,False
Fixed_Composition_Grouped,3,2,,371,Training,COMP-6f2ca218fbd1923b,False
Fixed_Composition_Grouped,3,2,,372,Training,COMP-6f2ca218fbd1923b,False
Fixed_Composition_Grouped,3,2,,375,Training,COMP-6f2ca218fbd1923b,False
Fixed_Composition_Grouped,3,2,,376,Training,COMP-6f2ca218fbd1923b,False
Fixed_Composition_Grouped,3,2,,378,Training,COMP-6f2ca218fbd1923b,False
Fixed_Composition_Grouped,3,2,,380,Training,COMP-6f2ca218fbd1923b,False
Fixed_Composition_Grouped,3,2,,381,Training,COMP-6f2ca218fbd1923b,False
Fixed_Composition_Grouped,3,2,,382,Training,COMP-6f2ca218fbd1923b,False
Fixed_Composition_Grouped,3,2,,384,Training,COMP-6f2ca218fbd1923b,False
Fixed_Composition_Grouped,3,2,,386,Training,COMP-6f2ca218fbd1923b,False
Fixed_Composition_Grouped,3,2,,387,Training,COMP-6f2ca218fbd1923b,False
Fixed_Composition_Grouped,3,2,,388,Training,COMP-6f2ca218fbd1923b,False
Fixed_Composition_Grouped,3,2,,389,Training,COMP-6f2ca218fbd1923b,False
Fixed_Composition_Grouped,3,2,,391,Training,COMP-6f2ca218fbd1923b,False
Fixed_Composition_Grouped,3,2,,393,Training,COMP-6f2ca218fbd1923b,False
Fixed_Composition_Grouped,3,2,,395,Training,COMP-6f2ca218fbd1923b,False
Fixed_Composition_Grouped,3,2,,399,Training,COMP-6f2ca218fbd1923b,False
Fixed_Composition_Grouped,3,2,,402,Training,COMP-6f2ca218fbd1923b,False
Fixed_Composition_Grouped,3,2,,404,Training,COMP-6f2ca218fbd1923b,False
Fixed_Composition_Grouped,3,2,,405,Training,COMP-6f2ca218fbd1923b,False
Fixed_Composition_Grouped,3,2,,406,Training,COMP-7fb1fecc93ced403,False
Fixed_Composition_Grouped,3,2,,408,Training,COMP-7fb1fecc93ced403,False
Fixed_Composition_Grouped,3,2,,413,Training,COMP-a85acb2f2da0216b,False
Fixed_Composition_Grouped,3,2,,414,Training,COMP-a85acb2f2da0216b,False
Fixed_Composition_Grouped,3,2,,415,Training,COMP-a85acb2f2da0216b,False
Fixed_Composition_Grouped,3,2,,418,Training,COMP-a85acb2f2da0216b,False
Fixed_Composition_Grouped,3,2,,4,Validation,COMP-862c9c676a6f1012,False
Fixed_Composition_Grouped,3,2,,14,Validation,COMP-609dfbaf681359b8,False
Fixed_Composition_Grouped,3,2,,26,Validation,COMP-7decbe1f0284bd78,False
Fixed_Composition_Grouped,3,2,,36,Validation,COMP-87a7ec252c82f56c,False
Fixed_Composition_Grouped,3,2,,44,Validation,COMP-0d7ce00a50a6a24f,False
Fixed_Composition_Grouped,3,2,,48,Validation,COMP-b611e8d56579c910,False
Fixed_Composition_Grouped,3,2,,52,Validation,COMP-06f5d2a767a65349,False
Fixed_Composition_Grouped,3,2,,53,Validation,COMP-06f5d2a767a65349,False
Fixed_Composition_Grouped,3,2,,54,Validation,COMP-ea1f0dc96a173899,False
Fixed_Composition_Grouped,3,2,,60,Validation,COMP-3f22c6642a7a1344,False
Fixed_Composition_Grouped,3,2,,61,Validation,COMP-3f22c6642a7a1344,False
Fixed_Composition_Grouped,3,2,,65,Validation,COMP-7c0b488137fafb3b,False
Fixed_Composition_Grouped,3,2,,83,Validation,COMP-e913f917a7e36868,False
Fixed_Composition_Grouped,3,2,,85,Validation,COMP-e913f917a7e36868,False
Fixed_Composition_Grouped,3,2,,98,Validation,COMP-e913f917a7e36868,False
Fixed_Composition_Grouped,3,2,,102,Validation,COMP-435a8f4ba56d8b5d,False
Fixed_Composition_Grouped,3,2,,103,Validation,COMP-435a8f4ba56d8b5d,False
Fixed_Composition_Grouped,3,2,,104,Validation,COMP-435a8f4ba56d8b5d,False
Fixed_Composition_Grouped,3,2,,105,Validation,COMP-435a8f4ba56d8b5d,False
Fixed_Composition_Grouped,3,2,,106,Validation,COMP-435a8f4ba56d8b5d,False
Fixed_Composition_Grouped,3,2,,174,Validation,COMP-a35a20d65351aafe,False
Fixed_Composition_Grouped,3,2,,175,Validation,COMP-b72f6533b137a4f6,False
Fixed_Composition_Grouped,3,2,,182,Validation,COMP-630f3050f45faf36,False
Fixed_Composition_Grouped,3,2,,183,Validation,COMP-630f3050f45faf36,False
Fixed_Composition_Grouped,3,2,,200,Validation,COMP-b878df279a448475,False
Fixed_Composition_Grouped,3,2,,224,Validation,COMP-93900d7c81c38cdd,False
Fixed_Composition_Grouped,3,2,,226,Validation,COMP-93900d7c81c38cdd,False
Fixed_Composition_Grouped,3,2,,236,Validation,COMP-44fea4804e888e0a,False
Fixed_Composition_Grouped,3,2,,348,Validation,COMP-30cef922979fb9fd,False
Fixed_Composition_Grouped,3,2,,349,Validation,COMP-30cef922979fb9fd,False
Fixed_Composition_Grouped,3,2,,350,Validation,COMP-30cef922979fb9fd,False
Fixed_Composition_Grouped,3,2,,351,Validation,COMP-30cef922979fb9fd,False
Fixed_Composition_Grouped,3,2,,352,Validation,COMP-30cef922979fb9fd,False
Fixed_Composition_Grouped,3,2,,360,Validation,COMP-0765adc8c505dd3b,False
Fixed_Composition_Grouped,3,2,,363,Validation,COMP-0765adc8c505dd3b,False
Fixed_Composition_Grouped,3,2,,364,Validation,COMP-0765adc8c505dd3b,False
Fixed_Composition_Grouped,3,2,,421,Validation,COMP-edeedccfd8f07e13,False
Fixed_Composition_Grouped,3,2,,422,Validation,COMP-edeedccfd8f07e13,False
Fixed_Composition_Grouped,3,2,,424,Validation,COMP-f9d9cbed014e8b80,False
Fixed_Composition_Grouped,3,2,,425,Validation,COMP-f9d9cbed014e8b80,False
Fixed_Composition_Grouped,3,2,,427,Validation,COMP-f9d9cbed014e8b80,False
Fixed_Composition_Grouped,3,2,,429,Validation,COMP-f9d9cbed014e8b80,False
Fixed_Composition_Grouped,3,2,,431,Validation,COMP-f9d9cbed014e8b80,False
Fixed_Composition_Grouped,3,2,,432,Validation,COMP-f9d9cbed014e8b80,False
Fixed_Composition_Grouped,3,2,,434,Validation,COMP-f9d9cbed014e8b80,False
Fixed_Composition_Grouped,3,2,,438,Validation,COMP-f9d9cbed014e8b80,False
Fixed_Composition_Grouped,3,2,,440,Validation,COMP-f9d9cbed014e8b80,False
Fixed_Composition_Grouped,3,2,,441,Validation,COMP-f9d9cbed014e8b80,False
Fixed_Composition_Grouped,3,2,,444,Validation,COMP-f9d9cbed014e8b80,False
Fixed_Composition_Grouped,3,2,,445,Validation,COMP-f9d9cbed014e8b80,False
Fixed_Composition_Grouped,3,2,,448,Validation,COMP-f9d9cbed014e8b80,False
Fixed_Composition_Grouped,3,2,,449,Validation,COMP-f9d9cbed014e8b80,False
Fixed_Composition_Grouped,3,2,,450,Validation,COMP-f9d9cbed014e8b80,False
Fixed_Composition_Grouped,3,2,,451,Validation,COMP-f9d9cbed014e8b80,False
Fixed_Composition_Grouped,3,3,,1,Training,COMP-27021c945dc6ef2d,False
Fixed_Composition_Grouped,3,3,,3,Training,COMP-725d39a40881dc4b,False
Fixed_Composition_Grouped,3,3,,4,Training,COMP-862c9c676a6f1012,False
Fixed_Composition_Grouped,3,3,,6,Training,COMP-27021c945dc6ef2d,False
Fixed_Composition_Grouped,3,3,,7,Training,COMP-725d39a40881dc4b,False
Fixed_Composition_Grouped,3,3,,8,Training,COMP-725d39a40881dc4b,False
Fixed_Composition_Grouped,3,3,,10,Training,COMP-725d39a40881dc4b,False
Fixed_Composition_Grouped,3,3,,12,Training,COMP-725d39a40881dc4b,False
Fixed_Composition_Grouped,3,3,,13,Training,COMP-27021c945dc6ef2d,False
Fixed_Composition_Grouped,3,3,,14,Training,COMP-609dfbaf681359b8,False
Fixed_Composition_Grouped,3,3,,17,Training,COMP-773f99d6dc417f9e,False
Fixed_Composition_Grouped,3,3,,20,Training,COMP-0b765af90e5ebd4c,False
Fixed_Composition_Grouped,3,3,,21,Training,COMP-0b765af90e5ebd4c,False
Fixed_Composition_Grouped,3,3,,23,Training,COMP-81f8a3600f73b006,False
Fixed_Composition_Grouped,3,3,,24,Training,COMP-0b765af90e5ebd4c,False
Fixed_Composition_Grouped,3,3,,26,Training,COMP-7decbe1f0284bd78,False
Fixed_Composition_Grouped,3,3,,27,Training,COMP-73d52e7a36d559a9,False
Fixed_Composition_Grouped,3,3,,29,Training,COMP-773f99d6dc417f9e,False
Fixed_Composition_Grouped,3,3,,32,Training,COMP-81f8a3600f73b006,False
Fixed_Composition_Grouped,3,3,,35,Training,COMP-a87a2533a652007c,False
Fixed_Composition_Grouped,3,3,,36,Training,COMP-87a7ec252c82f56c,False
Fixed_Composition_Grouped,3,3,,37,Training,COMP-f6d84b53636ddfbe,False
Fixed_Composition_Grouped,3,3,,40,Training,COMP-1af7d3f3b3b924e5,False
Fixed_Composition_Grouped,3,3,,41,Training,COMP-1af7d3f3b3b924e5,False
Fixed_Composition_Grouped,3,3,,43,Training,COMP-9b0e3106e10f71db,False
Fixed_Composition_Grouped,3,3,,44,Training,COMP-0d7ce00a50a6a24f,False
Fixed_Composition_Grouped,3,3,,45,Training,COMP-59ce4655e65cf94a,False
Fixed_Composition_Grouped,3,3,,48,Training,COMP-b611e8d56579c910,False
Fixed_Composition_Grouped,3,3,,51,Training,COMP-dbc0864492ec7b98,False
Fixed_Composition_Grouped,3,3,,52,Training,COMP-06f5d2a767a65349,False
Fixed_Composition_Grouped,3,3,,53,Training,COMP-06f5d2a767a65349,False
Fixed_Composition_Grouped,3,3,,54,Training,COMP-ea1f0dc96a173899,False
Fixed_Composition_Grouped,3,3,,60,Training,COMP-3f22c6642a7a1344,False
Fixed_Composition_Grouped,3,3,,61,Training,COMP-3f22c6642a7a1344,False
Fixed_Composition_Grouped,3,3,,62,Training,COMP-21d126c9d34df073,False
Fixed_Composition_Grouped,3,3,,63,Training,COMP-21d126c9d34df073,False
Fixed_Composition_Grouped,3,3,,64,Training,COMP-3157f0dc71f862ff,False
Fixed_Composition_Grouped,3,3,,65,Training,COMP-7c0b488137fafb3b,False
Fixed_Composition_Grouped,3,3,,66,Training,COMP-b8df58296dba2095,False
Fixed_Composition_Grouped,3,3,,68,Training,COMP-21d126c9d34df073,False
Fixed_Composition_Grouped,3,3,,69,Training,COMP-8cee7ef8867afd2d,False
Fixed_Composition_Grouped,3,3,,80,Training,COMP-a14831ff30c0b14d,False
Fixed_Composition_Grouped,3,3,,83,Training,COMP-e913f917a7e36868,False
Fixed_Composition_Grouped,3,3,,84,Training,COMP-a14831ff30c0b14d,False
Fixed_Composition_Grouped,3,3,,85,Training,COMP-e913f917a7e36868,False
Fixed_Composition_Grouped,3,3,,87,Training,COMP-a14831ff30c0b14d,False
Fixed_Composition_Grouped,3,3,,97,Training,COMP-a14831ff30c0b14d,False
Fixed_Composition_Grouped,3,3,,98,Training,COMP-e913f917a7e36868,False
Fixed_Composition_Grouped,3,3,,102,Training,COMP-435a8f4ba56d8b5d,False
Fixed_Composition_Grouped,3,3,,103,Training,COMP-435a8f4ba56d8b5d,False
Fixed_Composition_Grouped,3,3,,104,Training,COMP-435a8f4ba56d8b5d,False
Fixed_Composition_Grouped,3,3,,105,Training,COMP-435a8f4ba56d8b5d,False
Fixed_Composition_Grouped,3,3,,106,Training,COMP-435a8f4ba56d8b5d,False
Fixed_Composition_Grouped,3,3,,107,Training,COMP-384273ac244080b1,False
Fixed_Composition_Grouped,3,3,,110,Training,COMP-c1d72bb5d7d164b0,False
Fixed_Composition_Grouped,3,3,,111,Training,COMP-c1d72bb5d7d164b0,False
Fixed_Composition_Grouped,3,3,,112,Training,COMP-c1d72bb5d7d164b0,False
Fixed_Composition_Grouped,3,3,,114,Training,COMP-6360354242bed7fe,False
Fixed_Composition_Grouped,3,3,,115,Training,COMP-15c7378d46cadefa,False
Fixed_Composition_Grouped,3,3,,118,Training,COMP-8bbe9ce01fb6a2d3,False
Fixed_Composition_Grouped,3,3,,120,Training,COMP-8bbe9ce01fb6a2d3,False
Fixed_Composition_Grouped,3,3,,121,Training,COMP-b2e9edd7bc55d085,False
Fixed_Composition_Grouped,3,3,,122,Training,COMP-b2e9edd7bc55d085,False
Fixed_Composition_Grouped,3,3,,123,Training,COMP-0ee2ef468faff8db,False
Fixed_Composition_Grouped,3,3,,125,Training,COMP-0ee2ef468faff8db,False
Fixed_Composition_Grouped,3,3,,130,Training,COMP-89919c53d3149a2d,False
Fixed_Composition_Grouped,3,3,,133,Training,COMP-89919c53d3149a2d,False
Fixed_Composition_Grouped,3,3,,134,Training,COMP-89919c53d3149a2d,False
Fixed_Composition_Grouped,3,3,,135,Training,COMP-89919c53d3149a2d,False
Fixed_Composition_Grouped,3,3,,138,Training,COMP-89919c53d3149a2d,False
Fixed_Composition_Grouped,3,3,,139,Training,COMP-89919c53d3149a2d,False
Fixed_Composition_Grouped,3,3,,141,Training,COMP-89919c53d3149a2d,False
Fixed_Composition_Grouped,3,3,,142,Training,COMP-89919c53d3149a2d,False
Fixed_Composition_Grouped,3,3,,143,Training,COMP-89919c53d3149a2d,False
Fixed_Composition_Grouped,3,3,,144,Training,COMP-89919c53d3149a2d,False
Fixed_Composition_Grouped,3,3,,145,Training,COMP-89919c53d3149a2d,False
Fixed_Composition_Grouped,3,3,,146,Training,COMP-266a388f7afdbe91,False
Fixed_Composition_Grouped,3,3,,147,Training,COMP-055230aabe7d502c,False
Fixed_Composition_Grouped,3,3,,149,Training,COMP-266a388f7afdbe91,False
Fixed_Composition_Grouped,3,3,,150,Training,COMP-055230aabe7d502c,False
Fixed_Composition_Grouped,3,3,,152,Training,COMP-055230aabe7d502c,False
Fixed_Composition_Grouped,3,3,,156,Training,COMP-941f92def7f50542,False
Fixed_Composition_Grouped,3,3,,157,Training,COMP-ddfcf6030a718a0c,False
Fixed_Composition_Grouped,3,3,,159,Training,COMP-0346738121cb655e,False
Fixed_Composition_Grouped,3,3,,160,Training,COMP-0346738121cb655e,False
Fixed_Composition_Grouped,3,3,,161,Training,COMP-eacd4f126ab29a30,False
Fixed_Composition_Grouped,3,3,,162,Training,COMP-ddfcf6030a718a0c,False
Fixed_Composition_Grouped,3,3,,163,Training,COMP-b2e9edd7bc55d085,False
Fixed_Composition_Grouped,3,3,,164,Training,COMP-941f92def7f50542,False
Fixed_Composition_Grouped,3,3,,167,Training,COMP-eacd4f126ab29a30,False
Fixed_Composition_Grouped,3,3,,173,Training,COMP-0d41a2cf75110ad6,False
Fixed_Composition_Grouped,3,3,,174,Training,COMP-a35a20d65351aafe,False
Fixed_Composition_Grouped,3,3,,175,Training,COMP-b72f6533b137a4f6,False
Fixed_Composition_Grouped,3,3,,176,Training,COMP-5479c448b954c055,False
Fixed_Composition_Grouped,3,3,,177,Training,COMP-5479c448b954c055,False
Fixed_Composition_Grouped,3,3,,178,Training,COMP-b9abc443805301b1,False
Fixed_Composition_Grouped,3,3,,181,Training,COMP-69c6ecd7284d3b47,False
Fixed_Composition_Grouped,3,3,,182,Training,COMP-630f3050f45faf36,False
Fixed_Composition_Grouped,3,3,,183,Training,COMP-630f3050f45faf36,False
Fixed_Composition_Grouped,3,3,,184,Training,COMP-0966c0019ec07f39,False
Fixed_Composition_Grouped,3,3,,186,Training,COMP-0966c0019ec07f39,False
Fixed_Composition_Grouped,3,3,,193,Training,COMP-889d7d6c6dbf5b76,False
Fixed_Composition_Grouped,3,3,,194,Training,COMP-445f55453794f59c,False
Fixed_Composition_Grouped,3,3,,197,Training,COMP-880bd22028629a8e,False
Fixed_Composition_Grouped,3,3,,200,Training,COMP-b878df279a448475,False
Fixed_Composition_Grouped,3,3,,201,Training,COMP-05480af3b167ab05,False
Fixed_Composition_Grouped,3,3,,202,Training,COMP-598bc18a3ba07a9e,False
Fixed_Composition_Grouped,3,3,,205,Training,COMP-d8a14990923ce9f7,False
Fixed_Composition_Grouped,3,3,,207,Training,COMP-948abb1ebd270642,False
Fixed_Composition_Grouped,3,3,,214,Training,COMP-35e38ea13dc05b9e,False
Fixed_Composition_Grouped,3,3,,215,Training,COMP-6b4f0394292930ba,False
Fixed_Composition_Grouped,3,3,,216,Training,COMP-4a76c05754ee1efa,False
Fixed_Composition_Grouped,3,3,,219,Training,COMP-eae7689b221fd7f8,False
Fixed_Composition_Grouped,3,3,,221,Training,COMP-20d1e620c817cb5a,False
Fixed_Composition_Grouped,3,3,,224,Training,COMP-93900d7c81c38cdd,False
Fixed_Composition_Grouped,3,3,,225,Training,COMP-289a02a6b94655b9,False
Fixed_Composition_Grouped,3,3,,226,Training,COMP-93900d7c81c38cdd,False
Fixed_Composition_Grouped,3,3,,228,Training,COMP-46e30c1bd5e987da,False
Fixed_Composition_Grouped,3,3,,229,Training,COMP-2753cd2e053c8c98,False
Fixed_Composition_Grouped,3,3,,230,Training,COMP-0107563adaed8d01,False
Fixed_Composition_Grouped,3,3,,231,Training,COMP-0e256dc7494452a7,False
Fixed_Composition_Grouped,3,3,,232,Training,COMP-0e256dc7494452a7,False
Fixed_Composition_Grouped,3,3,,233,Training,COMP-e60cc4ecffe6b7df,False
Fixed_Composition_Grouped,3,3,,235,Training,COMP-091a20b5a1dfb76f,False
Fixed_Composition_Grouped,3,3,,236,Training,COMP-44fea4804e888e0a,False
Fixed_Composition_Grouped,3,3,,237,Training,COMP-4ef2bcae5243588c,False
Fixed_Composition_Grouped,3,3,,238,Training,COMP-fc5c3e46d2655b62,False
Fixed_Composition_Grouped,3,3,,239,Training,COMP-0b765af90e5ebd4c,False
Fixed_Composition_Grouped,3,3,,240,Training,COMP-0b765af90e5ebd4c,False
Fixed_Composition_Grouped,3,3,,252,Training,COMP-725d39a40881dc4b,False
Fixed_Composition_Grouped,3,3,,253,Training,COMP-725d39a40881dc4b,False
Fixed_Composition_Grouped,3,3,,286,Training,COMP-478c9f483894c42c,False
Fixed_Composition_Grouped,3,3,,288,Training,COMP-478c9f483894c42c,False
Fixed_Composition_Grouped,3,3,,292,Training,COMP-478c9f483894c42c,False
Fixed_Composition_Grouped,3,3,,295,Training,COMP-478c9f483894c42c,False
Fixed_Composition_Grouped,3,3,,296,Training,COMP-478c9f483894c42c,False
Fixed_Composition_Grouped,3,3,,300,Training,COMP-478c9f483894c42c,False
Fixed_Composition_Grouped,3,3,,303,Training,COMP-478c9f483894c42c,False
Fixed_Composition_Grouped,3,3,,306,Training,COMP-478c9f483894c42c,False
Fixed_Composition_Grouped,3,3,,307,Training,COMP-478c9f483894c42c,False
Fixed_Composition_Grouped,3,3,,309,Training,COMP-478c9f483894c42c,False
Fixed_Composition_Grouped,3,3,,310,Training,COMP-478c9f483894c42c,False
Fixed_Composition_Grouped,3,3,,311,Training,COMP-478c9f483894c42c,False
Fixed_Composition_Grouped,3,3,,313,Training,COMP-478c9f483894c42c,False
Fixed_Composition_Grouped,3,3,,315,Training,COMP-478c9f483894c42c,False
Fixed_Composition_Grouped,3,3,,316,Training,COMP-478c9f483894c42c,False
Fixed_Composition_Grouped,3,3,,320,Training,COMP-dbc0864492ec7b98,False
Fixed_Composition_Grouped,3,3,,321,Training,COMP-dbc0864492ec7b98,False
Fixed_Composition_Grouped,3,3,,322,Training,COMP-dbc0864492ec7b98,False
Fixed_Composition_Grouped,3,3,,323,Training,COMP-dbc0864492ec7b98,False
Fixed_Composition_Grouped,3,3,,324,Training,COMP-dbc0864492ec7b98,False
Fixed_Composition_Grouped,3,3,,325,Training,COMP-dbc0864492ec7b98,False
Fixed_Composition_Grouped,3,3,,326,Training,COMP-dbc0864492ec7b98,False
Fixed_Composition_Grouped,3,3,,327,Training,COMP-dbc0864492ec7b98,False
Fixed_Composition_Grouped,3,3,,328,Training,COMP-dbc0864492ec7b98,False
Fixed_Composition_Grouped,3,3,,331,Training,COMP-dbc0864492ec7b98,False
Fixed_Composition_Grouped,3,3,,333,Training,COMP-dbc0864492ec7b98,False
Fixed_Composition_Grouped,3,3,,334,Training,COMP-dbc0864492ec7b98,False
Fixed_Composition_Grouped,3,3,,337,Training,COMP-06072d2dd3b021af,False
Fixed_Composition_Grouped,3,3,,339,Training,COMP-06072d2dd3b021af,False
Fixed_Composition_Grouped,3,3,,348,Training,COMP-30cef922979fb9fd,False
Fixed_Composition_Grouped,3,3,,349,Training,COMP-30cef922979fb9fd,False
Fixed_Composition_Grouped,3,3,,350,Training,COMP-30cef922979fb9fd,False
Fixed_Composition_Grouped,3,3,,351,Training,COMP-30cef922979fb9fd,False
Fixed_Composition_Grouped,3,3,,352,Training,COMP-30cef922979fb9fd,False
Fixed_Composition_Grouped,3,3,,354,Training,COMP-59f47d6774b9fdfb,False
Fixed_Composition_Grouped,3,3,,356,Training,COMP-59f47d6774b9fdfb,False
Fixed_Composition_Grouped,3,3,,358,Training,COMP-59f47d6774b9fdfb,False
Fixed_Composition_Grouped,3,3,,360,Training,COMP-0765adc8c505dd3b,False
Fixed_Composition_Grouped,3,3,,363,Training,COMP-0765adc8c505dd3b,False
Fixed_Composition_Grouped,3,3,,364,Training,COMP-0765adc8c505dd3b,False
Fixed_Composition_Grouped,3,3,,369,Training,COMP-6f2ca218fbd1923b,False
Fixed_Composition_Grouped,3,3,,371,Training,COMP-6f2ca218fbd1923b,False
Fixed_Composition_Grouped,3,3,,372,Training,COMP-6f2ca218fbd1923b,False
Fixed_Composition_Grouped,3,3,,375,Training,COMP-6f2ca218fbd1923b,False
Fixed_Composition_Grouped,3,3,,376,Training,COMP-6f2ca218fbd1923b,False
Fixed_Composition_Grouped,3,3,,378,Training,COMP-6f2ca218fbd1923b,False
Fixed_Composition_Grouped,3,3,,380,Training,COMP-6f2ca218fbd1923b,False
Fixed_Composition_Grouped,3,3,,381,Training,COMP-6f2ca218fbd1923b,False
Fixed_Composition_Grouped,3,3,,382,Training,COMP-6f2ca218fbd1923b,False
Fixed_Composition_Grouped,3,3,,384,Training,COMP-6f2ca218fbd1923b,False
Fixed_Composition_Grouped,3,3,,386,Training,COMP-6f2ca218fbd1923b,False
Fixed_Composition_Grouped,3,3,,387,Training,COMP-6f2ca218fbd1923b,False
Fixed_Composition_Grouped,3,3,,388,Training,COMP-6f2ca218fbd1923b,False
Fixed_Composition_Grouped,3,3,,389,Training,COMP-6f2ca218fbd1923b,False
Fixed_Composition_Grouped,3,3,,391,Training,COMP-6f2ca218fbd1923b,False
Fixed_Composition_Grouped,3,3,,393,Training,COMP-6f2ca218fbd1923b,False
Fixed_Composition_Grouped,3,3,,395,Training,COMP-6f2ca218fbd1923b,False
Fixed_Composition_Grouped,3,3,,399,Training,COMP-6f2ca218fbd1923b,False
Fixed_Composition_Grouped,3,3,,402,Training,COMP-6f2ca218fbd1923b,False
Fixed_Composition_Grouped,3,3,,404,Training,COMP-6f2ca218fbd1923b,False
Fixed_Composition_Grouped,3,3,,405,Training,COMP-6f2ca218fbd1923b,False
Fixed_Composition_Grouped,3,3,,406,Training,COMP-7fb1fecc93ced403,False
Fixed_Composition_Grouped,3,3,,408,Training,COMP-7fb1fecc93ced403,False
Fixed_Composition_Grouped,3,3,,413,Training,COMP-a85acb2f2da0216b,False
Fixed_Composition_Grouped,3,3,,414,Training,COMP-a85acb2f2da0216b,False
Fixed_Composition_Grouped,3,3,,415,Training,COMP-a85acb2f2da0216b,False
Fixed_Composition_Grouped,3,3,,418,Training,COMP-a85acb2f2da0216b,False
Fixed_Composition_Grouped,3,3,,421,Training,COMP-edeedccfd8f07e13,False
Fixed_Composition_Grouped,3,3,,422,Training,COMP-edeedccfd8f07e13,False
Fixed_Composition_Grouped,3,3,,424,Training,COMP-f9d9cbed014e8b80,False
Fixed_Composition_Grouped,3,3,,425,Training,COMP-f9d9cbed014e8b80,False
Fixed_Composition_Grouped,3,3,,427,Training,COMP-f9d9cbed014e8b80,False
Fixed_Composition_Grouped,3,3,,429,Training,COMP-f9d9cbed014e8b80,False
Fixed_Composition_Grouped,3,3,,431,Training,COMP-f9d9cbed014e8b80,False
Fixed_Composition_Grouped,3,3,,432,Training,COMP-f9d9cbed014e8b80,False
Fixed_Composition_Grouped,3,3,,434,Training,COMP-f9d9cbed014e8b80,False
Fixed_Composition_Grouped,3,3,,438,Training,COMP-f9d9cbed014e8b80,False
Fixed_Composition_Grouped,3,3,,440,Training,COMP-f9d9cbed014e8b80,False
Fixed_Composition_Grouped,3,3,,441,Training,COMP-f9d9cbed014e8b80,False
Fixed_Composition_Grouped,3,3,,444,Training,COMP-f9d9cbed014e8b80,False
Fixed_Composition_Grouped,3,3,,445,Training,COMP-f9d9cbed014e8b80,False
Fixed_Composition_Grouped,3,3,,448,Training,COMP-f9d9cbed014e8b80,False
Fixed_Composition_Grouped,3,3,,449,Training,COMP-f9d9cbed014e8b80,False
Fixed_Composition_Grouped,3,3,,450,Training,COMP-f9d9cbed014e8b80,False
Fixed_Composition_Grouped,3,3,,451,Training,COMP-f9d9cbed014e8b80,False
Fixed_Composition_Grouped,3,3,,5,Validation,COMP-8e1fe5f59d3c7565,False
Fixed_Composition_Grouped,3,3,,28,Validation,COMP-3632fb12e94bc35a,False
Fixed_Composition_Grouped,3,3,,47,Validation,COMP-e295ac85ac1ada41,False
Fixed_Composition_Grouped,3,3,,49,Validation,COMP-92ece298f11712f0,False
Fixed_Composition_Grouped,3,3,,67,Validation,COMP-49d8e1edbf1c2fbd,False
Fixed_Composition_Grouped,3,3,,74,Validation,COMP-f9a00d6d8411a0d1,False
Fixed_Composition_Grouped,3,3,,86,Validation,COMP-ea2a626c3522e4a5,False
Fixed_Composition_Grouped,3,3,,88,Validation,COMP-ea2a626c3522e4a5,False
Fixed_Composition_Grouped,3,3,,92,Validation,COMP-ea2a626c3522e4a5,False
Fixed_Composition_Grouped,3,3,,94,Validation,COMP-ea2a626c3522e4a5,False
Fixed_Composition_Grouped,3,3,,95,Validation,COMP-ea2a626c3522e4a5,False
Fixed_Composition_Grouped,3,3,,96,Validation,COMP-ea2a626c3522e4a5,False
Fixed_Composition_Grouped,3,3,,99,Validation,COMP-ea2a626c3522e4a5,False
Fixed_Composition_Grouped,3,3,,100,Validation,COMP-ea2a626c3522e4a5,False
Fixed_Composition_Grouped,3,3,,126,Validation,COMP-5502f8bc72167a0b,False
Fixed_Composition_Grouped,3,3,,127,Validation,COMP-5502f8bc72167a0b,False
Fixed_Composition_Grouped,3,3,,148,Validation,COMP-150ce51691dfb5f9,False
Fixed_Composition_Grouped,3,3,,154,Validation,COMP-150ce51691dfb5f9,False
Fixed_Composition_Grouped,3,3,,168,Validation,COMP-92ed17371ff559b6,False
Fixed_Composition_Grouped,3,3,,169,Validation,COMP-92ed17371ff559b6,False
Fixed_Composition_Grouped,3,3,,172,Validation,COMP-92ed17371ff559b6,False
Fixed_Composition_Grouped,3,3,,187,Validation,COMP-a7670bf71188b1d6,False
Fixed_Composition_Grouped,3,3,,188,Validation,COMP-a7670bf71188b1d6,False
Fixed_Composition_Grouped,3,3,,199,Validation,COMP-6525c735bb50fb1c,False
Fixed_Composition_Grouped,3,3,,210,Validation,COMP-d7494ade7e8dd694,False
Fixed_Composition_Grouped,3,3,,211,Validation,COMP-b775405901636085,False
Fixed_Composition_Grouped,3,3,,241,Validation,COMP-631a18a4a6b20c0c,False
Fixed_Composition_Grouped,3,3,,242,Validation,COMP-631a18a4a6b20c0c,False
Fixed_Composition_Grouped,3,3,,243,Validation,COMP-b0cc51380afea02b,False
Fixed_Composition_Grouped,3,3,,246,Validation,COMP-1fc9679353325516,False
Fixed_Composition_Grouped,3,3,,247,Validation,COMP-e295ac85ac1ada41,False
Fixed_Composition_Grouped,3,3,,249,Validation,COMP-e295ac85ac1ada41,False
Fixed_Composition_Grouped,3,3,,251,Validation,COMP-dd1e9c4c0f247912,False
Fixed_Composition_Grouped,3,3,,255,Validation,COMP-95a56990f4bea8a9,False
Fixed_Composition_Grouped,3,3,,256,Validation,COMP-95a56990f4bea8a9,False
Fixed_Composition_Grouped,3,3,,257,Validation,COMP-95a56990f4bea8a9,False
Fixed_Composition_Grouped,3,3,,258,Validation,COMP-95a56990f4bea8a9,False
Fixed_Composition_Grouped,3,3,,259,Validation,COMP-95a56990f4bea8a9,False
Fixed_Composition_Grouped,3,3,,260,Validation,COMP-95a56990f4bea8a9,False
Fixed_Composition_Grouped,3,3,,263,Validation,COMP-95a56990f4bea8a9,False
Fixed_Composition_Grouped,3,3,,266,Validation,COMP-95a56990f4bea8a9,False
Fixed_Composition_Grouped,3,3,,268,Validation,COMP-95a56990f4bea8a9,False
Fixed_Composition_Grouped,3,3,,271,Validation,COMP-95a56990f4bea8a9,False
Fixed_Composition_Grouped,3,3,,272,Validation,COMP-95a56990f4bea8a9,False
Fixed_Composition_Grouped,3,3,,273,Validation,COMP-95a56990f4bea8a9,False
Fixed_Composition_Grouped,3,3,,282,Validation,COMP-95a56990f4bea8a9,False
Fixed_Composition_Grouped,3,3,,283,Validation,COMP-95a56990f4bea8a9,False
Fixed_Composition_Grouped,3,3,,285,Validation,COMP-95a56990f4bea8a9,False
Fixed_Composition_Grouped,3,3,,341,Validation,COMP-221944a235b3f36b,False
Fixed_Composition_Grouped,3,3,,342,Validation,COMP-221944a235b3f36b,False
Fixed_Composition_Grouped,3,3,,344,Validation,COMP-e1e52574fbb04f58,False
Fixed_Composition_Grouped,3,3,,345,Validation,COMP-e1e52574fbb04f58,False
Fixed_Composition_Grouped,3,3,,347,Validation,COMP-e1e52574fbb04f58,False
Fixed_Composition_Grouped,3,3,,365,Validation,COMP-e1e52574fbb04f58,False
Fixed_Composition_Grouped,3,4,,4,Training,COMP-862c9c676a6f1012,False
Fixed_Composition_Grouped,3,4,,5,Training,COMP-8e1fe5f59d3c7565,False
Fixed_Composition_Grouped,3,4,,14,Training,COMP-609dfbaf681359b8,False
Fixed_Composition_Grouped,3,4,,17,Training,COMP-773f99d6dc417f9e,False
Fixed_Composition_Grouped,3,4,,20,Training,COMP-0b765af90e5ebd4c,False
Fixed_Composition_Grouped,3,4,,21,Training,COMP-0b765af90e5ebd4c,False
Fixed_Composition_Grouped,3,4,,24,Training,COMP-0b765af90e5ebd4c,False
Fixed_Composition_Grouped,3,4,,26,Training,COMP-7decbe1f0284bd78,False
Fixed_Composition_Grouped,3,4,,27,Training,COMP-73d52e7a36d559a9,False
Fixed_Composition_Grouped,3,4,,28,Training,COMP-3632fb12e94bc35a,False
Fixed_Composition_Grouped,3,4,,29,Training,COMP-773f99d6dc417f9e,False
Fixed_Composition_Grouped,3,4,,36,Training,COMP-87a7ec252c82f56c,False
Fixed_Composition_Grouped,3,4,,37,Training,COMP-f6d84b53636ddfbe,False
Fixed_Composition_Grouped,3,4,,43,Training,COMP-9b0e3106e10f71db,False
Fixed_Composition_Grouped,3,4,,44,Training,COMP-0d7ce00a50a6a24f,False
Fixed_Composition_Grouped,3,4,,45,Training,COMP-59ce4655e65cf94a,False
Fixed_Composition_Grouped,3,4,,47,Training,COMP-e295ac85ac1ada41,False
Fixed_Composition_Grouped,3,4,,48,Training,COMP-b611e8d56579c910,False
Fixed_Composition_Grouped,3,4,,49,Training,COMP-92ece298f11712f0,False
Fixed_Composition_Grouped,3,4,,51,Training,COMP-dbc0864492ec7b98,False
Fixed_Composition_Grouped,3,4,,52,Training,COMP-06f5d2a767a65349,False
Fixed_Composition_Grouped,3,4,,53,Training,COMP-06f5d2a767a65349,False
Fixed_Composition_Grouped,3,4,,54,Training,COMP-ea1f0dc96a173899,False
Fixed_Composition_Grouped,3,4,,60,Training,COMP-3f22c6642a7a1344,False
Fixed_Composition_Grouped,3,4,,61,Training,COMP-3f22c6642a7a1344,False
Fixed_Composition_Grouped,3,4,,62,Training,COMP-21d126c9d34df073,False
Fixed_Composition_Grouped,3,4,,63,Training,COMP-21d126c9d34df073,False
Fixed_Composition_Grouped,3,4,,65,Training,COMP-7c0b488137fafb3b,False
Fixed_Composition_Grouped,3,4,,67,Training,COMP-49d8e1edbf1c2fbd,False
Fixed_Composition_Grouped,3,4,,68,Training,COMP-21d126c9d34df073,False
Fixed_Composition_Grouped,3,4,,69,Training,COMP-8cee7ef8867afd2d,False
Fixed_Composition_Grouped,3,4,,74,Training,COMP-f9a00d6d8411a0d1,False
Fixed_Composition_Grouped,3,4,,80,Training,COMP-a14831ff30c0b14d,False
Fixed_Composition_Grouped,3,4,,83,Training,COMP-e913f917a7e36868,False
Fixed_Composition_Grouped,3,4,,84,Training,COMP-a14831ff30c0b14d,False
Fixed_Composition_Grouped,3,4,,85,Training,COMP-e913f917a7e36868,False
Fixed_Composition_Grouped,3,4,,86,Training,COMP-ea2a626c3522e4a5,False
Fixed_Composition_Grouped,3,4,,87,Training,COMP-a14831ff30c0b14d,False
Fixed_Composition_Grouped,3,4,,88,Training,COMP-ea2a626c3522e4a5,False
Fixed_Composition_Grouped,3,4,,92,Training,COMP-ea2a626c3522e4a5,False
Fixed_Composition_Grouped,3,4,,94,Training,COMP-ea2a626c3522e4a5,False
Fixed_Composition_Grouped,3,4,,95,Training,COMP-ea2a626c3522e4a5,False
Fixed_Composition_Grouped,3,4,,96,Training,COMP-ea2a626c3522e4a5,False
Fixed_Composition_Grouped,3,4,,97,Training,COMP-a14831ff30c0b14d,False
Fixed_Composition_Grouped,3,4,,98,Training,COMP-e913f917a7e36868,False
Fixed_Composition_Grouped,3,4,,99,Training,COMP-ea2a626c3522e4a5,False
Fixed_Composition_Grouped,3,4,,100,Training,COMP-ea2a626c3522e4a5,False
Fixed_Composition_Grouped,3,4,,102,Training,COMP-435a8f4ba56d8b5d,False
Fixed_Composition_Grouped,3,4,,103,Training,COMP-435a8f4ba56d8b5d,False
Fixed_Composition_Grouped,3,4,,104,Training,COMP-435a8f4ba56d8b5d,False
Fixed_Composition_Grouped,3,4,,105,Training,COMP-435a8f4ba56d8b5d,False
Fixed_Composition_Grouped,3,4,,106,Training,COMP-435a8f4ba56d8b5d,False
Fixed_Composition_Grouped,3,4,,107,Training,COMP-384273ac244080b1,False
Fixed_Composition_Grouped,3,4,,110,Training,COMP-c1d72bb5d7d164b0,False
Fixed_Composition_Grouped,3,4,,111,Training,COMP-c1d72bb5d7d164b0,False
Fixed_Composition_Grouped,3,4,,112,Training,COMP-c1d72bb5d7d164b0,False
Fixed_Composition_Grouped,3,4,,115,Training,COMP-15c7378d46cadefa,False
Fixed_Composition_Grouped,3,4,,118,Training,COMP-8bbe9ce01fb6a2d3,False
Fixed_Composition_Grouped,3,4,,120,Training,COMP-8bbe9ce01fb6a2d3,False
Fixed_Composition_Grouped,3,4,,121,Training,COMP-b2e9edd7bc55d085,False
Fixed_Composition_Grouped,3,4,,122,Training,COMP-b2e9edd7bc55d085,False
Fixed_Composition_Grouped,3,4,,123,Training,COMP-0ee2ef468faff8db,False
Fixed_Composition_Grouped,3,4,,125,Training,COMP-0ee2ef468faff8db,False
Fixed_Composition_Grouped,3,4,,126,Training,COMP-5502f8bc72167a0b,False
Fixed_Composition_Grouped,3,4,,127,Training,COMP-5502f8bc72167a0b,False
Fixed_Composition_Grouped,3,4,,130,Training,COMP-89919c53d3149a2d,False
Fixed_Composition_Grouped,3,4,,133,Training,COMP-89919c53d3149a2d,False
Fixed_Composition_Grouped,3,4,,134,Training,COMP-89919c53d3149a2d,False
Fixed_Composition_Grouped,3,4,,135,Training,COMP-89919c53d3149a2d,False
Fixed_Composition_Grouped,3,4,,138,Training,COMP-89919c53d3149a2d,False
Fixed_Composition_Grouped,3,4,,139,Training,COMP-89919c53d3149a2d,False
Fixed_Composition_Grouped,3,4,,141,Training,COMP-89919c53d3149a2d,False
Fixed_Composition_Grouped,3,4,,142,Training,COMP-89919c53d3149a2d,False
Fixed_Composition_Grouped,3,4,,143,Training,COMP-89919c53d3149a2d,False
Fixed_Composition_Grouped,3,4,,144,Training,COMP-89919c53d3149a2d,False
Fixed_Composition_Grouped,3,4,,145,Training,COMP-89919c53d3149a2d,False
Fixed_Composition_Grouped,3,4,,146,Training,COMP-266a388f7afdbe91,False
Fixed_Composition_Grouped,3,4,,147,Training,COMP-055230aabe7d502c,False
Fixed_Composition_Grouped,3,4,,148,Training,COMP-150ce51691dfb5f9,False
Fixed_Composition_Grouped,3,4,,149,Training,COMP-266a388f7afdbe91,False
Fixed_Composition_Grouped,3,4,,150,Training,COMP-055230aabe7d502c,False
Fixed_Composition_Grouped,3,4,,152,Training,COMP-055230aabe7d502c,False
Fixed_Composition_Grouped,3,4,,154,Training,COMP-150ce51691dfb5f9,False
Fixed_Composition_Grouped,3,4,,156,Training,COMP-941f92def7f50542,False
Fixed_Composition_Grouped,3,4,,157,Training,COMP-ddfcf6030a718a0c,False
Fixed_Composition_Grouped,3,4,,159,Training,COMP-0346738121cb655e,False
Fixed_Composition_Grouped,3,4,,160,Training,COMP-0346738121cb655e,False
Fixed_Composition_Grouped,3,4,,162,Training,COMP-ddfcf6030a718a0c,False
Fixed_Composition_Grouped,3,4,,163,Training,COMP-b2e9edd7bc55d085,False
Fixed_Composition_Grouped,3,4,,164,Training,COMP-941f92def7f50542,False
Fixed_Composition_Grouped,3,4,,168,Training,COMP-92ed17371ff559b6,False
Fixed_Composition_Grouped,3,4,,169,Training,COMP-92ed17371ff559b6,False
Fixed_Composition_Grouped,3,4,,172,Training,COMP-92ed17371ff559b6,False
Fixed_Composition_Grouped,3,4,,173,Training,COMP-0d41a2cf75110ad6,False
Fixed_Composition_Grouped,3,4,,174,Training,COMP-a35a20d65351aafe,False
Fixed_Composition_Grouped,3,4,,175,Training,COMP-b72f6533b137a4f6,False
Fixed_Composition_Grouped,3,4,,176,Training,COMP-5479c448b954c055,False
Fixed_Composition_Grouped,3,4,,177,Training,COMP-5479c448b954c055,False
Fixed_Composition_Grouped,3,4,,181,Training,COMP-69c6ecd7284d3b47,False
Fixed_Composition_Grouped,3,4,,182,Training,COMP-630f3050f45faf36,False
Fixed_Composition_Grouped,3,4,,183,Training,COMP-630f3050f45faf36,False
Fixed_Composition_Grouped,3,4,,187,Training,COMP-a7670bf71188b1d6,False
Fixed_Composition_Grouped,3,4,,188,Training,COMP-a7670bf71188b1d6,False
Fixed_Composition_Grouped,3,4,,193,Training,COMP-889d7d6c6dbf5b76,False
Fixed_Composition_Grouped,3,4,,199,Training,COMP-6525c735bb50fb1c,False
Fixed_Composition_Grouped,3,4,,200,Training,COMP-b878df279a448475,False
Fixed_Composition_Grouped,3,4,,202,Training,COMP-598bc18a3ba07a9e,False
Fixed_Composition_Grouped,3,4,,205,Training,COMP-d8a14990923ce9f7,False
Fixed_Composition_Grouped,3,4,,207,Training,COMP-948abb1ebd270642,False
Fixed_Composition_Grouped,3,4,,210,Training,COMP-d7494ade7e8dd694,False
Fixed_Composition_Grouped,3,4,,211,Training,COMP-b775405901636085,False
Fixed_Composition_Grouped,3,4,,214,Training,COMP-35e38ea13dc05b9e,False
Fixed_Composition_Grouped,3,4,,215,Training,COMP-6b4f0394292930ba,False
Fixed_Composition_Grouped,3,4,,216,Training,COMP-4a76c05754ee1efa,False
Fixed_Composition_Grouped,3,4,,219,Training,COMP-eae7689b221fd7f8,False
Fixed_Composition_Grouped,3,4,,224,Training,COMP-93900d7c81c38cdd,False
Fixed_Composition_Grouped,3,4,,225,Training,COMP-289a02a6b94655b9,False
Fixed_Composition_Grouped,3,4,,226,Training,COMP-93900d7c81c38cdd,False
Fixed_Composition_Grouped,3,4,,228,Training,COMP-46e30c1bd5e987da,False
Fixed_Composition_Grouped,3,4,,233,Training,COMP-e60cc4ecffe6b7df,False
Fixed_Composition_Grouped,3,4,,235,Training,COMP-091a20b5a1dfb76f,False
Fixed_Composition_Grouped,3,4,,236,Training,COMP-44fea4804e888e0a,False
Fixed_Composition_Grouped,3,4,,238,Training,COMP-fc5c3e46d2655b62,False
Fixed_Composition_Grouped,3,4,,239,Training,COMP-0b765af90e5ebd4c,False
Fixed_Composition_Grouped,3,4,,240,Training,COMP-0b765af90e5ebd4c,False
Fixed_Composition_Grouped,3,4,,241,Training,COMP-631a18a4a6b20c0c,False
Fixed_Composition_Grouped,3,4,,242,Training,COMP-631a18a4a6b20c0c,False
Fixed_Composition_Grouped,3,4,,243,Training,COMP-b0cc51380afea02b,False
Fixed_Composition_Grouped,3,4,,246,Training,COMP-1fc9679353325516,False
Fixed_Composition_Grouped,3,4,,247,Training,COMP-e295ac85ac1ada41,False
Fixed_Composition_Grouped,3,4,,249,Training,COMP-e295ac85ac1ada41,False
Fixed_Composition_Grouped,3,4,,251,Training,COMP-dd1e9c4c0f247912,False
Fixed_Composition_Grouped,3,4,,255,Training,COMP-95a56990f4bea8a9,False
Fixed_Composition_Grouped,3,4,,256,Training,COMP-95a56990f4bea8a9,False
Fixed_Composition_Grouped,3,4,,257,Training,COMP-95a56990f4bea8a9,False
Fixed_Composition_Grouped,3,4,,258,Training,COMP-95a56990f4bea8a9,False
Fixed_Composition_Grouped,3,4,,259,Training,COMP-95a56990f4bea8a9,False
Fixed_Composition_Grouped,3,4,,260,Training,COMP-95a56990f4bea8a9,False
Fixed_Composition_Grouped,3,4,,263,Training,COMP-95a56990f4bea8a9,False
Fixed_Composition_Grouped,3,4,,266,Training,COMP-95a56990f4bea8a9,False
Fixed_Composition_Grouped,3,4,,268,Training,COMP-95a56990f4bea8a9,False
Fixed_Composition_Grouped,3,4,,271,Training,COMP-95a56990f4bea8a9,False
Fixed_Composition_Grouped,3,4,,272,Training,COMP-95a56990f4bea8a9,False
Fixed_Composition_Grouped,3,4,,273,Training,COMP-95a56990f4bea8a9,False
Fixed_Composition_Grouped,3,4,,282,Training,COMP-95a56990f4bea8a9,False
Fixed_Composition_Grouped,3,4,,283,Training,COMP-95a56990f4bea8a9,False
Fixed_Composition_Grouped,3,4,,285,Training,COMP-95a56990f4bea8a9,False
Fixed_Composition_Grouped,3,4,,320,Training,COMP-dbc0864492ec7b98,False
Fixed_Composition_Grouped,3,4,,321,Training,COMP-dbc0864492ec7b98,False
Fixed_Composition_Grouped,3,4,,322,Training,COMP-dbc0864492ec7b98,False
Fixed_Composition_Grouped,3,4,,323,Training,COMP-dbc0864492ec7b98,False
Fixed_Composition_Grouped,3,4,,324,Training,COMP-dbc0864492ec7b98,False
Fixed_Composition_Grouped,3,4,,325,Training,COMP-dbc0864492ec7b98,False
Fixed_Composition_Grouped,3,4,,326,Training,COMP-dbc0864492ec7b98,False
Fixed_Composition_Grouped,3,4,,327,Training,COMP-dbc0864492ec7b98,False
Fixed_Composition_Grouped,3,4,,328,Training,COMP-dbc0864492ec7b98,False
Fixed_Composition_Grouped,3,4,,331,Training,COMP-dbc0864492ec7b98,False
Fixed_Composition_Grouped,3,4,,333,Training,COMP-dbc0864492ec7b98,False
Fixed_Composition_Grouped,3,4,,334,Training,COMP-dbc0864492ec7b98,False
Fixed_Composition_Grouped,3,4,,337,Training,COMP-06072d2dd3b021af,False
Fixed_Composition_Grouped,3,4,,339,Training,COMP-06072d2dd3b021af,False
Fixed_Composition_Grouped,3,4,,341,Training,COMP-221944a235b3f36b,False
Fixed_Composition_Grouped,3,4,,342,Training,COMP-221944a235b3f36b,False
Fixed_Composition_Grouped,3,4,,344,Training,COMP-e1e52574fbb04f58,False
Fixed_Composition_Grouped,3,4,,345,Training,COMP-e1e52574fbb04f58,False
Fixed_Composition_Grouped,3,4,,347,Training,COMP-e1e52574fbb04f58,False
Fixed_Composition_Grouped,3,4,,348,Training,COMP-30cef922979fb9fd,False
Fixed_Composition_Grouped,3,4,,349,Training,COMP-30cef922979fb9fd,False
Fixed_Composition_Grouped,3,4,,350,Training,COMP-30cef922979fb9fd,False
Fixed_Composition_Grouped,3,4,,351,Training,COMP-30cef922979fb9fd,False
Fixed_Composition_Grouped,3,4,,352,Training,COMP-30cef922979fb9fd,False
Fixed_Composition_Grouped,3,4,,360,Training,COMP-0765adc8c505dd3b,False
Fixed_Composition_Grouped,3,4,,363,Training,COMP-0765adc8c505dd3b,False
Fixed_Composition_Grouped,3,4,,364,Training,COMP-0765adc8c505dd3b,False
Fixed_Composition_Grouped,3,4,,365,Training,COMP-e1e52574fbb04f58,False
Fixed_Composition_Grouped,3,4,,369,Training,COMP-6f2ca218fbd1923b,False
Fixed_Composition_Grouped,3,4,,371,Training,COMP-6f2ca218fbd1923b,False
Fixed_Composition_Grouped,3,4,,372,Training,COMP-6f2ca218fbd1923b,False
Fixed_Composition_Grouped,3,4,,375,Training,COMP-6f2ca218fbd1923b,False
Fixed_Composition_Grouped,3,4,,376,Training,COMP-6f2ca218fbd1923b,False
Fixed_Composition_Grouped,3,4,,378,Training,COMP-6f2ca218fbd1923b,False
Fixed_Composition_Grouped,3,4,,380,Training,COMP-6f2ca218fbd1923b,False
Fixed_Composition_Grouped,3,4,,381,Training,COMP-6f2ca218fbd1923b,False
Fixed_Composition_Grouped,3,4,,382,Training,COMP-6f2ca218fbd1923b,False
Fixed_Composition_Grouped,3,4,,384,Training,COMP-6f2ca218fbd1923b,False
Fixed_Composition_Grouped,3,4,,386,Training,COMP-6f2ca218fbd1923b,False
Fixed_Composition_Grouped,3,4,,387,Training,COMP-6f2ca218fbd1923b,False
Fixed_Composition_Grouped,3,4,,388,Training,COMP-6f2ca218fbd1923b,False
Fixed_Composition_Grouped,3,4,,389,Training,COMP-6f2ca218fbd1923b,False
Fixed_Composition_Grouped,3,4,,391,Training,COMP-6f2ca218fbd1923b,False
Fixed_Composition_Grouped,3,4,,393,Training,COMP-6f2ca218fbd1923b,False
Fixed_Composition_Grouped,3,4,,395,Training,COMP-6f2ca218fbd1923b,False
Fixed_Composition_Grouped,3,4,,399,Training,COMP-6f2ca218fbd1923b,False
Fixed_Composition_Grouped,3,4,,402,Training,COMP-6f2ca218fbd1923b,False
Fixed_Composition_Grouped,3,4,,404,Training,COMP-6f2ca218fbd1923b,False
Fixed_Composition_Grouped,3,4,,405,Training,COMP-6f2ca218fbd1923b,False
Fixed_Composition_Grouped,3,4,,406,Training,COMP-7fb1fecc93ced403,False
Fixed_Composition_Grouped,3,4,,408,Training,COMP-7fb1fecc93ced403,False
Fixed_Composition_Grouped,3,4,,421,Training,COMP-edeedccfd8f07e13,False
Fixed_Composition_Grouped,3,4,,422,Training,COMP-edeedccfd8f07e13,False
Fixed_Composition_Grouped,3,4,,424,Training,COMP-f9d9cbed014e8b80,False
Fixed_Composition_Grouped,3,4,,425,Training,COMP-f9d9cbed014e8b80,False
Fixed_Composition_Grouped,3,4,,427,Training,COMP-f9d9cbed014e8b80,False
Fixed_Composition_Grouped,3,4,,429,Training,COMP-f9d9cbed014e8b80,False
Fixed_Composition_Grouped,3,4,,431,Training,COMP-f9d9cbed014e8b80,False
Fixed_Composition_Grouped,3,4,,432,Training,COMP-f9d9cbed014e8b80,False
Fixed_Composition_Grouped,3,4,,434,Training,COMP-f9d9cbed014e8b80,False
Fixed_Composition_Grouped,3,4,,438,Training,COMP-f9d9cbed014e8b80,False
Fixed_Composition_Grouped,3,4,,440,Training,COMP-f9d9cbed014e8b80,False
Fixed_Composition_Grouped,3,4,,441,Training,COMP-f9d9cbed014e8b80,False
Fixed_Composition_Grouped,3,4,,444,Training,COMP-f9d9cbed014e8b80,False
Fixed_Composition_Grouped,3,4,,445,Training,COMP-f9d9cbed014e8b80,False
Fixed_Composition_Grouped,3,4,,448,Training,COMP-f9d9cbed014e8b80,False
Fixed_Composition_Grouped,3,4,,449,Training,COMP-f9d9cbed014e8b80,False
Fixed_Composition_Grouped,3,4,,450,Training,COMP-f9d9cbed014e8b80,False
Fixed_Composition_Grouped,3,4,,451,Training,COMP-f9d9cbed014e8b80,False
Fixed_Composition_Grouped,3,4,,1,Validation,COMP-27021c945dc6ef2d,False
Fixed_Composition_Grouped,3,4,,3,Validation,COMP-725d39a40881dc4b,False
Fixed_Composition_Grouped,3,4,,6,Validation,COMP-27021c945dc6ef2d,False
Fixed_Composition_Grouped,3,4,,7,Validation,COMP-725d39a40881dc4b,False
Fixed_Composition_Grouped,3,4,,8,Validation,COMP-725d39a40881dc4b,False
Fixed_Composition_Grouped,3,4,,10,Validation,COMP-725d39a40881dc4b,False
Fixed_Composition_Grouped,3,4,,12,Validation,COMP-725d39a40881dc4b,False
Fixed_Composition_Grouped,3,4,,13,Validation,COMP-27021c945dc6ef2d,False
Fixed_Composition_Grouped,3,4,,23,Validation,COMP-81f8a3600f73b006,False
Fixed_Composition_Grouped,3,4,,32,Validation,COMP-81f8a3600f73b006,False
Fixed_Composition_Grouped,3,4,,35,Validation,COMP-a87a2533a652007c,False
Fixed_Composition_Grouped,3,4,,40,Validation,COMP-1af7d3f3b3b924e5,False
Fixed_Composition_Grouped,3,4,,41,Validation,COMP-1af7d3f3b3b924e5,False
Fixed_Composition_Grouped,3,4,,64,Validation,COMP-3157f0dc71f862ff,False
Fixed_Composition_Grouped,3,4,,66,Validation,COMP-b8df58296dba2095,False
Fixed_Composition_Grouped,3,4,,114,Validation,COMP-6360354242bed7fe,False
Fixed_Composition_Grouped,3,4,,161,Validation,COMP-eacd4f126ab29a30,False
Fixed_Composition_Grouped,3,4,,167,Validation,COMP-eacd4f126ab29a30,False
Fixed_Composition_Grouped,3,4,,178,Validation,COMP-b9abc443805301b1,False
Fixed_Composition_Grouped,3,4,,184,Validation,COMP-0966c0019ec07f39,False
Fixed_Composition_Grouped,3,4,,186,Validation,COMP-0966c0019ec07f39,False
Fixed_Composition_Grouped,3,4,,194,Validation,COMP-445f55453794f59c,False
Fixed_Composition_Grouped,3,4,,197,Validation,COMP-880bd22028629a8e,False
Fixed_Composition_Grouped,3,4,,201,Validation,COMP-05480af3b167ab05,False
Fixed_Composition_Grouped,3,4,,221,Validation,COMP-20d1e620c817cb5a,False
Fixed_Composition_Grouped,3,4,,229,Validation,COMP-2753cd2e053c8c98,False
Fixed_Composition_Grouped,3,4,,230,Validation,COMP-0107563adaed8d01,False
Fixed_Composition_Grouped,3,4,,231,Validation,COMP-0e256dc7494452a7,False
Fixed_Composition_Grouped,3,4,,232,Validation,COMP-0e256dc7494452a7,False
Fixed_Composition_Grouped,3,4,,237,Validation,COMP-4ef2bcae5243588c,False
Fixed_Composition_Grouped,3,4,,252,Validation,COMP-725d39a40881dc4b,False
Fixed_Composition_Grouped,3,4,,253,Validation,COMP-725d39a40881dc4b,False
Fixed_Composition_Grouped,3,4,,286,Validation,COMP-478c9f483894c42c,False
Fixed_Composition_Grouped,3,4,,288,Validation,COMP-478c9f483894c42c,False
Fixed_Composition_Grouped,3,4,,292,Validation,COMP-478c9f483894c42c,False
Fixed_Composition_Grouped,3,4,,295,Validation,COMP-478c9f483894c42c,False
Fixed_Composition_Grouped,3,4,,296,Validation,COMP-478c9f483894c42c,False
Fixed_Composition_Grouped,3,4,,300,Validation,COMP-478c9f483894c42c,False
Fixed_Composition_Grouped,3,4,,303,Validation,COMP-478c9f483894c42c,False
Fixed_Composition_Grouped,3,4,,306,Validation,COMP-478c9f483894c42c,False
Fixed_Composition_Grouped,3,4,,307,Validation,COMP-478c9f483894c42c,False
Fixed_Composition_Grouped,3,4,,309,Validation,COMP-478c9f483894c42c,False
Fixed_Composition_Grouped,3,4,,310,Validation,COMP-478c9f483894c42c,False
Fixed_Composition_Grouped,3,4,,311,Validation,COMP-478c9f483894c42c,False
Fixed_Composition_Grouped,3,4,,313,Validation,COMP-478c9f483894c42c,False
Fixed_Composition_Grouped,3,4,,315,Validation,COMP-478c9f483894c42c,False
Fixed_Composition_Grouped,3,4,,316,Validation,COMP-478c9f483894c42c,False
Fixed_Composition_Grouped,3,4,,354,Validation,COMP-59f47d6774b9fdfb,False
Fixed_Composition_Grouped,3,4,,356,Validation,COMP-59f47d6774b9fdfb,False
Fixed_Composition_Grouped,3,4,,358,Validation,COMP-59f47d6774b9fdfb,False
Fixed_Composition_Grouped,3,4,,413,Validation,COMP-a85acb2f2da0216b,False
Fixed_Composition_Grouped,3,4,,414,Validation,COMP-a85acb2f2da0216b,False
Fixed_Composition_Grouped,3,4,,415,Validation,COMP-a85acb2f2da0216b,False
Fixed_Composition_Grouped,3,4,,418,Validation,COMP-a85acb2f2da0216b,False
Fixed_Composition_Grouped,3,5,,1,Training,COMP-27021c945dc6ef2d,False
Fixed_Composition_Grouped,3,5,,3,Training,COMP-725d39a40881dc4b,False
Fixed_Composition_Grouped,3,5,,4,Training,COMP-862c9c676a6f1012,False
Fixed_Composition_Grouped,3,5,,5,Training,COMP-8e1fe5f59d3c7565,False
Fixed_Composition_Grouped,3,5,,6,Training,COMP-27021c945dc6ef2d,False
Fixed_Composition_Grouped,3,5,,7,Training,COMP-725d39a40881dc4b,False
Fixed_Composition_Grouped,3,5,,8,Training,COMP-725d39a40881dc4b,False
Fixed_Composition_Grouped,3,5,,10,Training,COMP-725d39a40881dc4b,False
Fixed_Composition_Grouped,3,5,,12,Training,COMP-725d39a40881dc4b,False
Fixed_Composition_Grouped,3,5,,13,Training,COMP-27021c945dc6ef2d,False
Fixed_Composition_Grouped,3,5,,14,Training,COMP-609dfbaf681359b8,False
Fixed_Composition_Grouped,3,5,,17,Training,COMP-773f99d6dc417f9e,False
Fixed_Composition_Grouped,3,5,,20,Training,COMP-0b765af90e5ebd4c,False
Fixed_Composition_Grouped,3,5,,21,Training,COMP-0b765af90e5ebd4c,False
Fixed_Composition_Grouped,3,5,,23,Training,COMP-81f8a3600f73b006,False
Fixed_Composition_Grouped,3,5,,24,Training,COMP-0b765af90e5ebd4c,False
Fixed_Composition_Grouped,3,5,,26,Training,COMP-7decbe1f0284bd78,False
Fixed_Composition_Grouped,3,5,,27,Training,COMP-73d52e7a36d559a9,False
Fixed_Composition_Grouped,3,5,,28,Training,COMP-3632fb12e94bc35a,False
Fixed_Composition_Grouped,3,5,,29,Training,COMP-773f99d6dc417f9e,False
Fixed_Composition_Grouped,3,5,,32,Training,COMP-81f8a3600f73b006,False
Fixed_Composition_Grouped,3,5,,35,Training,COMP-a87a2533a652007c,False
Fixed_Composition_Grouped,3,5,,36,Training,COMP-87a7ec252c82f56c,False
Fixed_Composition_Grouped,3,5,,37,Training,COMP-f6d84b53636ddfbe,False
Fixed_Composition_Grouped,3,5,,40,Training,COMP-1af7d3f3b3b924e5,False
Fixed_Composition_Grouped,3,5,,41,Training,COMP-1af7d3f3b3b924e5,False
Fixed_Composition_Grouped,3,5,,44,Training,COMP-0d7ce00a50a6a24f,False
Fixed_Composition_Grouped,3,5,,45,Training,COMP-59ce4655e65cf94a,False
Fixed_Composition_Grouped,3,5,,47,Training,COMP-e295ac85ac1ada41,False
Fixed_Composition_Grouped,3,5,,48,Training,COMP-b611e8d56579c910,False
Fixed_Composition_Grouped,3,5,,49,Training,COMP-92ece298f11712f0,False
Fixed_Composition_Grouped,3,5,,52,Training,COMP-06f5d2a767a65349,False
Fixed_Composition_Grouped,3,5,,53,Training,COMP-06f5d2a767a65349,False
Fixed_Composition_Grouped,3,5,,54,Training,COMP-ea1f0dc96a173899,False
Fixed_Composition_Grouped,3,5,,60,Training,COMP-3f22c6642a7a1344,False
Fixed_Composition_Grouped,3,5,,61,Training,COMP-3f22c6642a7a1344,False
Fixed_Composition_Grouped,3,5,,62,Training,COMP-21d126c9d34df073,False
Fixed_Composition_Grouped,3,5,,63,Training,COMP-21d126c9d34df073,False
Fixed_Composition_Grouped,3,5,,64,Training,COMP-3157f0dc71f862ff,False
Fixed_Composition_Grouped,3,5,,65,Training,COMP-7c0b488137fafb3b,False
Fixed_Composition_Grouped,3,5,,66,Training,COMP-b8df58296dba2095,False
Fixed_Composition_Grouped,3,5,,67,Training,COMP-49d8e1edbf1c2fbd,False
Fixed_Composition_Grouped,3,5,,68,Training,COMP-21d126c9d34df073,False
Fixed_Composition_Grouped,3,5,,69,Training,COMP-8cee7ef8867afd2d,False
Fixed_Composition_Grouped,3,5,,74,Training,COMP-f9a00d6d8411a0d1,False
Fixed_Composition_Grouped,3,5,,83,Training,COMP-e913f917a7e36868,False
Fixed_Composition_Grouped,3,5,,85,Training,COMP-e913f917a7e36868,False
Fixed_Composition_Grouped,3,5,,86,Training,COMP-ea2a626c3522e4a5,False
Fixed_Composition_Grouped,3,5,,88,Training,COMP-ea2a626c3522e4a5,False
Fixed_Composition_Grouped,3,5,,92,Training,COMP-ea2a626c3522e4a5,False
Fixed_Composition_Grouped,3,5,,94,Training,COMP-ea2a626c3522e4a5,False
Fixed_Composition_Grouped,3,5,,95,Training,COMP-ea2a626c3522e4a5,False
Fixed_Composition_Grouped,3,5,,96,Training,COMP-ea2a626c3522e4a5,False
Fixed_Composition_Grouped,3,5,,98,Training,COMP-e913f917a7e36868,False
Fixed_Composition_Grouped,3,5,,99,Training,COMP-ea2a626c3522e4a5,False
Fixed_Composition_Grouped,3,5,,100,Training,COMP-ea2a626c3522e4a5,False
Fixed_Composition_Grouped,3,5,,102,Training,COMP-435a8f4ba56d8b5d,False
Fixed_Composition_Grouped,3,5,,103,Training,COMP-435a8f4ba56d8b5d,False
Fixed_Composition_Grouped,3,5,,104,Training,COMP-435a8f4ba56d8b5d,False
Fixed_Composition_Grouped,3,5,,105,Training,COMP-435a8f4ba56d8b5d,False
Fixed_Composition_Grouped,3,5,,106,Training,COMP-435a8f4ba56d8b5d,False
Fixed_Composition_Grouped,3,5,,114,Training,COMP-6360354242bed7fe,False
Fixed_Composition_Grouped,3,5,,115,Training,COMP-15c7378d46cadefa,False
Fixed_Composition_Grouped,3,5,,118,Training,COMP-8bbe9ce01fb6a2d3,False
Fixed_Composition_Grouped,3,5,,120,Training,COMP-8bbe9ce01fb6a2d3,False
Fixed_Composition_Grouped,3,5,,121,Training,COMP-b2e9edd7bc55d085,False
Fixed_Composition_Grouped,3,5,,122,Training,COMP-b2e9edd7bc55d085,False
Fixed_Composition_Grouped,3,5,,123,Training,COMP-0ee2ef468faff8db,False
Fixed_Composition_Grouped,3,5,,125,Training,COMP-0ee2ef468faff8db,False
Fixed_Composition_Grouped,3,5,,126,Training,COMP-5502f8bc72167a0b,False
Fixed_Composition_Grouped,3,5,,127,Training,COMP-5502f8bc72167a0b,False
Fixed_Composition_Grouped,3,5,,148,Training,COMP-150ce51691dfb5f9,False
Fixed_Composition_Grouped,3,5,,154,Training,COMP-150ce51691dfb5f9,False
Fixed_Composition_Grouped,3,5,,156,Training,COMP-941f92def7f50542,False
Fixed_Composition_Grouped,3,5,,161,Training,COMP-eacd4f126ab29a30,False
Fixed_Composition_Grouped,3,5,,163,Training,COMP-b2e9edd7bc55d085,False
Fixed_Composition_Grouped,3,5,,164,Training,COMP-941f92def7f50542,False
Fixed_Composition_Grouped,3,5,,167,Training,COMP-eacd4f126ab29a30,False
Fixed_Composition_Grouped,3,5,,168,Training,COMP-92ed17371ff559b6,False
Fixed_Composition_Grouped,3,5,,169,Training,COMP-92ed17371ff559b6,False
Fixed_Composition_Grouped,3,5,,172,Training,COMP-92ed17371ff559b6,False
Fixed_Composition_Grouped,3,5,,174,Training,COMP-a35a20d65351aafe,False
Fixed_Composition_Grouped,3,5,,175,Training,COMP-b72f6533b137a4f6,False
Fixed_Composition_Grouped,3,5,,176,Training,COMP-5479c448b954c055,False
Fixed_Composition_Grouped,3,5,,177,Training,COMP-5479c448b954c055,False
Fixed_Composition_Grouped,3,5,,178,Training,COMP-b9abc443805301b1,False
Fixed_Composition_Grouped,3,5,,182,Training,COMP-630f3050f45faf36,False
Fixed_Composition_Grouped,3,5,,183,Training,COMP-630f3050f45faf36,False
Fixed_Composition_Grouped,3,5,,184,Training,COMP-0966c0019ec07f39,False
Fixed_Composition_Grouped,3,5,,186,Training,COMP-0966c0019ec07f39,False
Fixed_Composition_Grouped,3,5,,187,Training,COMP-a7670bf71188b1d6,False
Fixed_Composition_Grouped,3,5,,188,Training,COMP-a7670bf71188b1d6,False
Fixed_Composition_Grouped,3,5,,194,Training,COMP-445f55453794f59c,False
Fixed_Composition_Grouped,3,5,,197,Training,COMP-880bd22028629a8e,False
Fixed_Composition_Grouped,3,5,,199,Training,COMP-6525c735bb50fb1c,False
Fixed_Composition_Grouped,3,5,,200,Training,COMP-b878df279a448475,False
Fixed_Composition_Grouped,3,5,,201,Training,COMP-05480af3b167ab05,False
Fixed_Composition_Grouped,3,5,,207,Training,COMP-948abb1ebd270642,False
Fixed_Composition_Grouped,3,5,,210,Training,COMP-d7494ade7e8dd694,False
Fixed_Composition_Grouped,3,5,,211,Training,COMP-b775405901636085,False
Fixed_Composition_Grouped,3,5,,215,Training,COMP-6b4f0394292930ba,False
Fixed_Composition_Grouped,3,5,,216,Training,COMP-4a76c05754ee1efa,False
Fixed_Composition_Grouped,3,5,,221,Training,COMP-20d1e620c817cb5a,False
Fixed_Composition_Grouped,3,5,,224,Training,COMP-93900d7c81c38cdd,False
Fixed_Composition_Grouped,3,5,,226,Training,COMP-93900d7c81c38cdd,False
Fixed_Composition_Grouped,3,5,,229,Training,COMP-2753cd2e053c8c98,False
Fixed_Composition_Grouped,3,5,,230,Training,COMP-0107563adaed8d01,False
Fixed_Composition_Grouped,3,5,,231,Training,COMP-0e256dc7494452a7,False
Fixed_Composition_Grouped,3,5,,232,Training,COMP-0e256dc7494452a7,False
Fixed_Composition_Grouped,3,5,,235,Training,COMP-091a20b5a1dfb76f,False
Fixed_Composition_Grouped,3,5,,236,Training,COMP-44fea4804e888e0a,False
Fixed_Composition_Grouped,3,5,,237,Training,COMP-4ef2bcae5243588c,False
Fixed_Composition_Grouped,3,5,,238,Training,COMP-fc5c3e46d2655b62,False
Fixed_Composition_Grouped,3,5,,239,Training,COMP-0b765af90e5ebd4c,False
Fixed_Composition_Grouped,3,5,,240,Training,COMP-0b765af90e5ebd4c,False
Fixed_Composition_Grouped,3,5,,241,Training,COMP-631a18a4a6b20c0c,False
Fixed_Composition_Grouped,3,5,,242,Training,COMP-631a18a4a6b20c0c,False
Fixed_Composition_Grouped,3,5,,243,Training,COMP-b0cc51380afea02b,False
Fixed_Composition_Grouped,3,5,,246,Training,COMP-1fc9679353325516,False
Fixed_Composition_Grouped,3,5,,247,Training,COMP-e295ac85ac1ada41,False
Fixed_Composition_Grouped,3,5,,249,Training,COMP-e295ac85ac1ada41,False
Fixed_Composition_Grouped,3,5,,251,Training,COMP-dd1e9c4c0f247912,False
Fixed_Composition_Grouped,3,5,,252,Training,COMP-725d39a40881dc4b,False
Fixed_Composition_Grouped,3,5,,253,Training,COMP-725d39a40881dc4b,False
Fixed_Composition_Grouped,3,5,,255,Training,COMP-95a56990f4bea8a9,False
Fixed_Composition_Grouped,3,5,,256,Training,COMP-95a56990f4bea8a9,False
Fixed_Composition_Grouped,3,5,,257,Training,COMP-95a56990f4bea8a9,False
Fixed_Composition_Grouped,3,5,,258,Training,COMP-95a56990f4bea8a9,False
Fixed_Composition_Grouped,3,5,,259,Training,COMP-95a56990f4bea8a9,False
Fixed_Composition_Grouped,3,5,,260,Training,COMP-95a56990f4bea8a9,False
Fixed_Composition_Grouped,3,5,,263,Training,COMP-95a56990f4bea8a9,False
Fixed_Composition_Grouped,3,5,,266,Training,COMP-95a56990f4bea8a9,False
Fixed_Composition_Grouped,3,5,,268,Training,COMP-95a56990f4bea8a9,False
Fixed_Composition_Grouped,3,5,,271,Training,COMP-95a56990f4bea8a9,False
Fixed_Composition_Grouped,3,5,,272,Training,COMP-95a56990f4bea8a9,False
Fixed_Composition_Grouped,3,5,,273,Training,COMP-95a56990f4bea8a9,False
Fixed_Composition_Grouped,3,5,,282,Training,COMP-95a56990f4bea8a9,False
Fixed_Composition_Grouped,3,5,,283,Training,COMP-95a56990f4bea8a9,False
Fixed_Composition_Grouped,3,5,,285,Training,COMP-95a56990f4bea8a9,False
Fixed_Composition_Grouped,3,5,,286,Training,COMP-478c9f483894c42c,False
Fixed_Composition_Grouped,3,5,,288,Training,COMP-478c9f483894c42c,False
Fixed_Composition_Grouped,3,5,,292,Training,COMP-478c9f483894c42c,False
Fixed_Composition_Grouped,3,5,,295,Training,COMP-478c9f483894c42c,False
Fixed_Composition_Grouped,3,5,,296,Training,COMP-478c9f483894c42c,False
Fixed_Composition_Grouped,3,5,,300,Training,COMP-478c9f483894c42c,False
Fixed_Composition_Grouped,3,5,,303,Training,COMP-478c9f483894c42c,False
Fixed_Composition_Grouped,3,5,,306,Training,COMP-478c9f483894c42c,False
Fixed_Composition_Grouped,3,5,,307,Training,COMP-478c9f483894c42c,False
Fixed_Composition_Grouped,3,5,,309,Training,COMP-478c9f483894c42c,False
Fixed_Composition_Grouped,3,5,,310,Training,COMP-478c9f483894c42c,False
Fixed_Composition_Grouped,3,5,,311,Training,COMP-478c9f483894c42c,False
Fixed_Composition_Grouped,3,5,,313,Training,COMP-478c9f483894c42c,False
Fixed_Composition_Grouped,3,5,,315,Training,COMP-478c9f483894c42c,False
Fixed_Composition_Grouped,3,5,,316,Training,COMP-478c9f483894c42c,False
Fixed_Composition_Grouped,3,5,,341,Training,COMP-221944a235b3f36b,False
Fixed_Composition_Grouped,3,5,,342,Training,COMP-221944a235b3f36b,False
Fixed_Composition_Grouped,3,5,,344,Training,COMP-e1e52574fbb04f58,False
Fixed_Composition_Grouped,3,5,,345,Training,COMP-e1e52574fbb04f58,False
Fixed_Composition_Grouped,3,5,,347,Training,COMP-e1e52574fbb04f58,False
Fixed_Composition_Grouped,3,5,,348,Training,COMP-30cef922979fb9fd,False
Fixed_Composition_Grouped,3,5,,349,Training,COMP-30cef922979fb9fd,False
Fixed_Composition_Grouped,3,5,,350,Training,COMP-30cef922979fb9fd,False
Fixed_Composition_Grouped,3,5,,351,Training,COMP-30cef922979fb9fd,False
Fixed_Composition_Grouped,3,5,,352,Training,COMP-30cef922979fb9fd,False
Fixed_Composition_Grouped,3,5,,354,Training,COMP-59f47d6774b9fdfb,False
Fixed_Composition_Grouped,3,5,,356,Training,COMP-59f47d6774b9fdfb,False
Fixed_Composition_Grouped,3,5,,358,Training,COMP-59f47d6774b9fdfb,False
Fixed_Composition_Grouped,3,5,,360,Training,COMP-0765adc8c505dd3b,False
Fixed_Composition_Grouped,3,5,,363,Training,COMP-0765adc8c505dd3b,False
Fixed_Composition_Grouped,3,5,,364,Training,COMP-0765adc8c505dd3b,False
Fixed_Composition_Grouped,3,5,,365,Training,COMP-e1e52574fbb04f58,False
Fixed_Composition_Grouped,3,5,,369,Training,COMP-6f2ca218fbd1923b,False
Fixed_Composition_Grouped,3,5,,371,Training,COMP-6f2ca218fbd1923b,False
Fixed_Composition_Grouped,3,5,,372,Training,COMP-6f2ca218fbd1923b,False
Fixed_Composition_Grouped,3,5,,375,Training,COMP-6f2ca218fbd1923b,False
Fixed_Composition_Grouped,3,5,,376,Training,COMP-6f2ca218fbd1923b,False
Fixed_Composition_Grouped,3,5,,378,Training,COMP-6f2ca218fbd1923b,False
Fixed_Composition_Grouped,3,5,,380,Training,COMP-6f2ca218fbd1923b,False
Fixed_Composition_Grouped,3,5,,381,Training,COMP-6f2ca218fbd1923b,False
Fixed_Composition_Grouped,3,5,,382,Training,COMP-6f2ca218fbd1923b,False
Fixed_Composition_Grouped,3,5,,384,Training,COMP-6f2ca218fbd1923b,False
Fixed_Composition_Grouped,3,5,,386,Training,COMP-6f2ca218fbd1923b,False
Fixed_Composition_Grouped,3,5,,387,Training,COMP-6f2ca218fbd1923b,False
Fixed_Composition_Grouped,3,5,,388,Training,COMP-6f2ca218fbd1923b,False
Fixed_Composition_Grouped,3,5,,389,Training,COMP-6f2ca218fbd1923b,False
Fixed_Composition_Grouped,3,5,,391,Training,COMP-6f2ca218fbd1923b,False
Fixed_Composition_Grouped,3,5,,393,Training,COMP-6f2ca218fbd1923b,False
Fixed_Composition_Grouped,3,5,,395,Training,COMP-6f2ca218fbd1923b,False
Fixed_Composition_Grouped,3,5,,399,Training,COMP-6f2ca218fbd1923b,False
Fixed_Composition_Grouped,3,5,,402,Training,COMP-6f2ca218fbd1923b,False
Fixed_Composition_Grouped,3,5,,404,Training,COMP-6f2ca218fbd1923b,False
Fixed_Composition_Grouped,3,5,,405,Training,COMP-6f2ca218fbd1923b,False
Fixed_Composition_Grouped,3,5,,406,Training,COMP-7fb1fecc93ced403,False
Fixed_Composition_Grouped,3,5,,408,Training,COMP-7fb1fecc93ced403,False
Fixed_Composition_Grouped,3,5,,413,Training,COMP-a85acb2f2da0216b,False
Fixed_Composition_Grouped,3,5,,414,Training,COMP-a85acb2f2da0216b,False
Fixed_Composition_Grouped,3,5,,415,Training,COMP-a85acb2f2da0216b,False
Fixed_Composition_Grouped,3,5,,418,Training,COMP-a85acb2f2da0216b,False
Fixed_Composition_Grouped,3,5,,421,Training,COMP-edeedccfd8f07e13,False
Fixed_Composition_Grouped,3,5,,422,Training,COMP-edeedccfd8f07e13,False
Fixed_Composition_Grouped,3,5,,424,Training,COMP-f9d9cbed014e8b80,False
Fixed_Composition_Grouped,3,5,,425,Training,COMP-f9d9cbed014e8b80,False
Fixed_Composition_Grouped,3,5,,427,Training,COMP-f9d9cbed014e8b80,False
Fixed_Composition_Grouped,3,5,,429,Training,COMP-f9d9cbed014e8b80,False
Fixed_Composition_Grouped,3,5,,431,Training,COMP-f9d9cbed014e8b80,False
Fixed_Composition_Grouped,3,5,,432,Training,COMP-f9d9cbed014e8b80,False
Fixed_Composition_Grouped,3,5,,434,Training,COMP-f9d9cbed014e8b80,False
Fixed_Composition_Grouped,3,5,,438,Training,COMP-f9d9cbed014e8b80,False
Fixed_Composition_Grouped,3,5,,440,Training,COMP-f9d9cbed014e8b80,False
Fixed_Composition_Grouped,3,5,,441,Training,COMP-f9d9cbed014e8b80,False
Fixed_Composition_Grouped,3,5,,444,Training,COMP-f9d9cbed014e8b80,False
Fixed_Composition_Grouped,3,5,,445,Training,COMP-f9d9cbed014e8b80,False
Fixed_Composition_Grouped,3,5,,448,Training,COMP-f9d9cbed014e8b80,False
Fixed_Composition_Grouped,3,5,,449,Training,COMP-f9d9cbed014e8b80,False
Fixed_Composition_Grouped,3,5,,450,Training,COMP-f9d9cbed014e8b80,False
Fixed_Composition_Grouped,3,5,,451,Training,COMP-f9d9cbed014e8b80,False
Fixed_Composition_Grouped,3,5,,43,Validation,COMP-9b0e3106e10f71db,False
Fixed_Composition_Grouped,3,5,,51,Validation,COMP-dbc0864492ec7b98,False
Fixed_Composition_Grouped,3,5,,80,Validation,COMP-a14831ff30c0b14d,False
Fixed_Composition_Grouped,3,5,,84,Validation,COMP-a14831ff30c0b14d,False
Fixed_Composition_Grouped,3,5,,87,Validation,COMP-a14831ff30c0b14d,False
Fixed_Composition_Grouped,3,5,,97,Validation,COMP-a14831ff30c0b14d,False
Fixed_Composition_Grouped,3,5,,107,Validation,COMP-384273ac244080b1,False
Fixed_Composition_Grouped,3,5,,110,Validation,COMP-c1d72bb5d7d164b0,False
Fixed_Composition_Grouped,3,5,,111,Validation,COMP-c1d72bb5d7d164b0,False
Fixed_Composition_Grouped,3,5,,112,Validation,COMP-c1d72bb5d7d164b0,False
Fixed_Composition_Grouped,3,5,,130,Validation,COMP-89919c53d3149a2d,False
Fixed_Composition_Grouped,3,5,,133,Validation,COMP-89919c53d3149a2d,False
Fixed_Composition_Grouped,3,5,,134,Validation,COMP-89919c53d3149a2d,False
Fixed_Composition_Grouped,3,5,,135,Validation,COMP-89919c53d3149a2d,False
Fixed_Composition_Grouped,3,5,,138,Validation,COMP-89919c53d3149a2d,False
Fixed_Composition_Grouped,3,5,,139,Validation,COMP-89919c53d3149a2d,False
Fixed_Composition_Grouped,3,5,,141,Validation,COMP-89919c53d3149a2d,False
Fixed_Composition_Grouped,3,5,,142,Validation,COMP-89919c53d3149a2d,False
Fixed_Composition_Grouped,3,5,,143,Validation,COMP-89919c53d3149a2d,False
Fixed_Composition_Grouped,3,5,,144,Validation,COMP-89919c53d3149a2d,False
Fixed_Composition_Grouped,3,5,,145,Validation,COMP-89919c53d3149a2d,False
Fixed_Composition_Grouped,3,5,,146,Validation,COMP-266a388f7afdbe91,False
Fixed_Composition_Grouped,3,5,,147,Validation,COMP-055230aabe7d502c,False
Fixed_Composition_Grouped,3,5,,149,Validation,COMP-266a388f7afdbe91,False
Fixed_Composition_Grouped,3,5,,150,Validation,COMP-055230aabe7d502c,False
Fixed_Composition_Grouped,3,5,,152,Validation,COMP-055230aabe7d502c,False
Fixed_Composition_Grouped,3,5,,157,Validation,COMP-ddfcf6030a718a0c,False
Fixed_Composition_Grouped,3,5,,159,Validation,COMP-0346738121cb655e,False
Fixed_Composition_Grouped,3,5,,160,Validation,COMP-0346738121cb655e,False
Fixed_Composition_Grouped,3,5,,162,Validation,COMP-ddfcf6030a718a0c,False
Fixed_Composition_Grouped,3,5,,173,Validation,COMP-0d41a2cf75110ad6,False
Fixed_Composition_Grouped,3,5,,181,Validation,COMP-69c6ecd7284d3b47,False
Fixed_Composition_Grouped,3,5,,193,Validation,COMP-889d7d6c6dbf5b76,False
Fixed_Composition_Grouped,3,5,,202,Validation,COMP-598bc18a3ba07a9e,False
Fixed_Composition_Grouped,3,5,,205,Validation,COMP-d8a14990923ce9f7,False
Fixed_Composition_Grouped,3,5,,214,Validation,COMP-35e38ea13dc05b9e,False
Fixed_Composition_Grouped,3,5,,219,Validation,COMP-eae7689b221fd7f8,False
Fixed_Composition_Grouped,3,5,,225,Validation,COMP-289a02a6b94655b9,False
Fixed_Composition_Grouped,3,5,,228,Validation,COMP-46e30c1bd5e987da,False
Fixed_Composition_Grouped,3,5,,233,Validation,COMP-e60cc4ecffe6b7df,False
Fixed_Composition_Grouped,3,5,,320,Validation,COMP-dbc0864492ec7b98,False
Fixed_Composition_Grouped,3,5,,321,Validation,COMP-dbc0864492ec7b98,False
Fixed_Composition_Grouped,3,5,,322,Validation,COMP-dbc0864492ec7b98,False
Fixed_Composition_Grouped,3,5,,323,Validation,COMP-dbc0864492ec7b98,False
Fixed_Composition_Grouped,3,5,,324,Validation,COMP-dbc0864492ec7b98,False
Fixed_Composition_Grouped,3,5,,325,Validation,COMP-dbc0864492ec7b98,False
Fixed_Composition_Grouped,3,5,,326,Validation,COMP-dbc0864492ec7b98,False
Fixed_Composition_Grouped,3,5,,327,Validation,COMP-dbc0864492ec7b98,False
Fixed_Composition_Grouped,3,5,,328,Validation,COMP-dbc0864492ec7b98,False
Fixed_Composition_Grouped,3,5,,331,Validation,COMP-dbc0864492ec7b98,False
Fixed_Composition_Grouped,3,5,,333,Validation,COMP-dbc0864492ec7b98,False
Fixed_Composition_Grouped,3,5,,334,Validation,COMP-dbc0864492ec7b98,False
Fixed_Composition_Grouped,3,5,,337,Validation,COMP-06072d2dd3b021af,False
Fixed_Composition_Grouped,3,5,,339,Validation,COMP-06072d2dd3b021af,False
Fixed_Composition_Grouped,4,1,,3,Training,COMP-725d39a40881dc4b,False
Fixed_Composition_Grouped,4,1,,4,Training,COMP-862c9c676a6f1012,False
Fixed_Composition_Grouped,4,1,,5,Training,COMP-8e1fe5f59d3c7565,False
Fixed_Composition_Grouped,4,1,,7,Training,COMP-725d39a40881dc4b,False
Fixed_Composition_Grouped,4,1,,8,Training,COMP-725d39a40881dc4b,False
Fixed_Composition_Grouped,4,1,,10,Training,COMP-725d39a40881dc4b,False
Fixed_Composition_Grouped,4,1,,12,Training,COMP-725d39a40881dc4b,False
Fixed_Composition_Grouped,4,1,,17,Training,COMP-773f99d6dc417f9e,False
Fixed_Composition_Grouped,4,1,,20,Training,COMP-0b765af90e5ebd4c,False
Fixed_Composition_Grouped,4,1,,21,Training,COMP-0b765af90e5ebd4c,False
Fixed_Composition_Grouped,4,1,,23,Training,COMP-81f8a3600f73b006,False
Fixed_Composition_Grouped,4,1,,24,Training,COMP-0b765af90e5ebd4c,False
Fixed_Composition_Grouped,4,1,,26,Training,COMP-7decbe1f0284bd78,False
Fixed_Composition_Grouped,4,1,,28,Training,COMP-3632fb12e94bc35a,False
Fixed_Composition_Grouped,4,1,,29,Training,COMP-773f99d6dc417f9e,False
Fixed_Composition_Grouped,4,1,,32,Training,COMP-81f8a3600f73b006,False
Fixed_Composition_Grouped,4,1,,35,Training,COMP-a87a2533a652007c,False
Fixed_Composition_Grouped,4,1,,36,Training,COMP-87a7ec252c82f56c,False
Fixed_Composition_Grouped,4,1,,37,Training,COMP-f6d84b53636ddfbe,False
Fixed_Composition_Grouped,4,1,,44,Training,COMP-0d7ce00a50a6a24f,False
Fixed_Composition_Grouped,4,1,,45,Training,COMP-59ce4655e65cf94a,False
Fixed_Composition_Grouped,4,1,,47,Training,COMP-e295ac85ac1ada41,False
Fixed_Composition_Grouped,4,1,,48,Training,COMP-b611e8d56579c910,False
Fixed_Composition_Grouped,4,1,,49,Training,COMP-92ece298f11712f0,False
Fixed_Composition_Grouped,4,1,,51,Training,COMP-dbc0864492ec7b98,False
Fixed_Composition_Grouped,4,1,,52,Training,COMP-06f5d2a767a65349,False
Fixed_Composition_Grouped,4,1,,53,Training,COMP-06f5d2a767a65349,False
Fixed_Composition_Grouped,4,1,,54,Training,COMP-ea1f0dc96a173899,False
Fixed_Composition_Grouped,4,1,,60,Training,COMP-3f22c6642a7a1344,False
Fixed_Composition_Grouped,4,1,,61,Training,COMP-3f22c6642a7a1344,False
Fixed_Composition_Grouped,4,1,,62,Training,COMP-21d126c9d34df073,False
Fixed_Composition_Grouped,4,1,,63,Training,COMP-21d126c9d34df073,False
Fixed_Composition_Grouped,4,1,,64,Training,COMP-3157f0dc71f862ff,False
Fixed_Composition_Grouped,4,1,,65,Training,COMP-7c0b488137fafb3b,False
Fixed_Composition_Grouped,4,1,,66,Training,COMP-b8df58296dba2095,False
Fixed_Composition_Grouped,4,1,,67,Training,COMP-49d8e1edbf1c2fbd,False
Fixed_Composition_Grouped,4,1,,68,Training,COMP-21d126c9d34df073,False
Fixed_Composition_Grouped,4,1,,69,Training,COMP-8cee7ef8867afd2d,False
Fixed_Composition_Grouped,4,1,,80,Training,COMP-a14831ff30c0b14d,False
Fixed_Composition_Grouped,4,1,,83,Training,COMP-e913f917a7e36868,False
Fixed_Composition_Grouped,4,1,,84,Training,COMP-a14831ff30c0b14d,False
Fixed_Composition_Grouped,4,1,,85,Training,COMP-e913f917a7e36868,False
Fixed_Composition_Grouped,4,1,,86,Training,COMP-ea2a626c3522e4a5,False
Fixed_Composition_Grouped,4,1,,87,Training,COMP-a14831ff30c0b14d,False
Fixed_Composition_Grouped,4,1,,88,Training,COMP-ea2a626c3522e4a5,False
Fixed_Composition_Grouped,4,1,,92,Training,COMP-ea2a626c3522e4a5,False
Fixed_Composition_Grouped,4,1,,94,Training,COMP-ea2a626c3522e4a5,False
Fixed_Composition_Grouped,4,1,,95,Training,COMP-ea2a626c3522e4a5,False
Fixed_Composition_Grouped,4,1,,96,Training,COMP-ea2a626c3522e4a5,False
Fixed_Composition_Grouped,4,1,,97,Training,COMP-a14831ff30c0b14d,False
Fixed_Composition_Grouped,4,1,,98,Training,COMP-e913f917a7e36868,False
Fixed_Composition_Grouped,4,1,,99,Training,COMP-ea2a626c3522e4a5,False
Fixed_Composition_Grouped,4,1,,100,Training,COMP-ea2a626c3522e4a5,False
Fixed_Composition_Grouped,4,1,,107,Training,COMP-384273ac244080b1,False
Fixed_Composition_Grouped,4,1,,110,Training,COMP-c1d72bb5d7d164b0,False
Fixed_Composition_Grouped,4,1,,111,Training,COMP-c1d72bb5d7d164b0,False
Fixed_Composition_Grouped,4,1,,112,Training,COMP-c1d72bb5d7d164b0,False
Fixed_Composition_Grouped,4,1,,114,Training,COMP-6360354242bed7fe,False
Fixed_Composition_Grouped,4,1,,115,Training,COMP-15c7378d46cadefa,False
Fixed_Composition_Grouped,4,1,,118,Training,COMP-8bbe9ce01fb6a2d3,False
Fixed_Composition_Grouped,4,1,,120,Training,COMP-8bbe9ce01fb6a2d3,False
Fixed_Composition_Grouped,4,1,,121,Training,COMP-b2e9edd7bc55d085,False
Fixed_Composition_Grouped,4,1,,122,Training,COMP-b2e9edd7bc55d085,False
Fixed_Composition_Grouped,4,1,,123,Training,COMP-0ee2ef468faff8db,False
Fixed_Composition_Grouped,4,1,,125,Training,COMP-0ee2ef468faff8db,False
Fixed_Composition_Grouped,4,1,,126,Training,COMP-5502f8bc72167a0b,False
Fixed_Composition_Grouped,4,1,,127,Training,COMP-5502f8bc72167a0b,False
Fixed_Composition_Grouped,4,1,,130,Training,COMP-89919c53d3149a2d,False
Fixed_Composition_Grouped,4,1,,133,Training,COMP-89919c53d3149a2d,False
Fixed_Composition_Grouped,4,1,,134,Training,COMP-89919c53d3149a2d,False
Fixed_Composition_Grouped,4,1,,135,Training,COMP-89919c53d3149a2d,False
Fixed_Composition_Grouped,4,1,,138,Training,COMP-89919c53d3149a2d,False
Fixed_Composition_Grouped,4,1,,139,Training,COMP-89919c53d3149a2d,False
Fixed_Composition_Grouped,4,1,,141,Training,COMP-89919c53d3149a2d,False
Fixed_Composition_Grouped,4,1,,142,Training,COMP-89919c53d3149a2d,False
Fixed_Composition_Grouped,4,1,,143,Training,COMP-89919c53d3149a2d,False
Fixed_Composition_Grouped,4,1,,144,Training,COMP-89919c53d3149a2d,False
Fixed_Composition_Grouped,4,1,,145,Training,COMP-89919c53d3149a2d,False
Fixed_Composition_Grouped,4,1,,146,Training,COMP-266a388f7afdbe91,False
Fixed_Composition_Grouped,4,1,,147,Training,COMP-055230aabe7d502c,False
Fixed_Composition_Grouped,4,1,,148,Training,COMP-150ce51691dfb5f9,False
Fixed_Composition_Grouped,4,1,,149,Training,COMP-266a388f7afdbe91,False
Fixed_Composition_Grouped,4,1,,150,Training,COMP-055230aabe7d502c,False
Fixed_Composition_Grouped,4,1,,152,Training,COMP-055230aabe7d502c,False
Fixed_Composition_Grouped,4,1,,154,Training,COMP-150ce51691dfb5f9,False
Fixed_Composition_Grouped,4,1,,159,Training,COMP-0346738121cb655e,False
Fixed_Composition_Grouped,4,1,,160,Training,COMP-0346738121cb655e,False
Fixed_Composition_Grouped,4,1,,163,Training,COMP-b2e9edd7bc55d085,False
Fixed_Composition_Grouped,4,1,,168,Training,COMP-92ed17371ff559b6,False
Fixed_Composition_Grouped,4,1,,169,Training,COMP-92ed17371ff559b6,False
Fixed_Composition_Grouped,4,1,,172,Training,COMP-92ed17371ff559b6,False
Fixed_Composition_Grouped,4,1,,174,Training,COMP-a35a20d65351aafe,False
Fixed_Composition_Grouped,4,1,,176,Training,COMP-5479c448b954c055,False
Fixed_Composition_Grouped,4,1,,177,Training,COMP-5479c448b954c055,False
Fixed_Composition_Grouped,4,1,,178,Training,COMP-b9abc443805301b1,False
Fixed_Composition_Grouped,4,1,,181,Training,COMP-69c6ecd7284d3b47,False
Fixed_Composition_Grouped,4,1,,182,Training,COMP-630f3050f45faf36,False
Fixed_Composition_Grouped,4,1,,183,Training,COMP-630f3050f45faf36,False
Fixed_Composition_Grouped,4,1,,184,Training,COMP-0966c0019ec07f39,False
Fixed_Composition_Grouped,4,1,,186,Training,COMP-0966c0019ec07f39,False
Fixed_Composition_Grouped,4,1,,193,Training,COMP-889d7d6c6dbf5b76,False
Fixed_Composition_Grouped,4,1,,194,Training,COMP-445f55453794f59c,False
Fixed_Composition_Grouped,4,1,,197,Training,COMP-880bd22028629a8e,False
Fixed_Composition_Grouped,4,1,,200,Training,COMP-b878df279a448475,False
Fixed_Composition_Grouped,4,1,,201,Training,COMP-05480af3b167ab05,False
Fixed_Composition_Grouped,4,1,,205,Training,COMP-d8a14990923ce9f7,False
Fixed_Composition_Grouped,4,1,,210,Training,COMP-d7494ade7e8dd694,False
Fixed_Composition_Grouped,4,1,,211,Training,COMP-b775405901636085,False
Fixed_Composition_Grouped,4,1,,214,Training,COMP-35e38ea13dc05b9e,False
Fixed_Composition_Grouped,4,1,,215,Training,COMP-6b4f0394292930ba,False
Fixed_Composition_Grouped,4,1,,216,Training,COMP-4a76c05754ee1efa,False
Fixed_Composition_Grouped,4,1,,219,Training,COMP-eae7689b221fd7f8,False
Fixed_Composition_Grouped,4,1,,221,Training,COMP-20d1e620c817cb5a,False
Fixed_Composition_Grouped,4,1,,224,Training,COMP-93900d7c81c38cdd,False
Fixed_Composition_Grouped,4,1,,225,Training,COMP-289a02a6b94655b9,False
Fixed_Composition_Grouped,4,1,,226,Training,COMP-93900d7c81c38cdd,False
Fixed_Composition_Grouped,4,1,,228,Training,COMP-46e30c1bd5e987da,False
Fixed_Composition_Grouped,4,1,,229,Training,COMP-2753cd2e053c8c98,False
Fixed_Composition_Grouped,4,1,,230,Training,COMP-0107563adaed8d01,False
Fixed_Composition_Grouped,4,1,,235,Training,COMP-091a20b5a1dfb76f,False
Fixed_Composition_Grouped,4,1,,236,Training,COMP-44fea4804e888e0a,False
Fixed_Composition_Grouped,4,1,,237,Training,COMP-4ef2bcae5243588c,False
Fixed_Composition_Grouped,4,1,,238,Training,COMP-fc5c3e46d2655b62,False
Fixed_Composition_Grouped,4,1,,239,Training,COMP-0b765af90e5ebd4c,False
Fixed_Composition_Grouped,4,1,,240,Training,COMP-0b765af90e5ebd4c,False
Fixed_Composition_Grouped,4,1,,241,Training,COMP-631a18a4a6b20c0c,False
Fixed_Composition_Grouped,4,1,,242,Training,COMP-631a18a4a6b20c0c,False
Fixed_Composition_Grouped,4,1,,243,Training,COMP-b0cc51380afea02b,False
Fixed_Composition_Grouped,4,1,,246,Training,COMP-1fc9679353325516,False
Fixed_Composition_Grouped,4,1,,247,Training,COMP-e295ac85ac1ada41,False
Fixed_Composition_Grouped,4,1,,249,Training,COMP-e295ac85ac1ada41,False
Fixed_Composition_Grouped,4,1,,251,Training,COMP-dd1e9c4c0f247912,False
Fixed_Composition_Grouped,4,1,,252,Training,COMP-725d39a40881dc4b,False
Fixed_Composition_Grouped,4,1,,253,Training,COMP-725d39a40881dc4b,False
Fixed_Composition_Grouped,4,1,,255,Training,COMP-95a56990f4bea8a9,False
Fixed_Composition_Grouped,4,1,,256,Training,COMP-95a56990f4bea8a9,False
Fixed_Composition_Grouped,4,1,,257,Training,COMP-95a56990f4bea8a9,False
Fixed_Composition_Grouped,4,1,,258,Training,COMP-95a56990f4bea8a9,False
Fixed_Composition_Grouped,4,1,,259,Training,COMP-95a56990f4bea8a9,False
Fixed_Composition_Grouped,4,1,,260,Training,COMP-95a56990f4bea8a9,False
Fixed_Composition_Grouped,4,1,,263,Training,COMP-95a56990f4bea8a9,False
Fixed_Composition_Grouped,4,1,,266,Training,COMP-95a56990f4bea8a9,False
Fixed_Composition_Grouped,4,1,,268,Training,COMP-95a56990f4bea8a9,False
Fixed_Composition_Grouped,4,1,,271,Training,COMP-95a56990f4bea8a9,False
Fixed_Composition_Grouped,4,1,,272,Training,COMP-95a56990f4bea8a9,False
Fixed_Composition_Grouped,4,1,,273,Training,COMP-95a56990f4bea8a9,False
Fixed_Composition_Grouped,4,1,,282,Training,COMP-95a56990f4bea8a9,False
Fixed_Composition_Grouped,4,1,,283,Training,COMP-95a56990f4bea8a9,False
Fixed_Composition_Grouped,4,1,,285,Training,COMP-95a56990f4bea8a9,False
Fixed_Composition_Grouped,4,1,,286,Training,COMP-478c9f483894c42c,False
Fixed_Composition_Grouped,4,1,,288,Training,COMP-478c9f483894c42c,False
Fixed_Composition_Grouped,4,1,,292,Training,COMP-478c9f483894c42c,False
Fixed_Composition_Grouped,4,1,,295,Training,COMP-478c9f483894c42c,False
Fixed_Composition_Grouped,4,1,,296,Training,COMP-478c9f483894c42c,False
Fixed_Composition_Grouped,4,1,,300,Training,COMP-478c9f483894c42c,False
Fixed_Composition_Grouped,4,1,,303,Training,COMP-478c9f483894c42c,False
Fixed_Composition_Grouped,4,1,,306,Training,COMP-478c9f483894c42c,False
Fixed_Composition_Grouped,4,1,,307,Training,COMP-478c9f483894c42c,False
Fixed_Composition_Grouped,4,1,,309,Training,COMP-478c9f483894c42c,False
Fixed_Composition_Grouped,4,1,,310,Training,COMP-478c9f483894c42c,False
Fixed_Composition_Grouped,4,1,,311,Training,COMP-478c9f483894c42c,False
Fixed_Composition_Grouped,4,1,,313,Training,COMP-478c9f483894c42c,False
Fixed_Composition_Grouped,4,1,,315,Training,COMP-478c9f483894c42c,False
Fixed_Composition_Grouped,4,1,,316,Training,COMP-478c9f483894c42c,False
Fixed_Composition_Grouped,4,1,,320,Training,COMP-dbc0864492ec7b98,False
Fixed_Composition_Grouped,4,1,,321,Training,COMP-dbc0864492ec7b98,False
Fixed_Composition_Grouped,4,1,,322,Training,COMP-dbc0864492ec7b98,False
Fixed_Composition_Grouped,4,1,,323,Training,COMP-dbc0864492ec7b98,False
Fixed_Composition_Grouped,4,1,,324,Training,COMP-dbc0864492ec7b98,False
Fixed_Composition_Grouped,4,1,,325,Training,COMP-dbc0864492ec7b98,False
Fixed_Composition_Grouped,4,1,,326,Training,COMP-dbc0864492ec7b98,False
Fixed_Composition_Grouped,4,1,,327,Training,COMP-dbc0864492ec7b98,False
Fixed_Composition_Grouped,4,1,,328,Training,COMP-dbc0864492ec7b98,False
Fixed_Composition_Grouped,4,1,,331,Training,COMP-dbc0864492ec7b98,False
Fixed_Composition_Grouped,4,1,,333,Training,COMP-dbc0864492ec7b98,False
Fixed_Composition_Grouped,4,1,,334,Training,COMP-dbc0864492ec7b98,False
Fixed_Composition_Grouped,4,1,,337,Training,COMP-06072d2dd3b021af,False
Fixed_Composition_Grouped,4,1,,339,Training,COMP-06072d2dd3b021af,False
Fixed_Composition_Grouped,4,1,,341,Training,COMP-221944a235b3f36b,False
Fixed_Composition_Grouped,4,1,,342,Training,COMP-221944a235b3f36b,False
Fixed_Composition_Grouped,4,1,,344,Training,COMP-e1e52574fbb04f58,False
Fixed_Composition_Grouped,4,1,,345,Training,COMP-e1e52574fbb04f58,False
Fixed_Composition_Grouped,4,1,,347,Training,COMP-e1e52574fbb04f58,False
Fixed_Composition_Grouped,4,1,,348,Training,COMP-30cef922979fb9fd,False
Fixed_Composition_Grouped,4,1,,349,Training,COMP-30cef922979fb9fd,False
Fixed_Composition_Grouped,4,1,,350,Training,COMP-30cef922979fb9fd,False
Fixed_Composition_Grouped,4,1,,351,Training,COMP-30cef922979fb9fd,False
Fixed_Composition_Grouped,4,1,,352,Training,COMP-30cef922979fb9fd,False
Fixed_Composition_Grouped,4,1,,354,Training,COMP-59f47d6774b9fdfb,False
Fixed_Composition_Grouped,4,1,,356,Training,COMP-59f47d6774b9fdfb,False
Fixed_Composition_Grouped,4,1,,358,Training,COMP-59f47d6774b9fdfb,False
Fixed_Composition_Grouped,4,1,,365,Training,COMP-e1e52574fbb04f58,False
Fixed_Composition_Grouped,4,1,,406,Training,COMP-7fb1fecc93ced403,False
Fixed_Composition_Grouped,4,1,,408,Training,COMP-7fb1fecc93ced403,False
Fixed_Composition_Grouped,4,1,,413,Training,COMP-a85acb2f2da0216b,False
Fixed_Composition_Grouped,4,1,,414,Training,COMP-a85acb2f2da0216b,False
Fixed_Composition_Grouped,4,1,,415,Training,COMP-a85acb2f2da0216b,False
Fixed_Composition_Grouped,4,1,,418,Training,COMP-a85acb2f2da0216b,False
Fixed_Composition_Grouped,4,1,,421,Training,COMP-edeedccfd8f07e13,False
Fixed_Composition_Grouped,4,1,,422,Training,COMP-edeedccfd8f07e13,False
Fixed_Composition_Grouped,4,1,,424,Training,COMP-f9d9cbed014e8b80,False
Fixed_Composition_Grouped,4,1,,425,Training,COMP-f9d9cbed014e8b80,False
Fixed_Composition_Grouped,4,1,,427,Training,COMP-f9d9cbed014e8b80,False
Fixed_Composition_Grouped,4,1,,429,Training,COMP-f9d9cbed014e8b80,False
Fixed_Composition_Grouped,4,1,,431,Training,COMP-f9d9cbed014e8b80,False
Fixed_Composition_Grouped,4,1,,432,Training,COMP-f9d9cbed014e8b80,False
Fixed_Composition_Grouped,4,1,,434,Training,COMP-f9d9cbed014e8b80,False
Fixed_Composition_Grouped,4,1,,438,Training,COMP-f9d9cbed014e8b80,False
Fixed_Composition_Grouped,4,1,,440,Training,COMP-f9d9cbed014e8b80,False
Fixed_Composition_Grouped,4,1,,441,Training,COMP-f9d9cbed014e8b80,False
Fixed_Composition_Grouped,4,1,,444,Training,COMP-f9d9cbed014e8b80,False
Fixed_Composition_Grouped,4,1,,445,Training,COMP-f9d9cbed014e8b80,False
Fixed_Composition_Grouped,4,1,,448,Training,COMP-f9d9cbed014e8b80,False
Fixed_Composition_Grouped,4,1,,449,Training,COMP-f9d9cbed014e8b80,False
Fixed_Composition_Grouped,4,1,,450,Training,COMP-f9d9cbed014e8b80,False
Fixed_Composition_Grouped,4,1,,451,Training,COMP-f9d9cbed014e8b80,False
Fixed_Composition_Grouped,4,1,,1,Validation,COMP-27021c945dc6ef2d,False
Fixed_Composition_Grouped,4,1,,6,Validation,COMP-27021c945dc6ef2d,False
Fixed_Composition_Grouped,4,1,,13,Validation,COMP-27021c945dc6ef2d,False
Fixed_Composition_Grouped,4,1,,14,Validation,COMP-609dfbaf681359b8,False
Fixed_Composition_Grouped,4,1,,27,Validation,COMP-73d52e7a36d559a9,False
Fixed_Composition_Grouped,4,1,,40,Validation,COMP-1af7d3f3b3b924e5,False
Fixed_Composition_Grouped,4,1,,41,Validation,COMP-1af7d3f3b3b924e5,False
Fixed_Composition_Grouped,4,1,,43,Validation,COMP-9b0e3106e10f71db,False
Fixed_Composition_Grouped,4,1,,74,Validation,COMP-f9a00d6d8411a0d1,False
Fixed_Composition_Grouped,4,1,,102,Validation,COMP-435a8f4ba56d8b5d,False
Fixed_Composition_Grouped,4,1,,103,Validation,COMP-435a8f4ba56d8b5d,False
Fixed_Composition_Grouped,4,1,,104,Validation,COMP-435a8f4ba56d8b5d,False
Fixed_Composition_Grouped,4,1,,105,Validation,COMP-435a8f4ba56d8b5d,False
Fixed_Composition_Grouped,4,1,,106,Validation,COMP-435a8f4ba56d8b5d,False
Fixed_Composition_Grouped,4,1,,156,Validation,COMP-941f92def7f50542,False
Fixed_Composition_Grouped,4,1,,157,Validation,COMP-ddfcf6030a718a0c,False
Fixed_Composition_Grouped,4,1,,161,Validation,COMP-eacd4f126ab29a30,False
Fixed_Composition_Grouped,4,1,,162,Validation,COMP-ddfcf6030a718a0c,False
Fixed_Composition_Grouped,4,1,,164,Validation,COMP-941f92def7f50542,False
Fixed_Composition_Grouped,4,1,,167,Validation,COMP-eacd4f126ab29a30,False
Fixed_Composition_Grouped,4,1,,173,Validation,COMP-0d41a2cf75110ad6,False
Fixed_Composition_Grouped,4,1,,175,Validation,COMP-b72f6533b137a4f6,False
Fixed_Composition_Grouped,4,1,,187,Validation,COMP-a7670bf71188b1d6,False
Fixed_Composition_Grouped,4,1,,188,Validation,COMP-a7670bf71188b1d6,False
Fixed_Composition_Grouped,4,1,,199,Validation,COMP-6525c735bb50fb1c,False
Fixed_Composition_Grouped,4,1,,202,Validation,COMP-598bc18a3ba07a9e,False
Fixed_Composition_Grouped,4,1,,207,Validation,COMP-948abb1ebd270642,False
Fixed_Composition_Grouped,4,1,,231,Validation,COMP-0e256dc7494452a7,False
Fixed_Composition_Grouped,4,1,,232,Validation,COMP-0e256dc7494452a7,False
Fixed_Composition_Grouped,4,1,,233,Validation,COMP-e60cc4ecffe6b7df,False
Fixed_Composition_Grouped,4,1,,360,Validation,COMP-0765adc8c505dd3b,False
Fixed_Composition_Grouped,4,1,,363,Validation,COMP-0765adc8c505dd3b,False
Fixed_Composition_Grouped,4,1,,364,Validation,COMP-0765adc8c505dd3b,False
Fixed_Composition_Grouped,4,1,,369,Validation,COMP-6f2ca218fbd1923b,False
Fixed_Composition_Grouped,4,1,,371,Validation,COMP-6f2ca218fbd1923b,False
Fixed_Composition_Grouped,4,1,,372,Validation,COMP-6f2ca218fbd1923b,False
Fixed_Composition_Grouped,4,1,,375,Validation,COMP-6f2ca218fbd1923b,False
Fixed_Composition_Grouped,4,1,,376,Validation,COMP-6f2ca218fbd1923b,False
Fixed_Composition_Grouped,4,1,,378,Validation,COMP-6f2ca218fbd1923b,False
Fixed_Composition_Grouped,4,1,,380,Validation,COMP-6f2ca218fbd1923b,False
Fixed_Composition_Grouped,4,1,,381,Validation,COMP-6f2ca218fbd1923b,False
Fixed_Composition_Grouped,4,1,,382,Validation,COMP-6f2ca218fbd1923b,False
Fixed_Composition_Grouped,4,1,,384,Validation,COMP-6f2ca218fbd1923b,False
Fixed_Composition_Grouped,4,1,,386,Validation,COMP-6f2ca218fbd1923b,False
Fixed_Composition_Grouped,4,1,,387,Validation,COMP-6f2ca218fbd1923b,False
Fixed_Composition_Grouped,4,1,,388,Validation,COMP-6f2ca218fbd1923b,False
Fixed_Composition_Grouped,4,1,,389,Validation,COMP-6f2ca218fbd1923b,False
Fixed_Composition_Grouped,4,1,,391,Validation,COMP-6f2ca218fbd1923b,False
Fixed_Composition_Grouped,4,1,,393,Validation,COMP-6f2ca218fbd1923b,False
Fixed_Composition_Grouped,4,1,,395,Validation,COMP-6f2ca218fbd1923b,False
Fixed_Composition_Grouped,4,1,,399,Validation,COMP-6f2ca218fbd1923b,False
Fixed_Composition_Grouped,4,1,,402,Validation,COMP-6f2ca218fbd1923b,False
Fixed_Composition_Grouped,4,1,,404,Validation,COMP-6f2ca218fbd1923b,False
Fixed_Composition_Grouped,4,1,,405,Validation,COMP-6f2ca218fbd1923b,False
Fixed_Composition_Grouped,4,2,,1,Training,COMP-27021c945dc6ef2d,False
Fixed_Composition_Grouped,4,2,,3,Training,COMP-725d39a40881dc4b,False
Fixed_Composition_Grouped,4,2,,4,Training,COMP-862c9c676a6f1012,False
Fixed_Composition_Grouped,4,2,,6,Training,COMP-27021c945dc6ef2d,False
Fixed_Composition_Grouped,4,2,,7,Training,COMP-725d39a40881dc4b,False
Fixed_Composition_Grouped,4,2,,8,Training,COMP-725d39a40881dc4b,False
Fixed_Composition_Grouped,4,2,,10,Training,COMP-725d39a40881dc4b,False
Fixed_Composition_Grouped,4,2,,12,Training,COMP-725d39a40881dc4b,False
Fixed_Composition_Grouped,4,2,,13,Training,COMP-27021c945dc6ef2d,False
Fixed_Composition_Grouped,4,2,,14,Training,COMP-609dfbaf681359b8,False
Fixed_Composition_Grouped,4,2,,17,Training,COMP-773f99d6dc417f9e,False
Fixed_Composition_Grouped,4,2,,26,Training,COMP-7decbe1f0284bd78,False
Fixed_Composition_Grouped,4,2,,27,Training,COMP-73d52e7a36d559a9,False
Fixed_Composition_Grouped,4,2,,28,Training,COMP-3632fb12e94bc35a,False
Fixed_Composition_Grouped,4,2,,29,Training,COMP-773f99d6dc417f9e,False
Fixed_Composition_Grouped,4,2,,35,Training,COMP-a87a2533a652007c,False
Fixed_Composition_Grouped,4,2,,36,Training,COMP-87a7ec252c82f56c,False
Fixed_Composition_Grouped,4,2,,37,Training,COMP-f6d84b53636ddfbe,False
Fixed_Composition_Grouped,4,2,,40,Training,COMP-1af7d3f3b3b924e5,False
Fixed_Composition_Grouped,4,2,,41,Training,COMP-1af7d3f3b3b924e5,False
Fixed_Composition_Grouped,4,2,,43,Training,COMP-9b0e3106e10f71db,False
Fixed_Composition_Grouped,4,2,,44,Training,COMP-0d7ce00a50a6a24f,False
Fixed_Composition_Grouped,4,2,,48,Training,COMP-b611e8d56579c910,False
Fixed_Composition_Grouped,4,2,,49,Training,COMP-92ece298f11712f0,False
Fixed_Composition_Grouped,4,2,,51,Training,COMP-dbc0864492ec7b98,False
Fixed_Composition_Grouped,4,2,,52,Training,COMP-06f5d2a767a65349,False
Fixed_Composition_Grouped,4,2,,53,Training,COMP-06f5d2a767a65349,False
Fixed_Composition_Grouped,4,2,,54,Training,COMP-ea1f0dc96a173899,False
Fixed_Composition_Grouped,4,2,,60,Training,COMP-3f22c6642a7a1344,False
Fixed_Composition_Grouped,4,2,,61,Training,COMP-3f22c6642a7a1344,False
Fixed_Composition_Grouped,4,2,,62,Training,COMP-21d126c9d34df073,False
Fixed_Composition_Grouped,4,2,,63,Training,COMP-21d126c9d34df073,False
Fixed_Composition_Grouped,4,2,,64,Training,COMP-3157f0dc71f862ff,False
Fixed_Composition_Grouped,4,2,,66,Training,COMP-b8df58296dba2095,False
Fixed_Composition_Grouped,4,2,,67,Training,COMP-49d8e1edbf1c2fbd,False
Fixed_Composition_Grouped,4,2,,68,Training,COMP-21d126c9d34df073,False
Fixed_Composition_Grouped,4,2,,69,Training,COMP-8cee7ef8867afd2d,False
Fixed_Composition_Grouped,4,2,,74,Training,COMP-f9a00d6d8411a0d1,False
Fixed_Composition_Grouped,4,2,,80,Training,COMP-a14831ff30c0b14d,False
Fixed_Composition_Grouped,4,2,,83,Training,COMP-e913f917a7e36868,False
Fixed_Composition_Grouped,4,2,,84,Training,COMP-a14831ff30c0b14d,False
Fixed_Composition_Grouped,4,2,,85,Training,COMP-e913f917a7e36868,False
Fixed_Composition_Grouped,4,2,,86,Training,COMP-ea2a626c3522e4a5,False
Fixed_Composition_Grouped,4,2,,87,Training,COMP-a14831ff30c0b14d,False
Fixed_Composition_Grouped,4,2,,88,Training,COMP-ea2a626c3522e4a5,False
Fixed_Composition_Grouped,4,2,,92,Training,COMP-ea2a626c3522e4a5,False
Fixed_Composition_Grouped,4,2,,94,Training,COMP-ea2a626c3522e4a5,False
Fixed_Composition_Grouped,4,2,,95,Training,COMP-ea2a626c3522e4a5,False
Fixed_Composition_Grouped,4,2,,96,Training,COMP-ea2a626c3522e4a5,False
Fixed_Composition_Grouped,4,2,,97,Training,COMP-a14831ff30c0b14d,False
Fixed_Composition_Grouped,4,2,,98,Training,COMP-e913f917a7e36868,False
Fixed_Composition_Grouped,4,2,,99,Training,COMP-ea2a626c3522e4a5,False
Fixed_Composition_Grouped,4,2,,100,Training,COMP-ea2a626c3522e4a5,False
Fixed_Composition_Grouped,4,2,,102,Training,COMP-435a8f4ba56d8b5d,False
Fixed_Composition_Grouped,4,2,,103,Training,COMP-435a8f4ba56d8b5d,False
Fixed_Composition_Grouped,4,2,,104,Training,COMP-435a8f4ba56d8b5d,False
Fixed_Composition_Grouped,4,2,,105,Training,COMP-435a8f4ba56d8b5d,False
Fixed_Composition_Grouped,4,2,,106,Training,COMP-435a8f4ba56d8b5d,False
Fixed_Composition_Grouped,4,2,,107,Training,COMP-384273ac244080b1,False
Fixed_Composition_Grouped,4,2,,110,Training,COMP-c1d72bb5d7d164b0,False
Fixed_Composition_Grouped,4,2,,111,Training,COMP-c1d72bb5d7d164b0,False
Fixed_Composition_Grouped,4,2,,112,Training,COMP-c1d72bb5d7d164b0,False
Fixed_Composition_Grouped,4,2,,114,Training,COMP-6360354242bed7fe,False
Fixed_Composition_Grouped,4,2,,115,Training,COMP-15c7378d46cadefa,False
Fixed_Composition_Grouped,4,2,,118,Training,COMP-8bbe9ce01fb6a2d3,False
Fixed_Composition_Grouped,4,2,,120,Training,COMP-8bbe9ce01fb6a2d3,False
Fixed_Composition_Grouped,4,2,,126,Training,COMP-5502f8bc72167a0b,False
Fixed_Composition_Grouped,4,2,,127,Training,COMP-5502f8bc72167a0b,False
Fixed_Composition_Grouped,4,2,,130,Training,COMP-89919c53d3149a2d,False
Fixed_Composition_Grouped,4,2,,133,Training,COMP-89919c53d3149a2d,False
Fixed_Composition_Grouped,4,2,,134,Training,COMP-89919c53d3149a2d,False
Fixed_Composition_Grouped,4,2,,135,Training,COMP-89919c53d3149a2d,False
Fixed_Composition_Grouped,4,2,,138,Training,COMP-89919c53d3149a2d,False
Fixed_Composition_Grouped,4,2,,139,Training,COMP-89919c53d3149a2d,False
Fixed_Composition_Grouped,4,2,,141,Training,COMP-89919c53d3149a2d,False
Fixed_Composition_Grouped,4,2,,142,Training,COMP-89919c53d3149a2d,False
Fixed_Composition_Grouped,4,2,,143,Training,COMP-89919c53d3149a2d,False
Fixed_Composition_Grouped,4,2,,144,Training,COMP-89919c53d3149a2d,False
Fixed_Composition_Grouped,4,2,,145,Training,COMP-89919c53d3149a2d,False
Fixed_Composition_Grouped,4,2,,146,Training,COMP-266a388f7afdbe91,False
Fixed_Composition_Grouped,4,2,,147,Training,COMP-055230aabe7d502c,False
Fixed_Composition_Grouped,4,2,,148,Training,COMP-150ce51691dfb5f9,False
Fixed_Composition_Grouped,4,2,,149,Training,COMP-266a388f7afdbe91,False
Fixed_Composition_Grouped,4,2,,150,Training,COMP-055230aabe7d502c,False
Fixed_Composition_Grouped,4,2,,152,Training,COMP-055230aabe7d502c,False
Fixed_Composition_Grouped,4,2,,154,Training,COMP-150ce51691dfb5f9,False
Fixed_Composition_Grouped,4,2,,156,Training,COMP-941f92def7f50542,False
Fixed_Composition_Grouped,4,2,,157,Training,COMP-ddfcf6030a718a0c,False
Fixed_Composition_Grouped,4,2,,161,Training,COMP-eacd4f126ab29a30,False
Fixed_Composition_Grouped,4,2,,162,Training,COMP-ddfcf6030a718a0c,False
Fixed_Composition_Grouped,4,2,,164,Training,COMP-941f92def7f50542,False
Fixed_Composition_Grouped,4,2,,167,Training,COMP-eacd4f126ab29a30,False
Fixed_Composition_Grouped,4,2,,168,Training,COMP-92ed17371ff559b6,False
Fixed_Composition_Grouped,4,2,,169,Training,COMP-92ed17371ff559b6,False
Fixed_Composition_Grouped,4,2,,172,Training,COMP-92ed17371ff559b6,False
Fixed_Composition_Grouped,4,2,,173,Training,COMP-0d41a2cf75110ad6,False
Fixed_Composition_Grouped,4,2,,175,Training,COMP-b72f6533b137a4f6,False
Fixed_Composition_Grouped,4,2,,176,Training,COMP-5479c448b954c055,False
Fixed_Composition_Grouped,4,2,,177,Training,COMP-5479c448b954c055,False
Fixed_Composition_Grouped,4,2,,181,Training,COMP-69c6ecd7284d3b47,False
Fixed_Composition_Grouped,4,2,,184,Training,COMP-0966c0019ec07f39,False
Fixed_Composition_Grouped,4,2,,186,Training,COMP-0966c0019ec07f39,False
Fixed_Composition_Grouped,4,2,,187,Training,COMP-a7670bf71188b1d6,False
Fixed_Composition_Grouped,4,2,,188,Training,COMP-a7670bf71188b1d6,False
Fixed_Composition_Grouped,4,2,,193,Training,COMP-889d7d6c6dbf5b76,False
Fixed_Composition_Grouped,4,2,,194,Training,COMP-445f55453794f59c,False
Fixed_Composition_Grouped,4,2,,199,Training,COMP-6525c735bb50fb1c,False
Fixed_Composition_Grouped,4,2,,200,Training,COMP-b878df279a448475,False
Fixed_Composition_Grouped,4,2,,201,Training,COMP-05480af3b167ab05,False
Fixed_Composition_Grouped,4,2,,202,Training,COMP-598bc18a3ba07a9e,False
Fixed_Composition_Grouped,4,2,,205,Training,COMP-d8a14990923ce9f7,False
Fixed_Composition_Grouped,4,2,,207,Training,COMP-948abb1ebd270642,False
Fixed_Composition_Grouped,4,2,,210,Training,COMP-d7494ade7e8dd694,False
Fixed_Composition_Grouped,4,2,,215,Training,COMP-6b4f0394292930ba,False
Fixed_Composition_Grouped,4,2,,216,Training,COMP-4a76c05754ee1efa,False
Fixed_Composition_Grouped,4,2,,219,Training,COMP-eae7689b221fd7f8,False
Fixed_Composition_Grouped,4,2,,224,Training,COMP-93900d7c81c38cdd,False
Fixed_Composition_Grouped,4,2,,225,Training,COMP-289a02a6b94655b9,False
Fixed_Composition_Grouped,4,2,,226,Training,COMP-93900d7c81c38cdd,False
Fixed_Composition_Grouped,4,2,,228,Training,COMP-46e30c1bd5e987da,False
Fixed_Composition_Grouped,4,2,,229,Training,COMP-2753cd2e053c8c98,False
Fixed_Composition_Grouped,4,2,,231,Training,COMP-0e256dc7494452a7,False
Fixed_Composition_Grouped,4,2,,232,Training,COMP-0e256dc7494452a7,False
Fixed_Composition_Grouped,4,2,,233,Training,COMP-e60cc4ecffe6b7df,False
Fixed_Composition_Grouped,4,2,,235,Training,COMP-091a20b5a1dfb76f,False
Fixed_Composition_Grouped,4,2,,236,Training,COMP-44fea4804e888e0a,False
Fixed_Composition_Grouped,4,2,,237,Training,COMP-4ef2bcae5243588c,False
Fixed_Composition_Grouped,4,2,,241,Training,COMP-631a18a4a6b20c0c,False
Fixed_Composition_Grouped,4,2,,242,Training,COMP-631a18a4a6b20c0c,False
Fixed_Composition_Grouped,4,2,,243,Training,COMP-b0cc51380afea02b,False
Fixed_Composition_Grouped,4,2,,251,Training,COMP-dd1e9c4c0f247912,False
Fixed_Composition_Grouped,4,2,,252,Training,COMP-725d39a40881dc4b,False
Fixed_Composition_Grouped,4,2,,253,Training,COMP-725d39a40881dc4b,False
Fixed_Composition_Grouped,4,2,,255,Training,COMP-95a56990f4bea8a9,False
Fixed_Composition_Grouped,4,2,,256,Training,COMP-95a56990f4bea8a9,False
Fixed_Composition_Grouped,4,2,,257,Training,COMP-95a56990f4bea8a9,False
Fixed_Composition_Grouped,4,2,,258,Training,COMP-95a56990f4bea8a9,False
Fixed_Composition_Grouped,4,2,,259,Training,COMP-95a56990f4bea8a9,False
Fixed_Composition_Grouped,4,2,,260,Training,COMP-95a56990f4bea8a9,False
Fixed_Composition_Grouped,4,2,,263,Training,COMP-95a56990f4bea8a9,False
Fixed_Composition_Grouped,4,2,,266,Training,COMP-95a56990f4bea8a9,False
Fixed_Composition_Grouped,4,2,,268,Training,COMP-95a56990f4bea8a9,False
Fixed_Composition_Grouped,4,2,,271,Training,COMP-95a56990f4bea8a9,False
Fixed_Composition_Grouped,4,2,,272,Training,COMP-95a56990f4bea8a9,False
Fixed_Composition_Grouped,4,2,,273,Training,COMP-95a56990f4bea8a9,False
Fixed_Composition_Grouped,4,2,,282,Training,COMP-95a56990f4bea8a9,False
Fixed_Composition_Grouped,4,2,,283,Training,COMP-95a56990f4bea8a9,False
Fixed_Composition_Grouped,4,2,,285,Training,COMP-95a56990f4bea8a9,False
Fixed_Composition_Grouped,4,2,,286,Training,COMP-478c9f483894c42c,False
Fixed_Composition_Grouped,4,2,,288,Training,COMP-478c9f483894c42c,False
Fixed_Composition_Grouped,4,2,,292,Training,COMP-478c9f483894c42c,False
Fixed_Composition_Grouped,4,2,,295,Training,COMP-478c9f483894c42c,False
Fixed_Composition_Grouped,4,2,,296,Training,COMP-478c9f483894c42c,False
Fixed_Composition_Grouped,4,2,,300,Training,COMP-478c9f483894c42c,False
Fixed_Composition_Grouped,4,2,,303,Training,COMP-478c9f483894c42c,False
Fixed_Composition_Grouped,4,2,,306,Training,COMP-478c9f483894c42c,False
Fixed_Composition_Grouped,4,2,,307,Training,COMP-478c9f483894c42c,False
Fixed_Composition_Grouped,4,2,,309,Training,COMP-478c9f483894c42c,False
Fixed_Composition_Grouped,4,2,,310,Training,COMP-478c9f483894c42c,False
Fixed_Composition_Grouped,4,2,,311,Training,COMP-478c9f483894c42c,False
Fixed_Composition_Grouped,4,2,,313,Training,COMP-478c9f483894c42c,False
Fixed_Composition_Grouped,4,2,,315,Training,COMP-478c9f483894c42c,False
Fixed_Composition_Grouped,4,2,,316,Training,COMP-478c9f483894c42c,False
Fixed_Composition_Grouped,4,2,,320,Training,COMP-dbc0864492ec7b98,False
Fixed_Composition_Grouped,4,2,,321,Training,COMP-dbc0864492ec7b98,False
Fixed_Composition_Grouped,4,2,,322,Training,COMP-dbc0864492ec7b98,False
Fixed_Composition_Grouped,4,2,,323,Training,COMP-dbc0864492ec7b98,False
Fixed_Composition_Grouped,4,2,,324,Training,COMP-dbc0864492ec7b98,False
Fixed_Composition_Grouped,4,2,,325,Training,COMP-dbc0864492ec7b98,False
Fixed_Composition_Grouped,4,2,,326,Training,COMP-dbc0864492ec7b98,False
Fixed_Composition_Grouped,4,2,,327,Training,COMP-dbc0864492ec7b98,False
Fixed_Composition_Grouped,4,2,,328,Training,COMP-dbc0864492ec7b98,False
Fixed_Composition_Grouped,4,2,,331,Training,COMP-dbc0864492ec7b98,False
Fixed_Composition_Grouped,4,2,,333,Training,COMP-dbc0864492ec7b98,False
Fixed_Composition_Grouped,4,2,,334,Training,COMP-dbc0864492ec7b98,False
Fixed_Composition_Grouped,4,2,,337,Training,COMP-06072d2dd3b021af,False
Fixed_Composition_Grouped,4,2,,339,Training,COMP-06072d2dd3b021af,False
Fixed_Composition_Grouped,4,2,,344,Training,COMP-e1e52574fbb04f58,False
Fixed_Composition_Grouped,4,2,,345,Training,COMP-e1e52574fbb04f58,False
Fixed_Composition_Grouped,4,2,,347,Training,COMP-e1e52574fbb04f58,False
Fixed_Composition_Grouped,4,2,,354,Training,COMP-59f47d6774b9fdfb,False
Fixed_Composition_Grouped,4,2,,356,Training,COMP-59f47d6774b9fdfb,False
Fixed_Composition_Grouped,4,2,,358,Training,COMP-59f47d6774b9fdfb,False
Fixed_Composition_Grouped,4,2,,360,Training,COMP-0765adc8c505dd3b,False
Fixed_Composition_Grouped,4,2,,363,Training,COMP-0765adc8c505dd3b,False
Fixed_Composition_Grouped,4,2,,364,Training,COMP-0765adc8c505dd3b,False
Fixed_Composition_Grouped,4,2,,365,Training,COMP-e1e52574fbb04f58,False
Fixed_Composition_Grouped,4,2,,369,Training,COMP-6f2ca218fbd1923b,False
Fixed_Composition_Grouped,4,2,,371,Training,COMP-6f2ca218fbd1923b,False
Fixed_Composition_Grouped,4,2,,372,Training,COMP-6f2ca218fbd1923b,False
Fixed_Composition_Grouped,4,2,,375,Training,COMP-6f2ca218fbd1923b,False
Fixed_Composition_Grouped,4,2,,376,Training,COMP-6f2ca218fbd1923b,False
Fixed_Composition_Grouped,4,2,,378,Training,COMP-6f2ca218fbd1923b,False
Fixed_Composition_Grouped,4,2,,380,Training,COMP-6f2ca218fbd1923b,False
Fixed_Composition_Grouped,4,2,,381,Training,COMP-6f2ca218fbd1923b,False
Fixed_Composition_Grouped,4,2,,382,Training,COMP-6f2ca218fbd1923b,False
Fixed_Composition_Grouped,4,2,,384,Training,COMP-6f2ca218fbd1923b,False
Fixed_Composition_Grouped,4,2,,386,Training,COMP-6f2ca218fbd1923b,False
Fixed_Composition_Grouped,4,2,,387,Training,COMP-6f2ca218fbd1923b,False
Fixed_Composition_Grouped,4,2,,388,Training,COMP-6f2ca218fbd1923b,False
Fixed_Composition_Grouped,4,2,,389,Training,COMP-6f2ca218fbd1923b,False
Fixed_Composition_Grouped,4,2,,391,Training,COMP-6f2ca218fbd1923b,False
Fixed_Composition_Grouped,4,2,,393,Training,COMP-6f2ca218fbd1923b,False
Fixed_Composition_Grouped,4,2,,395,Training,COMP-6f2ca218fbd1923b,False
Fixed_Composition_Grouped,4,2,,399,Training,COMP-6f2ca218fbd1923b,False
Fixed_Composition_Grouped,4,2,,402,Training,COMP-6f2ca218fbd1923b,False
Fixed_Composition_Grouped,4,2,,404,Training,COMP-6f2ca218fbd1923b,False
Fixed_Composition_Grouped,4,2,,405,Training,COMP-6f2ca218fbd1923b,False
Fixed_Composition_Grouped,4,2,,406,Training,COMP-7fb1fecc93ced403,False
Fixed_Composition_Grouped,4,2,,408,Training,COMP-7fb1fecc93ced403,False
Fixed_Composition_Grouped,4,2,,413,Training,COMP-a85acb2f2da0216b,False
Fixed_Composition_Grouped,4,2,,414,Training,COMP-a85acb2f2da0216b,False
Fixed_Composition_Grouped,4,2,,415,Training,COMP-a85acb2f2da0216b,False
Fixed_Composition_Grouped,4,2,,418,Training,COMP-a85acb2f2da0216b,False
Fixed_Composition_Grouped,4,2,,421,Training,COMP-edeedccfd8f07e13,False
Fixed_Composition_Grouped,4,2,,422,Training,COMP-edeedccfd8f07e13,False
Fixed_Composition_Grouped,4,2,,5,Validation,COMP-8e1fe5f59d3c7565,False
Fixed_Composition_Grouped,4,2,,20,Validation,COMP-0b765af90e5ebd4c,False
Fixed_Composition_Grouped,4,2,,21,Validation,COMP-0b765af90e5ebd4c,False
Fixed_Composition_Grouped,4,2,,23,Validation,COMP-81f8a3600f73b006,False
Fixed_Composition_Grouped,4,2,,24,Validation,COMP-0b765af90e5ebd4c,False
Fixed_Composition_Grouped,4,2,,32,Validation,COMP-81f8a3600f73b006,False
Fixed_Composition_Grouped,4,2,,45,Validation,COMP-59ce4655e65cf94a,False
Fixed_Composition_Grouped,4,2,,47,Validation,COMP-e295ac85ac1ada41,False
Fixed_Composition_Grouped,4,2,,65,Validation,COMP-7c0b488137fafb3b,False
Fixed_Composition_Grouped,4,2,,121,Validation,COMP-b2e9edd7bc55d085,False
Fixed_Composition_Grouped,4,2,,122,Validation,COMP-b2e9edd7bc55d085,False
Fixed_Composition_Grouped,4,2,,123,Validation,COMP-0ee2ef468faff8db,False
Fixed_Composition_Grouped,4,2,,125,Validation,COMP-0ee2ef468faff8db,False
Fixed_Composition_Grouped,4,2,,159,Validation,COMP-0346738121cb655e,False
Fixed_Composition_Grouped,4,2,,160,Validation,COMP-0346738121cb655e,False
Fixed_Composition_Grouped,4,2,,163,Validation,COMP-b2e9edd7bc55d085,False
Fixed_Composition_Grouped,4,2,,174,Validation,COMP-a35a20d65351aafe,False
Fixed_Composition_Grouped,4,2,,178,Validation,COMP-b9abc443805301b1,False
Fixed_Composition_Grouped,4,2,,182,Validation,COMP-630f3050f45faf36,False
Fixed_Composition_Grouped,4,2,,183,Validation,COMP-630f3050f45faf36,False
Fixed_Composition_Grouped,4,2,,197,Validation,COMP-880bd22028629a8e,False
Fixed_Composition_Grouped,4,2,,211,Validation,COMP-b775405901636085,False
Fixed_Composition_Grouped,4,2,,214,Validation,COMP-35e38ea13dc05b9e,False
Fixed_Composition_Grouped,4,2,,221,Validation,COMP-20d1e620c817cb5a,False
Fixed_Composition_Grouped,4,2,,230,Validation,COMP-0107563adaed8d01,False
Fixed_Composition_Grouped,4,2,,238,Validation,COMP-fc5c3e46d2655b62,False
Fixed_Composition_Grouped,4,2,,239,Validation,COMP-0b765af90e5ebd4c,False
Fixed_Composition_Grouped,4,2,,240,Validation,COMP-0b765af90e5ebd4c,False
Fixed_Composition_Grouped,4,2,,246,Validation,COMP-1fc9679353325516,False
Fixed_Composition_Grouped,4,2,,247,Validation,COMP-e295ac85ac1ada41,False
Fixed_Composition_Grouped,4,2,,249,Validation,COMP-e295ac85ac1ada41,False
Fixed_Composition_Grouped,4,2,,341,Validation,COMP-221944a235b3f36b,False
Fixed_Composition_Grouped,4,2,,342,Validation,COMP-221944a235b3f36b,False
Fixed_Composition_Grouped,4,2,,348,Validation,COMP-30cef922979fb9fd,False
Fixed_Composition_Grouped,4,2,,349,Validation,COMP-30cef922979fb9fd,False
Fixed_Composition_Grouped,4,2,,350,Validation,COMP-30cef922979fb9fd,False
Fixed_Composition_Grouped,4,2,,351,Validation,COMP-30cef922979fb9fd,False
Fixed_Composition_Grouped,4,2,,352,Validation,COMP-30cef922979fb9fd,False
Fixed_Composition_Grouped,4,2,,424,Validation,COMP-f9d9cbed014e8b80,False
Fixed_Composition_Grouped,4,2,,425,Validation,COMP-f9d9cbed014e8b80,False
Fixed_Composition_Grouped,4,2,,427,Validation,COMP-f9d9cbed014e8b80,False
Fixed_Composition_Grouped,4,2,,429,Validation,COMP-f9d9cbed014e8b80,False
Fixed_Composition_Grouped,4,2,,431,Validation,COMP-f9d9cbed014e8b80,False
Fixed_Composition_Grouped,4,2,,432,Validation,COMP-f9d9cbed014e8b80,False
Fixed_Composition_Grouped,4,2,,434,Validation,COMP-f9d9cbed014e8b80,False
Fixed_Composition_Grouped,4,2,,438,Validation,COMP-f9d9cbed014e8b80,False
Fixed_Composition_Grouped,4,2,,440,Validation,COMP-f9d9cbed014e8b80,False
Fixed_Composition_Grouped,4,2,,441,Validation,COMP-f9d9cbed014e8b80,False
Fixed_Composition_Grouped,4,2,,444,Validation,COMP-f9d9cbed014e8b80,False
Fixed_Composition_Grouped,4,2,,445,Validation,COMP-f9d9cbed014e8b80,False
Fixed_Composition_Grouped,4,2,,448,Validation,COMP-f9d9cbed014e8b80,False
Fixed_Composition_Grouped,4,2,,449,Validation,COMP-f9d9cbed014e8b80,False
Fixed_Composition_Grouped,4,2,,450,Validation,COMP-f9d9cbed014e8b80,False
Fixed_Composition_Grouped,4,2,,451,Validation,COMP-f9d9cbed014e8b80,False
Fixed_Composition_Grouped,4,3,,1,Training,COMP-27021c945dc6ef2d,False
Fixed_Composition_Grouped,4,3,,3,Training,COMP-725d39a40881dc4b,False
Fixed_Composition_Grouped,4,3,,5,Training,COMP-8e1fe5f59d3c7565,False
Fixed_Composition_Grouped,4,3,,6,Training,COMP-27021c945dc6ef2d,False
Fixed_Composition_Grouped,4,3,,7,Training,COMP-725d39a40881dc4b,False
Fixed_Composition_Grouped,4,3,,8,Training,COMP-725d39a40881dc4b,False
Fixed_Composition_Grouped,4,3,,10,Training,COMP-725d39a40881dc4b,False
Fixed_Composition_Grouped,4,3,,12,Training,COMP-725d39a40881dc4b,False
Fixed_Composition_Grouped,4,3,,13,Training,COMP-27021c945dc6ef2d,False
Fixed_Composition_Grouped,4,3,,14,Training,COMP-609dfbaf681359b8,False
Fixed_Composition_Grouped,4,3,,20,Training,COMP-0b765af90e5ebd4c,False
Fixed_Composition_Grouped,4,3,,21,Training,COMP-0b765af90e5ebd4c,False
Fixed_Composition_Grouped,4,3,,23,Training,COMP-81f8a3600f73b006,False
Fixed_Composition_Grouped,4,3,,24,Training,COMP-0b765af90e5ebd4c,False
Fixed_Composition_Grouped,4,3,,26,Training,COMP-7decbe1f0284bd78,False
Fixed_Composition_Grouped,4,3,,27,Training,COMP-73d52e7a36d559a9,False
Fixed_Composition_Grouped,4,3,,28,Training,COMP-3632fb12e94bc35a,False
Fixed_Composition_Grouped,4,3,,32,Training,COMP-81f8a3600f73b006,False
Fixed_Composition_Grouped,4,3,,35,Training,COMP-a87a2533a652007c,False
Fixed_Composition_Grouped,4,3,,36,Training,COMP-87a7ec252c82f56c,False
Fixed_Composition_Grouped,4,3,,40,Training,COMP-1af7d3f3b3b924e5,False
Fixed_Composition_Grouped,4,3,,41,Training,COMP-1af7d3f3b3b924e5,False
Fixed_Composition_Grouped,4,3,,43,Training,COMP-9b0e3106e10f71db,False
Fixed_Composition_Grouped,4,3,,45,Training,COMP-59ce4655e65cf94a,False
Fixed_Composition_Grouped,4,3,,47,Training,COMP-e295ac85ac1ada41,False
Fixed_Composition_Grouped,4,3,,48,Training,COMP-b611e8d56579c910,False
Fixed_Composition_Grouped,4,3,,49,Training,COMP-92ece298f11712f0,False
Fixed_Composition_Grouped,4,3,,51,Training,COMP-dbc0864492ec7b98,False
Fixed_Composition_Grouped,4,3,,52,Training,COMP-06f5d2a767a65349,False
Fixed_Composition_Grouped,4,3,,53,Training,COMP-06f5d2a767a65349,False
Fixed_Composition_Grouped,4,3,,54,Training,COMP-ea1f0dc96a173899,False
Fixed_Composition_Grouped,4,3,,60,Training,COMP-3f22c6642a7a1344,False
Fixed_Composition_Grouped,4,3,,61,Training,COMP-3f22c6642a7a1344,False
Fixed_Composition_Grouped,4,3,,62,Training,COMP-21d126c9d34df073,False
Fixed_Composition_Grouped,4,3,,63,Training,COMP-21d126c9d34df073,False
Fixed_Composition_Grouped,4,3,,65,Training,COMP-7c0b488137fafb3b,False
Fixed_Composition_Grouped,4,3,,68,Training,COMP-21d126c9d34df073,False
Fixed_Composition_Grouped,4,3,,69,Training,COMP-8cee7ef8867afd2d,False
Fixed_Composition_Grouped,4,3,,74,Training,COMP-f9a00d6d8411a0d1,False
Fixed_Composition_Grouped,4,3,,83,Training,COMP-e913f917a7e36868,False
Fixed_Composition_Grouped,4,3,,85,Training,COMP-e913f917a7e36868,False
Fixed_Composition_Grouped,4,3,,98,Training,COMP-e913f917a7e36868,False
Fixed_Composition_Grouped,4,3,,102,Training,COMP-435a8f4ba56d8b5d,False
Fixed_Composition_Grouped,4,3,,103,Training,COMP-435a8f4ba56d8b5d,False
Fixed_Composition_Grouped,4,3,,104,Training,COMP-435a8f4ba56d8b5d,False
Fixed_Composition_Grouped,4,3,,105,Training,COMP-435a8f4ba56d8b5d,False
Fixed_Composition_Grouped,4,3,,106,Training,COMP-435a8f4ba56d8b5d,False
Fixed_Composition_Grouped,4,3,,107,Training,COMP-384273ac244080b1,False
Fixed_Composition_Grouped,4,3,,114,Training,COMP-6360354242bed7fe,False
Fixed_Composition_Grouped,4,3,,115,Training,COMP-15c7378d46cadefa,False
Fixed_Composition_Grouped,4,3,,118,Training,COMP-8bbe9ce01fb6a2d3,False
Fixed_Composition_Grouped,4,3,,120,Training,COMP-8bbe9ce01fb6a2d3,False
Fixed_Composition_Grouped,4,3,,121,Training,COMP-b2e9edd7bc55d085,False
Fixed_Composition_Grouped,4,3,,122,Training,COMP-b2e9edd7bc55d085,False
Fixed_Composition_Grouped,4,3,,123,Training,COMP-0ee2ef468faff8db,False
Fixed_Composition_Grouped,4,3,,125,Training,COMP-0ee2ef468faff8db,False
Fixed_Composition_Grouped,4,3,,126,Training,COMP-5502f8bc72167a0b,False
Fixed_Composition_Grouped,4,3,,127,Training,COMP-5502f8bc72167a0b,False
Fixed_Composition_Grouped,4,3,,130,Training,COMP-89919c53d3149a2d,False
Fixed_Composition_Grouped,4,3,,133,Training,COMP-89919c53d3149a2d,False
Fixed_Composition_Grouped,4,3,,134,Training,COMP-89919c53d3149a2d,False
Fixed_Composition_Grouped,4,3,,135,Training,COMP-89919c53d3149a2d,False
Fixed_Composition_Grouped,4,3,,138,Training,COMP-89919c53d3149a2d,False
Fixed_Composition_Grouped,4,3,,139,Training,COMP-89919c53d3149a2d,False
Fixed_Composition_Grouped,4,3,,141,Training,COMP-89919c53d3149a2d,False
Fixed_Composition_Grouped,4,3,,142,Training,COMP-89919c53d3149a2d,False
Fixed_Composition_Grouped,4,3,,143,Training,COMP-89919c53d3149a2d,False
Fixed_Composition_Grouped,4,3,,144,Training,COMP-89919c53d3149a2d,False
Fixed_Composition_Grouped,4,3,,145,Training,COMP-89919c53d3149a2d,False
Fixed_Composition_Grouped,4,3,,146,Training,COMP-266a388f7afdbe91,False
Fixed_Composition_Grouped,4,3,,147,Training,COMP-055230aabe7d502c,False
Fixed_Composition_Grouped,4,3,,148,Training,COMP-150ce51691dfb5f9,False
Fixed_Composition_Grouped,4,3,,149,Training,COMP-266a388f7afdbe91,False
Fixed_Composition_Grouped,4,3,,150,Training,COMP-055230aabe7d502c,False
Fixed_Composition_Grouped,4,3,,152,Training,COMP-055230aabe7d502c,False
Fixed_Composition_Grouped,4,3,,154,Training,COMP-150ce51691dfb5f9,False
Fixed_Composition_Grouped,4,3,,156,Training,COMP-941f92def7f50542,False
Fixed_Composition_Grouped,4,3,,157,Training,COMP-ddfcf6030a718a0c,False
Fixed_Composition_Grouped,4,3,,159,Training,COMP-0346738121cb655e,False
Fixed_Composition_Grouped,4,3,,160,Training,COMP-0346738121cb655e,False
Fixed_Composition_Grouped,4,3,,161,Training,COMP-eacd4f126ab29a30,False
Fixed_Composition_Grouped,4,3,,162,Training,COMP-ddfcf6030a718a0c,False
Fixed_Composition_Grouped,4,3,,163,Training,COMP-b2e9edd7bc55d085,False
Fixed_Composition_Grouped,4,3,,164,Training,COMP-941f92def7f50542,False
Fixed_Composition_Grouped,4,3,,167,Training,COMP-eacd4f126ab29a30,False
Fixed_Composition_Grouped,4,3,,168,Training,COMP-92ed17371ff559b6,False
Fixed_Composition_Grouped,4,3,,169,Training,COMP-92ed17371ff559b6,False
Fixed_Composition_Grouped,4,3,,172,Training,COMP-92ed17371ff559b6,False
Fixed_Composition_Grouped,4,3,,173,Training,COMP-0d41a2cf75110ad6,False
Fixed_Composition_Grouped,4,3,,174,Training,COMP-a35a20d65351aafe,False
Fixed_Composition_Grouped,4,3,,175,Training,COMP-b72f6533b137a4f6,False
Fixed_Composition_Grouped,4,3,,176,Training,COMP-5479c448b954c055,False
Fixed_Composition_Grouped,4,3,,177,Training,COMP-5479c448b954c055,False
Fixed_Composition_Grouped,4,3,,178,Training,COMP-b9abc443805301b1,False
Fixed_Composition_Grouped,4,3,,181,Training,COMP-69c6ecd7284d3b47,False
Fixed_Composition_Grouped,4,3,,182,Training,COMP-630f3050f45faf36,False
Fixed_Composition_Grouped,4,3,,183,Training,COMP-630f3050f45faf36,False
Fixed_Composition_Grouped,4,3,,187,Training,COMP-a7670bf71188b1d6,False
Fixed_Composition_Grouped,4,3,,188,Training,COMP-a7670bf71188b1d6,False
Fixed_Composition_Grouped,4,3,,193,Training,COMP-889d7d6c6dbf5b76,False
Fixed_Composition_Grouped,4,3,,197,Training,COMP-880bd22028629a8e,False
Fixed_Composition_Grouped,4,3,,199,Training,COMP-6525c735bb50fb1c,False
Fixed_Composition_Grouped,4,3,,200,Training,COMP-b878df279a448475,False
Fixed_Composition_Grouped,4,3,,201,Training,COMP-05480af3b167ab05,False
Fixed_Composition_Grouped,4,3,,202,Training,COMP-598bc18a3ba07a9e,False
Fixed_Composition_Grouped,4,3,,205,Training,COMP-d8a14990923ce9f7,False
Fixed_Composition_Grouped,4,3,,207,Training,COMP-948abb1ebd270642,False
Fixed_Composition_Grouped,4,3,,210,Training,COMP-d7494ade7e8dd694,False
Fixed_Composition_Grouped,4,3,,211,Training,COMP-b775405901636085,False
Fixed_Composition_Grouped,4,3,,214,Training,COMP-35e38ea13dc05b9e,False
Fixed_Composition_Grouped,4,3,,216,Training,COMP-4a76c05754ee1efa,False
Fixed_Composition_Grouped,4,3,,219,Training,COMP-eae7689b221fd7f8,False
Fixed_Composition_Grouped,4,3,,221,Training,COMP-20d1e620c817cb5a,False
Fixed_Composition_Grouped,4,3,,224,Training,COMP-93900d7c81c38cdd,False
Fixed_Composition_Grouped,4,3,,225,Training,COMP-289a02a6b94655b9,False
Fixed_Composition_Grouped,4,3,,226,Training,COMP-93900d7c81c38cdd,False
Fixed_Composition_Grouped,4,3,,230,Training,COMP-0107563adaed8d01,False
Fixed_Composition_Grouped,4,3,,231,Training,COMP-0e256dc7494452a7,False
Fixed_Composition_Grouped,4,3,,232,Training,COMP-0e256dc7494452a7,False
Fixed_Composition_Grouped,4,3,,233,Training,COMP-e60cc4ecffe6b7df,False
Fixed_Composition_Grouped,4,3,,235,Training,COMP-091a20b5a1dfb76f,False
Fixed_Composition_Grouped,4,3,,237,Training,COMP-4ef2bcae5243588c,False
Fixed_Composition_Grouped,4,3,,238,Training,COMP-fc5c3e46d2655b62,False
Fixed_Composition_Grouped,4,3,,239,Training,COMP-0b765af90e5ebd4c,False
Fixed_Composition_Grouped,4,3,,240,Training,COMP-0b765af90e5ebd4c,False
Fixed_Composition_Grouped,4,3,,243,Training,COMP-b0cc51380afea02b,False
Fixed_Composition_Grouped,4,3,,246,Training,COMP-1fc9679353325516,False
Fixed_Composition_Grouped,4,3,,247,Training,COMP-e295ac85ac1ada41,False
Fixed_Composition_Grouped,4,3,,249,Training,COMP-e295ac85ac1ada41,False
Fixed_Composition_Grouped,4,3,,251,Training,COMP-dd1e9c4c0f247912,False
Fixed_Composition_Grouped,4,3,,252,Training,COMP-725d39a40881dc4b,False
Fixed_Composition_Grouped,4,3,,253,Training,COMP-725d39a40881dc4b,False
Fixed_Composition_Grouped,4,3,,286,Training,COMP-478c9f483894c42c,False
Fixed_Composition_Grouped,4,3,,288,Training,COMP-478c9f483894c42c,False
Fixed_Composition_Grouped,4,3,,292,Training,COMP-478c9f483894c42c,False
Fixed_Composition_Grouped,4,3,,295,Training,COMP-478c9f483894c42c,False
Fixed_Composition_Grouped,4,3,,296,Training,COMP-478c9f483894c42c,False
Fixed_Composition_Grouped,4,3,,300,Training,COMP-478c9f483894c42c,False
Fixed_Composition_Grouped,4,3,,303,Training,COMP-478c9f483894c42c,False
Fixed_Composition_Grouped,4,3,,306,Training,COMP-478c9f483894c42c,False
Fixed_Composition_Grouped,4,3,,307,Training,COMP-478c9f483894c42c,False
Fixed_Composition_Grouped,4,3,,309,Training,COMP-478c9f483894c42c,False
Fixed_Composition_Grouped,4,3,,310,Training,COMP-478c9f483894c42c,False
Fixed_Composition_Grouped,4,3,,311,Training,COMP-478c9f483894c42c,False
Fixed_Composition_Grouped,4,3,,313,Training,COMP-478c9f483894c42c,False
Fixed_Composition_Grouped,4,3,,315,Training,COMP-478c9f483894c42c,False
Fixed_Composition_Grouped,4,3,,316,Training,COMP-478c9f483894c42c,False
Fixed_Composition_Grouped,4,3,,320,Training,COMP-dbc0864492ec7b98,False
Fixed_Composition_Grouped,4,3,,321,Training,COMP-dbc0864492ec7b98,False
Fixed_Composition_Grouped,4,3,,322,Training,COMP-dbc0864492ec7b98,False
Fixed_Composition_Grouped,4,3,,323,Training,COMP-dbc0864492ec7b98,False
Fixed_Composition_Grouped,4,3,,324,Training,COMP-dbc0864492ec7b98,False
Fixed_Composition_Grouped,4,3,,325,Training,COMP-dbc0864492ec7b98,False
Fixed_Composition_Grouped,4,3,,326,Training,COMP-dbc0864492ec7b98,False
Fixed_Composition_Grouped,4,3,,327,Training,COMP-dbc0864492ec7b98,False
Fixed_Composition_Grouped,4,3,,328,Training,COMP-dbc0864492ec7b98,False
Fixed_Composition_Grouped,4,3,,331,Training,COMP-dbc0864492ec7b98,False
Fixed_Composition_Grouped,4,3,,333,Training,COMP-dbc0864492ec7b98,False
Fixed_Composition_Grouped,4,3,,334,Training,COMP-dbc0864492ec7b98,False
Fixed_Composition_Grouped,4,3,,341,Training,COMP-221944a235b3f36b,False
Fixed_Composition_Grouped,4,3,,342,Training,COMP-221944a235b3f36b,False
Fixed_Composition_Grouped,4,3,,344,Training,COMP-e1e52574fbb04f58,False
Fixed_Composition_Grouped,4,3,,345,Training,COMP-e1e52574fbb04f58,False
Fixed_Composition_Grouped,4,3,,347,Training,COMP-e1e52574fbb04f58,False
Fixed_Composition_Grouped,4,3,,348,Training,COMP-30cef922979fb9fd,False
Fixed_Composition_Grouped,4,3,,349,Training,COMP-30cef922979fb9fd,False
Fixed_Composition_Grouped,4,3,,350,Training,COMP-30cef922979fb9fd,False
Fixed_Composition_Grouped,4,3,,351,Training,COMP-30cef922979fb9fd,False
Fixed_Composition_Grouped,4,3,,352,Training,COMP-30cef922979fb9fd,False
Fixed_Composition_Grouped,4,3,,360,Training,COMP-0765adc8c505dd3b,False
Fixed_Composition_Grouped,4,3,,363,Training,COMP-0765adc8c505dd3b,False
Fixed_Composition_Grouped,4,3,,364,Training,COMP-0765adc8c505dd3b,False
Fixed_Composition_Grouped,4,3,,365,Training,COMP-e1e52574fbb04f58,False
Fixed_Composition_Grouped,4,3,,369,Training,COMP-6f2ca218fbd1923b,False
Fixed_Composition_Grouped,4,3,,371,Training,COMP-6f2ca218fbd1923b,False
Fixed_Composition_Grouped,4,3,,372,Training,COMP-6f2ca218fbd1923b,False
Fixed_Composition_Grouped,4,3,,375,Training,COMP-6f2ca218fbd1923b,False
Fixed_Composition_Grouped,4,3,,376,Training,COMP-6f2ca218fbd1923b,False
Fixed_Composition_Grouped,4,3,,378,Training,COMP-6f2ca218fbd1923b,False
Fixed_Composition_Grouped,4,3,,380,Training,COMP-6f2ca218fbd1923b,False
Fixed_Composition_Grouped,4,3,,381,Training,COMP-6f2ca218fbd1923b,False
Fixed_Composition_Grouped,4,3,,382,Training,COMP-6f2ca218fbd1923b,False
Fixed_Composition_Grouped,4,3,,384,Training,COMP-6f2ca218fbd1923b,False
Fixed_Composition_Grouped,4,3,,386,Training,COMP-6f2ca218fbd1923b,False
Fixed_Composition_Grouped,4,3,,387,Training,COMP-6f2ca218fbd1923b,False
Fixed_Composition_Grouped,4,3,,388,Training,COMP-6f2ca218fbd1923b,False
Fixed_Composition_Grouped,4,3,,389,Training,COMP-6f2ca218fbd1923b,False
Fixed_Composition_Grouped,4,3,,391,Training,COMP-6f2ca218fbd1923b,False
Fixed_Composition_Grouped,4,3,,393,Training,COMP-6f2ca218fbd1923b,False
Fixed_Composition_Grouped,4,3,,395,Training,COMP-6f2ca218fbd1923b,False
Fixed_Composition_Grouped,4,3,,399,Training,COMP-6f2ca218fbd1923b,False
Fixed_Composition_Grouped,4,3,,402,Training,COMP-6f2ca218fbd1923b,False
Fixed_Composition_Grouped,4,3,,404,Training,COMP-6f2ca218fbd1923b,False
Fixed_Composition_Grouped,4,3,,405,Training,COMP-6f2ca218fbd1923b,False
Fixed_Composition_Grouped,4,3,,413,Training,COMP-a85acb2f2da0216b,False
Fixed_Composition_Grouped,4,3,,414,Training,COMP-a85acb2f2da0216b,False
Fixed_Composition_Grouped,4,3,,415,Training,COMP-a85acb2f2da0216b,False
Fixed_Composition_Grouped,4,3,,418,Training,COMP-a85acb2f2da0216b,False
Fixed_Composition_Grouped,4,3,,421,Training,COMP-edeedccfd8f07e13,False
Fixed_Composition_Grouped,4,3,,422,Training,COMP-edeedccfd8f07e13,False
Fixed_Composition_Grouped,4,3,,424,Training,COMP-f9d9cbed014e8b80,False
Fixed_Composition_Grouped,4,3,,425,Training,COMP-f9d9cbed014e8b80,False
Fixed_Composition_Grouped,4,3,,427,Training,COMP-f9d9cbed014e8b80,False
Fixed_Composition_Grouped,4,3,,429,Training,COMP-f9d9cbed014e8b80,False
Fixed_Composition_Grouped,4,3,,431,Training,COMP-f9d9cbed014e8b80,False
Fixed_Composition_Grouped,4,3,,432,Training,COMP-f9d9cbed014e8b80,False
Fixed_Composition_Grouped,4,3,,434,Training,COMP-f9d9cbed014e8b80,False
Fixed_Composition_Grouped,4,3,,438,Training,COMP-f9d9cbed014e8b80,False
Fixed_Composition_Grouped,4,3,,440,Training,COMP-f9d9cbed014e8b80,False
Fixed_Composition_Grouped,4,3,,441,Training,COMP-f9d9cbed014e8b80,False
Fixed_Composition_Grouped,4,3,,444,Training,COMP-f9d9cbed014e8b80,False
Fixed_Composition_Grouped,4,3,,445,Training,COMP-f9d9cbed014e8b80,False
Fixed_Composition_Grouped,4,3,,448,Training,COMP-f9d9cbed014e8b80,False
Fixed_Composition_Grouped,4,3,,449,Training,COMP-f9d9cbed014e8b80,False
Fixed_Composition_Grouped,4,3,,450,Training,COMP-f9d9cbed014e8b80,False
Fixed_Composition_Grouped,4,3,,451,Training,COMP-f9d9cbed014e8b80,False
Fixed_Composition_Grouped,4,3,,4,Validation,COMP-862c9c676a6f1012,False
Fixed_Composition_Grouped,4,3,,17,Validation,COMP-773f99d6dc417f9e,False
Fixed_Composition_Grouped,4,3,,29,Validation,COMP-773f99d6dc417f9e,False
Fixed_Composition_Grouped,4,3,,37,Validation,COMP-f6d84b53636ddfbe,False
Fixed_Composition_Grouped,4,3,,44,Validation,COMP-0d7ce00a50a6a24f,False
Fixed_Composition_Grouped,4,3,,64,Validation,COMP-3157f0dc71f862ff,False
Fixed_Composition_Grouped,4,3,,66,Validation,COMP-b8df58296dba2095,False
Fixed_Composition_Grouped,4,3,,67,Validation,COMP-49d8e1edbf1c2fbd,False
Fixed_Composition_Grouped,4,3,,80,Validation,COMP-a14831ff30c0b14d,False
Fixed_Composition_Grouped,4,3,,84,Validation,COMP-a14831ff30c0b14d,False
Fixed_Composition_Grouped,4,3,,86,Validation,COMP-ea2a626c3522e4a5,False
Fixed_Composition_Grouped,4,3,,87,Validation,COMP-a14831ff30c0b14d,False
Fixed_Composition_Grouped,4,3,,88,Validation,COMP-ea2a626c3522e4a5,False
Fixed_Composition_Grouped,4,3,,92,Validation,COMP-ea2a626c3522e4a5,False
Fixed_Composition_Grouped,4,3,,94,Validation,COMP-ea2a626c3522e4a5,False
Fixed_Composition_Grouped,4,3,,95,Validation,COMP-ea2a626c3522e4a5,False
Fixed_Composition_Grouped,4,3,,96,Validation,COMP-ea2a626c3522e4a5,False
Fixed_Composition_Grouped,4,3,,97,Validation,COMP-a14831ff30c0b14d,False
Fixed_Composition_Grouped,4,3,,99,Validation,COMP-ea2a626c3522e4a5,False
Fixed_Composition_Grouped,4,3,,100,Validation,COMP-ea2a626c3522e4a5,False
Fixed_Composition_Grouped,4,3,,110,Validation,COMP-c1d72bb5d7d164b0,False
Fixed_Composition_Grouped,4,3,,111,Validation,COMP-c1d72bb5d7d164b0,False
Fixed_Composition_Grouped,4,3,,112,Validation,COMP-c1d72bb5d7d164b0,False
Fixed_Composition_Grouped,4,3,,184,Validation,COMP-0966c0019ec07f39,False
Fixed_Composition_Grouped,4,3,,186,Validation,COMP-0966c0019ec07f39,False
Fixed_Composition_Grouped,4,3,,194,Validation,COMP-445f55453794f59c,False
Fixed_Composition_Grouped,4,3,,215,Validation,COMP-6b4f0394292930ba,False
Fixed_Composition_Grouped,4,3,,228,Validation,COMP-46e30c1bd5e987da,False
Fixed_Composition_Grouped,4,3,,229,Validation,COMP-2753cd2e053c8c98,False
Fixed_Composition_Grouped,4,3,,236,Validation,COMP-44fea4804e888e0a,False
Fixed_Composition_Grouped,4,3,,241,Validation,COMP-631a18a4a6b20c0c,False
Fixed_Composition_Grouped,4,3,,242,Validation,COMP-631a18a4a6b20c0c,False
Fixed_Composition_Grouped,4,3,,255,Validation,COMP-95a56990f4bea8a9,False
Fixed_Composition_Grouped,4,3,,256,Validation,COMP-95a56990f4bea8a9,False
Fixed_Composition_Grouped,4,3,,257,Validation,COMP-95a56990f4bea8a9,False
Fixed_Composition_Grouped,4,3,,258,Validation,COMP-95a56990f4bea8a9,False
Fixed_Composition_Grouped,4,3,,259,Validation,COMP-95a56990f4bea8a9,False
Fixed_Composition_Grouped,4,3,,260,Validation,COMP-95a56990f4bea8a9,False
Fixed_Composition_Grouped,4,3,,263,Validation,COMP-95a56990f4bea8a9,False
Fixed_Composition_Grouped,4,3,,266,Validation,COMP-95a56990f4bea8a9,False
Fixed_Composition_Grouped,4,3,,268,Validation,COMP-95a56990f4bea8a9,False
Fixed_Composition_Grouped,4,3,,271,Validation,COMP-95a56990f4bea8a9,False
Fixed_Composition_Grouped,4,3,,272,Validation,COMP-95a56990f4bea8a9,False
Fixed_Composition_Grouped,4,3,,273,Validation,COMP-95a56990f4bea8a9,False
Fixed_Composition_Grouped,4,3,,282,Validation,COMP-95a56990f4bea8a9,False
Fixed_Composition_Grouped,4,3,,283,Validation,COMP-95a56990f4bea8a9,False
Fixed_Composition_Grouped,4,3,,285,Validation,COMP-95a56990f4bea8a9,False
Fixed_Composition_Grouped,4,3,,337,Validation,COMP-06072d2dd3b021af,False
Fixed_Composition_Grouped,4,3,,339,Validation,COMP-06072d2dd3b021af,False
Fixed_Composition_Grouped,4,3,,354,Validation,COMP-59f47d6774b9fdfb,False
Fixed_Composition_Grouped,4,3,,356,Validation,COMP-59f47d6774b9fdfb,False
Fixed_Composition_Grouped,4,3,,358,Validation,COMP-59f47d6774b9fdfb,False
Fixed_Composition_Grouped,4,3,,406,Validation,COMP-7fb1fecc93ced403,False
Fixed_Composition_Grouped,4,3,,408,Validation,COMP-7fb1fecc93ced403,False
Fixed_Composition_Grouped,4,4,,1,Training,COMP-27021c945dc6ef2d,False
Fixed_Composition_Grouped,4,4,,4,Training,COMP-862c9c676a6f1012,False
Fixed_Composition_Grouped,4,4,,5,Training,COMP-8e1fe5f59d3c7565,False
Fixed_Composition_Grouped,4,4,,6,Training,COMP-27021c945dc6ef2d,False
Fixed_Composition_Grouped,4,4,,13,Training,COMP-27021c945dc6ef2d,False
Fixed_Composition_Grouped,4,4,,14,Training,COMP-609dfbaf681359b8,False
Fixed_Composition_Grouped,4,4,,17,Training,COMP-773f99d6dc417f9e,False
Fixed_Composition_Grouped,4,4,,20,Training,COMP-0b765af90e5ebd4c,False
Fixed_Composition_Grouped,4,4,,21,Training,COMP-0b765af90e5ebd4c,False
Fixed_Composition_Grouped,4,4,,23,Training,COMP-81f8a3600f73b006,False
Fixed_Composition_Grouped,4,4,,24,Training,COMP-0b765af90e5ebd4c,False
Fixed_Composition_Grouped,4,4,,26,Training,COMP-7decbe1f0284bd78,False
Fixed_Composition_Grouped,4,4,,27,Training,COMP-73d52e7a36d559a9,False
Fixed_Composition_Grouped,4,4,,28,Training,COMP-3632fb12e94bc35a,False
Fixed_Composition_Grouped,4,4,,29,Training,COMP-773f99d6dc417f9e,False
Fixed_Composition_Grouped,4,4,,32,Training,COMP-81f8a3600f73b006,False
Fixed_Composition_Grouped,4,4,,35,Training,COMP-a87a2533a652007c,False
Fixed_Composition_Grouped,4,4,,36,Training,COMP-87a7ec252c82f56c,False
Fixed_Composition_Grouped,4,4,,37,Training,COMP-f6d84b53636ddfbe,False
Fixed_Composition_Grouped,4,4,,40,Training,COMP-1af7d3f3b3b924e5,False
Fixed_Composition_Grouped,4,4,,41,Training,COMP-1af7d3f3b3b924e5,False
Fixed_Composition_Grouped,4,4,,43,Training,COMP-9b0e3106e10f71db,False
Fixed_Composition_Grouped,4,4,,44,Training,COMP-0d7ce00a50a6a24f,False
Fixed_Composition_Grouped,4,4,,45,Training,COMP-59ce4655e65cf94a,False
Fixed_Composition_Grouped,4,4,,47,Training,COMP-e295ac85ac1ada41,False
Fixed_Composition_Grouped,4,4,,49,Training,COMP-92ece298f11712f0,False
Fixed_Composition_Grouped,4,4,,51,Training,COMP-dbc0864492ec7b98,False
Fixed_Composition_Grouped,4,4,,54,Training,COMP-ea1f0dc96a173899,False
Fixed_Composition_Grouped,4,4,,62,Training,COMP-21d126c9d34df073,False
Fixed_Composition_Grouped,4,4,,63,Training,COMP-21d126c9d34df073,False
Fixed_Composition_Grouped,4,4,,64,Training,COMP-3157f0dc71f862ff,False
Fixed_Composition_Grouped,4,4,,65,Training,COMP-7c0b488137fafb3b,False
Fixed_Composition_Grouped,4,4,,66,Training,COMP-b8df58296dba2095,False
Fixed_Composition_Grouped,4,4,,67,Training,COMP-49d8e1edbf1c2fbd,False
Fixed_Composition_Grouped,4,4,,68,Training,COMP-21d126c9d34df073,False
Fixed_Composition_Grouped,4,4,,74,Training,COMP-f9a00d6d8411a0d1,False
Fixed_Composition_Grouped,4,4,,80,Training,COMP-a14831ff30c0b14d,False
Fixed_Composition_Grouped,4,4,,83,Training,COMP-e913f917a7e36868,False
Fixed_Composition_Grouped,4,4,,84,Training,COMP-a14831ff30c0b14d,False
Fixed_Composition_Grouped,4,4,,85,Training,COMP-e913f917a7e36868,False
Fixed_Composition_Grouped,4,4,,86,Training,COMP-ea2a626c3522e4a5,False
Fixed_Composition_Grouped,4,4,,87,Training,COMP-a14831ff30c0b14d,False
Fixed_Composition_Grouped,4,4,,88,Training,COMP-ea2a626c3522e4a5,False
Fixed_Composition_Grouped,4,4,,92,Training,COMP-ea2a626c3522e4a5,False
Fixed_Composition_Grouped,4,4,,94,Training,COMP-ea2a626c3522e4a5,False
Fixed_Composition_Grouped,4,4,,95,Training,COMP-ea2a626c3522e4a5,False
Fixed_Composition_Grouped,4,4,,96,Training,COMP-ea2a626c3522e4a5,False
Fixed_Composition_Grouped,4,4,,97,Training,COMP-a14831ff30c0b14d,False
Fixed_Composition_Grouped,4,4,,98,Training,COMP-e913f917a7e36868,False
Fixed_Composition_Grouped,4,4,,99,Training,COMP-ea2a626c3522e4a5,False
Fixed_Composition_Grouped,4,4,,100,Training,COMP-ea2a626c3522e4a5,False
Fixed_Composition_Grouped,4,4,,102,Training,COMP-435a8f4ba56d8b5d,False
Fixed_Composition_Grouped,4,4,,103,Training,COMP-435a8f4ba56d8b5d,False
Fixed_Composition_Grouped,4,4,,104,Training,COMP-435a8f4ba56d8b5d,False
Fixed_Composition_Grouped,4,4,,105,Training,COMP-435a8f4ba56d8b5d,False
Fixed_Composition_Grouped,4,4,,106,Training,COMP-435a8f4ba56d8b5d,False
Fixed_Composition_Grouped,4,4,,107,Training,COMP-384273ac244080b1,False
Fixed_Composition_Grouped,4,4,,110,Training,COMP-c1d72bb5d7d164b0,False
Fixed_Composition_Grouped,4,4,,111,Training,COMP-c1d72bb5d7d164b0,False
Fixed_Composition_Grouped,4,4,,112,Training,COMP-c1d72bb5d7d164b0,False
Fixed_Composition_Grouped,4,4,,118,Training,COMP-8bbe9ce01fb6a2d3,False
Fixed_Composition_Grouped,4,4,,120,Training,COMP-8bbe9ce01fb6a2d3,False
Fixed_Composition_Grouped,4,4,,121,Training,COMP-b2e9edd7bc55d085,False
Fixed_Composition_Grouped,4,4,,122,Training,COMP-b2e9edd7bc55d085,False
Fixed_Composition_Grouped,4,4,,123,Training,COMP-0ee2ef468faff8db,False
Fixed_Composition_Grouped,4,4,,125,Training,COMP-0ee2ef468faff8db,False
Fixed_Composition_Grouped,4,4,,130,Training,COMP-89919c53d3149a2d,False
Fixed_Composition_Grouped,4,4,,133,Training,COMP-89919c53d3149a2d,False
Fixed_Composition_Grouped,4,4,,134,Training,COMP-89919c53d3149a2d,False
Fixed_Composition_Grouped,4,4,,135,Training,COMP-89919c53d3149a2d,False
Fixed_Composition_Grouped,4,4,,138,Training,COMP-89919c53d3149a2d,False
Fixed_Composition_Grouped,4,4,,139,Training,COMP-89919c53d3149a2d,False
Fixed_Composition_Grouped,4,4,,141,Training,COMP-89919c53d3149a2d,False
Fixed_Composition_Grouped,4,4,,142,Training,COMP-89919c53d3149a2d,False
Fixed_Composition_Grouped,4,4,,143,Training,COMP-89919c53d3149a2d,False
Fixed_Composition_Grouped,4,4,,144,Training,COMP-89919c53d3149a2d,False
Fixed_Composition_Grouped,4,4,,145,Training,COMP-89919c53d3149a2d,False
Fixed_Composition_Grouped,4,4,,146,Training,COMP-266a388f7afdbe91,False
Fixed_Composition_Grouped,4,4,,148,Training,COMP-150ce51691dfb5f9,False
Fixed_Composition_Grouped,4,4,,149,Training,COMP-266a388f7afdbe91,False
Fixed_Composition_Grouped,4,4,,154,Training,COMP-150ce51691dfb5f9,False
Fixed_Composition_Grouped,4,4,,156,Training,COMP-941f92def7f50542,False
Fixed_Composition_Grouped,4,4,,157,Training,COMP-ddfcf6030a718a0c,False
Fixed_Composition_Grouped,4,4,,159,Training,COMP-0346738121cb655e,False
Fixed_Composition_Grouped,4,4,,160,Training,COMP-0346738121cb655e,False
Fixed_Composition_Grouped,4,4,,161,Training,COMP-eacd4f126ab29a30,False
Fixed_Composition_Grouped,4,4,,162,Training,COMP-ddfcf6030a718a0c,False
Fixed_Composition_Grouped,4,4,,163,Training,COMP-b2e9edd7bc55d085,False
Fixed_Composition_Grouped,4,4,,164,Training,COMP-941f92def7f50542,False
Fixed_Composition_Grouped,4,4,,167,Training,COMP-eacd4f126ab29a30,False
Fixed_Composition_Grouped,4,4,,173,Training,COMP-0d41a2cf75110ad6,False
Fixed_Composition_Grouped,4,4,,174,Training,COMP-a35a20d65351aafe,False
Fixed_Composition_Grouped,4,4,,175,Training,COMP-b72f6533b137a4f6,False
Fixed_Composition_Grouped,4,4,,178,Training,COMP-b9abc443805301b1,False
Fixed_Composition_Grouped,4,4,,181,Training,COMP-69c6ecd7284d3b47,False
Fixed_Composition_Grouped,4,4,,182,Training,COMP-630f3050f45faf36,False
Fixed_Composition_Grouped,4,4,,183,Training,COMP-630f3050f45faf36,False
Fixed_Composition_Grouped,4,4,,184,Training,COMP-0966c0019ec07f39,False
Fixed_Composition_Grouped,4,4,,186,Training,COMP-0966c0019ec07f39,False
Fixed_Composition_Grouped,4,4,,187,Training,COMP-a7670bf71188b1d6,False
Fixed_Composition_Grouped,4,4,,188,Training,COMP-a7670bf71188b1d6,False
Fixed_Composition_Grouped,4,4,,193,Training,COMP-889d7d6c6dbf5b76,False
Fixed_Composition_Grouped,4,4,,194,Training,COMP-445f55453794f59c,False
Fixed_Composition_Grouped,4,4,,197,Training,COMP-880bd22028629a8e,False
Fixed_Composition_Grouped,4,4,,199,Training,COMP-6525c735bb50fb1c,False
Fixed_Composition_Grouped,4,4,,202,Training,COMP-598bc18a3ba07a9e,False
Fixed_Composition_Grouped,4,4,,205,Training,COMP-d8a14990923ce9f7,False
Fixed_Composition_Grouped,4,4,,207,Training,COMP-948abb1ebd270642,False
Fixed_Composition_Grouped,4,4,,211,Training,COMP-b775405901636085,False
Fixed_Composition_Grouped,4,4,,214,Training,COMP-35e38ea13dc05b9e,False
Fixed_Composition_Grouped,4,4,,215,Training,COMP-6b4f0394292930ba,False
Fixed_Composition_Grouped,4,4,,221,Training,COMP-20d1e620c817cb5a,False
Fixed_Composition_Grouped,4,4,,228,Training,COMP-46e30c1bd5e987da,False
Fixed_Composition_Grouped,4,4,,229,Training,COMP-2753cd2e053c8c98,False
Fixed_Composition_Grouped,4,4,,230,Training,COMP-0107563adaed8d01,False
Fixed_Composition_Grouped,4,4,,231,Training,COMP-0e256dc7494452a7,False
Fixed_Composition_Grouped,4,4,,232,Training,COMP-0e256dc7494452a7,False
Fixed_Composition_Grouped,4,4,,233,Training,COMP-e60cc4ecffe6b7df,False
Fixed_Composition_Grouped,4,4,,236,Training,COMP-44fea4804e888e0a,False
Fixed_Composition_Grouped,4,4,,238,Training,COMP-fc5c3e46d2655b62,False
Fixed_Composition_Grouped,4,4,,239,Training,COMP-0b765af90e5ebd4c,False
Fixed_Composition_Grouped,4,4,,240,Training,COMP-0b765af90e5ebd4c,False
Fixed_Composition_Grouped,4,4,,241,Training,COMP-631a18a4a6b20c0c,False
Fixed_Composition_Grouped,4,4,,242,Training,COMP-631a18a4a6b20c0c,False
Fixed_Composition_Grouped,4,4,,243,Training,COMP-b0cc51380afea02b,False
Fixed_Composition_Grouped,4,4,,246,Training,COMP-1fc9679353325516,False
Fixed_Composition_Grouped,4,4,,247,Training,COMP-e295ac85ac1ada41,False
Fixed_Composition_Grouped,4,4,,249,Training,COMP-e295ac85ac1ada41,False
Fixed_Composition_Grouped,4,4,,251,Training,COMP-dd1e9c4c0f247912,False
Fixed_Composition_Grouped,4,4,,255,Training,COMP-95a56990f4bea8a9,False
Fixed_Composition_Grouped,4,4,,256,Training,COMP-95a56990f4bea8a9,False
Fixed_Composition_Grouped,4,4,,257,Training,COMP-95a56990f4bea8a9,False
Fixed_Composition_Grouped,4,4,,258,Training,COMP-95a56990f4bea8a9,False
Fixed_Composition_Grouped,4,4,,259,Training,COMP-95a56990f4bea8a9,False
Fixed_Composition_Grouped,4,4,,260,Training,COMP-95a56990f4bea8a9,False
Fixed_Composition_Grouped,4,4,,263,Training,COMP-95a56990f4bea8a9,False
Fixed_Composition_Grouped,4,4,,266,Training,COMP-95a56990f4bea8a9,False
Fixed_Composition_Grouped,4,4,,268,Training,COMP-95a56990f4bea8a9,False
Fixed_Composition_Grouped,4,4,,271,Training,COMP-95a56990f4bea8a9,False
Fixed_Composition_Grouped,4,4,,272,Training,COMP-95a56990f4bea8a9,False
Fixed_Composition_Grouped,4,4,,273,Training,COMP-95a56990f4bea8a9,False
Fixed_Composition_Grouped,4,4,,282,Training,COMP-95a56990f4bea8a9,False
Fixed_Composition_Grouped,4,4,,283,Training,COMP-95a56990f4bea8a9,False
Fixed_Composition_Grouped,4,4,,285,Training,COMP-95a56990f4bea8a9,False
Fixed_Composition_Grouped,4,4,,320,Training,COMP-dbc0864492ec7b98,False
Fixed_Composition_Grouped,4,4,,321,Training,COMP-dbc0864492ec7b98,False
Fixed_Composition_Grouped,4,4,,322,Training,COMP-dbc0864492ec7b98,False
Fixed_Composition_Grouped,4,4,,323,Training,COMP-dbc0864492ec7b98,False
Fixed_Composition_Grouped,4,4,,324,Training,COMP-dbc0864492ec7b98,False
Fixed_Composition_Grouped,4,4,,325,Training,COMP-dbc0864492ec7b98,False
Fixed_Composition_Grouped,4,4,,326,Training,COMP-dbc0864492ec7b98,False
Fixed_Composition_Grouped,4,4,,327,Training,COMP-dbc0864492ec7b98,False
Fixed_Composition_Grouped,4,4,,328,Training,COMP-dbc0864492ec7b98,False
Fixed_Composition_Grouped,4,4,,331,Training,COMP-dbc0864492ec7b98,False
Fixed_Composition_Grouped,4,4,,333,Training,COMP-dbc0864492ec7b98,False
Fixed_Composition_Grouped,4,4,,334,Training,COMP-dbc0864492ec7b98,False
Fixed_Composition_Grouped,4,4,,337,Training,COMP-06072d2dd3b021af,False
Fixed_Composition_Grouped,4,4,,339,Training,COMP-06072d2dd3b021af,False
Fixed_Composition_Grouped,4,4,,341,Training,COMP-221944a235b3f36b,False
Fixed_Composition_Grouped,4,4,,342,Training,COMP-221944a235b3f36b,False
Fixed_Composition_Grouped,4,4,,344,Training,COMP-e1e52574fbb04f58,False
Fixed_Composition_Grouped,4,4,,345,Training,COMP-e1e52574fbb04f58,False
Fixed_Composition_Grouped,4,4,,347,Training,COMP-e1e52574fbb04f58,False
Fixed_Composition_Grouped,4,4,,348,Training,COMP-30cef922979fb9fd,False
Fixed_Composition_Grouped,4,4,,349,Training,COMP-30cef922979fb9fd,False
Fixed_Composition_Grouped,4,4,,350,Training,COMP-30cef922979fb9fd,False
Fixed_Composition_Grouped,4,4,,351,Training,COMP-30cef922979fb9fd,False
Fixed_Composition_Grouped,4,4,,352,Training,COMP-30cef922979fb9fd,False
Fixed_Composition_Grouped,4,4,,354,Training,COMP-59f47d6774b9fdfb,False
Fixed_Composition_Grouped,4,4,,356,Training,COMP-59f47d6774b9fdfb,False
Fixed_Composition_Grouped,4,4,,358,Training,COMP-59f47d6774b9fdfb,False
Fixed_Composition_Grouped,4,4,,360,Training,COMP-0765adc8c505dd3b,False
Fixed_Composition_Grouped,4,4,,363,Training,COMP-0765adc8c505dd3b,False
Fixed_Composition_Grouped,4,4,,364,Training,COMP-0765adc8c505dd3b,False
Fixed_Composition_Grouped,4,4,,365,Training,COMP-e1e52574fbb04f58,False
Fixed_Composition_Grouped,4,4,,369,Training,COMP-6f2ca218fbd1923b,False
Fixed_Composition_Grouped,4,4,,371,Training,COMP-6f2ca218fbd1923b,False
Fixed_Composition_Grouped,4,4,,372,Training,COMP-6f2ca218fbd1923b,False
Fixed_Composition_Grouped,4,4,,375,Training,COMP-6f2ca218fbd1923b,False
Fixed_Composition_Grouped,4,4,,376,Training,COMP-6f2ca218fbd1923b,False
Fixed_Composition_Grouped,4,4,,378,Training,COMP-6f2ca218fbd1923b,False
Fixed_Composition_Grouped,4,4,,380,Training,COMP-6f2ca218fbd1923b,False
Fixed_Composition_Grouped,4,4,,381,Training,COMP-6f2ca218fbd1923b,False
Fixed_Composition_Grouped,4,4,,382,Training,COMP-6f2ca218fbd1923b,False
Fixed_Composition_Grouped,4,4,,384,Training,COMP-6f2ca218fbd1923b,False
Fixed_Composition_Grouped,4,4,,386,Training,COMP-6f2ca218fbd1923b,False
Fixed_Composition_Grouped,4,4,,387,Training,COMP-6f2ca218fbd1923b,False
Fixed_Composition_Grouped,4,4,,388,Training,COMP-6f2ca218fbd1923b,False
Fixed_Composition_Grouped,4,4,,389,Training,COMP-6f2ca218fbd1923b,False
Fixed_Composition_Grouped,4,4,,391,Training,COMP-6f2ca218fbd1923b,False
Fixed_Composition_Grouped,4,4,,393,Training,COMP-6f2ca218fbd1923b,False
Fixed_Composition_Grouped,4,4,,395,Training,COMP-6f2ca218fbd1923b,False
Fixed_Composition_Grouped,4,4,,399,Training,COMP-6f2ca218fbd1923b,False
Fixed_Composition_Grouped,4,4,,402,Training,COMP-6f2ca218fbd1923b,False
Fixed_Composition_Grouped,4,4,,404,Training,COMP-6f2ca218fbd1923b,False
Fixed_Composition_Grouped,4,4,,405,Training,COMP-6f2ca218fbd1923b,False
Fixed_Composition_Grouped,4,4,,406,Training,COMP-7fb1fecc93ced403,False
Fixed_Composition_Grouped,4,4,,408,Training,COMP-7fb1fecc93ced403,False
Fixed_Composition_Grouped,4,4,,421,Training,COMP-edeedccfd8f07e13,False
Fixed_Composition_Grouped,4,4,,422,Training,COMP-edeedccfd8f07e13,False
Fixed_Composition_Grouped,4,4,,424,Training,COMP-f9d9cbed014e8b80,False
Fixed_Composition_Grouped,4,4,,425,Training,COMP-f9d9cbed014e8b80,False
Fixed_Composition_Grouped,4,4,,427,Training,COMP-f9d9cbed014e8b80,False
Fixed_Composition_Grouped,4,4,,429,Training,COMP-f9d9cbed014e8b80,False
Fixed_Composition_Grouped,4,4,,431,Training,COMP-f9d9cbed014e8b80,False
Fixed_Composition_Grouped,4,4,,432,Training,COMP-f9d9cbed014e8b80,False
Fixed_Composition_Grouped,4,4,,434,Training,COMP-f9d9cbed014e8b80,False
Fixed_Composition_Grouped,4,4,,438,Training,COMP-f9d9cbed014e8b80,False
Fixed_Composition_Grouped,4,4,,440,Training,COMP-f9d9cbed014e8b80,False
Fixed_Composition_Grouped,4,4,,441,Training,COMP-f9d9cbed014e8b80,False
Fixed_Composition_Grouped,4,4,,444,Training,COMP-f9d9cbed014e8b80,False
Fixed_Composition_Grouped,4,4,,445,Training,COMP-f9d9cbed014e8b80,False
Fixed_Composition_Grouped,4,4,,448,Training,COMP-f9d9cbed014e8b80,False
Fixed_Composition_Grouped,4,4,,449,Training,COMP-f9d9cbed014e8b80,False
Fixed_Composition_Grouped,4,4,,450,Training,COMP-f9d9cbed014e8b80,False
Fixed_Composition_Grouped,4,4,,451,Training,COMP-f9d9cbed014e8b80,False
Fixed_Composition_Grouped,4,4,,3,Validation,COMP-725d39a40881dc4b,False
Fixed_Composition_Grouped,4,4,,7,Validation,COMP-725d39a40881dc4b,False
Fixed_Composition_Grouped,4,4,,8,Validation,COMP-725d39a40881dc4b,False
Fixed_Composition_Grouped,4,4,,10,Validation,COMP-725d39a40881dc4b,False
Fixed_Composition_Grouped,4,4,,12,Validation,COMP-725d39a40881dc4b,False
Fixed_Composition_Grouped,4,4,,48,Validation,COMP-b611e8d56579c910,False
Fixed_Composition_Grouped,4,4,,52,Validation,COMP-06f5d2a767a65349,False
Fixed_Composition_Grouped,4,4,,53,Validation,COMP-06f5d2a767a65349,False
Fixed_Composition_Grouped,4,4,,60,Validation,COMP-3f22c6642a7a1344,False
Fixed_Composition_Grouped,4,4,,61,Validation,COMP-3f22c6642a7a1344,False
Fixed_Composition_Grouped,4,4,,69,Validation,COMP-8cee7ef8867afd2d,False
Fixed_Composition_Grouped,4,4,,114,Validation,COMP-6360354242bed7fe,False
Fixed_Composition_Grouped,4,4,,115,Validation,COMP-15c7378d46cadefa,False
Fixed_Composition_Grouped,4,4,,126,Validation,COMP-5502f8bc72167a0b,False
Fixed_Composition_Grouped,4,4,,127,Validation,COMP-5502f8bc72167a0b,False
Fixed_Composition_Grouped,4,4,,147,Validation,COMP-055230aabe7d502c,False
Fixed_Composition_Grouped,4,4,,150,Validation,COMP-055230aabe7d502c,False
Fixed_Composition_Grouped,4,4,,152,Validation,COMP-055230aabe7d502c,False
Fixed_Composition_Grouped,4,4,,168,Validation,COMP-92ed17371ff559b6,False
Fixed_Composition_Grouped,4,4,,169,Validation,COMP-92ed17371ff559b6,False
Fixed_Composition_Grouped,4,4,,172,Validation,COMP-92ed17371ff559b6,False
Fixed_Composition_Grouped,4,4,,176,Validation,COMP-5479c448b954c055,False
Fixed_Composition_Grouped,4,4,,177,Validation,COMP-5479c448b954c055,False
Fixed_Composition_Grouped,4,4,,200,Validation,COMP-b878df279a448475,False
Fixed_Composition_Grouped,4,4,,201,Validation,COMP-05480af3b167ab05,False
Fixed_Composition_Grouped,4,4,,210,Validation,COMP-d7494ade7e8dd694,False
Fixed_Composition_Grouped,4,4,,216,Validation,COMP-4a76c05754ee1efa,False
Fixed_Composition_Grouped,4,4,,219,Validation,COMP-eae7689b221fd7f8,False
Fixed_Composition_Grouped,4,4,,224,Validation,COMP-93900d7c81c38cdd,False
Fixed_Composition_Grouped,4,4,,225,Validation,COMP-289a02a6b94655b9,False
Fixed_Composition_Grouped,4,4,,226,Validation,COMP-93900d7c81c38cdd,False
Fixed_Composition_Grouped,4,4,,235,Validation,COMP-091a20b5a1dfb76f,False
Fixed_Composition_Grouped,4,4,,237,Validation,COMP-4ef2bcae5243588c,False
Fixed_Composition_Grouped,4,4,,252,Validation,COMP-725d39a40881dc4b,False
Fixed_Composition_Grouped,4,4,,253,Validation,COMP-725d39a40881dc4b,False
Fixed_Composition_Grouped,4,4,,286,Validation,COMP-478c9f483894c42c,False
Fixed_Composition_Grouped,4,4,,288,Validation,COMP-478c9f483894c42c,False
Fixed_Composition_Grouped,4,4,,292,Validation,COMP-478c9f483894c42c,False
Fixed_Composition_Grouped,4,4,,295,Validation,COMP-478c9f483894c42c,False
Fixed_Composition_Grouped,4,4,,296,Validation,COMP-478c9f483894c42c,False
Fixed_Composition_Grouped,4,4,,300,Validation,COMP-478c9f483894c42c,False
Fixed_Composition_Grouped,4,4,,303,Validation,COMP-478c9f483894c42c,False
Fixed_Composition_Grouped,4,4,,306,Validation,COMP-478c9f483894c42c,False
Fixed_Composition_Grouped,4,4,,307,Validation,COMP-478c9f483894c42c,False
Fixed_Composition_Grouped,4,4,,309,Validation,COMP-478c9f483894c42c,False
Fixed_Composition_Grouped,4,4,,310,Validation,COMP-478c9f483894c42c,False
Fixed_Composition_Grouped,4,4,,311,Validation,COMP-478c9f483894c42c,False
Fixed_Composition_Grouped,4,4,,313,Validation,COMP-478c9f483894c42c,False
Fixed_Composition_Grouped,4,4,,315,Validation,COMP-478c9f483894c42c,False
Fixed_Composition_Grouped,4,4,,316,Validation,COMP-478c9f483894c42c,False
Fixed_Composition_Grouped,4,4,,413,Validation,COMP-a85acb2f2da0216b,False
Fixed_Composition_Grouped,4,4,,414,Validation,COMP-a85acb2f2da0216b,False
Fixed_Composition_Grouped,4,4,,415,Validation,COMP-a85acb2f2da0216b,False
Fixed_Composition_Grouped,4,4,,418,Validation,COMP-a85acb2f2da0216b,False
Fixed_Composition_Grouped,4,5,,1,Training,COMP-27021c945dc6ef2d,False
Fixed_Composition_Grouped,4,5,,3,Training,COMP-725d39a40881dc4b,False
Fixed_Composition_Grouped,4,5,,4,Training,COMP-862c9c676a6f1012,False
Fixed_Composition_Grouped,4,5,,5,Training,COMP-8e1fe5f59d3c7565,False
Fixed_Composition_Grouped,4,5,,6,Training,COMP-27021c945dc6ef2d,False
Fixed_Composition_Grouped,4,5,,7,Training,COMP-725d39a40881dc4b,False
Fixed_Composition_Grouped,4,5,,8,Training,COMP-725d39a40881dc4b,False
Fixed_Composition_Grouped,4,5,,10,Training,COMP-725d39a40881dc4b,False
Fixed_Composition_Grouped,4,5,,12,Training,COMP-725d39a40881dc4b,False
Fixed_Composition_Grouped,4,5,,13,Training,COMP-27021c945dc6ef2d,False
Fixed_Composition_Grouped,4,5,,14,Training,COMP-609dfbaf681359b8,False
Fixed_Composition_Grouped,4,5,,17,Training,COMP-773f99d6dc417f9e,False
Fixed_Composition_Grouped,4,5,,20,Training,COMP-0b765af90e5ebd4c,False
Fixed_Composition_Grouped,4,5,,21,Training,COMP-0b765af90e5ebd4c,False
Fixed_Composition_Grouped,4,5,,23,Training,COMP-81f8a3600f73b006,False
Fixed_Composition_Grouped,4,5,,24,Training,COMP-0b765af90e5ebd4c,False
Fixed_Composition_Grouped,4,5,,27,Training,COMP-73d52e7a36d559a9,False
Fixed_Composition_Grouped,4,5,,29,Training,COMP-773f99d6dc417f9e,False
Fixed_Composition_Grouped,4,5,,32,Training,COMP-81f8a3600f73b006,False
Fixed_Composition_Grouped,4,5,,37,Training,COMP-f6d84b53636ddfbe,False
Fixed_Composition_Grouped,4,5,,40,Training,COMP-1af7d3f3b3b924e5,False
Fixed_Composition_Grouped,4,5,,41,Training,COMP-1af7d3f3b3b924e5,False
Fixed_Composition_Grouped,4,5,,43,Training,COMP-9b0e3106e10f71db,False
Fixed_Composition_Grouped,4,5,,44,Training,COMP-0d7ce00a50a6a24f,False
Fixed_Composition_Grouped,4,5,,45,Training,COMP-59ce4655e65cf94a,False
Fixed_Composition_Grouped,4,5,,47,Training,COMP-e295ac85ac1ada41,False
Fixed_Composition_Grouped,4,5,,48,Training,COMP-b611e8d56579c910,False
Fixed_Composition_Grouped,4,5,,52,Training,COMP-06f5d2a767a65349,False
Fixed_Composition_Grouped,4,5,,53,Training,COMP-06f5d2a767a65349,False
Fixed_Composition_Grouped,4,5,,60,Training,COMP-3f22c6642a7a1344,False
Fixed_Composition_Grouped,4,5,,61,Training,COMP-3f22c6642a7a1344,False
Fixed_Composition_Grouped,4,5,,64,Training,COMP-3157f0dc71f862ff,False
Fixed_Composition_Grouped,4,5,,65,Training,COMP-7c0b488137fafb3b,False
Fixed_Composition_Grouped,4,5,,66,Training,COMP-b8df58296dba2095,False
Fixed_Composition_Grouped,4,5,,67,Training,COMP-49d8e1edbf1c2fbd,False
Fixed_Composition_Grouped,4,5,,69,Training,COMP-8cee7ef8867afd2d,False
Fixed_Composition_Grouped,4,5,,74,Training,COMP-f9a00d6d8411a0d1,False
Fixed_Composition_Grouped,4,5,,80,Training,COMP-a14831ff30c0b14d,False
Fixed_Composition_Grouped,4,5,,84,Training,COMP-a14831ff30c0b14d,False
Fixed_Composition_Grouped,4,5,,86,Training,COMP-ea2a626c3522e4a5,False
Fixed_Composition_Grouped,4,5,,87,Training,COMP-a14831ff30c0b14d,False
Fixed_Composition_Grouped,4,5,,88,Training,COMP-ea2a626c3522e4a5,False
Fixed_Composition_Grouped,4,5,,92,Training,COMP-ea2a626c3522e4a5,False
Fixed_Composition_Grouped,4,5,,94,Training,COMP-ea2a626c3522e4a5,False
Fixed_Composition_Grouped,4,5,,95,Training,COMP-ea2a626c3522e4a5,False
Fixed_Composition_Grouped,4,5,,96,Training,COMP-ea2a626c3522e4a5,False
Fixed_Composition_Grouped,4,5,,97,Training,COMP-a14831ff30c0b14d,False
Fixed_Composition_Grouped,4,5,,99,Training,COMP-ea2a626c3522e4a5,False
Fixed_Composition_Grouped,4,5,,100,Training,COMP-ea2a626c3522e4a5,False
Fixed_Composition_Grouped,4,5,,102,Training,COMP-435a8f4ba56d8b5d,False
Fixed_Composition_Grouped,4,5,,103,Training,COMP-435a8f4ba56d8b5d,False
Fixed_Composition_Grouped,4,5,,104,Training,COMP-435a8f4ba56d8b5d,False
Fixed_Composition_Grouped,4,5,,105,Training,COMP-435a8f4ba56d8b5d,False
Fixed_Composition_Grouped,4,5,,106,Training,COMP-435a8f4ba56d8b5d,False
Fixed_Composition_Grouped,4,5,,110,Training,COMP-c1d72bb5d7d164b0,False
Fixed_Composition_Grouped,4,5,,111,Training,COMP-c1d72bb5d7d164b0,False
Fixed_Composition_Grouped,4,5,,112,Training,COMP-c1d72bb5d7d164b0,False
Fixed_Composition_Grouped,4,5,,114,Training,COMP-6360354242bed7fe,False
Fixed_Composition_Grouped,4,5,,115,Training,COMP-15c7378d46cadefa,False
Fixed_Composition_Grouped,4,5,,121,Training,COMP-b2e9edd7bc55d085,False
Fixed_Composition_Grouped,4,5,,122,Training,COMP-b2e9edd7bc55d085,False
Fixed_Composition_Grouped,4,5,,123,Training,COMP-0ee2ef468faff8db,False
Fixed_Composition_Grouped,4,5,,125,Training,COMP-0ee2ef468faff8db,False
Fixed_Composition_Grouped,4,5,,126,Training,COMP-5502f8bc72167a0b,False
Fixed_Composition_Grouped,4,5,,127,Training,COMP-5502f8bc72167a0b,False
Fixed_Composition_Grouped,4,5,,147,Training,COMP-055230aabe7d502c,False
Fixed_Composition_Grouped,4,5,,150,Training,COMP-055230aabe7d502c,False
Fixed_Composition_Grouped,4,5,,152,Training,COMP-055230aabe7d502c,False
Fixed_Composition_Grouped,4,5,,156,Training,COMP-941f92def7f50542,False
Fixed_Composition_Grouped,4,5,,157,Training,COMP-ddfcf6030a718a0c,False
Fixed_Composition_Grouped,4,5,,159,Training,COMP-0346738121cb655e,False
Fixed_Composition_Grouped,4,5,,160,Training,COMP-0346738121cb655e,False
Fixed_Composition_Grouped,4,5,,161,Training,COMP-eacd4f126ab29a30,False
Fixed_Composition_Grouped,4,5,,162,Training,COMP-ddfcf6030a718a0c,False
Fixed_Composition_Grouped,4,5,,163,Training,COMP-b2e9edd7bc55d085,False
Fixed_Composition_Grouped,4,5,,164,Training,COMP-941f92def7f50542,False
Fixed_Composition_Grouped,4,5,,167,Training,COMP-eacd4f126ab29a30,False
Fixed_Composition_Grouped,4,5,,168,Training,COMP-92ed17371ff559b6,False
Fixed_Composition_Grouped,4,5,,169,Training,COMP-92ed17371ff559b6,False
Fixed_Composition_Grouped,4,5,,172,Training,COMP-92ed17371ff559b6,False
Fixed_Composition_Grouped,4,5,,173,Training,COMP-0d41a2cf75110ad6,False
Fixed_Composition_Grouped,4,5,,174,Training,COMP-a35a20d65351aafe,False
Fixed_Composition_Grouped,4,5,,175,Training,COMP-b72f6533b137a4f6,False
Fixed_Composition_Grouped,4,5,,176,Training,COMP-5479c448b954c055,False
Fixed_Composition_Grouped,4,5,,177,Training,COMP-5479c448b954c055,False
Fixed_Composition_Grouped,4,5,,178,Training,COMP-b9abc443805301b1,False
Fixed_Composition_Grouped,4,5,,182,Training,COMP-630f3050f45faf36,False
Fixed_Composition_Grouped,4,5,,183,Training,COMP-630f3050f45faf36,False
Fixed_Composition_Grouped,4,5,,184,Training,COMP-0966c0019ec07f39,False
Fixed_Composition_Grouped,4,5,,186,Training,COMP-0966c0019ec07f39,False
Fixed_Composition_Grouped,4,5,,187,Training,COMP-a7670bf71188b1d6,False
Fixed_Composition_Grouped,4,5,,188,Training,COMP-a7670bf71188b1d6,False
Fixed_Composition_Grouped,4,5,,194,Training,COMP-445f55453794f59c,False
Fixed_Composition_Grouped,4,5,,197,Training,COMP-880bd22028629a8e,False
Fixed_Composition_Grouped,4,5,,199,Training,COMP-6525c735bb50fb1c,False
Fixed_Composition_Grouped,4,5,,200,Training,COMP-b878df279a448475,False
Fixed_Composition_Grouped,4,5,,201,Training,COMP-05480af3b167ab05,False
Fixed_Composition_Grouped,4,5,,202,Training,COMP-598bc18a3ba07a9e,False
Fixed_Composition_Grouped,4,5,,207,Training,COMP-948abb1ebd270642,False
Fixed_Composition_Grouped,4,5,,210,Training,COMP-d7494ade7e8dd694,False
Fixed_Composition_Grouped,4,5,,211,Training,COMP-b775405901636085,False
Fixed_Composition_Grouped,4,5,,214,Training,COMP-35e38ea13dc05b9e,False
Fixed_Composition_Grouped,4,5,,215,Training,COMP-6b4f0394292930ba,False
Fixed_Composition_Grouped,4,5,,216,Training,COMP-4a76c05754ee1efa,False
Fixed_Composition_Grouped,4,5,,219,Training,COMP-eae7689b221fd7f8,False
Fixed_Composition_Grouped,4,5,,221,Training,COMP-20d1e620c817cb5a,False
Fixed_Composition_Grouped,4,5,,224,Training,COMP-93900d7c81c38cdd,False
Fixed_Composition_Grouped,4,5,,225,Training,COMP-289a02a6b94655b9,False
Fixed_Composition_Grouped,4,5,,226,Training,COMP-93900d7c81c38cdd,False
Fixed_Composition_Grouped,4,5,,228,Training,COMP-46e30c1bd5e987da,False
Fixed_Composition_Grouped,4,5,,229,Training,COMP-2753cd2e053c8c98,False
Fixed_Composition_Grouped,4,5,,230,Training,COMP-0107563adaed8d01,False
Fixed_Composition_Grouped,4,5,,231,Training,COMP-0e256dc7494452a7,False
Fixed_Composition_Grouped,4,5,,232,Training,COMP-0e256dc7494452a7,False
Fixed_Composition_Grouped,4,5,,233,Training,COMP-e60cc4ecffe6b7df,False
Fixed_Composition_Grouped,4,5,,235,Training,COMP-091a20b5a1dfb76f,False
Fixed_Composition_Grouped,4,5,,236,Training,COMP-44fea4804e888e0a,False
Fixed_Composition_Grouped,4,5,,237,Training,COMP-4ef2bcae5243588c,False
Fixed_Composition_Grouped,4,5,,238,Training,COMP-fc5c3e46d2655b62,False
Fixed_Composition_Grouped,4,5,,239,Training,COMP-0b765af90e5ebd4c,False
Fixed_Composition_Grouped,4,5,,240,Training,COMP-0b765af90e5ebd4c,False
Fixed_Composition_Grouped,4,5,,241,Training,COMP-631a18a4a6b20c0c,False
Fixed_Composition_Grouped,4,5,,242,Training,COMP-631a18a4a6b20c0c,False
Fixed_Composition_Grouped,4,5,,246,Training,COMP-1fc9679353325516,False
Fixed_Composition_Grouped,4,5,,247,Training,COMP-e295ac85ac1ada41,False
Fixed_Composition_Grouped,4,5,,249,Training,COMP-e295ac85ac1ada41,False
Fixed_Composition_Grouped,4,5,,252,Training,COMP-725d39a40881dc4b,False
Fixed_Composition_Grouped,4,5,,253,Training,COMP-725d39a40881dc4b,False
Fixed_Composition_Grouped,4,5,,255,Training,COMP-95a56990f4bea8a9,False
Fixed_Composition_Grouped,4,5,,256,Training,COMP-95a56990f4bea8a9,False
Fixed_Composition_Grouped,4,5,,257,Training,COMP-95a56990f4bea8a9,False
Fixed_Composition_Grouped,4,5,,258,Training,COMP-95a56990f4bea8a9,False
Fixed_Composition_Grouped,4,5,,259,Training,COMP-95a56990f4bea8a9,False
Fixed_Composition_Grouped,4,5,,260,Training,COMP-95a56990f4bea8a9,False
Fixed_Composition_Grouped,4,5,,263,Training,COMP-95a56990f4bea8a9,False
Fixed_Composition_Grouped,4,5,,266,Training,COMP-95a56990f4bea8a9,False
Fixed_Composition_Grouped,4,5,,268,Training,COMP-95a56990f4bea8a9,False
Fixed_Composition_Grouped,4,5,,271,Training,COMP-95a56990f4bea8a9,False
Fixed_Composition_Grouped,4,5,,272,Training,COMP-95a56990f4bea8a9,False
Fixed_Composition_Grouped,4,5,,273,Training,COMP-95a56990f4bea8a9,False
Fixed_Composition_Grouped,4,5,,282,Training,COMP-95a56990f4bea8a9,False
Fixed_Composition_Grouped,4,5,,283,Training,COMP-95a56990f4bea8a9,False
Fixed_Composition_Grouped,4,5,,285,Training,COMP-95a56990f4bea8a9,False
Fixed_Composition_Grouped,4,5,,286,Training,COMP-478c9f483894c42c,False
Fixed_Composition_Grouped,4,5,,288,Training,COMP-478c9f483894c42c,False
Fixed_Composition_Grouped,4,5,,292,Training,COMP-478c9f483894c42c,False
Fixed_Composition_Grouped,4,5,,295,Training,COMP-478c9f483894c42c,False
Fixed_Composition_Grouped,4,5,,296,Training,COMP-478c9f483894c42c,False
Fixed_Composition_Grouped,4,5,,300,Training,COMP-478c9f483894c42c,False
Fixed_Composition_Grouped,4,5,,303,Training,COMP-478c9f483894c42c,False
Fixed_Composition_Grouped,4,5,,306,Training,COMP-478c9f483894c42c,False
Fixed_Composition_Grouped,4,5,,307,Training,COMP-478c9f483894c42c,False
Fixed_Composition_Grouped,4,5,,309,Training,COMP-478c9f483894c42c,False
Fixed_Composition_Grouped,4,5,,310,Training,COMP-478c9f483894c42c,False
Fixed_Composition_Grouped,4,5,,311,Training,COMP-478c9f483894c42c,False
Fixed_Composition_Grouped,4,5,,313,Training,COMP-478c9f483894c42c,False
Fixed_Composition_Grouped,4,5,,315,Training,COMP-478c9f483894c42c,False
Fixed_Composition_Grouped,4,5,,316,Training,COMP-478c9f483894c42c,False
Fixed_Composition_Grouped,4,5,,337,Training,COMP-06072d2dd3b021af,False
Fixed_Composition_Grouped,4,5,,339,Training,COMP-06072d2dd3b021af,False
Fixed_Composition_Grouped,4,5,,341,Training,COMP-221944a235b3f36b,False
Fixed_Composition_Grouped,4,5,,342,Training,COMP-221944a235b3f36b,False
Fixed_Composition_Grouped,4,5,,348,Training,COMP-30cef922979fb9fd,False
Fixed_Composition_Grouped,4,5,,349,Training,COMP-30cef922979fb9fd,False
Fixed_Composition_Grouped,4,5,,350,Training,COMP-30cef922979fb9fd,False
Fixed_Composition_Grouped,4,5,,351,Training,COMP-30cef922979fb9fd,False
Fixed_Composition_Grouped,4,5,,352,Training,COMP-30cef922979fb9fd,False
Fixed_Composition_Grouped,4,5,,354,Training,COMP-59f47d6774b9fdfb,False
Fixed_Composition_Grouped,4,5,,356,Training,COMP-59f47d6774b9fdfb,False
Fixed_Composition_Grouped,4,5,,358,Training,COMP-59f47d6774b9fdfb,False
Fixed_Composition_Grouped,4,5,,360,Training,COMP-0765adc8c505dd3b,False
Fixed_Composition_Grouped,4,5,,363,Training,COMP-0765adc8c505dd3b,False
Fixed_Composition_Grouped,4,5,,364,Training,COMP-0765adc8c505dd3b,False
Fixed_Composition_Grouped,4,5,,369,Training,COMP-6f2ca218fbd1923b,False
Fixed_Composition_Grouped,4,5,,371,Training,COMP-6f2ca218fbd1923b,False
Fixed_Composition_Grouped,4,5,,372,Training,COMP-6f2ca218fbd1923b,False
Fixed_Composition_Grouped,4,5,,375,Training,COMP-6f2ca218fbd1923b,False
Fixed_Composition_Grouped,4,5,,376,Training,COMP-6f2ca218fbd1923b,False
Fixed_Composition_Grouped,4,5,,378,Training,COMP-6f2ca218fbd1923b,False
Fixed_Composition_Grouped,4,5,,380,Training,COMP-6f2ca218fbd1923b,False
Fixed_Composition_Grouped,4,5,,381,Training,COMP-6f2ca218fbd1923b,False
Fixed_Composition_Grouped,4,5,,382,Training,COMP-6f2ca218fbd1923b,False
Fixed_Composition_Grouped,4,5,,384,Training,COMP-6f2ca218fbd1923b,False
Fixed_Composition_Grouped,4,5,,386,Training,COMP-6f2ca218fbd1923b,False
Fixed_Composition_Grouped,4,5,,387,Training,COMP-6f2ca218fbd1923b,False
Fixed_Composition_Grouped,4,5,,388,Training,COMP-6f2ca218fbd1923b,False
Fixed_Composition_Grouped,4,5,,389,Training,COMP-6f2ca218fbd1923b,False
Fixed_Composition_Grouped,4,5,,391,Training,COMP-6f2ca218fbd1923b,False
Fixed_Composition_Grouped,4,5,,393,Training,COMP-6f2ca218fbd1923b,False
Fixed_Composition_Grouped,4,5,,395,Training,COMP-6f2ca218fbd1923b,False
Fixed_Composition_Grouped,4,5,,399,Training,COMP-6f2ca218fbd1923b,False
Fixed_Composition_Grouped,4,5,,402,Training,COMP-6f2ca218fbd1923b,False
Fixed_Composition_Grouped,4,5,,404,Training,COMP-6f2ca218fbd1923b,False
Fixed_Composition_Grouped,4,5,,405,Training,COMP-6f2ca218fbd1923b,False
Fixed_Composition_Grouped,4,5,,406,Training,COMP-7fb1fecc93ced403,False
Fixed_Composition_Grouped,4,5,,408,Training,COMP-7fb1fecc93ced403,False
Fixed_Composition_Grouped,4,5,,413,Training,COMP-a85acb2f2da0216b,False
Fixed_Composition_Grouped,4,5,,414,Training,COMP-a85acb2f2da0216b,False
Fixed_Composition_Grouped,4,5,,415,Training,COMP-a85acb2f2da0216b,False
Fixed_Composition_Grouped,4,5,,418,Training,COMP-a85acb2f2da0216b,False
Fixed_Composition_Grouped,4,5,,424,Training,COMP-f9d9cbed014e8b80,False
Fixed_Composition_Grouped,4,5,,425,Training,COMP-f9d9cbed014e8b80,False
Fixed_Composition_Grouped,4,5,,427,Training,COMP-f9d9cbed014e8b80,False
Fixed_Composition_Grouped,4,5,,429,Training,COMP-f9d9cbed014e8b80,False
Fixed_Composition_Grouped,4,5,,431,Training,COMP-f9d9cbed014e8b80,False
Fixed_Composition_Grouped,4,5,,432,Training,COMP-f9d9cbed014e8b80,False
Fixed_Composition_Grouped,4,5,,434,Training,COMP-f9d9cbed014e8b80,False
Fixed_Composition_Grouped,4,5,,438,Training,COMP-f9d9cbed014e8b80,False
Fixed_Composition_Grouped,4,5,,440,Training,COMP-f9d9cbed014e8b80,False
Fixed_Composition_Grouped,4,5,,441,Training,COMP-f9d9cbed014e8b80,False
Fixed_Composition_Grouped,4,5,,444,Training,COMP-f9d9cbed014e8b80,False
Fixed_Composition_Grouped,4,5,,445,Training,COMP-f9d9cbed014e8b80,False
Fixed_Composition_Grouped,4,5,,448,Training,COMP-f9d9cbed014e8b80,False
Fixed_Composition_Grouped,4,5,,449,Training,COMP-f9d9cbed014e8b80,False
Fixed_Composition_Grouped,4,5,,450,Training,COMP-f9d9cbed014e8b80,False
Fixed_Composition_Grouped,4,5,,451,Training,COMP-f9d9cbed014e8b80,False
Fixed_Composition_Grouped,4,5,,26,Validation,COMP-7decbe1f0284bd78,False
Fixed_Composition_Grouped,4,5,,28,Validation,COMP-3632fb12e94bc35a,False
Fixed_Composition_Grouped,4,5,,35,Validation,COMP-a87a2533a652007c,False
Fixed_Composition_Grouped,4,5,,36,Validation,COMP-87a7ec252c82f56c,False
Fixed_Composition_Grouped,4,5,,49,Validation,COMP-92ece298f11712f0,False
Fixed_Composition_Grouped,4,5,,51,Validation,COMP-dbc0864492ec7b98,False
Fixed_Composition_Grouped,4,5,,54,Validation,COMP-ea1f0dc96a173899,False
Fixed_Composition_Grouped,4,5,,62,Validation,COMP-21d126c9d34df073,False
Fixed_Composition_Grouped,4,5,,63,Validation,COMP-21d126c9d34df073,False
Fixed_Composition_Grouped,4,5,,68,Validation,COMP-21d126c9d34df073,False
Fixed_Composition_Grouped,4,5,,83,Validation,COMP-e913f917a7e36868,False
Fixed_Composition_Grouped,4,5,,85,Validation,COMP-e913f917a7e36868,False
Fixed_Composition_Grouped,4,5,,98,Validation,COMP-e913f917a7e36868,False
Fixed_Composition_Grouped,4,5,,107,Validation,COMP-384273ac244080b1,False
Fixed_Composition_Grouped,4,5,,118,Validation,COMP-8bbe9ce01fb6a2d3,False
Fixed_Composition_Grouped,4,5,,120,Validation,COMP-8bbe9ce01fb6a2d3,False
Fixed_Composition_Grouped,4,5,,130,Validation,COMP-89919c53d3149a2d,False
Fixed_Composition_Grouped,4,5,,133,Validation,COMP-89919c53d3149a2d,False
Fixed_Composition_Grouped,4,5,,134,Validation,COMP-89919c53d3149a2d,False
Fixed_Composition_Grouped,4,5,,135,Validation,COMP-89919c53d3149a2d,False
Fixed_Composition_Grouped,4,5,,138,Validation,COMP-89919c53d3149a2d,False
Fixed_Composition_Grouped,4,5,,139,Validation,COMP-89919c53d3149a2d,False
Fixed_Composition_Grouped,4,5,,141,Validation,COMP-89919c53d3149a2d,False
Fixed_Composition_Grouped,4,5,,142,Validation,COMP-89919c53d3149a2d,False
Fixed_Composition_Grouped,4,5,,143,Validation,COMP-89919c53d3149a2d,False
Fixed_Composition_Grouped,4,5,,144,Validation,COMP-89919c53d3149a2d,False
Fixed_Composition_Grouped,4,5,,145,Validation,COMP-89919c53d3149a2d,False
Fixed_Composition_Grouped,4,5,,146,Validation,COMP-266a388f7afdbe91,False
Fixed_Composition_Grouped,4,5,,148,Validation,COMP-150ce51691dfb5f9,False
Fixed_Composition_Grouped,4,5,,149,Validation,COMP-266a388f7afdbe91,False
Fixed_Composition_Grouped,4,5,,154,Validation,COMP-150ce51691dfb5f9,False
Fixed_Composition_Grouped,4,5,,181,Validation,COMP-69c6ecd7284d3b47,False
Fixed_Composition_Grouped,4,5,,193,Validation,COMP-889d7d6c6dbf5b76,False
Fixed_Composition_Grouped,4,5,,205,Validation,COMP-d8a14990923ce9f7,False
Fixed_Composition_Grouped,4,5,,243,Validation,COMP-b0cc51380afea02b,False
Fixed_Composition_Grouped,4,5,,251,Validation,COMP-dd1e9c4c0f247912,False
Fixed_Composition_Grouped,4,5,,320,Validation,COMP-dbc0864492ec7b98,False
Fixed_Composition_Grouped,4,5,,321,Validation,COMP-dbc0864492ec7b98,False
Fixed_Composition_Grouped,4,5,,322,Validation,COMP-dbc0864492ec7b98,False
Fixed_Composition_Grouped,4,5,,323,Validation,COMP-dbc0864492ec7b98,False
Fixed_Composition_Grouped,4,5,,324,Validation,COMP-dbc0864492ec7b98,False
Fixed_Composition_Grouped,4,5,,325,Validation,COMP-dbc0864492ec7b98,False
Fixed_Composition_Grouped,4,5,,326,Validation,COMP-dbc0864492ec7b98,False
Fixed_Composition_Grouped,4,5,,327,Validation,COMP-dbc0864492ec7b98,False
Fixed_Composition_Grouped,4,5,,328,Validation,COMP-dbc0864492ec7b98,False
Fixed_Composition_Grouped,4,5,,331,Validation,COMP-dbc0864492ec7b98,False
Fixed_Composition_Grouped,4,5,,333,Validation,COMP-dbc0864492ec7b98,False
Fixed_Composition_Grouped,4,5,,334,Validation,COMP-dbc0864492ec7b98,False
Fixed_Composition_Grouped,4,5,,344,Validation,COMP-e1e52574fbb04f58,False
Fixed_Composition_Grouped,4,5,,345,Validation,COMP-e1e52574fbb04f58,False
Fixed_Composition_Grouped,4,5,,347,Validation,COMP-e1e52574fbb04f58,False
Fixed_Composition_Grouped,4,5,,365,Validation,COMP-e1e52574fbb04f58,False
Fixed_Composition_Grouped,4,5,,421,Validation,COMP-edeedccfd8f07e13,False
Fixed_Composition_Grouped,4,5,,422,Validation,COMP-edeedccfd8f07e13,False
Fixed_Composition_Grouped,5,1,,1,Training,COMP-27021c945dc6ef2d,False
Fixed_Composition_Grouped,5,1,,3,Training,COMP-725d39a40881dc4b,False
Fixed_Composition_Grouped,5,1,,6,Training,COMP-27021c945dc6ef2d,False
Fixed_Composition_Grouped,5,1,,7,Training,COMP-725d39a40881dc4b,False
Fixed_Composition_Grouped,5,1,,8,Training,COMP-725d39a40881dc4b,False
Fixed_Composition_Grouped,5,1,,10,Training,COMP-725d39a40881dc4b,False
Fixed_Composition_Grouped,5,1,,12,Training,COMP-725d39a40881dc4b,False
Fixed_Composition_Grouped,5,1,,13,Training,COMP-27021c945dc6ef2d,False
Fixed_Composition_Grouped,5,1,,14,Training,COMP-609dfbaf681359b8,False
Fixed_Composition_Grouped,5,1,,17,Training,COMP-773f99d6dc417f9e,False
Fixed_Composition_Grouped,5,1,,23,Training,COMP-81f8a3600f73b006,False
Fixed_Composition_Grouped,5,1,,26,Training,COMP-7decbe1f0284bd78,False
Fixed_Composition_Grouped,5,1,,27,Training,COMP-73d52e7a36d559a9,False
Fixed_Composition_Grouped,5,1,,28,Training,COMP-3632fb12e94bc35a,False
Fixed_Composition_Grouped,5,1,,29,Training,COMP-773f99d6dc417f9e,False
Fixed_Composition_Grouped,5,1,,32,Training,COMP-81f8a3600f73b006,False
Fixed_Composition_Grouped,5,1,,35,Training,COMP-a87a2533a652007c,False
Fixed_Composition_Grouped,5,1,,36,Training,COMP-87a7ec252c82f56c,False
Fixed_Composition_Grouped,5,1,,37,Training,COMP-f6d84b53636ddfbe,False
Fixed_Composition_Grouped,5,1,,40,Training,COMP-1af7d3f3b3b924e5,False
Fixed_Composition_Grouped,5,1,,41,Training,COMP-1af7d3f3b3b924e5,False
Fixed_Composition_Grouped,5,1,,43,Training,COMP-9b0e3106e10f71db,False
Fixed_Composition_Grouped,5,1,,44,Training,COMP-0d7ce00a50a6a24f,False
Fixed_Composition_Grouped,5,1,,45,Training,COMP-59ce4655e65cf94a,False
Fixed_Composition_Grouped,5,1,,48,Training,COMP-b611e8d56579c910,False
Fixed_Composition_Grouped,5,1,,51,Training,COMP-dbc0864492ec7b98,False
Fixed_Composition_Grouped,5,1,,52,Training,COMP-06f5d2a767a65349,False
Fixed_Composition_Grouped,5,1,,53,Training,COMP-06f5d2a767a65349,False
Fixed_Composition_Grouped,5,1,,54,Training,COMP-ea1f0dc96a173899,False
Fixed_Composition_Grouped,5,1,,60,Training,COMP-3f22c6642a7a1344,False
Fixed_Composition_Grouped,5,1,,61,Training,COMP-3f22c6642a7a1344,False
Fixed_Composition_Grouped,5,1,,62,Training,COMP-21d126c9d34df073,False
Fixed_Composition_Grouped,5,1,,63,Training,COMP-21d126c9d34df073,False
Fixed_Composition_Grouped,5,1,,64,Training,COMP-3157f0dc71f862ff,False
Fixed_Composition_Grouped,5,1,,65,Training,COMP-7c0b488137fafb3b,False
Fixed_Composition_Grouped,5,1,,66,Training,COMP-b8df58296dba2095,False
Fixed_Composition_Grouped,5,1,,67,Training,COMP-49d8e1edbf1c2fbd,False
Fixed_Composition_Grouped,5,1,,68,Training,COMP-21d126c9d34df073,False
Fixed_Composition_Grouped,5,1,,69,Training,COMP-8cee7ef8867afd2d,False
Fixed_Composition_Grouped,5,1,,74,Training,COMP-f9a00d6d8411a0d1,False
Fixed_Composition_Grouped,5,1,,80,Training,COMP-a14831ff30c0b14d,False
Fixed_Composition_Grouped,5,1,,83,Training,COMP-e913f917a7e36868,False
Fixed_Composition_Grouped,5,1,,84,Training,COMP-a14831ff30c0b14d,False
Fixed_Composition_Grouped,5,1,,85,Training,COMP-e913f917a7e36868,False
Fixed_Composition_Grouped,5,1,,86,Training,COMP-ea2a626c3522e4a5,False
Fixed_Composition_Grouped,5,1,,87,Training,COMP-a14831ff30c0b14d,False
Fixed_Composition_Grouped,5,1,,88,Training,COMP-ea2a626c3522e4a5,False
Fixed_Composition_Grouped,5,1,,92,Training,COMP-ea2a626c3522e4a5,False
Fixed_Composition_Grouped,5,1,,94,Training,COMP-ea2a626c3522e4a5,False
Fixed_Composition_Grouped,5,1,,95,Training,COMP-ea2a626c3522e4a5,False
Fixed_Composition_Grouped,5,1,,96,Training,COMP-ea2a626c3522e4a5,False
Fixed_Composition_Grouped,5,1,,97,Training,COMP-a14831ff30c0b14d,False
Fixed_Composition_Grouped,5,1,,98,Training,COMP-e913f917a7e36868,False
Fixed_Composition_Grouped,5,1,,99,Training,COMP-ea2a626c3522e4a5,False
Fixed_Composition_Grouped,5,1,,100,Training,COMP-ea2a626c3522e4a5,False
Fixed_Composition_Grouped,5,1,,102,Training,COMP-435a8f4ba56d8b5d,False
Fixed_Composition_Grouped,5,1,,103,Training,COMP-435a8f4ba56d8b5d,False
Fixed_Composition_Grouped,5,1,,104,Training,COMP-435a8f4ba56d8b5d,False
Fixed_Composition_Grouped,5,1,,105,Training,COMP-435a8f4ba56d8b5d,False
Fixed_Composition_Grouped,5,1,,106,Training,COMP-435a8f4ba56d8b5d,False
Fixed_Composition_Grouped,5,1,,107,Training,COMP-384273ac244080b1,False
Fixed_Composition_Grouped,5,1,,110,Training,COMP-c1d72bb5d7d164b0,False
Fixed_Composition_Grouped,5,1,,111,Training,COMP-c1d72bb5d7d164b0,False
Fixed_Composition_Grouped,5,1,,112,Training,COMP-c1d72bb5d7d164b0,False
Fixed_Composition_Grouped,5,1,,114,Training,COMP-6360354242bed7fe,False
Fixed_Composition_Grouped,5,1,,115,Training,COMP-15c7378d46cadefa,False
Fixed_Composition_Grouped,5,1,,118,Training,COMP-8bbe9ce01fb6a2d3,False
Fixed_Composition_Grouped,5,1,,120,Training,COMP-8bbe9ce01fb6a2d3,False
Fixed_Composition_Grouped,5,1,,121,Training,COMP-b2e9edd7bc55d085,False
Fixed_Composition_Grouped,5,1,,122,Training,COMP-b2e9edd7bc55d085,False
Fixed_Composition_Grouped,5,1,,130,Training,COMP-89919c53d3149a2d,False
Fixed_Composition_Grouped,5,1,,133,Training,COMP-89919c53d3149a2d,False
Fixed_Composition_Grouped,5,1,,134,Training,COMP-89919c53d3149a2d,False
Fixed_Composition_Grouped,5,1,,135,Training,COMP-89919c53d3149a2d,False
Fixed_Composition_Grouped,5,1,,138,Training,COMP-89919c53d3149a2d,False
Fixed_Composition_Grouped,5,1,,139,Training,COMP-89919c53d3149a2d,False
Fixed_Composition_Grouped,5,1,,141,Training,COMP-89919c53d3149a2d,False
Fixed_Composition_Grouped,5,1,,142,Training,COMP-89919c53d3149a2d,False
Fixed_Composition_Grouped,5,1,,143,Training,COMP-89919c53d3149a2d,False
Fixed_Composition_Grouped,5,1,,144,Training,COMP-89919c53d3149a2d,False
Fixed_Composition_Grouped,5,1,,145,Training,COMP-89919c53d3149a2d,False
Fixed_Composition_Grouped,5,1,,146,Training,COMP-266a388f7afdbe91,False
Fixed_Composition_Grouped,5,1,,147,Training,COMP-055230aabe7d502c,False
Fixed_Composition_Grouped,5,1,,148,Training,COMP-150ce51691dfb5f9,False
Fixed_Composition_Grouped,5,1,,149,Training,COMP-266a388f7afdbe91,False
Fixed_Composition_Grouped,5,1,,150,Training,COMP-055230aabe7d502c,False
Fixed_Composition_Grouped,5,1,,152,Training,COMP-055230aabe7d502c,False
Fixed_Composition_Grouped,5,1,,154,Training,COMP-150ce51691dfb5f9,False
Fixed_Composition_Grouped,5,1,,156,Training,COMP-941f92def7f50542,False
Fixed_Composition_Grouped,5,1,,159,Training,COMP-0346738121cb655e,False
Fixed_Composition_Grouped,5,1,,160,Training,COMP-0346738121cb655e,False
Fixed_Composition_Grouped,5,1,,161,Training,COMP-eacd4f126ab29a30,False
Fixed_Composition_Grouped,5,1,,163,Training,COMP-b2e9edd7bc55d085,False
Fixed_Composition_Grouped,5,1,,164,Training,COMP-941f92def7f50542,False
Fixed_Composition_Grouped,5,1,,167,Training,COMP-eacd4f126ab29a30,False
Fixed_Composition_Grouped,5,1,,168,Training,COMP-92ed17371ff559b6,False
Fixed_Composition_Grouped,5,1,,169,Training,COMP-92ed17371ff559b6,False
Fixed_Composition_Grouped,5,1,,172,Training,COMP-92ed17371ff559b6,False
Fixed_Composition_Grouped,5,1,,173,Training,COMP-0d41a2cf75110ad6,False
Fixed_Composition_Grouped,5,1,,174,Training,COMP-a35a20d65351aafe,False
Fixed_Composition_Grouped,5,1,,175,Training,COMP-b72f6533b137a4f6,False
Fixed_Composition_Grouped,5,1,,176,Training,COMP-5479c448b954c055,False
Fixed_Composition_Grouped,5,1,,177,Training,COMP-5479c448b954c055,False
Fixed_Composition_Grouped,5,1,,178,Training,COMP-b9abc443805301b1,False
Fixed_Composition_Grouped,5,1,,181,Training,COMP-69c6ecd7284d3b47,False
Fixed_Composition_Grouped,5,1,,182,Training,COMP-630f3050f45faf36,False
Fixed_Composition_Grouped,5,1,,183,Training,COMP-630f3050f45faf36,False
Fixed_Composition_Grouped,5,1,,184,Training,COMP-0966c0019ec07f39,False
Fixed_Composition_Grouped,5,1,,186,Training,COMP-0966c0019ec07f39,False
Fixed_Composition_Grouped,5,1,,187,Training,COMP-a7670bf71188b1d6,False
Fixed_Composition_Grouped,5,1,,188,Training,COMP-a7670bf71188b1d6,False
Fixed_Composition_Grouped,5,1,,193,Training,COMP-889d7d6c6dbf5b76,False
Fixed_Composition_Grouped,5,1,,197,Training,COMP-880bd22028629a8e,False
Fixed_Composition_Grouped,5,1,,200,Training,COMP-b878df279a448475,False
Fixed_Composition_Grouped,5,1,,205,Training,COMP-d8a14990923ce9f7,False
Fixed_Composition_Grouped,5,1,,207,Training,COMP-948abb1ebd270642,False
Fixed_Composition_Grouped,5,1,,210,Training,COMP-d7494ade7e8dd694,False
Fixed_Composition_Grouped,5,1,,211,Training,COMP-b775405901636085,False
Fixed_Composition_Grouped,5,1,,214,Training,COMP-35e38ea13dc05b9e,False
Fixed_Composition_Grouped,5,1,,215,Training,COMP-6b4f0394292930ba,False
Fixed_Composition_Grouped,5,1,,219,Training,COMP-eae7689b221fd7f8,False
Fixed_Composition_Grouped,5,1,,221,Training,COMP-20d1e620c817cb5a,False
Fixed_Composition_Grouped,5,1,,224,Training,COMP-93900d7c81c38cdd,False
Fixed_Composition_Grouped,5,1,,226,Training,COMP-93900d7c81c38cdd,False
Fixed_Composition_Grouped,5,1,,228,Training,COMP-46e30c1bd5e987da,False
Fixed_Composition_Grouped,5,1,,229,Training,COMP-2753cd2e053c8c98,False
Fixed_Composition_Grouped,5,1,,230,Training,COMP-0107563adaed8d01,False
Fixed_Composition_Grouped,5,1,,231,Training,COMP-0e256dc7494452a7,False
Fixed_Composition_Grouped,5,1,,232,Training,COMP-0e256dc7494452a7,False
Fixed_Composition_Grouped,5,1,,233,Training,COMP-e60cc4ecffe6b7df,False
Fixed_Composition_Grouped,5,1,,236,Training,COMP-44fea4804e888e0a,False
Fixed_Composition_Grouped,5,1,,237,Training,COMP-4ef2bcae5243588c,False
Fixed_Composition_Grouped,5,1,,238,Training,COMP-fc5c3e46d2655b62,False
Fixed_Composition_Grouped,5,1,,243,Training,COMP-b0cc51380afea02b,False
Fixed_Composition_Grouped,5,1,,246,Training,COMP-1fc9679353325516,False
Fixed_Composition_Grouped,5,1,,251,Training,COMP-dd1e9c4c0f247912,False
Fixed_Composition_Grouped,5,1,,252,Training,COMP-725d39a40881dc4b,False
Fixed_Composition_Grouped,5,1,,253,Training,COMP-725d39a40881dc4b,False
Fixed_Composition_Grouped,5,1,,255,Training,COMP-95a56990f4bea8a9,False
Fixed_Composition_Grouped,5,1,,256,Training,COMP-95a56990f4bea8a9,False
Fixed_Composition_Grouped,5,1,,257,Training,COMP-95a56990f4bea8a9,False
Fixed_Composition_Grouped,5,1,,258,Training,COMP-95a56990f4bea8a9,False
Fixed_Composition_Grouped,5,1,,259,Training,COMP-95a56990f4bea8a9,False
Fixed_Composition_Grouped,5,1,,260,Training,COMP-95a56990f4bea8a9,False
Fixed_Composition_Grouped,5,1,,263,Training,COMP-95a56990f4bea8a9,False
Fixed_Composition_Grouped,5,1,,266,Training,COMP-95a56990f4bea8a9,False
Fixed_Composition_Grouped,5,1,,268,Training,COMP-95a56990f4bea8a9,False
Fixed_Composition_Grouped,5,1,,271,Training,COMP-95a56990f4bea8a9,False
Fixed_Composition_Grouped,5,1,,272,Training,COMP-95a56990f4bea8a9,False
Fixed_Composition_Grouped,5,1,,273,Training,COMP-95a56990f4bea8a9,False
Fixed_Composition_Grouped,5,1,,282,Training,COMP-95a56990f4bea8a9,False
Fixed_Composition_Grouped,5,1,,283,Training,COMP-95a56990f4bea8a9,False
Fixed_Composition_Grouped,5,1,,285,Training,COMP-95a56990f4bea8a9,False
Fixed_Composition_Grouped,5,1,,286,Training,COMP-478c9f483894c42c,False
Fixed_Composition_Grouped,5,1,,288,Training,COMP-478c9f483894c42c,False
Fixed_Composition_Grouped,5,1,,292,Training,COMP-478c9f483894c42c,False
Fixed_Composition_Grouped,5,1,,295,Training,COMP-478c9f483894c42c,False
Fixed_Composition_Grouped,5,1,,296,Training,COMP-478c9f483894c42c,False
Fixed_Composition_Grouped,5,1,,300,Training,COMP-478c9f483894c42c,False
Fixed_Composition_Grouped,5,1,,303,Training,COMP-478c9f483894c42c,False
Fixed_Composition_Grouped,5,1,,306,Training,COMP-478c9f483894c42c,False
Fixed_Composition_Grouped,5,1,,307,Training,COMP-478c9f483894c42c,False
Fixed_Composition_Grouped,5,1,,309,Training,COMP-478c9f483894c42c,False
Fixed_Composition_Grouped,5,1,,310,Training,COMP-478c9f483894c42c,False
Fixed_Composition_Grouped,5,1,,311,Training,COMP-478c9f483894c42c,False
Fixed_Composition_Grouped,5,1,,313,Training,COMP-478c9f483894c42c,False
Fixed_Composition_Grouped,5,1,,315,Training,COMP-478c9f483894c42c,False
Fixed_Composition_Grouped,5,1,,316,Training,COMP-478c9f483894c42c,False
Fixed_Composition_Grouped,5,1,,320,Training,COMP-dbc0864492ec7b98,False
Fixed_Composition_Grouped,5,1,,321,Training,COMP-dbc0864492ec7b98,False
Fixed_Composition_Grouped,5,1,,322,Training,COMP-dbc0864492ec7b98,False
Fixed_Composition_Grouped,5,1,,323,Training,COMP-dbc0864492ec7b98,False
Fixed_Composition_Grouped,5,1,,324,Training,COMP-dbc0864492ec7b98,False
Fixed_Composition_Grouped,5,1,,325,Training,COMP-dbc0864492ec7b98,False
Fixed_Composition_Grouped,5,1,,326,Training,COMP-dbc0864492ec7b98,False
Fixed_Composition_Grouped,5,1,,327,Training,COMP-dbc0864492ec7b98,False
Fixed_Composition_Grouped,5,1,,328,Training,COMP-dbc0864492ec7b98,False
Fixed_Composition_Grouped,5,1,,331,Training,COMP-dbc0864492ec7b98,False
Fixed_Composition_Grouped,5,1,,333,Training,COMP-dbc0864492ec7b98,False
Fixed_Composition_Grouped,5,1,,334,Training,COMP-dbc0864492ec7b98,False
Fixed_Composition_Grouped,5,1,,337,Training,COMP-06072d2dd3b021af,False
Fixed_Composition_Grouped,5,1,,339,Training,COMP-06072d2dd3b021af,False
Fixed_Composition_Grouped,5,1,,344,Training,COMP-e1e52574fbb04f58,False
Fixed_Composition_Grouped,5,1,,345,Training,COMP-e1e52574fbb04f58,False
Fixed_Composition_Grouped,5,1,,347,Training,COMP-e1e52574fbb04f58,False
Fixed_Composition_Grouped,5,1,,348,Training,COMP-30cef922979fb9fd,False
Fixed_Composition_Grouped,5,1,,349,Training,COMP-30cef922979fb9fd,False
Fixed_Composition_Grouped,5,1,,350,Training,COMP-30cef922979fb9fd,False
Fixed_Composition_Grouped,5,1,,351,Training,COMP-30cef922979fb9fd,False
Fixed_Composition_Grouped,5,1,,352,Training,COMP-30cef922979fb9fd,False
Fixed_Composition_Grouped,5,1,,360,Training,COMP-0765adc8c505dd3b,False
Fixed_Composition_Grouped,5,1,,363,Training,COMP-0765adc8c505dd3b,False
Fixed_Composition_Grouped,5,1,,364,Training,COMP-0765adc8c505dd3b,False
Fixed_Composition_Grouped,5,1,,365,Training,COMP-e1e52574fbb04f58,False
Fixed_Composition_Grouped,5,1,,406,Training,COMP-7fb1fecc93ced403,False
Fixed_Composition_Grouped,5,1,,408,Training,COMP-7fb1fecc93ced403,False
Fixed_Composition_Grouped,5,1,,413,Training,COMP-a85acb2f2da0216b,False
Fixed_Composition_Grouped,5,1,,414,Training,COMP-a85acb2f2da0216b,False
Fixed_Composition_Grouped,5,1,,415,Training,COMP-a85acb2f2da0216b,False
Fixed_Composition_Grouped,5,1,,418,Training,COMP-a85acb2f2da0216b,False
Fixed_Composition_Grouped,5,1,,424,Training,COMP-f9d9cbed014e8b80,False
Fixed_Composition_Grouped,5,1,,425,Training,COMP-f9d9cbed014e8b80,False
Fixed_Composition_Grouped,5,1,,427,Training,COMP-f9d9cbed014e8b80,False
Fixed_Composition_Grouped,5,1,,429,Training,COMP-f9d9cbed014e8b80,False
Fixed_Composition_Grouped,5,1,,431,Training,COMP-f9d9cbed014e8b80,False
Fixed_Composition_Grouped,5,1,,432,Training,COMP-f9d9cbed014e8b80,False
Fixed_Composition_Grouped,5,1,,434,Training,COMP-f9d9cbed014e8b80,False
Fixed_Composition_Grouped,5,1,,438,Training,COMP-f9d9cbed014e8b80,False
Fixed_Composition_Grouped,5,1,,440,Training,COMP-f9d9cbed014e8b80,False
Fixed_Composition_Grouped,5,1,,441,Training,COMP-f9d9cbed014e8b80,False
Fixed_Composition_Grouped,5,1,,444,Training,COMP-f9d9cbed014e8b80,False
Fixed_Composition_Grouped,5,1,,445,Training,COMP-f9d9cbed014e8b80,False
Fixed_Composition_Grouped,5,1,,448,Training,COMP-f9d9cbed014e8b80,False
Fixed_Composition_Grouped,5,1,,449,Training,COMP-f9d9cbed014e8b80,False
Fixed_Composition_Grouped,5,1,,450,Training,COMP-f9d9cbed014e8b80,False
Fixed_Composition_Grouped,5,1,,451,Training,COMP-f9d9cbed014e8b80,False
Fixed_Composition_Grouped,5,1,,4,Validation,COMP-862c9c676a6f1012,False
Fixed_Composition_Grouped,5,1,,5,Validation,COMP-8e1fe5f59d3c7565,False
Fixed_Composition_Grouped,5,1,,20,Validation,COMP-0b765af90e5ebd4c,False
Fixed_Composition_Grouped,5,1,,21,Validation,COMP-0b765af90e5ebd4c,False
Fixed_Composition_Grouped,5,1,,24,Validation,COMP-0b765af90e5ebd4c,False
Fixed_Composition_Grouped,5,1,,47,Validation,COMP-e295ac85ac1ada41,False
Fixed_Composition_Grouped,5,1,,49,Validation,COMP-92ece298f11712f0,False
Fixed_Composition_Grouped,5,1,,123,Validation,COMP-0ee2ef468faff8db,False
Fixed_Composition_Grouped,5,1,,125,Validation,COMP-0ee2ef468faff8db,False
Fixed_Composition_Grouped,5,1,,126,Validation,COMP-5502f8bc72167a0b,False
Fixed_Composition_Grouped,5,1,,127,Validation,COMP-5502f8bc72167a0b,False
Fixed_Composition_Grouped,5,1,,157,Validation,COMP-ddfcf6030a718a0c,False
Fixed_Composition_Grouped,5,1,,162,Validation,COMP-ddfcf6030a718a0c,False
Fixed_Composition_Grouped,5,1,,194,Validation,COMP-445f55453794f59c,False
Fixed_Composition_Grouped,5,1,,199,Validation,COMP-6525c735bb50fb1c,False
Fixed_Composition_Grouped,5,1,,201,Validation,COMP-05480af3b167ab05,False
Fixed_Composition_Grouped,5,1,,202,Validation,COMP-598bc18a3ba07a9e,False
Fixed_Composition_Grouped,5,1,,216,Validation,COMP-4a76c05754ee1efa,False
Fixed_Composition_Grouped,5,1,,225,Validation,COMP-289a02a6b94655b9,False
Fixed_Composition_Grouped,5,1,,235,Validation,COMP-091a20b5a1dfb76f,False
Fixed_Composition_Grouped,5,1,,239,Validation,COMP-0b765af90e5ebd4c,False
Fixed_Composition_Grouped,5,1,,240,Validation,COMP-0b765af90e5ebd4c,False
Fixed_Composition_Grouped,5,1,,241,Validation,COMP-631a18a4a6b20c0c,False
Fixed_Composition_Grouped,5,1,,242,Validation,COMP-631a18a4a6b20c0c,False
Fixed_Composition_Grouped,5,1,,247,Validation,COMP-e295ac85ac1ada41,False
Fixed_Composition_Grouped,5,1,,249,Validation,COMP-e295ac85ac1ada41,False
Fixed_Composition_Grouped,5,1,,341,Validation,COMP-221944a235b3f36b,False
Fixed_Composition_Grouped,5,1,,342,Validation,COMP-221944a235b3f36b,False
Fixed_Composition_Grouped,5,1,,354,Validation,COMP-59f47d6774b9fdfb,False
Fixed_Composition_Grouped,5,1,,356,Validation,COMP-59f47d6774b9fdfb,False
Fixed_Composition_Grouped,5,1,,358,Validation,COMP-59f47d6774b9fdfb,False
Fixed_Composition_Grouped,5,1,,369,Validation,COMP-6f2ca218fbd1923b,False
Fixed_Composition_Grouped,5,1,,371,Validation,COMP-6f2ca218fbd1923b,False
Fixed_Composition_Grouped,5,1,,372,Validation,COMP-6f2ca218fbd1923b,False
Fixed_Composition_Grouped,5,1,,375,Validation,COMP-6f2ca218fbd1923b,False
Fixed_Composition_Grouped,5,1,,376,Validation,COMP-6f2ca218fbd1923b,False
Fixed_Composition_Grouped,5,1,,378,Validation,COMP-6f2ca218fbd1923b,False
Fixed_Composition_Grouped,5,1,,380,Validation,COMP-6f2ca218fbd1923b,False
Fixed_Composition_Grouped,5,1,,381,Validation,COMP-6f2ca218fbd1923b,False
Fixed_Composition_Grouped,5,1,,382,Validation,COMP-6f2ca218fbd1923b,False
Fixed_Composition_Grouped,5,1,,384,Validation,COMP-6f2ca218fbd1923b,False
Fixed_Composition_Grouped,5,1,,386,Validation,COMP-6f2ca218fbd1923b,False
Fixed_Composition_Grouped,5,1,,387,Validation,COMP-6f2ca218fbd1923b,False
Fixed_Composition_Grouped,5,1,,388,Validation,COMP-6f2ca218fbd1923b,False
Fixed_Composition_Grouped,5,1,,389,Validation,COMP-6f2ca218fbd1923b,False
Fixed_Composition_Grouped,5,1,,391,Validation,COMP-6f2ca218fbd1923b,False
Fixed_Composition_Grouped,5,1,,393,Validation,COMP-6f2ca218fbd1923b,False
Fixed_Composition_Grouped,5,1,,395,Validation,COMP-6f2ca218fbd1923b,False
Fixed_Composition_Grouped,5,1,,399,Validation,COMP-6f2ca218fbd1923b,False
Fixed_Composition_Grouped,5,1,,402,Validation,COMP-6f2ca218fbd1923b,False
Fixed_Composition_Grouped,5,1,,404,Validation,COMP-6f2ca218fbd1923b,False
Fixed_Composition_Grouped,5,1,,405,Validation,COMP-6f2ca218fbd1923b,False
Fixed_Composition_Grouped,5,1,,421,Validation,COMP-edeedccfd8f07e13,False
Fixed_Composition_Grouped,5,1,,422,Validation,COMP-edeedccfd8f07e13,False
Fixed_Composition_Grouped,5,2,,1,Training,COMP-27021c945dc6ef2d,False
Fixed_Composition_Grouped,5,2,,3,Training,COMP-725d39a40881dc4b,False
Fixed_Composition_Grouped,5,2,,4,Training,COMP-862c9c676a6f1012,False
Fixed_Composition_Grouped,5,2,,5,Training,COMP-8e1fe5f59d3c7565,False
Fixed_Composition_Grouped,5,2,,6,Training,COMP-27021c945dc6ef2d,False
Fixed_Composition_Grouped,5,2,,7,Training,COMP-725d39a40881dc4b,False
Fixed_Composition_Grouped,5,2,,8,Training,COMP-725d39a40881dc4b,False
Fixed_Composition_Grouped,5,2,,10,Training,COMP-725d39a40881dc4b,False
Fixed_Composition_Grouped,5,2,,12,Training,COMP-725d39a40881dc4b,False
Fixed_Composition_Grouped,5,2,,13,Training,COMP-27021c945dc6ef2d,False
Fixed_Composition_Grouped,5,2,,20,Training,COMP-0b765af90e5ebd4c,False
Fixed_Composition_Grouped,5,2,,21,Training,COMP-0b765af90e5ebd4c,False
Fixed_Composition_Grouped,5,2,,23,Training,COMP-81f8a3600f73b006,False
Fixed_Composition_Grouped,5,2,,24,Training,COMP-0b765af90e5ebd4c,False
Fixed_Composition_Grouped,5,2,,27,Training,COMP-73d52e7a36d559a9,False
Fixed_Composition_Grouped,5,2,,28,Training,COMP-3632fb12e94bc35a,False
Fixed_Composition_Grouped,5,2,,32,Training,COMP-81f8a3600f73b006,False
Fixed_Composition_Grouped,5,2,,35,Training,COMP-a87a2533a652007c,False
Fixed_Composition_Grouped,5,2,,36,Training,COMP-87a7ec252c82f56c,False
Fixed_Composition_Grouped,5,2,,37,Training,COMP-f6d84b53636ddfbe,False
Fixed_Composition_Grouped,5,2,,40,Training,COMP-1af7d3f3b3b924e5,False
Fixed_Composition_Grouped,5,2,,41,Training,COMP-1af7d3f3b3b924e5,False
Fixed_Composition_Grouped,5,2,,43,Training,COMP-9b0e3106e10f71db,False
Fixed_Composition_Grouped,5,2,,45,Training,COMP-59ce4655e65cf94a,False
Fixed_Composition_Grouped,5,2,,47,Training,COMP-e295ac85ac1ada41,False
Fixed_Composition_Grouped,5,2,,48,Training,COMP-b611e8d56579c910,False
Fixed_Composition_Grouped,5,2,,49,Training,COMP-92ece298f11712f0,False
Fixed_Composition_Grouped,5,2,,51,Training,COMP-dbc0864492ec7b98,False
Fixed_Composition_Grouped,5,2,,52,Training,COMP-06f5d2a767a65349,False
Fixed_Composition_Grouped,5,2,,53,Training,COMP-06f5d2a767a65349,False
Fixed_Composition_Grouped,5,2,,54,Training,COMP-ea1f0dc96a173899,False
Fixed_Composition_Grouped,5,2,,62,Training,COMP-21d126c9d34df073,False
Fixed_Composition_Grouped,5,2,,63,Training,COMP-21d126c9d34df073,False
Fixed_Composition_Grouped,5,2,,65,Training,COMP-7c0b488137fafb3b,False
Fixed_Composition_Grouped,5,2,,68,Training,COMP-21d126c9d34df073,False
Fixed_Composition_Grouped,5,2,,74,Training,COMP-f9a00d6d8411a0d1,False
Fixed_Composition_Grouped,5,2,,80,Training,COMP-a14831ff30c0b14d,False
Fixed_Composition_Grouped,5,2,,84,Training,COMP-a14831ff30c0b14d,False
Fixed_Composition_Grouped,5,2,,86,Training,COMP-ea2a626c3522e4a5,False
Fixed_Composition_Grouped,5,2,,87,Training,COMP-a14831ff30c0b14d,False
Fixed_Composition_Grouped,5,2,,88,Training,COMP-ea2a626c3522e4a5,False
Fixed_Composition_Grouped,5,2,,92,Training,COMP-ea2a626c3522e4a5,False
Fixed_Composition_Grouped,5,2,,94,Training,COMP-ea2a626c3522e4a5,False
Fixed_Composition_Grouped,5,2,,95,Training,COMP-ea2a626c3522e4a5,False
Fixed_Composition_Grouped,5,2,,96,Training,COMP-ea2a626c3522e4a5,False
Fixed_Composition_Grouped,5,2,,97,Training,COMP-a14831ff30c0b14d,False
Fixed_Composition_Grouped,5,2,,99,Training,COMP-ea2a626c3522e4a5,False
Fixed_Composition_Grouped,5,2,,100,Training,COMP-ea2a626c3522e4a5,False
Fixed_Composition_Grouped,5,2,,107,Training,COMP-384273ac244080b1,False
Fixed_Composition_Grouped,5,2,,110,Training,COMP-c1d72bb5d7d164b0,False
Fixed_Composition_Grouped,5,2,,111,Training,COMP-c1d72bb5d7d164b0,False
Fixed_Composition_Grouped,5,2,,112,Training,COMP-c1d72bb5d7d164b0,False
Fixed_Composition_Grouped,5,2,,114,Training,COMP-6360354242bed7fe,False
Fixed_Composition_Grouped,5,2,,115,Training,COMP-15c7378d46cadefa,False
Fixed_Composition_Grouped,5,2,,118,Training,COMP-8bbe9ce01fb6a2d3,False
Fixed_Composition_Grouped,5,2,,120,Training,COMP-8bbe9ce01fb6a2d3,False
Fixed_Composition_Grouped,5,2,,123,Training,COMP-0ee2ef468faff8db,False
Fixed_Composition_Grouped,5,2,,125,Training,COMP-0ee2ef468faff8db,False
Fixed_Composition_Grouped,5,2,,126,Training,COMP-5502f8bc72167a0b,False
Fixed_Composition_Grouped,5,2,,127,Training,COMP-5502f8bc72167a0b,False
Fixed_Composition_Grouped,5,2,,130,Training,COMP-89919c53d3149a2d,False
Fixed_Composition_Grouped,5,2,,133,Training,COMP-89919c53d3149a2d,False
Fixed_Composition_Grouped,5,2,,134,Training,COMP-89919c53d3149a2d,False
Fixed_Composition_Grouped,5,2,,135,Training,COMP-89919c53d3149a2d,False
Fixed_Composition_Grouped,5,2,,138,Training,COMP-89919c53d3149a2d,False
Fixed_Composition_Grouped,5,2,,139,Training,COMP-89919c53d3149a2d,False
Fixed_Composition_Grouped,5,2,,141,Training,COMP-89919c53d3149a2d,False
Fixed_Composition_Grouped,5,2,,142,Training,COMP-89919c53d3149a2d,False
Fixed_Composition_Grouped,5,2,,143,Training,COMP-89919c53d3149a2d,False
Fixed_Composition_Grouped,5,2,,144,Training,COMP-89919c53d3149a2d,False
Fixed_Composition_Grouped,5,2,,145,Training,COMP-89919c53d3149a2d,False
Fixed_Composition_Grouped,5,2,,146,Training,COMP-266a388f7afdbe91,False
Fixed_Composition_Grouped,5,2,,147,Training,COMP-055230aabe7d502c,False
Fixed_Composition_Grouped,5,2,,148,Training,COMP-150ce51691dfb5f9,False
Fixed_Composition_Grouped,5,2,,149,Training,COMP-266a388f7afdbe91,False
Fixed_Composition_Grouped,5,2,,150,Training,COMP-055230aabe7d502c,False
Fixed_Composition_Grouped,5,2,,152,Training,COMP-055230aabe7d502c,False
Fixed_Composition_Grouped,5,2,,154,Training,COMP-150ce51691dfb5f9,False
Fixed_Composition_Grouped,5,2,,156,Training,COMP-941f92def7f50542,False
Fixed_Composition_Grouped,5,2,,157,Training,COMP-ddfcf6030a718a0c,False
Fixed_Composition_Grouped,5,2,,159,Training,COMP-0346738121cb655e,False
Fixed_Composition_Grouped,5,2,,160,Training,COMP-0346738121cb655e,False
Fixed_Composition_Grouped,5,2,,162,Training,COMP-ddfcf6030a718a0c,False
Fixed_Composition_Grouped,5,2,,164,Training,COMP-941f92def7f50542,False
Fixed_Composition_Grouped,5,2,,168,Training,COMP-92ed17371ff559b6,False
Fixed_Composition_Grouped,5,2,,169,Training,COMP-92ed17371ff559b6,False
Fixed_Composition_Grouped,5,2,,172,Training,COMP-92ed17371ff559b6,False
Fixed_Composition_Grouped,5,2,,173,Training,COMP-0d41a2cf75110ad6,False
Fixed_Composition_Grouped,5,2,,175,Training,COMP-b72f6533b137a4f6,False
Fixed_Composition_Grouped,5,2,,176,Training,COMP-5479c448b954c055,False
Fixed_Composition_Grouped,5,2,,177,Training,COMP-5479c448b954c055,False
Fixed_Composition_Grouped,5,2,,178,Training,COMP-b9abc443805301b1,False
Fixed_Composition_Grouped,5,2,,181,Training,COMP-69c6ecd7284d3b47,False
Fixed_Composition_Grouped,5,2,,182,Training,COMP-630f3050f45faf36,False
Fixed_Composition_Grouped,5,2,,183,Training,COMP-630f3050f45faf36,False
Fixed_Composition_Grouped,5,2,,187,Training,COMP-a7670bf71188b1d6,False
Fixed_Composition_Grouped,5,2,,188,Training,COMP-a7670bf71188b1d6,False
Fixed_Composition_Grouped,5,2,,193,Training,COMP-889d7d6c6dbf5b76,False
Fixed_Composition_Grouped,5,2,,194,Training,COMP-445f55453794f59c,False
Fixed_Composition_Grouped,5,2,,197,Training,COMP-880bd22028629a8e,False
Fixed_Composition_Grouped,5,2,,199,Training,COMP-6525c735bb50fb1c,False
Fixed_Composition_Grouped,5,2,,200,Training,COMP-b878df279a448475,False
Fixed_Composition_Grouped,5,2,,201,Training,COMP-05480af3b167ab05,False
Fixed_Composition_Grouped,5,2,,202,Training,COMP-598bc18a3ba07a9e,False
Fixed_Composition_Grouped,5,2,,205,Training,COMP-d8a14990923ce9f7,False
Fixed_Composition_Grouped,5,2,,207,Training,COMP-948abb1ebd270642,False
Fixed_Composition_Grouped,5,2,,210,Training,COMP-d7494ade7e8dd694,False
Fixed_Composition_Grouped,5,2,,211,Training,COMP-b775405901636085,False
Fixed_Composition_Grouped,5,2,,214,Training,COMP-35e38ea13dc05b9e,False
Fixed_Composition_Grouped,5,2,,215,Training,COMP-6b4f0394292930ba,False
Fixed_Composition_Grouped,5,2,,216,Training,COMP-4a76c05754ee1efa,False
Fixed_Composition_Grouped,5,2,,221,Training,COMP-20d1e620c817cb5a,False
Fixed_Composition_Grouped,5,2,,224,Training,COMP-93900d7c81c38cdd,False
Fixed_Composition_Grouped,5,2,,225,Training,COMP-289a02a6b94655b9,False
Fixed_Composition_Grouped,5,2,,226,Training,COMP-93900d7c81c38cdd,False
Fixed_Composition_Grouped,5,2,,228,Training,COMP-46e30c1bd5e987da,False
Fixed_Composition_Grouped,5,2,,230,Training,COMP-0107563adaed8d01,False
Fixed_Composition_Grouped,5,2,,231,Training,COMP-0e256dc7494452a7,False
Fixed_Composition_Grouped,5,2,,232,Training,COMP-0e256dc7494452a7,False
Fixed_Composition_Grouped,5,2,,233,Training,COMP-e60cc4ecffe6b7df,False
Fixed_Composition_Grouped,5,2,,235,Training,COMP-091a20b5a1dfb76f,False
Fixed_Composition_Grouped,5,2,,237,Training,COMP-4ef2bcae5243588c,False
Fixed_Composition_Grouped,5,2,,238,Training,COMP-fc5c3e46d2655b62,False
Fixed_Composition_Grouped,5,2,,239,Training,COMP-0b765af90e5ebd4c,False
Fixed_Composition_Grouped,5,2,,240,Training,COMP-0b765af90e5ebd4c,False
Fixed_Composition_Grouped,5,2,,241,Training,COMP-631a18a4a6b20c0c,False
Fixed_Composition_Grouped,5,2,,242,Training,COMP-631a18a4a6b20c0c,False
Fixed_Composition_Grouped,5,2,,243,Training,COMP-b0cc51380afea02b,False
Fixed_Composition_Grouped,5,2,,246,Training,COMP-1fc9679353325516,False
Fixed_Composition_Grouped,5,2,,247,Training,COMP-e295ac85ac1ada41,False
Fixed_Composition_Grouped,5,2,,249,Training,COMP-e295ac85ac1ada41,False
Fixed_Composition_Grouped,5,2,,252,Training,COMP-725d39a40881dc4b,False
Fixed_Composition_Grouped,5,2,,253,Training,COMP-725d39a40881dc4b,False
Fixed_Composition_Grouped,5,2,,255,Training,COMP-95a56990f4bea8a9,False
Fixed_Composition_Grouped,5,2,,256,Training,COMP-95a56990f4bea8a9,False
Fixed_Composition_Grouped,5,2,,257,Training,COMP-95a56990f4bea8a9,False
Fixed_Composition_Grouped,5,2,,258,Training,COMP-95a56990f4bea8a9,False
Fixed_Composition_Grouped,5,2,,259,Training,COMP-95a56990f4bea8a9,False
Fixed_Composition_Grouped,5,2,,260,Training,COMP-95a56990f4bea8a9,False
Fixed_Composition_Grouped,5,2,,263,Training,COMP-95a56990f4bea8a9,False
Fixed_Composition_Grouped,5,2,,266,Training,COMP-95a56990f4bea8a9,False
Fixed_Composition_Grouped,5,2,,268,Training,COMP-95a56990f4bea8a9,False
Fixed_Composition_Grouped,5,2,,271,Training,COMP-95a56990f4bea8a9,False
Fixed_Composition_Grouped,5,2,,272,Training,COMP-95a56990f4bea8a9,False
Fixed_Composition_Grouped,5,2,,273,Training,COMP-95a56990f4bea8a9,False
Fixed_Composition_Grouped,5,2,,282,Training,COMP-95a56990f4bea8a9,False
Fixed_Composition_Grouped,5,2,,283,Training,COMP-95a56990f4bea8a9,False
Fixed_Composition_Grouped,5,2,,285,Training,COMP-95a56990f4bea8a9,False
Fixed_Composition_Grouped,5,2,,286,Training,COMP-478c9f483894c42c,False
Fixed_Composition_Grouped,5,2,,288,Training,COMP-478c9f483894c42c,False
Fixed_Composition_Grouped,5,2,,292,Training,COMP-478c9f483894c42c,False
Fixed_Composition_Grouped,5,2,,295,Training,COMP-478c9f483894c42c,False
Fixed_Composition_Grouped,5,2,,296,Training,COMP-478c9f483894c42c,False
Fixed_Composition_Grouped,5,2,,300,Training,COMP-478c9f483894c42c,False
Fixed_Composition_Grouped,5,2,,303,Training,COMP-478c9f483894c42c,False
Fixed_Composition_Grouped,5,2,,306,Training,COMP-478c9f483894c42c,False
Fixed_Composition_Grouped,5,2,,307,Training,COMP-478c9f483894c42c,False
Fixed_Composition_Grouped,5,2,,309,Training,COMP-478c9f483894c42c,False
Fixed_Composition_Grouped,5,2,,310,Training,COMP-478c9f483894c42c,False
Fixed_Composition_Grouped,5,2,,311,Training,COMP-478c9f483894c42c,False
Fixed_Composition_Grouped,5,2,,313,Training,COMP-478c9f483894c42c,False
Fixed_Composition_Grouped,5,2,,315,Training,COMP-478c9f483894c42c,False
Fixed_Composition_Grouped,5,2,,316,Training,COMP-478c9f483894c42c,False
Fixed_Composition_Grouped,5,2,,320,Training,COMP-dbc0864492ec7b98,False
Fixed_Composition_Grouped,5,2,,321,Training,COMP-dbc0864492ec7b98,False
Fixed_Composition_Grouped,5,2,,322,Training,COMP-dbc0864492ec7b98,False
Fixed_Composition_Grouped,5,2,,323,Training,COMP-dbc0864492ec7b98,False
Fixed_Composition_Grouped,5,2,,324,Training,COMP-dbc0864492ec7b98,False
Fixed_Composition_Grouped,5,2,,325,Training,COMP-dbc0864492ec7b98,False
Fixed_Composition_Grouped,5,2,,326,Training,COMP-dbc0864492ec7b98,False
Fixed_Composition_Grouped,5,2,,327,Training,COMP-dbc0864492ec7b98,False
Fixed_Composition_Grouped,5,2,,328,Training,COMP-dbc0864492ec7b98,False
Fixed_Composition_Grouped,5,2,,331,Training,COMP-dbc0864492ec7b98,False
Fixed_Composition_Grouped,5,2,,333,Training,COMP-dbc0864492ec7b98,False
Fixed_Composition_Grouped,5,2,,334,Training,COMP-dbc0864492ec7b98,False
Fixed_Composition_Grouped,5,2,,337,Training,COMP-06072d2dd3b021af,False
Fixed_Composition_Grouped,5,2,,339,Training,COMP-06072d2dd3b021af,False
Fixed_Composition_Grouped,5,2,,341,Training,COMP-221944a235b3f36b,False
Fixed_Composition_Grouped,5,2,,342,Training,COMP-221944a235b3f36b,False
Fixed_Composition_Grouped,5,2,,344,Training,COMP-e1e52574fbb04f58,False
Fixed_Composition_Grouped,5,2,,345,Training,COMP-e1e52574fbb04f58,False
Fixed_Composition_Grouped,5,2,,347,Training,COMP-e1e52574fbb04f58,False
Fixed_Composition_Grouped,5,2,,354,Training,COMP-59f47d6774b9fdfb,False
Fixed_Composition_Grouped,5,2,,356,Training,COMP-59f47d6774b9fdfb,False
Fixed_Composition_Grouped,5,2,,358,Training,COMP-59f47d6774b9fdfb,False
Fixed_Composition_Grouped,5,2,,360,Training,COMP-0765adc8c505dd3b,False
Fixed_Composition_Grouped,5,2,,363,Training,COMP-0765adc8c505dd3b,False
Fixed_Composition_Grouped,5,2,,364,Training,COMP-0765adc8c505dd3b,False
Fixed_Composition_Grouped,5,2,,365,Training,COMP-e1e52574fbb04f58,False
Fixed_Composition_Grouped,5,2,,369,Training,COMP-6f2ca218fbd1923b,False
Fixed_Composition_Grouped,5,2,,371,Training,COMP-6f2ca218fbd1923b,False
Fixed_Composition_Grouped,5,2,,372,Training,COMP-6f2ca218fbd1923b,False
Fixed_Composition_Grouped,5,2,,375,Training,COMP-6f2ca218fbd1923b,False
Fixed_Composition_Grouped,5,2,,376,Training,COMP-6f2ca218fbd1923b,False
Fixed_Composition_Grouped,5,2,,378,Training,COMP-6f2ca218fbd1923b,False
Fixed_Composition_Grouped,5,2,,380,Training,COMP-6f2ca218fbd1923b,False
Fixed_Composition_Grouped,5,2,,381,Training,COMP-6f2ca218fbd1923b,False
Fixed_Composition_Grouped,5,2,,382,Training,COMP-6f2ca218fbd1923b,False
Fixed_Composition_Grouped,5,2,,384,Training,COMP-6f2ca218fbd1923b,False
Fixed_Composition_Grouped,5,2,,386,Training,COMP-6f2ca218fbd1923b,False
Fixed_Composition_Grouped,5,2,,387,Training,COMP-6f2ca218fbd1923b,False
Fixed_Composition_Grouped,5,2,,388,Training,COMP-6f2ca218fbd1923b,False
Fixed_Composition_Grouped,5,2,,389,Training,COMP-6f2ca218fbd1923b,False
Fixed_Composition_Grouped,5,2,,391,Training,COMP-6f2ca218fbd1923b,False
Fixed_Composition_Grouped,5,2,,393,Training,COMP-6f2ca218fbd1923b,False
Fixed_Composition_Grouped,5,2,,395,Training,COMP-6f2ca218fbd1923b,False
Fixed_Composition_Grouped,5,2,,399,Training,COMP-6f2ca218fbd1923b,False
Fixed_Composition_Grouped,5,2,,402,Training,COMP-6f2ca218fbd1923b,False
Fixed_Composition_Grouped,5,2,,404,Training,COMP-6f2ca218fbd1923b,False
Fixed_Composition_Grouped,5,2,,405,Training,COMP-6f2ca218fbd1923b,False
Fixed_Composition_Grouped,5,2,,413,Training,COMP-a85acb2f2da0216b,False
Fixed_Composition_Grouped,5,2,,414,Training,COMP-a85acb2f2da0216b,False
Fixed_Composition_Grouped,5,2,,415,Training,COMP-a85acb2f2da0216b,False
Fixed_Composition_Grouped,5,2,,418,Training,COMP-a85acb2f2da0216b,False
Fixed_Composition_Grouped,5,2,,421,Training,COMP-edeedccfd8f07e13,False
Fixed_Composition_Grouped,5,2,,422,Training,COMP-edeedccfd8f07e13,False
Fixed_Composition_Grouped,5,2,,14,Validation,COMP-609dfbaf681359b8,False
Fixed_Composition_Grouped,5,2,,17,Validation,COMP-773f99d6dc417f9e,False
Fixed_Composition_Grouped,5,2,,26,Validation,COMP-7decbe1f0284bd78,False
Fixed_Composition_Grouped,5,2,,29,Validation,COMP-773f99d6dc417f9e,False
Fixed_Composition_Grouped,5,2,,44,Validation,COMP-0d7ce00a50a6a24f,False
Fixed_Composition_Grouped,5,2,,60,Validation,COMP-3f22c6642a7a1344,False
Fixed_Composition_Grouped,5,2,,61,Validation,COMP-3f22c6642a7a1344,False
Fixed_Composition_Grouped,5,2,,64,Validation,COMP-3157f0dc71f862ff,False
Fixed_Composition_Grouped,5,2,,66,Validation,COMP-b8df58296dba2095,False
Fixed_Composition_Grouped,5,2,,67,Validation,COMP-49d8e1edbf1c2fbd,False
Fixed_Composition_Grouped,5,2,,69,Validation,COMP-8cee7ef8867afd2d,False
Fixed_Composition_Grouped,5,2,,83,Validation,COMP-e913f917a7e36868,False
Fixed_Composition_Grouped,5,2,,85,Validation,COMP-e913f917a7e36868,False
Fixed_Composition_Grouped,5,2,,98,Validation,COMP-e913f917a7e36868,False
Fixed_Composition_Grouped,5,2,,102,Validation,COMP-435a8f4ba56d8b5d,False
Fixed_Composition_Grouped,5,2,,103,Validation,COMP-435a8f4ba56d8b5d,False
Fixed_Composition_Grouped,5,2,,104,Validation,COMP-435a8f4ba56d8b5d,False
Fixed_Composition_Grouped,5,2,,105,Validation,COMP-435a8f4ba56d8b5d,False
Fixed_Composition_Grouped,5,2,,106,Validation,COMP-435a8f4ba56d8b5d,False
Fixed_Composition_Grouped,5,2,,121,Validation,COMP-b2e9edd7bc55d085,False
Fixed_Composition_Grouped,5,2,,122,Validation,COMP-b2e9edd7bc55d085,False
Fixed_Composition_Grouped,5,2,,161,Validation,COMP-eacd4f126ab29a30,False
Fixed_Composition_Grouped,5,2,,163,Validation,COMP-b2e9edd7bc55d085,False
Fixed_Composition_Grouped,5,2,,167,Validation,COMP-eacd4f126ab29a30,False
Fixed_Composition_Grouped,5,2,,174,Validation,COMP-a35a20d65351aafe,False
Fixed_Composition_Grouped,5,2,,184,Validation,COMP-0966c0019ec07f39,False
Fixed_Composition_Grouped,5,2,,186,Validation,COMP-0966c0019ec07f39,False
Fixed_Composition_Grouped,5,2,,219,Validation,COMP-eae7689b221fd7f8,False
Fixed_Composition_Grouped,5,2,,229,Validation,COMP-2753cd2e053c8c98,False
Fixed_Composition_Grouped,5,2,,236,Validation,COMP-44fea4804e888e0a,False
Fixed_Composition_Grouped,5,2,,251,Validation,COMP-dd1e9c4c0f247912,False
Fixed_Composition_Grouped,5,2,,348,Validation,COMP-30cef922979fb9fd,False
Fixed_Composition_Grouped,5,2,,349,Validation,COMP-30cef922979fb9fd,False
Fixed_Composition_Grouped,5,2,,350,Validation,COMP-30cef922979fb9fd,False
Fixed_Composition_Grouped,5,2,,351,Validation,COMP-30cef922979fb9fd,False
Fixed_Composition_Grouped,5,2,,352,Validation,COMP-30cef922979fb9fd,False
Fixed_Composition_Grouped,5,2,,406,Validation,COMP-7fb1fecc93ced403,False
Fixed_Composition_Grouped,5,2,,408,Validation,COMP-7fb1fecc93ced403,False
Fixed_Composition_Grouped,5,2,,424,Validation,COMP-f9d9cbed014e8b80,False
Fixed_Composition_Grouped,5,2,,425,Validation,COMP-f9d9cbed014e8b80,False
Fixed_Composition_Grouped,5,2,,427,Validation,COMP-f9d9cbed014e8b80,False
Fixed_Composition_Grouped,5,2,,429,Validation,COMP-f9d9cbed014e8b80,False
Fixed_Composition_Grouped,5,2,,431,Validation,COMP-f9d9cbed014e8b80,False
Fixed_Composition_Grouped,5,2,,432,Validation,COMP-f9d9cbed014e8b80,False
Fixed_Composition_Grouped,5,2,,434,Validation,COMP-f9d9cbed014e8b80,False
Fixed_Composition_Grouped,5,2,,438,Validation,COMP-f9d9cbed014e8b80,False
Fixed_Composition_Grouped,5,2,,440,Validation,COMP-f9d9cbed014e8b80,False
Fixed_Composition_Grouped,5,2,,441,Validation,COMP-f9d9cbed014e8b80,False
Fixed_Composition_Grouped,5,2,,444,Validation,COMP-f9d9cbed014e8b80,False
Fixed_Composition_Grouped,5,2,,445,Validation,COMP-f9d9cbed014e8b80,False
Fixed_Composition_Grouped,5,2,,448,Validation,COMP-f9d9cbed014e8b80,False
Fixed_Composition_Grouped,5,2,,449,Validation,COMP-f9d9cbed014e8b80,False
Fixed_Composition_Grouped,5,2,,450,Validation,COMP-f9d9cbed014e8b80,False
Fixed_Composition_Grouped,5,2,,451,Validation,COMP-f9d9cbed014e8b80,False
Fixed_Composition_Grouped,5,3,,3,Training,COMP-725d39a40881dc4b,False
Fixed_Composition_Grouped,5,3,,4,Training,COMP-862c9c676a6f1012,False
Fixed_Composition_Grouped,5,3,,5,Training,COMP-8e1fe5f59d3c7565,False
Fixed_Composition_Grouped,5,3,,7,Training,COMP-725d39a40881dc4b,False
Fixed_Composition_Grouped,5,3,,8,Training,COMP-725d39a40881dc4b,False
Fixed_Composition_Grouped,5,3,,10,Training,COMP-725d39a40881dc4b,False
Fixed_Composition_Grouped,5,3,,12,Training,COMP-725d39a40881dc4b,False
Fixed_Composition_Grouped,5,3,,14,Training,COMP-609dfbaf681359b8,False
Fixed_Composition_Grouped,5,3,,17,Training,COMP-773f99d6dc417f9e,False
Fixed_Composition_Grouped,5,3,,20,Training,COMP-0b765af90e5ebd4c,False
Fixed_Composition_Grouped,5,3,,21,Training,COMP-0b765af90e5ebd4c,False
Fixed_Composition_Grouped,5,3,,23,Training,COMP-81f8a3600f73b006,False
Fixed_Composition_Grouped,5,3,,24,Training,COMP-0b765af90e5ebd4c,False
Fixed_Composition_Grouped,5,3,,26,Training,COMP-7decbe1f0284bd78,False
Fixed_Composition_Grouped,5,3,,29,Training,COMP-773f99d6dc417f9e,False
Fixed_Composition_Grouped,5,3,,32,Training,COMP-81f8a3600f73b006,False
Fixed_Composition_Grouped,5,3,,35,Training,COMP-a87a2533a652007c,False
Fixed_Composition_Grouped,5,3,,37,Training,COMP-f6d84b53636ddfbe,False
Fixed_Composition_Grouped,5,3,,40,Training,COMP-1af7d3f3b3b924e5,False
Fixed_Composition_Grouped,5,3,,41,Training,COMP-1af7d3f3b3b924e5,False
Fixed_Composition_Grouped,5,3,,44,Training,COMP-0d7ce00a50a6a24f,False
Fixed_Composition_Grouped,5,3,,47,Training,COMP-e295ac85ac1ada41,False
Fixed_Composition_Grouped,5,3,,49,Training,COMP-92ece298f11712f0,False
Fixed_Composition_Grouped,5,3,,51,Training,COMP-dbc0864492ec7b98,False
Fixed_Composition_Grouped,5,3,,54,Training,COMP-ea1f0dc96a173899,False
Fixed_Composition_Grouped,5,3,,60,Training,COMP-3f22c6642a7a1344,False
Fixed_Composition_Grouped,5,3,,61,Training,COMP-3f22c6642a7a1344,False
Fixed_Composition_Grouped,5,3,,62,Training,COMP-21d126c9d34df073,False
Fixed_Composition_Grouped,5,3,,63,Training,COMP-21d126c9d34df073,False
Fixed_Composition_Grouped,5,3,,64,Training,COMP-3157f0dc71f862ff,False
Fixed_Composition_Grouped,5,3,,65,Training,COMP-7c0b488137fafb3b,False
Fixed_Composition_Grouped,5,3,,66,Training,COMP-b8df58296dba2095,False
Fixed_Composition_Grouped,5,3,,67,Training,COMP-49d8e1edbf1c2fbd,False
Fixed_Composition_Grouped,5,3,,68,Training,COMP-21d126c9d34df073,False
Fixed_Composition_Grouped,5,3,,69,Training,COMP-8cee7ef8867afd2d,False
Fixed_Composition_Grouped,5,3,,74,Training,COMP-f9a00d6d8411a0d1,False
Fixed_Composition_Grouped,5,3,,83,Training,COMP-e913f917a7e36868,False
Fixed_Composition_Grouped,5,3,,85,Training,COMP-e913f917a7e36868,False
Fixed_Composition_Grouped,5,3,,98,Training,COMP-e913f917a7e36868,False
Fixed_Composition_Grouped,5,3,,102,Training,COMP-435a8f4ba56d8b5d,False
Fixed_Composition_Grouped,5,3,,103,Training,COMP-435a8f4ba56d8b5d,False
Fixed_Composition_Grouped,5,3,,104,Training,COMP-435a8f4ba56d8b5d,False
Fixed_Composition_Grouped,5,3,,105,Training,COMP-435a8f4ba56d8b5d,False
Fixed_Composition_Grouped,5,3,,106,Training,COMP-435a8f4ba56d8b5d,False
Fixed_Composition_Grouped,5,3,,110,Training,COMP-c1d72bb5d7d164b0,False
Fixed_Composition_Grouped,5,3,,111,Training,COMP-c1d72bb5d7d164b0,False
Fixed_Composition_Grouped,5,3,,112,Training,COMP-c1d72bb5d7d164b0,False
Fixed_Composition_Grouped,5,3,,114,Training,COMP-6360354242bed7fe,False
Fixed_Composition_Grouped,5,3,,115,Training,COMP-15c7378d46cadefa,False
Fixed_Composition_Grouped,5,3,,118,Training,COMP-8bbe9ce01fb6a2d3,False
Fixed_Composition_Grouped,5,3,,120,Training,COMP-8bbe9ce01fb6a2d3,False
Fixed_Composition_Grouped,5,3,,121,Training,COMP-b2e9edd7bc55d085,False
Fixed_Composition_Grouped,5,3,,122,Training,COMP-b2e9edd7bc55d085,False
Fixed_Composition_Grouped,5,3,,123,Training,COMP-0ee2ef468faff8db,False
Fixed_Composition_Grouped,5,3,,125,Training,COMP-0ee2ef468faff8db,False
Fixed_Composition_Grouped,5,3,,126,Training,COMP-5502f8bc72167a0b,False
Fixed_Composition_Grouped,5,3,,127,Training,COMP-5502f8bc72167a0b,False
Fixed_Composition_Grouped,5,3,,130,Training,COMP-89919c53d3149a2d,False
Fixed_Composition_Grouped,5,3,,133,Training,COMP-89919c53d3149a2d,False
Fixed_Composition_Grouped,5,3,,134,Training,COMP-89919c53d3149a2d,False
Fixed_Composition_Grouped,5,3,,135,Training,COMP-89919c53d3149a2d,False
Fixed_Composition_Grouped,5,3,,138,Training,COMP-89919c53d3149a2d,False
Fixed_Composition_Grouped,5,3,,139,Training,COMP-89919c53d3149a2d,False
Fixed_Composition_Grouped,5,3,,141,Training,COMP-89919c53d3149a2d,False
Fixed_Composition_Grouped,5,3,,142,Training,COMP-89919c53d3149a2d,False
Fixed_Composition_Grouped,5,3,,143,Training,COMP-89919c53d3149a2d,False
Fixed_Composition_Grouped,5,3,,144,Training,COMP-89919c53d3149a2d,False
Fixed_Composition_Grouped,5,3,,145,Training,COMP-89919c53d3149a2d,False
Fixed_Composition_Grouped,5,3,,146,Training,COMP-266a388f7afdbe91,False
Fixed_Composition_Grouped,5,3,,148,Training,COMP-150ce51691dfb5f9,False
Fixed_Composition_Grouped,5,3,,149,Training,COMP-266a388f7afdbe91,False
Fixed_Composition_Grouped,5,3,,154,Training,COMP-150ce51691dfb5f9,False
Fixed_Composition_Grouped,5,3,,157,Training,COMP-ddfcf6030a718a0c,False
Fixed_Composition_Grouped,5,3,,159,Training,COMP-0346738121cb655e,False
Fixed_Composition_Grouped,5,3,,160,Training,COMP-0346738121cb655e,False
Fixed_Composition_Grouped,5,3,,161,Training,COMP-eacd4f126ab29a30,False
Fixed_Composition_Grouped,5,3,,162,Training,COMP-ddfcf6030a718a0c,False
Fixed_Composition_Grouped,5,3,,163,Training,COMP-b2e9edd7bc55d085,False
Fixed_Composition_Grouped,5,3,,167,Training,COMP-eacd4f126ab29a30,False
Fixed_Composition_Grouped,5,3,,168,Training,COMP-92ed17371ff559b6,False
Fixed_Composition_Grouped,5,3,,169,Training,COMP-92ed17371ff559b6,False
Fixed_Composition_Grouped,5,3,,172,Training,COMP-92ed17371ff559b6,False
Fixed_Composition_Grouped,5,3,,173,Training,COMP-0d41a2cf75110ad6,False
Fixed_Composition_Grouped,5,3,,174,Training,COMP-a35a20d65351aafe,False
Fixed_Composition_Grouped,5,3,,175,Training,COMP-b72f6533b137a4f6,False
Fixed_Composition_Grouped,5,3,,178,Training,COMP-b9abc443805301b1,False
Fixed_Composition_Grouped,5,3,,181,Training,COMP-69c6ecd7284d3b47,False
Fixed_Composition_Grouped,5,3,,182,Training,COMP-630f3050f45faf36,False
Fixed_Composition_Grouped,5,3,,183,Training,COMP-630f3050f45faf36,False
Fixed_Composition_Grouped,5,3,,184,Training,COMP-0966c0019ec07f39,False
Fixed_Composition_Grouped,5,3,,186,Training,COMP-0966c0019ec07f39,False
Fixed_Composition_Grouped,5,3,,193,Training,COMP-889d7d6c6dbf5b76,False
Fixed_Composition_Grouped,5,3,,194,Training,COMP-445f55453794f59c,False
Fixed_Composition_Grouped,5,3,,197,Training,COMP-880bd22028629a8e,False
Fixed_Composition_Grouped,5,3,,199,Training,COMP-6525c735bb50fb1c,False
Fixed_Composition_Grouped,5,3,,200,Training,COMP-b878df279a448475,False
Fixed_Composition_Grouped,5,3,,201,Training,COMP-05480af3b167ab05,False
Fixed_Composition_Grouped,5,3,,202,Training,COMP-598bc18a3ba07a9e,False
Fixed_Composition_Grouped,5,3,,205,Training,COMP-d8a14990923ce9f7,False
Fixed_Composition_Grouped,5,3,,207,Training,COMP-948abb1ebd270642,False
Fixed_Composition_Grouped,5,3,,210,Training,COMP-d7494ade7e8dd694,False
Fixed_Composition_Grouped,5,3,,211,Training,COMP-b775405901636085,False
Fixed_Composition_Grouped,5,3,,215,Training,COMP-6b4f0394292930ba,False
Fixed_Composition_Grouped,5,3,,216,Training,COMP-4a76c05754ee1efa,False
Fixed_Composition_Grouped,5,3,,219,Training,COMP-eae7689b221fd7f8,False
Fixed_Composition_Grouped,5,3,,224,Training,COMP-93900d7c81c38cdd,False
Fixed_Composition_Grouped,5,3,,225,Training,COMP-289a02a6b94655b9,False
Fixed_Composition_Grouped,5,3,,226,Training,COMP-93900d7c81c38cdd,False
Fixed_Composition_Grouped,5,3,,228,Training,COMP-46e30c1bd5e987da,False
Fixed_Composition_Grouped,5,3,,229,Training,COMP-2753cd2e053c8c98,False
Fixed_Composition_Grouped,5,3,,230,Training,COMP-0107563adaed8d01,False
Fixed_Composition_Grouped,5,3,,233,Training,COMP-e60cc4ecffe6b7df,False
Fixed_Composition_Grouped,5,3,,235,Training,COMP-091a20b5a1dfb76f,False
Fixed_Composition_Grouped,5,3,,236,Training,COMP-44fea4804e888e0a,False
Fixed_Composition_Grouped,5,3,,238,Training,COMP-fc5c3e46d2655b62,False
Fixed_Composition_Grouped,5,3,,239,Training,COMP-0b765af90e5ebd4c,False
Fixed_Composition_Grouped,5,3,,240,Training,COMP-0b765af90e5ebd4c,False
Fixed_Composition_Grouped,5,3,,241,Training,COMP-631a18a4a6b20c0c,False
Fixed_Composition_Grouped,5,3,,242,Training,COMP-631a18a4a6b20c0c,False
Fixed_Composition_Grouped,5,3,,246,Training,COMP-1fc9679353325516,False
Fixed_Composition_Grouped,5,3,,247,Training,COMP-e295ac85ac1ada41,False
Fixed_Composition_Grouped,5,3,,249,Training,COMP-e295ac85ac1ada41,False
Fixed_Composition_Grouped,5,3,,251,Training,COMP-dd1e9c4c0f247912,False
Fixed_Composition_Grouped,5,3,,252,Training,COMP-725d39a40881dc4b,False
Fixed_Composition_Grouped,5,3,,253,Training,COMP-725d39a40881dc4b,False
Fixed_Composition_Grouped,5,3,,286,Training,COMP-478c9f483894c42c,False
Fixed_Composition_Grouped,5,3,,288,Training,COMP-478c9f483894c42c,False
Fixed_Composition_Grouped,5,3,,292,Training,COMP-478c9f483894c42c,False
Fixed_Composition_Grouped,5,3,,295,Training,COMP-478c9f483894c42c,False
Fixed_Composition_Grouped,5,3,,296,Training,COMP-478c9f483894c42c,False
Fixed_Composition_Grouped,5,3,,300,Training,COMP-478c9f483894c42c,False
Fixed_Composition_Grouped,5,3,,303,Training,COMP-478c9f483894c42c,False
Fixed_Composition_Grouped,5,3,,306,Training,COMP-478c9f483894c42c,False
Fixed_Composition_Grouped,5,3,,307,Training,COMP-478c9f483894c42c,False
Fixed_Composition_Grouped,5,3,,309,Training,COMP-478c9f483894c42c,False
Fixed_Composition_Grouped,5,3,,310,Training,COMP-478c9f483894c42c,False
Fixed_Composition_Grouped,5,3,,311,Training,COMP-478c9f483894c42c,False
Fixed_Composition_Grouped,5,3,,313,Training,COMP-478c9f483894c42c,False
Fixed_Composition_Grouped,5,3,,315,Training,COMP-478c9f483894c42c,False
Fixed_Composition_Grouped,5,3,,316,Training,COMP-478c9f483894c42c,False
Fixed_Composition_Grouped,5,3,,320,Training,COMP-dbc0864492ec7b98,False
Fixed_Composition_Grouped,5,3,,321,Training,COMP-dbc0864492ec7b98,False
Fixed_Composition_Grouped,5,3,,322,Training,COMP-dbc0864492ec7b98,False
Fixed_Composition_Grouped,5,3,,323,Training,COMP-dbc0864492ec7b98,False
Fixed_Composition_Grouped,5,3,,324,Training,COMP-dbc0864492ec7b98,False
Fixed_Composition_Grouped,5,3,,325,Training,COMP-dbc0864492ec7b98,False
Fixed_Composition_Grouped,5,3,,326,Training,COMP-dbc0864492ec7b98,False
Fixed_Composition_Grouped,5,3,,327,Training,COMP-dbc0864492ec7b98,False
Fixed_Composition_Grouped,5,3,,328,Training,COMP-dbc0864492ec7b98,False
Fixed_Composition_Grouped,5,3,,331,Training,COMP-dbc0864492ec7b98,False
Fixed_Composition_Grouped,5,3,,333,Training,COMP-dbc0864492ec7b98,False
Fixed_Composition_Grouped,5,3,,334,Training,COMP-dbc0864492ec7b98,False
Fixed_Composition_Grouped,5,3,,337,Training,COMP-06072d2dd3b021af,False
Fixed_Composition_Grouped,5,3,,339,Training,COMP-06072d2dd3b021af,False
Fixed_Composition_Grouped,5,3,,341,Training,COMP-221944a235b3f36b,False
Fixed_Composition_Grouped,5,3,,342,Training,COMP-221944a235b3f36b,False
Fixed_Composition_Grouped,5,3,,344,Training,COMP-e1e52574fbb04f58,False
Fixed_Composition_Grouped,5,3,,345,Training,COMP-e1e52574fbb04f58,False
Fixed_Composition_Grouped,5,3,,347,Training,COMP-e1e52574fbb04f58,False
Fixed_Composition_Grouped,5,3,,348,Training,COMP-30cef922979fb9fd,False
Fixed_Composition_Grouped,5,3,,349,Training,COMP-30cef922979fb9fd,False
Fixed_Composition_Grouped,5,3,,350,Training,COMP-30cef922979fb9fd,False
Fixed_Composition_Grouped,5,3,,351,Training,COMP-30cef922979fb9fd,False
Fixed_Composition_Grouped,5,3,,352,Training,COMP-30cef922979fb9fd,False
Fixed_Composition_Grouped,5,3,,354,Training,COMP-59f47d6774b9fdfb,False
Fixed_Composition_Grouped,5,3,,356,Training,COMP-59f47d6774b9fdfb,False
Fixed_Composition_Grouped,5,3,,358,Training,COMP-59f47d6774b9fdfb,False
Fixed_Composition_Grouped,5,3,,360,Training,COMP-0765adc8c505dd3b,False
Fixed_Composition_Grouped,5,3,,363,Training,COMP-0765adc8c505dd3b,False
Fixed_Composition_Grouped,5,3,,364,Training,COMP-0765adc8c505dd3b,False
Fixed_Composition_Grouped,5,3,,365,Training,COMP-e1e52574fbb04f58,False
Fixed_Composition_Grouped,5,3,,369,Training,COMP-6f2ca218fbd1923b,False
Fixed_Composition_Grouped,5,3,,371,Training,COMP-6f2ca218fbd1923b,False
Fixed_Composition_Grouped,5,3,,372,Training,COMP-6f2ca218fbd1923b,False
Fixed_Composition_Grouped,5,3,,375,Training,COMP-6f2ca218fbd1923b,False
Fixed_Composition_Grouped,5,3,,376,Training,COMP-6f2ca218fbd1923b,False
Fixed_Composition_Grouped,5,3,,378,Training,COMP-6f2ca218fbd1923b,False
Fixed_Composition_Grouped,5,3,,380,Training,COMP-6f2ca218fbd1923b,False
Fixed_Composition_Grouped,5,3,,381,Training,COMP-6f2ca218fbd1923b,False
Fixed_Composition_Grouped,5,3,,382,Training,COMP-6f2ca218fbd1923b,False
Fixed_Composition_Grouped,5,3,,384,Training,COMP-6f2ca218fbd1923b,False
Fixed_Composition_Grouped,5,3,,386,Training,COMP-6f2ca218fbd1923b,False
Fixed_Composition_Grouped,5,3,,387,Training,COMP-6f2ca218fbd1923b,False
Fixed_Composition_Grouped,5,3,,388,Training,COMP-6f2ca218fbd1923b,False
Fixed_Composition_Grouped,5,3,,389,Training,COMP-6f2ca218fbd1923b,False
Fixed_Composition_Grouped,5,3,,391,Training,COMP-6f2ca218fbd1923b,False
Fixed_Composition_Grouped,5,3,,393,Training,COMP-6f2ca218fbd1923b,False
Fixed_Composition_Grouped,5,3,,395,Training,COMP-6f2ca218fbd1923b,False
Fixed_Composition_Grouped,5,3,,399,Training,COMP-6f2ca218fbd1923b,False
Fixed_Composition_Grouped,5,3,,402,Training,COMP-6f2ca218fbd1923b,False
Fixed_Composition_Grouped,5,3,,404,Training,COMP-6f2ca218fbd1923b,False
Fixed_Composition_Grouped,5,3,,405,Training,COMP-6f2ca218fbd1923b,False
Fixed_Composition_Grouped,5,3,,406,Training,COMP-7fb1fecc93ced403,False
Fixed_Composition_Grouped,5,3,,408,Training,COMP-7fb1fecc93ced403,False
Fixed_Composition_Grouped,5,3,,413,Training,COMP-a85acb2f2da0216b,False
Fixed_Composition_Grouped,5,3,,414,Training,COMP-a85acb2f2da0216b,False
Fixed_Composition_Grouped,5,3,,415,Training,COMP-a85acb2f2da0216b,False
Fixed_Composition_Grouped,5,3,,418,Training,COMP-a85acb2f2da0216b,False
Fixed_Composition_Grouped,5,3,,421,Training,COMP-edeedccfd8f07e13,False
Fixed_Composition_Grouped,5,3,,422,Training,COMP-edeedccfd8f07e13,False
Fixed_Composition_Grouped,5,3,,424,Training,COMP-f9d9cbed014e8b80,False
Fixed_Composition_Grouped,5,3,,425,Training,COMP-f9d9cbed014e8b80,False
Fixed_Composition_Grouped,5,3,,427,Training,COMP-f9d9cbed014e8b80,False
Fixed_Composition_Grouped,5,3,,429,Training,COMP-f9d9cbed014e8b80,False
Fixed_Composition_Grouped,5,3,,431,Training,COMP-f9d9cbed014e8b80,False
Fixed_Composition_Grouped,5,3,,432,Training,COMP-f9d9cbed014e8b80,False
Fixed_Composition_Grouped,5,3,,434,Training,COMP-f9d9cbed014e8b80,False
Fixed_Composition_Grouped,5,3,,438,Training,COMP-f9d9cbed014e8b80,False
Fixed_Composition_Grouped,5,3,,440,Training,COMP-f9d9cbed014e8b80,False
Fixed_Composition_Grouped,5,3,,441,Training,COMP-f9d9cbed014e8b80,False
Fixed_Composition_Grouped,5,3,,444,Training,COMP-f9d9cbed014e8b80,False
Fixed_Composition_Grouped,5,3,,445,Training,COMP-f9d9cbed014e8b80,False
Fixed_Composition_Grouped,5,3,,448,Training,COMP-f9d9cbed014e8b80,False
Fixed_Composition_Grouped,5,3,,449,Training,COMP-f9d9cbed014e8b80,False
Fixed_Composition_Grouped,5,3,,450,Training,COMP-f9d9cbed014e8b80,False
Fixed_Composition_Grouped,5,3,,451,Training,COMP-f9d9cbed014e8b80,False
Fixed_Composition_Grouped,5,3,,1,Validation,COMP-27021c945dc6ef2d,False
Fixed_Composition_Grouped,5,3,,6,Validation,COMP-27021c945dc6ef2d,False
Fixed_Composition_Grouped,5,3,,13,Validation,COMP-27021c945dc6ef2d,False
Fixed_Composition_Grouped,5,3,,27,Validation,COMP-73d52e7a36d559a9,False
Fixed_Composition_Grouped,5,3,,28,Validation,COMP-3632fb12e94bc35a,False
Fixed_Composition_Grouped,5,3,,36,Validation,COMP-87a7ec252c82f56c,False
Fixed_Composition_Grouped,5,3,,43,Validation,COMP-9b0e3106e10f71db,False
Fixed_Composition_Grouped,5,3,,45,Validation,COMP-59ce4655e65cf94a,False
Fixed_Composition_Grouped,5,3,,48,Validation,COMP-b611e8d56579c910,False
Fixed_Composition_Grouped,5,3,,52,Validation,COMP-06f5d2a767a65349,False
Fixed_Composition_Grouped,5,3,,53,Validation,COMP-06f5d2a767a65349,False
Fixed_Composition_Grouped,5,3,,80,Validation,COMP-a14831ff30c0b14d,False
Fixed_Composition_Grouped,5,3,,84,Validation,COMP-a14831ff30c0b14d,False
Fixed_Composition_Grouped,5,3,,86,Validation,COMP-ea2a626c3522e4a5,False
Fixed_Composition_Grouped,5,3,,87,Validation,COMP-a14831ff30c0b14d,False
Fixed_Composition_Grouped,5,3,,88,Validation,COMP-ea2a626c3522e4a5,False
Fixed_Composition_Grouped,5,3,,92,Validation,COMP-ea2a626c3522e4a5,False
Fixed_Composition_Grouped,5,3,,94,Validation,COMP-ea2a626c3522e4a5,False
Fixed_Composition_Grouped,5,3,,95,Validation,COMP-ea2a626c3522e4a5,False
Fixed_Composition_Grouped,5,3,,96,Validation,COMP-ea2a626c3522e4a5,False
Fixed_Composition_Grouped,5,3,,97,Validation,COMP-a14831ff30c0b14d,False
Fixed_Composition_Grouped,5,3,,99,Validation,COMP-ea2a626c3522e4a5,False
Fixed_Composition_Grouped,5,3,,100,Validation,COMP-ea2a626c3522e4a5,False
Fixed_Composition_Grouped,5,3,,107,Validation,COMP-384273ac244080b1,False
Fixed_Composition_Grouped,5,3,,147,Validation,COMP-055230aabe7d502c,False
Fixed_Composition_Grouped,5,3,,150,Validation,COMP-055230aabe7d502c,False
Fixed_Composition_Grouped,5,3,,152,Validation,COMP-055230aabe7d502c,False
Fixed_Composition_Grouped,5,3,,156,Validation,COMP-941f92def7f50542,False
Fixed_Composition_Grouped,5,3,,164,Validation,COMP-941f92def7f50542,False
Fixed_Composition_Grouped,5,3,,176,Validation,COMP-5479c448b954c055,False
Fixed_Composition_Grouped,5,3,,177,Validation,COMP-5479c448b954c055,False
Fixed_Composition_Grouped,5,3,,187,Validation,COMP-a7670bf71188b1d6,False
Fixed_Composition_Grouped,5,3,,188,Validation,COMP-a7670bf71188b1d6,False
Fixed_Composition_Grouped,5,3,,214,Validation,COMP-35e38ea13dc05b9e,False
Fixed_Composition_Grouped,5,3,,221,Validation,COMP-20d1e620c817cb5a,False
Fixed_Composition_Grouped,5,3,,231,Validation,COMP-0e256dc7494452a7,False
Fixed_Composition_Grouped,5,3,,232,Validation,COMP-0e256dc7494452a7,False
Fixed_Composition_Grouped,5,3,,237,Validation,COMP-4ef2bcae5243588c,False
Fixed_Composition_Grouped,5,3,,243,Validation,COMP-b0cc51380afea02b,False
Fixed_Composition_Grouped,5,3,,255,Validation,COMP-95a56990f4bea8a9,False
Fixed_Composition_Grouped,5,3,,256,Validation,COMP-95a56990f4bea8a9,False
Fixed_Composition_Grouped,5,3,,257,Validation,COMP-95a56990f4bea8a9,False
Fixed_Composition_Grouped,5,3,,258,Validation,COMP-95a56990f4bea8a9,False
Fixed_Composition_Grouped,5,3,,259,Validation,COMP-95a56990f4bea8a9,False
Fixed_Composition_Grouped,5,3,,260,Validation,COMP-95a56990f4bea8a9,False
Fixed_Composition_Grouped,5,3,,263,Validation,COMP-95a56990f4bea8a9,False
Fixed_Composition_Grouped,5,3,,266,Validation,COMP-95a56990f4bea8a9,False
Fixed_Composition_Grouped,5,3,,268,Validation,COMP-95a56990f4bea8a9,False
Fixed_Composition_Grouped,5,3,,271,Validation,COMP-95a56990f4bea8a9,False
Fixed_Composition_Grouped,5,3,,272,Validation,COMP-95a56990f4bea8a9,False
Fixed_Composition_Grouped,5,3,,273,Validation,COMP-95a56990f4bea8a9,False
Fixed_Composition_Grouped,5,3,,282,Validation,COMP-95a56990f4bea8a9,False
Fixed_Composition_Grouped,5,3,,283,Validation,COMP-95a56990f4bea8a9,False
Fixed_Composition_Grouped,5,3,,285,Validation,COMP-95a56990f4bea8a9,False
Fixed_Composition_Grouped,5,4,,1,Training,COMP-27021c945dc6ef2d,False
Fixed_Composition_Grouped,5,4,,4,Training,COMP-862c9c676a6f1012,False
Fixed_Composition_Grouped,5,4,,5,Training,COMP-8e1fe5f59d3c7565,False
Fixed_Composition_Grouped,5,4,,6,Training,COMP-27021c945dc6ef2d,False
Fixed_Composition_Grouped,5,4,,13,Training,COMP-27021c945dc6ef2d,False
Fixed_Composition_Grouped,5,4,,14,Training,COMP-609dfbaf681359b8,False
Fixed_Composition_Grouped,5,4,,17,Training,COMP-773f99d6dc417f9e,False
Fixed_Composition_Grouped,5,4,,20,Training,COMP-0b765af90e5ebd4c,False
Fixed_Composition_Grouped,5,4,,21,Training,COMP-0b765af90e5ebd4c,False
Fixed_Composition_Grouped,5,4,,24,Training,COMP-0b765af90e5ebd4c,False
Fixed_Composition_Grouped,5,4,,26,Training,COMP-7decbe1f0284bd78,False
Fixed_Composition_Grouped,5,4,,27,Training,COMP-73d52e7a36d559a9,False
Fixed_Composition_Grouped,5,4,,28,Training,COMP-3632fb12e94bc35a,False
Fixed_Composition_Grouped,5,4,,29,Training,COMP-773f99d6dc417f9e,False
Fixed_Composition_Grouped,5,4,,36,Training,COMP-87a7ec252c82f56c,False
Fixed_Composition_Grouped,5,4,,37,Training,COMP-f6d84b53636ddfbe,False
Fixed_Composition_Grouped,5,4,,43,Training,COMP-9b0e3106e10f71db,False
Fixed_Composition_Grouped,5,4,,44,Training,COMP-0d7ce00a50a6a24f,False
Fixed_Composition_Grouped,5,4,,45,Training,COMP-59ce4655e65cf94a,False
Fixed_Composition_Grouped,5,4,,47,Training,COMP-e295ac85ac1ada41,False
Fixed_Composition_Grouped,5,4,,48,Training,COMP-b611e8d56579c910,False
Fixed_Composition_Grouped,5,4,,49,Training,COMP-92ece298f11712f0,False
Fixed_Composition_Grouped,5,4,,51,Training,COMP-dbc0864492ec7b98,False
Fixed_Composition_Grouped,5,4,,52,Training,COMP-06f5d2a767a65349,False
Fixed_Composition_Grouped,5,4,,53,Training,COMP-06f5d2a767a65349,False
Fixed_Composition_Grouped,5,4,,54,Training,COMP-ea1f0dc96a173899,False
Fixed_Composition_Grouped,5,4,,60,Training,COMP-3f22c6642a7a1344,False
Fixed_Composition_Grouped,5,4,,61,Training,COMP-3f22c6642a7a1344,False
Fixed_Composition_Grouped,5,4,,62,Training,COMP-21d126c9d34df073,False
Fixed_Composition_Grouped,5,4,,63,Training,COMP-21d126c9d34df073,False
Fixed_Composition_Grouped,5,4,,64,Training,COMP-3157f0dc71f862ff,False
Fixed_Composition_Grouped,5,4,,66,Training,COMP-b8df58296dba2095,False
Fixed_Composition_Grouped,5,4,,67,Training,COMP-49d8e1edbf1c2fbd,False
Fixed_Composition_Grouped,5,4,,68,Training,COMP-21d126c9d34df073,False
Fixed_Composition_Grouped,5,4,,69,Training,COMP-8cee7ef8867afd2d,False
Fixed_Composition_Grouped,5,4,,74,Training,COMP-f9a00d6d8411a0d1,False
Fixed_Composition_Grouped,5,4,,80,Training,COMP-a14831ff30c0b14d,False
Fixed_Composition_Grouped,5,4,,83,Training,COMP-e913f917a7e36868,False
Fixed_Composition_Grouped,5,4,,84,Training,COMP-a14831ff30c0b14d,False
Fixed_Composition_Grouped,5,4,,85,Training,COMP-e913f917a7e36868,False
Fixed_Composition_Grouped,5,4,,86,Training,COMP-ea2a626c3522e4a5,False
Fixed_Composition_Grouped,5,4,,87,Training,COMP-a14831ff30c0b14d,False
Fixed_Composition_Grouped,5,4,,88,Training,COMP-ea2a626c3522e4a5,False
Fixed_Composition_Grouped,5,4,,92,Training,COMP-ea2a626c3522e4a5,False
Fixed_Composition_Grouped,5,4,,94,Training,COMP-ea2a626c3522e4a5,False
Fixed_Composition_Grouped,5,4,,95,Training,COMP-ea2a626c3522e4a5,False
Fixed_Composition_Grouped,5,4,,96,Training,COMP-ea2a626c3522e4a5,False
Fixed_Composition_Grouped,5,4,,97,Training,COMP-a14831ff30c0b14d,False
Fixed_Composition_Grouped,5,4,,98,Training,COMP-e913f917a7e36868,False
Fixed_Composition_Grouped,5,4,,99,Training,COMP-ea2a626c3522e4a5,False
Fixed_Composition_Grouped,5,4,,100,Training,COMP-ea2a626c3522e4a5,False
Fixed_Composition_Grouped,5,4,,102,Training,COMP-435a8f4ba56d8b5d,False
Fixed_Composition_Grouped,5,4,,103,Training,COMP-435a8f4ba56d8b5d,False
Fixed_Composition_Grouped,5,4,,104,Training,COMP-435a8f4ba56d8b5d,False
Fixed_Composition_Grouped,5,4,,105,Training,COMP-435a8f4ba56d8b5d,False
Fixed_Composition_Grouped,5,4,,106,Training,COMP-435a8f4ba56d8b5d,False
Fixed_Composition_Grouped,5,4,,107,Training,COMP-384273ac244080b1,False
Fixed_Composition_Grouped,5,4,,114,Training,COMP-6360354242bed7fe,False
Fixed_Composition_Grouped,5,4,,115,Training,COMP-15c7378d46cadefa,False
Fixed_Composition_Grouped,5,4,,121,Training,COMP-b2e9edd7bc55d085,False
Fixed_Composition_Grouped,5,4,,122,Training,COMP-b2e9edd7bc55d085,False
Fixed_Composition_Grouped,5,4,,123,Training,COMP-0ee2ef468faff8db,False
Fixed_Composition_Grouped,5,4,,125,Training,COMP-0ee2ef468faff8db,False
Fixed_Composition_Grouped,5,4,,126,Training,COMP-5502f8bc72167a0b,False
Fixed_Composition_Grouped,5,4,,127,Training,COMP-5502f8bc72167a0b,False
Fixed_Composition_Grouped,5,4,,130,Training,COMP-89919c53d3149a2d,False
Fixed_Composition_Grouped,5,4,,133,Training,COMP-89919c53d3149a2d,False
Fixed_Composition_Grouped,5,4,,134,Training,COMP-89919c53d3149a2d,False
Fixed_Composition_Grouped,5,4,,135,Training,COMP-89919c53d3149a2d,False
Fixed_Composition_Grouped,5,4,,138,Training,COMP-89919c53d3149a2d,False
Fixed_Composition_Grouped,5,4,,139,Training,COMP-89919c53d3149a2d,False
Fixed_Composition_Grouped,5,4,,141,Training,COMP-89919c53d3149a2d,False
Fixed_Composition_Grouped,5,4,,142,Training,COMP-89919c53d3149a2d,False
Fixed_Composition_Grouped,5,4,,143,Training,COMP-89919c53d3149a2d,False
Fixed_Composition_Grouped,5,4,,144,Training,COMP-89919c53d3149a2d,False
Fixed_Composition_Grouped,5,4,,145,Training,COMP-89919c53d3149a2d,False
Fixed_Composition_Grouped,5,4,,146,Training,COMP-266a388f7afdbe91,False
Fixed_Composition_Grouped,5,4,,147,Training,COMP-055230aabe7d502c,False
Fixed_Composition_Grouped,5,4,,149,Training,COMP-266a388f7afdbe91,False
Fixed_Composition_Grouped,5,4,,150,Training,COMP-055230aabe7d502c,False
Fixed_Composition_Grouped,5,4,,152,Training,COMP-055230aabe7d502c,False
Fixed_Composition_Grouped,5,4,,156,Training,COMP-941f92def7f50542,False
Fixed_Composition_Grouped,5,4,,157,Training,COMP-ddfcf6030a718a0c,False
Fixed_Composition_Grouped,5,4,,159,Training,COMP-0346738121cb655e,False
Fixed_Composition_Grouped,5,4,,160,Training,COMP-0346738121cb655e,False
Fixed_Composition_Grouped,5,4,,161,Training,COMP-eacd4f126ab29a30,False
Fixed_Composition_Grouped,5,4,,162,Training,COMP-ddfcf6030a718a0c,False
Fixed_Composition_Grouped,5,4,,163,Training,COMP-b2e9edd7bc55d085,False
Fixed_Composition_Grouped,5,4,,164,Training,COMP-941f92def7f50542,False
Fixed_Composition_Grouped,5,4,,167,Training,COMP-eacd4f126ab29a30,False
Fixed_Composition_Grouped,5,4,,174,Training,COMP-a35a20d65351aafe,False
Fixed_Composition_Grouped,5,4,,176,Training,COMP-5479c448b954c055,False
Fixed_Composition_Grouped,5,4,,177,Training,COMP-5479c448b954c055,False
Fixed_Composition_Grouped,5,4,,181,Training,COMP-69c6ecd7284d3b47,False
Fixed_Composition_Grouped,5,4,,184,Training,COMP-0966c0019ec07f39,False
Fixed_Composition_Grouped,5,4,,186,Training,COMP-0966c0019ec07f39,False
Fixed_Composition_Grouped,5,4,,187,Training,COMP-a7670bf71188b1d6,False
Fixed_Composition_Grouped,5,4,,188,Training,COMP-a7670bf71188b1d6,False
Fixed_Composition_Grouped,5,4,,194,Training,COMP-445f55453794f59c,False
Fixed_Composition_Grouped,5,4,,199,Training,COMP-6525c735bb50fb1c,False
Fixed_Composition_Grouped,5,4,,200,Training,COMP-b878df279a448475,False
Fixed_Composition_Grouped,5,4,,201,Training,COMP-05480af3b167ab05,False
Fixed_Composition_Grouped,5,4,,202,Training,COMP-598bc18a3ba07a9e,False
Fixed_Composition_Grouped,5,4,,205,Training,COMP-d8a14990923ce9f7,False
Fixed_Composition_Grouped,5,4,,214,Training,COMP-35e38ea13dc05b9e,False
Fixed_Composition_Grouped,5,4,,216,Training,COMP-4a76c05754ee1efa,False
Fixed_Composition_Grouped,5,4,,219,Training,COMP-eae7689b221fd7f8,False
Fixed_Composition_Grouped,5,4,,221,Training,COMP-20d1e620c817cb5a,False
Fixed_Composition_Grouped,5,4,,224,Training,COMP-93900d7c81c38cdd,False
Fixed_Composition_Grouped,5,4,,225,Training,COMP-289a02a6b94655b9,False
Fixed_Composition_Grouped,5,4,,226,Training,COMP-93900d7c81c38cdd,False
Fixed_Composition_Grouped,5,4,,228,Training,COMP-46e30c1bd5e987da,False
Fixed_Composition_Grouped,5,4,,229,Training,COMP-2753cd2e053c8c98,False
Fixed_Composition_Grouped,5,4,,230,Training,COMP-0107563adaed8d01,False
Fixed_Composition_Grouped,5,4,,231,Training,COMP-0e256dc7494452a7,False
Fixed_Composition_Grouped,5,4,,232,Training,COMP-0e256dc7494452a7,False
Fixed_Composition_Grouped,5,4,,233,Training,COMP-e60cc4ecffe6b7df,False
Fixed_Composition_Grouped,5,4,,235,Training,COMP-091a20b5a1dfb76f,False
Fixed_Composition_Grouped,5,4,,236,Training,COMP-44fea4804e888e0a,False
Fixed_Composition_Grouped,5,4,,237,Training,COMP-4ef2bcae5243588c,False
Fixed_Composition_Grouped,5,4,,238,Training,COMP-fc5c3e46d2655b62,False
Fixed_Composition_Grouped,5,4,,239,Training,COMP-0b765af90e5ebd4c,False
Fixed_Composition_Grouped,5,4,,240,Training,COMP-0b765af90e5ebd4c,False
Fixed_Composition_Grouped,5,4,,241,Training,COMP-631a18a4a6b20c0c,False
Fixed_Composition_Grouped,5,4,,242,Training,COMP-631a18a4a6b20c0c,False
Fixed_Composition_Grouped,5,4,,243,Training,COMP-b0cc51380afea02b,False
Fixed_Composition_Grouped,5,4,,247,Training,COMP-e295ac85ac1ada41,False
Fixed_Composition_Grouped,5,4,,249,Training,COMP-e295ac85ac1ada41,False
Fixed_Composition_Grouped,5,4,,251,Training,COMP-dd1e9c4c0f247912,False
Fixed_Composition_Grouped,5,4,,255,Training,COMP-95a56990f4bea8a9,False
Fixed_Composition_Grouped,5,4,,256,Training,COMP-95a56990f4bea8a9,False
Fixed_Composition_Grouped,5,4,,257,Training,COMP-95a56990f4bea8a9,False
Fixed_Composition_Grouped,5,4,,258,Training,COMP-95a56990f4bea8a9,False
Fixed_Composition_Grouped,5,4,,259,Training,COMP-95a56990f4bea8a9,False
Fixed_Composition_Grouped,5,4,,260,Training,COMP-95a56990f4bea8a9,False
Fixed_Composition_Grouped,5,4,,263,Training,COMP-95a56990f4bea8a9,False
Fixed_Composition_Grouped,5,4,,266,Training,COMP-95a56990f4bea8a9,False
Fixed_Composition_Grouped,5,4,,268,Training,COMP-95a56990f4bea8a9,False
Fixed_Composition_Grouped,5,4,,271,Training,COMP-95a56990f4bea8a9,False
Fixed_Composition_Grouped,5,4,,272,Training,COMP-95a56990f4bea8a9,False
Fixed_Composition_Grouped,5,4,,273,Training,COMP-95a56990f4bea8a9,False
Fixed_Composition_Grouped,5,4,,282,Training,COMP-95a56990f4bea8a9,False
Fixed_Composition_Grouped,5,4,,283,Training,COMP-95a56990f4bea8a9,False
Fixed_Composition_Grouped,5,4,,285,Training,COMP-95a56990f4bea8a9,False
Fixed_Composition_Grouped,5,4,,320,Training,COMP-dbc0864492ec7b98,False
Fixed_Composition_Grouped,5,4,,321,Training,COMP-dbc0864492ec7b98,False
Fixed_Composition_Grouped,5,4,,322,Training,COMP-dbc0864492ec7b98,False
Fixed_Composition_Grouped,5,4,,323,Training,COMP-dbc0864492ec7b98,False
Fixed_Composition_Grouped,5,4,,324,Training,COMP-dbc0864492ec7b98,False
Fixed_Composition_Grouped,5,4,,325,Training,COMP-dbc0864492ec7b98,False
Fixed_Composition_Grouped,5,4,,326,Training,COMP-dbc0864492ec7b98,False
Fixed_Composition_Grouped,5,4,,327,Training,COMP-dbc0864492ec7b98,False
Fixed_Composition_Grouped,5,4,,328,Training,COMP-dbc0864492ec7b98,False
Fixed_Composition_Grouped,5,4,,331,Training,COMP-dbc0864492ec7b98,False
Fixed_Composition_Grouped,5,4,,333,Training,COMP-dbc0864492ec7b98,False
Fixed_Composition_Grouped,5,4,,334,Training,COMP-dbc0864492ec7b98,False
Fixed_Composition_Grouped,5,4,,337,Training,COMP-06072d2dd3b021af,False
Fixed_Composition_Grouped,5,4,,339,Training,COMP-06072d2dd3b021af,False
Fixed_Composition_Grouped,5,4,,341,Training,COMP-221944a235b3f36b,False
Fixed_Composition_Grouped,5,4,,342,Training,COMP-221944a235b3f36b,False
Fixed_Composition_Grouped,5,4,,344,Training,COMP-e1e52574fbb04f58,False
Fixed_Composition_Grouped,5,4,,345,Training,COMP-e1e52574fbb04f58,False
Fixed_Composition_Grouped,5,4,,347,Training,COMP-e1e52574fbb04f58,False
Fixed_Composition_Grouped,5,4,,348,Training,COMP-30cef922979fb9fd,False
Fixed_Composition_Grouped,5,4,,349,Training,COMP-30cef922979fb9fd,False
Fixed_Composition_Grouped,5,4,,350,Training,COMP-30cef922979fb9fd,False
Fixed_Composition_Grouped,5,4,,351,Training,COMP-30cef922979fb9fd,False
Fixed_Composition_Grouped,5,4,,352,Training,COMP-30cef922979fb9fd,False
Fixed_Composition_Grouped,5,4,,354,Training,COMP-59f47d6774b9fdfb,False
Fixed_Composition_Grouped,5,4,,356,Training,COMP-59f47d6774b9fdfb,False
Fixed_Composition_Grouped,5,4,,358,Training,COMP-59f47d6774b9fdfb,False
Fixed_Composition_Grouped,5,4,,360,Training,COMP-0765adc8c505dd3b,False
Fixed_Composition_Grouped,5,4,,363,Training,COMP-0765adc8c505dd3b,False
Fixed_Composition_Grouped,5,4,,364,Training,COMP-0765adc8c505dd3b,False
Fixed_Composition_Grouped,5,4,,365,Training,COMP-e1e52574fbb04f58,False
Fixed_Composition_Grouped,5,4,,369,Training,COMP-6f2ca218fbd1923b,False
Fixed_Composition_Grouped,5,4,,371,Training,COMP-6f2ca218fbd1923b,False
Fixed_Composition_Grouped,5,4,,372,Training,COMP-6f2ca218fbd1923b,False
Fixed_Composition_Grouped,5,4,,375,Training,COMP-6f2ca218fbd1923b,False
Fixed_Composition_Grouped,5,4,,376,Training,COMP-6f2ca218fbd1923b,False
Fixed_Composition_Grouped,5,4,,378,Training,COMP-6f2ca218fbd1923b,False
Fixed_Composition_Grouped,5,4,,380,Training,COMP-6f2ca218fbd1923b,False
Fixed_Composition_Grouped,5,4,,381,Training,COMP-6f2ca218fbd1923b,False
Fixed_Composition_Grouped,5,4,,382,Training,COMP-6f2ca218fbd1923b,False
Fixed_Composition_Grouped,5,4,,384,Training,COMP-6f2ca218fbd1923b,False
Fixed_Composition_Grouped,5,4,,386,Training,COMP-6f2ca218fbd1923b,False
Fixed_Composition_Grouped,5,4,,387,Training,COMP-6f2ca218fbd1923b,False
Fixed_Composition_Grouped,5,4,,388,Training,COMP-6f2ca218fbd1923b,False
Fixed_Composition_Grouped,5,4,,389,Training,COMP-6f2ca218fbd1923b,False
Fixed_Composition_Grouped,5,4,,391,Training,COMP-6f2ca218fbd1923b,False
Fixed_Composition_Grouped,5,4,,393,Training,COMP-6f2ca218fbd1923b,False
Fixed_Composition_Grouped,5,4,,395,Training,COMP-6f2ca218fbd1923b,False
Fixed_Composition_Grouped,5,4,,399,Training,COMP-6f2ca218fbd1923b,False
Fixed_Composition_Grouped,5,4,,402,Training,COMP-6f2ca218fbd1923b,False
Fixed_Composition_Grouped,5,4,,404,Training,COMP-6f2ca218fbd1923b,False
Fixed_Composition_Grouped,5,4,,405,Training,COMP-6f2ca218fbd1923b,False
Fixed_Composition_Grouped,5,4,,406,Training,COMP-7fb1fecc93ced403,False
Fixed_Composition_Grouped,5,4,,408,Training,COMP-7fb1fecc93ced403,False
Fixed_Composition_Grouped,5,4,,421,Training,COMP-edeedccfd8f07e13,False
Fixed_Composition_Grouped,5,4,,422,Training,COMP-edeedccfd8f07e13,False
Fixed_Composition_Grouped,5,4,,424,Training,COMP-f9d9cbed014e8b80,False
Fixed_Composition_Grouped,5,4,,425,Training,COMP-f9d9cbed014e8b80,False
Fixed_Composition_Grouped,5,4,,427,Training,COMP-f9d9cbed014e8b80,False
Fixed_Composition_Grouped,5,4,,429,Training,COMP-f9d9cbed014e8b80,False
Fixed_Composition_Grouped,5,4,,431,Training,COMP-f9d9cbed014e8b80,False
Fixed_Composition_Grouped,5,4,,432,Training,COMP-f9d9cbed014e8b80,False
Fixed_Composition_Grouped,5,4,,434,Training,COMP-f9d9cbed014e8b80,False
Fixed_Composition_Grouped,5,4,,438,Training,COMP-f9d9cbed014e8b80,False
Fixed_Composition_Grouped,5,4,,440,Training,COMP-f9d9cbed014e8b80,False
Fixed_Composition_Grouped,5,4,,441,Training,COMP-f9d9cbed014e8b80,False
Fixed_Composition_Grouped,5,4,,444,Training,COMP-f9d9cbed014e8b80,False
Fixed_Composition_Grouped,5,4,,445,Training,COMP-f9d9cbed014e8b80,False
Fixed_Composition_Grouped,5,4,,448,Training,COMP-f9d9cbed014e8b80,False
Fixed_Composition_Grouped,5,4,,449,Training,COMP-f9d9cbed014e8b80,False
Fixed_Composition_Grouped,5,4,,450,Training,COMP-f9d9cbed014e8b80,False
Fixed_Composition_Grouped,5,4,,451,Training,COMP-f9d9cbed014e8b80,False
Fixed_Composition_Grouped,5,4,,3,Validation,COMP-725d39a40881dc4b,False
Fixed_Composition_Grouped,5,4,,7,Validation,COMP-725d39a40881dc4b,False
Fixed_Composition_Grouped,5,4,,8,Validation,COMP-725d39a40881dc4b,False
Fixed_Composition_Grouped,5,4,,10,Validation,COMP-725d39a40881dc4b,False
Fixed_Composition_Grouped,5,4,,12,Validation,COMP-725d39a40881dc4b,False
Fixed_Composition_Grouped,5,4,,23,Validation,COMP-81f8a3600f73b006,False
Fixed_Composition_Grouped,5,4,,32,Validation,COMP-81f8a3600f73b006,False
Fixed_Composition_Grouped,5,4,,35,Validation,COMP-a87a2533a652007c,False
Fixed_Composition_Grouped,5,4,,40,Validation,COMP-1af7d3f3b3b924e5,False
Fixed_Composition_Grouped,5,4,,41,Validation,COMP-1af7d3f3b3b924e5,False
Fixed_Composition_Grouped,5,4,,65,Validation,COMP-7c0b488137fafb3b,False
Fixed_Composition_Grouped,5,4,,110,Validation,COMP-c1d72bb5d7d164b0,False
Fixed_Composition_Grouped,5,4,,111,Validation,COMP-c1d72bb5d7d164b0,False
Fixed_Composition_Grouped,5,4,,112,Validation,COMP-c1d72bb5d7d164b0,False
Fixed_Composition_Grouped,5,4,,118,Validation,COMP-8bbe9ce01fb6a2d3,False
Fixed_Composition_Grouped,5,4,,120,Validation,COMP-8bbe9ce01fb6a2d3,False
Fixed_Composition_Grouped,5,4,,148,Validation,COMP-150ce51691dfb5f9,False
Fixed_Composition_Grouped,5,4,,154,Validation,COMP-150ce51691dfb5f9,False
Fixed_Composition_Grouped,5,4,,168,Validation,COMP-92ed17371ff559b6,False
Fixed_Composition_Grouped,5,4,,169,Validation,COMP-92ed17371ff559b6,False
Fixed_Composition_Grouped,5,4,,172,Validation,COMP-92ed17371ff559b6,False
Fixed_Composition_Grouped,5,4,,173,Validation,COMP-0d41a2cf75110ad6,False
Fixed_Composition_Grouped,5,4,,175,Validation,COMP-b72f6533b137a4f6,False
Fixed_Composition_Grouped,5,4,,178,Validation,COMP-b9abc443805301b1,False
Fixed_Composition_Grouped,5,4,,182,Validation,COMP-630f3050f45faf36,False
Fixed_Composition_Grouped,5,4,,183,Validation,COMP-630f3050f45faf36,False
Fixed_Composition_Grouped,5,4,,193,Validation,COMP-889d7d6c6dbf5b76,False
Fixed_Composition_Grouped,5,4,,197,Validation,COMP-880bd22028629a8e,False
Fixed_Composition_Grouped,5,4,,207,Validation,COMP-948abb1ebd270642,False
Fixed_Composition_Grouped,5,4,,210,Validation,COMP-d7494ade7e8dd694,False
Fixed_Composition_Grouped,5,4,,211,Validation,COMP-b775405901636085,False
Fixed_Composition_Grouped,5,4,,215,Validation,COMP-6b4f0394292930ba,False
Fixed_Composition_Grouped,5,4,,246,Validation,COMP-1fc9679353325516,False
Fixed_Composition_Grouped,5,4,,252,Validation,COMP-725d39a40881dc4b,False
Fixed_Composition_Grouped,5,4,,253,Validation,COMP-725d39a40881dc4b,False
Fixed_Composition_Grouped,5,4,,286,Validation,COMP-478c9f483894c42c,False
Fixed_Composition_Grouped,5,4,,288,Validation,COMP-478c9f483894c42c,False
Fixed_Composition_Grouped,5,4,,292,Validation,COMP-478c9f483894c42c,False
Fixed_Composition_Grouped,5,4,,295,Validation,COMP-478c9f483894c42c,False
Fixed_Composition_Grouped,5,4,,296,Validation,COMP-478c9f483894c42c,False
Fixed_Composition_Grouped,5,4,,300,Validation,COMP-478c9f483894c42c,False
Fixed_Composition_Grouped,5,4,,303,Validation,COMP-478c9f483894c42c,False
Fixed_Composition_Grouped,5,4,,306,Validation,COMP-478c9f483894c42c,False
Fixed_Composition_Grouped,5,4,,307,Validation,COMP-478c9f483894c42c,False
Fixed_Composition_Grouped,5,4,,309,Validation,COMP-478c9f483894c42c,False
Fixed_Composition_Grouped,5,4,,310,Validation,COMP-478c9f483894c42c,False
Fixed_Composition_Grouped,5,4,,311,Validation,COMP-478c9f483894c42c,False
Fixed_Composition_Grouped,5,4,,313,Validation,COMP-478c9f483894c42c,False
Fixed_Composition_Grouped,5,4,,315,Validation,COMP-478c9f483894c42c,False
Fixed_Composition_Grouped,5,4,,316,Validation,COMP-478c9f483894c42c,False
Fixed_Composition_Grouped,5,4,,413,Validation,COMP-a85acb2f2da0216b,False
Fixed_Composition_Grouped,5,4,,414,Validation,COMP-a85acb2f2da0216b,False
Fixed_Composition_Grouped,5,4,,415,Validation,COMP-a85acb2f2da0216b,False
Fixed_Composition_Grouped,5,4,,418,Validation,COMP-a85acb2f2da0216b,False
Fixed_Composition_Grouped,5,5,,1,Training,COMP-27021c945dc6ef2d,False
Fixed_Composition_Grouped,5,5,,3,Training,COMP-725d39a40881dc4b,False
Fixed_Composition_Grouped,5,5,,4,Training,COMP-862c9c676a6f1012,False
Fixed_Composition_Grouped,5,5,,5,Training,COMP-8e1fe5f59d3c7565,False
Fixed_Composition_Grouped,5,5,,6,Training,COMP-27021c945dc6ef2d,False
Fixed_Composition_Grouped,5,5,,7,Training,COMP-725d39a40881dc4b,False
Fixed_Composition_Grouped,5,5,,8,Training,COMP-725d39a40881dc4b,False
Fixed_Composition_Grouped,5,5,,10,Training,COMP-725d39a40881dc4b,False
Fixed_Composition_Grouped,5,5,,12,Training,COMP-725d39a40881dc4b,False
Fixed_Composition_Grouped,5,5,,13,Training,COMP-27021c945dc6ef2d,False
Fixed_Composition_Grouped,5,5,,14,Training,COMP-609dfbaf681359b8,False
Fixed_Composition_Grouped,5,5,,17,Training,COMP-773f99d6dc417f9e,False
Fixed_Composition_Grouped,5,5,,20,Training,COMP-0b765af90e5ebd4c,False
Fixed_Composition_Grouped,5,5,,21,Training,COMP-0b765af90e5ebd4c,False
Fixed_Composition_Grouped,5,5,,23,Training,COMP-81f8a3600f73b006,False
Fixed_Composition_Grouped,5,5,,24,Training,COMP-0b765af90e5ebd4c,False
Fixed_Composition_Grouped,5,5,,26,Training,COMP-7decbe1f0284bd78,False
Fixed_Composition_Grouped,5,5,,27,Training,COMP-73d52e7a36d559a9,False
Fixed_Composition_Grouped,5,5,,28,Training,COMP-3632fb12e94bc35a,False
Fixed_Composition_Grouped,5,5,,29,Training,COMP-773f99d6dc417f9e,False
Fixed_Composition_Grouped,5,5,,32,Training,COMP-81f8a3600f73b006,False
Fixed_Composition_Grouped,5,5,,35,Training,COMP-a87a2533a652007c,False
Fixed_Composition_Grouped,5,5,,36,Training,COMP-87a7ec252c82f56c,False
Fixed_Composition_Grouped,5,5,,40,Training,COMP-1af7d3f3b3b924e5,False
Fixed_Composition_Grouped,5,5,,41,Training,COMP-1af7d3f3b3b924e5,False
Fixed_Composition_Grouped,5,5,,43,Training,COMP-9b0e3106e10f71db,False
Fixed_Composition_Grouped,5,5,,44,Training,COMP-0d7ce00a50a6a24f,False
Fixed_Composition_Grouped,5,5,,45,Training,COMP-59ce4655e65cf94a,False
Fixed_Composition_Grouped,5,5,,47,Training,COMP-e295ac85ac1ada41,False
Fixed_Composition_Grouped,5,5,,48,Training,COMP-b611e8d56579c910,False
Fixed_Composition_Grouped,5,5,,49,Training,COMP-92ece298f11712f0,False
Fixed_Composition_Grouped,5,5,,52,Training,COMP-06f5d2a767a65349,False
Fixed_Composition_Grouped,5,5,,53,Training,COMP-06f5d2a767a65349,False
Fixed_Composition_Grouped,5,5,,60,Training,COMP-3f22c6642a7a1344,False
Fixed_Composition_Grouped,5,5,,61,Training,COMP-3f22c6642a7a1344,False
Fixed_Composition_Grouped,5,5,,64,Training,COMP-3157f0dc71f862ff,False
Fixed_Composition_Grouped,5,5,,65,Training,COMP-7c0b488137fafb3b,False
Fixed_Composition_Grouped,5,5,,66,Training,COMP-b8df58296dba2095,False
Fixed_Composition_Grouped,5,5,,67,Training,COMP-49d8e1edbf1c2fbd,False
Fixed_Composition_Grouped,5,5,,69,Training,COMP-8cee7ef8867afd2d,False
Fixed_Composition_Grouped,5,5,,80,Training,COMP-a14831ff30c0b14d,False
Fixed_Composition_Grouped,5,5,,83,Training,COMP-e913f917a7e36868,False
Fixed_Composition_Grouped,5,5,,84,Training,COMP-a14831ff30c0b14d,False
Fixed_Composition_Grouped,5,5,,85,Training,COMP-e913f917a7e36868,False
Fixed_Composition_Grouped,5,5,,86,Training,COMP-ea2a626c3522e4a5,False
Fixed_Composition_Grouped,5,5,,87,Training,COMP-a14831ff30c0b14d,False
Fixed_Composition_Grouped,5,5,,88,Training,COMP-ea2a626c3522e4a5,False
Fixed_Composition_Grouped,5,5,,92,Training,COMP-ea2a626c3522e4a5,False
Fixed_Composition_Grouped,5,5,,94,Training,COMP-ea2a626c3522e4a5,False
Fixed_Composition_Grouped,5,5,,95,Training,COMP-ea2a626c3522e4a5,False
Fixed_Composition_Grouped,5,5,,96,Training,COMP-ea2a626c3522e4a5,False
Fixed_Composition_Grouped,5,5,,97,Training,COMP-a14831ff30c0b14d,False
Fixed_Composition_Grouped,5,5,,98,Training,COMP-e913f917a7e36868,False
Fixed_Composition_Grouped,5,5,,99,Training,COMP-ea2a626c3522e4a5,False
Fixed_Composition_Grouped,5,5,,100,Training,COMP-ea2a626c3522e4a5,False
Fixed_Composition_Grouped,5,5,,102,Training,COMP-435a8f4ba56d8b5d,False
Fixed_Composition_Grouped,5,5,,103,Training,COMP-435a8f4ba56d8b5d,False
Fixed_Composition_Grouped,5,5,,104,Training,COMP-435a8f4ba56d8b5d,False
Fixed_Composition_Grouped,5,5,,105,Training,COMP-435a8f4ba56d8b5d,False
Fixed_Composition_Grouped,5,5,,106,Training,COMP-435a8f4ba56d8b5d,False
Fixed_Composition_Grouped,5,5,,107,Training,COMP-384273ac244080b1,False
Fixed_Composition_Grouped,5,5,,110,Training,COMP-c1d72bb5d7d164b0,False
Fixed_Composition_Grouped,5,5,,111,Training,COMP-c1d72bb5d7d164b0,False
Fixed_Composition_Grouped,5,5,,112,Training,COMP-c1d72bb5d7d164b0,False
Fixed_Composition_Grouped,5,5,,118,Training,COMP-8bbe9ce01fb6a2d3,False
Fixed_Composition_Grouped,5,5,,120,Training,COMP-8bbe9ce01fb6a2d3,False
Fixed_Composition_Grouped,5,5,,121,Training,COMP-b2e9edd7bc55d085,False
Fixed_Composition_Grouped,5,5,,122,Training,COMP-b2e9edd7bc55d085,False
Fixed_Composition_Grouped,5,5,,123,Training,COMP-0ee2ef468faff8db,False
Fixed_Composition_Grouped,5,5,,125,Training,COMP-0ee2ef468faff8db,False
Fixed_Composition_Grouped,5,5,,126,Training,COMP-5502f8bc72167a0b,False
Fixed_Composition_Grouped,5,5,,127,Training,COMP-5502f8bc72167a0b,False
Fixed_Composition_Grouped,5,5,,147,Training,COMP-055230aabe7d502c,False
Fixed_Composition_Grouped,5,5,,148,Training,COMP-150ce51691dfb5f9,False
Fixed_Composition_Grouped,5,5,,150,Training,COMP-055230aabe7d502c,False
Fixed_Composition_Grouped,5,5,,152,Training,COMP-055230aabe7d502c,False
Fixed_Composition_Grouped,5,5,,154,Training,COMP-150ce51691dfb5f9,False
Fixed_Composition_Grouped,5,5,,156,Training,COMP-941f92def7f50542,False
Fixed_Composition_Grouped,5,5,,157,Training,COMP-ddfcf6030a718a0c,False
Fixed_Composition_Grouped,5,5,,161,Training,COMP-eacd4f126ab29a30,False
Fixed_Composition_Grouped,5,5,,162,Training,COMP-ddfcf6030a718a0c,False
Fixed_Composition_Grouped,5,5,,163,Training,COMP-b2e9edd7bc55d085,False
Fixed_Composition_Grouped,5,5,,164,Training,COMP-941f92def7f50542,False
Fixed_Composition_Grouped,5,5,,167,Training,COMP-eacd4f126ab29a30,False
Fixed_Composition_Grouped,5,5,,168,Training,COMP-92ed17371ff559b6,False
Fixed_Composition_Grouped,5,5,,169,Training,COMP-92ed17371ff559b6,False
Fixed_Composition_Grouped,5,5,,172,Training,COMP-92ed17371ff559b6,False
Fixed_Composition_Grouped,5,5,,173,Training,COMP-0d41a2cf75110ad6,False
Fixed_Composition_Grouped,5,5,,174,Training,COMP-a35a20d65351aafe,False
Fixed_Composition_Grouped,5,5,,175,Training,COMP-b72f6533b137a4f6,False
Fixed_Composition_Grouped,5,5,,176,Training,COMP-5479c448b954c055,False
Fixed_Composition_Grouped,5,5,,177,Training,COMP-5479c448b954c055,False
Fixed_Composition_Grouped,5,5,,178,Training,COMP-b9abc443805301b1,False
Fixed_Composition_Grouped,5,5,,182,Training,COMP-630f3050f45faf36,False
Fixed_Composition_Grouped,5,5,,183,Training,COMP-630f3050f45faf36,False
Fixed_Composition_Grouped,5,5,,184,Training,COMP-0966c0019ec07f39,False
Fixed_Composition_Grouped,5,5,,186,Training,COMP-0966c0019ec07f39,False
Fixed_Composition_Grouped,5,5,,187,Training,COMP-a7670bf71188b1d6,False
Fixed_Composition_Grouped,5,5,,188,Training,COMP-a7670bf71188b1d6,False
Fixed_Composition_Grouped,5,5,,193,Training,COMP-889d7d6c6dbf5b76,False
Fixed_Composition_Grouped,5,5,,194,Training,COMP-445f55453794f59c,False
Fixed_Composition_Grouped,5,5,,197,Training,COMP-880bd22028629a8e,False
Fixed_Composition_Grouped,5,5,,199,Training,COMP-6525c735bb50fb1c,False
Fixed_Composition_Grouped,5,5,,201,Training,COMP-05480af3b167ab05,False
Fixed_Composition_Grouped,5,5,,202,Training,COMP-598bc18a3ba07a9e,False
Fixed_Composition_Grouped,5,5,,207,Training,COMP-948abb1ebd270642,False
Fixed_Composition_Grouped,5,5,,210,Training,COMP-d7494ade7e8dd694,False
Fixed_Composition_Grouped,5,5,,211,Training,COMP-b775405901636085,False
Fixed_Composition_Grouped,5,5,,214,Training,COMP-35e38ea13dc05b9e,False
Fixed_Composition_Grouped,5,5,,215,Training,COMP-6b4f0394292930ba,False
Fixed_Composition_Grouped,5,5,,216,Training,COMP-4a76c05754ee1efa,False
Fixed_Composition_Grouped,5,5,,219,Training,COMP-eae7689b221fd7f8,False
Fixed_Composition_Grouped,5,5,,221,Training,COMP-20d1e620c817cb5a,False
Fixed_Composition_Grouped,5,5,,225,Training,COMP-289a02a6b94655b9,False
Fixed_Composition_Grouped,5,5,,229,Training,COMP-2753cd2e053c8c98,False
Fixed_Composition_Grouped,5,5,,231,Training,COMP-0e256dc7494452a7,False
Fixed_Composition_Grouped,5,5,,232,Training,COMP-0e256dc7494452a7,False
Fixed_Composition_Grouped,5,5,,235,Training,COMP-091a20b5a1dfb76f,False
Fixed_Composition_Grouped,5,5,,236,Training,COMP-44fea4804e888e0a,False
Fixed_Composition_Grouped,5,5,,237,Training,COMP-4ef2bcae5243588c,False
Fixed_Composition_Grouped,5,5,,239,Training,COMP-0b765af90e5ebd4c,False
Fixed_Composition_Grouped,5,5,,240,Training,COMP-0b765af90e5ebd4c,False
Fixed_Composition_Grouped,5,5,,241,Training,COMP-631a18a4a6b20c0c,False
Fixed_Composition_Grouped,5,5,,242,Training,COMP-631a18a4a6b20c0c,False
Fixed_Composition_Grouped,5,5,,243,Training,COMP-b0cc51380afea02b,False
Fixed_Composition_Grouped,5,5,,246,Training,COMP-1fc9679353325516,False
Fixed_Composition_Grouped,5,5,,247,Training,COMP-e295ac85ac1ada41,False
Fixed_Composition_Grouped,5,5,,249,Training,COMP-e295ac85ac1ada41,False
Fixed_Composition_Grouped,5,5,,251,Training,COMP-dd1e9c4c0f247912,False
Fixed_Composition_Grouped,5,5,,252,Training,COMP-725d39a40881dc4b,False
Fixed_Composition_Grouped,5,5,,253,Training,COMP-725d39a40881dc4b,False
Fixed_Composition_Grouped,5,5,,255,Training,COMP-95a56990f4bea8a9,False
Fixed_Composition_Grouped,5,5,,256,Training,COMP-95a56990f4bea8a9,False
Fixed_Composition_Grouped,5,5,,257,Training,COMP-95a56990f4bea8a9,False
Fixed_Composition_Grouped,5,5,,258,Training,COMP-95a56990f4bea8a9,False
Fixed_Composition_Grouped,5,5,,259,Training,COMP-95a56990f4bea8a9,False
Fixed_Composition_Grouped,5,5,,260,Training,COMP-95a56990f4bea8a9,False
Fixed_Composition_Grouped,5,5,,263,Training,COMP-95a56990f4bea8a9,False
Fixed_Composition_Grouped,5,5,,266,Training,COMP-95a56990f4bea8a9,False
Fixed_Composition_Grouped,5,5,,268,Training,COMP-95a56990f4bea8a9,False
Fixed_Composition_Grouped,5,5,,271,Training,COMP-95a56990f4bea8a9,False
Fixed_Composition_Grouped,5,5,,272,Training,COMP-95a56990f4bea8a9,False
Fixed_Composition_Grouped,5,5,,273,Training,COMP-95a56990f4bea8a9,False
Fixed_Composition_Grouped,5,5,,282,Training,COMP-95a56990f4bea8a9,False
Fixed_Composition_Grouped,5,5,,283,Training,COMP-95a56990f4bea8a9,False
Fixed_Composition_Grouped,5,5,,285,Training,COMP-95a56990f4bea8a9,False
Fixed_Composition_Grouped,5,5,,286,Training,COMP-478c9f483894c42c,False
Fixed_Composition_Grouped,5,5,,288,Training,COMP-478c9f483894c42c,False
Fixed_Composition_Grouped,5,5,,292,Training,COMP-478c9f483894c42c,False
Fixed_Composition_Grouped,5,5,,295,Training,COMP-478c9f483894c42c,False
Fixed_Composition_Grouped,5,5,,296,Training,COMP-478c9f483894c42c,False
Fixed_Composition_Grouped,5,5,,300,Training,COMP-478c9f483894c42c,False
Fixed_Composition_Grouped,5,5,,303,Training,COMP-478c9f483894c42c,False
Fixed_Composition_Grouped,5,5,,306,Training,COMP-478c9f483894c42c,False
Fixed_Composition_Grouped,5,5,,307,Training,COMP-478c9f483894c42c,False
Fixed_Composition_Grouped,5,5,,309,Training,COMP-478c9f483894c42c,False
Fixed_Composition_Grouped,5,5,,310,Training,COMP-478c9f483894c42c,False
Fixed_Composition_Grouped,5,5,,311,Training,COMP-478c9f483894c42c,False
Fixed_Composition_Grouped,5,5,,313,Training,COMP-478c9f483894c42c,False
Fixed_Composition_Grouped,5,5,,315,Training,COMP-478c9f483894c42c,False
Fixed_Composition_Grouped,5,5,,316,Training,COMP-478c9f483894c42c,False
Fixed_Composition_Grouped,5,5,,341,Training,COMP-221944a235b3f36b,False
Fixed_Composition_Grouped,5,5,,342,Training,COMP-221944a235b3f36b,False
Fixed_Composition_Grouped,5,5,,348,Training,COMP-30cef922979fb9fd,False
Fixed_Composition_Grouped,5,5,,349,Training,COMP-30cef922979fb9fd,False
Fixed_Composition_Grouped,5,5,,350,Training,COMP-30cef922979fb9fd,False
Fixed_Composition_Grouped,5,5,,351,Training,COMP-30cef922979fb9fd,False
Fixed_Composition_Grouped,5,5,,352,Training,COMP-30cef922979fb9fd,False
Fixed_Composition_Grouped,5,5,,354,Training,COMP-59f47d6774b9fdfb,False
Fixed_Composition_Grouped,5,5,,356,Training,COMP-59f47d6774b9fdfb,False
Fixed_Composition_Grouped,5,5,,358,Training,COMP-59f47d6774b9fdfb,False
Fixed_Composition_Grouped,5,5,,369,Training,COMP-6f2ca218fbd1923b,False
Fixed_Composition_Grouped,5,5,,371,Training,COMP-6f2ca218fbd1923b,False
Fixed_Composition_Grouped,5,5,,372,Training,COMP-6f2ca218fbd1923b,False
Fixed_Composition_Grouped,5,5,,375,Training,COMP-6f2ca218fbd1923b,False
Fixed_Composition_Grouped,5,5,,376,Training,COMP-6f2ca218fbd1923b,False
Fixed_Composition_Grouped,5,5,,378,Training,COMP-6f2ca218fbd1923b,False
Fixed_Composition_Grouped,5,5,,380,Training,COMP-6f2ca218fbd1923b,False
Fixed_Composition_Grouped,5,5,,381,Training,COMP-6f2ca218fbd1923b,False
Fixed_Composition_Grouped,5,5,,382,Training,COMP-6f2ca218fbd1923b,False
Fixed_Composition_Grouped,5,5,,384,Training,COMP-6f2ca218fbd1923b,False
Fixed_Composition_Grouped,5,5,,386,Training,COMP-6f2ca218fbd1923b,False
Fixed_Composition_Grouped,5,5,,387,Training,COMP-6f2ca218fbd1923b,False
Fixed_Composition_Grouped,5,5,,388,Training,COMP-6f2ca218fbd1923b,False
Fixed_Composition_Grouped,5,5,,389,Training,COMP-6f2ca218fbd1923b,False
Fixed_Composition_Grouped,5,5,,391,Training,COMP-6f2ca218fbd1923b,False
Fixed_Composition_Grouped,5,5,,393,Training,COMP-6f2ca218fbd1923b,False
Fixed_Composition_Grouped,5,5,,395,Training,COMP-6f2ca218fbd1923b,False
Fixed_Composition_Grouped,5,5,,399,Training,COMP-6f2ca218fbd1923b,False
Fixed_Composition_Grouped,5,5,,402,Training,COMP-6f2ca218fbd1923b,False
Fixed_Composition_Grouped,5,5,,404,Training,COMP-6f2ca218fbd1923b,False
Fixed_Composition_Grouped,5,5,,405,Training,COMP-6f2ca218fbd1923b,False
Fixed_Composition_Grouped,5,5,,406,Training,COMP-7fb1fecc93ced403,False
Fixed_Composition_Grouped,5,5,,408,Training,COMP-7fb1fecc93ced403,False
Fixed_Composition_Grouped,5,5,,413,Training,COMP-a85acb2f2da0216b,False
Fixed_Composition_Grouped,5,5,,414,Training,COMP-a85acb2f2da0216b,False
Fixed_Composition_Grouped,5,5,,415,Training,COMP-a85acb2f2da0216b,False
Fixed_Composition_Grouped,5,5,,418,Training,COMP-a85acb2f2da0216b,False
Fixed_Composition_Grouped,5,5,,421,Training,COMP-edeedccfd8f07e13,False
Fixed_Composition_Grouped,5,5,,422,Training,COMP-edeedccfd8f07e13,False
Fixed_Composition_Grouped,5,5,,424,Training,COMP-f9d9cbed014e8b80,False
Fixed_Composition_Grouped,5,5,,425,Training,COMP-f9d9cbed014e8b80,False
Fixed_Composition_Grouped,5,5,,427,Training,COMP-f9d9cbed014e8b80,False
Fixed_Composition_Grouped,5,5,,429,Training,COMP-f9d9cbed014e8b80,False
Fixed_Composition_Grouped,5,5,,431,Training,COMP-f9d9cbed014e8b80,False
Fixed_Composition_Grouped,5,5,,432,Training,COMP-f9d9cbed014e8b80,False
Fixed_Composition_Grouped,5,5,,434,Training,COMP-f9d9cbed014e8b80,False
Fixed_Composition_Grouped,5,5,,438,Training,COMP-f9d9cbed014e8b80,False
Fixed_Composition_Grouped,5,5,,440,Training,COMP-f9d9cbed014e8b80,False
Fixed_Composition_Grouped,5,5,,441,Training,COMP-f9d9cbed014e8b80,False
Fixed_Composition_Grouped,5,5,,444,Training,COMP-f9d9cbed014e8b80,False
Fixed_Composition_Grouped,5,5,,445,Training,COMP-f9d9cbed014e8b80,False
Fixed_Composition_Grouped,5,5,,448,Training,COMP-f9d9cbed014e8b80,False
Fixed_Composition_Grouped,5,5,,449,Training,COMP-f9d9cbed014e8b80,False
Fixed_Composition_Grouped,5,5,,450,Training,COMP-f9d9cbed014e8b80,False
Fixed_Composition_Grouped,5,5,,451,Training,COMP-f9d9cbed014e8b80,False
Fixed_Composition_Grouped,5,5,,37,Validation,COMP-f6d84b53636ddfbe,False
Fixed_Composition_Grouped,5,5,,51,Validation,COMP-dbc0864492ec7b98,False
Fixed_Composition_Grouped,5,5,,54,Validation,COMP-ea1f0dc96a173899,False
Fixed_Composition_Grouped,5,5,,62,Validation,COMP-21d126c9d34df073,False
Fixed_Composition_Grouped,5,5,,63,Validation,COMP-21d126c9d34df073,False
Fixed_Composition_Grouped,5,5,,68,Validation,COMP-21d126c9d34df073,False
Fixed_Composition_Grouped,5,5,,74,Validation,COMP-f9a00d6d8411a0d1,False
Fixed_Composition_Grouped,5,5,,114,Validation,COMP-6360354242bed7fe,False
Fixed_Composition_Grouped,5,5,,115,Validation,COMP-15c7378d46cadefa,False
Fixed_Composition_Grouped,5,5,,130,Validation,COMP-89919c53d3149a2d,False
Fixed_Composition_Grouped,5,5,,133,Validation,COMP-89919c53d3149a2d,False
Fixed_Composition_Grouped,5,5,,134,Validation,COMP-89919c53d3149a2d,False
Fixed_Composition_Grouped,5,5,,135,Validation,COMP-89919c53d3149a2d,False
Fixed_Composition_Grouped,5,5,,138,Validation,COMP-89919c53d3149a2d,False
Fixed_Composition_Grouped,5,5,,139,Validation,COMP-89919c53d3149a2d,False
Fixed_Composition_Grouped,5,5,,141,Validation,COMP-89919c53d3149a2d,False
Fixed_Composition_Grouped,5,5,,142,Validation,COMP-89919c53d3149a2d,False
Fixed_Composition_Grouped,5,5,,143,Validation,COMP-89919c53d3149a2d,False
Fixed_Composition_Grouped,5,5,,144,Validation,COMP-89919c53d3149a2d,False
Fixed_Composition_Grouped,5,5,,145,Validation,COMP-89919c53d3149a2d,False
Fixed_Composition_Grouped,5,5,,146,Validation,COMP-266a388f7afdbe91,False
Fixed_Composition_Grouped,5,5,,149,Validation,COMP-266a388f7afdbe91,False
Fixed_Composition_Grouped,5,5,,159,Validation,COMP-0346738121cb655e,False
Fixed_Composition_Grouped,5,5,,160,Validation,COMP-0346738121cb655e,False
Fixed_Composition_Grouped,5,5,,181,Validation,COMP-69c6ecd7284d3b47,False
Fixed_Composition_Grouped,5,5,,200,Validation,COMP-b878df279a448475,False
Fixed_Composition_Grouped,5,5,,205,Validation,COMP-d8a14990923ce9f7,False
Fixed_Composition_Grouped,5,5,,224,Validation,COMP-93900d7c81c38cdd,False
Fixed_Composition_Grouped,5,5,,226,Validation,COMP-93900d7c81c38cdd,False
Fixed_Composition_Grouped,5,5,,228,Validation,COMP-46e30c1bd5e987da,False
Fixed_Composition_Grouped,5,5,,230,Validation,COMP-0107563adaed8d01,False
Fixed_Composition_Grouped,5,5,,233,Validation,COMP-e60cc4ecffe6b7df,False
Fixed_Composition_Grouped,5,5,,238,Validation,COMP-fc5c3e46d2655b62,False
Fixed_Composition_Grouped,5,5,,320,Validation,COMP-dbc0864492ec7b98,False
Fixed_Composition_Grouped,5,5,,321,Validation,COMP-dbc0864492ec7b98,False
Fixed_Composition_Grouped,5,5,,322,Validation,COMP-dbc0864492ec7b98,False
Fixed_Composition_Grouped,5,5,,323,Validation,COMP-dbc0864492ec7b98,False
Fixed_Composition_Grouped,5,5,,324,Validation,COMP-dbc0864492ec7b98,False
Fixed_Composition_Grouped,5,5,,325,Validation,COMP-dbc0864492ec7b98,False
Fixed_Composition_Grouped,5,5,,326,Validation,COMP-dbc0864492ec7b98,False
Fixed_Composition_Grouped,5,5,,327,Validation,COMP-dbc0864492ec7b98,False
Fixed_Composition_Grouped,5,5,,328,Validation,COMP-dbc0864492ec7b98,False
Fixed_Composition_Grouped,5,5,,331,Validation,COMP-dbc0864492ec7b98,False
Fixed_Composition_Grouped,5,5,,333,Validation,COMP-dbc0864492ec7b98,False
Fixed_Composition_Grouped,5,5,,334,Validation,COMP-dbc0864492ec7b98,False
Fixed_Composition_Grouped,5,5,,337,Validation,COMP-06072d2dd3b021af,False
Fixed_Composition_Grouped,5,5,,339,Validation,COMP-06072d2dd3b021af,False
Fixed_Composition_Grouped,5,5,,344,Validation,COMP-e1e52574fbb04f58,False
Fixed_Composition_Grouped,5,5,,345,Validation,COMP-e1e52574fbb04f58,False
Fixed_Composition_Grouped,5,5,,347,Validation,COMP-e1e52574fbb04f58,False
Fixed_Composition_Grouped,5,5,,360,Validation,COMP-0765adc8c505dd3b,False
Fixed_Composition_Grouped,5,5,,363,Validation,COMP-0765adc8c505dd3b,False
Fixed_Composition_Grouped,5,5,,364,Validation,COMP-0765adc8c505dd3b,False
Fixed_Composition_Grouped,5,5,,365,Validation,COMP-e1e52574fbb04f58,False
