Outer_ID,Repeat,Outer_Fold,Feature_Count,Feature_Order,Feature,Mandatory,Mean_Normalized_Hybrid_Feature_Score,Selected_Alpha,Selected,Rank
R01_F01,1,1,3,1,Tsol,True,0.5134958636481454,0.0,1,1
R01_F01,1,1,3,2,Tage,True,0.48419265741596,0.0,1,2
R01_F01,1,1,3,3,tage,True,0.278386613165626,0.0,1,3
R01_F02,1,2,3,1,Tsol,True,0.44332176633641013,0.0,1,1
R01_F02,1,2,3,2,Tage,True,0.5020519364422101,0.0,1,2
R01_F02,1,2,3,3,tage,True,0.29109052427993615,0.0,1,3
R01_F03,1,3,3,1,Tsol,True,0.6426615187499387,0.5,1,1
R01_F03,1,3,3,2,Tage,True,0.4236605575263259,0.5,1,2
R01_F03,1,3,3,3,tage,True,0.1302791102721847,0.5,1,3
R01_F04,1,4,3,1,Tsol,True,0.7775937026864538,1.0,1,1
R01_F04,1,4,3,2,Tage,True,0.3918557978068861,1.0,1,2
R01_F04,1,4,3,3,tage,True,0.0,1.0,1,3
R01_F05,1,5,3,1,Tsol,True,0.5897877844614194,0.25,1,1
R01_F05,1,5,3,2,Tage,True,0.43883039915090805,0.25,1,2
R01_F05,1,5,3,3,tage,True,0.22645581927940528,0.25,1,3
R02_F01,2,1,3,1,Tsol,True,0.513595600564193,0.0,1,1
R02_F01,2,1,3,2,Tage,True,0.47779578899363884,0.0,1,2
R02_F01,2,1,3,3,tage,True,0.3373205741227759,0.0,1,3
R02_F02,2,2,3,1,Tsol,True,0.6454273838907196,0.5,1,1
R02_F02,2,2,3,2,Tage,True,0.45446043263449654,0.5,1,2
R02_F02,2,2,3,3,tage,True,0.17515735390104686,0.5,1,3
R02_F03,2,3,3,1,Tsol,True,0.7767394591969177,1.0,1,1
R02_F03,2,3,3,2,Tage,True,0.3987222998035663,1.0,1,2
R02_F03,2,3,3,3,tage,True,0.0,1.0,1,3
R02_F04,2,4,3,1,Tsol,True,0.5910458854065818,0.25,1,1
R02_F04,2,4,3,2,Tage,True,0.5221083671976645,0.25,1,2
R02_F04,2,4,3,3,tage,True,0.24905697597108933,0.25,1,3
R02_F05,2,5,3,1,Tsol,True,0.43742074428160455,0.0,1,1
R02_F05,2,5,3,2,Tage,True,0.45461770952947556,0.0,1,2
R02_F05,2,5,3,3,tage,True,0.2855189871074952,0.0,1,3
R03_F01,3,1,3,1,Tsol,True,0.550987528371025,0.25,1,1
R03_F01,3,1,3,2,Tage,True,0.41958340871468575,0.25,1,2
R03_F01,3,1,3,3,tage,True,0.2096772074355151,0.25,1,3
R03_F02,3,2,3,1,Tsol,True,0.6704319984867595,0.75,1,1
R03_F02,3,2,3,2,Tage,True,0.4099430558057521,0.75,1,2
R03_F02,3,2,3,3,tage,True,0.06880299735380781,0.75,1,3
R03_F03,3,3,3,1,Tsol,True,0.5193917509611272,0.0,1,1
R03_F03,3,3,3,2,Tage,True,0.5202467506243533,0.0,1,2
R03_F03,3,3,3,3,tage,True,0.3183160169051823,0.0,1,3
R03_F04,3,4,3,1,Tsol,True,0.7479782346046556,0.75,1,1
R03_F04,3,4,3,2,Tage,True,0.40695497984925927,0.75,1,2
R03_F04,3,4,3,3,tage,True,0.08770846008337724,0.75,1,3
R03_F05,3,5,3,1,Tsol,True,0.7774760644875273,1.0,1,1
R03_F05,3,5,3,2,Tage,True,0.42985609653937995,1.0,1,2
R03_F05,3,5,3,3,tage,True,0.0,1.0,1,3
R04_F01,4,1,3,1,Tsol,True,0.7464312707830397,1.0,1,1
R04_F01,4,1,3,2,Tage,True,0.39870209037252446,1.0,1,2
R04_F01,4,1,3,3,tage,True,0.0,1.0,1,3
R04_F02,4,2,3,1,Tsol,True,0.6659689477848211,0.75,1,1
R04_F02,4,2,3,2,Tage,True,0.4717175555237832,0.75,1,2
R04_F02,4,2,3,3,tage,True,0.06527484790531322,0.75,1,3
R04_F03,4,3,3,1,Tsol,True,0.6141101999803606,0.0,1,1
R04_F03,4,3,3,2,Tage,True,0.5635795081570761,0.0,1,2
R04_F03,4,3,3,3,tage,True,0.39590719509387423,0.0,1,3
R04_F04,4,4,3,1,Tsol,True,0.4940376961758459,0.0,1,1
R04_F04,4,4,3,2,Tage,True,0.405872446726942,0.0,1,2
R04_F04,4,4,3,3,tage,True,0.23239659491385173,0.0,1,3
R04_F05,4,5,3,1,Tsol,True,0.7203530165181752,0.5,1,1
R04_F05,4,5,3,2,Tage,True,0.4740556508563135,0.5,1,2
R04_F05,4,5,3,3,tage,True,0.15641719838616228,0.5,1,3
R05_F01,5,1,3,1,Tsol,True,0.7156992008552403,0.75,1,1
R05_F01,5,1,3,2,Tage,True,0.4177866879837399,0.75,1,2
R05_F01,5,1,3,3,tage,True,0.08813841677863658,0.75,1,3
R05_F02,5,2,3,1,Tsol,True,0.7816625951291939,1.0,1,1
R05_F02,5,2,3,2,Tage,True,0.4113212529407781,1.0,1,2
R05_F02,5,2,3,3,tage,True,0.0,1.0,1,3
R05_F03,5,3,3,1,Tsol,True,0.6524728681410892,0.5,1,1
R05_F03,5,3,3,2,Tage,True,0.4722416696458024,0.5,1,2
R05_F03,5,3,3,3,tage,True,0.17318978888870654,0.5,1,3
R05_F04,5,4,3,1,Tsol,True,0.6029318175719253,0.25,1,1
R05_F04,5,4,3,2,Tage,True,0.49805212577254143,0.25,1,2
R05_F04,5,4,3,3,tage,True,0.2332143381368911,0.25,1,3
R05_F05,5,5,3,1,Tsol,True,0.7570868709052853,1.0,1,1
R05_F05,5,5,3,2,Tage,True,0.36275128898736375,1.0,1,2
R05_F05,5,5,3,3,tage,True,0.0,1.0,1,3
R01_F01,1,1,4,1,Tsol,True,0.5134958636481454,0.0,1,1
R01_F01,1,1,4,2,Tage,True,0.48419265741596,0.0,1,2
R01_F01,1,1,4,3,tage,True,0.278386613165626,0.0,1,3
R01_F01,1,1,4,4,Zn,False,1.0,0.0,1,4
R01_F02,1,2,4,1,Tsol,True,0.6119658359043367,0.5,1,1
R01_F02,1,2,4,2,Tage,True,0.4557448895622639,0.5,1,2
R01_F02,1,2,4,3,tage,True,0.14554526213996807,0.5,1,3
R01_F02,1,2,4,4,Zn,False,1.0,0.5,1,4
R01_F03,1,3,4,1,Tsol,True,0.7226324950931308,0.75,1,1
R01_F03,1,3,4,2,Tage,True,0.42728963811502463,0.75,1,2
R01_F03,1,3,4,3,tage,True,0.06513955513609235,0.75,1,3
R01_F03,1,3,4,4,Zn,False,1.0,0.75,1,4
R01_F04,1,4,4,1,Tsol,True,0.6496925163747844,0.5,1,1
R01_F04,1,4,4,2,Tage,True,0.47035119578239626,0.5,1,2
R01_F04,1,4,4,3,tage,True,0.17888953753704584,0.5,1,3
R01_F04,1,4,4,4,Zn,False,1.0,0.5,1,4
R01_F05,1,5,4,1,Tsol,True,0.810756983047903,1.0,1,1
R01_F05,1,5,4,2,Tage,True,0.35093269116186965,1.0,1,2
R01_F05,1,5,4,3,tage,True,0.0,1.0,1,3
R01_F05,1,5,4,4,Zn,False,1.0,1.0,1,4
R02_F01,2,1,4,1,Tsol,True,0.633836825837871,0.5,1,1
R02_F01,2,1,4,2,Tage,True,0.3968139055061174,0.5,1,2
R02_F01,2,1,4,3,tage,True,0.16866028706138794,0.5,1,3
R02_F01,2,1,4,4,Zn,False,1.0,0.5,1,4
R02_F02,2,2,4,1,Tsol,True,0.7745215788298218,1.0,1,1
R02_F02,2,2,4,2,Tage,True,0.39012276276480856,1.0,1,2
R02_F02,2,2,4,3,tage,True,0.0,1.0,1,3
R02_F02,2,2,4,4,Zn,False,1.0,1.0,1,4
R02_F03,2,3,4,1,Tsol,True,0.4758137566491996,0.0,1,1
R02_F03,2,3,4,2,Tage,True,0.3877030898019608,0.0,1,2
R02_F03,2,3,4,3,tage,True,0.2524939744701257,0.0,1,3
R02_F03,2,3,4,4,Zn,False,1.0,0.0,1,4
R02_F04,2,4,4,1,Tsol,True,0.7095015412020815,0.75,1,1
R02_F04,2,4,4,2,Tage,True,0.4038975434305362,0.75,1,2
R02_F04,2,4,4,3,tage,True,0.08301899199036311,0.75,1,3
R02_F04,2,4,4,4,Zn,False,1.0,0.75,1,4
R02_F05,2,5,4,1,Tsol,True,0.43742074428160455,0.0,1,1
R02_F05,2,5,4,2,Tage,True,0.45461770952947556,0.0,1,2
R02_F05,2,5,4,3,tage,True,0.2855189871074952,0.0,1,3
R02_F05,2,5,4,4,Zn,False,1.0,0.0,1,4
R03_F01,3,1,4,1,Tsol,True,0.4738986606136325,0.0,1,1
R03_F01,3,1,4,2,Tage,True,0.41717431725856424,0.0,1,2
R03_F01,3,1,4,3,tage,True,0.27956960991402013,0.0,1,3
R03_F01,3,1,4,4,Zn,False,1.0,0.0,1,4
R03_F02,3,2,4,1,Tsol,True,0.5256426726919364,0.25,1,1
R03_F02,3,2,4,2,Tage,True,0.43468894884651305,0.25,1,2
R03_F02,3,2,4,3,tage,True,0.20640899206142344,0.25,1,3
R03_F02,3,2,4,4,Zn,False,1.0,0.25,1,4
R03_F03,3,3,4,1,Tsol,True,0.5864218386567575,0.25,1,1
R03_F03,3,3,4,2,Tage,True,0.47804940835724263,0.25,1,2
R03_F03,3,3,4,3,tage,True,0.23873701267888672,0.25,1,3
R03_F03,3,3,4,4,Zn,False,1.0,0.25,1,4
R03_F04,3,4,4,1,Tsol,True,0.796259853000507,1.0,1,1
R03_F04,3,4,4,2,Tage,True,0.36006068906805705,1.0,1,2
R03_F04,3,4,4,3,tage,True,0.0,1.0,1,3
R03_F04,3,4,4,4,Zn,False,1.0,1.0,1,4
R03_F05,3,5,4,1,Tsol,True,0.6443131284993897,0.5,1,1
R03_F05,3,5,4,2,Tage,True,0.452262417143511,0.5,1,2
R03_F05,3,5,4,3,tage,True,0.14831534287330142,0.5,1,3
R03_F05,3,5,4,4,Zn,False,1.0,0.5,1,4
R04_F01,4,1,4,1,Tsol,True,0.6853882506301614,0.75,1,1
R04_F01,4,1,4,2,Tage,True,0.4337553294389772,0.75,1,2
R04_F01,4,1,4,3,tage,True,0.08940112763268308,0.75,1,3
R04_F01,4,1,4,4,Zn,False,1.0,0.75,1,4
R04_F02,4,2,4,1,Tsol,True,0.6012809304498736,0.5,1,1
R04_F02,4,2,4,2,Tage,True,0.44472168743121065,0.5,1,2
R04_F02,4,2,4,3,tage,True,0.13054969581062645,0.5,1,3
R04_F02,4,2,4,4,Zn,False,1.0,0.5,1,4
R04_F03,4,3,4,1,Tsol,True,0.6141101999803606,0.0,1,1
R04_F03,4,3,4,2,Tage,True,0.5635795081570761,0.0,1,2
R04_F03,4,3,4,3,tage,True,0.39590719509387423,0.0,1,3
R04_F03,4,3,4,4,Zn,False,1.0,0.0,1,4
R04_F04,4,4,4,1,Tsol,True,0.5647545998798256,0.25,1,1
R04_F04,4,4,4,2,Tage,True,0.38896260815710837,0.25,1,2
R04_F04,4,4,4,3,tage,True,0.17429744618538878,0.25,1,3
R04_F04,4,4,4,4,Zn,False,1.0,0.25,1,4
R04_F05,4,5,4,1,Tsol,True,0.6204655977394122,0.0,1,1
R04_F05,4,5,4,2,Tage,True,0.5923833021669049,0.0,1,2
R04_F05,4,5,4,3,tage,True,0.31283439677232455,0.0,1,3
R04_F05,4,5,4,4,Zn,False,1.0,0.0,1,4
R05_F01,5,1,4,1,Tsol,True,0.5152121305810505,0.0,1,1
R05_F01,5,1,4,2,Tage,True,0.4304393058491954,0.0,1,2
R05_F01,5,1,4,3,tage,True,0.35255366711454633,0.0,1,3
R05_F01,5,1,4,4,Zn,False,1.0,0.0,1,4
R05_F02,5,2,4,1,Tsol,True,0.7128000406713658,0.75,1,1
R05_F02,5,2,4,2,Tage,True,0.43972737410693863,0.75,1,2
R05_F02,5,2,4,3,tage,True,0.08302812825795156,0.75,1,3
R05_F02,5,2,4,4,Zn,False,1.0,0.75,1,4
R05_F03,5,3,4,1,Tsol,True,0.7686458168227843,1.0,1,1
R05_F03,5,3,4,2,Tage,True,0.39208201732694875,1.0,1,2
R05_F03,5,3,4,3,tage,True,0.0,1.0,1,3
R05_F03,5,3,4,4,Zn,False,1.0,1.0,1,4
R05_F04,5,4,4,1,Tsol,True,0.7885419400132696,1.0,1,1
R05_F04,5,4,4,2,Tage,True,0.3781859964797433,1.0,1,2
R05_F04,5,4,4,3,tage,True,0.013497193444101625,1.0,1,3
R05_F04,5,4,4,4,Zn,False,1.0,1.0,1,4
R05_F05,5,5,4,1,Tsol,True,0.6481674609452478,0.5,1,1
R05_F05,5,5,4,2,Tage,True,0.4170470055718017,0.5,1,2
R05_F05,5,5,4,3,tage,True,0.13230807272547224,0.5,1,3
R05_F05,5,5,4,4,Zn,False,1.0,0.5,1,4
R01_F01,1,1,5,1,Tsol,True,0.6476154138558118,0.5,1,1
R01_F01,1,1,5,2,Tage,True,0.4285307731653957,0.5,1,2
R01_F01,1,1,5,3,tage,True,0.139193306582813,0.5,1,3
R01_F01,1,1,5,4,Zn,False,1.0,0.5,1,4
R01_F01,1,1,5,5,Mg,False,0.6608986044525014,0.5,1,5
R01_F02,1,2,5,1,Tsol,True,0.5276438011203735,0.25,1,1
R01_F02,1,2,5,2,Tage,True,0.47889841300223696,0.25,1,2
R01_F02,1,2,5,3,tage,True,0.2183178932099521,0.25,1,3
R01_F02,1,2,5,4,Zn,False,1.0,0.25,1,4
R01_F02,1,2,5,5,Mg,False,0.5189742006010339,0.25,1,5
R01_F03,1,3,5,1,Tsol,True,0.5626905424067465,0.25,1,1
R01_F03,1,3,5,2,Tage,True,0.42003147693762727,0.25,1,2
R01_F03,1,3,5,3,tage,True,0.19541866540827704,0.25,1,3
R01_F03,1,3,5,4,Zn,False,1.0,0.25,1,4
R01_F03,1,3,5,5,Mg,False,0.5647005421572561,0.25,1,5
R01_F04,1,4,5,1,Tsol,True,0.5217913300631152,0.0,1,1
R01_F04,1,4,5,2,Tage,True,0.5488465937579065,0.0,1,2
R01_F04,1,4,5,3,tage,True,0.3577790750740917,0.0,1,3
R01_F04,1,4,5,4,Zn,False,1.0,0.0,1,4
R01_F04,1,4,5,5,Mg,False,0.4538943217607033,0.0,1,5
R01_F05,1,5,5,1,Tsol,True,0.810756983047903,1.0,1,1
R01_F05,1,5,5,2,Tage,True,0.35093269116186965,1.0,1,2
R01_F05,1,5,5,3,tage,True,0.0,1.0,1,3
R01_F05,1,5,5,4,Zn,False,1.0,1.0,1,4
R01_F05,1,5,5,5,Mg,False,0.8627371056388407,1.0,1,5
R02_F01,2,1,5,1,Tsol,True,0.633836825837871,0.5,1,1
R02_F01,2,1,5,2,Tage,True,0.3968139055061174,0.5,1,2
R02_F01,2,1,5,3,tage,True,0.16866028706138794,0.5,1,3
R02_F01,2,1,5,4,Zn,False,1.0,0.5,1,4
R02_F01,2,1,5,5,Mg,False,0.6725737870737454,0.5,1,5
R02_F02,2,2,5,1,Tsol,True,0.5163331889516176,0.0,1,1
R02_F02,2,2,5,2,Tage,True,0.5187981025041845,0.0,1,2
R02_F02,2,2,5,3,tage,True,0.3503147078020937,0.0,1,3
R02_F02,2,2,5,4,Zn,False,1.0,0.0,1,4
R02_F02,2,2,5,5,Mg,False,0.4334327370803523,0.0,1,5
R02_F03,2,3,5,1,Tsol,True,0.6262766079230586,0.5,1,1
R02_F03,2,3,5,2,Tage,True,0.39321269480276355,0.5,1,2
R02_F03,2,3,5,3,tage,True,0.12624698723506286,0.5,1,3
R02_F03,2,3,5,4,Zn,False,1.0,0.5,1,4
R02_F03,2,3,5,5,Mg,False,0.6268606702945347,0.5,1,5
R02_F04,2,4,5,1,Tsol,True,0.5910458854065818,0.25,1,1
R02_F04,2,4,5,2,Tage,True,0.5221083671976645,0.25,1,2
R02_F04,2,4,5,3,tage,True,0.24905697597108933,0.25,1,3
R02_F04,2,4,5,4,Zn,False,1.0,0.25,1,4
R02_F04,2,4,5,5,Mg,False,0.5463783506060146,0.25,1,5
R02_F05,2,5,5,1,Tsol,True,0.7242662039839208,0.75,1,1
R02_F05,2,5,5,2,Tage,True,0.48957708932475186,0.75,1,2
R02_F05,2,5,5,3,tage,True,0.0713797467768738,0.75,1,3
R02_F05,2,5,5,4,Zn,False,1.0,0.75,1,4
R02_F05,2,5,5,5,Mg,False,0.7622901908010594,0.75,1,5
R03_F01,3,1,5,1,Tsol,True,0.7051652638858099,0.75,1,1
R03_F01,3,1,5,2,Tage,True,0.4244015916269287,0.75,1,2
R03_F01,3,1,5,3,tage,True,0.06989240247850503,0.75,1,3
R03_F01,3,1,5,4,Zn,False,1.0,0.75,1,4
R03_F01,3,1,5,5,Mg,False,0.7354613953616355,0.75,1,5
R03_F02,3,2,5,1,Tsol,True,0.742826661384171,1.0,1,1
R03_F02,3,2,5,2,Tage,True,0.3975701092853716,1.0,1,2
R03_F02,3,2,5,3,tage,True,0.0,1.0,1,3
R03_F02,3,2,5,4,Zn,False,1.0,1.0,1,4
R03_F02,3,2,5,5,Mg,False,0.8442377234453561,1.0,1,5
R03_F03,3,3,5,1,Tsol,True,0.5864218386567575,0.25,1,1
R03_F03,3,3,5,2,Tage,True,0.47804940835724263,0.25,1,2
R03_F03,3,3,5,3,tage,True,0.23873701267888672,0.25,1,3
R03_F03,3,3,5,4,Zn,False,1.0,0.25,1,4
R03_F03,3,3,5,5,Mg,False,0.5012405978618621,0.25,1,5
R03_F04,3,4,5,1,Tsol,True,0.7479782346046556,0.75,1,1
R03_F04,3,4,5,2,Tage,True,0.40695497984925927,0.75,1,2
R03_F04,3,4,5,3,tage,True,0.08770846008337724,0.75,1,3
R03_F04,3,4,5,4,Zn,False,1.0,0.75,1,4
R03_F04,3,4,5,5,Mg,False,0.7982380699267279,0.75,1,5
R03_F05,3,5,5,1,Tsol,True,0.7108945964934584,0.75,1,1
R03_F05,3,5,5,2,Tage,True,0.4410592568414454,0.75,1,2
R03_F05,3,5,5,3,tage,True,0.07415767143665071,0.75,1,3
R03_F05,3,5,5,4,Zn,False,1.0,0.75,1,4
R03_F05,3,5,5,5,Mg,False,0.7540864526231843,0.75,1,5
R04_F01,4,1,5,1,Tsol,True,0.624345230477283,0.5,1,1
R04_F01,4,1,5,2,Tage,True,0.46880856850543,0.5,1,2
R04_F01,4,1,5,3,tage,True,0.17880225526536617,0.5,1,3
R04_F01,4,1,5,4,Zn,False,1.0,0.5,1,4
R04_F01,4,1,5,5,Mg,False,0.6401236482452348,0.5,1,5
R04_F02,4,2,5,1,Tsol,True,0.6659689477848211,0.75,1,1
R04_F02,4,2,5,2,Tage,True,0.4717175555237832,0.75,1,2
R04_F02,4,2,5,3,tage,True,0.06527484790531322,0.75,1,3
R04_F02,4,2,5,4,Zn,False,1.0,0.75,1,4
R04_F02,4,2,5,5,Mg,False,0.7541995081729873,0.75,1,5
R04_F03,4,3,5,1,Tsol,True,0.6707521736477061,0.25,1,1
R04_F03,4,3,5,2,Tage,True,0.5214818552277922,0.25,1,2
R04_F03,4,3,5,3,tage,True,0.2969303963204057,0.25,1,3
R04_F03,4,3,5,4,Zn,False,1.0,0.25,1,4
R04_F03,4,3,5,5,Mg,False,0.6104250045666156,0.25,1,5
R04_F04,4,4,5,1,Tsol,True,0.4940376961758459,0.0,1,1
R04_F04,4,4,5,2,Tage,True,0.405872446726942,0.0,1,2
R04_F04,4,4,5,3,tage,True,0.23239659491385173,0.0,1,3
R04_F04,4,4,5,4,Zn,False,1.0,0.0,1,4
R04_F04,4,4,5,5,Mg,False,0.4222149268792067,0.0,1,5
R04_F05,4,5,5,1,Tsol,True,0.6704093071287938,0.25,1,1
R04_F05,4,5,5,2,Tage,True,0.5332194765116092,0.25,1,2
R04_F05,4,5,5,3,tage,True,0.2346257975792434,0.25,1,3
R04_F05,4,5,5,4,Zn,False,1.0,0.25,1,4
R04_F05,4,5,5,5,Mg,False,0.5587073794960967,0.25,1,5
R05_F01,5,1,5,1,Tsol,True,0.7156992008552403,0.75,1,1
R05_F01,5,1,5,2,Tage,True,0.4177866879837399,0.75,1,2
R05_F01,5,1,5,3,tage,True,0.08813841677863658,0.75,1,3
R05_F01,5,1,5,4,Zn,False,1.0,0.75,1,4
R05_F01,5,1,5,5,Mg,False,0.7384422137214834,0.75,1,5
R05_F02,5,2,5,1,Tsol,True,0.7128000406713658,0.75,1,1
R05_F02,5,2,5,2,Tage,True,0.43972737410693863,0.75,1,2
R05_F02,5,2,5,3,tage,True,0.08302812825795156,0.75,1,3
R05_F02,5,2,5,4,Zn,False,1.0,0.75,1,4
R05_F02,5,2,5,5,Mg,False,0.7247001762136361,0.75,1,5
R05_F03,5,3,5,1,Tsol,True,0.5943863938002417,0.25,1,1
R05_F03,5,3,5,2,Tage,True,0.5123214958052291,0.25,1,2
R05_F03,5,3,5,3,tage,True,0.2597846833330598,0.25,1,3
R05_F03,5,3,5,4,Zn,False,1.0,0.25,1,4
R05_F03,5,3,5,5,Mg,False,0.6241133980117233,0.25,1,5
R05_F04,5,4,5,1,Tsol,True,0.6648018583857067,0.5,1,1
R05_F04,5,4,5,2,Tage,True,0.4580967493416087,0.5,1,2
R05_F04,5,4,5,3,tage,True,0.15997528990596127,0.5,1,3
R05_F04,5,4,5,4,Zn,False,1.0,0.5,1,4
R05_F04,5,4,5,5,Mg,False,0.6588622934963032,0.5,1,5
R05_F05,5,5,5,1,Tsol,True,0.5937077559652291,0.25,1,1
R05_F05,5,5,5,2,Tage,True,0.44419486386402063,0.25,1,2
R05_F05,5,5,5,3,tage,True,0.19846210908820835,0.25,1,3
R05_F05,5,5,5,4,Zn,False,1.0,0.25,1,4
R05_F05,5,5,5,5,Mg,False,0.5556415136351587,0.25,1,5
R01_F01,1,1,6,1,Tsol,True,0.5805556387519786,0.25,1,1
R01_F01,1,1,6,2,Tage,True,0.4563617152906778,0.25,1,2
R01_F01,1,1,6,3,tage,True,0.2087899598742195,0.25,1,3
R01_F01,1,1,6,4,Zn,False,1.0,0.25,1,4
R01_F01,1,1,6,5,Mg,False,0.5693696368078163,0.25,1,5
R01_F01,1,1,6,6,Cu,False,0.3035169373714433,0.25,1,6
R01_F02,1,2,6,1,Tsol,True,0.5276438011203735,0.25,1,1
R01_F02,1,2,6,2,Tage,True,0.47889841300223696,0.25,1,2
R01_F02,1,2,6,3,tage,True,0.2183178932099521,0.25,1,3
R01_F02,1,2,6,4,Zn,False,1.0,0.25,1,4
R01_F02,1,2,6,5,Mg,False,0.5189742006010339,0.25,1,5
R01_F02,1,2,6,6,Cu,False,0.3017825433688856,0.25,1,6
R01_F03,1,3,6,1,Tsol,True,0.48271956606355426,0.0,1,1
R01_F03,1,3,6,2,Tage,True,0.41640239634892856,0.0,1,2
R01_F03,1,3,6,3,tage,True,0.2605582205443694,0.0,1,3
R01_F03,1,3,6,4,Zn,False,1.0,0.0,1,4
R01_F03,1,3,6,5,Mg,False,0.4688616785882789,0.0,1,5
R01_F03,1,3,6,6,Ti,False,0.33704614805153116,0.0,1,6
R01_F04,1,4,6,1,Tsol,True,0.5217913300631152,0.0,1,1
R01_F04,1,4,6,2,Tage,True,0.5488465937579065,0.0,1,2
R01_F04,1,4,6,3,tage,True,0.3577790750740917,0.0,1,3
R01_F04,1,4,6,4,Zn,False,1.0,0.0,1,4
R01_F04,1,4,6,5,Mg,False,0.4538943217607033,0.0,1,5
R01_F04,1,4,6,6,Cu,False,0.3823939279642519,0.0,1,6
R01_F05,1,5,6,1,Tsol,True,0.5161313849325916,0.0,1,1
R01_F05,1,5,6,2,Tage,True,0.46812963514725414,0.0,1,2
R01_F05,1,5,6,3,tage,True,0.30194109237254035,0.0,1,3
R01_F05,1,5,6,4,Zn,False,1.0,0.0,1,4
R01_F05,1,5,6,5,Mg,False,0.4859842163248759,0.0,1,5
R01_F05,1,5,6,6,Cu,False,0.3674648839750202,0.0,1,6
R02_F01,2,1,6,1,Tsol,True,0.513595600564193,0.0,1,1
R02_F01,2,1,6,2,Tage,True,0.47779578899363884,0.0,1,2
R02_F01,2,1,6,3,tage,True,0.3373205741227759,0.0,1,3
R02_F01,2,1,6,4,Zn,False,1.0,0.0,1,4
R02_F01,2,1,6,5,Mg,False,0.4896805661628935,0.0,1,5
R02_F01,2,1,6,6,Ti,False,0.3184400085102931,0.0,1,6
R02_F02,2,2,6,1,Tsol,True,0.6454273838907196,0.5,1,1
R02_F02,2,2,6,2,Tage,True,0.45446043263449654,0.5,1,2
R02_F02,2,2,6,3,tage,True,0.17515735390104686,0.5,1,3
R02_F02,2,2,6,4,Zn,False,1.0,0.5,1,4
R02_F02,2,2,6,5,Mg,False,0.6282657163289508,0.5,1,5
R02_F02,2,2,6,6,Fe,False,0.33256529275208613,0.5,1,6
R02_F03,2,3,6,1,Tsol,True,0.5510451822861291,0.25,1,1
R02_F03,2,3,6,2,Tage,True,0.39045789230236216,0.25,1,2
R02_F03,2,3,6,3,tage,True,0.18937048085259428,0.25,1,3
R02_F03,2,3,6,4,Zn,False,1.0,0.25,1,4
R02_F03,2,3,6,5,Mg,False,0.521235566258515,0.25,1,5
R02_F03,2,3,6,6,Cu,False,0.32998444638190866,0.25,1,6
R02_F04,2,4,6,1,Tsol,True,0.5318180575088318,0.0,1,1
R02_F04,2,4,6,2,Tage,True,0.5812137790812287,0.0,1,2
R02_F04,2,4,6,3,tage,True,0.33207596796145245,0.0,1,3
R02_F04,2,4,6,4,Zn,False,1.0,0.0,1,4
R02_F04,2,4,6,5,Mg,False,0.44141424779626554,0.0,1,5
R02_F04,2,4,6,6,Cu,False,0.34688705804349557,0.0,1,6
R02_F05,2,5,6,1,Tsol,True,0.53303589751571,0.25,1,1
R02_F05,2,5,6,2,Tage,True,0.466270836127901,0.25,1,2
R02_F05,2,5,6,3,tage,True,0.21413924033062137,0.25,1,3
R02_F05,2,5,6,4,Zn,False,1.0,0.25,1,4
R02_F05,2,5,6,5,Mg,False,0.5552939074293727,0.25,1,5
R02_F05,2,5,6,6,Cu,False,0.30644022393479076,0.25,1,6
R03_F01,3,1,6,1,Tsol,True,0.550987528371025,0.25,1,1
R03_F01,3,1,6,2,Tage,True,0.41958340871468575,0.25,1,2
R03_F01,3,1,6,3,tage,True,0.2096772074355151,0.25,1,3
R03_F01,3,1,6,4,Zn,False,1.0,0.25,1,4
R03_F01,3,1,6,5,Mg,False,0.509883115886623,0.25,1,5
R03_F01,3,1,6,6,Cu,False,0.32289755487569055,0.25,1,6
R03_F02,3,2,6,1,Tsol,True,0.5256426726919364,0.25,1,1
R03_F02,3,2,6,2,Tage,True,0.43468894884651305,0.25,1,2
R03_F02,3,2,6,3,tage,True,0.20640899206142344,0.25,1,3
R03_F02,3,2,6,4,Zn,False,1.0,0.25,1,4
R03_F02,3,2,6,5,Mg,False,0.5526535056671767,0.25,1,5
R03_F02,3,2,6,6,Cu,False,0.29728567475801326,0.25,1,6
R03_F03,3,3,6,1,Tsol,True,0.7875121017436483,1.0,1,1
R03_F03,3,3,6,2,Tage,True,0.35145738155591055,1.0,1,2
R03_F03,3,3,6,3,tage,True,0.0,1.0,1,3
R03_F03,3,3,6,4,Zn,False,1.0,1.0,1,4
R03_F03,3,3,6,5,Mg,False,0.8133355551023274,1.0,1,5
R03_F03,3,3,6,6,Ti,False,0.44207875451483336,1.0,1,6
R03_F04,3,4,6,1,Tsol,True,0.7479782346046556,0.75,1,1
R03_F04,3,4,6,2,Tage,True,0.40695497984925927,0.75,1,2
R03_F04,3,4,6,3,tage,True,0.08770846008337724,0.75,1,3
R03_F04,3,4,6,4,Zn,False,1.0,0.75,1,4
R03_F04,3,4,6,5,Mg,False,0.7982380699267279,0.75,1,5
R03_F04,3,4,6,6,Ti,False,0.4402651573847172,0.75,1,6
R03_F05,3,5,6,1,Tsol,True,0.511150192511252,0.0,1,1
R03_F05,3,5,6,2,Tage,True,0.474668737747642,0.0,1,2
R03_F05,3,5,6,3,tage,True,0.29663068574660284,0.0,1,3
R03_F05,3,5,6,4,Zn,False,1.0,0.0,1,4
R03_F05,3,5,6,5,Mg,False,0.4733023500979181,0.0,1,5
R03_F05,3,5,6,6,Cu,False,0.3060525375387758,0.0,1,6
R04_F01,4,1,6,1,Tsol,True,0.5022591901715263,0.0,1,1
R04_F01,4,1,6,2,Tage,True,0.5389150466383356,0.0,1,2
R04_F01,4,1,6,3,tage,True,0.35760451053073233,0.0,1,3
R04_F01,4,1,6,4,Zn,False,1.0,0.0,1,4
R04_F01,4,1,6,5,Mg,False,0.45162197183297836,0.0,1,5
R04_F01,4,1,6,6,Cu,False,0.35240928417149847,0.0,1,6
R04_F02,4,2,6,1,Tsol,True,0.47190489577997885,0.0,1,1
R04_F02,4,2,6,2,Tage,True,0.3907299512460655,0.0,1,2
R04_F02,4,2,6,3,tage,True,0.2610993916212529,0.0,1,3
R04_F02,4,2,6,4,Zn,False,1.0,0.0,1,4
R04_F02,4,2,6,5,Mg,False,0.4724150138234395,0.0,1,5
R04_F02,4,2,6,6,Cu,False,0.30736551488721287,0.0,1,6
R04_F03,4,3,6,1,Tsol,True,0.6707521736477061,0.25,1,1
R04_F03,4,3,6,2,Tage,True,0.5214818552277922,0.25,1,2
R04_F03,4,3,6,3,tage,True,0.2969303963204057,0.25,1,3
R04_F03,4,3,6,4,Zn,False,1.0,0.25,1,4
R04_F03,4,3,6,5,Mg,False,0.6104250045666156,0.25,1,5
R04_F03,4,3,6,6,Cu,False,0.3693901858597532,0.25,1,6
R04_F04,4,4,6,1,Tsol,True,0.5647545998798256,0.25,1,1
R04_F04,4,4,6,2,Tage,True,0.38896260815710837,0.25,1,2
R04_F04,4,4,6,3,tage,True,0.17429744618538878,0.25,1,3
R04_F04,4,4,6,4,Zn,False,1.0,0.25,1,4
R04_F04,4,4,6,5,Mg,False,0.525460048216627,0.25,1,5
R04_F04,4,4,6,6,Cu,False,0.28028319031898,0.25,1,6
R04_F05,4,5,6,1,Tsol,True,0.6204655977394122,0.0,1,1
R04_F05,4,5,6,2,Tage,True,0.5923833021669049,0.0,1,2
R04_F05,4,5,6,3,tage,True,0.31283439677232455,0.0,1,3
R04_F05,4,5,6,4,Zn,False,1.0,0.0,1,4
R04_F05,4,5,6,5,Mg,False,0.45503088629494354,0.0,1,5
R04_F05,4,5,6,6,Cu,False,0.3718657405345797,0.0,1,6
R05_F01,5,1,6,1,Tsol,True,0.5820411540057805,0.25,1,1
R05_F01,5,1,6,2,Tage,True,0.4262217665607102,0.25,1,2
R05_F01,5,1,6,3,tage,True,0.26441525033590974,0.25,1,3
R05_F01,5,1,6,4,Zn,False,1.0,0.25,1,4
R05_F01,5,1,6,5,Mg,False,0.5579068573705274,0.25,1,5
R05_F01,5,1,6,6,Cu,False,0.3387173230727959,0.25,1,6
R05_F02,5,2,6,1,Tsol,True,0.5062123772978815,0.0,1,1
R05_F02,5,2,6,2,Tage,True,0.5249457376054204,0.0,1,2
R05_F02,5,2,6,3,tage,True,0.3321125130318062,0.0,1,3
R05_F02,5,2,6,4,Zn,False,1.0,0.0,1,4
R05_F02,5,2,6,5,Mg,False,0.40901086116444724,0.0,1,5
R05_F02,5,2,6,6,Cu,False,0.2965290724600271,0.0,1,6
R05_F03,5,3,6,1,Tsol,True,0.5943863938002417,0.25,1,1
R05_F03,5,3,6,2,Tage,True,0.5123214958052291,0.25,1,2
R05_F03,5,3,6,3,tage,True,0.2597846833330598,0.25,1,3
R05_F03,5,3,6,4,Zn,False,1.0,0.25,1,4
R05_F03,5,3,6,5,Mg,False,0.6241133980117233,0.25,1,5
R05_F03,5,3,6,6,Cu,False,0.3462404561540716,0.25,1,6
R05_F04,5,4,6,1,Tsol,True,0.6029318175719253,0.25,1,1
R05_F04,5,4,6,2,Tage,True,0.49805212577254143,0.25,1,2
R05_F04,5,4,6,3,tage,True,0.2332143381368911,0.25,1,3
R05_F04,5,4,6,4,Zn,False,1.0,0.25,1,4
R05_F04,5,4,6,5,Mg,False,0.5533053323507257,0.25,1,5
R05_F04,5,4,6,6,Cu,False,0.3256268993605756,0.25,1,6
R05_F05,5,5,6,1,Tsol,True,0.5392480509852103,0.0,1,1
R05_F05,5,5,6,2,Tage,True,0.4713427221562396,0.0,1,2
R05_F05,5,5,6,3,tage,True,0.2646161454509445,0.0,1,3
R05_F05,5,5,6,4,Zn,False,1.0,0.0,1,4
R05_F05,5,5,6,5,Mg,False,0.45900585995851584,0.0,1,5
R05_F05,5,5,6,6,Cu,False,0.3198475013859235,0.0,1,6
R01_F01,1,1,7,1,Tsol,True,0.5805556387519786,0.25,1,1
R01_F01,1,1,7,2,Tage,True,0.4563617152906778,0.25,1,2
R01_F01,1,1,7,3,tage,True,0.2087899598742195,0.25,1,3
R01_F01,1,1,7,4,Zn,False,1.0,0.25,1,4
R01_F01,1,1,7,5,Mg,False,0.5693696368078163,0.25,1,5
R01_F01,1,1,7,6,Cu,False,0.3035169373714433,0.25,1,6
R01_F01,1,1,7,7,Ti,False,0.2654131313951025,0.25,1,7
R01_F02,1,2,7,1,Tsol,True,0.6119658359043367,0.5,1,1
R01_F02,1,2,7,2,Tage,True,0.4557448895622639,0.5,1,2
R01_F02,1,2,7,3,tage,True,0.14554526213996807,0.5,1,3
R01_F02,1,2,7,4,Zn,False,1.0,0.5,1,4
R01_F02,1,2,7,5,Mg,False,0.6258432320530664,0.5,1,5
R01_F02,1,2,7,6,Cu,False,0.3094158384841703,0.5,1,6
R01_F02,1,2,7,7,Ti,False,0.3066758540417358,0.5,1,7
R01_F03,1,3,7,1,Tsol,True,0.48271956606355426,0.0,1,1
R01_F03,1,3,7,2,Tage,True,0.41640239634892856,0.0,1,2
R01_F03,1,3,7,3,tage,True,0.2605582205443694,0.0,1,3
R01_F03,1,3,7,4,Zn,False,1.0,0.0,1,4
R01_F03,1,3,7,5,Mg,False,0.4688616785882789,0.0,1,5
R01_F03,1,3,7,6,Ti,False,0.33704614805153116,0.0,1,6
R01_F03,1,3,7,7,Cu,False,0.31675598992588383,0.0,1,7
R01_F04,1,4,7,1,Tsol,True,0.5217913300631152,0.0,1,1
R01_F04,1,4,7,2,Tage,True,0.5488465937579065,0.0,1,2
R01_F04,1,4,7,3,tage,True,0.3577790750740917,0.0,1,3
R01_F04,1,4,7,4,Zn,False,1.0,0.0,1,4
R01_F04,1,4,7,5,Mg,False,0.4538943217607033,0.0,1,5
R01_F04,1,4,7,6,Cu,False,0.3823939279642519,0.0,1,6
R01_F04,1,4,7,7,Zr,False,0.23045649912336774,0.0,1,7
R01_F05,1,5,7,1,Tsol,True,0.5897877844614194,0.25,1,1
R01_F05,1,5,7,2,Tage,True,0.43883039915090805,0.25,1,2
R01_F05,1,5,7,3,tage,True,0.22645581927940528,0.25,1,3
R01_F05,1,5,7,4,Zn,False,1.0,0.25,1,4
R01_F05,1,5,7,5,Mg,False,0.5801724386533671,0.25,1,5
R01_F05,1,5,7,6,Cu,False,0.34345179967354517,0.25,1,6
R01_F05,1,5,7,7,Ti,False,0.3258514315325981,0.25,1,7
R02_F01,2,1,7,1,Tsol,True,0.754078051111549,1.0,1,1
R02_F01,2,1,7,2,Tage,True,0.315832022018596,1.0,1,2
R02_F01,2,1,7,3,tage,True,0.0,1.0,1,3
R02_F01,2,1,7,4,Zn,False,1.0,1.0,1,4
R02_F01,2,1,7,5,Mg,False,0.8554670079845973,1.0,1,5
R02_F01,2,1,7,6,Ti,False,0.487499434195184,1.0,1,6
R02_F01,2,1,7,7,Fe,False,0.4232483697794293,1.0,1,7
R02_F02,2,2,7,1,Tsol,True,0.5163331889516176,0.0,1,1
R02_F02,2,2,7,2,Tage,True,0.5187981025041845,0.0,1,2
R02_F02,2,2,7,3,tage,True,0.3503147078020937,0.0,1,3
R02_F02,2,2,7,4,Zn,False,1.0,0.0,1,4
R02_F02,2,2,7,5,Mg,False,0.4334327370803523,0.0,1,5
R02_F02,2,2,7,6,Cu,False,0.37102396585797076,0.0,1,6
R02_F02,2,2,7,7,Fe,False,0.25480908134967606,0.0,1,7
R02_F03,2,3,7,1,Tsol,True,0.4758137566491996,0.0,1,1
R02_F03,2,3,7,2,Tage,True,0.3877030898019608,0.0,1,2
R02_F03,2,3,7,3,tage,True,0.2524939744701257,0.0,1,3
R02_F03,2,3,7,4,Zn,False,1.0,0.0,1,4
R02_F03,2,3,7,5,Mg,False,0.4156104622224952,0.0,1,5
R02_F03,2,3,7,6,Cu,False,0.3386129248746707,0.0,1,6
R02_F03,2,3,7,7,Ti,False,0.25542031889270084,0.0,1,7
R02_F04,2,4,7,1,Tsol,True,0.5910458854065818,0.25,1,1
R02_F04,2,4,7,2,Tage,True,0.5221083671976645,0.25,1,2
R02_F04,2,4,7,3,tage,True,0.24905697597108933,0.25,1,3
R02_F04,2,4,7,4,Zn,False,1.0,0.25,1,4
R02_F04,2,4,7,5,Mg,False,0.5463783506060146,0.25,1,5
R02_F04,2,4,7,6,Cu,False,0.32981928295817947,0.25,1,6
R02_F04,2,4,7,7,Ti,False,0.30665441380095476,0.25,1,7
R02_F05,2,5,7,1,Tsol,True,0.53303589751571,0.25,1,1
R02_F05,2,5,7,2,Tage,True,0.466270836127901,0.25,1,2
R02_F05,2,5,7,3,tage,True,0.21413924033062137,0.25,1,3
R02_F05,2,5,7,4,Zn,False,1.0,0.25,1,4
R02_F05,2,5,7,5,Mg,False,0.5552939074293727,0.25,1,5
R02_F05,2,5,7,6,Cu,False,0.30644022393479076,0.25,1,6
R02_F05,2,5,7,7,Ti,False,0.22966776939316808,0.25,1,7
R03_F01,3,1,7,1,Tsol,True,0.550987528371025,0.25,1,1
R03_F01,3,1,7,2,Tage,True,0.41958340871468575,0.25,1,2
R03_F01,3,1,7,3,tage,True,0.2096772074355151,0.25,1,3
R03_F01,3,1,7,4,Zn,False,1.0,0.25,1,4
R03_F01,3,1,7,5,Mg,False,0.509883115886623,0.25,1,5
R03_F01,3,1,7,6,Cu,False,0.32289755487569055,0.25,1,6
R03_F01,3,1,7,7,Fe,False,0.25872827190054326,0.25,1,7
R03_F02,3,2,7,1,Tsol,True,0.5256426726919364,0.25,1,1
R03_F02,3,2,7,2,Tage,True,0.43468894884651305,0.25,1,2
R03_F02,3,2,7,3,tage,True,0.20640899206142344,0.25,1,3
R03_F02,3,2,7,4,Zn,False,1.0,0.25,1,4
R03_F02,3,2,7,5,Mg,False,0.5526535056671767,0.25,1,5
R03_F02,3,2,7,6,Cu,False,0.29728567475801326,0.25,1,6
R03_F02,3,2,7,7,Ti,False,0.2747872979722274,0.25,1,7
R03_F03,3,3,7,1,Tsol,True,0.720482014048018,0.75,1,1
R03_F03,3,3,7,2,Tage,True,0.39365472382302125,0.75,1,2
R03_F03,3,3,7,3,tage,True,0.07957900422629557,0.75,1,3
R03_F03,3,3,7,4,Zn,False,1.0,0.75,1,4
R03_F03,3,3,7,5,Mg,False,0.709303902688839,0.75,1,5
R03_F03,3,3,7,6,Ti,False,0.39196433765148003,0.75,1,6
R03_F03,3,3,7,7,Si,False,0.33846561480772425,0.75,1,7
R03_F04,3,4,7,1,Tsol,True,0.6996966162088041,0.5,1,1
R03_F04,3,4,7,2,Tage,True,0.45384927063046154,0.5,1,2
R03_F04,3,4,7,3,tage,True,0.17541692016675448,0.5,1,3
R03_F04,3,4,7,4,Zn,False,1.0,0.5,1,4
R03_F04,3,4,7,5,Mg,False,0.6991674659302445,0.5,1,5
R03_F04,3,4,7,6,Ti,False,0.38702916672817866,0.5,1,6
R03_F04,3,4,7,7,Cu,False,0.36151637282090676,0.5,1,7
R03_F05,3,5,7,1,Tsol,True,0.511150192511252,0.0,1,1
R03_F05,3,5,7,2,Tage,True,0.474668737747642,0.0,1,2
R03_F05,3,5,7,3,tage,True,0.29663068574660284,0.0,1,3
R03_F05,3,5,7,4,Zn,False,1.0,0.0,1,4
R03_F05,3,5,7,5,Mg,False,0.4733023500979181,0.0,1,5
R03_F05,3,5,7,6,Cu,False,0.3060525375387758,0.0,1,6
R03_F05,3,5,7,7,Fe,False,0.2722013981670636,0.0,1,7
R04_F01,4,1,7,1,Tsol,True,0.5022591901715263,0.0,1,1
R04_F01,4,1,7,2,Tage,True,0.5389150466383356,0.0,1,2
R04_F01,4,1,7,3,tage,True,0.35760451053073233,0.0,1,3
R04_F01,4,1,7,4,Zn,False,1.0,0.0,1,4
R04_F01,4,1,7,5,Mg,False,0.45162197183297836,0.0,1,5
R04_F01,4,1,7,6,Cu,False,0.35240928417149847,0.0,1,6
R04_F01,4,1,7,7,Ti,False,0.24426493688271356,0.0,1,7
R04_F02,4,2,7,1,Tsol,True,0.5365929131149263,0.25,1,1
R04_F02,4,2,7,2,Tage,True,0.41772581933863806,0.25,1,2
R04_F02,4,2,7,3,tage,True,0.19582454371593966,0.25,1,3
R04_F02,4,2,7,4,Zn,False,1.0,0.25,1,4
R04_F02,4,2,7,5,Mg,False,0.5663431786066221,0.25,1,5
R04_F02,4,2,7,6,Cu,False,0.31293147649913,0.25,1,6
R04_F02,4,2,7,7,Ti,False,0.25488025919670176,0.25,1,7
R04_F03,4,3,7,1,Tsol,True,0.6707521736477061,0.25,1,1
R04_F03,4,3,7,2,Tage,True,0.5214818552277922,0.25,1,2
R04_F03,4,3,7,3,tage,True,0.2969303963204057,0.25,1,3
R04_F03,4,3,7,4,Zn,False,1.0,0.25,1,4
R04_F03,4,3,7,5,Mg,False,0.6104250045666156,0.25,1,5
R04_F03,4,3,7,6,Cu,False,0.3693901858597532,0.25,1,6
R04_F03,4,3,7,7,Ti,False,0.3410599296877037,0.25,1,7
R04_F04,4,4,7,1,Tsol,True,0.5647545998798256,0.25,1,1
R04_F04,4,4,7,2,Tage,True,0.38896260815710837,0.25,1,2
R04_F04,4,4,7,3,tage,True,0.17429744618538878,0.25,1,3
R04_F04,4,4,7,4,Zn,False,1.0,0.25,1,4
R04_F04,4,4,7,5,Mg,False,0.525460048216627,0.25,1,5
R04_F04,4,4,7,6,Cu,False,0.28028319031898,0.25,1,6
R04_F04,4,4,7,7,Ti,False,0.2657988585064788,0.25,1,7
R04_F05,4,5,7,1,Tsol,True,0.6704093071287938,0.25,1,1
R04_F05,4,5,7,2,Tage,True,0.5332194765116092,0.25,1,2
R04_F05,4,5,7,3,tage,True,0.2346257975792434,0.25,1,3
R04_F05,4,5,7,4,Zn,False,1.0,0.25,1,4
R04_F05,4,5,7,5,Mg,False,0.5587073794960967,0.25,1,5
R04_F05,4,5,7,6,Cu,False,0.34604932904329394,0.25,1,6
R04_F05,4,5,7,7,Ti,False,0.31722437138607174,0.25,1,7
R05_F01,5,1,7,1,Tsol,True,0.5152121305810505,0.0,1,1
R05_F01,5,1,7,2,Tage,True,0.4304393058491954,0.0,1,2
R05_F01,5,1,7,3,tage,True,0.35255366711454633,0.0,1,3
R05_F01,5,1,7,4,Zn,False,1.0,0.0,1,4
R05_F01,5,1,7,5,Mg,False,0.4676391791950493,0.0,1,5
R05_F01,5,1,7,6,Cu,False,0.3495775651762086,0.0,1,6
R05_F01,5,1,7,7,Zr,False,0.2362216643471768,0.0,1,7
R05_F02,5,2,7,1,Tsol,True,0.5750749317557096,0.25,1,1
R05_F02,5,2,7,2,Tage,True,0.4965396164392598,0.25,1,2
R05_F02,5,2,7,3,tage,True,0.24908438477385467,0.25,1,3
R05_F02,5,2,7,4,Zn,False,1.0,0.25,1,4
R05_F02,5,2,7,5,Mg,False,0.5142406328475102,0.25,1,5
R05_F02,5,2,7,6,Cu,False,0.30653551590039685,0.25,1,6
R05_F02,5,2,7,7,Ti,False,0.30180980447733563,0.25,1,7
R05_F03,5,3,7,1,Tsol,True,0.7105593424819368,0.75,1,1
R05_F03,5,3,7,2,Tage,True,0.43216184348637554,0.75,1,2
R05_F03,5,3,7,3,tage,True,0.08659489444435327,0.75,1,3
R05_F03,5,3,7,4,Zn,False,1.0,0.75,1,4
R05_F03,5,3,7,5,Mg,False,0.791466368696227,0.75,1,5
R05_F03,5,3,7,6,Ti,False,0.4058508080446237,0.75,1,6
R05_F03,5,3,7,7,Si,False,0.3902223268053681,0.75,1,7
R05_F04,5,4,7,1,Tsol,True,0.6029318175719253,0.25,1,1
R05_F04,5,4,7,2,Tage,True,0.49805212577254143,0.25,1,2
R05_F04,5,4,7,3,tage,True,0.2332143381368911,0.25,1,3
R05_F04,5,4,7,4,Zn,False,1.0,0.25,1,4
R05_F04,5,4,7,5,Mg,False,0.5533053323507257,0.25,1,5
R05_F04,5,4,7,6,Cu,False,0.3256268993605756,0.25,1,6
R05_F04,5,4,7,7,Ti,False,0.280677678070714,0.25,1,7
R05_F05,5,5,7,1,Tsol,True,0.5937077559652291,0.25,1,1
R05_F05,5,5,7,2,Tage,True,0.44419486386402063,0.25,1,2
R05_F05,5,5,7,3,tage,True,0.19846210908820835,0.25,1,3
R05_F05,5,5,7,4,Zn,False,1.0,0.25,1,4
R05_F05,5,5,7,5,Mg,False,0.5556415136351587,0.25,1,5
R05_F05,5,5,7,6,Cu,False,0.30749772003148235,0.25,1,6
R05_F05,5,5,7,7,Ti,False,0.2999595891620772,0.25,1,7
R01_F01,1,1,8,1,Tsol,True,0.5134958636481454,0.0,1,1
R01_F01,1,1,8,2,Tage,True,0.48419265741596,0.0,1,2
R01_F01,1,1,8,3,tage,True,0.278386613165626,0.0,1,3
R01_F01,1,1,8,4,Zn,False,1.0,0.0,1,4
R01_F01,1,1,8,5,Mg,False,0.47784066916313134,0.0,1,5
R01_F01,1,1,8,6,Cu,False,0.30767205790786034,0.0,1,6
R01_F01,1,1,8,7,Fe,False,0.22288566629477424,0.0,1,7
R01_F01,1,1,8,8,Ti,False,0.2107038872011689,0.0,1,8
R01_F02,1,2,8,1,Tsol,True,0.44332176633641013,0.0,1,1
R01_F02,1,2,8,2,Tage,True,0.5020519364422101,0.0,1,2
R01_F02,1,2,8,3,tage,True,0.29109052427993615,0.0,1,3
R01_F02,1,2,8,4,Zn,False,1.0,0.0,1,4
R01_F02,1,2,8,5,Mg,False,0.41210516914900147,0.0,1,5
R01_F02,1,2,8,6,Cu,False,0.2941492482536009,0.0,1,6
R01_F02,1,2,8,7,Ti,False,0.1843312425853808,0.0,1,7
R01_F02,1,2,8,8,Fe,False,0.16529398038258453,0.0,1,8
R01_F03,1,3,8,1,Tsol,True,0.48271956606355426,0.0,1,1
R01_F03,1,3,8,2,Tage,True,0.41640239634892856,0.0,1,2
R01_F03,1,3,8,3,tage,True,0.2605582205443694,0.0,1,3
R01_F03,1,3,8,4,Zn,False,1.0,0.0,1,4
R01_F03,1,3,8,5,Mg,False,0.4688616785882789,0.0,1,5
R01_F03,1,3,8,6,Ti,False,0.33704614805153116,0.0,1,6
R01_F03,1,3,8,7,Cu,False,0.31675598992588383,0.0,1,7
R01_F03,1,3,8,8,Fe,False,0.22839706928691408,0.0,1,8
R01_F04,1,4,8,1,Tsol,True,0.5217913300631152,0.0,1,1
R01_F04,1,4,8,2,Tage,True,0.5488465937579065,0.0,1,2
R01_F04,1,4,8,3,tage,True,0.3577790750740917,0.0,1,3
R01_F04,1,4,8,4,Zn,False,1.0,0.0,1,4
R01_F04,1,4,8,5,Mg,False,0.4538943217607033,0.0,1,5
R01_F04,1,4,8,6,Cu,False,0.3823939279642519,0.0,1,6
R01_F04,1,4,8,7,Zr,False,0.23045649912336774,0.0,1,7
R01_F04,1,4,8,8,Ti,False,0.22480557623017186,0.0,1,8
R01_F05,1,5,8,1,Tsol,True,0.810756983047903,1.0,1,1
R01_F05,1,5,8,2,Tage,True,0.35093269116186965,1.0,1,2
R01_F05,1,5,8,3,tage,True,0.0,1.0,1,3
R01_F05,1,5,8,4,Zn,False,1.0,1.0,1,4
R01_F05,1,5,8,5,Mg,False,0.8627371056388407,1.0,1,5
R01_F05,1,5,8,6,Sc,False,0.48258405769488755,1.0,1,6
R01_F05,1,5,8,7,Fe,False,0.4586568386507369,1.0,1,7
R01_F05,1,5,8,8,Ti,False,0.45552395660164824,1.0,1,8
R02_F01,2,1,8,1,Tsol,True,0.513595600564193,0.0,1,1
R02_F01,2,1,8,2,Tage,True,0.47779578899363884,0.0,1,2
R02_F01,2,1,8,3,tage,True,0.3373205741227759,0.0,1,3
R02_F01,2,1,8,4,Zn,False,1.0,0.0,1,4
R02_F01,2,1,8,5,Mg,False,0.4896805661628935,0.0,1,5
R02_F01,2,1,8,6,Ti,False,0.3184400085102931,0.0,1,6
R02_F01,2,1,8,7,Cu,False,0.29885279465354125,0.0,1,7
R02_F01,2,1,8,8,Fe,False,0.2379656975201113,0.0,1,8
R02_F02,2,2,8,1,Tsol,True,0.5163331889516176,0.0,1,1
R02_F02,2,2,8,2,Tage,True,0.5187981025041845,0.0,1,2
R02_F02,2,2,8,3,tage,True,0.3503147078020937,0.0,1,3
R02_F02,2,2,8,4,Zn,False,1.0,0.0,1,4
R02_F02,2,2,8,5,Mg,False,0.4334327370803523,0.0,1,5
R02_F02,2,2,8,6,Cu,False,0.37102396585797076,0.0,1,6
R02_F02,2,2,8,7,Fe,False,0.25480908134967606,0.0,1,7
R02_F02,2,2,8,8,Zr,False,0.240832076374588,0.0,1,8
R02_F03,2,3,8,1,Tsol,True,0.5510451822861291,0.25,1,1
R02_F03,2,3,8,2,Tage,True,0.39045789230236216,0.25,1,2
R02_F03,2,3,8,3,tage,True,0.18937048085259428,0.25,1,3
R02_F03,2,3,8,4,Zn,False,1.0,0.25,1,4
R02_F03,2,3,8,5,Mg,False,0.521235566258515,0.25,1,5
R02_F03,2,3,8,6,Cu,False,0.32998444638190866,0.25,1,6
R02_F03,2,3,8,7,Ti,False,0.30928285229513225,0.25,1,7
R02_F03,2,3,8,8,Fe,False,0.2708035762792475,0.25,1,8
R02_F04,2,4,8,1,Tsol,True,0.5910458854065818,0.25,1,1
R02_F04,2,4,8,2,Tage,True,0.5221083671976645,0.25,1,2
R02_F04,2,4,8,3,tage,True,0.24905697597108933,0.25,1,3
R02_F04,2,4,8,4,Zn,False,1.0,0.25,1,4
R02_F04,2,4,8,5,Mg,False,0.5463783506060146,0.25,1,5
R02_F04,2,4,8,6,Cu,False,0.32981928295817947,0.25,1,6
R02_F04,2,4,8,7,Ti,False,0.30665441380095476,0.25,1,7
R02_F04,2,4,8,8,Zr,False,0.24955441873946121,0.25,1,8
R02_F05,2,5,8,1,Tsol,True,0.8198813572180262,1.0,1,1
R02_F05,2,5,8,2,Tage,True,0.5012302159231773,1.0,1,2
R02_F05,2,5,8,3,tage,True,0.0,1.0,1,3
R02_F05,2,5,8,4,Zn,False,1.0,1.0,1,4
R02_F05,2,5,8,5,Mg,False,0.8657883324869029,1.0,1,5
R02_F05,2,5,8,6,Ti,False,0.457012770292652,1.0,1,6
R02_F05,2,5,8,7,Si,False,0.4418993440835827,1.0,1,7
R02_F05,2,5,8,8,Sc,False,0.40843249228177064,1.0,1,8
R03_F01,3,1,8,1,Tsol,True,0.550987528371025,0.25,1,1
R03_F01,3,1,8,2,Tage,True,0.41958340871468575,0.25,1,2
R03_F01,3,1,8,3,tage,True,0.2096772074355151,0.25,1,3
R03_F01,3,1,8,4,Zn,False,1.0,0.25,1,4
R03_F01,3,1,8,5,Mg,False,0.509883115886623,0.25,1,5
R03_F01,3,1,8,6,Cu,False,0.32289755487569055,0.25,1,6
R03_F01,3,1,8,7,Fe,False,0.25872827190054326,0.25,1,7
R03_F01,3,1,8,8,Ti,False,0.23782089487689106,0.25,1,8
R03_F02,3,2,8,1,Tsol,True,0.6704319984867595,0.75,1,1
R03_F02,3,2,8,2,Tage,True,0.4099430558057521,0.75,1,2
R03_F02,3,2,8,3,tage,True,0.06880299735380781,0.75,1,3
R03_F02,3,2,8,4,Zn,False,1.0,0.75,1,4
R03_F02,3,2,8,5,Mg,False,0.7470429841859629,0.75,1,5
R03_F02,3,2,8,6,Ti,False,0.3721780179112897,0.75,1,6
R03_F02,3,2,8,7,Fe,False,0.35675638563149675,0.75,1,7
R03_F02,3,2,8,8,Si,False,0.33177483544008163,0.75,1,8
R03_F03,3,3,8,1,Tsol,True,0.5193917509611272,0.0,1,1
R03_F03,3,3,8,2,Tage,True,0.5202467506243533,0.0,1,2
R03_F03,3,3,8,3,tage,True,0.3183160169051823,0.0,1,3
R03_F03,3,3,8,4,Zn,False,1.0,0.0,1,4
R03_F03,3,3,8,5,Mg,False,0.39720894544837376,0.0,1,5
R03_F03,3,3,8,6,Cu,False,0.29193443310031114,0.0,1,6
R03_F03,3,3,8,7,Ti,False,0.24162108706141994,0.0,1,7
R03_F03,3,3,8,8,Zr,False,0.1923237112809195,0.0,1,8
R03_F04,3,4,8,1,Tsol,True,0.6031333794171013,0.0,1,1
R03_F04,3,4,8,2,Tage,True,0.547637852192866,0.0,1,2
R03_F04,3,4,8,3,tage,True,0.35083384033350895,0.0,1,3
R03_F04,3,4,8,4,Zn,False,1.0,0.0,1,4
R03_F04,3,4,8,5,Mg,False,0.5010262579372777,0.0,1,5
R03_F04,3,4,8,6,Cu,False,0.42949467216878884,0.0,1,6
R03_F04,3,4,8,7,Ti,False,0.2805571854151015,0.0,1,7
R03_F04,3,4,8,8,Zr,False,0.22394966625761326,0.0,1,8
R03_F05,3,5,8,1,Tsol,True,0.5777316605053209,0.25,1,1
R03_F05,3,5,8,2,Tage,True,0.4634655774455765,0.25,1,2
R03_F05,3,5,8,3,tage,True,0.22247301430995214,0.25,1,3
R03_F05,3,5,8,4,Zn,False,1.0,0.25,1,4
R03_F05,3,5,8,5,Mg,False,0.5668970509396735,0.25,1,5
R03_F05,3,5,8,6,Fe,False,0.3173215777570432,0.25,1,6
R03_F05,3,5,8,7,Ti,False,0.30993995413030756,0.25,1,7
R03_F05,3,5,8,8,Cu,False,0.2983710273651705,0.25,1,8
R04_F01,4,1,8,1,Tsol,True,0.5633022103244046,0.25,1,1
R04_F01,4,1,8,2,Tage,True,0.5038618075718828,0.25,1,2
R04_F01,4,1,8,3,tage,True,0.26820338289804924,0.25,1,3
R04_F01,4,1,8,4,Zn,False,1.0,0.25,1,4
R04_F01,4,1,8,5,Mg,False,0.5458728100391066,0.25,1,5
R04_F01,4,1,8,6,Cu,False,0.3469771203977599,0.25,1,6
R04_F01,4,1,8,7,Ti,False,0.30596106752912405,0.25,1,7
R04_F01,4,1,8,8,Fe,False,0.2794786521946637,0.25,1,8
R04_F02,4,2,8,1,Tsol,True,0.6012809304498736,0.5,1,1
R04_F02,4,2,8,2,Tage,True,0.44472168743121065,0.5,1,2
R04_F02,4,2,8,3,tage,True,0.13054969581062645,0.5,1,3
R04_F02,4,2,8,4,Zn,False,1.0,0.5,1,4
R04_F02,4,2,8,5,Mg,False,0.6602713433898046,0.5,1,5
R04_F02,4,2,8,6,Cu,False,0.3184974381110471,0.5,1,6
R04_F02,4,2,8,7,Ti,False,0.3006780991157764,0.5,1,7
R04_F02,4,2,8,8,Si,False,0.2894627852401635,0.5,1,8
R04_F03,4,3,8,1,Tsol,True,0.6141101999803606,0.0,1,1
R04_F03,4,3,8,2,Tage,True,0.5635795081570761,0.0,1,2
R04_F03,4,3,8,3,tage,True,0.39590719509387423,0.0,1,3
R04_F03,4,3,8,4,Zn,False,1.0,0.0,1,4
R04_F03,4,3,8,5,Mg,False,0.5250231433176534,0.0,1,5
R04_F03,4,3,8,6,Cu,False,0.391441185260272,0.0,1,6
R04_F03,4,3,8,7,Ti,False,0.2893293445902875,0.0,1,7
R04_F03,4,3,8,8,Fe,False,0.2488682515307951,0.0,1,8
R04_F04,4,4,8,1,Tsol,True,0.5647545998798256,0.25,1,1
R04_F04,4,4,8,2,Tage,True,0.38896260815710837,0.25,1,2
R04_F04,4,4,8,3,tage,True,0.17429744618538878,0.25,1,3
R04_F04,4,4,8,4,Zn,False,1.0,0.25,1,4
R04_F04,4,4,8,5,Mg,False,0.525460048216627,0.25,1,5
R04_F04,4,4,8,6,Cu,False,0.28028319031898,0.25,1,6
R04_F04,4,4,8,7,Ti,False,0.2657988585064788,0.25,1,7
R04_F04,4,4,8,8,Zr,False,0.24587511387861086,0.25,1,8
R04_F05,4,5,8,1,Tsol,True,0.6704093071287938,0.25,1,1
R04_F05,4,5,8,2,Tage,True,0.5332194765116092,0.25,1,2
R04_F05,4,5,8,3,tage,True,0.2346257975792434,0.25,1,3
R04_F05,4,5,8,4,Zn,False,1.0,0.25,1,4
R04_F05,4,5,8,5,Mg,False,0.5587073794960967,0.25,1,5
R04_F05,4,5,8,6,Cu,False,0.34604932904329394,0.25,1,6
R04_F05,4,5,8,7,Ti,False,0.31722437138607174,0.25,1,7
R04_F05,4,5,8,8,Zr,False,0.27206339042291644,0.25,1,8
R05_F01,5,1,8,1,Tsol,True,0.6488701774305103,0.5,1,1
R05_F01,5,1,8,2,Tage,True,0.4220042272722251,0.5,1,2
R05_F01,5,1,8,3,tage,True,0.17627683355727317,0.5,1,3
R05_F01,5,1,8,4,Zn,False,1.0,0.5,1,4
R05_F01,5,1,8,5,Mg,False,0.6481745355460055,0.5,1,5
R05_F01,5,1,8,6,Ti,False,0.33996157973924207,0.5,1,6
R05_F01,5,1,8,7,Cu,False,0.32785708096938315,0.5,1,7
R05_F01,5,1,8,8,Fe,False,0.3217245096605096,0.5,1,8
R05_F02,5,2,8,1,Tsol,True,0.5750749317557096,0.25,1,1
R05_F02,5,2,8,2,Tage,True,0.4965396164392598,0.25,1,2
R05_F02,5,2,8,3,tage,True,0.24908438477385467,0.25,1,3
R05_F02,5,2,8,4,Zn,False,1.0,0.25,1,4
R05_F02,5,2,8,5,Mg,False,0.5142406328475102,0.25,1,5
R05_F02,5,2,8,6,Cu,False,0.30653551590039685,0.25,1,6
R05_F02,5,2,8,7,Ti,False,0.30180980447733563,0.25,1,7
R05_F02,5,2,8,8,Fe,False,0.26306917323125956,0.25,1,8
R05_F03,5,3,8,1,Tsol,True,0.5362999194593941,0.0,1,1
R05_F03,5,3,8,2,Tage,True,0.552401321964656,0.0,1,2
R05_F03,5,3,8,3,tage,True,0.3463795777774131,0.0,1,3
R05_F03,5,3,8,4,Zn,False,1.0,0.0,1,4
R05_F03,5,3,8,5,Mg,False,0.5404369126694714,0.0,1,5
R05_F03,5,3,8,6,Cu,False,0.36297532713572495,0.0,1,6
R05_F03,5,3,8,7,Ti,False,0.26722843700788473,0.0,1,7
R05_F03,5,3,8,8,Fe,False,0.20447550053306454,0.0,1,8
R05_F04,5,4,8,1,Tsol,True,0.6029318175719253,0.25,1,1
R05_F04,5,4,8,2,Tage,True,0.49805212577254143,0.25,1,2
R05_F04,5,4,8,3,tage,True,0.2332143381368911,0.25,1,3
R05_F04,5,4,8,4,Zn,False,1.0,0.25,1,4
R05_F04,5,4,8,5,Mg,False,0.5533053323507257,0.25,1,5
R05_F04,5,4,8,6,Cu,False,0.3256268993605756,0.25,1,6
R05_F04,5,4,8,7,Ti,False,0.280677678070714,0.25,1,7
R05_F04,5,4,8,8,Zr,False,0.2600970503174265,0.25,1,8
R05_F05,5,5,8,1,Tsol,True,0.5937077559652291,0.25,1,1
R05_F05,5,5,8,2,Tage,True,0.44419486386402063,0.25,1,2
R05_F05,5,5,8,3,tage,True,0.19846210908820835,0.25,1,3
R05_F05,5,5,8,4,Zn,False,1.0,0.25,1,4
R05_F05,5,5,8,5,Mg,False,0.5556415136351587,0.25,1,5
R05_F05,5,5,8,6,Cu,False,0.30749772003148235,0.25,1,6
R05_F05,5,5,8,7,Ti,False,0.2999595891620772,0.25,1,7
R05_F05,5,5,8,8,Fe,False,0.2977379613235306,0.25,1,8
R01_F01,1,1,9,1,Tsol,True,0.5134958636481454,0.0,1,1
R01_F01,1,1,9,2,Tage,True,0.48419265741596,0.0,1,2
R01_F01,1,1,9,3,tage,True,0.278386613165626,0.0,1,3
R01_F01,1,1,9,4,Zn,False,1.0,0.0,1,4
R01_F01,1,1,9,5,Mg,False,0.47784066916313134,0.0,1,5
R01_F01,1,1,9,6,Cu,False,0.30767205790786034,0.0,1,6
R01_F01,1,1,9,7,Fe,False,0.22288566629477424,0.0,1,7
R01_F01,1,1,9,8,Ti,False,0.2107038872011689,0.0,1,8
R01_F01,1,1,9,9,Zr,False,0.18214447781769108,0.0,1,9
R01_F02,1,2,9,1,Tsol,True,0.6119658359043367,0.5,1,1
R01_F02,1,2,9,2,Tage,True,0.4557448895622639,0.5,1,2
R01_F02,1,2,9,3,tage,True,0.14554526213996807,0.5,1,3
R01_F02,1,2,9,4,Zn,False,1.0,0.5,1,4
R01_F02,1,2,9,5,Mg,False,0.6258432320530664,0.5,1,5
R01_F02,1,2,9,6,Cu,False,0.3094158384841703,0.5,1,6
R01_F02,1,2,9,7,Ti,False,0.3066758540417358,0.5,1,7
R01_F02,1,2,9,8,Fe,False,0.2899708006013465,0.5,1,8
R01_F02,1,2,9,9,Si,False,0.27803309979033175,0.5,1,9
R01_F03,1,3,9,1,Tsol,True,0.48271956606355426,0.0,1,1
R01_F03,1,3,9,2,Tage,True,0.41640239634892856,0.0,1,2
R01_F03,1,3,9,3,tage,True,0.2605582205443694,0.0,1,3
R01_F03,1,3,9,4,Zn,False,1.0,0.0,1,4
R01_F03,1,3,9,5,Mg,False,0.4688616785882789,0.0,1,5
R01_F03,1,3,9,6,Ti,False,0.33704614805153116,0.0,1,6
R01_F03,1,3,9,7,Cu,False,0.31675598992588383,0.0,1,7
R01_F03,1,3,9,8,Fe,False,0.22839706928691408,0.0,1,8
R01_F03,1,3,9,9,Zr,False,0.18102312554792632,0.0,1,9
R01_F04,1,4,9,1,Tsol,True,0.6496925163747844,0.5,1,1
R01_F04,1,4,9,2,Tage,True,0.47035119578239626,0.5,1,2
R01_F04,1,4,9,3,tage,True,0.17888953753704584,0.5,1,3
R01_F04,1,4,9,4,Zn,False,1.0,0.5,1,4
R01_F04,1,4,9,5,Mg,False,0.6517322020136376,0.5,1,5
R01_F04,1,4,9,6,Ti,False,0.33103489121946605,0.5,1,6
R01_F04,1,4,9,7,Cu,False,0.32431566030646697,0.5,1,7
R01_F04,1,4,9,8,Zr,False,0.30160587980109943,0.5,1,8
R01_F04,1,4,9,9,Fe,False,0.27873397310218495,0.5,1,9
R01_F05,1,5,9,1,Tsol,True,0.5161313849325916,0.0,1,1
R01_F05,1,5,9,2,Tage,True,0.46812963514725414,0.0,1,2
R01_F05,1,5,9,3,tage,True,0.30194109237254035,0.0,1,3
R01_F05,1,5,9,4,Zn,False,1.0,0.0,1,4
R01_F05,1,5,9,5,Mg,False,0.4859842163248759,0.0,1,5
R01_F05,1,5,9,6,Cu,False,0.3674648839750202,0.0,1,6
R01_F05,1,5,9,7,Ti,False,0.28262725650958137,0.0,1,7
R01_F05,1,5,9,8,Fe,False,0.2331350576120491,0.0,1,8
R01_F05,1,5,9,9,Zr,False,0.20482470069438755,0.0,1,9
R02_F01,2,1,9,1,Tsol,True,0.513595600564193,0.0,1,1
R02_F01,2,1,9,2,Tage,True,0.47779578899363884,0.0,1,2
R02_F01,2,1,9,3,tage,True,0.3373205741227759,0.0,1,3
R02_F01,2,1,9,4,Zn,False,1.0,0.0,1,4
R02_F01,2,1,9,5,Mg,False,0.4896805661628935,0.0,1,5
R02_F01,2,1,9,6,Ti,False,0.3184400085102931,0.0,1,6
R02_F01,2,1,9,7,Cu,False,0.29885279465354125,0.0,1,7
R02_F01,2,1,9,8,Fe,False,0.2379656975201113,0.0,1,8
R02_F01,2,1,9,9,Zr,False,0.1830314629234134,0.0,1,9
R02_F02,2,2,9,1,Tsol,True,0.5808802864211686,0.25,1,1
R02_F02,2,2,9,2,Tage,True,0.48662926756934044,0.25,1,2
R02_F02,2,2,9,3,tage,True,0.26273603085157027,0.25,1,3
R02_F02,2,2,9,4,Zn,False,1.0,0.25,1,4
R02_F02,2,2,9,5,Mg,False,0.5308492267046515,0.25,1,5
R02_F02,2,2,9,6,Cu,False,0.34647272658906864,0.25,1,6
R02_F02,2,2,9,7,Fe,False,0.2936871870508811,0.25,1,7
R02_F02,2,2,9,8,Ti,False,0.27466295633194404,0.25,1,8
R02_F02,2,2,9,9,Zr,False,0.2644980046102834,0.25,1,9
R02_F03,2,3,9,1,Tsol,True,0.5510451822861291,0.25,1,1
R02_F03,2,3,9,2,Tage,True,0.39045789230236216,0.25,1,2
R02_F03,2,3,9,3,tage,True,0.18937048085259428,0.25,1,3
R02_F03,2,3,9,4,Zn,False,1.0,0.25,1,4
R02_F03,2,3,9,5,Mg,False,0.521235566258515,0.25,1,5
R02_F03,2,3,9,6,Cu,False,0.32998444638190866,0.25,1,6
R02_F03,2,3,9,7,Ti,False,0.30928285229513225,0.25,1,7
R02_F03,2,3,9,8,Fe,False,0.2708035762792475,0.25,1,8
R02_F03,2,3,9,9,Zr,False,0.23978169071613104,0.25,1,9
R02_F04,2,4,9,1,Tsol,True,0.5910458854065818,0.25,1,1
R02_F04,2,4,9,2,Tage,True,0.5221083671976645,0.25,1,2
R02_F04,2,4,9,3,tage,True,0.24905697597108933,0.25,1,3
R02_F04,2,4,9,4,Zn,False,1.0,0.25,1,4
R02_F04,2,4,9,5,Mg,False,0.5463783506060146,0.25,1,5
R02_F04,2,4,9,6,Cu,False,0.32981928295817947,0.25,1,6
R02_F04,2,4,9,7,Ti,False,0.30665441380095476,0.25,1,7
R02_F04,2,4,9,8,Zr,False,0.24955441873946121,0.25,1,8
R02_F04,2,4,9,9,Fe,False,0.23146544778576905,0.25,1,9
R02_F05,2,5,9,1,Tsol,True,0.7242662039839208,0.75,1,1
R02_F05,2,5,9,2,Tage,True,0.48957708932475186,0.75,1,2
R02_F05,2,5,9,3,tage,True,0.0713797467768738,0.75,1,3
R02_F05,2,5,9,4,Zn,False,1.0,0.75,1,4
R02_F05,2,5,9,5,Mg,False,0.7622901908010594,0.75,1,5
R02_F05,2,5,9,6,Ti,False,0.38123110332615734,0.75,1,6
R02_F05,2,5,9,7,Si,False,0.3612662550337767,0.75,1,7
R02_F05,2,5,9,8,Cu,False,0.3566819125833077,0.75,1,8
R02_F05,2,5,9,9,Sc,False,0.32747156608878136,0.75,1,9
R03_F01,3,1,9,1,Tsol,True,0.7051652638858099,0.75,1,1
R03_F01,3,1,9,2,Tage,True,0.4244015916269287,0.75,1,2
R03_F01,3,1,9,3,tage,True,0.06989240247850503,0.75,1,3
R03_F01,3,1,9,4,Zn,False,1.0,0.75,1,4
R03_F01,3,1,9,5,Mg,False,0.7354613953616355,0.75,1,5
R03_F01,3,1,9,6,Fe,False,0.3735807846979446,0.75,1,6
R03_F01,3,1,9,7,Ti,False,0.3730870821644521,0.75,1,7
R03_F01,3,1,9,8,Si,False,0.35822055845664513,0.75,1,8
R03_F01,3,1,9,9,Sc,False,0.342002855127816,0.75,1,9
R03_F02,3,2,9,1,Tsol,True,0.598037335589348,0.5,1,1
R03_F02,3,2,9,2,Tage,True,0.4223160023261326,0.5,1,2
R03_F02,3,2,9,3,tage,True,0.13760599470761561,0.5,1,3
R03_F02,3,2,9,4,Zn,False,1.0,0.5,1,4
R03_F02,3,2,9,5,Mg,False,0.6498482449265699,0.5,1,5
R03_F02,3,2,9,6,Ti,False,0.32348265794175857,0.5,1,6
R03_F02,3,2,9,7,Fe,False,0.31046032293289244,0.5,1,7
R03_F02,3,2,9,8,Cu,False,0.28665483848372497,0.5,1,8
R03_F02,3,2,9,9,Si,False,0.2607660479678196,0.5,1,9
R03_F03,3,3,9,1,Tsol,True,0.5193917509611272,0.0,1,1
R03_F03,3,3,9,2,Tage,True,0.5202467506243533,0.0,1,2
R03_F03,3,3,9,3,tage,True,0.3183160169051823,0.0,1,3
R03_F03,3,3,9,4,Zn,False,1.0,0.0,1,4
R03_F03,3,3,9,5,Mg,False,0.39720894544837376,0.0,1,5
R03_F03,3,3,9,6,Cu,False,0.29193443310031114,0.0,1,6
R03_F03,3,3,9,7,Ti,False,0.24162108706141994,0.0,1,7
R03_F03,3,3,9,8,Zr,False,0.1923237112809195,0.0,1,8
R03_F03,3,3,9,9,Fe,False,0.1777829600492031,0.0,1,9
R03_F04,3,4,9,1,Tsol,True,0.6031333794171013,0.0,1,1
R03_F04,3,4,9,2,Tage,True,0.547637852192866,0.0,1,2
R03_F04,3,4,9,3,tage,True,0.35083384033350895,0.0,1,3
R03_F04,3,4,9,4,Zn,False,1.0,0.0,1,4
R03_F04,3,4,9,5,Mg,False,0.5010262579372777,0.0,1,5
R03_F04,3,4,9,6,Cu,False,0.42949467216878884,0.0,1,6
R03_F04,3,4,9,7,Ti,False,0.2805571854151015,0.0,1,7
R03_F04,3,4,9,8,Zr,False,0.22394966625761326,0.0,1,8
R03_F04,3,4,9,9,Fe,False,0.2050758247942751,0.0,1,9
R03_F05,3,5,9,1,Tsol,True,0.5777316605053209,0.25,1,1
R03_F05,3,5,9,2,Tage,True,0.4634655774455765,0.25,1,2
R03_F05,3,5,9,3,tage,True,0.22247301430995214,0.25,1,3
R03_F05,3,5,9,4,Zn,False,1.0,0.25,1,4
R03_F05,3,5,9,5,Mg,False,0.5668970509396735,0.25,1,5
R03_F05,3,5,9,6,Fe,False,0.3173215777570432,0.25,1,6
R03_F05,3,5,9,7,Ti,False,0.30993995413030756,0.25,1,7
R03_F05,3,5,9,8,Cu,False,0.2983710273651705,0.25,1,8
R03_F05,3,5,9,9,Zr,False,0.25138274938251587,0.25,1,9
R04_F01,4,1,9,1,Tsol,True,0.5633022103244046,0.25,1,1
R04_F01,4,1,9,2,Tage,True,0.5038618075718828,0.25,1,2
R04_F01,4,1,9,3,tage,True,0.26820338289804924,0.25,1,3
R04_F01,4,1,9,4,Zn,False,1.0,0.25,1,4
R04_F01,4,1,9,5,Mg,False,0.5458728100391066,0.25,1,5
R04_F01,4,1,9,6,Cu,False,0.3469771203977599,0.25,1,6
R04_F01,4,1,9,7,Ti,False,0.30596106752912405,0.25,1,7
R04_F01,4,1,9,8,Fe,False,0.2794786521946637,0.25,1,8
R04_F01,4,1,9,9,Si,False,0.22066018348030528,0.25,1,9
R04_F02,4,2,9,1,Tsol,True,0.6012809304498736,0.5,1,1
R04_F02,4,2,9,2,Tage,True,0.44472168743121065,0.5,1,2
R04_F02,4,2,9,3,tage,True,0.13054969581062645,0.5,1,3
R04_F02,4,2,9,4,Zn,False,1.0,0.5,1,4
R04_F02,4,2,9,5,Mg,False,0.6602713433898046,0.5,1,5
R04_F02,4,2,9,6,Cu,False,0.3184974381110471,0.5,1,6
R04_F02,4,2,9,7,Ti,False,0.3006780991157764,0.5,1,7
R04_F02,4,2,9,8,Si,False,0.2894627852401635,0.5,1,8
R04_F02,4,2,9,9,Fe,False,0.27097258055767476,0.5,1,9
R04_F03,4,3,9,1,Tsol,True,0.6707521736477061,0.25,1,1
R04_F03,4,3,9,2,Tage,True,0.5214818552277922,0.25,1,2
R04_F03,4,3,9,3,tage,True,0.2969303963204057,0.25,1,3
R04_F03,4,3,9,4,Zn,False,1.0,0.25,1,4
R04_F03,4,3,9,5,Mg,False,0.6104250045666156,0.25,1,5
R04_F03,4,3,9,6,Cu,False,0.3693901858597532,0.25,1,6
R04_F03,4,3,9,7,Ti,False,0.3410599296877037,0.25,1,7
R04_F03,4,3,9,8,Fe,False,0.2992383982364291,0.25,1,8
R04_F03,4,3,9,9,Zr,False,0.2909387435254043,0.25,1,9
R04_F04,4,4,9,1,Tsol,True,0.4940376961758459,0.0,1,1
R04_F04,4,4,9,2,Tage,True,0.405872446726942,0.0,1,2
R04_F04,4,4,9,3,tage,True,0.23239659491385173,0.0,1,3
R04_F04,4,4,9,4,Zn,False,1.0,0.0,1,4
R04_F04,4,4,9,5,Mg,False,0.4222149268792067,0.0,1,5
R04_F04,4,4,9,6,Cu,False,0.28954920148617913,0.0,1,6
R04_F04,4,4,9,7,Ti,False,0.20134122370705082,0.0,1,7
R04_F04,4,4,9,8,Zr,False,0.19719828962888086,0.0,1,8
R04_F04,4,4,9,9,Fe,False,0.16236255714776693,0.0,1,9
R04_F05,4,5,9,1,Tsol,True,0.6704093071287938,0.25,1,1
R04_F05,4,5,9,2,Tage,True,0.5332194765116092,0.25,1,2
R04_F05,4,5,9,3,tage,True,0.2346257975792434,0.25,1,3
R04_F05,4,5,9,4,Zn,False,1.0,0.25,1,4
R04_F05,4,5,9,5,Mg,False,0.5587073794960967,0.25,1,5
R04_F05,4,5,9,6,Cu,False,0.34604932904329394,0.25,1,6
R04_F05,4,5,9,7,Ti,False,0.31722437138607174,0.25,1,7
R04_F05,4,5,9,8,Zr,False,0.27206339042291644,0.25,1,8
R04_F05,4,5,9,9,Fe,False,0.24827777801007186,0.25,1,9
R05_F01,5,1,9,1,Tsol,True,0.5820411540057805,0.25,1,1
R05_F01,5,1,9,2,Tage,True,0.4262217665607102,0.25,1,2
R05_F01,5,1,9,3,tage,True,0.26441525033590974,0.25,1,3
R05_F01,5,1,9,4,Zn,False,1.0,0.25,1,4
R05_F01,5,1,9,5,Mg,False,0.5579068573705274,0.25,1,5
R05_F01,5,1,9,6,Cu,False,0.3387173230727959,0.25,1,6
R05_F01,5,1,9,7,Zr,False,0.27894734115848097,0.25,1,7
R05_F01,5,1,9,8,Ti,False,0.27646505914844616,0.25,1,8
R05_F01,5,1,9,9,Fe,False,0.2657297603325597,0.25,1,9
R05_F02,5,2,9,1,Tsol,True,0.5750749317557096,0.25,1,1
R05_F02,5,2,9,2,Tage,True,0.4965396164392598,0.25,1,2
R05_F02,5,2,9,3,tage,True,0.24908438477385467,0.25,1,3
R05_F02,5,2,9,4,Zn,False,1.0,0.25,1,4
R05_F02,5,2,9,5,Mg,False,0.5142406328475102,0.25,1,5
R05_F02,5,2,9,6,Cu,False,0.30653551590039685,0.25,1,6
R05_F02,5,2,9,7,Ti,False,0.30180980447733563,0.25,1,7
R05_F02,5,2,9,8,Fe,False,0.26306917323125956,0.25,1,8
R05_F02,5,2,9,9,Si,False,0.19783212043117104,0.25,1,9
R05_F03,5,3,9,1,Tsol,True,0.5943863938002417,0.25,1,1
R05_F03,5,3,9,2,Tage,True,0.5123214958052291,0.25,1,2
R05_F03,5,3,9,3,tage,True,0.2597846833330598,0.25,1,3
R05_F03,5,3,9,4,Zn,False,1.0,0.25,1,4
R05_F03,5,3,9,5,Mg,False,0.6241133980117233,0.25,1,5
R05_F03,5,3,9,6,Cu,False,0.3462404561540716,0.25,1,6
R05_F03,5,3,9,7,Ti,False,0.31343589402013106,0.25,1,7
R05_F03,5,3,9,8,Fe,False,0.26326752711250423,0.25,1,8
R05_F03,5,3,9,9,Si,False,0.2314706981824212,0.25,1,9
R05_F04,5,4,9,1,Tsol,True,0.6029318175719253,0.25,1,1
R05_F04,5,4,9,2,Tage,True,0.49805212577254143,0.25,1,2
R05_F04,5,4,9,3,tage,True,0.2332143381368911,0.25,1,3
R05_F04,5,4,9,4,Zn,False,1.0,0.25,1,4
R05_F04,5,4,9,5,Mg,False,0.5533053323507257,0.25,1,5
R05_F04,5,4,9,6,Cu,False,0.3256268993605756,0.25,1,6
R05_F04,5,4,9,7,Ti,False,0.280677678070714,0.25,1,7
R05_F04,5,4,9,8,Zr,False,0.2600970503174265,0.25,1,8
R05_F04,5,4,9,9,Fe,False,0.229797737846674,0.25,1,9
R05_F05,5,5,9,1,Tsol,True,0.5937077559652291,0.25,1,1
R05_F05,5,5,9,2,Tage,True,0.44419486386402063,0.25,1,2
R05_F05,5,5,9,3,tage,True,0.19846210908820835,0.25,1,3
R05_F05,5,5,9,4,Zn,False,1.0,0.25,1,4
R05_F05,5,5,9,5,Mg,False,0.5556415136351587,0.25,1,5
R05_F05,5,5,9,6,Cu,False,0.30749772003148235,0.25,1,6
R05_F05,5,5,9,7,Ti,False,0.2999595891620772,0.25,1,7
R05_F05,5,5,9,8,Fe,False,0.2977379613235306,0.25,1,8
R05_F05,5,5,9,9,Zr,False,0.27054497200790834,0.25,1,9
R01_F01,1,1,10,1,Tsol,True,0.6476154138558118,0.5,1,1
R01_F01,1,1,10,2,Tage,True,0.4285307731653957,0.5,1,2
R01_F01,1,1,10,3,tage,True,0.139193306582813,0.5,1,3
R01_F01,1,1,10,4,Zn,False,1.0,0.5,1,4
R01_F01,1,1,10,5,Mg,False,0.6608986044525014,0.5,1,5
R01_F01,1,1,10,6,Ti,False,0.320122375589036,0.5,1,6
R01_F01,1,1,10,7,Cu,False,0.2993618168350263,0.5,1,7
R01_F01,1,1,10,8,Fe,False,0.2901367696413761,0.5,1,8
R01_F01,1,1,10,9,Si,False,0.27108890522413653,0.5,1,9
R01_F01,1,1,10,10,Sc,False,0.24416448534787066,0.5,1,10
R01_F02,1,2,10,1,Tsol,True,0.6119658359043367,0.5,1,1
R01_F02,1,2,10,2,Tage,True,0.4557448895622639,0.5,1,2
R01_F02,1,2,10,3,tage,True,0.14554526213996807,0.5,1,3
R01_F02,1,2,10,4,Zn,False,1.0,0.5,1,4
R01_F02,1,2,10,5,Mg,False,0.6258432320530664,0.5,1,5
R01_F02,1,2,10,6,Cu,False,0.3094158384841703,0.5,1,6
R01_F02,1,2,10,7,Ti,False,0.3066758540417358,0.5,1,7
R01_F02,1,2,10,8,Fe,False,0.2899708006013465,0.5,1,8
R01_F02,1,2,10,9,Si,False,0.27803309979033175,0.5,1,9
R01_F02,1,2,10,10,Sc,False,0.24205951142671747,0.5,1,10
R01_F03,1,3,10,1,Tsol,True,0.6426615187499387,0.5,1,1
R01_F03,1,3,10,2,Tage,True,0.4236605575263259,0.5,1,2
R01_F03,1,3,10,3,tage,True,0.1302791102721847,0.5,1,3
R01_F03,1,3,10,4,Zn,False,1.0,0.5,1,4
R01_F03,1,3,10,5,Mg,False,0.6605394057262333,0.5,1,5
R01_F03,1,3,10,6,Ti,False,0.4234254606553153,0.5,1,6
R01_F03,1,3,10,7,Fe,False,0.33101589241559753,0.5,1,7
R01_F03,1,3,10,8,Cu,False,0.32318540789610795,0.5,1,8
R01_F03,1,3,10,9,Zr,False,0.2951759724679013,0.5,1,9
R01_F03,1,3,10,10,Sc,False,0.28322256567853077,0.5,1,10
R01_F04,1,4,10,1,Tsol,True,0.5857419232189498,0.25,1,1
R01_F04,1,4,10,2,Tage,True,0.5095988947701513,0.25,1,2
R01_F04,1,4,10,3,tage,True,0.26833430630556876,0.25,1,3
R01_F04,1,4,10,4,Zn,False,1.0,0.25,1,4
R01_F04,1,4,10,5,Mg,False,0.5528132618871704,0.25,1,5
R01_F04,1,4,10,6,Cu,False,0.3533547941353595,0.25,1,6
R01_F04,1,4,10,7,Ti,False,0.277920233724819,0.25,1,7
R01_F04,1,4,10,8,Zr,False,0.2660311894622336,0.25,1,8
R01_F04,1,4,10,9,Fe,False,0.2254343900162642,0.25,1,9
R01_F04,1,4,10,10,Si,False,0.19384228627536554,0.25,1,10
R01_F05,1,5,10,1,Tsol,True,0.7371005835190751,0.75,1,1
R01_F05,1,5,10,2,Tage,True,0.38023192715821574,0.75,1,2
R01_F05,1,5,10,3,tage,True,0.07548527309313509,0.75,1,3
R01_F05,1,5,10,4,Zn,False,1.0,0.75,1,4
R01_F05,1,5,10,5,Mg,False,0.7685488833103494,0.75,1,5
R01_F05,1,5,10,6,Ti,False,0.4122997815786315,0.75,1,6
R01_F05,1,5,10,7,Fe,False,0.402276393391065,0.75,1,7
R01_F05,1,5,10,8,Sc,False,0.38351266002065443,0.75,1,8
R01_F05,1,5,10,9,Si,False,0.34076676937982214,0.75,1,9
R01_F05,1,5,10,10,Zr,False,0.325275572649057,0.75,1,10
R02_F01,2,1,10,1,Tsol,True,0.5737162132010319,0.25,1,1
R02_F01,2,1,10,2,Tage,True,0.4373048472498781,0.25,1,2
R02_F01,2,1,10,3,tage,True,0.2529904305920819,0.25,1,3
R02_F01,2,1,10,4,Zn,False,1.0,0.25,1,4
R02_F01,2,1,10,5,Mg,False,0.5811271766183195,0.25,1,5
R02_F01,2,1,10,6,Ti,False,0.3607048649315158,0.25,1,6
R02_F01,2,1,10,7,Fe,False,0.2842863655849408,0.25,1,7
R02_F01,2,1,10,8,Cu,False,0.2824682343646491,0.25,1,8
R02_F01,2,1,10,9,Zr,False,0.2195423841237356,0.25,1,9
R02_F01,2,1,10,10,Si,False,0.2140800352485145,0.25,1,10
R02_F02,2,2,10,1,Tsol,True,0.5808802864211686,0.25,1,1
R02_F02,2,2,10,2,Tage,True,0.48662926756934044,0.25,1,2
R02_F02,2,2,10,3,tage,True,0.26273603085157027,0.25,1,3
R02_F02,2,2,10,4,Zn,False,1.0,0.25,1,4
R02_F02,2,2,10,5,Mg,False,0.5308492267046515,0.25,1,5
R02_F02,2,2,10,6,Cu,False,0.34647272658906864,0.25,1,6
R02_F02,2,2,10,7,Fe,False,0.2936871870508811,0.25,1,7
R02_F02,2,2,10,8,Ti,False,0.27466295633194404,0.25,1,8
R02_F02,2,2,10,9,Zr,False,0.2644980046102834,0.25,1,9
R02_F02,2,2,10,10,Si,False,0.22880230635529042,0.25,1,10
R02_F03,2,3,10,1,Tsol,True,0.5510451822861291,0.25,1,1
R02_F03,2,3,10,2,Tage,True,0.39045789230236216,0.25,1,2
R02_F03,2,3,10,3,tage,True,0.18937048085259428,0.25,1,3
R02_F03,2,3,10,4,Zn,False,1.0,0.25,1,4
R02_F03,2,3,10,5,Mg,False,0.521235566258515,0.25,1,5
R02_F03,2,3,10,6,Cu,False,0.32998444638190866,0.25,1,6
R02_F03,2,3,10,7,Ti,False,0.30928285229513225,0.25,1,7
R02_F03,2,3,10,8,Fe,False,0.2708035762792475,0.25,1,8
R02_F03,2,3,10,9,Zr,False,0.23978169071613104,0.25,1,9
R02_F03,2,3,10,10,Cr,False,0.22872116307355178,0.25,1,10
R02_F04,2,4,10,1,Tsol,True,0.5910458854065818,0.25,1,1
R02_F04,2,4,10,2,Tage,True,0.5221083671976645,0.25,1,2
R02_F04,2,4,10,3,tage,True,0.24905697597108933,0.25,1,3
R02_F04,2,4,10,4,Zn,False,1.0,0.25,1,4
R02_F04,2,4,10,5,Mg,False,0.5463783506060146,0.25,1,5
R02_F04,2,4,10,6,Cu,False,0.32981928295817947,0.25,1,6
R02_F04,2,4,10,7,Ti,False,0.30665441380095476,0.25,1,7
R02_F04,2,4,10,8,Zr,False,0.24955441873946121,0.25,1,8
R02_F04,2,4,10,9,Fe,False,0.23146544778576905,0.25,1,9
R02_F04,2,4,10,10,Sc,False,0.19956862922839214,0.25,1,10
R02_F05,2,5,10,1,Tsol,True,0.7242662039839208,0.75,1,1
R02_F05,2,5,10,2,Tage,True,0.48957708932475186,0.75,1,2
R02_F05,2,5,10,3,tage,True,0.0713797467768738,0.75,1,3
R02_F05,2,5,10,4,Zn,False,1.0,0.75,1,4
R02_F05,2,5,10,5,Mg,False,0.7622901908010594,0.75,1,5
R02_F05,2,5,10,6,Ti,False,0.38123110332615734,0.75,1,6
R02_F05,2,5,10,7,Si,False,0.3612662550337767,0.75,1,7
R02_F05,2,5,10,8,Cu,False,0.3566819125833077,0.75,1,8
R02_F05,2,5,10,9,Sc,False,0.32747156608878136,0.75,1,9
R02_F05,2,5,10,10,Fe,False,0.32232418662973755,0.75,1,10
R03_F01,3,1,10,1,Tsol,True,0.7822541316432023,1.0,1,1
R03_F01,3,1,10,2,Tage,True,0.4268106830830502,1.0,1,2
R03_F01,3,1,10,3,tage,True,0.0,1.0,1,3
R03_F01,3,1,10,4,Zn,False,1.0,1.0,1,4
R03_F01,3,1,10,5,Mg,False,0.8482505350991416,1.0,1,5
R03_F01,3,1,10,6,Ti,False,0.4407201758082326,1.0,1,6
R03_F01,3,1,10,7,Fe,False,0.4310070410966453,1.0,1,7
R03_F01,3,1,10,8,Si,False,0.4304284316357361,1.0,1,8
R03_F01,3,1,10,9,Sc,False,0.4109890238582301,1.0,1,9
R03_F01,3,1,10,10,Cu,False,0.34779505684487,1.0,1,10
R03_F02,3,2,10,1,Tsol,True,0.45324800979452495,0.0,1,1
R03_F02,3,2,10,2,Tage,True,0.44706189536689356,0.0,1,2
R03_F02,3,2,10,3,tage,True,0.27521198941523123,0.0,1,3
R03_F02,3,2,10,4,Zn,False,1.0,0.0,1,4
R03_F02,3,2,10,5,Mg,False,0.4554587664077836,0.0,1,5
R03_F02,3,2,10,6,Cu,False,0.30791651103230155,0.0,1,6
R03_F02,3,2,10,7,Ti,False,0.22609193800269622,0.0,1,7
R03_F02,3,2,10,8,Fe,False,0.21786819753568373,0.0,1,8
R03_F02,3,2,10,9,Zr,False,0.16128420044904415,0.0,1,9
R03_F02,3,2,10,10,Cr,False,0.13769563832616838,0.0,1,10
R03_F03,3,3,10,1,Tsol,True,0.5864218386567575,0.25,1,1
R03_F03,3,3,10,2,Tage,True,0.47804940835724263,0.25,1,2
R03_F03,3,3,10,3,tage,True,0.23873701267888672,0.25,1,3
R03_F03,3,3,10,4,Zn,False,1.0,0.25,1,4
R03_F03,3,3,10,5,Mg,False,0.5012405978618621,0.25,1,5
R03_F03,3,3,10,6,Cu,False,0.2958642688215243,0.25,1,6
R03_F03,3,3,10,7,Ti,False,0.2917355039247733,0.25,1,7
R03_F03,3,3,10,8,Fe,False,0.23123004485903156,0.25,1,8
R03_F03,3,3,10,9,Zr,False,0.22289537055624659,0.25,1,9
R03_F03,3,3,10,10,Si,False,0.19661598432571326,0.25,1,10
R03_F04,3,4,10,1,Tsol,True,0.6031333794171013,0.0,1,1
R03_F04,3,4,10,2,Tage,True,0.547637852192866,0.0,1,2
R03_F04,3,4,10,3,tage,True,0.35083384033350895,0.0,1,3
R03_F04,3,4,10,4,Zn,False,1.0,0.0,1,4
R03_F04,3,4,10,5,Mg,False,0.5010262579372777,0.0,1,5
R03_F04,3,4,10,6,Cu,False,0.42949467216878884,0.0,1,6
R03_F04,3,4,10,7,Ti,False,0.2805571854151015,0.0,1,7
R03_F04,3,4,10,8,Zr,False,0.22394966625761326,0.0,1,8
R03_F04,3,4,10,9,Fe,False,0.2050758247942751,0.0,1,9
R03_F04,3,4,10,10,Si,False,0.16789875872556229,0.0,1,10
R03_F05,3,5,10,1,Tsol,True,0.5777316605053209,0.25,1,1
R03_F05,3,5,10,2,Tage,True,0.4634655774455765,0.25,1,2
R03_F05,3,5,10,3,tage,True,0.22247301430995214,0.25,1,3
R03_F05,3,5,10,4,Zn,False,1.0,0.25,1,4
R03_F05,3,5,10,5,Mg,False,0.5668970509396735,0.25,1,5
R03_F05,3,5,10,6,Fe,False,0.3173215777570432,0.25,1,6
R03_F05,3,5,10,7,Ti,False,0.30993995413030756,0.25,1,7
R03_F05,3,5,10,8,Cu,False,0.2983710273651705,0.25,1,8
R03_F05,3,5,10,9,Zr,False,0.25138274938251587,0.25,1,9
R03_F05,3,5,10,10,Si,False,0.22626020876491512,0.25,1,10
R04_F01,4,1,10,1,Tsol,True,0.5022591901715263,0.0,1,1
R04_F01,4,1,10,2,Tage,True,0.5389150466383356,0.0,1,2
R04_F01,4,1,10,3,tage,True,0.35760451053073233,0.0,1,3
R04_F01,4,1,10,4,Zn,False,1.0,0.0,1,4
R04_F01,4,1,10,5,Mg,False,0.45162197183297836,0.0,1,5
R04_F01,4,1,10,6,Cu,False,0.35240928417149847,0.0,1,6
R04_F01,4,1,10,7,Ti,False,0.24426493688271356,0.0,1,7
R04_F01,4,1,10,8,Fe,False,0.21748193052741707,0.0,1,8
R04_F01,4,1,10,9,Zr,False,0.15526217355620162,0.0,1,9
R04_F01,4,1,10,10,Mn,False,0.14628782847021057,0.0,1,10
R04_F02,4,2,10,1,Tsol,True,0.6659689477848211,0.75,1,1
R04_F02,4,2,10,2,Tage,True,0.4717175555237832,0.75,1,2
R04_F02,4,2,10,3,tage,True,0.06527484790531322,0.75,1,3
R04_F02,4,2,10,4,Zn,False,1.0,0.75,1,4
R04_F02,4,2,10,5,Mg,False,0.7541995081729873,0.75,1,5
R04_F02,4,2,10,6,Si,False,0.3617289749997997,0.75,1,6
R04_F02,4,2,10,7,Ti,False,0.3464759390348511,0.75,1,7
R04_F02,4,2,10,8,Cu,False,0.32406339972296416,0.75,1,8
R04_F02,4,2,10,9,Fe,False,0.30806829194886576,0.75,1,9
R04_F02,4,2,10,10,Sc,False,0.2940599558916976,0.75,1,10
R04_F03,4,3,10,1,Tsol,True,0.6707521736477061,0.25,1,1
R04_F03,4,3,10,2,Tage,True,0.5214818552277922,0.25,1,2
R04_F03,4,3,10,3,tage,True,0.2969303963204057,0.25,1,3
R04_F03,4,3,10,4,Zn,False,1.0,0.25,1,4
R04_F03,4,3,10,5,Mg,False,0.6104250045666156,0.25,1,5
R04_F03,4,3,10,6,Cu,False,0.3693901858597532,0.25,1,6
R04_F03,4,3,10,7,Ti,False,0.3410599296877037,0.25,1,7
R04_F03,4,3,10,8,Fe,False,0.2992383982364291,0.25,1,8
R04_F03,4,3,10,9,Zr,False,0.2909387435254043,0.25,1,9
R04_F03,4,3,10,10,Si,False,0.2138785134908635,0.25,1,10
R04_F04,4,4,10,1,Tsol,True,0.6354715035838051,0.5,1,1
R04_F04,4,4,10,2,Tage,True,0.37205276958727473,0.5,1,2
R04_F04,4,4,10,3,tage,True,0.11619829745692586,0.5,1,3
R04_F04,4,4,10,4,Zn,False,1.0,0.5,1,4
R04_F04,4,4,10,5,Mg,False,0.6287051695540471,0.5,1,5
R04_F04,4,4,10,6,Ti,False,0.3302564933059068,0.5,1,6
R04_F04,4,4,10,7,Zr,False,0.29455193812834085,0.5,1,7
R04_F04,4,4,10,8,Fe,False,0.27781282718746336,0.5,1,8
R04_F04,4,4,10,9,Sc,False,0.2715615570118002,0.5,1,9
R04_F04,4,4,10,10,Cu,False,0.2710171791517809,0.5,1,10
R04_F05,4,5,10,1,Tsol,True,0.6704093071287938,0.25,1,1
R04_F05,4,5,10,2,Tage,True,0.5332194765116092,0.25,1,2
R04_F05,4,5,10,3,tage,True,0.2346257975792434,0.25,1,3
R04_F05,4,5,10,4,Zn,False,1.0,0.25,1,4
R04_F05,4,5,10,5,Mg,False,0.5587073794960967,0.25,1,5
R04_F05,4,5,10,6,Cu,False,0.34604932904329394,0.25,1,6
R04_F05,4,5,10,7,Ti,False,0.31722437138607174,0.25,1,7
R04_F05,4,5,10,8,Zr,False,0.27206339042291644,0.25,1,8
R04_F05,4,5,10,9,Fe,False,0.24827777801007186,0.25,1,9
R04_F05,4,5,10,10,Sc,False,0.2166044322797195,0.25,1,10
R05_F01,5,1,10,1,Tsol,True,0.5820411540057805,0.25,1,1
R05_F01,5,1,10,2,Tage,True,0.4262217665607102,0.25,1,2
R05_F01,5,1,10,3,tage,True,0.26441525033590974,0.25,1,3
R05_F01,5,1,10,4,Zn,False,1.0,0.25,1,4
R05_F01,5,1,10,5,Mg,False,0.5579068573705274,0.25,1,5
R05_F01,5,1,10,6,Cu,False,0.3387173230727959,0.25,1,6
R05_F01,5,1,10,7,Zr,False,0.27894734115848097,0.25,1,7
R05_F01,5,1,10,8,Ti,False,0.27646505914844616,0.25,1,8
R05_F01,5,1,10,9,Fe,False,0.2657297603325597,0.25,1,9
R05_F01,5,1,10,10,Si,False,0.20284484670372938,0.25,1,10
R05_F02,5,2,10,1,Tsol,True,0.5750749317557096,0.25,1,1
R05_F02,5,2,10,2,Tage,True,0.4965396164392598,0.25,1,2
R05_F02,5,2,10,3,tage,True,0.24908438477385467,0.25,1,3
R05_F02,5,2,10,4,Zn,False,1.0,0.25,1,4
R05_F02,5,2,10,5,Mg,False,0.5142406328475102,0.25,1,5
R05_F02,5,2,10,6,Cu,False,0.30653551590039685,0.25,1,6
R05_F02,5,2,10,7,Ti,False,0.30180980447733563,0.25,1,7
R05_F02,5,2,10,8,Fe,False,0.26306917323125956,0.25,1,8
R05_F02,5,2,10,9,Si,False,0.19783212043117104,0.25,1,9
R05_F02,5,2,10,10,Zr,False,0.18839873571634952,0.25,1,10
R05_F03,5,3,10,1,Tsol,True,0.5943863938002417,0.25,1,1
R05_F03,5,3,10,2,Tage,True,0.5123214958052291,0.25,1,2
R05_F03,5,3,10,3,tage,True,0.2597846833330598,0.25,1,3
R05_F03,5,3,10,4,Zn,False,1.0,0.25,1,4
R05_F03,5,3,10,5,Mg,False,0.6241133980117233,0.25,1,5
R05_F03,5,3,10,6,Cu,False,0.3462404561540716,0.25,1,6
R05_F03,5,3,10,7,Ti,False,0.31343589402013106,0.25,1,7
R05_F03,5,3,10,8,Fe,False,0.26326752711250423,0.25,1,8
R05_F03,5,3,10,9,Si,False,0.2314706981824212,0.25,1,9
R05_F03,5,3,10,10,Zr,False,0.22879456113241506,0.25,1,10
R05_F04,5,4,10,1,Tsol,True,0.6029318175719253,0.25,1,1
R05_F04,5,4,10,2,Tage,True,0.49805212577254143,0.25,1,2
R05_F04,5,4,10,3,tage,True,0.2332143381368911,0.25,1,3
R05_F04,5,4,10,4,Zn,False,1.0,0.25,1,4
R05_F04,5,4,10,5,Mg,False,0.5533053323507257,0.25,1,5
R05_F04,5,4,10,6,Cu,False,0.3256268993605756,0.25,1,6
R05_F04,5,4,10,7,Ti,False,0.280677678070714,0.25,1,7
R05_F04,5,4,10,8,Zr,False,0.2600970503174265,0.25,1,8
R05_F04,5,4,10,9,Fe,False,0.229797737846674,0.25,1,9
R05_F04,5,4,10,10,Si,False,0.22114619370321176,0.25,1,10
R05_F05,5,5,10,1,Tsol,True,0.5937077559652291,0.25,1,1
R05_F05,5,5,10,2,Tage,True,0.44419486386402063,0.25,1,2
R05_F05,5,5,10,3,tage,True,0.19846210908820835,0.25,1,3
R05_F05,5,5,10,4,Zn,False,1.0,0.25,1,4
R05_F05,5,5,10,5,Mg,False,0.5556415136351587,0.25,1,5
R05_F05,5,5,10,6,Cu,False,0.30749772003148235,0.25,1,6
R05_F05,5,5,10,7,Ti,False,0.2999595891620772,0.25,1,7
R05_F05,5,5,10,8,Fe,False,0.2977379613235306,0.25,1,8
R05_F05,5,5,10,9,Zr,False,0.27054497200790834,0.25,1,9
R05_F05,5,5,10,10,Si,False,0.20239792489391195,0.25,1,10
R01_F01,1,1,11,1,Tsol,True,0.5805556387519786,0.25,1,1
R01_F01,1,1,11,2,Tage,True,0.4563617152906778,0.25,1,2
R01_F01,1,1,11,3,tage,True,0.2087899598742195,0.25,1,3
R01_F01,1,1,11,4,Zn,False,1.0,0.25,1,4
R01_F01,1,1,11,5,Mg,False,0.5693696368078163,0.25,1,5
R01_F01,1,1,11,6,Cu,False,0.3035169373714433,0.25,1,6
R01_F01,1,1,11,7,Ti,False,0.2654131313951025,0.25,1,7
R01_F01,1,1,11,8,Fe,False,0.2565112179680752,0.25,1,8
R01_F01,1,1,11,9,Si,False,0.20917893866696047,0.25,1,9
R01_F01,1,1,11,10,Zr,False,0.20649410502583565,0.25,1,10
R01_F01,1,1,11,11,Sc,False,0.17433279643057809,0.25,1,11
R01_F02,1,2,11,1,Tsol,True,0.6119658359043367,0.5,1,1
R01_F02,1,2,11,2,Tage,True,0.4557448895622639,0.5,1,2
R01_F02,1,2,11,3,tage,True,0.14554526213996807,0.5,1,3
R01_F02,1,2,11,4,Zn,False,1.0,0.5,1,4
R01_F02,1,2,11,5,Mg,False,0.6258432320530664,0.5,1,5
R01_F02,1,2,11,6,Cu,False,0.3094158384841703,0.5,1,6
R01_F02,1,2,11,7,Ti,False,0.3066758540417358,0.5,1,7
R01_F02,1,2,11,8,Fe,False,0.2899708006013465,0.5,1,8
R01_F02,1,2,11,9,Si,False,0.27803309979033175,0.5,1,9
R01_F02,1,2,11,10,Sc,False,0.24205951142671747,0.5,1,10
R01_F02,1,2,11,11,Zr,False,0.2285616181876844,0.5,1,11
R01_F03,1,3,11,1,Tsol,True,0.5626905424067465,0.25,1,1
R01_F03,1,3,11,2,Tage,True,0.42003147693762727,0.25,1,2
R01_F03,1,3,11,3,tage,True,0.19541866540827704,0.25,1,3
R01_F03,1,3,11,4,Zn,False,1.0,0.25,1,4
R01_F03,1,3,11,5,Mg,False,0.5647005421572561,0.25,1,5
R01_F03,1,3,11,6,Ti,False,0.3802358043534232,0.25,1,6
R01_F03,1,3,11,7,Cu,False,0.3199706989109959,0.25,1,7
R01_F03,1,3,11,8,Fe,False,0.2797064808512558,0.25,1,8
R01_F03,1,3,11,9,Zr,False,0.2380995490079138,0.25,1,9
R01_F03,1,3,11,10,Si,False,0.21541661131764048,0.25,1,10
R01_F03,1,3,11,11,Sc,False,0.19312731412425954,0.25,1,11
R01_F04,1,4,11,1,Tsol,True,0.5217913300631152,0.0,1,1
R01_F04,1,4,11,2,Tage,True,0.5488465937579065,0.0,1,2
R01_F04,1,4,11,3,tage,True,0.3577790750740917,0.0,1,3
R01_F04,1,4,11,4,Zn,False,1.0,0.0,1,4
R01_F04,1,4,11,5,Mg,False,0.4538943217607033,0.0,1,5
R01_F04,1,4,11,6,Cu,False,0.3823939279642519,0.0,1,6
R01_F04,1,4,11,7,Zr,False,0.23045649912336774,0.0,1,7
R01_F04,1,4,11,8,Ti,False,0.22480557623017186,0.0,1,8
R01_F04,1,4,11,9,Fe,False,0.17213480693034344,0.0,1,9
R01_F04,1,4,11,10,Mn,False,0.15808193627489708,0.0,1,10
R01_F04,1,4,11,11,Li,False,0.1425348988250692,0.0,1,11
R01_F05,1,5,11,1,Tsol,True,0.5897877844614194,0.25,1,1
R01_F05,1,5,11,2,Tage,True,0.43883039915090805,0.25,1,2
R01_F05,1,5,11,3,tage,True,0.22645581927940528,0.25,1,3
R01_F05,1,5,11,4,Zn,False,1.0,0.25,1,4
R01_F05,1,5,11,5,Mg,False,0.5801724386533671,0.25,1,5
R01_F05,1,5,11,6,Cu,False,0.34345179967354517,0.25,1,6
R01_F05,1,5,11,7,Ti,False,0.3258514315325981,0.25,1,7
R01_F05,1,5,11,8,Fe,False,0.28951550287172106,0.25,1,8
R01_F05,1,5,11,9,Zr,False,0.24497499134594403,0.25,1,9
R01_F05,1,5,11,10,Si,False,0.20357064153498594,0.25,1,10
R01_F05,1,5,11,11,Cr,False,0.19709290321821565,0.25,1,11
R02_F01,2,1,11,1,Tsol,True,0.5737162132010319,0.25,1,1
R02_F01,2,1,11,2,Tage,True,0.4373048472498781,0.25,1,2
R02_F01,2,1,11,3,tage,True,0.2529904305920819,0.25,1,3
R02_F01,2,1,11,4,Zn,False,1.0,0.25,1,4
R02_F01,2,1,11,5,Mg,False,0.5811271766183195,0.25,1,5
R02_F01,2,1,11,6,Ti,False,0.3607048649315158,0.25,1,6
R02_F01,2,1,11,7,Fe,False,0.2842863655849408,0.25,1,7
R02_F01,2,1,11,8,Cu,False,0.2824682343646491,0.25,1,8
R02_F01,2,1,11,9,Zr,False,0.2195423841237356,0.25,1,9
R02_F01,2,1,11,10,Si,False,0.2140800352485145,0.25,1,10
R02_F01,2,1,11,11,Sc,False,0.16682249914645422,0.25,1,11
R02_F02,2,2,11,1,Tsol,True,0.5808802864211686,0.25,1,1
R02_F02,2,2,11,2,Tage,True,0.48662926756934044,0.25,1,2
R02_F02,2,2,11,3,tage,True,0.26273603085157027,0.25,1,3
R02_F02,2,2,11,4,Zn,False,1.0,0.25,1,4
R02_F02,2,2,11,5,Mg,False,0.5308492267046515,0.25,1,5
R02_F02,2,2,11,6,Cu,False,0.34647272658906864,0.25,1,6
R02_F02,2,2,11,7,Fe,False,0.2936871870508811,0.25,1,7
R02_F02,2,2,11,8,Ti,False,0.27466295633194404,0.25,1,8
R02_F02,2,2,11,9,Zr,False,0.2644980046102834,0.25,1,9
R02_F02,2,2,11,10,Si,False,0.22880230635529042,0.25,1,10
R02_F02,2,2,11,11,Cr,False,0.18896421787808418,0.25,1,11
R02_F03,2,3,11,1,Tsol,True,0.6262766079230586,0.5,1,1
R02_F03,2,3,11,2,Tage,True,0.39321269480276355,0.5,1,2
R02_F03,2,3,11,3,tage,True,0.12624698723506286,0.5,1,3
R02_F03,2,3,11,4,Zn,False,1.0,0.5,1,4
R02_F03,2,3,11,5,Mg,False,0.6268606702945347,0.5,1,5
R02_F03,2,3,11,6,Ti,False,0.3631453856975637,0.5,1,6
R02_F03,2,3,11,7,Fe,False,0.32920504890455937,0.5,1,7
R02_F03,2,3,11,8,Cu,False,0.3213559678891466,0.5,1,8
R02_F03,2,3,11,9,Cr,False,0.2869969558803638,0.5,1,9
R02_F03,2,3,11,10,Si,False,0.2844235126645701,0.5,1,10
R02_F03,2,3,11,11,Zr,False,0.28422787163322344,0.5,1,11
R02_F04,2,4,11,1,Tsol,True,0.7095015412020815,0.75,1,1
R02_F04,2,4,11,2,Tage,True,0.4038975434305362,0.75,1,2
R02_F04,2,4,11,3,tage,True,0.08301899199036311,0.75,1,3
R02_F04,2,4,11,4,Zn,False,1.0,0.75,1,4
R02_F04,2,4,11,5,Mg,False,0.7563065562255127,0.75,1,5
R02_F04,2,4,11,6,Ti,False,0.39364437762246496,0.75,1,6
R02_F04,2,4,11,7,Sc,False,0.3758586266152322,0.75,1,7
R02_F04,2,4,11,8,Si,False,0.33875486636221713,0.75,1,8
R02_F04,2,4,11,9,Fe,False,0.33271011017931784,0.75,1,9
R02_F04,2,4,11,10,Zr,False,0.3131050120378634,0.75,1,10
R02_F04,2,4,11,11,Cu,False,0.2956837327875473,0.75,1,11
R02_F05,2,5,11,1,Tsol,True,0.6286510507498154,0.5,1,1
R02_F05,2,5,11,2,Tage,True,0.4779239627263264,0.5,1,2
R02_F05,2,5,11,3,tage,True,0.1427594935537476,0.5,1,3
R02_F05,2,5,11,4,Zn,False,1.0,0.5,1,4
R02_F05,2,5,11,5,Mg,False,0.658792049115216,0.5,1,5
R02_F05,2,5,11,6,Cu,False,0.33156106825904924,0.5,1,6
R02_F05,2,5,11,7,Ti,False,0.3054494363596627,0.5,1,7
R02_F05,2,5,11,8,Si,False,0.28063316598397064,0.5,1,8
R02_F05,2,5,11,9,Fe,False,0.2611000741648564,0.5,1,9
R02_F05,2,5,11,10,Zr,False,0.26040667886304075,0.5,1,10
R02_F05,2,5,11,11,Sc,False,0.24651063989579203,0.5,1,11
R03_F01,3,1,11,1,Tsol,True,0.4738986606136325,0.0,1,1
R03_F01,3,1,11,2,Tage,True,0.41717431725856424,0.0,1,2
R03_F01,3,1,11,3,tage,True,0.27956960991402013,0.0,1,3
R03_F01,3,1,11,4,Zn,False,1.0,0.0,1,4
R03_F01,3,1,11,5,Mg,False,0.39709397614911696,0.0,1,5
R03_F01,3,1,11,6,Cu,False,0.31459838755263075,0.0,1,6
R03_F01,3,1,11,7,Zr,False,0.20487564859756613,0.0,1,7
R03_F01,3,1,11,8,Fe,False,0.2013020155018426,0.0,1,8
R03_F01,3,1,11,9,Ti,False,0.17018780123311056,0.0,1,9
R03_F01,3,1,11,10,Si,False,0.1415969389193722,0.0,1,10
R03_F01,3,1,11,11,Li,False,0.14071923320659177,0.0,1,11
R03_F02,3,2,11,1,Tsol,True,0.45324800979452495,0.0,1,1
R03_F02,3,2,11,2,Tage,True,0.44706189536689356,0.0,1,2
R03_F02,3,2,11,3,tage,True,0.27521198941523123,0.0,1,3
R03_F02,3,2,11,4,Zn,False,1.0,0.0,1,4
R03_F02,3,2,11,5,Mg,False,0.4554587664077836,0.0,1,5
R03_F02,3,2,11,6,Cu,False,0.30791651103230155,0.0,1,6
R03_F02,3,2,11,7,Ti,False,0.22609193800269622,0.0,1,7
R03_F02,3,2,11,8,Fe,False,0.21786819753568373,0.0,1,8
R03_F02,3,2,11,9,Zr,False,0.16128420044904415,0.0,1,9
R03_F02,3,2,11,10,Cr,False,0.13769563832616838,0.0,1,10
R03_F02,3,2,11,11,Mn,False,0.13252741929541786,0.0,1,11
R03_F03,3,3,11,1,Tsol,True,0.720482014048018,0.75,1,1
R03_F03,3,3,11,2,Tage,True,0.39365472382302125,0.75,1,2
R03_F03,3,3,11,3,tage,True,0.07957900422629557,0.75,1,3
R03_F03,3,3,11,4,Zn,False,1.0,0.75,1,4
R03_F03,3,3,11,5,Mg,False,0.709303902688839,0.75,1,5
R03_F03,3,3,11,6,Ti,False,0.39196433765148003,0.75,1,6
R03_F03,3,3,11,7,Si,False,0.33846561480772425,0.75,1,7
R03_F03,3,3,11,8,Fe,False,0.3381242144786885,0.75,1,8
R03_F03,3,3,11,9,Sc,False,0.31705282830646436,0.75,1,9
R03_F03,3,3,11,10,Cu,False,0.3037239402639506,0.75,1,10
R03_F03,3,3,11,11,Zr,False,0.28403868910690083,0.75,1,11
R03_F04,3,4,11,1,Tsol,True,0.6514149978129526,0.25,1,1
R03_F04,3,4,11,2,Tage,True,0.5007435614116638,0.25,1,2
R03_F04,3,4,11,3,tage,True,0.2631253802501317,0.25,1,3
R03_F04,3,4,11,4,Zn,False,1.0,0.25,1,4
R03_F04,3,4,11,5,Mg,False,0.6000968619337611,0.25,1,5
R03_F04,3,4,11,6,Cu,False,0.39550552249484777,0.25,1,6
R03_F04,3,4,11,7,Ti,False,0.3337931760716401,0.25,1,7
R03_F04,3,4,11,8,Zr,False,0.2604445386989518,0.25,1,8
R03_F04,3,4,11,9,Fe,False,0.24641448420062112,0.25,1,9
R03_F04,3,4,11,10,Sc,False,0.24469800128155145,0.25,1,10
R03_F04,3,4,11,11,Si,False,0.22013731803396028,0.25,1,11
R03_F05,3,5,11,1,Tsol,True,0.5777316605053209,0.25,1,1
R03_F05,3,5,11,2,Tage,True,0.4634655774455765,0.25,1,2
R03_F05,3,5,11,3,tage,True,0.22247301430995214,0.25,1,3
R03_F05,3,5,11,4,Zn,False,1.0,0.25,1,4
R03_F05,3,5,11,5,Mg,False,0.5668970509396735,0.25,1,5
R03_F05,3,5,11,6,Fe,False,0.3173215777570432,0.25,1,6
R03_F05,3,5,11,7,Ti,False,0.30993995413030756,0.25,1,7
R03_F05,3,5,11,8,Cu,False,0.2983710273651705,0.25,1,8
R03_F05,3,5,11,9,Zr,False,0.25138274938251587,0.25,1,9
R03_F05,3,5,11,10,Si,False,0.22626020876491512,0.25,1,10
R03_F05,3,5,11,11,Sc,False,0.2000835132849718,0.25,1,11
R04_F01,4,1,11,1,Tsol,True,0.6853882506301614,0.75,1,1
R04_F01,4,1,11,2,Tage,True,0.4337553294389772,0.75,1,2
R04_F01,4,1,11,3,tage,True,0.08940112763268308,0.75,1,3
R04_F01,4,1,11,4,Zn,False,1.0,0.75,1,4
R04_F01,4,1,11,5,Mg,False,0.7343744864513632,0.75,1,5
R04_F01,4,1,11,6,Ti,False,0.4293533288219451,0.75,1,6
R04_F01,4,1,11,7,Fe,False,0.40347209552915697,0.75,1,7
R04_F01,4,1,11,8,Si,False,0.37382807948804725,0.75,1,8
R04_F01,4,1,11,9,Cu,False,0.3361127928502828,0.75,1,9
R04_F01,4,1,11,10,Sc,False,0.3284920331013633,0.75,1,10
R04_F01,4,1,11,11,Zr,False,0.25100345375128397,0.75,1,11
R04_F02,4,2,11,1,Tsol,True,0.7306569651197685,1.0,1,1
R04_F02,4,2,11,2,Tage,True,0.49871342361635573,1.0,1,2
R04_F02,4,2,11,3,tage,True,0.0,1.0,1,3
R04_F02,4,2,11,4,Zn,False,1.0,1.0,1,4
R04_F02,4,2,11,5,Mg,False,0.8481276729561699,1.0,1,5
R04_F02,4,2,11,6,Si,False,0.4339951647594359,1.0,1,6
R04_F02,4,2,11,7,Ti,False,0.39227377895392573,1.0,1,7
R04_F02,4,2,11,8,Sc,False,0.35402101766652666,1.0,1,8
R04_F02,4,2,11,9,Fe,False,0.34516400334005676,1.0,1,9
R04_F02,4,2,11,10,Cu,False,0.3296293613348813,1.0,1,10
R04_F02,4,2,11,11,Li,False,0.26215080582298106,1.0,1,11
R04_F03,4,3,11,1,Tsol,True,0.6141101999803606,0.0,1,1
R04_F03,4,3,11,2,Tage,True,0.5635795081570761,0.0,1,2
R04_F03,4,3,11,3,tage,True,0.39590719509387423,0.0,1,3
R04_F03,4,3,11,4,Zn,False,1.0,0.0,1,4
R04_F03,4,3,11,5,Mg,False,0.5250231433176534,0.0,1,5
R04_F03,4,3,11,6,Cu,False,0.391441185260272,0.0,1,6
R04_F03,4,3,11,7,Ti,False,0.2893293445902875,0.0,1,7
R04_F03,4,3,11,8,Fe,False,0.2488682515307951,0.0,1,8
R04_F03,4,3,11,9,Zr,False,0.24054535875338212,0.0,1,9
R04_F03,4,3,11,10,Mn,False,0.17688489491290002,0.0,1,10
R04_F03,4,3,11,11,Cr,False,0.1604463198595307,0.0,1,11
R04_F04,4,4,11,1,Tsol,True,0.7769053109917643,1.0,1,1
R04_F04,4,4,11,2,Tage,True,0.33823309244760746,1.0,1,2
R04_F04,4,4,11,3,tage,True,0.0,1.0,1,3
R04_F04,4,4,11,4,Zn,False,1.0,1.0,1,4
R04_F04,4,4,11,5,Mg,False,0.8351954122288876,1.0,1,5
R04_F04,4,4,11,6,Ti,False,0.4591717629047628,1.0,1,6
R04_F04,4,4,11,7,Sc,False,0.44174872978131896,1.0,1,7
R04_F04,4,4,11,8,Fe,False,0.39326309722715974,1.0,1,8
R04_F04,4,4,11,9,Zr,False,0.39190558662780084,1.0,1,9
R04_F04,4,4,11,10,Si,False,0.3743872883618683,1.0,1,10
R04_F04,4,4,11,11,Cr,False,0.3418604297648486,1.0,1,11
R04_F05,4,5,11,1,Tsol,True,0.7203530165181752,0.5,1,1
R04_F05,4,5,11,2,Tage,True,0.4740556508563135,0.5,1,2
R04_F05,4,5,11,3,tage,True,0.15641719838616228,0.5,1,3
R04_F05,4,5,11,4,Zn,False,1.0,0.5,1,4
R04_F05,4,5,11,5,Mg,False,0.66238387269725,0.5,1,5
R04_F05,4,5,11,6,Ti,False,0.35346175793900036,0.5,1,6
R04_F05,4,5,11,7,Cu,False,0.3202329175520082,0.5,1,7
R04_F05,4,5,11,8,Zr,False,0.3056557615163133,0.5,1,8
R04_F05,4,5,11,9,Fe,False,0.29541977242751255,0.5,1,9
R04_F05,4,5,11,10,Sc,False,0.29536725057199453,0.5,1,10
R04_F05,4,5,11,11,Si,False,0.28020935303861183,0.5,1,11
R05_F01,5,1,11,1,Tsol,True,0.6488701774305103,0.5,1,1
R05_F01,5,1,11,2,Tage,True,0.4220042272722251,0.5,1,2
R05_F01,5,1,11,3,tage,True,0.17627683355727317,0.5,1,3
R05_F01,5,1,11,4,Zn,False,1.0,0.5,1,4
R05_F01,5,1,11,5,Mg,False,0.6481745355460055,0.5,1,5
R05_F01,5,1,11,6,Ti,False,0.33996157973924207,0.5,1,6
R05_F01,5,1,11,7,Cu,False,0.32785708096938315,0.5,1,7
R05_F01,5,1,11,8,Fe,False,0.3217245096605096,0.5,1,8
R05_F01,5,1,11,9,Zr,False,0.3216730179697851,0.5,1,9
R05_F01,5,1,11,10,Sc,False,0.28746663185380367,0.5,1,10
R05_F01,5,1,11,11,Si,False,0.28042442269017354,0.5,1,11
R05_F02,5,2,11,1,Tsol,True,0.5750749317557096,0.25,1,1
R05_F02,5,2,11,2,Tage,True,0.4965396164392598,0.25,1,2
R05_F02,5,2,11,3,tage,True,0.24908438477385467,0.25,1,3
R05_F02,5,2,11,4,Zn,False,1.0,0.25,1,4
R05_F02,5,2,11,5,Mg,False,0.5142406328475102,0.25,1,5
R05_F02,5,2,11,6,Cu,False,0.30653551590039685,0.25,1,6
R05_F02,5,2,11,7,Ti,False,0.30180980447733563,0.25,1,7
R05_F02,5,2,11,8,Fe,False,0.26306917323125956,0.25,1,8
R05_F02,5,2,11,9,Si,False,0.19783212043117104,0.25,1,9
R05_F02,5,2,11,10,Zr,False,0.18839873571634952,0.25,1,10
R05_F02,5,2,11,11,Cr,False,0.16912664116665405,0.25,1,11
R05_F03,5,3,11,1,Tsol,True,0.5943863938002417,0.25,1,1
R05_F03,5,3,11,2,Tage,True,0.5123214958052291,0.25,1,2
R05_F03,5,3,11,3,tage,True,0.2597846833330598,0.25,1,3
R05_F03,5,3,11,4,Zn,False,1.0,0.25,1,4
R05_F03,5,3,11,5,Mg,False,0.6241133980117233,0.25,1,5
R05_F03,5,3,11,6,Cu,False,0.3462404561540716,0.25,1,6
R05_F03,5,3,11,7,Ti,False,0.31343589402013106,0.25,1,7
R05_F03,5,3,11,8,Fe,False,0.26326752711250423,0.25,1,8
R05_F03,5,3,11,9,Si,False,0.2314706981824212,0.25,1,9
R05_F03,5,3,11,10,Zr,False,0.22879456113241506,0.25,1,10
R05_F03,5,3,11,11,Sc,False,0.1816859737574596,0.25,1,11
R05_F04,5,4,11,1,Tsol,True,0.6029318175719253,0.25,1,1
R05_F04,5,4,11,2,Tage,True,0.49805212577254143,0.25,1,2
R05_F04,5,4,11,3,tage,True,0.2332143381368911,0.25,1,3
R05_F04,5,4,11,4,Zn,False,1.0,0.25,1,4
R05_F04,5,4,11,5,Mg,False,0.5533053323507257,0.25,1,5
R05_F04,5,4,11,6,Cu,False,0.3256268993605756,0.25,1,6
R05_F04,5,4,11,7,Ti,False,0.280677678070714,0.25,1,7
R05_F04,5,4,11,8,Zr,False,0.2600970503174265,0.25,1,8
R05_F04,5,4,11,9,Fe,False,0.229797737846674,0.25,1,9
R05_F04,5,4,11,10,Si,False,0.22114619370321176,0.25,1,10
R05_F04,5,4,11,11,Sc,False,0.20099924032568212,0.25,1,11
R05_F05,5,5,11,1,Tsol,True,0.5937077559652291,0.25,1,1
R05_F05,5,5,11,2,Tage,True,0.44419486386402063,0.25,1,2
R05_F05,5,5,11,3,tage,True,0.19846210908820835,0.25,1,3
R05_F05,5,5,11,4,Zn,False,1.0,0.25,1,4
R05_F05,5,5,11,5,Mg,False,0.5556415136351587,0.25,1,5
R05_F05,5,5,11,6,Cu,False,0.30749772003148235,0.25,1,6
R05_F05,5,5,11,7,Ti,False,0.2999595891620772,0.25,1,7
R05_F05,5,5,11,8,Fe,False,0.2977379613235306,0.25,1,8
R05_F05,5,5,11,9,Zr,False,0.27054497200790834,0.25,1,9
R05_F05,5,5,11,10,Si,False,0.20239792489391195,0.25,1,10
R05_F05,5,5,11,11,Sc,False,0.19713436420421612,0.25,1,11
R01_F01,1,1,12,1,Tsol,True,0.6476154138558118,0.5,1,1
R01_F01,1,1,12,2,Tage,True,0.4285307731653957,0.5,1,2
R01_F01,1,1,12,3,tage,True,0.139193306582813,0.5,1,3
R01_F01,1,1,12,4,Zn,False,1.0,0.5,1,4
R01_F01,1,1,12,5,Mg,False,0.6608986044525014,0.5,1,5
R01_F01,1,1,12,6,Ti,False,0.320122375589036,0.5,1,6
R01_F01,1,1,12,7,Cu,False,0.2993618168350263,0.5,1,7
R01_F01,1,1,12,8,Fe,False,0.2901367696413761,0.5,1,8
R01_F01,1,1,12,9,Si,False,0.27108890522413653,0.5,1,9
R01_F01,1,1,12,10,Sc,False,0.24416448534787066,0.5,1,10
R01_F01,1,1,12,11,Zr,False,0.2308437322339802,0.5,1,11
R01_F01,1,1,12,12,Li,False,0.20392150267737236,0.5,1,12
R01_F02,1,2,12,1,Tsol,True,0.5276438011203735,0.25,1,1
R01_F02,1,2,12,2,Tage,True,0.47889841300223696,0.25,1,2
R01_F02,1,2,12,3,tage,True,0.2183178932099521,0.25,1,3
R01_F02,1,2,12,4,Zn,False,1.0,0.25,1,4
R01_F02,1,2,12,5,Mg,False,0.5189742006010339,0.25,1,5
R01_F02,1,2,12,6,Cu,False,0.3017825433688856,0.25,1,6
R01_F02,1,2,12,7,Ti,False,0.2455035483135583,0.25,1,7
R01_F02,1,2,12,8,Fe,False,0.22763239049196551,0.25,1,8
R01_F02,1,2,12,9,Si,False,0.19679412829701354,0.25,1,9
R01_F02,1,2,12,10,Zr,False,0.19556942388543555,0.25,1,10
R01_F02,1,2,12,11,Sc,False,0.1588784830610778,0.25,1,11
R01_F02,1,2,12,12,Cr,False,0.14599081101320854,0.25,1,12
R01_F03,1,3,12,1,Tsol,True,0.7226324950931308,0.75,1,1
R01_F03,1,3,12,2,Tage,True,0.42728963811502463,0.75,1,2
R01_F03,1,3,12,3,tage,True,0.06513955513609235,0.75,1,3
R01_F03,1,3,12,4,Zn,False,1.0,0.75,1,4
R01_F03,1,3,12,5,Mg,False,0.7563782692952103,0.75,1,5
R01_F03,1,3,12,6,Ti,False,0.4666151169572073,0.75,1,6
R01_F03,1,3,12,7,Fe,False,0.3823253039799393,0.75,1,7
R01_F03,1,3,12,8,Sc,False,0.373317817232802,0.75,1,8
R01_F03,1,3,12,9,Zr,False,0.3522523959278887,0.75,1,9
R01_F03,1,3,12,10,Si,False,0.3488451789980378,0.75,1,10
R01_F03,1,3,12,11,Cu,False,0.32640011688122,0.75,1,11
R01_F03,1,3,12,12,Cr,False,0.260828172666744,0.75,1,12
R01_F04,1,4,12,1,Tsol,True,0.5857419232189498,0.25,1,1
R01_F04,1,4,12,2,Tage,True,0.5095988947701513,0.25,1,2
R01_F04,1,4,12,3,tage,True,0.26833430630556876,0.25,1,3
R01_F04,1,4,12,4,Zn,False,1.0,0.25,1,4
R01_F04,1,4,12,5,Mg,False,0.5528132618871704,0.25,1,5
R01_F04,1,4,12,6,Cu,False,0.3533547941353595,0.25,1,6
R01_F04,1,4,12,7,Ti,False,0.277920233724819,0.25,1,7
R01_F04,1,4,12,8,Zr,False,0.2660311894622336,0.25,1,8
R01_F04,1,4,12,9,Fe,False,0.2254343900162642,0.25,1,9
R01_F04,1,4,12,10,Si,False,0.19384228627536554,0.25,1,10
R01_F04,1,4,12,11,Sc,False,0.18409251455757364,0.25,1,11
R01_F04,1,4,12,12,Li,False,0.17880625024178975,0.25,1,12
R01_F05,1,5,12,1,Tsol,True,0.7371005835190751,0.75,1,1
R01_F05,1,5,12,2,Tage,True,0.38023192715821574,0.75,1,2
R01_F05,1,5,12,3,tage,True,0.07548527309313509,0.75,1,3
R01_F05,1,5,12,4,Zn,False,1.0,0.75,1,4
R01_F05,1,5,12,5,Mg,False,0.7685488833103494,0.75,1,5
R01_F05,1,5,12,6,Ti,False,0.4122997815786315,0.75,1,6
R01_F05,1,5,12,7,Fe,False,0.402276393391065,0.75,1,7
R01_F05,1,5,12,8,Sc,False,0.38351266002065443,0.75,1,8
R01_F05,1,5,12,9,Si,False,0.34076676937982214,0.75,1,9
R01_F05,1,5,12,10,Zr,False,0.325275572649057,0.75,1,10
R01_F05,1,5,12,11,Cu,False,0.29542563107059516,0.75,1,11
R01_F05,1,5,12,12,Cr,False,0.28059934564315026,0.75,1,12
R02_F01,2,1,12,1,Tsol,True,0.5737162132010319,0.25,1,1
R02_F01,2,1,12,2,Tage,True,0.4373048472498781,0.25,1,2
R02_F01,2,1,12,3,tage,True,0.2529904305920819,0.25,1,3
R02_F01,2,1,12,4,Zn,False,1.0,0.25,1,4
R02_F01,2,1,12,5,Mg,False,0.5811271766183195,0.25,1,5
R02_F01,2,1,12,6,Ti,False,0.3607048649315158,0.25,1,6
R02_F01,2,1,12,7,Fe,False,0.2842863655849408,0.25,1,7
R02_F01,2,1,12,8,Cu,False,0.2824682343646491,0.25,1,8
R02_F01,2,1,12,9,Zr,False,0.2195423841237356,0.25,1,9
R02_F01,2,1,12,10,Si,False,0.2140800352485145,0.25,1,10
R02_F01,2,1,12,11,Sc,False,0.16682249914645422,0.25,1,11
R02_F01,2,1,12,12,Cr,False,0.15211520805999468,0.25,1,12
R02_F02,2,2,12,1,Tsol,True,0.7099744813602706,0.75,1,1
R02_F02,2,2,12,2,Tage,True,0.4222915976996525,0.75,1,2
R02_F02,2,2,12,3,tage,True,0.08757867695052343,0.75,1,3
R02_F02,2,2,12,4,Zn,False,1.0,0.75,1,4
R02_F02,2,2,12,5,Mg,False,0.72568220595325,0.75,1,5
R02_F02,2,2,12,6,Ti,False,0.3849492189092305,0.75,1,6
R02_F02,2,2,12,7,Fe,False,0.3714433984532912,0.75,1,7
R02_F02,2,2,12,8,Sc,False,0.35049268385806975,0.75,1,8
R02_F02,2,2,12,9,Si,False,0.3477104859270297,0.75,1,9
R02_F02,2,2,12,10,Zr,False,0.31182986108167426,0.75,1,10
R02_F02,2,2,12,11,Cu,False,0.29737024805126444,0.75,1,11
R02_F02,2,2,12,12,Cr,False,0.296361254302791,0.75,1,12
R02_F03,2,3,12,1,Tsol,True,0.7015080335599881,0.75,1,1
R02_F03,2,3,12,2,Tage,True,0.39596749730316494,0.75,1,2
R02_F03,2,3,12,3,tage,True,0.06312349361753143,0.75,1,3
R02_F03,2,3,12,4,Zn,False,1.0,0.75,1,4
R02_F03,2,3,12,5,Mg,False,0.7324857743305544,0.75,1,5
R02_F03,2,3,12,6,Ti,False,0.41700791909999513,0.75,1,6
R02_F03,2,3,12,7,Fe,False,0.3876065215298713,0.75,1,7
R02_F03,2,3,12,8,Si,False,0.35571084447095963,0.75,1,8
R02_F03,2,3,12,9,Sc,False,0.3506350522536717,0.75,1,9
R02_F03,2,3,12,10,Cr,False,0.3452727486871758,0.75,1,10
R02_F03,2,3,12,11,Zr,False,0.3286740525503158,0.75,1,11
R02_F03,2,3,12,12,Cu,False,0.31272748939638456,0.75,1,12
R02_F04,2,4,12,1,Tsol,True,0.7687293690998315,1.0,1,1
R02_F04,2,4,12,2,Tage,True,0.34479213154697197,1.0,1,2
R02_F04,2,4,12,3,tage,True,0.0,1.0,1,3
R02_F04,2,4,12,4,Zn,False,1.0,1.0,1,4
R02_F04,2,4,12,5,Mg,False,0.8612706590352617,1.0,1,5
R02_F04,2,4,12,6,Sc,False,0.4640036253086523,1.0,1,6
R02_F04,2,4,12,7,Ti,False,0.43713935953322003,1.0,1,7
R02_F04,2,4,12,8,Si,False,0.40982644166571386,1.0,1,8
R02_F04,2,4,12,9,Fe,False,0.3833324413760923,1.0,1,9
R02_F04,2,4,12,10,Zr,False,0.3448803086870645,1.0,1,10
R02_F04,2,4,12,11,Cu,False,0.2786159577022312,1.0,1,11
R02_F04,2,4,12,12,Li,False,0.27004971722047844,1.0,1,12
R02_F05,2,5,12,1,Tsol,True,0.43742074428160455,0.0,1,1
R02_F05,2,5,12,2,Tage,True,0.45461770952947556,0.0,1,2
R02_F05,2,5,12,3,tage,True,0.2855189871074952,0.0,1,3
R02_F05,2,5,12,4,Zn,False,1.0,0.0,1,4
R02_F05,2,5,12,5,Mg,False,0.45179576574352925,0.0,1,5
R02_F05,2,5,12,6,Cu,False,0.2813193796105323,0.0,1,6
R02_F05,2,5,12,7,Zr,False,0.1955338453976256,0.0,1,7
R02_F05,2,5,12,8,Ti,False,0.15388610242667342,0.0,1,8
R02_F05,2,5,12,9,Fe,False,0.13865184923509424,0.0,1,9
R02_F05,2,5,12,10,Li,False,0.13372163763638176,0.0,1,10
R02_F05,2,5,12,11,Si,False,0.11936698788435857,0.0,1,11
R02_F05,2,5,12,12,Mn,False,0.11616635495964472,0.0,1,12
R03_F01,3,1,12,1,Tsol,True,0.550987528371025,0.25,1,1
R03_F01,3,1,12,2,Tage,True,0.41958340871468575,0.25,1,2
R03_F01,3,1,12,3,tage,True,0.2096772074355151,0.25,1,3
R03_F01,3,1,12,4,Zn,False,1.0,0.25,1,4
R03_F01,3,1,12,5,Mg,False,0.509883115886623,0.25,1,5
R03_F01,3,1,12,6,Cu,False,0.32289755487569055,0.25,1,6
R03_F01,3,1,12,7,Fe,False,0.25872827190054326,0.25,1,7
R03_F01,3,1,12,8,Ti,False,0.23782089487689106,0.25,1,8
R03_F01,3,1,12,9,Zr,False,0.2369309855841366,0.25,1,9
R03_F01,3,1,12,10,Si,False,0.21380481209846317,0.25,1,10
R03_F01,3,1,12,11,Sc,False,0.20403051766698765,0.25,1,11
R03_F01,3,1,12,12,Li,False,0.17440394577124402,0.25,1,12
R03_F02,3,2,12,1,Tsol,True,0.6704319984867595,0.75,1,1
R03_F02,3,2,12,2,Tage,True,0.4099430558057521,0.75,1,2
R03_F02,3,2,12,3,tage,True,0.06880299735380781,0.75,1,3
R03_F02,3,2,12,4,Zn,False,1.0,0.75,1,4
R03_F02,3,2,12,5,Mg,False,0.7470429841859629,0.75,1,5
R03_F02,3,2,12,6,Ti,False,0.3721780179112897,0.75,1,6
R03_F02,3,2,12,7,Fe,False,0.35675638563149675,0.75,1,7
R03_F02,3,2,12,8,Si,False,0.33177483544008163,0.75,1,8
R03_F02,3,2,12,9,Sc,False,0.327993690334349,0.75,1,9
R03_F02,3,2,12,10,Zr,False,0.2926965880555126,0.75,1,10
R03_F02,3,2,12,11,Cu,False,0.2760240022094367,0.75,1,11
R03_F02,3,2,12,12,Li,False,0.23155704831786272,0.75,1,12
R03_F03,3,3,12,1,Tsol,True,0.6534519263523877,0.5,1,1
R03_F03,3,3,12,2,Tage,True,0.43585206609013194,0.5,1,2
R03_F03,3,3,12,3,tage,True,0.15915800845259115,0.5,1,3
R03_F03,3,3,12,4,Zn,False,1.0,0.5,1,4
R03_F03,3,3,12,5,Mg,False,0.6052722502753506,0.5,1,5
R03_F03,3,3,12,6,Ti,False,0.34184992078812665,0.5,1,6
R03_F03,3,3,12,7,Cu,False,0.29979410454273747,0.5,1,7
R03_F03,3,3,12,8,Fe,False,0.28467712966886005,0.5,1,8
R03_F03,3,3,12,9,Si,False,0.2675407995667187,0.5,1,9
R03_F03,3,3,12,10,Zr,False,0.2534670298315737,0.5,1,10
R03_F03,3,3,12,11,Sc,False,0.23976443149087343,0.5,1,11
R03_F03,3,3,12,12,Cr,False,0.18736228540128935,0.5,1,12
R03_F04,3,4,12,1,Tsol,True,0.6031333794171013,0.0,1,1
R03_F04,3,4,12,2,Tage,True,0.547637852192866,0.0,1,2
R03_F04,3,4,12,3,tage,True,0.35083384033350895,0.0,1,3
R03_F04,3,4,12,4,Zn,False,1.0,0.0,1,4
R03_F04,3,4,12,5,Mg,False,0.5010262579372777,0.0,1,5
R03_F04,3,4,12,6,Cu,False,0.42949467216878884,0.0,1,6
R03_F04,3,4,12,7,Ti,False,0.2805571854151015,0.0,1,7
R03_F04,3,4,12,8,Zr,False,0.22394966625761326,0.0,1,8
R03_F04,3,4,12,9,Fe,False,0.2050758247942751,0.0,1,9
R03_F04,3,4,12,10,Si,False,0.16789875872556229,0.0,1,10
R03_F04,3,4,12,11,Sc,False,0.16422957131932442,0.0,1,11
R03_F04,3,4,12,12,Cr,False,0.1617430296088672,0.0,1,12
R03_F05,3,5,12,1,Tsol,True,0.7108945964934584,0.75,1,1
R03_F05,3,5,12,2,Tage,True,0.4410592568414454,0.75,1,2
R03_F05,3,5,12,3,tage,True,0.07415767143665071,0.75,1,3
R03_F05,3,5,12,4,Zn,False,1.0,0.75,1,4
R03_F05,3,5,12,5,Mg,False,0.7540864526231843,0.75,1,5
R03_F05,3,5,12,6,Ti,False,0.4087219394806208,0.75,1,6
R03_F05,3,5,12,7,Fe,False,0.4075619369370025,0.75,1,7
R03_F05,3,5,12,8,Si,False,0.3786816512885444,0.75,1,8
R03_F05,3,5,12,9,Sc,False,0.371139095359906,0.75,1,9
R03_F05,3,5,12,10,Zr,False,0.32617380878523167,0.75,1,10
R03_F05,3,5,12,11,Cr,False,0.29742014217002316,0.75,1,11
R03_F05,3,5,12,12,Cu,False,0.2830080070179598,0.75,1,12
R04_F01,4,1,12,1,Tsol,True,0.5633022103244046,0.25,1,1
R04_F01,4,1,12,2,Tage,True,0.5038618075718828,0.25,1,2
R04_F01,4,1,12,3,tage,True,0.26820338289804924,0.25,1,3
R04_F01,4,1,12,4,Zn,False,1.0,0.25,1,4
R04_F01,4,1,12,5,Mg,False,0.5458728100391066,0.25,1,5
R04_F01,4,1,12,6,Cu,False,0.3469771203977599,0.25,1,6
R04_F01,4,1,12,7,Ti,False,0.30596106752912405,0.25,1,7
R04_F01,4,1,12,8,Fe,False,0.2794786521946637,0.25,1,8
R04_F01,4,1,12,9,Si,False,0.22066018348030528,0.25,1,9
R04_F01,4,1,12,10,Zr,False,0.18717593362122906,0.25,1,10
R04_F01,4,1,12,11,Sc,False,0.1736017766066618,0.25,1,11
R04_F01,4,1,12,12,Cr,False,0.15968904194140507,0.25,1,12
R04_F02,4,2,12,1,Tsol,True,0.6012809304498736,0.5,1,1
R04_F02,4,2,12,2,Tage,True,0.44472168743121065,0.5,1,2
R04_F02,4,2,12,3,tage,True,0.13054969581062645,0.5,1,3
R04_F02,4,2,12,4,Zn,False,1.0,0.5,1,4
R04_F02,4,2,12,5,Mg,False,0.6602713433898046,0.5,1,5
R04_F02,4,2,12,6,Cu,False,0.3184974381110471,0.5,1,6
R04_F02,4,2,12,7,Ti,False,0.3006780991157764,0.5,1,7
R04_F02,4,2,12,8,Si,False,0.2894627852401635,0.5,1,8
R04_F02,4,2,12,9,Fe,False,0.27097258055767476,0.5,1,9
R04_F02,4,2,12,10,Sc,False,0.23409889411686846,0.5,1,10
R04_F02,4,2,12,11,Zr,False,0.20926318194938484,0.5,1,11
R04_F02,4,2,12,12,Li,False,0.20332139810456834,0.5,1,12
R04_F03,4,3,12,1,Tsol,True,0.8406780946497425,1.0,1,1
R04_F03,4,3,12,2,Tage,True,0.3951888964399408,1.0,1,2
R04_F03,4,3,12,3,tage,True,0.0,1.0,1,3
R04_F03,4,3,12,4,Zn,False,1.0,1.0,1,4
R04_F03,4,3,12,5,Mg,False,0.8666305883135023,1.0,1,5
R04_F03,4,3,12,6,Ti,False,0.4962516849799524,1.0,1,6
R04_F03,4,3,12,7,Sc,False,0.48840290475398185,1.0,1,7
R04_F03,4,3,12,8,Fe,False,0.4503488383533312,1.0,1,8
R04_F03,4,3,12,9,Zr,False,0.4421188978414706,1.0,1,9
R04_F03,4,3,12,10,Si,False,0.4029676138057531,1.0,1,10
R04_F03,4,3,12,11,Cr,False,0.3217446972237193,1.0,1,11
R04_F03,4,3,12,12,Cu,False,0.30323718765819674,1.0,1,12
R04_F04,4,4,12,1,Tsol,True,0.6354715035838051,0.5,1,1
R04_F04,4,4,12,2,Tage,True,0.37205276958727473,0.5,1,2
R04_F04,4,4,12,3,tage,True,0.11619829745692586,0.5,1,3
R04_F04,4,4,12,4,Zn,False,1.0,0.5,1,4
R04_F04,4,4,12,5,Mg,False,0.6287051695540471,0.5,1,5
R04_F04,4,4,12,6,Ti,False,0.3302564933059068,0.5,1,6
R04_F04,4,4,12,7,Zr,False,0.29455193812834085,0.5,1,7
R04_F04,4,4,12,8,Fe,False,0.27781282718746336,0.5,1,8
R04_F04,4,4,12,9,Sc,False,0.2715615570118002,0.5,1,9
R04_F04,4,4,12,10,Cu,False,0.2710171791517809,0.5,1,10
R04_F04,4,4,12,11,Si,False,0.24371964795446183,0.5,1,11
R04_F04,4,4,12,12,Cr,False,0.22782367609558407,0.5,1,12
R04_F05,4,5,12,1,Tsol,True,0.7203530165181752,0.5,1,1
R04_F05,4,5,12,2,Tage,True,0.4740556508563135,0.5,1,2
R04_F05,4,5,12,3,tage,True,0.15641719838616228,0.5,1,3
R04_F05,4,5,12,4,Zn,False,1.0,0.5,1,4
R04_F05,4,5,12,5,Mg,False,0.66238387269725,0.5,1,5
R04_F05,4,5,12,6,Ti,False,0.35346175793900036,0.5,1,6
R04_F05,4,5,12,7,Cu,False,0.3202329175520082,0.5,1,7
R04_F05,4,5,12,8,Zr,False,0.3056557615163133,0.5,1,8
R04_F05,4,5,12,9,Fe,False,0.29541977242751255,0.5,1,9
R04_F05,4,5,12,10,Sc,False,0.29536725057199453,0.5,1,10
R04_F05,4,5,12,11,Si,False,0.28020935303861183,0.5,1,11
R04_F05,4,5,12,12,Cr,False,0.22593973211399904,0.5,1,12
R05_F01,5,1,12,1,Tsol,True,0.6488701774305103,0.5,1,1
R05_F01,5,1,12,2,Tage,True,0.4220042272722251,0.5,1,2
R05_F01,5,1,12,3,tage,True,0.17627683355727317,0.5,1,3
R05_F01,5,1,12,4,Zn,False,1.0,0.5,1,4
R05_F01,5,1,12,5,Mg,False,0.6481745355460055,0.5,1,5
R05_F01,5,1,12,6,Ti,False,0.33996157973924207,0.5,1,6
R05_F01,5,1,12,7,Cu,False,0.32785708096938315,0.5,1,7
R05_F01,5,1,12,8,Fe,False,0.3217245096605096,0.5,1,8
R05_F01,5,1,12,9,Zr,False,0.3216730179697851,0.5,1,9
R05_F01,5,1,12,10,Sc,False,0.28746663185380367,0.5,1,10
R05_F01,5,1,12,11,Si,False,0.28042442269017354,0.5,1,11
R05_F01,5,1,12,12,Cr,False,0.2249858304588081,0.5,1,12
R05_F02,5,2,12,1,Tsol,True,0.7128000406713658,0.75,1,1
R05_F02,5,2,12,2,Tage,True,0.43972737410693863,0.75,1,2
R05_F02,5,2,12,3,tage,True,0.08302812825795156,0.75,1,3
R05_F02,5,2,12,4,Zn,False,1.0,0.75,1,4
R05_F02,5,2,12,5,Mg,False,0.7247001762136361,0.75,1,5
R05_F02,5,2,12,6,Ti,False,0.42679764866943526,0.75,1,6
R05_F02,5,2,12,7,Fe,False,0.3544913738372054,0.75,1,7
R05_F02,5,2,12,8,Cu,False,0.32654840278113645,0.75,1,8
R05_F02,5,2,12,9,Si,False,0.31586430383726594,0.75,1,9
R05_F02,5,2,12,10,Sc,False,0.3133502193331135,0.75,1,10
R05_F02,5,2,12,11,Zr,False,0.25102184997686194,0.75,1,11
R05_F02,5,2,12,12,Cr,False,0.23160858594184205,0.75,1,12
R05_F03,5,3,12,1,Tsol,True,0.5943863938002417,0.25,1,1
R05_F03,5,3,12,2,Tage,True,0.5123214958052291,0.25,1,2
R05_F03,5,3,12,3,tage,True,0.2597846833330598,0.25,1,3
R05_F03,5,3,12,4,Zn,False,1.0,0.25,1,4
R05_F03,5,3,12,5,Mg,False,0.6241133980117233,0.25,1,5
R05_F03,5,3,12,6,Cu,False,0.3462404561540716,0.25,1,6
R05_F03,5,3,12,7,Ti,False,0.31343589402013106,0.25,1,7
R05_F03,5,3,12,8,Fe,False,0.26326752711250423,0.25,1,8
R05_F03,5,3,12,9,Si,False,0.2314706981824212,0.25,1,9
R05_F03,5,3,12,10,Zr,False,0.22879456113241506,0.25,1,10
R05_F03,5,3,12,11,Sc,False,0.1816859737574596,0.25,1,11
R05_F03,5,3,12,12,Li,False,0.16928781830668221,0.25,1,12
R05_F04,5,4,12,1,Tsol,True,0.5410617767581438,0.0,1,1
R05_F04,5,4,12,2,Tage,True,0.5380075022034742,0.0,1,2
R05_F04,5,4,12,3,tage,True,0.30645338636782093,0.0,1,3
R05_F04,5,4,12,4,Zn,False,1.0,0.0,1,4
R05_F04,5,4,12,5,Mg,False,0.44774837120514815,0.0,1,5
R05_F04,5,4,12,6,Cu,False,0.3395538427479309,0.0,1,6
R05_F04,5,4,12,7,Zr,False,0.23303921535663552,0.0,1,7
R05_F04,5,4,12,8,Ti,False,0.2267204021658992,0.0,1,8
R05_F04,5,4,12,9,Fe,False,0.1822945720107204,0.0,1,9
R05_F04,5,4,12,10,Si,False,0.16347718883236398,0.0,1,10
R05_F04,5,4,12,11,Mn,False,0.15872344395374552,0.0,1,11
R05_F04,5,4,12,12,Cr,False,0.12444943003227636,0.0,1,12
R05_F05,5,5,12,1,Tsol,True,0.7570868709052853,1.0,1,1
R05_F05,5,5,12,2,Tage,True,0.36275128898736375,1.0,1,2
R05_F05,5,5,12,3,tage,True,0.0,1.0,1,3
R05_F05,5,5,12,4,Zn,False,1.0,1.0,1,4
R05_F05,5,5,12,5,Mg,False,0.8455484746650874,1.0,1,5
R05_F05,5,5,12,6,Ti,False,0.43509134762846857,1.0,1,6
R05_F05,5,5,12,7,Sc,False,0.4240513381197583,1.0,1,7
R05_F05,5,5,12,8,Si,False,0.4067651593186531,1.0,1,8
R05_F05,5,5,12,9,Fe,False,0.40513456213152077,1.0,1,9
R05_F05,5,5,12,10,Zr,False,0.37047399393255126,1.0,1,10
R05_F05,5,5,12,11,Cr,False,0.3145202569988821,1.0,1,11
R05_F05,5,5,12,12,Cu,False,0.2704483759681588,1.0,1,12
R01_F01,1,1,13,1,Tsol,True,0.5134958636481454,0.0,1,1
R01_F01,1,1,13,2,Tage,True,0.48419265741596,0.0,1,2
R01_F01,1,1,13,3,tage,True,0.278386613165626,0.0,1,3
R01_F01,1,1,13,4,Zn,False,1.0,0.0,1,4
R01_F01,1,1,13,5,Mg,False,0.47784066916313134,0.0,1,5
R01_F01,1,1,13,6,Cu,False,0.30767205790786034,0.0,1,6
R01_F01,1,1,13,7,Fe,False,0.22288566629477424,0.0,1,7
R01_F01,1,1,13,8,Ti,False,0.2107038872011689,0.0,1,8
R01_F01,1,1,13,9,Zr,False,0.18214447781769108,0.0,1,9
R01_F01,1,1,13,10,Si,False,0.14726897210978443,0.0,1,10
R01_F01,1,1,13,11,Mn,False,0.12768099719967033,0.0,1,11
R01_F01,1,1,13,12,Li,False,0.12106374415206497,0.0,1,12
R01_F01,1,1,13,13,Sc,False,0.10450110751328548,0.0,1,13
R01_F02,1,2,13,1,Tsol,True,0.6962878706882999,0.75,1,1
R01_F02,1,2,13,2,Tage,True,0.43259136612229077,0.75,1,2
R01_F02,1,2,13,3,tage,True,0.07277263106998404,0.75,1,3
R01_F02,1,2,13,4,Zn,False,1.0,0.75,1,4
R01_F02,1,2,13,5,Mg,False,0.7327122635050988,0.75,1,5
R01_F02,1,2,13,6,Ti,False,0.36784815976991336,0.75,1,6
R01_F02,1,2,13,7,Si,False,0.35927207128364996,0.75,1,7
R01_F02,1,2,13,8,Fe,False,0.3523092107107275,0.75,1,8
R01_F02,1,2,13,9,Sc,False,0.3252405397923571,0.75,1,9
R01_F02,1,2,13,10,Cu,False,0.317049133599455,0.75,1,10
R01_F02,1,2,13,11,Zr,False,0.2615538124899332,0.75,1,11
R01_F02,1,2,13,12,Cr,False,0.24507000622744884,0.75,1,12
R01_F02,1,2,13,13,Li,False,0.2109040916190792,0.75,1,13
R01_F03,1,3,13,1,Tsol,True,0.5626905424067465,0.25,1,1
R01_F03,1,3,13,2,Tage,True,0.42003147693762727,0.25,1,2
R01_F03,1,3,13,3,tage,True,0.19541866540827704,0.25,1,3
R01_F03,1,3,13,4,Zn,False,1.0,0.25,1,4
R01_F03,1,3,13,5,Mg,False,0.5647005421572561,0.25,1,5
R01_F03,1,3,13,6,Ti,False,0.3802358043534232,0.25,1,6
R01_F03,1,3,13,7,Cu,False,0.3199706989109959,0.25,1,7
R01_F03,1,3,13,8,Fe,False,0.2797064808512558,0.25,1,8
R01_F03,1,3,13,9,Zr,False,0.2380995490079138,0.25,1,9
R01_F03,1,3,13,10,Si,False,0.21541661131764048,0.25,1,10
R01_F03,1,3,13,11,Sc,False,0.19312731412425954,0.25,1,11
R01_F03,1,3,13,12,Cr,False,0.16956602495437867,0.25,1,12
R01_F03,1,3,13,13,Mn,False,0.1363444376398964,0.25,1,13
R01_F04,1,4,13,1,Tsol,True,0.5857419232189498,0.25,1,1
R01_F04,1,4,13,2,Tage,True,0.5095988947701513,0.25,1,2
R01_F04,1,4,13,3,tage,True,0.26833430630556876,0.25,1,3
R01_F04,1,4,13,4,Zn,False,1.0,0.25,1,4
R01_F04,1,4,13,5,Mg,False,0.5528132618871704,0.25,1,5
R01_F04,1,4,13,6,Cu,False,0.3533547941353595,0.25,1,6
R01_F04,1,4,13,7,Ti,False,0.277920233724819,0.25,1,7
R01_F04,1,4,13,8,Zr,False,0.2660311894622336,0.25,1,8
R01_F04,1,4,13,9,Fe,False,0.2254343900162642,0.25,1,9
R01_F04,1,4,13,10,Si,False,0.19384228627536554,0.25,1,10
R01_F04,1,4,13,11,Sc,False,0.18409251455757364,0.25,1,11
R01_F04,1,4,13,12,Li,False,0.17880625024178975,0.25,1,12
R01_F04,1,4,13,13,Cr,False,0.1707425562060963,0.25,1,13
R01_F05,1,5,13,1,Tsol,True,0.810756983047903,1.0,1,1
R01_F05,1,5,13,2,Tage,True,0.35093269116186965,1.0,1,2
R01_F05,1,5,13,3,tage,True,0.0,1.0,1,3
R01_F05,1,5,13,4,Zn,False,1.0,1.0,1,4
R01_F05,1,5,13,5,Mg,False,0.8627371056388407,1.0,1,5
R01_F05,1,5,13,6,Sc,False,0.48258405769488755,1.0,1,6
R01_F05,1,5,13,7,Fe,False,0.4586568386507369,1.0,1,7
R01_F05,1,5,13,8,Ti,False,0.45552395660164824,1.0,1,8
R01_F05,1,5,13,9,Si,False,0.4093648333022402,1.0,1,9
R01_F05,1,5,13,10,Zr,False,0.3654258633006135,1.0,1,10
R01_F05,1,5,13,11,Cr,False,0.32235256685561753,1.0,1,11
R01_F05,1,5,13,12,Cu,False,0.2714125467691202,1.0,1,12
R01_F05,1,5,13,13,Be,False,0.2561130738919015,1.0,1,13
R02_F01,2,1,13,1,Tsol,True,0.69395743847471,0.75,1,1
R02_F01,2,1,13,2,Tage,True,0.3563229637623567,0.75,1,2
R02_F01,2,1,13,3,tage,True,0.08433014353069397,0.75,1,3
R02_F01,2,1,13,4,Zn,False,1.0,0.75,1,4
R02_F01,2,1,13,5,Mg,False,0.7640203975291713,0.75,1,5
R02_F01,2,1,13,6,Ti,False,0.44523457777396125,0.75,1,6
R02_F01,2,1,13,7,Fe,False,0.37692770171459977,0.75,1,7
R02_F01,2,1,13,8,Si,False,0.33371689048998865,0.75,1,8
R02_F01,2,1,13,9,Sc,False,0.32517995139493766,0.75,1,9
R02_F01,2,1,13,10,Zr,False,0.2925642265243801,0.75,1,10
R02_F01,2,1,13,11,Cu,False,0.24969911378686477,0.75,1,11
R02_F01,2,1,13,12,Cr,False,0.23076816820472956,0.75,1,12
R02_F01,2,1,13,13,Li,False,0.21368587041736645,0.75,1,13
R02_F02,2,2,13,1,Tsol,True,0.7099744813602706,0.75,1,1
R02_F02,2,2,13,2,Tage,True,0.4222915976996525,0.75,1,2
R02_F02,2,2,13,3,tage,True,0.08757867695052343,0.75,1,3
R02_F02,2,2,13,4,Zn,False,1.0,0.75,1,4
R02_F02,2,2,13,5,Mg,False,0.72568220595325,0.75,1,5
R02_F02,2,2,13,6,Ti,False,0.3849492189092305,0.75,1,6
R02_F02,2,2,13,7,Fe,False,0.3714433984532912,0.75,1,7
R02_F02,2,2,13,8,Sc,False,0.35049268385806975,0.75,1,8
R02_F02,2,2,13,9,Si,False,0.3477104859270297,0.75,1,9
R02_F02,2,2,13,10,Zr,False,0.31182986108167426,0.75,1,10
R02_F02,2,2,13,11,Cu,False,0.29737024805126444,0.75,1,11
R02_F02,2,2,13,12,Cr,False,0.296361254302791,0.75,1,12
R02_F02,2,2,13,13,Li,False,0.22410563622093052,0.75,1,13
R02_F03,2,3,13,1,Tsol,True,0.6262766079230586,0.5,1,1
R02_F03,2,3,13,2,Tage,True,0.39321269480276355,0.5,1,2
R02_F03,2,3,13,3,tage,True,0.12624698723506286,0.5,1,3
R02_F03,2,3,13,4,Zn,False,1.0,0.5,1,4
R02_F03,2,3,13,5,Mg,False,0.6268606702945347,0.5,1,5
R02_F03,2,3,13,6,Ti,False,0.3631453856975637,0.5,1,6
R02_F03,2,3,13,7,Fe,False,0.32920504890455937,0.5,1,7
R02_F03,2,3,13,8,Cu,False,0.3213559678891466,0.5,1,8
R02_F03,2,3,13,9,Cr,False,0.2869969558803638,0.5,1,9
R02_F03,2,3,13,10,Si,False,0.2844235126645701,0.5,1,10
R02_F03,2,3,13,11,Zr,False,0.28422787163322344,0.5,1,11
R02_F03,2,3,13,12,Sc,False,0.2651879632966749,0.5,1,12
R02_F03,2,3,13,13,Li,False,0.15399389588404927,0.5,1,13
R02_F04,2,4,13,1,Tsol,True,0.5318180575088318,0.0,1,1
R02_F04,2,4,13,2,Tage,True,0.5812137790812287,0.0,1,2
R02_F04,2,4,13,3,tage,True,0.33207596796145245,0.0,1,3
R02_F04,2,4,13,4,Zn,False,1.0,0.0,1,4
R02_F04,2,4,13,5,Mg,False,0.44141424779626554,0.0,1,5
R02_F04,2,4,13,6,Cu,False,0.34688705804349557,0.0,1,6
R02_F04,2,4,13,7,Ti,False,0.2631594318901997,0.0,1,7
R02_F04,2,4,13,8,Zr,False,0.21777912209026015,0.0,1,8
R02_F04,2,4,13,9,Fe,False,0.1808431165889946,0.0,1,9
R02_F04,2,4,13,10,Mn,False,0.1503123025175982,0.0,1,10
R02_F04,2,4,13,11,Li,False,0.14096934743778364,0.0,1,11
R02_F04,2,4,13,12,Cr,False,0.1279681636341873,0.0,1,12
R02_F04,2,4,13,13,Si,False,0.12554014045172682,0.0,1,13
R02_F05,2,5,13,1,Tsol,True,0.43742074428160455,0.0,1,1
R02_F05,2,5,13,2,Tage,True,0.45461770952947556,0.0,1,2
R02_F05,2,5,13,3,tage,True,0.2855189871074952,0.0,1,3
R02_F05,2,5,13,4,Zn,False,1.0,0.0,1,4
R02_F05,2,5,13,5,Mg,False,0.45179576574352925,0.0,1,5
R02_F05,2,5,13,6,Cu,False,0.2813193796105323,0.0,1,6
R02_F05,2,5,13,7,Zr,False,0.1955338453976256,0.0,1,7
R02_F05,2,5,13,8,Ti,False,0.15388610242667342,0.0,1,8
R02_F05,2,5,13,9,Fe,False,0.13865184923509424,0.0,1,9
R02_F05,2,5,13,10,Li,False,0.13372163763638176,0.0,1,10
R02_F05,2,5,13,11,Si,False,0.11936698788435857,0.0,1,11
R02_F05,2,5,13,12,Mn,False,0.11616635495964472,0.0,1,12
R02_F05,2,5,13,13,Cr,False,0.0877395868798124,0.0,1,13
R03_F01,3,1,13,1,Tsol,True,0.4738986606136325,0.0,1,1
R03_F01,3,1,13,2,Tage,True,0.41717431725856424,0.0,1,2
R03_F01,3,1,13,3,tage,True,0.27956960991402013,0.0,1,3
R03_F01,3,1,13,4,Zn,False,1.0,0.0,1,4
R03_F01,3,1,13,5,Mg,False,0.39709397614911696,0.0,1,5
R03_F01,3,1,13,6,Cu,False,0.31459838755263075,0.0,1,6
R03_F01,3,1,13,7,Zr,False,0.20487564859756613,0.0,1,7
R03_F01,3,1,13,8,Fe,False,0.2013020155018426,0.0,1,8
R03_F01,3,1,13,9,Ti,False,0.17018780123311056,0.0,1,9
R03_F01,3,1,13,10,Si,False,0.1415969389193722,0.0,1,10
R03_F01,3,1,13,11,Li,False,0.14071923320659177,0.0,1,11
R03_F01,3,1,13,12,Mn,False,0.14027730620917866,0.0,1,12
R03_F01,3,1,13,13,Sc,False,0.1350443489365735,0.0,1,13
R03_F02,3,2,13,1,Tsol,True,0.598037335589348,0.5,1,1
R03_F02,3,2,13,2,Tage,True,0.4223160023261326,0.5,1,2
R03_F02,3,2,13,3,tage,True,0.13760599470761561,0.5,1,3
R03_F02,3,2,13,4,Zn,False,1.0,0.5,1,4
R03_F02,3,2,13,5,Mg,False,0.6498482449265699,0.5,1,5
R03_F02,3,2,13,6,Ti,False,0.32348265794175857,0.5,1,6
R03_F02,3,2,13,7,Fe,False,0.31046032293289244,0.5,1,7
R03_F02,3,2,13,8,Cu,False,0.28665483848372497,0.5,1,8
R03_F02,3,2,13,9,Si,False,0.2607660479678196,0.5,1,9
R03_F02,3,2,13,10,Sc,False,0.25099212694523465,0.5,1,10
R03_F02,3,2,13,11,Zr,False,0.24889245885335642,0.5,1,11
R03_F02,3,2,13,12,Li,False,0.1928670527605837,0.5,1,12
R03_F02,3,2,13,13,Cr,False,0.15917657591932266,0.5,1,13
R03_F03,3,3,13,1,Tsol,True,0.720482014048018,0.75,1,1
R03_F03,3,3,13,2,Tage,True,0.39365472382302125,0.75,1,2
R03_F03,3,3,13,3,tage,True,0.07957900422629557,0.75,1,3
R03_F03,3,3,13,4,Zn,False,1.0,0.75,1,4
R03_F03,3,3,13,5,Mg,False,0.709303902688839,0.75,1,5
R03_F03,3,3,13,6,Ti,False,0.39196433765148003,0.75,1,6
R03_F03,3,3,13,7,Si,False,0.33846561480772425,0.75,1,7
R03_F03,3,3,13,8,Fe,False,0.3381242144786885,0.75,1,8
R03_F03,3,3,13,9,Sc,False,0.31705282830646436,0.75,1,9
R03_F03,3,3,13,10,Cu,False,0.3037239402639506,0.75,1,10
R03_F03,3,3,13,11,Zr,False,0.28403868910690083,0.75,1,11
R03_F03,3,3,13,12,Cr,False,0.229422332920638,0.75,1,12
R03_F03,3,3,13,13,Li,False,0.20702928182343572,0.75,1,13
R03_F04,3,4,13,1,Tsol,True,0.7479782346046556,0.75,1,1
R03_F04,3,4,13,2,Tage,True,0.40695497984925927,0.75,1,2
R03_F04,3,4,13,3,tage,True,0.08770846008337724,0.75,1,3
R03_F04,3,4,13,4,Zn,False,1.0,0.75,1,4
R03_F04,3,4,13,5,Mg,False,0.7982380699267279,0.75,1,5
R03_F04,3,4,13,6,Ti,False,0.4402651573847172,0.75,1,6
R03_F04,3,4,13,7,Sc,False,0.40563486120600545,0.75,1,7
R03_F04,3,4,13,8,Zr,False,0.33343428358162897,0.75,1,8
R03_F04,3,4,13,9,Fe,False,0.3290918030133131,0.75,1,9
R03_F04,3,4,13,10,Cu,False,0.3275272231469657,0.75,1,10
R03_F04,3,4,13,11,Si,False,0.32461443665075623,0.75,1,11
R03_F04,3,4,13,12,Cr,False,0.30756078076249843,0.75,1,12
R03_F04,3,4,13,13,Li,False,0.19863615074872193,0.75,1,13
R03_F05,3,5,13,1,Tsol,True,0.5777316605053209,0.25,1,1
R03_F05,3,5,13,2,Tage,True,0.4634655774455765,0.25,1,2
R03_F05,3,5,13,3,tage,True,0.22247301430995214,0.25,1,3
R03_F05,3,5,13,4,Zn,False,1.0,0.25,1,4
R03_F05,3,5,13,5,Mg,False,0.5668970509396735,0.25,1,5
R03_F05,3,5,13,6,Fe,False,0.3173215777570432,0.25,1,6
R03_F05,3,5,13,7,Ti,False,0.30993995413030756,0.25,1,7
R03_F05,3,5,13,8,Cu,False,0.2983710273651705,0.25,1,8
R03_F05,3,5,13,9,Zr,False,0.25138274938251587,0.25,1,9
R03_F05,3,5,13,10,Si,False,0.22626020876491512,0.25,1,10
R03_F05,3,5,13,11,Sc,False,0.2000835132849718,0.25,1,11
R03_F05,3,5,13,12,Cr,False,0.19553211182672026,0.25,1,12
R03_F05,3,5,13,13,Li,False,0.1625126263346118,0.25,1,13
R04_F01,4,1,13,1,Tsol,True,0.624345230477283,0.5,1,1
R04_F01,4,1,13,2,Tage,True,0.46880856850543,0.5,1,2
R04_F01,4,1,13,3,tage,True,0.17880225526536617,0.5,1,3
R04_F01,4,1,13,4,Zn,False,1.0,0.5,1,4
R04_F01,4,1,13,5,Mg,False,0.6401236482452348,0.5,1,5
R04_F01,4,1,13,6,Ti,False,0.36765719817553455,0.5,1,6
R04_F01,4,1,13,7,Cu,False,0.34154495662402135,0.5,1,7
R04_F01,4,1,13,8,Fe,False,0.3414753738619103,0.5,1,8
R04_F01,4,1,13,9,Si,False,0.2972441314841763,0.5,1,9
R04_F01,4,1,13,10,Sc,False,0.25104690485401254,0.5,1,10
R04_F01,4,1,13,11,Zr,False,0.21908969368625653,0.5,1,11
R04_F01,4,1,13,12,Cr,False,0.19990997964515742,0.5,1,12
R04_F01,4,1,13,13,Li,False,0.17251503592604508,0.5,1,13
R04_F02,4,2,13,1,Tsol,True,0.6659689477848211,0.75,1,1
R04_F02,4,2,13,2,Tage,True,0.4717175555237832,0.75,1,2
R04_F02,4,2,13,3,tage,True,0.06527484790531322,0.75,1,3
R04_F02,4,2,13,4,Zn,False,1.0,0.75,1,4
R04_F02,4,2,13,5,Mg,False,0.7541995081729873,0.75,1,5
R04_F02,4,2,13,6,Si,False,0.3617289749997997,0.75,1,6
R04_F02,4,2,13,7,Ti,False,0.3464759390348511,0.75,1,7
R04_F02,4,2,13,8,Cu,False,0.32406339972296416,0.75,1,8
R04_F02,4,2,13,9,Fe,False,0.30806829194886576,0.75,1,9
R04_F02,4,2,13,10,Sc,False,0.2940599558916976,0.75,1,10
R04_F02,4,2,13,11,Li,False,0.23273610196377467,0.75,1,11
R04_F02,4,2,13,12,Zr,False,0.2129403557667974,0.75,1,12
R04_F02,4,2,13,13,Cr,False,0.17370779473926645,0.75,1,13
R04_F03,4,3,13,1,Tsol,True,0.6141101999803606,0.0,1,1
R04_F03,4,3,13,2,Tage,True,0.5635795081570761,0.0,1,2
R04_F03,4,3,13,3,tage,True,0.39590719509387423,0.0,1,3
R04_F03,4,3,13,4,Zn,False,1.0,0.0,1,4
R04_F03,4,3,13,5,Mg,False,0.5250231433176534,0.0,1,5
R04_F03,4,3,13,6,Cu,False,0.391441185260272,0.0,1,6
R04_F03,4,3,13,7,Ti,False,0.2893293445902875,0.0,1,7
R04_F03,4,3,13,8,Fe,False,0.2488682515307951,0.0,1,8
R04_F03,4,3,13,9,Zr,False,0.24054535875338212,0.0,1,9
R04_F03,4,3,13,10,Mn,False,0.17688489491290002,0.0,1,10
R04_F03,4,3,13,11,Cr,False,0.1604463198595307,0.0,1,11
R04_F03,4,3,13,12,Si,False,0.1508488133859003,0.0,1,12
R04_F03,4,3,13,13,Li,False,0.12540700707820096,0.0,1,13
R04_F04,4,4,13,1,Tsol,True,0.6354715035838051,0.5,1,1
R04_F04,4,4,13,2,Tage,True,0.37205276958727473,0.5,1,2
R04_F04,4,4,13,3,tage,True,0.11619829745692586,0.5,1,3
R04_F04,4,4,13,4,Zn,False,1.0,0.5,1,4
R04_F04,4,4,13,5,Mg,False,0.6287051695540471,0.5,1,5
R04_F04,4,4,13,6,Ti,False,0.3302564933059068,0.5,1,6
R04_F04,4,4,13,7,Zr,False,0.29455193812834085,0.5,1,7
R04_F04,4,4,13,8,Fe,False,0.27781282718746336,0.5,1,8
R04_F04,4,4,13,9,Sc,False,0.2715615570118002,0.5,1,9
R04_F04,4,4,13,10,Cu,False,0.2710171791517809,0.5,1,10
R04_F04,4,4,13,11,Si,False,0.24371964795446183,0.5,1,11
R04_F04,4,4,13,12,Cr,False,0.22782367609558407,0.5,1,12
R04_F04,4,4,13,13,Li,False,0.1921411463542415,0.5,1,13
R04_F05,4,5,13,1,Tsol,True,0.7702967259075566,0.75,1,1
R04_F05,4,5,13,2,Tage,True,0.41489182520101775,0.75,1,2
R04_F05,4,5,13,3,tage,True,0.07820859919308114,0.75,1,3
R04_F05,4,5,13,4,Zn,False,1.0,0.75,1,4
R04_F05,4,5,13,5,Mg,False,0.7660603658984031,0.75,1,5
R04_F05,4,5,13,6,Ti,False,0.389699144491929,0.75,1,6
R04_F05,4,5,13,7,Sc,False,0.3741300688642695,0.75,1,7
R04_F05,4,5,13,8,Si,False,0.34591908542817534,0.75,1,8
R04_F05,4,5,13,9,Fe,False,0.3425617668449532,0.75,1,9
R04_F05,4,5,13,10,Zr,False,0.33924813260971015,0.75,1,10
R04_F05,4,5,13,11,Cu,False,0.29441650606072245,0.75,1,11
R04_F05,4,5,13,12,Cr,False,0.2727264117667459,0.75,1,12
R04_F05,4,5,13,13,Li,False,0.21546568652762677,0.75,1,13
R05_F01,5,1,13,1,Tsol,True,0.7156992008552403,0.75,1,1
R05_F01,5,1,13,2,Tage,True,0.4177866879837399,0.75,1,2
R05_F01,5,1,13,3,tage,True,0.08813841677863658,0.75,1,3
R05_F01,5,1,13,4,Zn,False,1.0,0.75,1,4
R05_F01,5,1,13,5,Mg,False,0.7384422137214834,0.75,1,5
R05_F01,5,1,13,6,Ti,False,0.40345810033003804,0.75,1,6
R05_F01,5,1,13,7,Fe,False,0.3777192589884594,0.75,1,7
R05_F01,5,1,13,8,Sc,False,0.37516650863408185,0.75,1,8
R05_F01,5,1,13,9,Zr,False,0.36439869478108927,0.75,1,9
R05_F01,5,1,13,10,Si,False,0.35800399867661775,0.75,1,10
R05_F01,5,1,13,11,Cu,False,0.3169968388659704,0.75,1,11
R05_F01,5,1,13,12,Cr,False,0.2752426401091803,0.75,1,12
R05_F01,5,1,13,13,Li,False,0.23347838712577,0.75,1,13
R05_F02,5,2,13,1,Tsol,True,0.5750749317557096,0.25,1,1
R05_F02,5,2,13,2,Tage,True,0.4965396164392598,0.25,1,2
R05_F02,5,2,13,3,tage,True,0.24908438477385467,0.25,1,3
R05_F02,5,2,13,4,Zn,False,1.0,0.25,1,4
R05_F02,5,2,13,5,Mg,False,0.5142406328475102,0.25,1,5
R05_F02,5,2,13,6,Cu,False,0.30653551590039685,0.25,1,6
R05_F02,5,2,13,7,Ti,False,0.30180980447733563,0.25,1,7
R05_F02,5,2,13,8,Fe,False,0.26306917323125956,0.25,1,8
R05_F02,5,2,13,9,Si,False,0.19783212043117104,0.25,1,9
R05_F02,5,2,13,10,Zr,False,0.18839873571634952,0.25,1,10
R05_F02,5,2,13,11,Cr,False,0.16912664116665405,0.25,1,11
R05_F02,5,2,13,12,Sc,False,0.16437850177558885,0.25,1,12
R05_F02,5,2,13,13,Li,False,0.12444701235635999,0.25,1,13
R05_F03,5,3,13,1,Tsol,True,0.5362999194593941,0.0,1,1
R05_F03,5,3,13,2,Tage,True,0.552401321964656,0.0,1,2
R05_F03,5,3,13,3,tage,True,0.3463795777774131,0.0,1,3
R05_F03,5,3,13,4,Zn,False,1.0,0.0,1,4
R05_F03,5,3,13,5,Mg,False,0.5404369126694714,0.0,1,5
R05_F03,5,3,13,6,Cu,False,0.36297532713572495,0.0,1,6
R05_F03,5,3,13,7,Ti,False,0.26722843700788473,0.0,1,7
R05_F03,5,3,13,8,Fe,False,0.20447550053306454,0.0,1,8
R05_F03,5,3,13,9,Zr,False,0.1983773826684303,0.0,1,9
R05_F03,5,3,13,10,Mn,False,0.1608241679859811,0.0,1,10
R05_F03,5,3,13,11,Si,False,0.15209488387094772,0.0,1,11
R05_F03,5,3,13,12,Li,False,0.1346163879170092,0.0,1,12
R05_F03,5,3,13,13,Cr,False,0.13057587369609944,0.0,1,13
R05_F04,5,4,13,1,Tsol,True,0.7885419400132696,1.0,1,1
R05_F04,5,4,13,2,Tage,True,0.3781859964797433,1.0,1,2
R05_F04,5,4,13,3,tage,True,0.013497193444101625,1.0,1,3
R05_F04,5,4,13,4,Zn,False,1.0,1.0,1,4
R05_F04,5,4,13,5,Mg,False,0.8699762157874582,1.0,1,5
R05_F04,5,4,13,6,Sc,False,0.4433717471876012,1.0,1,6
R05_F04,5,4,13,7,Ti,False,0.44254950578515834,1.0,1,7
R05_F04,5,4,13,8,Si,False,0.394153208315755,1.0,1,8
R05_F04,5,4,13,9,Fe,False,0.37230723535453486,1.0,1,9
R05_F04,5,4,13,10,Zr,False,0.3412705551997995,1.0,1,10
R05_F04,5,4,13,11,Cr,False,0.29113719397099197,1.0,1,11
R05_F04,5,4,13,12,Cu,False,0.28384606919850985,1.0,1,12
R05_F04,5,4,13,13,Be,False,0.26998046697602185,1.0,1,13
R05_F05,5,5,13,1,Tsol,True,0.5392480509852103,0.0,1,1
R05_F05,5,5,13,2,Tage,True,0.4713427221562396,0.0,1,2
R05_F05,5,5,13,3,tage,True,0.2646161454509445,0.0,1,3
R05_F05,5,5,13,4,Zn,False,1.0,0.0,1,4
R05_F05,5,5,13,5,Mg,False,0.45900585995851584,0.0,1,5
R05_F05,5,5,13,6,Cu,False,0.3198475013859235,0.0,1,6
R05_F05,5,5,13,7,Fe,False,0.2619390943875339,0.0,1,7
R05_F05,5,5,13,8,Ti,False,0.2549156696732801,0.0,1,8
R05_F05,5,5,13,9,Zr,False,0.23723529803302734,0.0,1,9
R05_F05,5,5,13,10,Li,False,0.14293674979915783,0.0,1,10
R05_F05,5,5,13,11,Mn,False,0.1378803684396271,0.0,1,11
R05_F05,5,5,13,12,Si,False,0.13427551341899824,0.0,1,12
R05_F05,5,5,13,13,Cr,False,0.1325475692939183,0.0,1,13
R01_F01,1,1,14,1,Tsol,True,0.714675188959645,0.75,1,1
R01_F01,1,1,14,2,Tage,True,0.40069983104011353,0.75,1,2
R01_F01,1,1,14,3,tage,True,0.0695966532914065,0.75,1,3
R01_F01,1,1,14,4,Zn,False,1.0,0.75,1,4
R01_F01,1,1,14,5,Mg,False,0.7524275720971864,0.75,1,5
R01_F01,1,1,14,6,Ti,False,0.3748316197829695,0.75,1,6
R01_F01,1,1,14,7,Si,False,0.33299887178131254,0.75,1,7
R01_F01,1,1,14,8,Fe,False,0.32376232131467697,0.75,1,8
R01_F01,1,1,14,9,Sc,False,0.31399617426516324,0.75,1,9
R01_F01,1,1,14,10,Cu,False,0.2952066962986093,0.75,1,10
R01_F01,1,1,14,11,Zr,False,0.2551933594421248,0.75,1,11
R01_F01,1,1,14,12,Li,False,0.24535038194002606,0.75,1,12
R01_F01,1,1,14,13,Cr,False,0.17029108389737233,0.75,1,13
R01_F01,1,1,14,14,Be,False,0.12171477125784871,0.75,1,14
R01_F02,1,2,14,1,Tsol,True,0.5276438011203735,0.25,1,1
R01_F02,1,2,14,2,Tage,True,0.47889841300223696,0.25,1,2
R01_F02,1,2,14,3,tage,True,0.2183178932099521,0.25,1,3
R01_F02,1,2,14,4,Zn,False,1.0,0.25,1,4
R01_F02,1,2,14,5,Mg,False,0.5189742006010339,0.25,1,5
R01_F02,1,2,14,6,Cu,False,0.3017825433688856,0.25,1,6
R01_F02,1,2,14,7,Ti,False,0.2455035483135583,0.25,1,7
R01_F02,1,2,14,8,Fe,False,0.22763239049196551,0.25,1,8
R01_F02,1,2,14,9,Si,False,0.19679412829701354,0.25,1,9
R01_F02,1,2,14,10,Zr,False,0.19556942388543555,0.25,1,10
R01_F02,1,2,14,11,Sc,False,0.1588784830610778,0.25,1,11
R01_F02,1,2,14,12,Cr,False,0.14599081101320854,0.25,1,12
R01_F02,1,2,14,13,Li,False,0.14046470214165713,0.25,1,13
R01_F02,1,2,14,14,Mn,False,0.11858353724946175,0.25,1,14
R01_F03,1,3,14,1,Tsol,True,0.5626905424067465,0.25,1,1
R01_F03,1,3,14,2,Tage,True,0.42003147693762727,0.25,1,2
R01_F03,1,3,14,3,tage,True,0.19541866540827704,0.25,1,3
R01_F03,1,3,14,4,Zn,False,1.0,0.25,1,4
R01_F03,1,3,14,5,Mg,False,0.5647005421572561,0.25,1,5
R01_F03,1,3,14,6,Ti,False,0.3802358043534232,0.25,1,6
R01_F03,1,3,14,7,Cu,False,0.3199706989109959,0.25,1,7
R01_F03,1,3,14,8,Fe,False,0.2797064808512558,0.25,1,8
R01_F03,1,3,14,9,Zr,False,0.2380995490079138,0.25,1,9
R01_F03,1,3,14,10,Si,False,0.21541661131764048,0.25,1,10
R01_F03,1,3,14,11,Sc,False,0.19312731412425954,0.25,1,11
R01_F03,1,3,14,12,Cr,False,0.16956602495437867,0.25,1,12
R01_F03,1,3,14,13,Mn,False,0.1363444376398964,0.25,1,13
R01_F03,1,3,14,14,Li,False,0.13088898192767598,0.25,1,14
R01_F04,1,4,14,1,Tsol,True,0.7775937026864538,1.0,1,1
R01_F04,1,4,14,2,Tage,True,0.3918557978068861,1.0,1,2
R01_F04,1,4,14,3,tage,True,0.0,1.0,1,3
R01_F04,1,4,14,4,Zn,False,1.0,1.0,1,4
R01_F04,1,4,14,5,Mg,False,0.8495700822665718,1.0,1,5
R01_F04,1,4,14,6,Ti,False,0.4372642062087603,1.0,1,6
R01_F04,1,4,14,7,Si,False,0.41600026277448326,1.0,1,7
R01_F04,1,4,14,8,Sc,False,0.4076939404347217,1.0,1,8
R01_F04,1,4,14,9,Fe,False,0.3853331392740264,1.0,1,9
R01_F04,1,4,14,10,Zr,False,0.3727552604788312,1.0,1,10
R01_F04,1,4,14,11,Cr,False,0.3410702486179939,1.0,1,11
R01_F04,1,4,14,12,Li,False,0.28762030449195136,1.0,1,12
R01_F04,1,4,14,13,Cu,False,0.26623739264868207,1.0,1,13
R01_F04,1,4,14,14,Ni,False,0.16214712805916298,1.0,1,14
R01_F05,1,5,14,1,Tsol,True,0.810756983047903,1.0,1,1
R01_F05,1,5,14,2,Tage,True,0.35093269116186965,1.0,1,2
R01_F05,1,5,14,3,tage,True,0.0,1.0,1,3
R01_F05,1,5,14,4,Zn,False,1.0,1.0,1,4
R01_F05,1,5,14,5,Mg,False,0.8627371056388407,1.0,1,5
R01_F05,1,5,14,6,Sc,False,0.48258405769488755,1.0,1,6
R01_F05,1,5,14,7,Fe,False,0.4586568386507369,1.0,1,7
R01_F05,1,5,14,8,Ti,False,0.45552395660164824,1.0,1,8
R01_F05,1,5,14,9,Si,False,0.4093648333022402,1.0,1,9
R01_F05,1,5,14,10,Zr,False,0.3654258633006135,1.0,1,10
R01_F05,1,5,14,11,Cr,False,0.32235256685561753,1.0,1,11
R01_F05,1,5,14,12,Cu,False,0.2714125467691202,1.0,1,12
R01_F05,1,5,14,13,Be,False,0.2561130738919015,1.0,1,13
R01_F05,1,5,14,14,Li,False,0.2120581500596521,1.0,1,14
R02_F01,2,1,14,1,Tsol,True,0.69395743847471,0.75,1,1
R02_F01,2,1,14,2,Tage,True,0.3563229637623567,0.75,1,2
R02_F01,2,1,14,3,tage,True,0.08433014353069397,0.75,1,3
R02_F01,2,1,14,4,Zn,False,1.0,0.75,1,4
R02_F01,2,1,14,5,Mg,False,0.7640203975291713,0.75,1,5
R02_F01,2,1,14,6,Ti,False,0.44523457777396125,0.75,1,6
R02_F01,2,1,14,7,Fe,False,0.37692770171459977,0.75,1,7
R02_F01,2,1,14,8,Si,False,0.33371689048998865,0.75,1,8
R02_F01,2,1,14,9,Sc,False,0.32517995139493766,0.75,1,9
R02_F01,2,1,14,10,Zr,False,0.2925642265243801,0.75,1,10
R02_F01,2,1,14,11,Cu,False,0.24969911378686477,0.75,1,11
R02_F01,2,1,14,12,Cr,False,0.23076816820472956,0.75,1,12
R02_F01,2,1,14,13,Li,False,0.21368587041736645,0.75,1,13
R02_F01,2,1,14,14,Be,False,0.1329340837909094,0.75,1,14
R02_F02,2,2,14,1,Tsol,True,0.5163331889516176,0.0,1,1
R02_F02,2,2,14,2,Tage,True,0.5187981025041845,0.0,1,2
R02_F02,2,2,14,3,tage,True,0.3503147078020937,0.0,1,3
R02_F02,2,2,14,4,Zn,False,1.0,0.0,1,4
R02_F02,2,2,14,5,Mg,False,0.4334327370803523,0.0,1,5
R02_F02,2,2,14,6,Cu,False,0.37102396585797076,0.0,1,6
R02_F02,2,2,14,7,Fe,False,0.25480908134967606,0.0,1,7
R02_F02,2,2,14,8,Zr,False,0.240832076374588,0.0,1,8
R02_F02,2,2,14,9,Ti,False,0.21951982504330084,0.0,1,9
R02_F02,2,2,14,10,Si,False,0.16934821656942073,0.0,1,10
R02_F02,2,2,14,11,Li,False,0.15531378392318687,0.0,1,11
R02_F02,2,2,14,12,Mn,False,0.14653536522419697,0.0,1,12
R02_F02,2,2,14,13,Cr,False,0.1352656996657308,0.0,1,13
R02_F02,2,2,14,14,Sc,False,0.1003172565760978,0.0,1,14
R02_F03,2,3,14,1,Tsol,True,0.4758137566491996,0.0,1,1
R02_F03,2,3,14,2,Tage,True,0.3877030898019608,0.0,1,2
R02_F03,2,3,14,3,tage,True,0.2524939744701257,0.0,1,3
R02_F03,2,3,14,4,Zn,False,1.0,0.0,1,4
R02_F03,2,3,14,5,Mg,False,0.4156104622224952,0.0,1,5
R02_F03,2,3,14,6,Cu,False,0.3386129248746707,0.0,1,6
R02_F03,2,3,14,7,Ti,False,0.25542031889270084,0.0,1,7
R02_F03,2,3,14,8,Fe,False,0.2124021036539356,0.0,1,8
R02_F03,2,3,14,9,Zr,False,0.19533550979903866,0.0,1,9
R02_F03,2,3,14,10,Cr,False,0.1704453702667398,0.0,1,10
R02_F03,2,3,14,11,Mn,False,0.14782037618591218,0.0,1,11
R02_F03,2,3,14,12,Si,False,0.14184884905179101,0.0,1,12
R02_F03,2,3,14,13,Li,False,0.1051205684674697,0.0,1,13
R02_F03,2,3,14,14,Sc,False,0.09429378538268117,0.0,1,14
R02_F04,2,4,14,1,Tsol,True,0.5318180575088318,0.0,1,1
R02_F04,2,4,14,2,Tage,True,0.5812137790812287,0.0,1,2
R02_F04,2,4,14,3,tage,True,0.33207596796145245,0.0,1,3
R02_F04,2,4,14,4,Zn,False,1.0,0.0,1,4
R02_F04,2,4,14,5,Mg,False,0.44141424779626554,0.0,1,5
R02_F04,2,4,14,6,Cu,False,0.34688705804349557,0.0,1,6
R02_F04,2,4,14,7,Ti,False,0.2631594318901997,0.0,1,7
R02_F04,2,4,14,8,Zr,False,0.21777912209026015,0.0,1,8
R02_F04,2,4,14,9,Fe,False,0.1808431165889946,0.0,1,9
R02_F04,2,4,14,10,Mn,False,0.1503123025175982,0.0,1,10
R02_F04,2,4,14,11,Li,False,0.14096934743778364,0.0,1,11
R02_F04,2,4,14,12,Cr,False,0.1279681636341873,0.0,1,12
R02_F04,2,4,14,13,Si,False,0.12554014045172682,0.0,1,13
R02_F04,2,4,14,14,Sc,False,0.11142363053497209,0.0,1,14
R02_F05,2,5,14,1,Tsol,True,0.43742074428160455,0.0,1,1
R02_F05,2,5,14,2,Tage,True,0.45461770952947556,0.0,1,2
R02_F05,2,5,14,3,tage,True,0.2855189871074952,0.0,1,3
R02_F05,2,5,14,4,Zn,False,1.0,0.0,1,4
R02_F05,2,5,14,5,Mg,False,0.45179576574352925,0.0,1,5
R02_F05,2,5,14,6,Cu,False,0.2813193796105323,0.0,1,6
R02_F05,2,5,14,7,Zr,False,0.1955338453976256,0.0,1,7
R02_F05,2,5,14,8,Ti,False,0.15388610242667342,0.0,1,8
R02_F05,2,5,14,9,Fe,False,0.13865184923509424,0.0,1,9
R02_F05,2,5,14,10,Li,False,0.13372163763638176,0.0,1,10
R02_F05,2,5,14,11,Si,False,0.11936698788435857,0.0,1,11
R02_F05,2,5,14,12,Mn,False,0.11616635495964472,0.0,1,12
R02_F05,2,5,14,13,Cr,False,0.0877395868798124,0.0,1,13
R02_F05,2,5,14,14,Sc,False,0.08458878750981338,0.0,1,14
R03_F01,3,1,14,1,Tsol,True,0.4738986606136325,0.0,1,1
R03_F01,3,1,14,2,Tage,True,0.41717431725856424,0.0,1,2
R03_F01,3,1,14,3,tage,True,0.27956960991402013,0.0,1,3
R03_F01,3,1,14,4,Zn,False,1.0,0.0,1,4
R03_F01,3,1,14,5,Mg,False,0.39709397614911696,0.0,1,5
R03_F01,3,1,14,6,Cu,False,0.31459838755263075,0.0,1,6
R03_F01,3,1,14,7,Zr,False,0.20487564859756613,0.0,1,7
R03_F01,3,1,14,8,Fe,False,0.2013020155018426,0.0,1,8
R03_F01,3,1,14,9,Ti,False,0.17018780123311056,0.0,1,9
R03_F01,3,1,14,10,Si,False,0.1415969389193722,0.0,1,10
R03_F01,3,1,14,11,Li,False,0.14071923320659177,0.0,1,11
R03_F01,3,1,14,12,Mn,False,0.14027730620917866,0.0,1,12
R03_F01,3,1,14,13,Sc,False,0.1350443489365735,0.0,1,13
R03_F01,3,1,14,14,Cr,False,0.11728272761025793,0.0,1,14
R03_F02,3,2,14,1,Tsol,True,0.6704319984867595,0.75,1,1
R03_F02,3,2,14,2,Tage,True,0.4099430558057521,0.75,1,2
R03_F02,3,2,14,3,tage,True,0.06880299735380781,0.75,1,3
R03_F02,3,2,14,4,Zn,False,1.0,0.75,1,4
R03_F02,3,2,14,5,Mg,False,0.7470429841859629,0.75,1,5
R03_F02,3,2,14,6,Ti,False,0.3721780179112897,0.75,1,6
R03_F02,3,2,14,7,Fe,False,0.35675638563149675,0.75,1,7
R03_F02,3,2,14,8,Si,False,0.33177483544008163,0.75,1,8
R03_F02,3,2,14,9,Sc,False,0.327993690334349,0.75,1,9
R03_F02,3,2,14,10,Zr,False,0.2926965880555126,0.75,1,10
R03_F02,3,2,14,11,Cu,False,0.2760240022094367,0.75,1,11
R03_F02,3,2,14,12,Li,False,0.23155704831786272,0.75,1,12
R03_F02,3,2,14,13,Cr,False,0.1699170447158998,0.75,1,13
R03_F02,3,2,14,14,Be,False,0.14602963747965175,0.75,1,14
R03_F03,3,3,14,1,Tsol,True,0.720482014048018,0.75,1,1
R03_F03,3,3,14,2,Tage,True,0.39365472382302125,0.75,1,2
R03_F03,3,3,14,3,tage,True,0.07957900422629557,0.75,1,3
R03_F03,3,3,14,4,Zn,False,1.0,0.75,1,4
R03_F03,3,3,14,5,Mg,False,0.709303902688839,0.75,1,5
R03_F03,3,3,14,6,Ti,False,0.39196433765148003,0.75,1,6
R03_F03,3,3,14,7,Si,False,0.33846561480772425,0.75,1,7
R03_F03,3,3,14,8,Fe,False,0.3381242144786885,0.75,1,8
R03_F03,3,3,14,9,Sc,False,0.31705282830646436,0.75,1,9
R03_F03,3,3,14,10,Cu,False,0.3037239402639506,0.75,1,10
R03_F03,3,3,14,11,Zr,False,0.28403868910690083,0.75,1,11
R03_F03,3,3,14,12,Cr,False,0.229422332920638,0.75,1,12
R03_F03,3,3,14,13,Li,False,0.20702928182343572,0.75,1,13
R03_F03,3,3,14,14,Ni,False,0.1148343332443564,0.75,1,14
R03_F04,3,4,14,1,Tsol,True,0.6514149978129526,0.25,1,1
R03_F04,3,4,14,2,Tage,True,0.5007435614116638,0.25,1,2
R03_F04,3,4,14,3,tage,True,0.2631253802501317,0.25,1,3
R03_F04,3,4,14,4,Zn,False,1.0,0.25,1,4
R03_F04,3,4,14,5,Mg,False,0.6000968619337611,0.25,1,5
R03_F04,3,4,14,6,Cu,False,0.39550552249484777,0.25,1,6
R03_F04,3,4,14,7,Ti,False,0.3337931760716401,0.25,1,7
R03_F04,3,4,14,8,Zr,False,0.2604445386989518,0.25,1,8
R03_F04,3,4,14,9,Fe,False,0.24641448420062112,0.25,1,9
R03_F04,3,4,14,10,Sc,False,0.24469800128155145,0.25,1,10
R03_F04,3,4,14,11,Si,False,0.22013731803396028,0.25,1,11
R03_F04,3,4,14,12,Cr,False,0.21034894666007758,0.25,1,12
R03_F04,3,4,14,13,Li,False,0.15300677072839844,0.25,1,13
R03_F04,3,4,14,14,Mn,False,0.12253920290049458,0.25,1,14
R03_F05,3,5,14,1,Tsol,True,0.6443131284993897,0.5,1,1
R03_F05,3,5,14,2,Tage,True,0.452262417143511,0.5,1,2
R03_F05,3,5,14,3,tage,True,0.14831534287330142,0.5,1,3
R03_F05,3,5,14,4,Zn,False,1.0,0.5,1,4
R03_F05,3,5,14,5,Mg,False,0.6604917517814288,0.5,1,5
R03_F05,3,5,14,6,Fe,False,0.3624417573470229,0.5,1,6
R03_F05,3,5,14,7,Ti,False,0.3593309468054642,0.5,1,7
R03_F05,3,5,14,8,Si,False,0.30247093002672976,0.5,1,8
R03_F05,3,5,14,9,Cu,False,0.29068951719156516,0.5,1,9
R03_F05,3,5,14,10,Zr,False,0.28877827908387377,0.5,1,10
R03_F05,3,5,14,11,Sc,False,0.2856113043224389,0.5,1,11
R03_F05,3,5,14,12,Cr,False,0.24647612699837174,0.5,1,12
R03_F05,3,5,14,13,Li,False,0.1946340139806867,0.5,1,13
R03_F05,3,5,14,14,Mn,False,0.12819571622228276,0.5,1,14
R04_F01,4,1,14,1,Tsol,True,0.7464312707830397,1.0,1,1
R04_F01,4,1,14,2,Tage,True,0.39870209037252446,1.0,1,2
R04_F01,4,1,14,3,tage,True,0.0,1.0,1,3
R04_F01,4,1,14,4,Zn,False,1.0,1.0,1,4
R04_F01,4,1,14,5,Mg,False,0.8286253246574914,1.0,1,5
R04_F01,4,1,14,6,Ti,False,0.4910494594683556,1.0,1,6
R04_F01,4,1,14,7,Fe,False,0.46546881719640354,1.0,1,7
R04_F01,4,1,14,8,Si,False,0.4504120274919182,1.0,1,8
R04_F01,4,1,14,9,Sc,False,0.4059371613487141,1.0,1,9
R04_F01,4,1,14,10,Cu,False,0.3306806290765442,1.0,1,10
R04_F01,4,1,14,11,Zr,False,0.2829172138163114,1.0,1,11
R04_F01,4,1,14,12,Cr,False,0.2803518550526621,1.0,1,12
R04_F01,4,1,14,13,Li,False,0.22757737773602887,1.0,1,13
R04_F01,4,1,14,14,Be,False,0.20780309129014285,1.0,1,14
R04_F02,4,2,14,1,Tsol,True,0.47190489577997885,0.0,1,1
R04_F02,4,2,14,2,Tage,True,0.3907299512460655,0.0,1,2
R04_F02,4,2,14,3,tage,True,0.2610993916212529,0.0,1,3
R04_F02,4,2,14,4,Zn,False,1.0,0.0,1,4
R04_F02,4,2,14,5,Mg,False,0.4724150138234395,0.0,1,5
R04_F02,4,2,14,6,Cu,False,0.30736551488721287,0.0,1,6
R04_F02,4,2,14,7,Ti,False,0.20908241927762708,0.0,1,7
R04_F02,4,2,14,8,Zr,False,0.20190883431455975,0.0,1,8
R04_F02,4,2,14,9,Fe,False,0.1967811577752928,0.0,1,9
R04_F02,4,2,14,10,Si,False,0.14493040572089114,0.0,1,10
R04_F02,4,2,14,11,Li,False,0.1444919903861556,0.0,1,11
R04_F02,4,2,14,12,Mn,False,0.13960351717126937,0.0,1,12
R04_F02,4,2,14,13,Sc,False,0.11417677056721025,0.0,1,13
R04_F02,4,2,14,14,Cr,False,0.10504004894793378,0.0,1,14
R04_F03,4,3,14,1,Tsol,True,0.6707521736477061,0.25,1,1
R04_F03,4,3,14,2,Tage,True,0.5214818552277922,0.25,1,2
R04_F03,4,3,14,3,tage,True,0.2969303963204057,0.25,1,3
R04_F03,4,3,14,4,Zn,False,1.0,0.25,1,4
R04_F03,4,3,14,5,Mg,False,0.6104250045666156,0.25,1,5
R04_F03,4,3,14,6,Cu,False,0.3693901858597532,0.25,1,6
R04_F03,4,3,14,7,Ti,False,0.3410599296877037,0.25,1,7
R04_F03,4,3,14,8,Fe,False,0.2992383982364291,0.25,1,8
R04_F03,4,3,14,9,Zr,False,0.2909387435254043,0.25,1,9
R04_F03,4,3,14,10,Si,False,0.2138785134908635,0.25,1,10
R04_F03,4,3,14,11,Cr,False,0.20077091420057785,0.25,1,11
R04_F03,4,3,14,12,Sc,False,0.19065408345146906,0.25,1,12
R04_F03,4,3,14,13,Li,False,0.1640333257742559,0.25,1,13
R04_F03,4,3,14,14,Mn,False,0.16282655891398007,0.25,1,14
R04_F04,4,4,14,1,Tsol,True,0.6354715035838051,0.5,1,1
R04_F04,4,4,14,2,Tage,True,0.37205276958727473,0.5,1,2
R04_F04,4,4,14,3,tage,True,0.11619829745692586,0.5,1,3
R04_F04,4,4,14,4,Zn,False,1.0,0.5,1,4
R04_F04,4,4,14,5,Mg,False,0.6287051695540471,0.5,1,5
R04_F04,4,4,14,6,Ti,False,0.3302564933059068,0.5,1,6
R04_F04,4,4,14,7,Zr,False,0.29455193812834085,0.5,1,7
R04_F04,4,4,14,8,Fe,False,0.27781282718746336,0.5,1,8
R04_F04,4,4,14,9,Sc,False,0.2715615570118002,0.5,1,9
R04_F04,4,4,14,10,Cu,False,0.2710171791517809,0.5,1,10
R04_F04,4,4,14,11,Si,False,0.24371964795446183,0.5,1,11
R04_F04,4,4,14,12,Cr,False,0.22782367609558407,0.5,1,12
R04_F04,4,4,14,13,Li,False,0.1921411463542415,0.5,1,13
R04_F04,4,4,14,14,Mn,False,0.1055164993291951,0.5,1,14
R04_F05,4,5,14,1,Tsol,True,0.7702967259075566,0.75,1,1
R04_F05,4,5,14,2,Tage,True,0.41489182520101775,0.75,1,2
R04_F05,4,5,14,3,tage,True,0.07820859919308114,0.75,1,3
R04_F05,4,5,14,4,Zn,False,1.0,0.75,1,4
R04_F05,4,5,14,5,Mg,False,0.7660603658984031,0.75,1,5
R04_F05,4,5,14,6,Ti,False,0.389699144491929,0.75,1,6
R04_F05,4,5,14,7,Sc,False,0.3741300688642695,0.75,1,7
R04_F05,4,5,14,8,Si,False,0.34591908542817534,0.75,1,8
R04_F05,4,5,14,9,Fe,False,0.3425617668449532,0.75,1,9
R04_F05,4,5,14,10,Zr,False,0.33924813260971015,0.75,1,10
R04_F05,4,5,14,11,Cu,False,0.29441650606072245,0.75,1,11
R04_F05,4,5,14,12,Cr,False,0.2727264117667459,0.75,1,12
R04_F05,4,5,14,13,Li,False,0.21546568652762677,0.75,1,13
R04_F05,4,5,14,14,Be,False,0.16843437073061004,0.75,1,14
R05_F01,5,1,14,1,Tsol,True,0.5820411540057805,0.25,1,1
R05_F01,5,1,14,2,Tage,True,0.4262217665607102,0.25,1,2
R05_F01,5,1,14,3,tage,True,0.26441525033590974,0.25,1,3
R05_F01,5,1,14,4,Zn,False,1.0,0.25,1,4
R05_F01,5,1,14,5,Mg,False,0.5579068573705274,0.25,1,5
R05_F01,5,1,14,6,Cu,False,0.3387173230727959,0.25,1,6
R05_F01,5,1,14,7,Zr,False,0.27894734115848097,0.25,1,7
R05_F01,5,1,14,8,Ti,False,0.27646505914844616,0.25,1,8
R05_F01,5,1,14,9,Fe,False,0.2657297603325597,0.25,1,9
R05_F01,5,1,14,10,Si,False,0.20284484670372938,0.25,1,10
R05_F01,5,1,14,11,Sc,False,0.1997667550735255,0.25,1,11
R05_F01,5,1,14,12,Cr,False,0.1747290208084359,0.25,1,12
R05_F01,5,1,14,13,Li,False,0.15848811017491124,0.25,1,13
R05_F01,5,1,14,14,Mn,False,0.14058058500959292,0.25,1,14
R05_F02,5,2,14,1,Tsol,True,0.5750749317557096,0.25,1,1
R05_F02,5,2,14,2,Tage,True,0.4965396164392598,0.25,1,2
R05_F02,5,2,14,3,tage,True,0.24908438477385467,0.25,1,3
R05_F02,5,2,14,4,Zn,False,1.0,0.25,1,4
R05_F02,5,2,14,5,Mg,False,0.5142406328475102,0.25,1,5
R05_F02,5,2,14,6,Cu,False,0.30653551590039685,0.25,1,6
R05_F02,5,2,14,7,Ti,False,0.30180980447733563,0.25,1,7
R05_F02,5,2,14,8,Fe,False,0.26306917323125956,0.25,1,8
R05_F02,5,2,14,9,Si,False,0.19783212043117104,0.25,1,9
R05_F02,5,2,14,10,Zr,False,0.18839873571634952,0.25,1,10
R05_F02,5,2,14,11,Cr,False,0.16912664116665405,0.25,1,11
R05_F02,5,2,14,12,Sc,False,0.16437850177558885,0.25,1,12
R05_F02,5,2,14,13,Li,False,0.12444701235635999,0.25,1,13
R05_F02,5,2,14,14,Mn,False,0.12285068011744263,0.25,1,14
R05_F03,5,3,14,1,Tsol,True,0.7686458168227843,1.0,1,1
R05_F03,5,3,14,2,Tage,True,0.39208201732694875,1.0,1,2
R05_F03,5,3,14,3,tage,True,0.0,1.0,1,3
R05_F03,5,3,14,4,Zn,False,1.0,1.0,1,4
R05_F03,5,3,14,5,Mg,False,0.8751428540384789,1.0,1,5
R05_F03,5,3,14,6,Si,False,0.4695981411168416,1.0,1,6
R05_F03,5,3,14,7,Ti,False,0.45205826505686997,1.0,1,7
R05_F03,5,3,14,8,Sc,False,0.44038373973864153,1.0,1,8
R05_F03,5,3,14,9,Fe,False,0.43964360685082315,1.0,1,9
R05_F03,5,3,14,10,Zr,False,0.32004609652436933,1.0,1,10
R05_F03,5,3,14,11,Cu,False,0.29603584320911164,1.0,1,11
R05_F03,5,3,14,12,Li,False,0.2733021094757012,1.0,1,12
R05_F03,5,3,14,13,Cr,False,0.27281790505702014,1.0,1,13
R05_F03,5,3,14,14,Be,False,0.19928684527627183,1.0,1,14
R05_F04,5,4,14,1,Tsol,True,0.5410617767581438,0.0,1,1
R05_F04,5,4,14,2,Tage,True,0.5380075022034742,0.0,1,2
R05_F04,5,4,14,3,tage,True,0.30645338636782093,0.0,1,3
R05_F04,5,4,14,4,Zn,False,1.0,0.0,1,4
R05_F04,5,4,14,5,Mg,False,0.44774837120514815,0.0,1,5
R05_F04,5,4,14,6,Cu,False,0.3395538427479309,0.0,1,6
R05_F04,5,4,14,7,Zr,False,0.23303921535663552,0.0,1,7
R05_F04,5,4,14,8,Ti,False,0.2267204021658992,0.0,1,8
R05_F04,5,4,14,9,Fe,False,0.1822945720107204,0.0,1,9
R05_F04,5,4,14,10,Si,False,0.16347718883236398,0.0,1,10
R05_F04,5,4,14,11,Mn,False,0.15872344395374552,0.0,1,11
R05_F04,5,4,14,12,Cr,False,0.12444943003227636,0.0,1,12
R05_F04,5,4,14,13,Li,False,0.1234515521585388,0.0,1,13
R05_F04,5,4,14,14,Sc,False,0.1202084047050424,0.0,1,14
R05_F05,5,5,14,1,Tsol,True,0.6481674609452478,0.5,1,1
R05_F05,5,5,14,2,Tage,True,0.4170470055718017,0.5,1,2
R05_F05,5,5,14,3,tage,True,0.13230807272547224,0.5,1,3
R05_F05,5,5,14,4,Zn,False,1.0,0.5,1,4
R05_F05,5,5,14,5,Mg,False,0.6522771673118016,0.5,1,5
R05_F05,5,5,14,6,Ti,False,0.34500350865087437,0.5,1,6
R05_F05,5,5,14,7,Fe,False,0.33353682825952735,0.5,1,7
R05_F05,5,5,14,8,Zr,False,0.30385464598278933,0.5,1,8
R05_F05,5,5,14,9,Cu,False,0.29514793867704114,0.5,1,9
R05_F05,5,5,14,10,Sc,False,0.27277335550939685,0.5,1,10
R05_F05,5,5,14,11,Si,False,0.27052033636882566,0.5,1,11
R05_F05,5,5,14,12,Cr,False,0.2235339131464002,0.5,1,12
R05_F05,5,5,14,13,Li,False,0.20002381229586458,0.5,1,13
R05_F05,5,5,14,14,Mn,False,0.09613465614356945,0.5,1,14
R01_F01,1,1,15,1,Tsol,True,0.5805556387519786,0.25,1,1
R01_F01,1,1,15,2,Tage,True,0.4563617152906778,0.25,1,2
R01_F01,1,1,15,3,tage,True,0.2087899598742195,0.25,1,3
R01_F01,1,1,15,4,Zn,False,1.0,0.25,1,4
R01_F01,1,1,15,5,Mg,False,0.5693696368078163,0.25,1,5
R01_F01,1,1,15,6,Cu,False,0.3035169373714433,0.25,1,6
R01_F01,1,1,15,7,Ti,False,0.2654131313951025,0.25,1,7
R01_F01,1,1,15,8,Fe,False,0.2565112179680752,0.25,1,8
R01_F01,1,1,15,9,Si,False,0.20917893866696047,0.25,1,9
R01_F01,1,1,15,10,Zr,False,0.20649410502583565,0.25,1,10
R01_F01,1,1,15,11,Sc,False,0.17433279643057809,0.25,1,11
R01_F01,1,1,15,12,Li,False,0.16249262341471865,0.25,1,12
R01_F01,1,1,15,13,Cr,False,0.1216175047317761,0.25,1,13
R01_F01,1,1,15,14,Mn,False,0.10964120772892857,0.25,1,14
R01_F01,1,1,15,15,Be,False,0.06254449825465949,0.25,1,15
R01_F02,1,2,15,1,Tsol,True,0.7806099054722633,1.0,1,1
R01_F02,1,2,15,2,Tage,True,0.4094378426823176,1.0,1,2
R01_F02,1,2,15,3,tage,True,0.0,1.0,1,3
R01_F02,1,2,15,4,Zn,False,1.0,1.0,1,4
R01_F02,1,2,15,5,Mg,False,0.8395812949571313,1.0,1,5
R01_F02,1,2,15,6,Si,False,0.4405110427769681,1.0,1,6
R01_F02,1,2,15,7,Ti,False,0.4290204654980908,1.0,1,7
R01_F02,1,2,15,8,Fe,False,0.4146476208201085,1.0,1,8
R01_F02,1,2,15,9,Sc,False,0.4084215681579968,1.0,1,9
R01_F02,1,2,15,10,Cu,False,0.32468242871473973,1.0,1,10
R01_F02,1,2,15,11,Cr,False,0.29460960383456897,1.0,1,11
R01_F02,1,2,15,12,Zr,False,0.294546006792182,1.0,1,12
R01_F02,1,2,15,13,Li,False,0.24612378635779023,1.0,1,13
R01_F02,1,2,15,14,Be,False,0.2081741453219136,1.0,1,14
R01_F02,1,2,15,15,Ni,False,0.1721656385156597,1.0,1,15
R01_F03,1,3,15,1,Tsol,True,0.802603471436323,1.0,1,1
R01_F03,1,3,15,2,Tage,True,0.43091871870372334,1.0,1,2
R01_F03,1,3,15,3,tage,True,0.0,1.0,1,3
R01_F03,1,3,15,4,Zn,False,1.0,1.0,1,4
R01_F03,1,3,15,5,Mg,False,0.8522171328641875,1.0,1,5
R01_F03,1,3,15,6,Ti,False,0.5098047732590993,1.0,1,6
R01_F03,1,3,15,7,Sc,False,0.4634130687870732,1.0,1,7
R01_F03,1,3,15,8,Fe,False,0.433634715544281,1.0,1,8
R01_F03,1,3,15,9,Si,False,0.4155594628382364,1.0,1,9
R01_F03,1,3,15,10,Zr,False,0.4093288193878762,1.0,1,10
R01_F03,1,3,15,11,Cu,False,0.32961482586633206,1.0,1,11
R01_F03,1,3,15,12,Cr,False,0.30645924652292666,1.0,1,12
R01_F03,1,3,15,13,Li,False,0.23665018635744606,1.0,1,13
R01_F03,1,3,15,14,Be,False,0.2038121657186389,1.0,1,14
R01_F03,1,3,15,15,V,False,0.14120395953873668,1.0,1,15
R01_F04,1,4,15,1,Tsol,True,0.5857419232189498,0.25,1,1
R01_F04,1,4,15,2,Tage,True,0.5095988947701513,0.25,1,2
R01_F04,1,4,15,3,tage,True,0.26833430630556876,0.25,1,3
R01_F04,1,4,15,4,Zn,False,1.0,0.25,1,4
R01_F04,1,4,15,5,Mg,False,0.5528132618871704,0.25,1,5
R01_F04,1,4,15,6,Cu,False,0.3533547941353595,0.25,1,6
R01_F04,1,4,15,7,Ti,False,0.277920233724819,0.25,1,7
R01_F04,1,4,15,8,Zr,False,0.2660311894622336,0.25,1,8
R01_F04,1,4,15,9,Fe,False,0.2254343900162642,0.25,1,9
R01_F04,1,4,15,10,Si,False,0.19384228627536554,0.25,1,10
R01_F04,1,4,15,11,Sc,False,0.18409251455757364,0.25,1,11
R01_F04,1,4,15,12,Li,False,0.17880625024178975,0.25,1,12
R01_F04,1,4,15,13,Cr,False,0.1707425562060963,0.25,1,13
R01_F04,1,4,15,14,Mn,False,0.1250687695210926,0.25,1,14
R01_F04,1,4,15,15,Ni,False,0.04976490279592772,0.25,1,15
R01_F05,1,5,15,1,Tsol,True,0.7371005835190751,0.75,1,1
R01_F05,1,5,15,2,Tage,True,0.38023192715821574,0.75,1,2
R01_F05,1,5,15,3,tage,True,0.07548527309313509,0.75,1,3
R01_F05,1,5,15,4,Zn,False,1.0,0.75,1,4
R01_F05,1,5,15,5,Mg,False,0.7685488833103494,0.75,1,5
R01_F05,1,5,15,6,Ti,False,0.4122997815786315,0.75,1,6
R01_F05,1,5,15,7,Fe,False,0.402276393391065,0.75,1,7
R01_F05,1,5,15,8,Sc,False,0.38351266002065443,0.75,1,8
R01_F05,1,5,15,9,Si,False,0.34076676937982214,0.75,1,9
R01_F05,1,5,15,10,Zr,False,0.325275572649057,0.75,1,10
R01_F05,1,5,15,11,Cu,False,0.29542563107059516,0.75,1,11
R01_F05,1,5,15,12,Cr,False,0.28059934564315026,0.75,1,12
R01_F05,1,5,15,13,Be,False,0.1990550508150225,0.75,1,13
R01_F05,1,5,15,14,Li,False,0.1864876039888836,0.75,1,14
R01_F05,1,5,15,15,Ni,False,0.1088913052920966,0.75,1,15
R02_F01,2,1,15,1,Tsol,True,0.633836825837871,0.5,1,1
R02_F01,2,1,15,2,Tage,True,0.3968139055061174,0.5,1,2
R02_F01,2,1,15,3,tage,True,0.16866028706138794,0.5,1,3
R02_F01,2,1,15,4,Zn,False,1.0,0.5,1,4
R02_F01,2,1,15,5,Mg,False,0.6725737870737454,0.5,1,5
R02_F01,2,1,15,6,Ti,False,0.40296972135273856,0.5,1,6
R02_F01,2,1,15,7,Fe,False,0.3306070336497703,0.5,1,7
R02_F01,2,1,15,8,Si,False,0.27389846286925157,0.5,1,8
R02_F01,2,1,15,9,Cu,False,0.26608367407575695,0.5,1,9
R02_F01,2,1,15,10,Zr,False,0.25605330532405784,0.5,1,10
R02_F01,2,1,15,11,Sc,False,0.24600122527069593,0.5,1,11
R02_F01,2,1,15,12,Cr,False,0.19144168813236212,0.5,1,12
R02_F01,2,1,15,13,Li,False,0.16647702655818908,0.5,1,13
R02_F01,2,1,15,14,Mn,False,0.12021871741187204,0.5,1,14
R02_F01,2,1,15,15,Be,False,0.09489693567535068,0.5,1,15
R02_F02,2,2,15,1,Tsol,True,0.5163331889516176,0.0,1,1
R02_F02,2,2,15,2,Tage,True,0.5187981025041845,0.0,1,2
R02_F02,2,2,15,3,tage,True,0.3503147078020937,0.0,1,3
R02_F02,2,2,15,4,Zn,False,1.0,0.0,1,4
R02_F02,2,2,15,5,Mg,False,0.4334327370803523,0.0,1,5
R02_F02,2,2,15,6,Cu,False,0.37102396585797076,0.0,1,6
R02_F02,2,2,15,7,Fe,False,0.25480908134967606,0.0,1,7
R02_F02,2,2,15,8,Zr,False,0.240832076374588,0.0,1,8
R02_F02,2,2,15,9,Ti,False,0.21951982504330084,0.0,1,9
R02_F02,2,2,15,10,Si,False,0.16934821656942073,0.0,1,10
R02_F02,2,2,15,11,Li,False,0.15531378392318687,0.0,1,11
R02_F02,2,2,15,12,Mn,False,0.14653536522419697,0.0,1,12
R02_F02,2,2,15,13,Cr,False,0.1352656996657308,0.0,1,13
R02_F02,2,2,15,14,Sc,False,0.1003172565760978,0.0,1,14
R02_F02,2,2,15,15,Ni,False,0.045620389169050916,0.0,1,15
R02_F03,2,3,15,1,Tsol,True,0.4758137566491996,0.0,1,1
R02_F03,2,3,15,2,Tage,True,0.3877030898019608,0.0,1,2
R02_F03,2,3,15,3,tage,True,0.2524939744701257,0.0,1,3
R02_F03,2,3,15,4,Zn,False,1.0,0.0,1,4
R02_F03,2,3,15,5,Mg,False,0.4156104622224952,0.0,1,5
R02_F03,2,3,15,6,Cu,False,0.3386129248746707,0.0,1,6
R02_F03,2,3,15,7,Ti,False,0.25542031889270084,0.0,1,7
R02_F03,2,3,15,8,Fe,False,0.2124021036539356,0.0,1,8
R02_F03,2,3,15,9,Zr,False,0.19533550979903866,0.0,1,9
R02_F03,2,3,15,10,Cr,False,0.1704453702667398,0.0,1,10
R02_F03,2,3,15,11,Mn,False,0.14782037618591218,0.0,1,11
R02_F03,2,3,15,12,Si,False,0.14184884905179101,0.0,1,12
R02_F03,2,3,15,13,Li,False,0.1051205684674697,0.0,1,13
R02_F03,2,3,15,14,Sc,False,0.09429378538268117,0.0,1,14
R02_F03,2,3,15,15,Ni,False,0.028762110041773904,0.0,1,15
R02_F04,2,4,15,1,Tsol,True,0.7687293690998315,1.0,1,1
R02_F04,2,4,15,2,Tage,True,0.34479213154697197,1.0,1,2
R02_F04,2,4,15,3,tage,True,0.0,1.0,1,3
R02_F04,2,4,15,4,Zn,False,1.0,1.0,1,4
R02_F04,2,4,15,5,Mg,False,0.8612706590352617,1.0,1,5
R02_F04,2,4,15,6,Sc,False,0.4640036253086523,1.0,1,6
R02_F04,2,4,15,7,Ti,False,0.43713935953322003,1.0,1,7
R02_F04,2,4,15,8,Si,False,0.40982644166571386,1.0,1,8
R02_F04,2,4,15,9,Fe,False,0.3833324413760923,1.0,1,9
R02_F04,2,4,15,10,Zr,False,0.3448803086870645,1.0,1,10
R02_F04,2,4,15,11,Cu,False,0.2786159577022312,1.0,1,11
R02_F04,2,4,15,12,Li,False,0.27004971722047844,1.0,1,12
R02_F04,2,4,15,13,Cr,False,0.2518672806477875,1.0,1,13
R02_F04,2,4,15,14,Be,False,0.17555398570913286,1.0,1,14
R02_F04,2,4,15,15,Ni,False,0.1603530037811411,1.0,1,15
R02_F05,2,5,15,1,Tsol,True,0.43742074428160455,0.0,1,1
R02_F05,2,5,15,2,Tage,True,0.45461770952947556,0.0,1,2
R02_F05,2,5,15,3,tage,True,0.2855189871074952,0.0,1,3
R02_F05,2,5,15,4,Zn,False,1.0,0.0,1,4
R02_F05,2,5,15,5,Mg,False,0.45179576574352925,0.0,1,5
R02_F05,2,5,15,6,Cu,False,0.2813193796105323,0.0,1,6
R02_F05,2,5,15,7,Zr,False,0.1955338453976256,0.0,1,7
R02_F05,2,5,15,8,Ti,False,0.15388610242667342,0.0,1,8
R02_F05,2,5,15,9,Fe,False,0.13865184923509424,0.0,1,9
R02_F05,2,5,15,10,Li,False,0.13372163763638176,0.0,1,10
R02_F05,2,5,15,11,Si,False,0.11936698788435857,0.0,1,11
R02_F05,2,5,15,12,Mn,False,0.11616635495964472,0.0,1,12
R02_F05,2,5,15,13,Cr,False,0.0877395868798124,0.0,1,13
R02_F05,2,5,15,14,Sc,False,0.08458878750981338,0.0,1,14
R02_F05,2,5,15,15,Be,False,0.024681696287897324,0.0,1,15
R03_F01,3,1,15,1,Tsol,True,0.550987528371025,0.25,1,1
R03_F01,3,1,15,2,Tage,True,0.41958340871468575,0.25,1,2
R03_F01,3,1,15,3,tage,True,0.2096772074355151,0.25,1,3
R03_F01,3,1,15,4,Zn,False,1.0,0.25,1,4
R03_F01,3,1,15,5,Mg,False,0.509883115886623,0.25,1,5
R03_F01,3,1,15,6,Cu,False,0.32289755487569055,0.25,1,6
R03_F01,3,1,15,7,Fe,False,0.25872827190054326,0.25,1,7
R03_F01,3,1,15,8,Ti,False,0.23782089487689106,0.25,1,8
R03_F01,3,1,15,9,Zr,False,0.2369309855841366,0.25,1,9
R03_F01,3,1,15,10,Si,False,0.21380481209846317,0.25,1,10
R03_F01,3,1,15,11,Sc,False,0.20403051766698765,0.25,1,11
R03_F01,3,1,15,12,Li,False,0.17440394577124402,0.25,1,12
R03_F01,3,1,15,13,Cr,False,0.16641249978432357,0.25,1,13
R03_F01,3,1,15,14,Mn,False,0.139321510462528,0.25,1,14
R03_F01,3,1,15,15,Be,False,0.08111724408370863,0.25,1,15
R03_F02,3,2,15,1,Tsol,True,0.6704319984867595,0.75,1,1
R03_F02,3,2,15,2,Tage,True,0.4099430558057521,0.75,1,2
R03_F02,3,2,15,3,tage,True,0.06880299735380781,0.75,1,3
R03_F02,3,2,15,4,Zn,False,1.0,0.75,1,4
R03_F02,3,2,15,5,Mg,False,0.7470429841859629,0.75,1,5
R03_F02,3,2,15,6,Ti,False,0.3721780179112897,0.75,1,6
R03_F02,3,2,15,7,Fe,False,0.35675638563149675,0.75,1,7
R03_F02,3,2,15,8,Si,False,0.33177483544008163,0.75,1,8
R03_F02,3,2,15,9,Sc,False,0.327993690334349,0.75,1,9
R03_F02,3,2,15,10,Zr,False,0.2926965880555126,0.75,1,10
R03_F02,3,2,15,11,Cu,False,0.2760240022094367,0.75,1,11
R03_F02,3,2,15,12,Li,False,0.23155704831786272,0.75,1,12
R03_F02,3,2,15,13,Cr,False,0.1699170447158998,0.75,1,13
R03_F02,3,2,15,14,Be,False,0.14602963747965175,0.75,1,14
R03_F02,3,2,15,15,Ni,False,0.07612846983952941,0.75,1,15
R03_F03,3,3,15,1,Tsol,True,0.5864218386567575,0.25,1,1
R03_F03,3,3,15,2,Tage,True,0.47804940835724263,0.25,1,2
R03_F03,3,3,15,3,tage,True,0.23873701267888672,0.25,1,3
R03_F03,3,3,15,4,Zn,False,1.0,0.25,1,4
R03_F03,3,3,15,5,Mg,False,0.5012405978618621,0.25,1,5
R03_F03,3,3,15,6,Cu,False,0.2958642688215243,0.25,1,6
R03_F03,3,3,15,7,Ti,False,0.2917355039247733,0.25,1,7
R03_F03,3,3,15,8,Fe,False,0.23123004485903156,0.25,1,8
R03_F03,3,3,15,9,Zr,False,0.22289537055624659,0.25,1,9
R03_F03,3,3,15,10,Si,False,0.19661598432571326,0.25,1,10
R03_F03,3,3,15,11,Sc,False,0.16247603467528246,0.25,1,11
R03_F03,3,3,15,12,Cr,False,0.14530223788194074,0.25,1,12
R03_F03,3,3,15,13,Li,False,0.14099994825948592,0.25,1,13
R03_F03,3,3,15,14,Mn,False,0.10036406457720859,0.25,1,14
R03_F03,3,3,15,15,Be,False,0.05080193013355419,0.25,1,15
R03_F04,3,4,15,1,Tsol,True,0.6996966162088041,0.5,1,1
R03_F04,3,4,15,2,Tage,True,0.45384927063046154,0.5,1,2
R03_F04,3,4,15,3,tage,True,0.17541692016675448,0.5,1,3
R03_F04,3,4,15,4,Zn,False,1.0,0.5,1,4
R03_F04,3,4,15,5,Mg,False,0.6991674659302445,0.5,1,5
R03_F04,3,4,15,6,Ti,False,0.38702916672817866,0.5,1,6
R03_F04,3,4,15,7,Cu,False,0.36151637282090676,0.5,1,7
R03_F04,3,4,15,8,Sc,False,0.3251664312437784,0.5,1,8
R03_F04,3,4,15,9,Zr,False,0.2969394111402904,0.5,1,9
R03_F04,3,4,15,10,Fe,False,0.28775314360696713,0.5,1,10
R03_F04,3,4,15,11,Si,False,0.27237587734235824,0.5,1,11
R03_F04,3,4,15,12,Cr,False,0.258954863711288,0.5,1,12
R03_F04,3,4,15,13,Li,False,0.1758214607385602,0.5,1,13
R03_F04,3,4,15,14,Be,False,0.11249160836479248,0.5,1,14
R03_F04,3,4,15,15,Mn,False,0.08796635960052307,0.5,1,15
R03_F05,3,5,15,1,Tsol,True,0.7108945964934584,0.75,1,1
R03_F05,3,5,15,2,Tage,True,0.4410592568414454,0.75,1,2
R03_F05,3,5,15,3,tage,True,0.07415767143665071,0.75,1,3
R03_F05,3,5,15,4,Zn,False,1.0,0.75,1,4
R03_F05,3,5,15,5,Mg,False,0.7540864526231843,0.75,1,5
R03_F05,3,5,15,6,Ti,False,0.4087219394806208,0.75,1,6
R03_F05,3,5,15,7,Fe,False,0.4075619369370025,0.75,1,7
R03_F05,3,5,15,8,Si,False,0.3786816512885444,0.75,1,8
R03_F05,3,5,15,9,Sc,False,0.371139095359906,0.75,1,9
R03_F05,3,5,15,10,Zr,False,0.32617380878523167,0.75,1,10
R03_F05,3,5,15,11,Cr,False,0.29742014217002316,0.75,1,11
R03_F05,3,5,15,12,Cu,False,0.2830080070179598,0.75,1,12
R03_F05,3,5,15,13,Li,False,0.2267554016267616,0.75,1,13
R03_F05,3,5,15,14,Be,False,0.16165237406581134,0.75,1,14
R03_F05,3,5,15,15,Ni,False,0.13550034011336215,0.75,1,15
R04_F01,4,1,15,1,Tsol,True,0.5022591901715263,0.0,1,1
R04_F01,4,1,15,2,Tage,True,0.5389150466383356,0.0,1,2
R04_F01,4,1,15,3,tage,True,0.35760451053073233,0.0,1,3
R04_F01,4,1,15,4,Zn,False,1.0,0.0,1,4
R04_F01,4,1,15,5,Mg,False,0.45162197183297836,0.0,1,5
R04_F01,4,1,15,6,Cu,False,0.35240928417149847,0.0,1,6
R04_F01,4,1,15,7,Ti,False,0.24426493688271356,0.0,1,7
R04_F01,4,1,15,8,Fe,False,0.21748193052741707,0.0,1,8
R04_F01,4,1,15,9,Zr,False,0.15526217355620162,0.0,1,9
R04_F01,4,1,15,10,Mn,False,0.14628782847021057,0.0,1,10
R04_F01,4,1,15,11,Si,False,0.1440762354764343,0.0,1,11
R04_F01,4,1,15,12,Cr,False,0.11946810423765274,0.0,1,12
R04_F01,4,1,15,13,Li,False,0.11745269411606131,0.0,1,13
R04_F01,4,1,15,14,Sc,False,0.09615664835931102,0.0,1,14
R04_F01,4,1,15,15,Ni,False,0.024615230631993768,0.0,1,15
R04_F02,4,2,15,1,Tsol,True,0.5365929131149263,0.25,1,1
R04_F02,4,2,15,2,Tage,True,0.41772581933863806,0.25,1,2
R04_F02,4,2,15,3,tage,True,0.19582454371593966,0.25,1,3
R04_F02,4,2,15,4,Zn,False,1.0,0.25,1,4
R04_F02,4,2,15,5,Mg,False,0.5663431786066221,0.25,1,5
R04_F02,4,2,15,6,Cu,False,0.31293147649913,0.25,1,6
R04_F02,4,2,15,7,Ti,False,0.25488025919670176,0.25,1,7
R04_F02,4,2,15,8,Fe,False,0.23387686916648376,0.25,1,8
R04_F02,4,2,15,9,Si,False,0.21719659548052733,0.25,1,9
R04_F02,4,2,15,10,Zr,False,0.2055860081319723,0.25,1,10
R04_F02,4,2,15,11,Sc,False,0.17413783234203933,0.25,1,11
R04_F02,4,2,15,12,Li,False,0.17390669424536198,0.25,1,12
R04_F02,4,2,15,13,Cr,False,0.12792929754504467,0.25,1,13
R04_F02,4,2,15,14,Mn,False,0.11080224171223535,0.25,1,14
R04_F02,4,2,15,15,Be,False,0.06543034897505673,0.25,1,15
R04_F03,4,3,15,1,Tsol,True,0.7273941473150516,0.5,1,1
R04_F03,4,3,15,2,Tage,True,0.4793842022985085,0.5,1,2
R04_F03,4,3,15,3,tage,True,0.19795359754693712,0.5,1,3
R04_F03,4,3,15,4,Zn,False,1.0,0.5,1,4
R04_F03,4,3,15,5,Mg,False,0.6958268658155778,0.5,1,5
R04_F03,4,3,15,6,Ti,False,0.39279051478511995,0.5,1,6
R04_F03,4,3,15,7,Fe,False,0.34960854494206317,0.5,1,7
R04_F03,4,3,15,8,Cu,False,0.34733918645923434,0.5,1,8
R04_F03,4,3,15,9,Zr,False,0.3413321282974264,0.5,1,9
R04_F03,4,3,15,10,Sc,False,0.28990369055230664,0.5,1,10
R04_F03,4,3,15,11,Si,False,0.2769082135958267,0.5,1,11
R04_F03,4,3,15,12,Cr,False,0.24109550854162498,0.5,1,12
R04_F03,4,3,15,13,Li,False,0.2026596444703108,0.5,1,13
R04_F03,4,3,15,14,Mn,False,0.14876822291506014,0.5,1,14
R04_F03,4,3,15,15,Be,False,0.13180136722843477,0.5,1,15
R04_F04,4,4,15,1,Tsol,True,0.7061884072877848,0.75,1,1
R04_F04,4,4,15,2,Tage,True,0.3551429310174411,0.75,1,2
R04_F04,4,4,15,3,tage,True,0.05809914872846293,0.75,1,3
R04_F04,4,4,15,4,Zn,False,1.0,0.75,1,4
R04_F04,4,4,15,5,Mg,False,0.7319502908914673,0.75,1,5
R04_F04,4,4,15,6,Ti,False,0.3947141281053348,0.75,1,6
R04_F04,4,4,15,7,Sc,False,0.35665514339655957,0.75,1,7
R04_F04,4,4,15,8,Zr,False,0.3432287623780708,0.75,1,8
R04_F04,4,4,15,9,Fe,False,0.3355379622073115,0.75,1,9
R04_F04,4,4,15,10,Si,False,0.3090534681581651,0.75,1,10
R04_F04,4,4,15,11,Cr,False,0.2848420529302163,0.75,1,11
R04_F04,4,4,15,12,Cu,False,0.26175116798458176,0.75,1,12
R04_F04,4,4,15,13,Li,False,0.22911591190815936,0.75,1,13
R04_F04,4,4,15,14,Be,False,0.11934058217060114,0.75,1,14
R04_F04,4,4,15,15,Mn,False,0.09219501675264566,0.75,1,15
R04_F05,4,5,15,1,Tsol,True,0.6704093071287938,0.25,1,1
R04_F05,4,5,15,2,Tage,True,0.5332194765116092,0.25,1,2
R04_F05,4,5,15,3,tage,True,0.2346257975792434,0.25,1,3
R04_F05,4,5,15,4,Zn,False,1.0,0.25,1,4
R04_F05,4,5,15,5,Mg,False,0.5587073794960967,0.25,1,5
R04_F05,4,5,15,6,Cu,False,0.34604932904329394,0.25,1,6
R04_F05,4,5,15,7,Ti,False,0.31722437138607174,0.25,1,7
R04_F05,4,5,15,8,Zr,False,0.27206339042291644,0.25,1,8
R04_F05,4,5,15,9,Fe,False,0.24827777801007186,0.25,1,9
R04_F05,4,5,15,10,Sc,False,0.2166044322797195,0.25,1,10
R04_F05,4,5,15,11,Si,False,0.21449962064904834,0.25,1,11
R04_F05,4,5,15,12,Cr,False,0.17915305246125224,0.25,1,12
R04_F05,4,5,15,13,Li,False,0.17433712654481556,0.25,1,13
R04_F05,4,5,15,14,Mn,False,0.10589690670350055,0.25,1,14
R04_F05,4,5,15,15,Be,False,0.0785638747752528,0.25,1,15
R05_F01,5,1,15,1,Tsol,True,0.5820411540057805,0.25,1,1
R05_F01,5,1,15,2,Tage,True,0.4262217665607102,0.25,1,2
R05_F01,5,1,15,3,tage,True,0.26441525033590974,0.25,1,3
R05_F01,5,1,15,4,Zn,False,1.0,0.25,1,4
R05_F01,5,1,15,5,Mg,False,0.5579068573705274,0.25,1,5
R05_F01,5,1,15,6,Cu,False,0.3387173230727959,0.25,1,6
R05_F01,5,1,15,7,Zr,False,0.27894734115848097,0.25,1,7
R05_F01,5,1,15,8,Ti,False,0.27646505914844616,0.25,1,8
R05_F01,5,1,15,9,Fe,False,0.2657297603325597,0.25,1,9
R05_F01,5,1,15,10,Si,False,0.20284484670372938,0.25,1,10
R05_F01,5,1,15,11,Sc,False,0.1997667550735255,0.25,1,11
R05_F01,5,1,15,12,Cr,False,0.1747290208084359,0.25,1,12
R05_F01,5,1,15,13,Li,False,0.15848811017491124,0.25,1,13
R05_F01,5,1,15,14,Mn,False,0.14058058500959292,0.25,1,14
R05_F01,5,1,15,15,Be,False,0.06448339988063843,0.25,1,15
R05_F02,5,2,15,1,Tsol,True,0.5750749317557096,0.25,1,1
R05_F02,5,2,15,2,Tage,True,0.4965396164392598,0.25,1,2
R05_F02,5,2,15,3,tage,True,0.24908438477385467,0.25,1,3
R05_F02,5,2,15,4,Zn,False,1.0,0.25,1,4
R05_F02,5,2,15,5,Mg,False,0.5142406328475102,0.25,1,5
R05_F02,5,2,15,6,Cu,False,0.30653551590039685,0.25,1,6
R05_F02,5,2,15,7,Ti,False,0.30180980447733563,0.25,1,7
R05_F02,5,2,15,8,Fe,False,0.26306917323125956,0.25,1,8
R05_F02,5,2,15,9,Si,False,0.19783212043117104,0.25,1,9
R05_F02,5,2,15,10,Zr,False,0.18839873571634952,0.25,1,10
R05_F02,5,2,15,11,Cr,False,0.16912664116665405,0.25,1,11
R05_F02,5,2,15,12,Sc,False,0.16437850177558885,0.25,1,12
R05_F02,5,2,15,13,Li,False,0.12444701235635999,0.25,1,13
R05_F02,5,2,15,14,Mn,False,0.12285068011744263,0.25,1,14
R05_F02,5,2,15,15,Be,False,0.08265527031914224,0.25,1,15
R05_F03,5,3,15,1,Tsol,True,0.6524728681410892,0.5,1,1
R05_F03,5,3,15,2,Tage,True,0.4722416696458024,0.5,1,2
R05_F03,5,3,15,3,tage,True,0.17318978888870654,0.5,1,3
R05_F03,5,3,15,4,Zn,False,1.0,0.5,1,4
R05_F03,5,3,15,5,Mg,False,0.7077898833539751,0.5,1,5
R05_F03,5,3,15,6,Ti,False,0.3596433510323773,0.5,1,6
R05_F03,5,3,15,7,Cu,False,0.3295055851724183,0.5,1,7
R05_F03,5,3,15,8,Fe,False,0.32205955369194383,0.5,1,8
R05_F03,5,3,15,9,Si,False,0.31084651249389467,0.5,1,9
R05_F03,5,3,15,10,Sc,False,0.26791856241785356,0.5,1,10
R05_F03,5,3,15,11,Zr,False,0.2592117395963998,0.5,1,11
R05_F03,5,3,15,12,Li,False,0.2039592486963552,0.5,1,12
R05_F03,5,3,15,13,Cr,False,0.20169688937655977,0.5,1,13
R05_F03,5,3,15,14,Mn,False,0.12865701521545161,0.5,1,14
R05_F03,5,3,15,15,Be,False,0.11004563738197669,0.5,1,15
R05_F04,5,4,15,1,Tsol,True,0.5410617767581438,0.0,1,1
R05_F04,5,4,15,2,Tage,True,0.5380075022034742,0.0,1,2
R05_F04,5,4,15,3,tage,True,0.30645338636782093,0.0,1,3
R05_F04,5,4,15,4,Zn,False,1.0,0.0,1,4
R05_F04,5,4,15,5,Mg,False,0.44774837120514815,0.0,1,5
R05_F04,5,4,15,6,Cu,False,0.3395538427479309,0.0,1,6
R05_F04,5,4,15,7,Zr,False,0.23303921535663552,0.0,1,7
R05_F04,5,4,15,8,Ti,False,0.2267204021658992,0.0,1,8
R05_F04,5,4,15,9,Fe,False,0.1822945720107204,0.0,1,9
R05_F04,5,4,15,10,Si,False,0.16347718883236398,0.0,1,10
R05_F04,5,4,15,11,Mn,False,0.15872344395374552,0.0,1,11
R05_F04,5,4,15,12,Cr,False,0.12444943003227636,0.0,1,12
R05_F04,5,4,15,13,Li,False,0.1234515521585388,0.0,1,13
R05_F04,5,4,15,14,Sc,False,0.1202084047050424,0.0,1,14
R05_F04,5,4,15,15,Be,False,0.06272698024359062,0.0,1,15
R05_F05,5,5,15,1,Tsol,True,0.7026271659252665,0.75,1,1
R05_F05,5,5,15,2,Tage,True,0.38989914727958275,0.75,1,2
R05_F05,5,5,15,3,tage,True,0.06615403636273612,0.75,1,3
R05_F05,5,5,15,4,Zn,False,1.0,0.75,1,4
R05_F05,5,5,15,5,Mg,False,0.7489128209884445,0.75,1,5
R05_F05,5,5,15,6,Ti,False,0.39004742813967147,0.75,1,6
R05_F05,5,5,15,7,Fe,False,0.36933569519552406,0.75,1,7
R05_F05,5,5,15,8,Sc,False,0.34841234681457756,0.75,1,8
R05_F05,5,5,15,9,Si,False,0.3386427478437394,0.75,1,9
R05_F05,5,5,15,10,Zr,False,0.33716431995767027,0.75,1,10
R05_F05,5,5,15,11,Cu,False,0.28279815732259994,0.75,1,11
R05_F05,5,5,15,12,Cr,False,0.26902708507264117,0.75,1,12
R05_F05,5,5,15,13,Li,False,0.22856734354421795,0.75,1,13
R05_F05,5,5,15,14,Be,False,0.08772652109357877,0.75,1,14
R05_F05,5,5,15,15,Ni,False,0.07641095967342072,0.75,1,15
R01_F01,1,1,16,1,Tsol,True,0.5805556387519786,0.25,1,1
R01_F01,1,1,16,2,Tage,True,0.4563617152906778,0.25,1,2
R01_F01,1,1,16,3,tage,True,0.2087899598742195,0.25,1,3
R01_F01,1,1,16,4,Zn,False,1.0,0.25,1,4
R01_F01,1,1,16,5,Mg,False,0.5693696368078163,0.25,1,5
R01_F01,1,1,16,6,Cu,False,0.3035169373714433,0.25,1,6
R01_F01,1,1,16,7,Ti,False,0.2654131313951025,0.25,1,7
R01_F01,1,1,16,8,Fe,False,0.2565112179680752,0.25,1,8
R01_F01,1,1,16,9,Si,False,0.20917893866696047,0.25,1,9
R01_F01,1,1,16,10,Zr,False,0.20649410502583565,0.25,1,10
R01_F01,1,1,16,11,Sc,False,0.17433279643057809,0.25,1,11
R01_F01,1,1,16,12,Li,False,0.16249262341471865,0.25,1,12
R01_F01,1,1,16,13,Cr,False,0.1216175047317761,0.25,1,13
R01_F01,1,1,16,14,Mn,False,0.10964120772892857,0.25,1,14
R01_F01,1,1,16,15,Be,False,0.06254449825465949,0.25,1,15
R01_F01,1,1,16,16,Ni,False,0.0490970615351363,0.25,1,16
R01_F02,1,2,16,1,Tsol,True,0.5276438011203735,0.25,1,1
R01_F02,1,2,16,2,Tage,True,0.47889841300223696,0.25,1,2
R01_F02,1,2,16,3,tage,True,0.2183178932099521,0.25,1,3
R01_F02,1,2,16,4,Zn,False,1.0,0.25,1,4
R01_F02,1,2,16,5,Mg,False,0.5189742006010339,0.25,1,5
R01_F02,1,2,16,6,Cu,False,0.3017825433688856,0.25,1,6
R01_F02,1,2,16,7,Ti,False,0.2455035483135583,0.25,1,7
R01_F02,1,2,16,8,Fe,False,0.22763239049196551,0.25,1,8
R01_F02,1,2,16,9,Si,False,0.19679412829701354,0.25,1,9
R01_F02,1,2,16,10,Zr,False,0.19556942388543555,0.25,1,10
R01_F02,1,2,16,11,Sc,False,0.1588784830610778,0.25,1,11
R01_F02,1,2,16,12,Cr,False,0.14599081101320854,0.25,1,12
R01_F02,1,2,16,13,Li,False,0.14046470214165713,0.25,1,13
R01_F02,1,2,16,14,Mn,False,0.11858353724946175,0.25,1,14
R01_F02,1,2,16,15,Be,False,0.05868087060341242,0.25,1,15
R01_F02,1,2,16,16,Ni,False,0.04683029823673275,0.25,1,16
R01_F03,1,3,16,1,Tsol,True,0.7226324950931308,0.75,1,1
R01_F03,1,3,16,2,Tage,True,0.42728963811502463,0.75,1,2
R01_F03,1,3,16,3,tage,True,0.06513955513609235,0.75,1,3
R01_F03,1,3,16,4,Zn,False,1.0,0.75,1,4
R01_F03,1,3,16,5,Mg,False,0.7563782692952103,0.75,1,5
R01_F03,1,3,16,6,Ti,False,0.4666151169572073,0.75,1,6
R01_F03,1,3,16,7,Fe,False,0.3823253039799393,0.75,1,7
R01_F03,1,3,16,8,Sc,False,0.373317817232802,0.75,1,8
R01_F03,1,3,16,9,Zr,False,0.3522523959278887,0.75,1,9
R01_F03,1,3,16,10,Si,False,0.3488451789980378,0.75,1,10
R01_F03,1,3,16,11,Cu,False,0.32640011688122,0.75,1,11
R01_F03,1,3,16,12,Cr,False,0.260828172666744,0.75,1,12
R01_F03,1,3,16,13,Li,False,0.2013964515475227,0.75,1,13
R01_F03,1,3,16,14,Be,False,0.1574425712468085,0.75,1,14
R01_F03,1,3,16,15,Mn,False,0.11037989264114953,0.75,1,15
R01_F03,1,3,16,16,V,False,0.10590296965405252,0.75,1,16
R01_F04,1,4,16,1,Tsol,True,0.713643109530619,0.75,1,1
R01_F04,1,4,16,2,Tage,True,0.4311034967946412,0.75,1,2
R01_F04,1,4,16,3,tage,True,0.08944476876852292,0.75,1,3
R01_F04,1,4,16,4,Zn,False,1.0,0.75,1,4
R01_F04,1,4,16,5,Mg,False,0.7506511421401048,0.75,1,5
R01_F04,1,4,16,6,Ti,False,0.3841495487141132,0.75,1,6
R01_F04,1,4,16,7,Si,False,0.341947603941444,0.75,1,7
R01_F04,1,4,16,8,Zr,False,0.33718057013996533,0.75,1,8
R01_F04,1,4,16,9,Sc,False,0.33316013180900567,0.75,1,9
R01_F04,1,4,16,10,Fe,False,0.33203355618810565,0.75,1,10
R01_F04,1,4,16,11,Cu,False,0.2952765264775745,0.75,1,11
R01_F04,1,4,16,12,Cr,False,0.28429435114736135,0.75,1,12
R01_F04,1,4,16,13,Li,False,0.2513489530752308,0.75,1,13
R01_F04,1,4,16,14,Ni,False,0.12468638630475123,0.75,1,14
R01_F04,1,4,16,15,Be,False,0.11740678077890601,0.75,1,15
R01_F04,1,4,16,16,V,False,0.0866876180899539,0.75,1,16
R01_F05,1,5,16,1,Tsol,True,0.6634441839902473,0.5,1,1
R01_F05,1,5,16,2,Tage,True,0.4095311631545619,0.5,1,2
R01_F05,1,5,16,3,tage,True,0.15097054618627018,0.5,1,3
R01_F05,1,5,16,4,Zn,False,1.0,0.5,1,4
R01_F05,1,5,16,5,Mg,False,0.6743606609818582,0.5,1,5
R01_F05,1,5,16,6,Ti,False,0.3690756065556148,0.5,1,6
R01_F05,1,5,16,7,Fe,False,0.345895948131393,0.5,1,7
R01_F05,1,5,16,8,Cu,False,0.3194387153720702,0.5,1,8
R01_F05,1,5,16,9,Zr,False,0.28512528199750053,0.5,1,9
R01_F05,1,5,16,10,Sc,False,0.2844412623464213,0.5,1,10
R01_F05,1,5,16,11,Si,False,0.272168705457404,0.5,1,11
R01_F05,1,5,16,12,Cr,False,0.23884612443068295,0.5,1,12
R01_F05,1,5,16,13,Li,False,0.16091705791811511,0.5,1,13
R01_F05,1,5,16,14,Be,False,0.1419970277381435,0.5,1,14
R01_F05,1,5,16,15,Mn,False,0.10406325890350768,0.5,1,15
R01_F05,1,5,16,16,Ni,False,0.07825611495658855,0.5,1,16
R02_F01,2,1,16,1,Tsol,True,0.513595600564193,0.0,1,1
R02_F01,2,1,16,2,Tage,True,0.47779578899363884,0.0,1,2
R02_F01,2,1,16,3,tage,True,0.3373205741227759,0.0,1,3
R02_F01,2,1,16,4,Zn,False,1.0,0.0,1,4
R02_F01,2,1,16,5,Mg,False,0.4896805661628935,0.0,1,5
R02_F01,2,1,16,6,Ti,False,0.3184400085102931,0.0,1,6
R02_F01,2,1,16,7,Cu,False,0.29885279465354125,0.0,1,7
R02_F01,2,1,16,8,Fe,False,0.2379656975201113,0.0,1,8
R02_F01,2,1,16,9,Zr,False,0.1830314629234134,0.0,1,9
R02_F01,2,1,16,10,Si,False,0.1542616076277774,0.0,1,10
R02_F01,2,1,16,11,Mn,False,0.15113800798452465,0.0,1,11
R02_F01,2,1,16,12,Cr,False,0.11278872798762721,0.0,1,12
R02_F01,2,1,16,13,Sc,False,0.0876437730222125,0.0,1,13
R02_F01,2,1,16,14,Li,False,0.07205933883983437,0.0,1,14
R02_F01,2,1,16,15,Ni,False,0.024645920930969085,0.0,1,15
R02_F01,2,1,16,16,Be,False,0.018822639444233246,0.0,1,16
R02_F02,2,2,16,1,Tsol,True,0.5163331889516176,0.0,1,1
R02_F02,2,2,16,2,Tage,True,0.5187981025041845,0.0,1,2
R02_F02,2,2,16,3,tage,True,0.3503147078020937,0.0,1,3
R02_F02,2,2,16,4,Zn,False,1.0,0.0,1,4
R02_F02,2,2,16,5,Mg,False,0.4334327370803523,0.0,1,5
R02_F02,2,2,16,6,Cu,False,0.37102396585797076,0.0,1,6
R02_F02,2,2,16,7,Fe,False,0.25480908134967606,0.0,1,7
R02_F02,2,2,16,8,Zr,False,0.240832076374588,0.0,1,8
R02_F02,2,2,16,9,Ti,False,0.21951982504330084,0.0,1,9
R02_F02,2,2,16,10,Si,False,0.16934821656942073,0.0,1,10
R02_F02,2,2,16,11,Li,False,0.15531378392318687,0.0,1,11
R02_F02,2,2,16,12,Mn,False,0.14653536522419697,0.0,1,12
R02_F02,2,2,16,13,Cr,False,0.1352656996657308,0.0,1,13
R02_F02,2,2,16,14,Sc,False,0.1003172565760978,0.0,1,14
R02_F02,2,2,16,15,Ni,False,0.045620389169050916,0.0,1,15
R02_F02,2,2,16,16,Be,False,0.013459256409485549,0.0,1,16
R02_F03,2,3,16,1,Tsol,True,0.7767394591969177,1.0,1,1
R02_F03,2,3,16,2,Tage,True,0.3987222998035663,1.0,1,2
R02_F03,2,3,16,3,tage,True,0.0,1.0,1,3
R02_F03,2,3,16,4,Zn,False,1.0,1.0,1,4
R02_F03,2,3,16,5,Mg,False,0.8381108783665743,1.0,1,5
R02_F03,2,3,16,6,Ti,False,0.47087045250242654,1.0,1,6
R02_F03,2,3,16,7,Fe,False,0.44600799415518316,1.0,1,7
R02_F03,2,3,16,8,Sc,False,0.4360821412106686,1.0,1,8
R02_F03,2,3,16,9,Si,False,0.42699817627734915,1.0,1,9
R02_F03,2,3,16,10,Cr,False,0.4035485414939877,1.0,1,10
R02_F03,2,3,16,11,Zr,False,0.3731202334674082,1.0,1,11
R02_F03,2,3,16,12,Cu,False,0.3040990109036225,1.0,1,12
R02_F03,2,3,16,13,Be,False,0.2371368543431381,1.0,1,13
R02_F03,2,3,16,14,Li,False,0.2028672233006288,1.0,1,14
R02_F03,2,3,16,15,Ni,False,0.160256230244692,1.0,1,15
R02_F03,2,3,16,16,V,False,0.12273580507550821,1.0,1,16
R02_F04,2,4,16,1,Tsol,True,0.6502737133043317,0.5,1,1
R02_F04,2,4,16,2,Tage,True,0.46300295531410035,0.5,1,2
R02_F04,2,4,16,3,tage,True,0.16603798398072622,0.5,1,3
R02_F04,2,4,16,4,Zn,False,1.0,0.5,1,4
R02_F04,2,4,16,5,Mg,False,0.6513424534157636,0.5,1,5
R02_F04,2,4,16,6,Ti,False,0.3501493957117099,0.5,1,6
R02_F04,2,4,16,7,Cu,False,0.3127515078728634,0.5,1,7
R02_F04,2,4,16,8,Sc,False,0.2877136279218122,0.5,1,8
R02_F04,2,4,16,9,Fe,False,0.28208777898254345,0.5,1,9
R02_F04,2,4,16,10,Zr,False,0.2813297153886623,0.5,1,10
R02_F04,2,4,16,11,Si,False,0.26768329105872035,0.5,1,11
R02_F04,2,4,16,12,Li,False,0.20550953232913105,0.5,1,12
R02_F04,2,4,16,13,Cr,False,0.1899177221409874,0.5,1,13
R02_F04,2,4,16,14,Be,False,0.09869093531581993,0.5,1,14
R02_F04,2,4,16,15,Mn,False,0.0868623868109844,0.5,1,15
R02_F04,2,4,16,16,Ni,False,0.08337539098082859,0.5,1,16
R02_F05,2,5,16,1,Tsol,True,0.7242662039839208,0.75,1,1
R02_F05,2,5,16,2,Tage,True,0.48957708932475186,0.75,1,2
R02_F05,2,5,16,3,tage,True,0.0713797467768738,0.75,1,3
R02_F05,2,5,16,4,Zn,False,1.0,0.75,1,4
R02_F05,2,5,16,5,Mg,False,0.7622901908010594,0.75,1,5
R02_F05,2,5,16,6,Ti,False,0.38123110332615734,0.75,1,6
R02_F05,2,5,16,7,Si,False,0.3612662550337767,0.75,1,7
R02_F05,2,5,16,8,Cu,False,0.3566819125833077,0.75,1,8
R02_F05,2,5,16,9,Sc,False,0.32747156608878136,0.75,1,9
R02_F05,2,5,16,10,Fe,False,0.32232418662973755,0.75,1,10
R02_F05,2,5,16,11,Zr,False,0.29284309559574834,0.75,1,11
R02_F05,2,5,16,12,Li,False,0.24868759841128285,0.75,1,12
R02_F05,2,5,16,13,Be,False,0.18946274184260836,0.75,1,13
R02_F05,2,5,16,14,Cr,False,0.16432337548784967,0.75,1,14
R02_F05,2,5,16,15,V,False,0.1236367212978296,0.75,1,15
R02_F05,2,5,16,16,Ni,False,0.12014296133809009,0.75,1,16
R03_F01,3,1,16,1,Tsol,True,0.7051652638858099,0.75,1,1
R03_F01,3,1,16,2,Tage,True,0.4244015916269287,0.75,1,2
R03_F01,3,1,16,3,tage,True,0.06989240247850503,0.75,1,3
R03_F01,3,1,16,4,Zn,False,1.0,0.75,1,4
R03_F01,3,1,16,5,Mg,False,0.7354613953616355,0.75,1,5
R03_F01,3,1,16,6,Fe,False,0.3735807846979446,0.75,1,6
R03_F01,3,1,16,7,Ti,False,0.3730870821644521,0.75,1,7
R03_F01,3,1,16,8,Si,False,0.35822055845664513,0.75,1,8
R03_F01,3,1,16,9,Sc,False,0.342002855127816,0.75,1,9
R03_F01,3,1,16,10,Cu,False,0.3394958895218102,0.75,1,10
R03_F01,3,1,16,11,Zr,False,0.3010416595572776,0.75,1,11
R03_F01,3,1,16,12,Cr,False,0.2646720441324548,0.75,1,12
R03_F01,3,1,16,13,Li,False,0.24177337090054848,0.75,1,13
R03_F01,3,1,16,14,Be,False,0.18888018087006062,0.75,1,14
R03_F01,3,1,16,15,Ni,False,0.1410992662885758,0.75,1,15
R03_F01,3,1,16,16,Mn,False,0.1374099189692267,0.75,1,16
R03_F02,3,2,16,1,Tsol,True,0.5256426726919364,0.25,1,1
R03_F02,3,2,16,2,Tage,True,0.43468894884651305,0.25,1,2
R03_F02,3,2,16,3,tage,True,0.20640899206142344,0.25,1,3
R03_F02,3,2,16,4,Zn,False,1.0,0.25,1,4
R03_F02,3,2,16,5,Mg,False,0.5526535056671767,0.25,1,5
R03_F02,3,2,16,6,Cu,False,0.29728567475801326,0.25,1,6
R03_F02,3,2,16,7,Ti,False,0.2747872979722274,0.25,1,7
R03_F02,3,2,16,8,Fe,False,0.2641642602342881,0.25,1,8
R03_F02,3,2,16,9,Zr,False,0.2050883296512003,0.25,1,9
R03_F02,3,2,16,10,Si,False,0.18975726049555758,0.25,1,10
R03_F02,3,2,16,11,Sc,False,0.17399056355612033,0.25,1,11
R03_F02,3,2,16,12,Li,False,0.1541770572033047,0.25,1,12
R03_F02,3,2,16,13,Cr,False,0.14843610712274552,0.25,1,13
R03_F02,3,2,16,14,Mn,False,0.10500144600895138,0.25,1,14
R03_F02,3,2,16,15,Be,False,0.06533858511957426,0.25,1,15
R03_F02,3,2,16,16,Ni,False,0.04720844912578263,0.25,1,16
R03_F03,3,3,16,1,Tsol,True,0.6534519263523877,0.5,1,1
R03_F03,3,3,16,2,Tage,True,0.43585206609013194,0.5,1,2
R03_F03,3,3,16,3,tage,True,0.15915800845259115,0.5,1,3
R03_F03,3,3,16,4,Zn,False,1.0,0.5,1,4
R03_F03,3,3,16,5,Mg,False,0.6052722502753506,0.5,1,5
R03_F03,3,3,16,6,Ti,False,0.34184992078812665,0.5,1,6
R03_F03,3,3,16,7,Cu,False,0.29979410454273747,0.5,1,7
R03_F03,3,3,16,8,Fe,False,0.28467712966886005,0.5,1,8
R03_F03,3,3,16,9,Si,False,0.2675407995667187,0.5,1,9
R03_F03,3,3,16,10,Zr,False,0.2534670298315737,0.5,1,10
R03_F03,3,3,16,11,Sc,False,0.23976443149087343,0.5,1,11
R03_F03,3,3,16,12,Cr,False,0.18736228540128935,0.5,1,12
R03_F03,3,3,16,13,Li,False,0.17401461504146082,0.5,1,13
R03_F03,3,3,16,14,Mn,False,0.08293978854854026,0.5,1,14
R03_F03,3,3,16,15,Be,False,0.08147083595678488,0.5,1,15
R03_F03,3,3,16,16,Ni,False,0.08046391192846813,0.5,1,16
R03_F04,3,4,16,1,Tsol,True,0.7479782346046556,0.75,1,1
R03_F04,3,4,16,2,Tage,True,0.40695497984925927,0.75,1,2
R03_F04,3,4,16,3,tage,True,0.08770846008337724,0.75,1,3
R03_F04,3,4,16,4,Zn,False,1.0,0.75,1,4
R03_F04,3,4,16,5,Mg,False,0.7982380699267279,0.75,1,5
R03_F04,3,4,16,6,Ti,False,0.4402651573847172,0.75,1,6
R03_F04,3,4,16,7,Sc,False,0.40563486120600545,0.75,1,7
R03_F04,3,4,16,8,Zr,False,0.33343428358162897,0.75,1,8
R03_F04,3,4,16,9,Fe,False,0.3290918030133131,0.75,1,9
R03_F04,3,4,16,10,Cu,False,0.3275272231469657,0.75,1,10
R03_F04,3,4,16,11,Si,False,0.32461443665075623,0.75,1,11
R03_F04,3,4,16,12,Cr,False,0.30756078076249843,0.75,1,12
R03_F04,3,4,16,13,Li,False,0.19863615074872193,0.75,1,13
R03_F04,3,4,16,14,Be,False,0.15510599229436636,0.75,1,14
R03_F04,3,4,16,15,Ni,False,0.08563857256774335,0.75,1,15
R03_F04,3,4,16,16,V,False,0.08102031166685378,0.75,1,16
R03_F05,3,5,16,1,Tsol,True,0.6443131284993897,0.5,1,1
R03_F05,3,5,16,2,Tage,True,0.452262417143511,0.5,1,2
R03_F05,3,5,16,3,tage,True,0.14831534287330142,0.5,1,3
R03_F05,3,5,16,4,Zn,False,1.0,0.5,1,4
R03_F05,3,5,16,5,Mg,False,0.6604917517814288,0.5,1,5
R03_F05,3,5,16,6,Fe,False,0.3624417573470229,0.5,1,6
R03_F05,3,5,16,7,Ti,False,0.3593309468054642,0.5,1,7
R03_F05,3,5,16,8,Si,False,0.30247093002672976,0.5,1,8
R03_F05,3,5,16,9,Cu,False,0.29068951719156516,0.5,1,9
R03_F05,3,5,16,10,Zr,False,0.28877827908387377,0.5,1,10
R03_F05,3,5,16,11,Sc,False,0.2856113043224389,0.5,1,11
R03_F05,3,5,16,12,Cr,False,0.24647612699837174,0.5,1,12
R03_F05,3,5,16,13,Li,False,0.1946340139806867,0.5,1,13
R03_F05,3,5,16,14,Mn,False,0.12819571622228276,0.5,1,14
R03_F05,3,5,16,15,Be,False,0.11334463479975669,0.5,1,15
R03_F05,3,5,16,16,Ni,False,0.098701900276921,0.5,1,16
R04_F01,4,1,16,1,Tsol,True,0.624345230477283,0.5,1,1
R04_F01,4,1,16,2,Tage,True,0.46880856850543,0.5,1,2
R04_F01,4,1,16,3,tage,True,0.17880225526536617,0.5,1,3
R04_F01,4,1,16,4,Zn,False,1.0,0.5,1,4
R04_F01,4,1,16,5,Mg,False,0.6401236482452348,0.5,1,5
R04_F01,4,1,16,6,Ti,False,0.36765719817553455,0.5,1,6
R04_F01,4,1,16,7,Cu,False,0.34154495662402135,0.5,1,7
R04_F01,4,1,16,8,Fe,False,0.3414753738619103,0.5,1,8
R04_F01,4,1,16,9,Si,False,0.2972441314841763,0.5,1,9
R04_F01,4,1,16,10,Sc,False,0.25104690485401254,0.5,1,10
R04_F01,4,1,16,11,Zr,False,0.21908969368625653,0.5,1,11
R04_F01,4,1,16,12,Cr,False,0.19990997964515742,0.5,1,12
R04_F01,4,1,16,13,Li,False,0.17251503592604508,0.5,1,13
R04_F01,4,1,16,14,Mn,False,0.13167818088275748,0.5,1,14
R04_F01,4,1,16,15,Be,False,0.11419299576884914,0.5,1,15
R04_F01,4,1,16,16,Ni,False,0.10008856267200388,0.5,1,16
R04_F02,4,2,16,1,Tsol,True,0.6012809304498736,0.5,1,1
R04_F02,4,2,16,2,Tage,True,0.44472168743121065,0.5,1,2
R04_F02,4,2,16,3,tage,True,0.13054969581062645,0.5,1,3
R04_F02,4,2,16,4,Zn,False,1.0,0.5,1,4
R04_F02,4,2,16,5,Mg,False,0.6602713433898046,0.5,1,5
R04_F02,4,2,16,6,Cu,False,0.3184974381110471,0.5,1,6
R04_F02,4,2,16,7,Ti,False,0.3006780991157764,0.5,1,7
R04_F02,4,2,16,8,Si,False,0.2894627852401635,0.5,1,8
R04_F02,4,2,16,9,Fe,False,0.27097258055767476,0.5,1,9
R04_F02,4,2,16,10,Sc,False,0.23409889411686846,0.5,1,10
R04_F02,4,2,16,11,Zr,False,0.20926318194938484,0.5,1,11
R04_F02,4,2,16,12,Li,False,0.20332139810456834,0.5,1,12
R04_F02,4,2,16,13,Cr,False,0.15081854614215556,0.5,1,13
R04_F02,4,2,16,14,Be,False,0.09402788303295928,0.5,1,14
R04_F02,4,2,16,15,Ni,False,0.0827217959974028,0.5,1,15
R04_F02,4,2,16,16,Mn,False,0.08200096625320136,0.5,1,16
R04_F03,4,3,16,1,Tsol,True,0.6707521736477061,0.25,1,1
R04_F03,4,3,16,2,Tage,True,0.5214818552277922,0.25,1,2
R04_F03,4,3,16,3,tage,True,0.2969303963204057,0.25,1,3
R04_F03,4,3,16,4,Zn,False,1.0,0.25,1,4
R04_F03,4,3,16,5,Mg,False,0.6104250045666156,0.25,1,5
R04_F03,4,3,16,6,Cu,False,0.3693901858597532,0.25,1,6
R04_F03,4,3,16,7,Ti,False,0.3410599296877037,0.25,1,7
R04_F03,4,3,16,8,Fe,False,0.2992383982364291,0.25,1,8
R04_F03,4,3,16,9,Zr,False,0.2909387435254043,0.25,1,9
R04_F03,4,3,16,10,Si,False,0.2138785134908635,0.25,1,10
R04_F03,4,3,16,11,Cr,False,0.20077091420057785,0.25,1,11
R04_F03,4,3,16,12,Sc,False,0.19065408345146906,0.25,1,12
R04_F03,4,3,16,13,Li,False,0.1640333257742559,0.25,1,13
R04_F03,4,3,16,14,Mn,False,0.16282655891398007,0.25,1,14
R04_F03,4,3,16,15,Ni,False,0.07608956778877117,0.25,1,15
R04_F03,4,3,16,16,Be,False,0.07318088935894046,0.25,1,16
R04_F04,4,4,16,1,Tsol,True,0.7769053109917643,1.0,1,1
R04_F04,4,4,16,2,Tage,True,0.33823309244760746,1.0,1,2
R04_F04,4,4,16,3,tage,True,0.0,1.0,1,3
R04_F04,4,4,16,4,Zn,False,1.0,1.0,1,4
R04_F04,4,4,16,5,Mg,False,0.8351954122288876,1.0,1,5
R04_F04,4,4,16,6,Ti,False,0.4591717629047628,1.0,1,6
R04_F04,4,4,16,7,Sc,False,0.44174872978131896,1.0,1,7
R04_F04,4,4,16,8,Fe,False,0.39326309722715974,1.0,1,8
R04_F04,4,4,16,9,Zr,False,0.39190558662780084,1.0,1,9
R04_F04,4,4,16,10,Si,False,0.3743872883618683,1.0,1,10
R04_F04,4,4,16,11,Cr,False,0.3418604297648486,1.0,1,11
R04_F04,4,4,16,12,Li,False,0.2660906774620772,1.0,1,12
R04_F04,4,4,16,13,Cu,False,0.25248515681738265,1.0,1,13
R04_F04,4,4,16,14,Be,False,0.15525913110645287,1.0,1,14
R04_F04,4,4,16,15,Ni,False,0.11980572738842438,1.0,1,15
R04_F04,4,4,16,16,V,False,0.08330396167893145,1.0,1,16
R04_F05,4,5,16,1,Tsol,True,0.6204655977394122,0.0,1,1
R04_F05,4,5,16,2,Tage,True,0.5923833021669049,0.0,1,2
R04_F05,4,5,16,3,tage,True,0.31283439677232455,0.0,1,3
R04_F05,4,5,16,4,Zn,False,1.0,0.0,1,4
R04_F05,4,5,16,5,Mg,False,0.45503088629494354,0.0,1,5
R04_F05,4,5,16,6,Cu,False,0.3718657405345797,0.0,1,6
R04_F05,4,5,16,7,Ti,False,0.2809869848331431,0.0,1,7
R04_F05,4,5,16,8,Zr,False,0.23847101932951958,0.0,1,8
R04_F05,4,5,16,9,Fe,False,0.20113578359263118,0.0,1,9
R04_F05,4,5,16,10,Li,False,0.15377284655340995,0.0,1,10
R04_F05,4,5,16,11,Si,False,0.14878988825948486,0.0,1,11
R04_F05,4,5,16,12,Sc,False,0.13784161398744452,0.0,1,12
R04_F05,4,5,16,13,Mn,False,0.134052964957957,0.0,1,13
R04_F05,4,5,16,14,Cr,False,0.1323663728085054,0.0,1,14
R04_F05,4,5,16,15,Be,False,0.033628626797574175,0.0,1,15
R04_F05,4,5,16,16,Ni,False,0.005730490435433598,0.0,1,16
R05_F01,5,1,16,1,Tsol,True,0.5152121305810505,0.0,1,1
R05_F01,5,1,16,2,Tage,True,0.4304393058491954,0.0,1,2
R05_F01,5,1,16,3,tage,True,0.35255366711454633,0.0,1,3
R05_F01,5,1,16,4,Zn,False,1.0,0.0,1,4
R05_F01,5,1,16,5,Mg,False,0.4676391791950493,0.0,1,5
R05_F01,5,1,16,6,Cu,False,0.3495775651762086,0.0,1,6
R05_F01,5,1,16,7,Zr,False,0.2362216643471768,0.0,1,7
R05_F01,5,1,16,8,Ti,False,0.21296853855765022,0.0,1,8
R05_F01,5,1,16,9,Fe,False,0.20973501100460987,0.0,1,9
R05_F01,5,1,16,10,Mn,False,0.15031135700666085,0.0,1,10
R05_F01,5,1,16,11,Si,False,0.12526527071728522,0.0,1,11
R05_F01,5,1,16,12,Cr,False,0.12447221115806366,0.0,1,12
R05_F01,5,1,16,13,Li,False,0.12099297169948187,0.0,1,13
R05_F01,5,1,16,14,Sc,False,0.11206687829324734,0.0,1,14
R05_F01,5,1,16,15,Ni,False,0.014530318104729482,0.0,1,15
R05_F01,5,1,16,16,Be,False,0.013030191117878813,0.0,1,16
R05_F02,5,2,16,1,Tsol,True,0.6439374862135376,0.5,1,1
R05_F02,5,2,16,2,Tage,True,0.4681334952730992,0.5,1,2
R05_F02,5,2,16,3,tage,True,0.1660562565159031,0.5,1,3
R05_F02,5,2,16,4,Zn,False,1.0,0.5,1,4
R05_F02,5,2,16,5,Mg,False,0.6194704045305732,0.5,1,5
R05_F02,5,2,16,6,Ti,False,0.36430372657338544,0.5,1,6
R05_F02,5,2,16,7,Cu,False,0.3165419593407667,0.5,1,7
R05_F02,5,2,16,8,Fe,False,0.3087802735342325,0.5,1,8
R05_F02,5,2,16,9,Si,False,0.2568482121342185,0.5,1,9
R05_F02,5,2,16,10,Sc,False,0.2388643605543512,0.5,1,10
R05_F02,5,2,16,11,Zr,False,0.21971029284660576,0.5,1,11
R05_F02,5,2,16,12,Cr,False,0.20036761355424804,0.5,1,12
R05_F02,5,2,16,13,Li,False,0.159140164464244,0.5,1,13
R05_F02,5,2,16,14,Be,False,0.11755586878575622,0.5,1,14
R05_F02,5,2,16,15,Mn,False,0.11610831121968662,0.5,1,15
R05_F02,5,2,16,16,Ni,False,0.0777001907678391,0.5,1,16
R05_F03,5,3,16,1,Tsol,True,0.7686458168227843,1.0,1,1
R05_F03,5,3,16,2,Tage,True,0.39208201732694875,1.0,1,2
R05_F03,5,3,16,3,tage,True,0.0,1.0,1,3
R05_F03,5,3,16,4,Zn,False,1.0,1.0,1,4
R05_F03,5,3,16,5,Mg,False,0.8751428540384789,1.0,1,5
R05_F03,5,3,16,6,Si,False,0.4695981411168416,1.0,1,6
R05_F03,5,3,16,7,Ti,False,0.45205826505686997,1.0,1,7
R05_F03,5,3,16,8,Sc,False,0.44038373973864153,1.0,1,8
R05_F03,5,3,16,9,Fe,False,0.43964360685082315,1.0,1,9
R05_F03,5,3,16,10,Zr,False,0.32004609652436933,1.0,1,10
R05_F03,5,3,16,11,Cu,False,0.29603584320911164,1.0,1,11
R05_F03,5,3,16,12,Li,False,0.2733021094757012,1.0,1,12
R05_F03,5,3,16,13,Cr,False,0.27281790505702014,1.0,1,13
R05_F03,5,3,16,14,Be,False,0.19928684527627183,1.0,1,14
R05_F03,5,3,16,15,Ni,False,0.17933754389858075,1.0,1,15
R05_F03,5,3,16,16,V,False,0.15416344614138133,1.0,1,16
R05_F04,5,4,16,1,Tsol,True,0.7266718991994883,0.75,1,1
R05_F04,5,4,16,2,Tage,True,0.418141372910676,0.75,1,2
R05_F04,5,4,16,3,tage,True,0.08673624167503145,0.75,1,3
R05_F04,5,4,16,4,Zn,False,1.0,0.75,1,4
R05_F04,5,4,16,5,Mg,False,0.7644192546418807,0.75,1,5
R05_F04,5,4,16,6,Ti,False,0.3885922298803436,0.75,1,6
R05_F04,5,4,16,7,Sc,False,0.36258091156696154,0.75,1,7
R05_F04,5,4,16,8,Si,False,0.33648420344490726,0.75,1,8
R05_F04,5,4,16,9,Fe,False,0.3248040695185812,0.75,1,9
R05_F04,5,4,16,10,Zr,False,0.3142127202390085,0.75,1,10
R05_F04,5,4,16,11,Cu,False,0.2977730125858651,0.75,1,11
R05_F04,5,4,16,12,Cr,False,0.24946525298631309,0.75,1,12
R05_F04,5,4,16,13,Li,False,0.21875253109266127,0.75,1,13
R05_F04,5,4,16,14,Be,False,0.21816709529291403,0.75,1,14
R05_F04,5,4,16,15,Ni,False,0.11607291609092837,0.75,1,15
R05_F04,5,4,16,16,V,False,0.07646740779741133,0.75,1,16
R05_F05,5,5,16,1,Tsol,True,0.5937077559652291,0.25,1,1
R05_F05,5,5,16,2,Tage,True,0.44419486386402063,0.25,1,2
R05_F05,5,5,16,3,tage,True,0.19846210908820835,0.25,1,3
R05_F05,5,5,16,4,Zn,False,1.0,0.25,1,4
R05_F05,5,5,16,5,Mg,False,0.5556415136351587,0.25,1,5
R05_F05,5,5,16,6,Cu,False,0.30749772003148235,0.25,1,6
R05_F05,5,5,16,7,Ti,False,0.2999595891620772,0.25,1,7
R05_F05,5,5,16,8,Fe,False,0.2977379613235306,0.25,1,8
R05_F05,5,5,16,9,Zr,False,0.27054497200790834,0.25,1,9
R05_F05,5,5,16,10,Si,False,0.20239792489391195,0.25,1,10
R05_F05,5,5,16,11,Sc,False,0.19713436420421612,0.25,1,11
R05_F05,5,5,16,12,Cr,False,0.17804074122015925,0.25,1,12
R05_F05,5,5,16,13,Li,False,0.1714802810475112,0.25,1,13
R05_F05,5,5,16,14,Mn,False,0.11700751229159827,0.25,1,14
R05_F05,5,5,16,15,Be,False,0.04208542982052272,0.25,1,15
R05_F05,5,5,16,16,Ni,False,0.038323256272958725,0.25,1,16
R01_F01,1,1,17,1,Tsol,True,0.7817349640634782,1.0,1,1
R01_F01,1,1,17,2,Tage,True,0.37286888891483133,1.0,1,2
R01_F01,1,1,17,3,tage,True,0.0,1.0,1,3
R01_F01,1,1,17,4,Zn,False,1.0,1.0,1,4
R01_F01,1,1,17,5,Mg,False,0.8439565397418713,1.0,1,5
R01_F01,1,1,17,6,Ti,False,0.4295408639769031,1.0,1,6
R01_F01,1,1,17,7,Si,False,0.3949088383384886,1.0,1,7
R01_F01,1,1,17,8,Sc,False,0.3838278631824558,1.0,1,8
R01_F01,1,1,17,9,Fe,False,0.3573878729879779,1.0,1,9
R01_F01,1,1,17,10,Cu,False,0.29105157576219226,1.0,1,10
R01_F01,1,1,17,11,Li,False,0.28677926120267977,1.0,1,11
R01_F01,1,1,17,12,Zr,False,0.27954298665026933,1.0,1,12
R01_F01,1,1,17,13,Cr,False,0.19462787348017044,1.0,1,13
R01_F01,1,1,17,14,Be,False,0.15129990775944333,1.0,1,14
R01_F01,1,1,17,15,Ni,False,0.1343046924362786,1.0,1,15
R01_F01,1,1,17,16,Mn,False,0.055521839316703285,1.0,1,16
R01_F01,1,1,17,17,V,False,0.030194533442427902,1.0,1,17
R01_F02,1,2,17,1,Tsol,True,0.6962878706882999,0.75,1,1
R01_F02,1,2,17,2,Tage,True,0.43259136612229077,0.75,1,2
R01_F02,1,2,17,3,tage,True,0.07277263106998404,0.75,1,3
R01_F02,1,2,17,4,Zn,False,1.0,0.75,1,4
R01_F02,1,2,17,5,Mg,False,0.7327122635050988,0.75,1,5
R01_F02,1,2,17,6,Ti,False,0.36784815976991336,0.75,1,6
R01_F02,1,2,17,7,Si,False,0.35927207128364996,0.75,1,7
R01_F02,1,2,17,8,Fe,False,0.3523092107107275,0.75,1,8
R01_F02,1,2,17,9,Sc,False,0.3252405397923571,0.75,1,9
R01_F02,1,2,17,10,Cu,False,0.317049133599455,0.75,1,10
R01_F02,1,2,17,11,Zr,False,0.2615538124899332,0.75,1,11
R01_F02,1,2,17,12,Cr,False,0.24507000622744884,0.75,1,12
R01_F02,1,2,17,13,Li,False,0.2109040916190792,0.75,1,13
R01_F02,1,2,17,14,Be,False,0.1583430537490799,0.75,1,14
R01_F02,1,2,17,15,Ni,False,0.13038719175601737,0.75,1,15
R01_F02,1,2,17,16,V,False,0.11469964870239541,0.75,1,16
R01_F02,1,2,17,17,Mn,False,0.10335413986686559,0.75,1,17
R01_F03,1,3,17,1,Tsol,True,0.7226324950931308,0.75,1,1
R01_F03,1,3,17,2,Tage,True,0.42728963811502463,0.75,1,2
R01_F03,1,3,17,3,tage,True,0.06513955513609235,0.75,1,3
R01_F03,1,3,17,4,Zn,False,1.0,0.75,1,4
R01_F03,1,3,17,5,Mg,False,0.7563782692952103,0.75,1,5
R01_F03,1,3,17,6,Ti,False,0.4666151169572073,0.75,1,6
R01_F03,1,3,17,7,Fe,False,0.3823253039799393,0.75,1,7
R01_F03,1,3,17,8,Sc,False,0.373317817232802,0.75,1,8
R01_F03,1,3,17,9,Zr,False,0.3522523959278887,0.75,1,9
R01_F03,1,3,17,10,Si,False,0.3488451789980378,0.75,1,10
R01_F03,1,3,17,11,Cu,False,0.32640011688122,0.75,1,11
R01_F03,1,3,17,12,Cr,False,0.260828172666744,0.75,1,12
R01_F03,1,3,17,13,Li,False,0.2013964515475227,0.75,1,13
R01_F03,1,3,17,14,Be,False,0.1574425712468085,0.75,1,14
R01_F03,1,3,17,15,Mn,False,0.11037989264114953,0.75,1,15
R01_F03,1,3,17,16,V,False,0.10590296965405252,0.75,1,16
R01_F03,1,3,17,17,Ni,False,0.09565212888019553,0.75,1,17
R01_F04,1,4,17,1,Tsol,True,0.7775937026864538,1.0,1,1
R01_F04,1,4,17,2,Tage,True,0.3918557978068861,1.0,1,2
R01_F04,1,4,17,3,tage,True,0.0,1.0,1,3
R01_F04,1,4,17,4,Zn,False,1.0,1.0,1,4
R01_F04,1,4,17,5,Mg,False,0.8495700822665718,1.0,1,5
R01_F04,1,4,17,6,Ti,False,0.4372642062087603,1.0,1,6
R01_F04,1,4,17,7,Si,False,0.41600026277448326,1.0,1,7
R01_F04,1,4,17,8,Sc,False,0.4076939404347217,1.0,1,8
R01_F04,1,4,17,9,Fe,False,0.3853331392740264,1.0,1,9
R01_F04,1,4,17,10,Zr,False,0.3727552604788312,1.0,1,10
R01_F04,1,4,17,11,Cr,False,0.3410702486179939,1.0,1,11
R01_F04,1,4,17,12,Li,False,0.28762030449195136,1.0,1,12
R01_F04,1,4,17,13,Cu,False,0.26623739264868207,1.0,1,13
R01_F04,1,4,17,14,Ni,False,0.16214712805916298,1.0,1,14
R01_F04,1,4,17,15,Be,False,0.15570029139691596,1.0,1,15
R01_F04,1,4,17,16,V,False,0.1155834907866052,1.0,1,16
R01_F04,1,4,17,17,Mn,False,0.026029269259679143,1.0,1,17
R01_F05,1,5,17,1,Tsol,True,0.5161313849325916,0.0,1,1
R01_F05,1,5,17,2,Tage,True,0.46812963514725414,0.0,1,2
R01_F05,1,5,17,3,tage,True,0.30194109237254035,0.0,1,3
R01_F05,1,5,17,4,Zn,False,1.0,0.0,1,4
R01_F05,1,5,17,5,Mg,False,0.4859842163248759,0.0,1,5
R01_F05,1,5,17,6,Cu,False,0.3674648839750202,0.0,1,6
R01_F05,1,5,17,7,Ti,False,0.28262725650958137,0.0,1,7
R01_F05,1,5,17,8,Fe,False,0.2331350576120491,0.0,1,8
R01_F05,1,5,17,9,Zr,False,0.20482470069438755,0.0,1,9
R01_F05,1,5,17,10,Cr,False,0.15533968200574838,0.0,1,10
R01_F05,1,5,17,11,Mn,False,0.14650150596230527,0.0,1,11
R01_F05,1,5,17,12,Si,False,0.13497257761256784,0.0,1,12
R01_F05,1,5,17,13,Li,False,0.10977596577657812,0.0,1,13
R01_F05,1,5,17,14,Sc,False,0.08629846699795507,0.0,1,14
R01_F05,1,5,17,15,Be,False,0.027880981584385463,0.0,1,15
R01_F05,1,5,17,16,Ni,False,0.01698573428557242,0.0,1,16
R01_F05,1,5,17,17,V,False,0.0,0.0,1,17
R02_F01,2,1,17,1,Tsol,True,0.513595600564193,0.0,1,1
R02_F01,2,1,17,2,Tage,True,0.47779578899363884,0.0,1,2
R02_F01,2,1,17,3,tage,True,0.3373205741227759,0.0,1,3
R02_F01,2,1,17,4,Zn,False,1.0,0.0,1,4
R02_F01,2,1,17,5,Mg,False,0.4896805661628935,0.0,1,5
R02_F01,2,1,17,6,Ti,False,0.3184400085102931,0.0,1,6
R02_F01,2,1,17,7,Cu,False,0.29885279465354125,0.0,1,7
R02_F01,2,1,17,8,Fe,False,0.2379656975201113,0.0,1,8
R02_F01,2,1,17,9,Zr,False,0.1830314629234134,0.0,1,9
R02_F01,2,1,17,10,Si,False,0.1542616076277774,0.0,1,10
R02_F01,2,1,17,11,Mn,False,0.15113800798452465,0.0,1,11
R02_F01,2,1,17,12,Cr,False,0.11278872798762721,0.0,1,12
R02_F01,2,1,17,13,Sc,False,0.0876437730222125,0.0,1,13
R02_F01,2,1,17,14,Li,False,0.07205933883983437,0.0,1,14
R02_F01,2,1,17,15,Ni,False,0.024645920930969085,0.0,1,15
R02_F01,2,1,17,16,Be,False,0.018822639444233246,0.0,1,16
R02_F01,2,1,17,17,V,False,0.0,0.0,1,17
R02_F02,2,2,17,1,Tsol,True,0.7099744813602706,0.75,1,1
R02_F02,2,2,17,2,Tage,True,0.4222915976996525,0.75,1,2
R02_F02,2,2,17,3,tage,True,0.08757867695052343,0.75,1,3
R02_F02,2,2,17,4,Zn,False,1.0,0.75,1,4
R02_F02,2,2,17,5,Mg,False,0.72568220595325,0.75,1,5
R02_F02,2,2,17,6,Ti,False,0.3849492189092305,0.75,1,6
R02_F02,2,2,17,7,Fe,False,0.3714433984532912,0.75,1,7
R02_F02,2,2,17,8,Sc,False,0.35049268385806975,0.75,1,8
R02_F02,2,2,17,9,Si,False,0.3477104859270297,0.75,1,9
R02_F02,2,2,17,10,Zr,False,0.31182986108167426,0.75,1,10
R02_F02,2,2,17,11,Cu,False,0.29737024805126444,0.75,1,11
R02_F02,2,2,17,12,Cr,False,0.296361254302791,0.75,1,12
R02_F02,2,2,17,13,Li,False,0.22410563622093052,0.75,1,13
R02_F02,2,2,17,14,Ni,False,0.11065145420456983,0.75,1,14
R02_F02,2,2,17,15,Be,False,0.10514458171914356,0.75,1,15
R02_F02,2,2,17,16,Mn,False,0.06871641855525377,0.75,1,16
R02_F02,2,2,17,17,V,False,0.03782252219649663,0.75,1,17
R02_F03,2,3,17,1,Tsol,True,0.6262766079230586,0.5,1,1
R02_F03,2,3,17,2,Tage,True,0.39321269480276355,0.5,1,2
R02_F03,2,3,17,3,tage,True,0.12624698723506286,0.5,1,3
R02_F03,2,3,17,4,Zn,False,1.0,0.5,1,4
R02_F03,2,3,17,5,Mg,False,0.6268606702945347,0.5,1,5
R02_F03,2,3,17,6,Ti,False,0.3631453856975637,0.5,1,6
R02_F03,2,3,17,7,Fe,False,0.32920504890455937,0.5,1,7
R02_F03,2,3,17,8,Cu,False,0.3213559678891466,0.5,1,8
R02_F03,2,3,17,9,Cr,False,0.2869969558803638,0.5,1,9
R02_F03,2,3,17,10,Si,False,0.2844235126645701,0.5,1,10
R02_F03,2,3,17,11,Zr,False,0.28422787163322344,0.5,1,11
R02_F03,2,3,17,12,Sc,False,0.2651879632966749,0.5,1,12
R02_F03,2,3,17,13,Li,False,0.15399389588404927,0.5,1,13
R02_F03,2,3,17,14,Be,False,0.1291141478722326,0.5,1,14
R02_F03,2,3,17,15,Mn,False,0.122500796060143,0.5,1,15
R02_F03,2,3,17,16,Ni,False,0.09450917014323294,0.5,1,16
R02_F03,2,3,17,17,V,False,0.06136790253775411,0.5,1,17
R02_F04,2,4,17,1,Tsol,True,0.7095015412020815,0.75,1,1
R02_F04,2,4,17,2,Tage,True,0.4038975434305362,0.75,1,2
R02_F04,2,4,17,3,tage,True,0.08301899199036311,0.75,1,3
R02_F04,2,4,17,4,Zn,False,1.0,0.75,1,4
R02_F04,2,4,17,5,Mg,False,0.7563065562255127,0.75,1,5
R02_F04,2,4,17,6,Ti,False,0.39364437762246496,0.75,1,6
R02_F04,2,4,17,7,Sc,False,0.3758586266152322,0.75,1,7
R02_F04,2,4,17,8,Si,False,0.33875486636221713,0.75,1,8
R02_F04,2,4,17,9,Fe,False,0.33271011017931784,0.75,1,9
R02_F04,2,4,17,10,Zr,False,0.3131050120378634,0.75,1,10
R02_F04,2,4,17,11,Cu,False,0.2956837327875473,0.75,1,11
R02_F04,2,4,17,12,Li,False,0.23777962477480474,0.75,1,12
R02_F04,2,4,17,13,Cr,False,0.22089250139438746,0.75,1,13
R02_F04,2,4,17,14,Be,False,0.1371224605124764,0.75,1,14
R02_F04,2,4,17,15,Ni,False,0.12186419738098483,0.75,1,15
R02_F04,2,4,17,16,V,False,0.07992404848840015,0.75,1,16
R02_F04,2,4,17,17,Mn,False,0.05513742895767752,0.75,1,17
R02_F05,2,5,17,1,Tsol,True,0.7242662039839208,0.75,1,1
R02_F05,2,5,17,2,Tage,True,0.48957708932475186,0.75,1,2
R02_F05,2,5,17,3,tage,True,0.0713797467768738,0.75,1,3
R02_F05,2,5,17,4,Zn,False,1.0,0.75,1,4
R02_F05,2,5,17,5,Mg,False,0.7622901908010594,0.75,1,5
R02_F05,2,5,17,6,Ti,False,0.38123110332615734,0.75,1,6
R02_F05,2,5,17,7,Si,False,0.3612662550337767,0.75,1,7
R02_F05,2,5,17,8,Cu,False,0.3566819125833077,0.75,1,8
R02_F05,2,5,17,9,Sc,False,0.32747156608878136,0.75,1,9
R02_F05,2,5,17,10,Fe,False,0.32232418662973755,0.75,1,10
R02_F05,2,5,17,11,Zr,False,0.29284309559574834,0.75,1,11
R02_F05,2,5,17,12,Li,False,0.24868759841128285,0.75,1,12
R02_F05,2,5,17,13,Be,False,0.18946274184260836,0.75,1,13
R02_F05,2,5,17,14,Cr,False,0.16432337548784967,0.75,1,14
R02_F05,2,5,17,15,V,False,0.1236367212978296,0.75,1,15
R02_F05,2,5,17,16,Ni,False,0.12014296133809009,0.75,1,16
R02_F05,2,5,17,17,Mn,False,0.10172146807765024,0.75,1,17
R03_F01,3,1,17,1,Tsol,True,0.4738986606136325,0.0,1,1
R03_F01,3,1,17,2,Tage,True,0.41717431725856424,0.0,1,2
R03_F01,3,1,17,3,tage,True,0.27956960991402013,0.0,1,3
R03_F01,3,1,17,4,Zn,False,1.0,0.0,1,4
R03_F01,3,1,17,5,Mg,False,0.39709397614911696,0.0,1,5
R03_F01,3,1,17,6,Cu,False,0.31459838755263075,0.0,1,6
R03_F01,3,1,17,7,Zr,False,0.20487564859756613,0.0,1,7
R03_F01,3,1,17,8,Fe,False,0.2013020155018426,0.0,1,8
R03_F01,3,1,17,9,Ti,False,0.17018780123311056,0.0,1,9
R03_F01,3,1,17,10,Si,False,0.1415969389193722,0.0,1,10
R03_F01,3,1,17,11,Li,False,0.14071923320659177,0.0,1,11
R03_F01,3,1,17,12,Mn,False,0.14027730620917866,0.0,1,12
R03_F01,3,1,17,13,Sc,False,0.1350443489365735,0.0,1,13
R03_F01,3,1,17,14,Cr,False,0.11728272761025793,0.0,1,14
R03_F01,3,1,17,15,Be,False,0.027235775690532652,0.0,1,15
R03_F01,3,1,17,16,Ni,False,0.015087379779774212,0.0,1,16
R03_F01,3,1,17,17,V,False,0.0,0.0,1,17
R03_F02,3,2,17,1,Tsol,True,0.598037335589348,0.5,1,1
R03_F02,3,2,17,2,Tage,True,0.4223160023261326,0.5,1,2
R03_F02,3,2,17,3,tage,True,0.13760599470761561,0.5,1,3
R03_F02,3,2,17,4,Zn,False,1.0,0.5,1,4
R03_F02,3,2,17,5,Mg,False,0.6498482449265699,0.5,1,5
R03_F02,3,2,17,6,Ti,False,0.32348265794175857,0.5,1,6
R03_F02,3,2,17,7,Fe,False,0.31046032293289244,0.5,1,7
R03_F02,3,2,17,8,Cu,False,0.28665483848372497,0.5,1,8
R03_F02,3,2,17,9,Si,False,0.2607660479678196,0.5,1,9
R03_F02,3,2,17,10,Sc,False,0.25099212694523465,0.5,1,10
R03_F02,3,2,17,11,Zr,False,0.24889245885335642,0.5,1,11
R03_F02,3,2,17,12,Li,False,0.1928670527605837,0.5,1,12
R03_F02,3,2,17,13,Cr,False,0.15917657591932266,0.5,1,13
R03_F02,3,2,17,14,Be,False,0.10568411129961301,0.5,1,14
R03_F02,3,2,17,15,Mn,False,0.07747547272248492,0.5,1,15
R03_F02,3,2,17,16,Ni,False,0.06166845948265601,0.5,1,16
R03_F02,3,2,17,17,V,False,0.01453052386875587,0.5,1,17
R03_F03,3,3,17,1,Tsol,True,0.720482014048018,0.75,1,1
R03_F03,3,3,17,2,Tage,True,0.39365472382302125,0.75,1,2
R03_F03,3,3,17,3,tage,True,0.07957900422629557,0.75,1,3
R03_F03,3,3,17,4,Zn,False,1.0,0.75,1,4
R03_F03,3,3,17,5,Mg,False,0.709303902688839,0.75,1,5
R03_F03,3,3,17,6,Ti,False,0.39196433765148003,0.75,1,6
R03_F03,3,3,17,7,Si,False,0.33846561480772425,0.75,1,7
R03_F03,3,3,17,8,Fe,False,0.3381242144786885,0.75,1,8
R03_F03,3,3,17,9,Sc,False,0.31705282830646436,0.75,1,9
R03_F03,3,3,17,10,Cu,False,0.3037239402639506,0.75,1,10
R03_F03,3,3,17,11,Zr,False,0.28403868910690083,0.75,1,11
R03_F03,3,3,17,12,Cr,False,0.229422332920638,0.75,1,12
R03_F03,3,3,17,13,Li,False,0.20702928182343572,0.75,1,13
R03_F03,3,3,17,14,Ni,False,0.1148343332443564,0.75,1,14
R03_F03,3,3,17,15,Be,False,0.11213974178001555,0.75,1,15
R03_F03,3,3,17,16,V,False,0.08307006092213695,0.75,1,16
R03_F03,3,3,17,17,Mn,False,0.06551551251987192,0.75,1,17
R03_F04,3,4,17,1,Tsol,True,0.6996966162088041,0.5,1,1
R03_F04,3,4,17,2,Tage,True,0.45384927063046154,0.5,1,2
R03_F04,3,4,17,3,tage,True,0.17541692016675448,0.5,1,3
R03_F04,3,4,17,4,Zn,False,1.0,0.5,1,4
R03_F04,3,4,17,5,Mg,False,0.6991674659302445,0.5,1,5
R03_F04,3,4,17,6,Ti,False,0.38702916672817866,0.5,1,6
R03_F04,3,4,17,7,Cu,False,0.36151637282090676,0.5,1,7
R03_F04,3,4,17,8,Sc,False,0.3251664312437784,0.5,1,8
R03_F04,3,4,17,9,Zr,False,0.2969394111402904,0.5,1,9
R03_F04,3,4,17,10,Fe,False,0.28775314360696713,0.5,1,10
R03_F04,3,4,17,11,Si,False,0.27237587734235824,0.5,1,11
R03_F04,3,4,17,12,Cr,False,0.258954863711288,0.5,1,12
R03_F04,3,4,17,13,Li,False,0.1758214607385602,0.5,1,13
R03_F04,3,4,17,14,Be,False,0.11249160836479248,0.5,1,14
R03_F04,3,4,17,15,Mn,False,0.08796635960052307,0.5,1,15
R03_F04,3,4,17,16,Ni,False,0.06627359561447768,0.5,1,16
R03_F04,3,4,17,17,V,False,0.05401354111123585,0.5,1,17
R03_F05,3,5,17,1,Tsol,True,0.5777316605053209,0.25,1,1
R03_F05,3,5,17,2,Tage,True,0.4634655774455765,0.25,1,2
R03_F05,3,5,17,3,tage,True,0.22247301430995214,0.25,1,3
R03_F05,3,5,17,4,Zn,False,1.0,0.25,1,4
R03_F05,3,5,17,5,Mg,False,0.5668970509396735,0.25,1,5
R03_F05,3,5,17,6,Fe,False,0.3173215777570432,0.25,1,6
R03_F05,3,5,17,7,Ti,False,0.30993995413030756,0.25,1,7
R03_F05,3,5,17,8,Cu,False,0.2983710273651705,0.25,1,8
R03_F05,3,5,17,9,Zr,False,0.25138274938251587,0.25,1,9
R03_F05,3,5,17,10,Si,False,0.22626020876491512,0.25,1,10
R03_F05,3,5,17,11,Sc,False,0.2000835132849718,0.25,1,11
R03_F05,3,5,17,12,Cr,False,0.19553211182672026,0.25,1,12
R03_F05,3,5,17,13,Li,False,0.1625126263346118,0.25,1,13
R03_F05,3,5,17,14,Mn,False,0.14578538151977818,0.25,1,14
R03_F05,3,5,17,15,Be,False,0.06503689553370204,0.25,1,15
R03_F05,3,5,17,16,Ni,False,0.061903460440479854,0.25,1,16
R03_F05,3,5,17,17,V,False,0.044209090137656615,0.25,1,17
R04_F01,4,1,17,1,Tsol,True,0.5633022103244046,0.25,1,1
R04_F01,4,1,17,2,Tage,True,0.5038618075718828,0.25,1,2
R04_F01,4,1,17,3,tage,True,0.26820338289804924,0.25,1,3
R04_F01,4,1,17,4,Zn,False,1.0,0.25,1,4
R04_F01,4,1,17,5,Mg,False,0.5458728100391066,0.25,1,5
R04_F01,4,1,17,6,Cu,False,0.3469771203977599,0.25,1,6
R04_F01,4,1,17,7,Ti,False,0.30596106752912405,0.25,1,7
R04_F01,4,1,17,8,Fe,False,0.2794786521946637,0.25,1,8
R04_F01,4,1,17,9,Si,False,0.22066018348030528,0.25,1,9
R04_F01,4,1,17,10,Zr,False,0.18717593362122906,0.25,1,10
R04_F01,4,1,17,11,Sc,False,0.1736017766066618,0.25,1,11
R04_F01,4,1,17,12,Cr,False,0.15968904194140507,0.25,1,12
R04_F01,4,1,17,13,Li,False,0.1449838650210532,0.25,1,13
R04_F01,4,1,17,14,Mn,False,0.13898300467648403,0.25,1,14
R04_F01,4,1,17,15,Be,False,0.0673879480082023,0.25,1,15
R04_F01,4,1,17,16,Ni,False,0.06235189665199882,0.25,1,16
R04_F01,4,1,17,17,V,False,0.03685324194433986,0.25,1,17
R04_F02,4,2,17,1,Tsol,True,0.6012809304498736,0.5,1,1
R04_F02,4,2,17,2,Tage,True,0.44472168743121065,0.5,1,2
R04_F02,4,2,17,3,tage,True,0.13054969581062645,0.5,1,3
R04_F02,4,2,17,4,Zn,False,1.0,0.5,1,4
R04_F02,4,2,17,5,Mg,False,0.6602713433898046,0.5,1,5
R04_F02,4,2,17,6,Cu,False,0.3184974381110471,0.5,1,6
R04_F02,4,2,17,7,Ti,False,0.3006780991157764,0.5,1,7
R04_F02,4,2,17,8,Si,False,0.2894627852401635,0.5,1,8
R04_F02,4,2,17,9,Fe,False,0.27097258055767476,0.5,1,9
R04_F02,4,2,17,10,Sc,False,0.23409889411686846,0.5,1,10
R04_F02,4,2,17,11,Zr,False,0.20926318194938484,0.5,1,11
R04_F02,4,2,17,12,Li,False,0.20332139810456834,0.5,1,12
R04_F02,4,2,17,13,Cr,False,0.15081854614215556,0.5,1,13
R04_F02,4,2,17,14,Be,False,0.09402788303295928,0.5,1,14
R04_F02,4,2,17,15,Ni,False,0.0827217959974028,0.5,1,15
R04_F02,4,2,17,16,Mn,False,0.08200096625320136,0.5,1,16
R04_F02,4,2,17,17,V,False,0.02170863485616696,0.5,1,17
R04_F03,4,3,17,1,Tsol,True,0.6707521736477061,0.25,1,1
R04_F03,4,3,17,2,Tage,True,0.5214818552277922,0.25,1,2
R04_F03,4,3,17,3,tage,True,0.2969303963204057,0.25,1,3
R04_F03,4,3,17,4,Zn,False,1.0,0.25,1,4
R04_F03,4,3,17,5,Mg,False,0.6104250045666156,0.25,1,5
R04_F03,4,3,17,6,Cu,False,0.3693901858597532,0.25,1,6
R04_F03,4,3,17,7,Ti,False,0.3410599296877037,0.25,1,7
R04_F03,4,3,17,8,Fe,False,0.2992383982364291,0.25,1,8
R04_F03,4,3,17,9,Zr,False,0.2909387435254043,0.25,1,9
R04_F03,4,3,17,10,Si,False,0.2138785134908635,0.25,1,10
R04_F03,4,3,17,11,Cr,False,0.20077091420057785,0.25,1,11
R04_F03,4,3,17,12,Sc,False,0.19065408345146906,0.25,1,12
R04_F03,4,3,17,13,Li,False,0.1640333257742559,0.25,1,13
R04_F03,4,3,17,14,Mn,False,0.16282655891398007,0.25,1,14
R04_F03,4,3,17,15,Ni,False,0.07608956778877117,0.25,1,15
R04_F03,4,3,17,16,Be,False,0.07318088935894046,0.25,1,16
R04_F03,4,3,17,17,V,False,0.037445397815841226,0.25,1,17
R04_F04,4,4,17,1,Tsol,True,0.5647545998798256,0.25,1,1
R04_F04,4,4,17,2,Tage,True,0.38896260815710837,0.25,1,2
R04_F04,4,4,17,3,tage,True,0.17429744618538878,0.25,1,3
R04_F04,4,4,17,4,Zn,False,1.0,0.25,1,4
R04_F04,4,4,17,5,Mg,False,0.525460048216627,0.25,1,5
R04_F04,4,4,17,6,Cu,False,0.28028319031898,0.25,1,6
R04_F04,4,4,17,7,Ti,False,0.2657988585064788,0.25,1,7
R04_F04,4,4,17,8,Zr,False,0.24587511387861086,0.25,1,8
R04_F04,4,4,17,9,Fe,False,0.22008769216761515,0.25,1,9
R04_F04,4,4,17,10,Sc,False,0.1864679706270408,0.25,1,10
R04_F04,4,4,17,11,Si,False,0.17838582775075856,0.25,1,11
R04_F04,4,4,17,12,Cr,False,0.17080529926095184,0.25,1,12
R04_F04,4,4,17,13,Li,False,0.1551663808003237,0.25,1,13
R04_F04,4,4,17,14,Mn,False,0.11883798190574457,0.25,1,14
R04_F04,4,4,17,15,Be,False,0.04750348429889768,0.25,1,15
R04_F04,4,4,17,16,Ni,False,0.03522920391873112,0.25,1,16
R04_F04,4,4,17,17,V,False,0.020825990419732862,0.25,1,17
R04_F05,4,5,17,1,Tsol,True,0.6704093071287938,0.25,1,1
R04_F05,4,5,17,2,Tage,True,0.5332194765116092,0.25,1,2
R04_F05,4,5,17,3,tage,True,0.2346257975792434,0.25,1,3
R04_F05,4,5,17,4,Zn,False,1.0,0.25,1,4
R04_F05,4,5,17,5,Mg,False,0.5587073794960967,0.25,1,5
R04_F05,4,5,17,6,Cu,False,0.34604932904329394,0.25,1,6
R04_F05,4,5,17,7,Ti,False,0.31722437138607174,0.25,1,7
R04_F05,4,5,17,8,Zr,False,0.27206339042291644,0.25,1,8
R04_F05,4,5,17,9,Fe,False,0.24827777801007186,0.25,1,9
R04_F05,4,5,17,10,Sc,False,0.2166044322797195,0.25,1,10
R04_F05,4,5,17,11,Si,False,0.21449962064904834,0.25,1,11
R04_F05,4,5,17,12,Cr,False,0.17915305246125224,0.25,1,12
R04_F05,4,5,17,13,Li,False,0.17433712654481556,0.25,1,13
R04_F05,4,5,17,14,Mn,False,0.10589690670350055,0.25,1,14
R04_F05,4,5,17,15,Be,False,0.0785638747752528,0.25,1,15
R04_F05,4,5,17,16,Ni,False,0.02839157186603978,0.25,1,16
R04_F05,4,5,17,17,V,False,0.026107907275336587,0.25,1,17
R05_F01,5,1,17,1,Tsol,True,0.6488701774305103,0.5,1,1
R05_F01,5,1,17,2,Tage,True,0.4220042272722251,0.5,1,2
R05_F01,5,1,17,3,tage,True,0.17627683355727317,0.5,1,3
R05_F01,5,1,17,4,Zn,False,1.0,0.5,1,4
R05_F01,5,1,17,5,Mg,False,0.6481745355460055,0.5,1,5
R05_F01,5,1,17,6,Ti,False,0.33996157973924207,0.5,1,6
R05_F01,5,1,17,7,Cu,False,0.32785708096938315,0.5,1,7
R05_F01,5,1,17,8,Fe,False,0.3217245096605096,0.5,1,8
R05_F01,5,1,17,9,Zr,False,0.3216730179697851,0.5,1,9
R05_F01,5,1,17,10,Sc,False,0.28746663185380367,0.5,1,10
R05_F01,5,1,17,11,Si,False,0.28042442269017354,0.5,1,11
R05_F01,5,1,17,12,Cr,False,0.2249858304588081,0.5,1,12
R05_F01,5,1,17,13,Li,False,0.1959832486503406,0.5,1,13
R05_F01,5,1,17,14,Mn,False,0.13084981301252502,0.5,1,14
R05_F01,5,1,17,15,Be,False,0.11593660864339805,0.5,1,15
R05_F01,5,1,17,16,Ni,False,0.08687697025558277,0.5,1,16
R05_F01,5,1,17,17,V,False,0.07776874594878459,0.5,1,17
R05_F02,5,2,17,1,Tsol,True,0.7128000406713658,0.75,1,1
R05_F02,5,2,17,2,Tage,True,0.43972737410693863,0.75,1,2
R05_F02,5,2,17,3,tage,True,0.08302812825795156,0.75,1,3
R05_F02,5,2,17,4,Zn,False,1.0,0.75,1,4
R05_F02,5,2,17,5,Mg,False,0.7247001762136361,0.75,1,5
R05_F02,5,2,17,6,Ti,False,0.42679764866943526,0.75,1,6
R05_F02,5,2,17,7,Fe,False,0.3544913738372054,0.75,1,7
R05_F02,5,2,17,8,Cu,False,0.32654840278113645,0.75,1,8
R05_F02,5,2,17,9,Si,False,0.31586430383726594,0.75,1,9
R05_F02,5,2,17,10,Sc,False,0.3133502193331135,0.75,1,10
R05_F02,5,2,17,11,Zr,False,0.25102184997686194,0.75,1,11
R05_F02,5,2,17,12,Cr,False,0.23160858594184205,0.75,1,12
R05_F02,5,2,17,13,Li,False,0.193833316572128,0.75,1,13
R05_F02,5,2,17,14,Be,False,0.1524564672523702,0.75,1,14
R05_F02,5,2,17,15,Mn,False,0.1093659423219306,0.75,1,15
R05_F02,5,2,17,16,Ni,False,0.09959945311092862,0.75,1,16
R05_F02,5,2,17,17,V,False,0.020616954151400115,0.75,1,17
R05_F03,5,3,17,1,Tsol,True,0.7105593424819368,0.75,1,1
R05_F03,5,3,17,2,Tage,True,0.43216184348637554,0.75,1,2
R05_F03,5,3,17,3,tage,True,0.08659489444435327,0.75,1,3
R05_F03,5,3,17,4,Zn,False,1.0,0.75,1,4
R05_F03,5,3,17,5,Mg,False,0.791466368696227,0.75,1,5
R05_F03,5,3,17,6,Ti,False,0.4058508080446237,0.75,1,6
R05_F03,5,3,17,7,Si,False,0.3902223268053681,0.75,1,7
R05_F03,5,3,17,8,Fe,False,0.3808515802713835,0.75,1,8
R05_F03,5,3,17,9,Sc,False,0.3541511510782475,0.75,1,9
R05_F03,5,3,17,10,Cu,False,0.31277071419076496,0.75,1,10
R05_F03,5,3,17,11,Zr,False,0.2896289180603846,0.75,1,11
R05_F03,5,3,17,12,Li,False,0.2386306790860282,0.75,1,12
R05_F03,5,3,17,13,Cr,False,0.23725739721678998,0.75,1,13
R05_F03,5,3,17,14,Be,False,0.15466624132912427,0.75,1,14
R05_F03,5,3,17,15,Ni,False,0.14014845246585828,0.75,1,15
R05_F03,5,3,17,16,V,False,0.115622584606036,0.75,1,16
R05_F03,5,3,17,17,Mn,False,0.11257343883018688,0.75,1,17
R05_F04,5,4,17,1,Tsol,True,0.6029318175719253,0.25,1,1
R05_F04,5,4,17,2,Tage,True,0.49805212577254143,0.25,1,2
R05_F04,5,4,17,3,tage,True,0.2332143381368911,0.25,1,3
R05_F04,5,4,17,4,Zn,False,1.0,0.25,1,4
R05_F04,5,4,17,5,Mg,False,0.5533053323507257,0.25,1,5
R05_F04,5,4,17,6,Cu,False,0.3256268993605756,0.25,1,6
R05_F04,5,4,17,7,Ti,False,0.280677678070714,0.25,1,7
R05_F04,5,4,17,8,Zr,False,0.2600970503174265,0.25,1,8
R05_F04,5,4,17,9,Fe,False,0.229797737846674,0.25,1,9
R05_F04,5,4,17,10,Si,False,0.22114619370321176,0.25,1,10
R05_F04,5,4,17,11,Sc,False,0.20099924032568212,0.25,1,11
R05_F04,5,4,17,12,Cr,False,0.16612137101695526,0.25,1,12
R05_F04,5,4,17,13,Li,False,0.15521854513657962,0.25,1,13
R05_F04,5,4,17,14,Mn,False,0.11904258296530915,0.25,1,14
R05_F04,5,4,17,15,Be,False,0.11454035192669842,0.25,1,15
R05_F04,5,4,17,16,Ni,False,0.04652493973800163,0.25,1,16
R05_F04,5,4,17,17,V,False,0.025489135932470444,0.25,1,17
R05_F05,5,5,17,1,Tsol,True,0.6481674609452478,0.5,1,1
R05_F05,5,5,17,2,Tage,True,0.4170470055718017,0.5,1,2
R05_F05,5,5,17,3,tage,True,0.13230807272547224,0.5,1,3
R05_F05,5,5,17,4,Zn,False,1.0,0.5,1,4
R05_F05,5,5,17,5,Mg,False,0.6522771673118016,0.5,1,5
R05_F05,5,5,17,6,Ti,False,0.34500350865087437,0.5,1,6
R05_F05,5,5,17,7,Fe,False,0.33353682825952735,0.5,1,7
R05_F05,5,5,17,8,Zr,False,0.30385464598278933,0.5,1,8
R05_F05,5,5,17,9,Cu,False,0.29514793867704114,0.5,1,9
R05_F05,5,5,17,10,Sc,False,0.27277335550939685,0.5,1,10
R05_F05,5,5,17,11,Si,False,0.27052033636882566,0.5,1,11
R05_F05,5,5,17,12,Cr,False,0.2235339131464002,0.5,1,12
R05_F05,5,5,17,13,Li,False,0.20002381229586458,0.5,1,13
R05_F05,5,5,17,14,Mn,False,0.09613465614356945,0.5,1,14
R05_F05,5,5,17,15,Be,False,0.06490597545705075,0.5,1,15
R05_F05,5,5,17,16,Ni,False,0.05736710797318973,0.5,1,16
R05_F05,5,5,17,17,V,False,0.050308144533881535,0.5,1,17
