Run_ID,Repeat,Outer_Fold,Outer_ID,Feature_Count,Model_Family,Derived_Seed,Search_Independent_Fixed_k,Index_Hash,Search_Stage
R01_F01_k03_Independent_ET_Physics,1,1,R01_F01,3,Independent_ET_Physics,1046,True,669f36818ef67c35fdcfbc6dc7e485c780b3f5e8797b66a9dd8d851106732926,outer_fixed_k
R01_F01_k03_Native_ET_Physics,1,1,R01_F01,3,Native_ET_Physics,1046,True,669f36818ef67c35fdcfbc6dc7e485c780b3f5e8797b66a9dd8d851106732926,outer_fixed_k
R01_F01_k03_Native_RF_Physics,1,1,R01_F01,3,Native_RF_Physics,1046,True,669f36818ef67c35fdcfbc6dc7e485c780b3f5e8797b66a9dd8d851106732926,outer_fixed_k
R01_F01_k03_RegressorChain_ET_Physics,1,1,R01_F01,3,RegressorChain_ET_Physics,1046,True,669f36818ef67c35fdcfbc6dc7e485c780b3f5e8797b66a9dd8d851106732926,outer_fixed_k
R01_F01_k04_Independent_ET_Physics,1,1,R01_F01,4,Independent_ET_Physics,1047,True,669f36818ef67c35fdcfbc6dc7e485c780b3f5e8797b66a9dd8d851106732926,outer_fixed_k
R01_F01_k04_Native_ET_Physics,1,1,R01_F01,4,Native_ET_Physics,1047,True,669f36818ef67c35fdcfbc6dc7e485c780b3f5e8797b66a9dd8d851106732926,outer_fixed_k
R01_F01_k04_Native_RF_Physics,1,1,R01_F01,4,Native_RF_Physics,1047,True,669f36818ef67c35fdcfbc6dc7e485c780b3f5e8797b66a9dd8d851106732926,outer_fixed_k
R01_F01_k04_RegressorChain_ET_Physics,1,1,R01_F01,4,RegressorChain_ET_Physics,1047,True,669f36818ef67c35fdcfbc6dc7e485c780b3f5e8797b66a9dd8d851106732926,outer_fixed_k
R01_F01_k05_Independent_ET_Physics,1,1,R01_F01,5,Independent_ET_Physics,1048,True,669f36818ef67c35fdcfbc6dc7e485c780b3f5e8797b66a9dd8d851106732926,outer_fixed_k
R01_F01_k05_Native_ET_Physics,1,1,R01_F01,5,Native_ET_Physics,1048,True,669f36818ef67c35fdcfbc6dc7e485c780b3f5e8797b66a9dd8d851106732926,outer_fixed_k
R01_F01_k05_Native_RF_Physics,1,1,R01_F01,5,Native_RF_Physics,1048,True,669f36818ef67c35fdcfbc6dc7e485c780b3f5e8797b66a9dd8d851106732926,outer_fixed_k
R01_F01_k05_RegressorChain_ET_Physics,1,1,R01_F01,5,RegressorChain_ET_Physics,1048,True,669f36818ef67c35fdcfbc6dc7e485c780b3f5e8797b66a9dd8d851106732926,outer_fixed_k
R01_F01_k06_Independent_ET_Physics,1,1,R01_F01,6,Independent_ET_Physics,1049,True,669f36818ef67c35fdcfbc6dc7e485c780b3f5e8797b66a9dd8d851106732926,outer_fixed_k
R01_F01_k06_Native_ET_Physics,1,1,R01_F01,6,Native_ET_Physics,1049,True,669f36818ef67c35fdcfbc6dc7e485c780b3f5e8797b66a9dd8d851106732926,outer_fixed_k
R01_F01_k06_Native_RF_Physics,1,1,R01_F01,6,Native_RF_Physics,1049,True,669f36818ef67c35fdcfbc6dc7e485c780b3f5e8797b66a9dd8d851106732926,outer_fixed_k
R01_F01_k06_RegressorChain_ET_Physics,1,1,R01_F01,6,RegressorChain_ET_Physics,1049,True,669f36818ef67c35fdcfbc6dc7e485c780b3f5e8797b66a9dd8d851106732926,outer_fixed_k
R01_F01_k07_Independent_ET_Physics,1,1,R01_F01,7,Independent_ET_Physics,1050,True,669f36818ef67c35fdcfbc6dc7e485c780b3f5e8797b66a9dd8d851106732926,outer_fixed_k
R01_F01_k07_Native_ET_Physics,1,1,R01_F01,7,Native_ET_Physics,1050,True,669f36818ef67c35fdcfbc6dc7e485c780b3f5e8797b66a9dd8d851106732926,outer_fixed_k
R01_F01_k07_Native_RF_Physics,1,1,R01_F01,7,Native_RF_Physics,1050,True,669f36818ef67c35fdcfbc6dc7e485c780b3f5e8797b66a9dd8d851106732926,outer_fixed_k
R01_F01_k07_RegressorChain_ET_Physics,1,1,R01_F01,7,RegressorChain_ET_Physics,1050,True,669f36818ef67c35fdcfbc6dc7e485c780b3f5e8797b66a9dd8d851106732926,outer_fixed_k
R01_F01_k08_Independent_ET_Physics,1,1,R01_F01,8,Independent_ET_Physics,1051,True,669f36818ef67c35fdcfbc6dc7e485c780b3f5e8797b66a9dd8d851106732926,outer_fixed_k
R01_F01_k08_Native_ET_Physics,1,1,R01_F01,8,Native_ET_Physics,1051,True,669f36818ef67c35fdcfbc6dc7e485c780b3f5e8797b66a9dd8d851106732926,outer_fixed_k
R01_F01_k08_Native_RF_Physics,1,1,R01_F01,8,Native_RF_Physics,1051,True,669f36818ef67c35fdcfbc6dc7e485c780b3f5e8797b66a9dd8d851106732926,outer_fixed_k
R01_F01_k08_RegressorChain_ET_Physics,1,1,R01_F01,8,RegressorChain_ET_Physics,1051,True,669f36818ef67c35fdcfbc6dc7e485c780b3f5e8797b66a9dd8d851106732926,outer_fixed_k
R01_F01_k09_Independent_ET_Physics,1,1,R01_F01,9,Independent_ET_Physics,1052,True,669f36818ef67c35fdcfbc6dc7e485c780b3f5e8797b66a9dd8d851106732926,outer_fixed_k
R01_F01_k09_Native_ET_Physics,1,1,R01_F01,9,Native_ET_Physics,1052,True,669f36818ef67c35fdcfbc6dc7e485c780b3f5e8797b66a9dd8d851106732926,outer_fixed_k
R01_F01_k09_Native_RF_Physics,1,1,R01_F01,9,Native_RF_Physics,1052,True,669f36818ef67c35fdcfbc6dc7e485c780b3f5e8797b66a9dd8d851106732926,outer_fixed_k
R01_F01_k09_RegressorChain_ET_Physics,1,1,R01_F01,9,RegressorChain_ET_Physics,1052,True,669f36818ef67c35fdcfbc6dc7e485c780b3f5e8797b66a9dd8d851106732926,outer_fixed_k
R01_F01_k10_Independent_ET_Physics,1,1,R01_F01,10,Independent_ET_Physics,1053,True,669f36818ef67c35fdcfbc6dc7e485c780b3f5e8797b66a9dd8d851106732926,outer_fixed_k
R01_F01_k10_Native_ET_Physics,1,1,R01_F01,10,Native_ET_Physics,1053,True,669f36818ef67c35fdcfbc6dc7e485c780b3f5e8797b66a9dd8d851106732926,outer_fixed_k
R01_F01_k10_Native_RF_Physics,1,1,R01_F01,10,Native_RF_Physics,1053,True,669f36818ef67c35fdcfbc6dc7e485c780b3f5e8797b66a9dd8d851106732926,outer_fixed_k
R01_F01_k10_RegressorChain_ET_Physics,1,1,R01_F01,10,RegressorChain_ET_Physics,1053,True,669f36818ef67c35fdcfbc6dc7e485c780b3f5e8797b66a9dd8d851106732926,outer_fixed_k
R01_F01_k11_Independent_ET_Physics,1,1,R01_F01,11,Independent_ET_Physics,1054,True,669f36818ef67c35fdcfbc6dc7e485c780b3f5e8797b66a9dd8d851106732926,outer_fixed_k
R01_F01_k11_Native_ET_Physics,1,1,R01_F01,11,Native_ET_Physics,1054,True,669f36818ef67c35fdcfbc6dc7e485c780b3f5e8797b66a9dd8d851106732926,outer_fixed_k
R01_F01_k11_Native_RF_Physics,1,1,R01_F01,11,Native_RF_Physics,1054,True,669f36818ef67c35fdcfbc6dc7e485c780b3f5e8797b66a9dd8d851106732926,outer_fixed_k
R01_F01_k11_RegressorChain_ET_Physics,1,1,R01_F01,11,RegressorChain_ET_Physics,1054,True,669f36818ef67c35fdcfbc6dc7e485c780b3f5e8797b66a9dd8d851106732926,outer_fixed_k
R01_F01_k12_Independent_ET_Physics,1,1,R01_F01,12,Independent_ET_Physics,1055,True,669f36818ef67c35fdcfbc6dc7e485c780b3f5e8797b66a9dd8d851106732926,outer_fixed_k
R01_F01_k12_Native_ET_Physics,1,1,R01_F01,12,Native_ET_Physics,1055,True,669f36818ef67c35fdcfbc6dc7e485c780b3f5e8797b66a9dd8d851106732926,outer_fixed_k
R01_F01_k12_Native_RF_Physics,1,1,R01_F01,12,Native_RF_Physics,1055,True,669f36818ef67c35fdcfbc6dc7e485c780b3f5e8797b66a9dd8d851106732926,outer_fixed_k
R01_F01_k12_RegressorChain_ET_Physics,1,1,R01_F01,12,RegressorChain_ET_Physics,1055,True,669f36818ef67c35fdcfbc6dc7e485c780b3f5e8797b66a9dd8d851106732926,outer_fixed_k
R01_F01_k13_Independent_ET_Physics,1,1,R01_F01,13,Independent_ET_Physics,1056,True,669f36818ef67c35fdcfbc6dc7e485c780b3f5e8797b66a9dd8d851106732926,outer_fixed_k
R01_F01_k13_Native_ET_Physics,1,1,R01_F01,13,Native_ET_Physics,1056,True,669f36818ef67c35fdcfbc6dc7e485c780b3f5e8797b66a9dd8d851106732926,outer_fixed_k
R01_F01_k13_Native_RF_Physics,1,1,R01_F01,13,Native_RF_Physics,1056,True,669f36818ef67c35fdcfbc6dc7e485c780b3f5e8797b66a9dd8d851106732926,outer_fixed_k
R01_F01_k13_RegressorChain_ET_Physics,1,1,R01_F01,13,RegressorChain_ET_Physics,1056,True,669f36818ef67c35fdcfbc6dc7e485c780b3f5e8797b66a9dd8d851106732926,outer_fixed_k
R01_F01_k14_Independent_ET_Physics,1,1,R01_F01,14,Independent_ET_Physics,1057,True,669f36818ef67c35fdcfbc6dc7e485c780b3f5e8797b66a9dd8d851106732926,outer_fixed_k
R01_F01_k14_Native_ET_Physics,1,1,R01_F01,14,Native_ET_Physics,1057,True,669f36818ef67c35fdcfbc6dc7e485c780b3f5e8797b66a9dd8d851106732926,outer_fixed_k
R01_F01_k14_Native_RF_Physics,1,1,R01_F01,14,Native_RF_Physics,1057,True,669f36818ef67c35fdcfbc6dc7e485c780b3f5e8797b66a9dd8d851106732926,outer_fixed_k
R01_F01_k14_RegressorChain_ET_Physics,1,1,R01_F01,14,RegressorChain_ET_Physics,1057,True,669f36818ef67c35fdcfbc6dc7e485c780b3f5e8797b66a9dd8d851106732926,outer_fixed_k
R01_F01_k15_Independent_ET_Physics,1,1,R01_F01,15,Independent_ET_Physics,1058,True,669f36818ef67c35fdcfbc6dc7e485c780b3f5e8797b66a9dd8d851106732926,outer_fixed_k
R01_F01_k15_Native_ET_Physics,1,1,R01_F01,15,Native_ET_Physics,1058,True,669f36818ef67c35fdcfbc6dc7e485c780b3f5e8797b66a9dd8d851106732926,outer_fixed_k
R01_F01_k15_Native_RF_Physics,1,1,R01_F01,15,Native_RF_Physics,1058,True,669f36818ef67c35fdcfbc6dc7e485c780b3f5e8797b66a9dd8d851106732926,outer_fixed_k
R01_F01_k15_RegressorChain_ET_Physics,1,1,R01_F01,15,RegressorChain_ET_Physics,1058,True,669f36818ef67c35fdcfbc6dc7e485c780b3f5e8797b66a9dd8d851106732926,outer_fixed_k
R01_F01_k16_Independent_ET_Physics,1,1,R01_F01,16,Independent_ET_Physics,1059,True,669f36818ef67c35fdcfbc6dc7e485c780b3f5e8797b66a9dd8d851106732926,outer_fixed_k
R01_F01_k16_Native_ET_Physics,1,1,R01_F01,16,Native_ET_Physics,1059,True,669f36818ef67c35fdcfbc6dc7e485c780b3f5e8797b66a9dd8d851106732926,outer_fixed_k
R01_F01_k16_Native_RF_Physics,1,1,R01_F01,16,Native_RF_Physics,1059,True,669f36818ef67c35fdcfbc6dc7e485c780b3f5e8797b66a9dd8d851106732926,outer_fixed_k
R01_F01_k16_RegressorChain_ET_Physics,1,1,R01_F01,16,RegressorChain_ET_Physics,1059,True,669f36818ef67c35fdcfbc6dc7e485c780b3f5e8797b66a9dd8d851106732926,outer_fixed_k
R01_F01_k17_Independent_ET_Physics,1,1,R01_F01,17,Independent_ET_Physics,1060,True,669f36818ef67c35fdcfbc6dc7e485c780b3f5e8797b66a9dd8d851106732926,outer_fixed_k
R01_F01_k17_Native_ET_Physics,1,1,R01_F01,17,Native_ET_Physics,1060,True,669f36818ef67c35fdcfbc6dc7e485c780b3f5e8797b66a9dd8d851106732926,outer_fixed_k
R01_F01_k17_Native_RF_Physics,1,1,R01_F01,17,Native_RF_Physics,1060,True,669f36818ef67c35fdcfbc6dc7e485c780b3f5e8797b66a9dd8d851106732926,outer_fixed_k
R01_F01_k17_RegressorChain_ET_Physics,1,1,R01_F01,17,RegressorChain_ET_Physics,1060,True,669f36818ef67c35fdcfbc6dc7e485c780b3f5e8797b66a9dd8d851106732926,outer_fixed_k
R01_F02_k03_Independent_ET_Physics,1,2,R01_F02,3,Independent_ET_Physics,1047,True,7648fdd6882918847b741eec2aa06ff546fb5bf7658f4ffbf72b2877762af77d,outer_fixed_k
R01_F02_k03_Native_ET_Physics,1,2,R01_F02,3,Native_ET_Physics,1047,True,7648fdd6882918847b741eec2aa06ff546fb5bf7658f4ffbf72b2877762af77d,outer_fixed_k
R01_F02_k03_Native_RF_Physics,1,2,R01_F02,3,Native_RF_Physics,1047,True,7648fdd6882918847b741eec2aa06ff546fb5bf7658f4ffbf72b2877762af77d,outer_fixed_k
R01_F02_k03_RegressorChain_ET_Physics,1,2,R01_F02,3,RegressorChain_ET_Physics,1047,True,7648fdd6882918847b741eec2aa06ff546fb5bf7658f4ffbf72b2877762af77d,outer_fixed_k
R01_F02_k04_Independent_ET_Physics,1,2,R01_F02,4,Independent_ET_Physics,1048,True,7648fdd6882918847b741eec2aa06ff546fb5bf7658f4ffbf72b2877762af77d,outer_fixed_k
R01_F02_k04_Native_ET_Physics,1,2,R01_F02,4,Native_ET_Physics,1048,True,7648fdd6882918847b741eec2aa06ff546fb5bf7658f4ffbf72b2877762af77d,outer_fixed_k
R01_F02_k04_Native_RF_Physics,1,2,R01_F02,4,Native_RF_Physics,1048,True,7648fdd6882918847b741eec2aa06ff546fb5bf7658f4ffbf72b2877762af77d,outer_fixed_k
R01_F02_k04_RegressorChain_ET_Physics,1,2,R01_F02,4,RegressorChain_ET_Physics,1048,True,7648fdd6882918847b741eec2aa06ff546fb5bf7658f4ffbf72b2877762af77d,outer_fixed_k
R01_F02_k05_Independent_ET_Physics,1,2,R01_F02,5,Independent_ET_Physics,1049,True,7648fdd6882918847b741eec2aa06ff546fb5bf7658f4ffbf72b2877762af77d,outer_fixed_k
R01_F02_k05_Native_ET_Physics,1,2,R01_F02,5,Native_ET_Physics,1049,True,7648fdd6882918847b741eec2aa06ff546fb5bf7658f4ffbf72b2877762af77d,outer_fixed_k
R01_F02_k05_Native_RF_Physics,1,2,R01_F02,5,Native_RF_Physics,1049,True,7648fdd6882918847b741eec2aa06ff546fb5bf7658f4ffbf72b2877762af77d,outer_fixed_k
R01_F02_k05_RegressorChain_ET_Physics,1,2,R01_F02,5,RegressorChain_ET_Physics,1049,True,7648fdd6882918847b741eec2aa06ff546fb5bf7658f4ffbf72b2877762af77d,outer_fixed_k
R01_F02_k06_Independent_ET_Physics,1,2,R01_F02,6,Independent_ET_Physics,1050,True,7648fdd6882918847b741eec2aa06ff546fb5bf7658f4ffbf72b2877762af77d,outer_fixed_k
R01_F02_k06_Native_ET_Physics,1,2,R01_F02,6,Native_ET_Physics,1050,True,7648fdd6882918847b741eec2aa06ff546fb5bf7658f4ffbf72b2877762af77d,outer_fixed_k
R01_F02_k06_Native_RF_Physics,1,2,R01_F02,6,Native_RF_Physics,1050,True,7648fdd6882918847b741eec2aa06ff546fb5bf7658f4ffbf72b2877762af77d,outer_fixed_k
R01_F02_k06_RegressorChain_ET_Physics,1,2,R01_F02,6,RegressorChain_ET_Physics,1050,True,7648fdd6882918847b741eec2aa06ff546fb5bf7658f4ffbf72b2877762af77d,outer_fixed_k
R01_F02_k07_Independent_ET_Physics,1,2,R01_F02,7,Independent_ET_Physics,1051,True,7648fdd6882918847b741eec2aa06ff546fb5bf7658f4ffbf72b2877762af77d,outer_fixed_k
R01_F02_k07_Native_ET_Physics,1,2,R01_F02,7,Native_ET_Physics,1051,True,7648fdd6882918847b741eec2aa06ff546fb5bf7658f4ffbf72b2877762af77d,outer_fixed_k
R01_F02_k07_Native_RF_Physics,1,2,R01_F02,7,Native_RF_Physics,1051,True,7648fdd6882918847b741eec2aa06ff546fb5bf7658f4ffbf72b2877762af77d,outer_fixed_k
R01_F02_k07_RegressorChain_ET_Physics,1,2,R01_F02,7,RegressorChain_ET_Physics,1051,True,7648fdd6882918847b741eec2aa06ff546fb5bf7658f4ffbf72b2877762af77d,outer_fixed_k
R01_F02_k08_Independent_ET_Physics,1,2,R01_F02,8,Independent_ET_Physics,1052,True,7648fdd6882918847b741eec2aa06ff546fb5bf7658f4ffbf72b2877762af77d,outer_fixed_k
R01_F02_k08_Native_ET_Physics,1,2,R01_F02,8,Native_ET_Physics,1052,True,7648fdd6882918847b741eec2aa06ff546fb5bf7658f4ffbf72b2877762af77d,outer_fixed_k
R01_F02_k08_Native_RF_Physics,1,2,R01_F02,8,Native_RF_Physics,1052,True,7648fdd6882918847b741eec2aa06ff546fb5bf7658f4ffbf72b2877762af77d,outer_fixed_k
R01_F02_k08_RegressorChain_ET_Physics,1,2,R01_F02,8,RegressorChain_ET_Physics,1052,True,7648fdd6882918847b741eec2aa06ff546fb5bf7658f4ffbf72b2877762af77d,outer_fixed_k
R01_F02_k09_Independent_ET_Physics,1,2,R01_F02,9,Independent_ET_Physics,1053,True,7648fdd6882918847b741eec2aa06ff546fb5bf7658f4ffbf72b2877762af77d,outer_fixed_k
R01_F02_k09_Native_ET_Physics,1,2,R01_F02,9,Native_ET_Physics,1053,True,7648fdd6882918847b741eec2aa06ff546fb5bf7658f4ffbf72b2877762af77d,outer_fixed_k
R01_F02_k09_Native_RF_Physics,1,2,R01_F02,9,Native_RF_Physics,1053,True,7648fdd6882918847b741eec2aa06ff546fb5bf7658f4ffbf72b2877762af77d,outer_fixed_k
R01_F02_k09_RegressorChain_ET_Physics,1,2,R01_F02,9,RegressorChain_ET_Physics,1053,True,7648fdd6882918847b741eec2aa06ff546fb5bf7658f4ffbf72b2877762af77d,outer_fixed_k
R01_F02_k10_Independent_ET_Physics,1,2,R01_F02,10,Independent_ET_Physics,1054,True,7648fdd6882918847b741eec2aa06ff546fb5bf7658f4ffbf72b2877762af77d,outer_fixed_k
R01_F02_k10_Native_ET_Physics,1,2,R01_F02,10,Native_ET_Physics,1054,True,7648fdd6882918847b741eec2aa06ff546fb5bf7658f4ffbf72b2877762af77d,outer_fixed_k
R01_F02_k10_Native_RF_Physics,1,2,R01_F02,10,Native_RF_Physics,1054,True,7648fdd6882918847b741eec2aa06ff546fb5bf7658f4ffbf72b2877762af77d,outer_fixed_k
R01_F02_k10_RegressorChain_ET_Physics,1,2,R01_F02,10,RegressorChain_ET_Physics,1054,True,7648fdd6882918847b741eec2aa06ff546fb5bf7658f4ffbf72b2877762af77d,outer_fixed_k
R01_F02_k11_Independent_ET_Physics,1,2,R01_F02,11,Independent_ET_Physics,1055,True,7648fdd6882918847b741eec2aa06ff546fb5bf7658f4ffbf72b2877762af77d,outer_fixed_k
R01_F02_k11_Native_ET_Physics,1,2,R01_F02,11,Native_ET_Physics,1055,True,7648fdd6882918847b741eec2aa06ff546fb5bf7658f4ffbf72b2877762af77d,outer_fixed_k
R01_F02_k11_Native_RF_Physics,1,2,R01_F02,11,Native_RF_Physics,1055,True,7648fdd6882918847b741eec2aa06ff546fb5bf7658f4ffbf72b2877762af77d,outer_fixed_k
R01_F02_k11_RegressorChain_ET_Physics,1,2,R01_F02,11,RegressorChain_ET_Physics,1055,True,7648fdd6882918847b741eec2aa06ff546fb5bf7658f4ffbf72b2877762af77d,outer_fixed_k
R01_F02_k12_Independent_ET_Physics,1,2,R01_F02,12,Independent_ET_Physics,1056,True,7648fdd6882918847b741eec2aa06ff546fb5bf7658f4ffbf72b2877762af77d,outer_fixed_k
R01_F02_k12_Native_ET_Physics,1,2,R01_F02,12,Native_ET_Physics,1056,True,7648fdd6882918847b741eec2aa06ff546fb5bf7658f4ffbf72b2877762af77d,outer_fixed_k
R01_F02_k12_Native_RF_Physics,1,2,R01_F02,12,Native_RF_Physics,1056,True,7648fdd6882918847b741eec2aa06ff546fb5bf7658f4ffbf72b2877762af77d,outer_fixed_k
R01_F02_k12_RegressorChain_ET_Physics,1,2,R01_F02,12,RegressorChain_ET_Physics,1056,True,7648fdd6882918847b741eec2aa06ff546fb5bf7658f4ffbf72b2877762af77d,outer_fixed_k
R01_F02_k13_Independent_ET_Physics,1,2,R01_F02,13,Independent_ET_Physics,1057,True,7648fdd6882918847b741eec2aa06ff546fb5bf7658f4ffbf72b2877762af77d,outer_fixed_k
R01_F02_k13_Native_ET_Physics,1,2,R01_F02,13,Native_ET_Physics,1057,True,7648fdd6882918847b741eec2aa06ff546fb5bf7658f4ffbf72b2877762af77d,outer_fixed_k
R01_F02_k13_Native_RF_Physics,1,2,R01_F02,13,Native_RF_Physics,1057,True,7648fdd6882918847b741eec2aa06ff546fb5bf7658f4ffbf72b2877762af77d,outer_fixed_k
R01_F02_k13_RegressorChain_ET_Physics,1,2,R01_F02,13,RegressorChain_ET_Physics,1057,True,7648fdd6882918847b741eec2aa06ff546fb5bf7658f4ffbf72b2877762af77d,outer_fixed_k
R01_F02_k14_Independent_ET_Physics,1,2,R01_F02,14,Independent_ET_Physics,1058,True,7648fdd6882918847b741eec2aa06ff546fb5bf7658f4ffbf72b2877762af77d,outer_fixed_k
R01_F02_k14_Native_ET_Physics,1,2,R01_F02,14,Native_ET_Physics,1058,True,7648fdd6882918847b741eec2aa06ff546fb5bf7658f4ffbf72b2877762af77d,outer_fixed_k
R01_F02_k14_Native_RF_Physics,1,2,R01_F02,14,Native_RF_Physics,1058,True,7648fdd6882918847b741eec2aa06ff546fb5bf7658f4ffbf72b2877762af77d,outer_fixed_k
R01_F02_k14_RegressorChain_ET_Physics,1,2,R01_F02,14,RegressorChain_ET_Physics,1058,True,7648fdd6882918847b741eec2aa06ff546fb5bf7658f4ffbf72b2877762af77d,outer_fixed_k
R01_F02_k15_Independent_ET_Physics,1,2,R01_F02,15,Independent_ET_Physics,1059,True,7648fdd6882918847b741eec2aa06ff546fb5bf7658f4ffbf72b2877762af77d,outer_fixed_k
R01_F02_k15_Native_ET_Physics,1,2,R01_F02,15,Native_ET_Physics,1059,True,7648fdd6882918847b741eec2aa06ff546fb5bf7658f4ffbf72b2877762af77d,outer_fixed_k
R01_F02_k15_Native_RF_Physics,1,2,R01_F02,15,Native_RF_Physics,1059,True,7648fdd6882918847b741eec2aa06ff546fb5bf7658f4ffbf72b2877762af77d,outer_fixed_k
R01_F02_k15_RegressorChain_ET_Physics,1,2,R01_F02,15,RegressorChain_ET_Physics,1059,True,7648fdd6882918847b741eec2aa06ff546fb5bf7658f4ffbf72b2877762af77d,outer_fixed_k
R01_F02_k16_Independent_ET_Physics,1,2,R01_F02,16,Independent_ET_Physics,1060,True,7648fdd6882918847b741eec2aa06ff546fb5bf7658f4ffbf72b2877762af77d,outer_fixed_k
R01_F02_k16_Native_ET_Physics,1,2,R01_F02,16,Native_ET_Physics,1060,True,7648fdd6882918847b741eec2aa06ff546fb5bf7658f4ffbf72b2877762af77d,outer_fixed_k
R01_F02_k16_Native_RF_Physics,1,2,R01_F02,16,Native_RF_Physics,1060,True,7648fdd6882918847b741eec2aa06ff546fb5bf7658f4ffbf72b2877762af77d,outer_fixed_k
R01_F02_k16_RegressorChain_ET_Physics,1,2,R01_F02,16,RegressorChain_ET_Physics,1060,True,7648fdd6882918847b741eec2aa06ff546fb5bf7658f4ffbf72b2877762af77d,outer_fixed_k
R01_F02_k17_Independent_ET_Physics,1,2,R01_F02,17,Independent_ET_Physics,1061,True,7648fdd6882918847b741eec2aa06ff546fb5bf7658f4ffbf72b2877762af77d,outer_fixed_k
R01_F02_k17_Native_ET_Physics,1,2,R01_F02,17,Native_ET_Physics,1061,True,7648fdd6882918847b741eec2aa06ff546fb5bf7658f4ffbf72b2877762af77d,outer_fixed_k
R01_F02_k17_Native_RF_Physics,1,2,R01_F02,17,Native_RF_Physics,1061,True,7648fdd6882918847b741eec2aa06ff546fb5bf7658f4ffbf72b2877762af77d,outer_fixed_k
R01_F02_k17_RegressorChain_ET_Physics,1,2,R01_F02,17,RegressorChain_ET_Physics,1061,True,7648fdd6882918847b741eec2aa06ff546fb5bf7658f4ffbf72b2877762af77d,outer_fixed_k
R01_F03_k03_Independent_ET_Physics,1,3,R01_F03,3,Independent_ET_Physics,1048,True,f232113204d658b6f4957339c84a6a3e9eb9d0000e231ba364950b61ee06ee89,outer_fixed_k
R01_F03_k03_Native_ET_Physics,1,3,R01_F03,3,Native_ET_Physics,1048,True,f232113204d658b6f4957339c84a6a3e9eb9d0000e231ba364950b61ee06ee89,outer_fixed_k
R01_F03_k03_Native_RF_Physics,1,3,R01_F03,3,Native_RF_Physics,1048,True,f232113204d658b6f4957339c84a6a3e9eb9d0000e231ba364950b61ee06ee89,outer_fixed_k
R01_F03_k03_RegressorChain_ET_Physics,1,3,R01_F03,3,RegressorChain_ET_Physics,1048,True,f232113204d658b6f4957339c84a6a3e9eb9d0000e231ba364950b61ee06ee89,outer_fixed_k
R01_F03_k04_Independent_ET_Physics,1,3,R01_F03,4,Independent_ET_Physics,1049,True,f232113204d658b6f4957339c84a6a3e9eb9d0000e231ba364950b61ee06ee89,outer_fixed_k
R01_F03_k04_Native_ET_Physics,1,3,R01_F03,4,Native_ET_Physics,1049,True,f232113204d658b6f4957339c84a6a3e9eb9d0000e231ba364950b61ee06ee89,outer_fixed_k
R01_F03_k04_Native_RF_Physics,1,3,R01_F03,4,Native_RF_Physics,1049,True,f232113204d658b6f4957339c84a6a3e9eb9d0000e231ba364950b61ee06ee89,outer_fixed_k
R01_F03_k04_RegressorChain_ET_Physics,1,3,R01_F03,4,RegressorChain_ET_Physics,1049,True,f232113204d658b6f4957339c84a6a3e9eb9d0000e231ba364950b61ee06ee89,outer_fixed_k
R01_F03_k05_Independent_ET_Physics,1,3,R01_F03,5,Independent_ET_Physics,1050,True,f232113204d658b6f4957339c84a6a3e9eb9d0000e231ba364950b61ee06ee89,outer_fixed_k
R01_F03_k05_Native_ET_Physics,1,3,R01_F03,5,Native_ET_Physics,1050,True,f232113204d658b6f4957339c84a6a3e9eb9d0000e231ba364950b61ee06ee89,outer_fixed_k
R01_F03_k05_Native_RF_Physics,1,3,R01_F03,5,Native_RF_Physics,1050,True,f232113204d658b6f4957339c84a6a3e9eb9d0000e231ba364950b61ee06ee89,outer_fixed_k
R01_F03_k05_RegressorChain_ET_Physics,1,3,R01_F03,5,RegressorChain_ET_Physics,1050,True,f232113204d658b6f4957339c84a6a3e9eb9d0000e231ba364950b61ee06ee89,outer_fixed_k
R01_F03_k06_Independent_ET_Physics,1,3,R01_F03,6,Independent_ET_Physics,1051,True,f232113204d658b6f4957339c84a6a3e9eb9d0000e231ba364950b61ee06ee89,outer_fixed_k
R01_F03_k06_Native_ET_Physics,1,3,R01_F03,6,Native_ET_Physics,1051,True,f232113204d658b6f4957339c84a6a3e9eb9d0000e231ba364950b61ee06ee89,outer_fixed_k
R01_F03_k06_Native_RF_Physics,1,3,R01_F03,6,Native_RF_Physics,1051,True,f232113204d658b6f4957339c84a6a3e9eb9d0000e231ba364950b61ee06ee89,outer_fixed_k
R01_F03_k06_RegressorChain_ET_Physics,1,3,R01_F03,6,RegressorChain_ET_Physics,1051,True,f232113204d658b6f4957339c84a6a3e9eb9d0000e231ba364950b61ee06ee89,outer_fixed_k
R01_F03_k07_Independent_ET_Physics,1,3,R01_F03,7,Independent_ET_Physics,1052,True,f232113204d658b6f4957339c84a6a3e9eb9d0000e231ba364950b61ee06ee89,outer_fixed_k
R01_F03_k07_Native_ET_Physics,1,3,R01_F03,7,Native_ET_Physics,1052,True,f232113204d658b6f4957339c84a6a3e9eb9d0000e231ba364950b61ee06ee89,outer_fixed_k
R01_F03_k07_Native_RF_Physics,1,3,R01_F03,7,Native_RF_Physics,1052,True,f232113204d658b6f4957339c84a6a3e9eb9d0000e231ba364950b61ee06ee89,outer_fixed_k
R01_F03_k07_RegressorChain_ET_Physics,1,3,R01_F03,7,RegressorChain_ET_Physics,1052,True,f232113204d658b6f4957339c84a6a3e9eb9d0000e231ba364950b61ee06ee89,outer_fixed_k
R01_F03_k08_Independent_ET_Physics,1,3,R01_F03,8,Independent_ET_Physics,1053,True,f232113204d658b6f4957339c84a6a3e9eb9d0000e231ba364950b61ee06ee89,outer_fixed_k
R01_F03_k08_Native_ET_Physics,1,3,R01_F03,8,Native_ET_Physics,1053,True,f232113204d658b6f4957339c84a6a3e9eb9d0000e231ba364950b61ee06ee89,outer_fixed_k
R01_F03_k08_Native_RF_Physics,1,3,R01_F03,8,Native_RF_Physics,1053,True,f232113204d658b6f4957339c84a6a3e9eb9d0000e231ba364950b61ee06ee89,outer_fixed_k
R01_F03_k08_RegressorChain_ET_Physics,1,3,R01_F03,8,RegressorChain_ET_Physics,1053,True,f232113204d658b6f4957339c84a6a3e9eb9d0000e231ba364950b61ee06ee89,outer_fixed_k
R01_F03_k09_Independent_ET_Physics,1,3,R01_F03,9,Independent_ET_Physics,1054,True,f232113204d658b6f4957339c84a6a3e9eb9d0000e231ba364950b61ee06ee89,outer_fixed_k
R01_F03_k09_Native_ET_Physics,1,3,R01_F03,9,Native_ET_Physics,1054,True,f232113204d658b6f4957339c84a6a3e9eb9d0000e231ba364950b61ee06ee89,outer_fixed_k
R01_F03_k09_Native_RF_Physics,1,3,R01_F03,9,Native_RF_Physics,1054,True,f232113204d658b6f4957339c84a6a3e9eb9d0000e231ba364950b61ee06ee89,outer_fixed_k
R01_F03_k09_RegressorChain_ET_Physics,1,3,R01_F03,9,RegressorChain_ET_Physics,1054,True,f232113204d658b6f4957339c84a6a3e9eb9d0000e231ba364950b61ee06ee89,outer_fixed_k
R01_F03_k10_Independent_ET_Physics,1,3,R01_F03,10,Independent_ET_Physics,1055,True,f232113204d658b6f4957339c84a6a3e9eb9d0000e231ba364950b61ee06ee89,outer_fixed_k
R01_F03_k10_Native_ET_Physics,1,3,R01_F03,10,Native_ET_Physics,1055,True,f232113204d658b6f4957339c84a6a3e9eb9d0000e231ba364950b61ee06ee89,outer_fixed_k
R01_F03_k10_Native_RF_Physics,1,3,R01_F03,10,Native_RF_Physics,1055,True,f232113204d658b6f4957339c84a6a3e9eb9d0000e231ba364950b61ee06ee89,outer_fixed_k
R01_F03_k10_RegressorChain_ET_Physics,1,3,R01_F03,10,RegressorChain_ET_Physics,1055,True,f232113204d658b6f4957339c84a6a3e9eb9d0000e231ba364950b61ee06ee89,outer_fixed_k
R01_F03_k11_Independent_ET_Physics,1,3,R01_F03,11,Independent_ET_Physics,1056,True,f232113204d658b6f4957339c84a6a3e9eb9d0000e231ba364950b61ee06ee89,outer_fixed_k
R01_F03_k11_Native_ET_Physics,1,3,R01_F03,11,Native_ET_Physics,1056,True,f232113204d658b6f4957339c84a6a3e9eb9d0000e231ba364950b61ee06ee89,outer_fixed_k
R01_F03_k11_Native_RF_Physics,1,3,R01_F03,11,Native_RF_Physics,1056,True,f232113204d658b6f4957339c84a6a3e9eb9d0000e231ba364950b61ee06ee89,outer_fixed_k
R01_F03_k11_RegressorChain_ET_Physics,1,3,R01_F03,11,RegressorChain_ET_Physics,1056,True,f232113204d658b6f4957339c84a6a3e9eb9d0000e231ba364950b61ee06ee89,outer_fixed_k
R01_F03_k12_Independent_ET_Physics,1,3,R01_F03,12,Independent_ET_Physics,1057,True,f232113204d658b6f4957339c84a6a3e9eb9d0000e231ba364950b61ee06ee89,outer_fixed_k
R01_F03_k12_Native_ET_Physics,1,3,R01_F03,12,Native_ET_Physics,1057,True,f232113204d658b6f4957339c84a6a3e9eb9d0000e231ba364950b61ee06ee89,outer_fixed_k
R01_F03_k12_Native_RF_Physics,1,3,R01_F03,12,Native_RF_Physics,1057,True,f232113204d658b6f4957339c84a6a3e9eb9d0000e231ba364950b61ee06ee89,outer_fixed_k
R01_F03_k12_RegressorChain_ET_Physics,1,3,R01_F03,12,RegressorChain_ET_Physics,1057,True,f232113204d658b6f4957339c84a6a3e9eb9d0000e231ba364950b61ee06ee89,outer_fixed_k
R01_F03_k13_Independent_ET_Physics,1,3,R01_F03,13,Independent_ET_Physics,1058,True,f232113204d658b6f4957339c84a6a3e9eb9d0000e231ba364950b61ee06ee89,outer_fixed_k
R01_F03_k13_Native_ET_Physics,1,3,R01_F03,13,Native_ET_Physics,1058,True,f232113204d658b6f4957339c84a6a3e9eb9d0000e231ba364950b61ee06ee89,outer_fixed_k
R01_F03_k13_Native_RF_Physics,1,3,R01_F03,13,Native_RF_Physics,1058,True,f232113204d658b6f4957339c84a6a3e9eb9d0000e231ba364950b61ee06ee89,outer_fixed_k
R01_F03_k13_RegressorChain_ET_Physics,1,3,R01_F03,13,RegressorChain_ET_Physics,1058,True,f232113204d658b6f4957339c84a6a3e9eb9d0000e231ba364950b61ee06ee89,outer_fixed_k
R01_F03_k14_Independent_ET_Physics,1,3,R01_F03,14,Independent_ET_Physics,1059,True,f232113204d658b6f4957339c84a6a3e9eb9d0000e231ba364950b61ee06ee89,outer_fixed_k
R01_F03_k14_Native_ET_Physics,1,3,R01_F03,14,Native_ET_Physics,1059,True,f232113204d658b6f4957339c84a6a3e9eb9d0000e231ba364950b61ee06ee89,outer_fixed_k
R01_F03_k14_Native_RF_Physics,1,3,R01_F03,14,Native_RF_Physics,1059,True,f232113204d658b6f4957339c84a6a3e9eb9d0000e231ba364950b61ee06ee89,outer_fixed_k
R01_F03_k14_RegressorChain_ET_Physics,1,3,R01_F03,14,RegressorChain_ET_Physics,1059,True,f232113204d658b6f4957339c84a6a3e9eb9d0000e231ba364950b61ee06ee89,outer_fixed_k
R01_F03_k15_Independent_ET_Physics,1,3,R01_F03,15,Independent_ET_Physics,1060,True,f232113204d658b6f4957339c84a6a3e9eb9d0000e231ba364950b61ee06ee89,outer_fixed_k
R01_F03_k15_Native_ET_Physics,1,3,R01_F03,15,Native_ET_Physics,1060,True,f232113204d658b6f4957339c84a6a3e9eb9d0000e231ba364950b61ee06ee89,outer_fixed_k
R01_F03_k15_Native_RF_Physics,1,3,R01_F03,15,Native_RF_Physics,1060,True,f232113204d658b6f4957339c84a6a3e9eb9d0000e231ba364950b61ee06ee89,outer_fixed_k
R01_F03_k15_RegressorChain_ET_Physics,1,3,R01_F03,15,RegressorChain_ET_Physics,1060,True,f232113204d658b6f4957339c84a6a3e9eb9d0000e231ba364950b61ee06ee89,outer_fixed_k
R01_F03_k16_Independent_ET_Physics,1,3,R01_F03,16,Independent_ET_Physics,1061,True,f232113204d658b6f4957339c84a6a3e9eb9d0000e231ba364950b61ee06ee89,outer_fixed_k
R01_F03_k16_Native_ET_Physics,1,3,R01_F03,16,Native_ET_Physics,1061,True,f232113204d658b6f4957339c84a6a3e9eb9d0000e231ba364950b61ee06ee89,outer_fixed_k
R01_F03_k16_Native_RF_Physics,1,3,R01_F03,16,Native_RF_Physics,1061,True,f232113204d658b6f4957339c84a6a3e9eb9d0000e231ba364950b61ee06ee89,outer_fixed_k
R01_F03_k16_RegressorChain_ET_Physics,1,3,R01_F03,16,RegressorChain_ET_Physics,1061,True,f232113204d658b6f4957339c84a6a3e9eb9d0000e231ba364950b61ee06ee89,outer_fixed_k
R01_F03_k17_Independent_ET_Physics,1,3,R01_F03,17,Independent_ET_Physics,1062,True,f232113204d658b6f4957339c84a6a3e9eb9d0000e231ba364950b61ee06ee89,outer_fixed_k
R01_F03_k17_Native_ET_Physics,1,3,R01_F03,17,Native_ET_Physics,1062,True,f232113204d658b6f4957339c84a6a3e9eb9d0000e231ba364950b61ee06ee89,outer_fixed_k
R01_F03_k17_Native_RF_Physics,1,3,R01_F03,17,Native_RF_Physics,1062,True,f232113204d658b6f4957339c84a6a3e9eb9d0000e231ba364950b61ee06ee89,outer_fixed_k
R01_F03_k17_RegressorChain_ET_Physics,1,3,R01_F03,17,RegressorChain_ET_Physics,1062,True,f232113204d658b6f4957339c84a6a3e9eb9d0000e231ba364950b61ee06ee89,outer_fixed_k
R01_F04_k03_Independent_ET_Physics,1,4,R01_F04,3,Independent_ET_Physics,1049,True,ba1af2af7d84c8d9a7f5c76d90f0fced0b6bcf2a6eb7a3349e6a324e1747e5e5,outer_fixed_k
R01_F04_k03_Native_ET_Physics,1,4,R01_F04,3,Native_ET_Physics,1049,True,ba1af2af7d84c8d9a7f5c76d90f0fced0b6bcf2a6eb7a3349e6a324e1747e5e5,outer_fixed_k
R01_F04_k03_Native_RF_Physics,1,4,R01_F04,3,Native_RF_Physics,1049,True,ba1af2af7d84c8d9a7f5c76d90f0fced0b6bcf2a6eb7a3349e6a324e1747e5e5,outer_fixed_k
R01_F04_k03_RegressorChain_ET_Physics,1,4,R01_F04,3,RegressorChain_ET_Physics,1049,True,ba1af2af7d84c8d9a7f5c76d90f0fced0b6bcf2a6eb7a3349e6a324e1747e5e5,outer_fixed_k
R01_F04_k04_Independent_ET_Physics,1,4,R01_F04,4,Independent_ET_Physics,1050,True,ba1af2af7d84c8d9a7f5c76d90f0fced0b6bcf2a6eb7a3349e6a324e1747e5e5,outer_fixed_k
R01_F04_k04_Native_ET_Physics,1,4,R01_F04,4,Native_ET_Physics,1050,True,ba1af2af7d84c8d9a7f5c76d90f0fced0b6bcf2a6eb7a3349e6a324e1747e5e5,outer_fixed_k
R01_F04_k04_Native_RF_Physics,1,4,R01_F04,4,Native_RF_Physics,1050,True,ba1af2af7d84c8d9a7f5c76d90f0fced0b6bcf2a6eb7a3349e6a324e1747e5e5,outer_fixed_k
R01_F04_k04_RegressorChain_ET_Physics,1,4,R01_F04,4,RegressorChain_ET_Physics,1050,True,ba1af2af7d84c8d9a7f5c76d90f0fced0b6bcf2a6eb7a3349e6a324e1747e5e5,outer_fixed_k
R01_F04_k05_Independent_ET_Physics,1,4,R01_F04,5,Independent_ET_Physics,1051,True,ba1af2af7d84c8d9a7f5c76d90f0fced0b6bcf2a6eb7a3349e6a324e1747e5e5,outer_fixed_k
R01_F04_k05_Native_ET_Physics,1,4,R01_F04,5,Native_ET_Physics,1051,True,ba1af2af7d84c8d9a7f5c76d90f0fced0b6bcf2a6eb7a3349e6a324e1747e5e5,outer_fixed_k
R01_F04_k05_Native_RF_Physics,1,4,R01_F04,5,Native_RF_Physics,1051,True,ba1af2af7d84c8d9a7f5c76d90f0fced0b6bcf2a6eb7a3349e6a324e1747e5e5,outer_fixed_k
R01_F04_k05_RegressorChain_ET_Physics,1,4,R01_F04,5,RegressorChain_ET_Physics,1051,True,ba1af2af7d84c8d9a7f5c76d90f0fced0b6bcf2a6eb7a3349e6a324e1747e5e5,outer_fixed_k
R01_F04_k06_Independent_ET_Physics,1,4,R01_F04,6,Independent_ET_Physics,1052,True,ba1af2af7d84c8d9a7f5c76d90f0fced0b6bcf2a6eb7a3349e6a324e1747e5e5,outer_fixed_k
R01_F04_k06_Native_ET_Physics,1,4,R01_F04,6,Native_ET_Physics,1052,True,ba1af2af7d84c8d9a7f5c76d90f0fced0b6bcf2a6eb7a3349e6a324e1747e5e5,outer_fixed_k
R01_F04_k06_Native_RF_Physics,1,4,R01_F04,6,Native_RF_Physics,1052,True,ba1af2af7d84c8d9a7f5c76d90f0fced0b6bcf2a6eb7a3349e6a324e1747e5e5,outer_fixed_k
R01_F04_k06_RegressorChain_ET_Physics,1,4,R01_F04,6,RegressorChain_ET_Physics,1052,True,ba1af2af7d84c8d9a7f5c76d90f0fced0b6bcf2a6eb7a3349e6a324e1747e5e5,outer_fixed_k
R01_F04_k07_Independent_ET_Physics,1,4,R01_F04,7,Independent_ET_Physics,1053,True,ba1af2af7d84c8d9a7f5c76d90f0fced0b6bcf2a6eb7a3349e6a324e1747e5e5,outer_fixed_k
R01_F04_k07_Native_ET_Physics,1,4,R01_F04,7,Native_ET_Physics,1053,True,ba1af2af7d84c8d9a7f5c76d90f0fced0b6bcf2a6eb7a3349e6a324e1747e5e5,outer_fixed_k
R01_F04_k07_Native_RF_Physics,1,4,R01_F04,7,Native_RF_Physics,1053,True,ba1af2af7d84c8d9a7f5c76d90f0fced0b6bcf2a6eb7a3349e6a324e1747e5e5,outer_fixed_k
R01_F04_k07_RegressorChain_ET_Physics,1,4,R01_F04,7,RegressorChain_ET_Physics,1053,True,ba1af2af7d84c8d9a7f5c76d90f0fced0b6bcf2a6eb7a3349e6a324e1747e5e5,outer_fixed_k
R01_F04_k08_Independent_ET_Physics,1,4,R01_F04,8,Independent_ET_Physics,1054,True,ba1af2af7d84c8d9a7f5c76d90f0fced0b6bcf2a6eb7a3349e6a324e1747e5e5,outer_fixed_k
R01_F04_k08_Native_ET_Physics,1,4,R01_F04,8,Native_ET_Physics,1054,True,ba1af2af7d84c8d9a7f5c76d90f0fced0b6bcf2a6eb7a3349e6a324e1747e5e5,outer_fixed_k
R01_F04_k08_Native_RF_Physics,1,4,R01_F04,8,Native_RF_Physics,1054,True,ba1af2af7d84c8d9a7f5c76d90f0fced0b6bcf2a6eb7a3349e6a324e1747e5e5,outer_fixed_k
R01_F04_k08_RegressorChain_ET_Physics,1,4,R01_F04,8,RegressorChain_ET_Physics,1054,True,ba1af2af7d84c8d9a7f5c76d90f0fced0b6bcf2a6eb7a3349e6a324e1747e5e5,outer_fixed_k
R01_F04_k09_Independent_ET_Physics,1,4,R01_F04,9,Independent_ET_Physics,1055,True,ba1af2af7d84c8d9a7f5c76d90f0fced0b6bcf2a6eb7a3349e6a324e1747e5e5,outer_fixed_k
R01_F04_k09_Native_ET_Physics,1,4,R01_F04,9,Native_ET_Physics,1055,True,ba1af2af7d84c8d9a7f5c76d90f0fced0b6bcf2a6eb7a3349e6a324e1747e5e5,outer_fixed_k
R01_F04_k09_Native_RF_Physics,1,4,R01_F04,9,Native_RF_Physics,1055,True,ba1af2af7d84c8d9a7f5c76d90f0fced0b6bcf2a6eb7a3349e6a324e1747e5e5,outer_fixed_k
R01_F04_k09_RegressorChain_ET_Physics,1,4,R01_F04,9,RegressorChain_ET_Physics,1055,True,ba1af2af7d84c8d9a7f5c76d90f0fced0b6bcf2a6eb7a3349e6a324e1747e5e5,outer_fixed_k
R01_F04_k10_Independent_ET_Physics,1,4,R01_F04,10,Independent_ET_Physics,1056,True,ba1af2af7d84c8d9a7f5c76d90f0fced0b6bcf2a6eb7a3349e6a324e1747e5e5,outer_fixed_k
R01_F04_k10_Native_ET_Physics,1,4,R01_F04,10,Native_ET_Physics,1056,True,ba1af2af7d84c8d9a7f5c76d90f0fced0b6bcf2a6eb7a3349e6a324e1747e5e5,outer_fixed_k
R01_F04_k10_Native_RF_Physics,1,4,R01_F04,10,Native_RF_Physics,1056,True,ba1af2af7d84c8d9a7f5c76d90f0fced0b6bcf2a6eb7a3349e6a324e1747e5e5,outer_fixed_k
R01_F04_k10_RegressorChain_ET_Physics,1,4,R01_F04,10,RegressorChain_ET_Physics,1056,True,ba1af2af7d84c8d9a7f5c76d90f0fced0b6bcf2a6eb7a3349e6a324e1747e5e5,outer_fixed_k
R01_F04_k11_Independent_ET_Physics,1,4,R01_F04,11,Independent_ET_Physics,1057,True,ba1af2af7d84c8d9a7f5c76d90f0fced0b6bcf2a6eb7a3349e6a324e1747e5e5,outer_fixed_k
R01_F04_k11_Native_ET_Physics,1,4,R01_F04,11,Native_ET_Physics,1057,True,ba1af2af7d84c8d9a7f5c76d90f0fced0b6bcf2a6eb7a3349e6a324e1747e5e5,outer_fixed_k
R01_F04_k11_Native_RF_Physics,1,4,R01_F04,11,Native_RF_Physics,1057,True,ba1af2af7d84c8d9a7f5c76d90f0fced0b6bcf2a6eb7a3349e6a324e1747e5e5,outer_fixed_k
R01_F04_k11_RegressorChain_ET_Physics,1,4,R01_F04,11,RegressorChain_ET_Physics,1057,True,ba1af2af7d84c8d9a7f5c76d90f0fced0b6bcf2a6eb7a3349e6a324e1747e5e5,outer_fixed_k
R01_F04_k12_Independent_ET_Physics,1,4,R01_F04,12,Independent_ET_Physics,1058,True,ba1af2af7d84c8d9a7f5c76d90f0fced0b6bcf2a6eb7a3349e6a324e1747e5e5,outer_fixed_k
R01_F04_k12_Native_ET_Physics,1,4,R01_F04,12,Native_ET_Physics,1058,True,ba1af2af7d84c8d9a7f5c76d90f0fced0b6bcf2a6eb7a3349e6a324e1747e5e5,outer_fixed_k
R01_F04_k12_Native_RF_Physics,1,4,R01_F04,12,Native_RF_Physics,1058,True,ba1af2af7d84c8d9a7f5c76d90f0fced0b6bcf2a6eb7a3349e6a324e1747e5e5,outer_fixed_k
R01_F04_k12_RegressorChain_ET_Physics,1,4,R01_F04,12,RegressorChain_ET_Physics,1058,True,ba1af2af7d84c8d9a7f5c76d90f0fced0b6bcf2a6eb7a3349e6a324e1747e5e5,outer_fixed_k
R01_F04_k13_Independent_ET_Physics,1,4,R01_F04,13,Independent_ET_Physics,1059,True,ba1af2af7d84c8d9a7f5c76d90f0fced0b6bcf2a6eb7a3349e6a324e1747e5e5,outer_fixed_k
R01_F04_k13_Native_ET_Physics,1,4,R01_F04,13,Native_ET_Physics,1059,True,ba1af2af7d84c8d9a7f5c76d90f0fced0b6bcf2a6eb7a3349e6a324e1747e5e5,outer_fixed_k
R01_F04_k13_Native_RF_Physics,1,4,R01_F04,13,Native_RF_Physics,1059,True,ba1af2af7d84c8d9a7f5c76d90f0fced0b6bcf2a6eb7a3349e6a324e1747e5e5,outer_fixed_k
R01_F04_k13_RegressorChain_ET_Physics,1,4,R01_F04,13,RegressorChain_ET_Physics,1059,True,ba1af2af7d84c8d9a7f5c76d90f0fced0b6bcf2a6eb7a3349e6a324e1747e5e5,outer_fixed_k
R01_F04_k14_Independent_ET_Physics,1,4,R01_F04,14,Independent_ET_Physics,1060,True,ba1af2af7d84c8d9a7f5c76d90f0fced0b6bcf2a6eb7a3349e6a324e1747e5e5,outer_fixed_k
R01_F04_k14_Native_ET_Physics,1,4,R01_F04,14,Native_ET_Physics,1060,True,ba1af2af7d84c8d9a7f5c76d90f0fced0b6bcf2a6eb7a3349e6a324e1747e5e5,outer_fixed_k
R01_F04_k14_Native_RF_Physics,1,4,R01_F04,14,Native_RF_Physics,1060,True,ba1af2af7d84c8d9a7f5c76d90f0fced0b6bcf2a6eb7a3349e6a324e1747e5e5,outer_fixed_k
R01_F04_k14_RegressorChain_ET_Physics,1,4,R01_F04,14,RegressorChain_ET_Physics,1060,True,ba1af2af7d84c8d9a7f5c76d90f0fced0b6bcf2a6eb7a3349e6a324e1747e5e5,outer_fixed_k
R01_F04_k15_Independent_ET_Physics,1,4,R01_F04,15,Independent_ET_Physics,1061,True,ba1af2af7d84c8d9a7f5c76d90f0fced0b6bcf2a6eb7a3349e6a324e1747e5e5,outer_fixed_k
R01_F04_k15_Native_ET_Physics,1,4,R01_F04,15,Native_ET_Physics,1061,True,ba1af2af7d84c8d9a7f5c76d90f0fced0b6bcf2a6eb7a3349e6a324e1747e5e5,outer_fixed_k
R01_F04_k15_Native_RF_Physics,1,4,R01_F04,15,Native_RF_Physics,1061,True,ba1af2af7d84c8d9a7f5c76d90f0fced0b6bcf2a6eb7a3349e6a324e1747e5e5,outer_fixed_k
R01_F04_k15_RegressorChain_ET_Physics,1,4,R01_F04,15,RegressorChain_ET_Physics,1061,True,ba1af2af7d84c8d9a7f5c76d90f0fced0b6bcf2a6eb7a3349e6a324e1747e5e5,outer_fixed_k
R01_F04_k16_Independent_ET_Physics,1,4,R01_F04,16,Independent_ET_Physics,1062,True,ba1af2af7d84c8d9a7f5c76d90f0fced0b6bcf2a6eb7a3349e6a324e1747e5e5,outer_fixed_k
R01_F04_k16_Native_ET_Physics,1,4,R01_F04,16,Native_ET_Physics,1062,True,ba1af2af7d84c8d9a7f5c76d90f0fced0b6bcf2a6eb7a3349e6a324e1747e5e5,outer_fixed_k
R01_F04_k16_Native_RF_Physics,1,4,R01_F04,16,Native_RF_Physics,1062,True,ba1af2af7d84c8d9a7f5c76d90f0fced0b6bcf2a6eb7a3349e6a324e1747e5e5,outer_fixed_k
R01_F04_k16_RegressorChain_ET_Physics,1,4,R01_F04,16,RegressorChain_ET_Physics,1062,True,ba1af2af7d84c8d9a7f5c76d90f0fced0b6bcf2a6eb7a3349e6a324e1747e5e5,outer_fixed_k
R01_F04_k17_Independent_ET_Physics,1,4,R01_F04,17,Independent_ET_Physics,1063,True,ba1af2af7d84c8d9a7f5c76d90f0fced0b6bcf2a6eb7a3349e6a324e1747e5e5,outer_fixed_k
R01_F04_k17_Native_ET_Physics,1,4,R01_F04,17,Native_ET_Physics,1063,True,ba1af2af7d84c8d9a7f5c76d90f0fced0b6bcf2a6eb7a3349e6a324e1747e5e5,outer_fixed_k
R01_F04_k17_Native_RF_Physics,1,4,R01_F04,17,Native_RF_Physics,1063,True,ba1af2af7d84c8d9a7f5c76d90f0fced0b6bcf2a6eb7a3349e6a324e1747e5e5,outer_fixed_k
R01_F04_k17_RegressorChain_ET_Physics,1,4,R01_F04,17,RegressorChain_ET_Physics,1063,True,ba1af2af7d84c8d9a7f5c76d90f0fced0b6bcf2a6eb7a3349e6a324e1747e5e5,outer_fixed_k
R01_F05_k03_Independent_ET_Physics,1,5,R01_F05,3,Independent_ET_Physics,1050,True,1ef949e074cc756985883fc19e2d6fe4e4744c1ea385a36b91400b620e62e972,outer_fixed_k
R01_F05_k03_Native_ET_Physics,1,5,R01_F05,3,Native_ET_Physics,1050,True,1ef949e074cc756985883fc19e2d6fe4e4744c1ea385a36b91400b620e62e972,outer_fixed_k
R01_F05_k03_Native_RF_Physics,1,5,R01_F05,3,Native_RF_Physics,1050,True,1ef949e074cc756985883fc19e2d6fe4e4744c1ea385a36b91400b620e62e972,outer_fixed_k
R01_F05_k03_RegressorChain_ET_Physics,1,5,R01_F05,3,RegressorChain_ET_Physics,1050,True,1ef949e074cc756985883fc19e2d6fe4e4744c1ea385a36b91400b620e62e972,outer_fixed_k
R01_F05_k04_Independent_ET_Physics,1,5,R01_F05,4,Independent_ET_Physics,1051,True,1ef949e074cc756985883fc19e2d6fe4e4744c1ea385a36b91400b620e62e972,outer_fixed_k
R01_F05_k04_Native_ET_Physics,1,5,R01_F05,4,Native_ET_Physics,1051,True,1ef949e074cc756985883fc19e2d6fe4e4744c1ea385a36b91400b620e62e972,outer_fixed_k
R01_F05_k04_Native_RF_Physics,1,5,R01_F05,4,Native_RF_Physics,1051,True,1ef949e074cc756985883fc19e2d6fe4e4744c1ea385a36b91400b620e62e972,outer_fixed_k
R01_F05_k04_RegressorChain_ET_Physics,1,5,R01_F05,4,RegressorChain_ET_Physics,1051,True,1ef949e074cc756985883fc19e2d6fe4e4744c1ea385a36b91400b620e62e972,outer_fixed_k
R01_F05_k05_Independent_ET_Physics,1,5,R01_F05,5,Independent_ET_Physics,1052,True,1ef949e074cc756985883fc19e2d6fe4e4744c1ea385a36b91400b620e62e972,outer_fixed_k
R01_F05_k05_Native_ET_Physics,1,5,R01_F05,5,Native_ET_Physics,1052,True,1ef949e074cc756985883fc19e2d6fe4e4744c1ea385a36b91400b620e62e972,outer_fixed_k
R01_F05_k05_Native_RF_Physics,1,5,R01_F05,5,Native_RF_Physics,1052,True,1ef949e074cc756985883fc19e2d6fe4e4744c1ea385a36b91400b620e62e972,outer_fixed_k
R01_F05_k05_RegressorChain_ET_Physics,1,5,R01_F05,5,RegressorChain_ET_Physics,1052,True,1ef949e074cc756985883fc19e2d6fe4e4744c1ea385a36b91400b620e62e972,outer_fixed_k
R01_F05_k06_Independent_ET_Physics,1,5,R01_F05,6,Independent_ET_Physics,1053,True,1ef949e074cc756985883fc19e2d6fe4e4744c1ea385a36b91400b620e62e972,outer_fixed_k
R01_F05_k06_Native_ET_Physics,1,5,R01_F05,6,Native_ET_Physics,1053,True,1ef949e074cc756985883fc19e2d6fe4e4744c1ea385a36b91400b620e62e972,outer_fixed_k
R01_F05_k06_Native_RF_Physics,1,5,R01_F05,6,Native_RF_Physics,1053,True,1ef949e074cc756985883fc19e2d6fe4e4744c1ea385a36b91400b620e62e972,outer_fixed_k
R01_F05_k06_RegressorChain_ET_Physics,1,5,R01_F05,6,RegressorChain_ET_Physics,1053,True,1ef949e074cc756985883fc19e2d6fe4e4744c1ea385a36b91400b620e62e972,outer_fixed_k
R01_F05_k07_Independent_ET_Physics,1,5,R01_F05,7,Independent_ET_Physics,1054,True,1ef949e074cc756985883fc19e2d6fe4e4744c1ea385a36b91400b620e62e972,outer_fixed_k
R01_F05_k07_Native_ET_Physics,1,5,R01_F05,7,Native_ET_Physics,1054,True,1ef949e074cc756985883fc19e2d6fe4e4744c1ea385a36b91400b620e62e972,outer_fixed_k
R01_F05_k07_Native_RF_Physics,1,5,R01_F05,7,Native_RF_Physics,1054,True,1ef949e074cc756985883fc19e2d6fe4e4744c1ea385a36b91400b620e62e972,outer_fixed_k
R01_F05_k07_RegressorChain_ET_Physics,1,5,R01_F05,7,RegressorChain_ET_Physics,1054,True,1ef949e074cc756985883fc19e2d6fe4e4744c1ea385a36b91400b620e62e972,outer_fixed_k
R01_F05_k08_Independent_ET_Physics,1,5,R01_F05,8,Independent_ET_Physics,1055,True,1ef949e074cc756985883fc19e2d6fe4e4744c1ea385a36b91400b620e62e972,outer_fixed_k
R01_F05_k08_Native_ET_Physics,1,5,R01_F05,8,Native_ET_Physics,1055,True,1ef949e074cc756985883fc19e2d6fe4e4744c1ea385a36b91400b620e62e972,outer_fixed_k
R01_F05_k08_Native_RF_Physics,1,5,R01_F05,8,Native_RF_Physics,1055,True,1ef949e074cc756985883fc19e2d6fe4e4744c1ea385a36b91400b620e62e972,outer_fixed_k
R01_F05_k08_RegressorChain_ET_Physics,1,5,R01_F05,8,RegressorChain_ET_Physics,1055,True,1ef949e074cc756985883fc19e2d6fe4e4744c1ea385a36b91400b620e62e972,outer_fixed_k
R01_F05_k09_Independent_ET_Physics,1,5,R01_F05,9,Independent_ET_Physics,1056,True,1ef949e074cc756985883fc19e2d6fe4e4744c1ea385a36b91400b620e62e972,outer_fixed_k
R01_F05_k09_Native_ET_Physics,1,5,R01_F05,9,Native_ET_Physics,1056,True,1ef949e074cc756985883fc19e2d6fe4e4744c1ea385a36b91400b620e62e972,outer_fixed_k
R01_F05_k09_Native_RF_Physics,1,5,R01_F05,9,Native_RF_Physics,1056,True,1ef949e074cc756985883fc19e2d6fe4e4744c1ea385a36b91400b620e62e972,outer_fixed_k
R01_F05_k09_RegressorChain_ET_Physics,1,5,R01_F05,9,RegressorChain_ET_Physics,1056,True,1ef949e074cc756985883fc19e2d6fe4e4744c1ea385a36b91400b620e62e972,outer_fixed_k
R01_F05_k10_Independent_ET_Physics,1,5,R01_F05,10,Independent_ET_Physics,1057,True,1ef949e074cc756985883fc19e2d6fe4e4744c1ea385a36b91400b620e62e972,outer_fixed_k
R01_F05_k10_Native_ET_Physics,1,5,R01_F05,10,Native_ET_Physics,1057,True,1ef949e074cc756985883fc19e2d6fe4e4744c1ea385a36b91400b620e62e972,outer_fixed_k
R01_F05_k10_Native_RF_Physics,1,5,R01_F05,10,Native_RF_Physics,1057,True,1ef949e074cc756985883fc19e2d6fe4e4744c1ea385a36b91400b620e62e972,outer_fixed_k
R01_F05_k10_RegressorChain_ET_Physics,1,5,R01_F05,10,RegressorChain_ET_Physics,1057,True,1ef949e074cc756985883fc19e2d6fe4e4744c1ea385a36b91400b620e62e972,outer_fixed_k
R01_F05_k11_Independent_ET_Physics,1,5,R01_F05,11,Independent_ET_Physics,1058,True,1ef949e074cc756985883fc19e2d6fe4e4744c1ea385a36b91400b620e62e972,outer_fixed_k
R01_F05_k11_Native_ET_Physics,1,5,R01_F05,11,Native_ET_Physics,1058,True,1ef949e074cc756985883fc19e2d6fe4e4744c1ea385a36b91400b620e62e972,outer_fixed_k
R01_F05_k11_Native_RF_Physics,1,5,R01_F05,11,Native_RF_Physics,1058,True,1ef949e074cc756985883fc19e2d6fe4e4744c1ea385a36b91400b620e62e972,outer_fixed_k
R01_F05_k11_RegressorChain_ET_Physics,1,5,R01_F05,11,RegressorChain_ET_Physics,1058,True,1ef949e074cc756985883fc19e2d6fe4e4744c1ea385a36b91400b620e62e972,outer_fixed_k
R01_F05_k12_Independent_ET_Physics,1,5,R01_F05,12,Independent_ET_Physics,1059,True,1ef949e074cc756985883fc19e2d6fe4e4744c1ea385a36b91400b620e62e972,outer_fixed_k
R01_F05_k12_Native_ET_Physics,1,5,R01_F05,12,Native_ET_Physics,1059,True,1ef949e074cc756985883fc19e2d6fe4e4744c1ea385a36b91400b620e62e972,outer_fixed_k
R01_F05_k12_Native_RF_Physics,1,5,R01_F05,12,Native_RF_Physics,1059,True,1ef949e074cc756985883fc19e2d6fe4e4744c1ea385a36b91400b620e62e972,outer_fixed_k
R01_F05_k12_RegressorChain_ET_Physics,1,5,R01_F05,12,RegressorChain_ET_Physics,1059,True,1ef949e074cc756985883fc19e2d6fe4e4744c1ea385a36b91400b620e62e972,outer_fixed_k
R01_F05_k13_Independent_ET_Physics,1,5,R01_F05,13,Independent_ET_Physics,1060,True,1ef949e074cc756985883fc19e2d6fe4e4744c1ea385a36b91400b620e62e972,outer_fixed_k
R01_F05_k13_Native_ET_Physics,1,5,R01_F05,13,Native_ET_Physics,1060,True,1ef949e074cc756985883fc19e2d6fe4e4744c1ea385a36b91400b620e62e972,outer_fixed_k
R01_F05_k13_Native_RF_Physics,1,5,R01_F05,13,Native_RF_Physics,1060,True,1ef949e074cc756985883fc19e2d6fe4e4744c1ea385a36b91400b620e62e972,outer_fixed_k
R01_F05_k13_RegressorChain_ET_Physics,1,5,R01_F05,13,RegressorChain_ET_Physics,1060,True,1ef949e074cc756985883fc19e2d6fe4e4744c1ea385a36b91400b620e62e972,outer_fixed_k
R01_F05_k14_Independent_ET_Physics,1,5,R01_F05,14,Independent_ET_Physics,1061,True,1ef949e074cc756985883fc19e2d6fe4e4744c1ea385a36b91400b620e62e972,outer_fixed_k
R01_F05_k14_Native_ET_Physics,1,5,R01_F05,14,Native_ET_Physics,1061,True,1ef949e074cc756985883fc19e2d6fe4e4744c1ea385a36b91400b620e62e972,outer_fixed_k
R01_F05_k14_Native_RF_Physics,1,5,R01_F05,14,Native_RF_Physics,1061,True,1ef949e074cc756985883fc19e2d6fe4e4744c1ea385a36b91400b620e62e972,outer_fixed_k
R01_F05_k14_RegressorChain_ET_Physics,1,5,R01_F05,14,RegressorChain_ET_Physics,1061,True,1ef949e074cc756985883fc19e2d6fe4e4744c1ea385a36b91400b620e62e972,outer_fixed_k
R01_F05_k15_Independent_ET_Physics,1,5,R01_F05,15,Independent_ET_Physics,1062,True,1ef949e074cc756985883fc19e2d6fe4e4744c1ea385a36b91400b620e62e972,outer_fixed_k
R01_F05_k15_Native_ET_Physics,1,5,R01_F05,15,Native_ET_Physics,1062,True,1ef949e074cc756985883fc19e2d6fe4e4744c1ea385a36b91400b620e62e972,outer_fixed_k
R01_F05_k15_Native_RF_Physics,1,5,R01_F05,15,Native_RF_Physics,1062,True,1ef949e074cc756985883fc19e2d6fe4e4744c1ea385a36b91400b620e62e972,outer_fixed_k
R01_F05_k15_RegressorChain_ET_Physics,1,5,R01_F05,15,RegressorChain_ET_Physics,1062,True,1ef949e074cc756985883fc19e2d6fe4e4744c1ea385a36b91400b620e62e972,outer_fixed_k
R01_F05_k16_Independent_ET_Physics,1,5,R01_F05,16,Independent_ET_Physics,1063,True,1ef949e074cc756985883fc19e2d6fe4e4744c1ea385a36b91400b620e62e972,outer_fixed_k
R01_F05_k16_Native_ET_Physics,1,5,R01_F05,16,Native_ET_Physics,1063,True,1ef949e074cc756985883fc19e2d6fe4e4744c1ea385a36b91400b620e62e972,outer_fixed_k
R01_F05_k16_Native_RF_Physics,1,5,R01_F05,16,Native_RF_Physics,1063,True,1ef949e074cc756985883fc19e2d6fe4e4744c1ea385a36b91400b620e62e972,outer_fixed_k
R01_F05_k16_RegressorChain_ET_Physics,1,5,R01_F05,16,RegressorChain_ET_Physics,1063,True,1ef949e074cc756985883fc19e2d6fe4e4744c1ea385a36b91400b620e62e972,outer_fixed_k
R01_F05_k17_Independent_ET_Physics,1,5,R01_F05,17,Independent_ET_Physics,1064,True,1ef949e074cc756985883fc19e2d6fe4e4744c1ea385a36b91400b620e62e972,outer_fixed_k
R01_F05_k17_Native_ET_Physics,1,5,R01_F05,17,Native_ET_Physics,1064,True,1ef949e074cc756985883fc19e2d6fe4e4744c1ea385a36b91400b620e62e972,outer_fixed_k
R01_F05_k17_Native_RF_Physics,1,5,R01_F05,17,Native_RF_Physics,1064,True,1ef949e074cc756985883fc19e2d6fe4e4744c1ea385a36b91400b620e62e972,outer_fixed_k
R01_F05_k17_RegressorChain_ET_Physics,1,5,R01_F05,17,RegressorChain_ET_Physics,1064,True,1ef949e074cc756985883fc19e2d6fe4e4744c1ea385a36b91400b620e62e972,outer_fixed_k
R02_F01_k03_Independent_ET_Physics,2,1,R02_F01,3,Independent_ET_Physics,1051,True,91ad1dc7492ebf7542399228303db84cf0ec706a16d9a1cf00ffdc2895cb987d,outer_fixed_k
R02_F01_k03_Native_ET_Physics,2,1,R02_F01,3,Native_ET_Physics,1051,True,91ad1dc7492ebf7542399228303db84cf0ec706a16d9a1cf00ffdc2895cb987d,outer_fixed_k
R02_F01_k03_Native_RF_Physics,2,1,R02_F01,3,Native_RF_Physics,1051,True,91ad1dc7492ebf7542399228303db84cf0ec706a16d9a1cf00ffdc2895cb987d,outer_fixed_k
R02_F01_k03_RegressorChain_ET_Physics,2,1,R02_F01,3,RegressorChain_ET_Physics,1051,True,91ad1dc7492ebf7542399228303db84cf0ec706a16d9a1cf00ffdc2895cb987d,outer_fixed_k
R02_F01_k04_Independent_ET_Physics,2,1,R02_F01,4,Independent_ET_Physics,1052,True,91ad1dc7492ebf7542399228303db84cf0ec706a16d9a1cf00ffdc2895cb987d,outer_fixed_k
R02_F01_k04_Native_ET_Physics,2,1,R02_F01,4,Native_ET_Physics,1052,True,91ad1dc7492ebf7542399228303db84cf0ec706a16d9a1cf00ffdc2895cb987d,outer_fixed_k
R02_F01_k04_Native_RF_Physics,2,1,R02_F01,4,Native_RF_Physics,1052,True,91ad1dc7492ebf7542399228303db84cf0ec706a16d9a1cf00ffdc2895cb987d,outer_fixed_k
R02_F01_k04_RegressorChain_ET_Physics,2,1,R02_F01,4,RegressorChain_ET_Physics,1052,True,91ad1dc7492ebf7542399228303db84cf0ec706a16d9a1cf00ffdc2895cb987d,outer_fixed_k
R02_F01_k05_Independent_ET_Physics,2,1,R02_F01,5,Independent_ET_Physics,1053,True,91ad1dc7492ebf7542399228303db84cf0ec706a16d9a1cf00ffdc2895cb987d,outer_fixed_k
R02_F01_k05_Native_ET_Physics,2,1,R02_F01,5,Native_ET_Physics,1053,True,91ad1dc7492ebf7542399228303db84cf0ec706a16d9a1cf00ffdc2895cb987d,outer_fixed_k
R02_F01_k05_Native_RF_Physics,2,1,R02_F01,5,Native_RF_Physics,1053,True,91ad1dc7492ebf7542399228303db84cf0ec706a16d9a1cf00ffdc2895cb987d,outer_fixed_k
R02_F01_k05_RegressorChain_ET_Physics,2,1,R02_F01,5,RegressorChain_ET_Physics,1053,True,91ad1dc7492ebf7542399228303db84cf0ec706a16d9a1cf00ffdc2895cb987d,outer_fixed_k
R02_F01_k06_Independent_ET_Physics,2,1,R02_F01,6,Independent_ET_Physics,1054,True,91ad1dc7492ebf7542399228303db84cf0ec706a16d9a1cf00ffdc2895cb987d,outer_fixed_k
R02_F01_k06_Native_ET_Physics,2,1,R02_F01,6,Native_ET_Physics,1054,True,91ad1dc7492ebf7542399228303db84cf0ec706a16d9a1cf00ffdc2895cb987d,outer_fixed_k
R02_F01_k06_Native_RF_Physics,2,1,R02_F01,6,Native_RF_Physics,1054,True,91ad1dc7492ebf7542399228303db84cf0ec706a16d9a1cf00ffdc2895cb987d,outer_fixed_k
R02_F01_k06_RegressorChain_ET_Physics,2,1,R02_F01,6,RegressorChain_ET_Physics,1054,True,91ad1dc7492ebf7542399228303db84cf0ec706a16d9a1cf00ffdc2895cb987d,outer_fixed_k
R02_F01_k07_Independent_ET_Physics,2,1,R02_F01,7,Independent_ET_Physics,1055,True,91ad1dc7492ebf7542399228303db84cf0ec706a16d9a1cf00ffdc2895cb987d,outer_fixed_k
R02_F01_k07_Native_ET_Physics,2,1,R02_F01,7,Native_ET_Physics,1055,True,91ad1dc7492ebf7542399228303db84cf0ec706a16d9a1cf00ffdc2895cb987d,outer_fixed_k
R02_F01_k07_Native_RF_Physics,2,1,R02_F01,7,Native_RF_Physics,1055,True,91ad1dc7492ebf7542399228303db84cf0ec706a16d9a1cf00ffdc2895cb987d,outer_fixed_k
R02_F01_k07_RegressorChain_ET_Physics,2,1,R02_F01,7,RegressorChain_ET_Physics,1055,True,91ad1dc7492ebf7542399228303db84cf0ec706a16d9a1cf00ffdc2895cb987d,outer_fixed_k
R02_F01_k08_Independent_ET_Physics,2,1,R02_F01,8,Independent_ET_Physics,1056,True,91ad1dc7492ebf7542399228303db84cf0ec706a16d9a1cf00ffdc2895cb987d,outer_fixed_k
R02_F01_k08_Native_ET_Physics,2,1,R02_F01,8,Native_ET_Physics,1056,True,91ad1dc7492ebf7542399228303db84cf0ec706a16d9a1cf00ffdc2895cb987d,outer_fixed_k
R02_F01_k08_Native_RF_Physics,2,1,R02_F01,8,Native_RF_Physics,1056,True,91ad1dc7492ebf7542399228303db84cf0ec706a16d9a1cf00ffdc2895cb987d,outer_fixed_k
R02_F01_k08_RegressorChain_ET_Physics,2,1,R02_F01,8,RegressorChain_ET_Physics,1056,True,91ad1dc7492ebf7542399228303db84cf0ec706a16d9a1cf00ffdc2895cb987d,outer_fixed_k
R02_F01_k09_Independent_ET_Physics,2,1,R02_F01,9,Independent_ET_Physics,1057,True,91ad1dc7492ebf7542399228303db84cf0ec706a16d9a1cf00ffdc2895cb987d,outer_fixed_k
R02_F01_k09_Native_ET_Physics,2,1,R02_F01,9,Native_ET_Physics,1057,True,91ad1dc7492ebf7542399228303db84cf0ec706a16d9a1cf00ffdc2895cb987d,outer_fixed_k
R02_F01_k09_Native_RF_Physics,2,1,R02_F01,9,Native_RF_Physics,1057,True,91ad1dc7492ebf7542399228303db84cf0ec706a16d9a1cf00ffdc2895cb987d,outer_fixed_k
R02_F01_k09_RegressorChain_ET_Physics,2,1,R02_F01,9,RegressorChain_ET_Physics,1057,True,91ad1dc7492ebf7542399228303db84cf0ec706a16d9a1cf00ffdc2895cb987d,outer_fixed_k
R02_F01_k10_Independent_ET_Physics,2,1,R02_F01,10,Independent_ET_Physics,1058,True,91ad1dc7492ebf7542399228303db84cf0ec706a16d9a1cf00ffdc2895cb987d,outer_fixed_k
R02_F01_k10_Native_ET_Physics,2,1,R02_F01,10,Native_ET_Physics,1058,True,91ad1dc7492ebf7542399228303db84cf0ec706a16d9a1cf00ffdc2895cb987d,outer_fixed_k
R02_F01_k10_Native_RF_Physics,2,1,R02_F01,10,Native_RF_Physics,1058,True,91ad1dc7492ebf7542399228303db84cf0ec706a16d9a1cf00ffdc2895cb987d,outer_fixed_k
R02_F01_k10_RegressorChain_ET_Physics,2,1,R02_F01,10,RegressorChain_ET_Physics,1058,True,91ad1dc7492ebf7542399228303db84cf0ec706a16d9a1cf00ffdc2895cb987d,outer_fixed_k
R02_F01_k11_Independent_ET_Physics,2,1,R02_F01,11,Independent_ET_Physics,1059,True,91ad1dc7492ebf7542399228303db84cf0ec706a16d9a1cf00ffdc2895cb987d,outer_fixed_k
R02_F01_k11_Native_ET_Physics,2,1,R02_F01,11,Native_ET_Physics,1059,True,91ad1dc7492ebf7542399228303db84cf0ec706a16d9a1cf00ffdc2895cb987d,outer_fixed_k
R02_F01_k11_Native_RF_Physics,2,1,R02_F01,11,Native_RF_Physics,1059,True,91ad1dc7492ebf7542399228303db84cf0ec706a16d9a1cf00ffdc2895cb987d,outer_fixed_k
R02_F01_k11_RegressorChain_ET_Physics,2,1,R02_F01,11,RegressorChain_ET_Physics,1059,True,91ad1dc7492ebf7542399228303db84cf0ec706a16d9a1cf00ffdc2895cb987d,outer_fixed_k
R02_F01_k12_Independent_ET_Physics,2,1,R02_F01,12,Independent_ET_Physics,1060,True,91ad1dc7492ebf7542399228303db84cf0ec706a16d9a1cf00ffdc2895cb987d,outer_fixed_k
R02_F01_k12_Native_ET_Physics,2,1,R02_F01,12,Native_ET_Physics,1060,True,91ad1dc7492ebf7542399228303db84cf0ec706a16d9a1cf00ffdc2895cb987d,outer_fixed_k
R02_F01_k12_Native_RF_Physics,2,1,R02_F01,12,Native_RF_Physics,1060,True,91ad1dc7492ebf7542399228303db84cf0ec706a16d9a1cf00ffdc2895cb987d,outer_fixed_k
R02_F01_k12_RegressorChain_ET_Physics,2,1,R02_F01,12,RegressorChain_ET_Physics,1060,True,91ad1dc7492ebf7542399228303db84cf0ec706a16d9a1cf00ffdc2895cb987d,outer_fixed_k
R02_F01_k13_Independent_ET_Physics,2,1,R02_F01,13,Independent_ET_Physics,1061,True,91ad1dc7492ebf7542399228303db84cf0ec706a16d9a1cf00ffdc2895cb987d,outer_fixed_k
R02_F01_k13_Native_ET_Physics,2,1,R02_F01,13,Native_ET_Physics,1061,True,91ad1dc7492ebf7542399228303db84cf0ec706a16d9a1cf00ffdc2895cb987d,outer_fixed_k
R02_F01_k13_Native_RF_Physics,2,1,R02_F01,13,Native_RF_Physics,1061,True,91ad1dc7492ebf7542399228303db84cf0ec706a16d9a1cf00ffdc2895cb987d,outer_fixed_k
R02_F01_k13_RegressorChain_ET_Physics,2,1,R02_F01,13,RegressorChain_ET_Physics,1061,True,91ad1dc7492ebf7542399228303db84cf0ec706a16d9a1cf00ffdc2895cb987d,outer_fixed_k
R02_F01_k14_Independent_ET_Physics,2,1,R02_F01,14,Independent_ET_Physics,1062,True,91ad1dc7492ebf7542399228303db84cf0ec706a16d9a1cf00ffdc2895cb987d,outer_fixed_k
R02_F01_k14_Native_ET_Physics,2,1,R02_F01,14,Native_ET_Physics,1062,True,91ad1dc7492ebf7542399228303db84cf0ec706a16d9a1cf00ffdc2895cb987d,outer_fixed_k
R02_F01_k14_Native_RF_Physics,2,1,R02_F01,14,Native_RF_Physics,1062,True,91ad1dc7492ebf7542399228303db84cf0ec706a16d9a1cf00ffdc2895cb987d,outer_fixed_k
R02_F01_k14_RegressorChain_ET_Physics,2,1,R02_F01,14,RegressorChain_ET_Physics,1062,True,91ad1dc7492ebf7542399228303db84cf0ec706a16d9a1cf00ffdc2895cb987d,outer_fixed_k
R02_F01_k15_Independent_ET_Physics,2,1,R02_F01,15,Independent_ET_Physics,1063,True,91ad1dc7492ebf7542399228303db84cf0ec706a16d9a1cf00ffdc2895cb987d,outer_fixed_k
R02_F01_k15_Native_ET_Physics,2,1,R02_F01,15,Native_ET_Physics,1063,True,91ad1dc7492ebf7542399228303db84cf0ec706a16d9a1cf00ffdc2895cb987d,outer_fixed_k
R02_F01_k15_Native_RF_Physics,2,1,R02_F01,15,Native_RF_Physics,1063,True,91ad1dc7492ebf7542399228303db84cf0ec706a16d9a1cf00ffdc2895cb987d,outer_fixed_k
R02_F01_k15_RegressorChain_ET_Physics,2,1,R02_F01,15,RegressorChain_ET_Physics,1063,True,91ad1dc7492ebf7542399228303db84cf0ec706a16d9a1cf00ffdc2895cb987d,outer_fixed_k
R02_F01_k16_Independent_ET_Physics,2,1,R02_F01,16,Independent_ET_Physics,1064,True,91ad1dc7492ebf7542399228303db84cf0ec706a16d9a1cf00ffdc2895cb987d,outer_fixed_k
R02_F01_k16_Native_ET_Physics,2,1,R02_F01,16,Native_ET_Physics,1064,True,91ad1dc7492ebf7542399228303db84cf0ec706a16d9a1cf00ffdc2895cb987d,outer_fixed_k
R02_F01_k16_Native_RF_Physics,2,1,R02_F01,16,Native_RF_Physics,1064,True,91ad1dc7492ebf7542399228303db84cf0ec706a16d9a1cf00ffdc2895cb987d,outer_fixed_k
R02_F01_k16_RegressorChain_ET_Physics,2,1,R02_F01,16,RegressorChain_ET_Physics,1064,True,91ad1dc7492ebf7542399228303db84cf0ec706a16d9a1cf00ffdc2895cb987d,outer_fixed_k
R02_F01_k17_Independent_ET_Physics,2,1,R02_F01,17,Independent_ET_Physics,1065,True,91ad1dc7492ebf7542399228303db84cf0ec706a16d9a1cf00ffdc2895cb987d,outer_fixed_k
R02_F01_k17_Native_ET_Physics,2,1,R02_F01,17,Native_ET_Physics,1065,True,91ad1dc7492ebf7542399228303db84cf0ec706a16d9a1cf00ffdc2895cb987d,outer_fixed_k
R02_F01_k17_Native_RF_Physics,2,1,R02_F01,17,Native_RF_Physics,1065,True,91ad1dc7492ebf7542399228303db84cf0ec706a16d9a1cf00ffdc2895cb987d,outer_fixed_k
R02_F01_k17_RegressorChain_ET_Physics,2,1,R02_F01,17,RegressorChain_ET_Physics,1065,True,91ad1dc7492ebf7542399228303db84cf0ec706a16d9a1cf00ffdc2895cb987d,outer_fixed_k
R02_F02_k03_Independent_ET_Physics,2,2,R02_F02,3,Independent_ET_Physics,1052,True,35455dc2912198a8519982107b8e5608b12c392a0d6c9bb35e60f72f1c05f6d1,outer_fixed_k
R02_F02_k03_Native_ET_Physics,2,2,R02_F02,3,Native_ET_Physics,1052,True,35455dc2912198a8519982107b8e5608b12c392a0d6c9bb35e60f72f1c05f6d1,outer_fixed_k
R02_F02_k03_Native_RF_Physics,2,2,R02_F02,3,Native_RF_Physics,1052,True,35455dc2912198a8519982107b8e5608b12c392a0d6c9bb35e60f72f1c05f6d1,outer_fixed_k
R02_F02_k03_RegressorChain_ET_Physics,2,2,R02_F02,3,RegressorChain_ET_Physics,1052,True,35455dc2912198a8519982107b8e5608b12c392a0d6c9bb35e60f72f1c05f6d1,outer_fixed_k
R02_F02_k04_Independent_ET_Physics,2,2,R02_F02,4,Independent_ET_Physics,1053,True,35455dc2912198a8519982107b8e5608b12c392a0d6c9bb35e60f72f1c05f6d1,outer_fixed_k
R02_F02_k04_Native_ET_Physics,2,2,R02_F02,4,Native_ET_Physics,1053,True,35455dc2912198a8519982107b8e5608b12c392a0d6c9bb35e60f72f1c05f6d1,outer_fixed_k
R02_F02_k04_Native_RF_Physics,2,2,R02_F02,4,Native_RF_Physics,1053,True,35455dc2912198a8519982107b8e5608b12c392a0d6c9bb35e60f72f1c05f6d1,outer_fixed_k
R02_F02_k04_RegressorChain_ET_Physics,2,2,R02_F02,4,RegressorChain_ET_Physics,1053,True,35455dc2912198a8519982107b8e5608b12c392a0d6c9bb35e60f72f1c05f6d1,outer_fixed_k
R02_F02_k05_Independent_ET_Physics,2,2,R02_F02,5,Independent_ET_Physics,1054,True,35455dc2912198a8519982107b8e5608b12c392a0d6c9bb35e60f72f1c05f6d1,outer_fixed_k
R02_F02_k05_Native_ET_Physics,2,2,R02_F02,5,Native_ET_Physics,1054,True,35455dc2912198a8519982107b8e5608b12c392a0d6c9bb35e60f72f1c05f6d1,outer_fixed_k
R02_F02_k05_Native_RF_Physics,2,2,R02_F02,5,Native_RF_Physics,1054,True,35455dc2912198a8519982107b8e5608b12c392a0d6c9bb35e60f72f1c05f6d1,outer_fixed_k
R02_F02_k05_RegressorChain_ET_Physics,2,2,R02_F02,5,RegressorChain_ET_Physics,1054,True,35455dc2912198a8519982107b8e5608b12c392a0d6c9bb35e60f72f1c05f6d1,outer_fixed_k
R02_F02_k06_Independent_ET_Physics,2,2,R02_F02,6,Independent_ET_Physics,1055,True,35455dc2912198a8519982107b8e5608b12c392a0d6c9bb35e60f72f1c05f6d1,outer_fixed_k
R02_F02_k06_Native_ET_Physics,2,2,R02_F02,6,Native_ET_Physics,1055,True,35455dc2912198a8519982107b8e5608b12c392a0d6c9bb35e60f72f1c05f6d1,outer_fixed_k
R02_F02_k06_Native_RF_Physics,2,2,R02_F02,6,Native_RF_Physics,1055,True,35455dc2912198a8519982107b8e5608b12c392a0d6c9bb35e60f72f1c05f6d1,outer_fixed_k
R02_F02_k06_RegressorChain_ET_Physics,2,2,R02_F02,6,RegressorChain_ET_Physics,1055,True,35455dc2912198a8519982107b8e5608b12c392a0d6c9bb35e60f72f1c05f6d1,outer_fixed_k
R02_F02_k07_Independent_ET_Physics,2,2,R02_F02,7,Independent_ET_Physics,1056,True,35455dc2912198a8519982107b8e5608b12c392a0d6c9bb35e60f72f1c05f6d1,outer_fixed_k
R02_F02_k07_Native_ET_Physics,2,2,R02_F02,7,Native_ET_Physics,1056,True,35455dc2912198a8519982107b8e5608b12c392a0d6c9bb35e60f72f1c05f6d1,outer_fixed_k
R02_F02_k07_Native_RF_Physics,2,2,R02_F02,7,Native_RF_Physics,1056,True,35455dc2912198a8519982107b8e5608b12c392a0d6c9bb35e60f72f1c05f6d1,outer_fixed_k
R02_F02_k07_RegressorChain_ET_Physics,2,2,R02_F02,7,RegressorChain_ET_Physics,1056,True,35455dc2912198a8519982107b8e5608b12c392a0d6c9bb35e60f72f1c05f6d1,outer_fixed_k
R02_F02_k08_Independent_ET_Physics,2,2,R02_F02,8,Independent_ET_Physics,1057,True,35455dc2912198a8519982107b8e5608b12c392a0d6c9bb35e60f72f1c05f6d1,outer_fixed_k
R02_F02_k08_Native_ET_Physics,2,2,R02_F02,8,Native_ET_Physics,1057,True,35455dc2912198a8519982107b8e5608b12c392a0d6c9bb35e60f72f1c05f6d1,outer_fixed_k
R02_F02_k08_Native_RF_Physics,2,2,R02_F02,8,Native_RF_Physics,1057,True,35455dc2912198a8519982107b8e5608b12c392a0d6c9bb35e60f72f1c05f6d1,outer_fixed_k
R02_F02_k08_RegressorChain_ET_Physics,2,2,R02_F02,8,RegressorChain_ET_Physics,1057,True,35455dc2912198a8519982107b8e5608b12c392a0d6c9bb35e60f72f1c05f6d1,outer_fixed_k
R02_F02_k09_Independent_ET_Physics,2,2,R02_F02,9,Independent_ET_Physics,1058,True,35455dc2912198a8519982107b8e5608b12c392a0d6c9bb35e60f72f1c05f6d1,outer_fixed_k
R02_F02_k09_Native_ET_Physics,2,2,R02_F02,9,Native_ET_Physics,1058,True,35455dc2912198a8519982107b8e5608b12c392a0d6c9bb35e60f72f1c05f6d1,outer_fixed_k
R02_F02_k09_Native_RF_Physics,2,2,R02_F02,9,Native_RF_Physics,1058,True,35455dc2912198a8519982107b8e5608b12c392a0d6c9bb35e60f72f1c05f6d1,outer_fixed_k
R02_F02_k09_RegressorChain_ET_Physics,2,2,R02_F02,9,RegressorChain_ET_Physics,1058,True,35455dc2912198a8519982107b8e5608b12c392a0d6c9bb35e60f72f1c05f6d1,outer_fixed_k
R02_F02_k10_Independent_ET_Physics,2,2,R02_F02,10,Independent_ET_Physics,1059,True,35455dc2912198a8519982107b8e5608b12c392a0d6c9bb35e60f72f1c05f6d1,outer_fixed_k
R02_F02_k10_Native_ET_Physics,2,2,R02_F02,10,Native_ET_Physics,1059,True,35455dc2912198a8519982107b8e5608b12c392a0d6c9bb35e60f72f1c05f6d1,outer_fixed_k
R02_F02_k10_Native_RF_Physics,2,2,R02_F02,10,Native_RF_Physics,1059,True,35455dc2912198a8519982107b8e5608b12c392a0d6c9bb35e60f72f1c05f6d1,outer_fixed_k
R02_F02_k10_RegressorChain_ET_Physics,2,2,R02_F02,10,RegressorChain_ET_Physics,1059,True,35455dc2912198a8519982107b8e5608b12c392a0d6c9bb35e60f72f1c05f6d1,outer_fixed_k
R02_F02_k11_Independent_ET_Physics,2,2,R02_F02,11,Independent_ET_Physics,1060,True,35455dc2912198a8519982107b8e5608b12c392a0d6c9bb35e60f72f1c05f6d1,outer_fixed_k
R02_F02_k11_Native_ET_Physics,2,2,R02_F02,11,Native_ET_Physics,1060,True,35455dc2912198a8519982107b8e5608b12c392a0d6c9bb35e60f72f1c05f6d1,outer_fixed_k
R02_F02_k11_Native_RF_Physics,2,2,R02_F02,11,Native_RF_Physics,1060,True,35455dc2912198a8519982107b8e5608b12c392a0d6c9bb35e60f72f1c05f6d1,outer_fixed_k
R02_F02_k11_RegressorChain_ET_Physics,2,2,R02_F02,11,RegressorChain_ET_Physics,1060,True,35455dc2912198a8519982107b8e5608b12c392a0d6c9bb35e60f72f1c05f6d1,outer_fixed_k
R02_F02_k12_Independent_ET_Physics,2,2,R02_F02,12,Independent_ET_Physics,1061,True,35455dc2912198a8519982107b8e5608b12c392a0d6c9bb35e60f72f1c05f6d1,outer_fixed_k
R02_F02_k12_Native_ET_Physics,2,2,R02_F02,12,Native_ET_Physics,1061,True,35455dc2912198a8519982107b8e5608b12c392a0d6c9bb35e60f72f1c05f6d1,outer_fixed_k
R02_F02_k12_Native_RF_Physics,2,2,R02_F02,12,Native_RF_Physics,1061,True,35455dc2912198a8519982107b8e5608b12c392a0d6c9bb35e60f72f1c05f6d1,outer_fixed_k
R02_F02_k12_RegressorChain_ET_Physics,2,2,R02_F02,12,RegressorChain_ET_Physics,1061,True,35455dc2912198a8519982107b8e5608b12c392a0d6c9bb35e60f72f1c05f6d1,outer_fixed_k
R02_F02_k13_Independent_ET_Physics,2,2,R02_F02,13,Independent_ET_Physics,1062,True,35455dc2912198a8519982107b8e5608b12c392a0d6c9bb35e60f72f1c05f6d1,outer_fixed_k
R02_F02_k13_Native_ET_Physics,2,2,R02_F02,13,Native_ET_Physics,1062,True,35455dc2912198a8519982107b8e5608b12c392a0d6c9bb35e60f72f1c05f6d1,outer_fixed_k
R02_F02_k13_Native_RF_Physics,2,2,R02_F02,13,Native_RF_Physics,1062,True,35455dc2912198a8519982107b8e5608b12c392a0d6c9bb35e60f72f1c05f6d1,outer_fixed_k
R02_F02_k13_RegressorChain_ET_Physics,2,2,R02_F02,13,RegressorChain_ET_Physics,1062,True,35455dc2912198a8519982107b8e5608b12c392a0d6c9bb35e60f72f1c05f6d1,outer_fixed_k
R02_F02_k14_Independent_ET_Physics,2,2,R02_F02,14,Independent_ET_Physics,1063,True,35455dc2912198a8519982107b8e5608b12c392a0d6c9bb35e60f72f1c05f6d1,outer_fixed_k
R02_F02_k14_Native_ET_Physics,2,2,R02_F02,14,Native_ET_Physics,1063,True,35455dc2912198a8519982107b8e5608b12c392a0d6c9bb35e60f72f1c05f6d1,outer_fixed_k
R02_F02_k14_Native_RF_Physics,2,2,R02_F02,14,Native_RF_Physics,1063,True,35455dc2912198a8519982107b8e5608b12c392a0d6c9bb35e60f72f1c05f6d1,outer_fixed_k
R02_F02_k14_RegressorChain_ET_Physics,2,2,R02_F02,14,RegressorChain_ET_Physics,1063,True,35455dc2912198a8519982107b8e5608b12c392a0d6c9bb35e60f72f1c05f6d1,outer_fixed_k
R02_F02_k15_Independent_ET_Physics,2,2,R02_F02,15,Independent_ET_Physics,1064,True,35455dc2912198a8519982107b8e5608b12c392a0d6c9bb35e60f72f1c05f6d1,outer_fixed_k
R02_F02_k15_Native_ET_Physics,2,2,R02_F02,15,Native_ET_Physics,1064,True,35455dc2912198a8519982107b8e5608b12c392a0d6c9bb35e60f72f1c05f6d1,outer_fixed_k
R02_F02_k15_Native_RF_Physics,2,2,R02_F02,15,Native_RF_Physics,1064,True,35455dc2912198a8519982107b8e5608b12c392a0d6c9bb35e60f72f1c05f6d1,outer_fixed_k
R02_F02_k15_RegressorChain_ET_Physics,2,2,R02_F02,15,RegressorChain_ET_Physics,1064,True,35455dc2912198a8519982107b8e5608b12c392a0d6c9bb35e60f72f1c05f6d1,outer_fixed_k
R02_F02_k16_Independent_ET_Physics,2,2,R02_F02,16,Independent_ET_Physics,1065,True,35455dc2912198a8519982107b8e5608b12c392a0d6c9bb35e60f72f1c05f6d1,outer_fixed_k
R02_F02_k16_Native_ET_Physics,2,2,R02_F02,16,Native_ET_Physics,1065,True,35455dc2912198a8519982107b8e5608b12c392a0d6c9bb35e60f72f1c05f6d1,outer_fixed_k
R02_F02_k16_Native_RF_Physics,2,2,R02_F02,16,Native_RF_Physics,1065,True,35455dc2912198a8519982107b8e5608b12c392a0d6c9bb35e60f72f1c05f6d1,outer_fixed_k
R02_F02_k16_RegressorChain_ET_Physics,2,2,R02_F02,16,RegressorChain_ET_Physics,1065,True,35455dc2912198a8519982107b8e5608b12c392a0d6c9bb35e60f72f1c05f6d1,outer_fixed_k
R02_F02_k17_Independent_ET_Physics,2,2,R02_F02,17,Independent_ET_Physics,1066,True,35455dc2912198a8519982107b8e5608b12c392a0d6c9bb35e60f72f1c05f6d1,outer_fixed_k
R02_F02_k17_Native_ET_Physics,2,2,R02_F02,17,Native_ET_Physics,1066,True,35455dc2912198a8519982107b8e5608b12c392a0d6c9bb35e60f72f1c05f6d1,outer_fixed_k
R02_F02_k17_Native_RF_Physics,2,2,R02_F02,17,Native_RF_Physics,1066,True,35455dc2912198a8519982107b8e5608b12c392a0d6c9bb35e60f72f1c05f6d1,outer_fixed_k
R02_F02_k17_RegressorChain_ET_Physics,2,2,R02_F02,17,RegressorChain_ET_Physics,1066,True,35455dc2912198a8519982107b8e5608b12c392a0d6c9bb35e60f72f1c05f6d1,outer_fixed_k
R02_F03_k03_Independent_ET_Physics,2,3,R02_F03,3,Independent_ET_Physics,1053,True,fc9a974e58f44f17baeb119a46f1675d480cdcc230c24a3642d9bc9cdee4041a,outer_fixed_k
R02_F03_k03_Native_ET_Physics,2,3,R02_F03,3,Native_ET_Physics,1053,True,fc9a974e58f44f17baeb119a46f1675d480cdcc230c24a3642d9bc9cdee4041a,outer_fixed_k
R02_F03_k03_Native_RF_Physics,2,3,R02_F03,3,Native_RF_Physics,1053,True,fc9a974e58f44f17baeb119a46f1675d480cdcc230c24a3642d9bc9cdee4041a,outer_fixed_k
R02_F03_k03_RegressorChain_ET_Physics,2,3,R02_F03,3,RegressorChain_ET_Physics,1053,True,fc9a974e58f44f17baeb119a46f1675d480cdcc230c24a3642d9bc9cdee4041a,outer_fixed_k
R02_F03_k04_Independent_ET_Physics,2,3,R02_F03,4,Independent_ET_Physics,1054,True,fc9a974e58f44f17baeb119a46f1675d480cdcc230c24a3642d9bc9cdee4041a,outer_fixed_k
R02_F03_k04_Native_ET_Physics,2,3,R02_F03,4,Native_ET_Physics,1054,True,fc9a974e58f44f17baeb119a46f1675d480cdcc230c24a3642d9bc9cdee4041a,outer_fixed_k
R02_F03_k04_Native_RF_Physics,2,3,R02_F03,4,Native_RF_Physics,1054,True,fc9a974e58f44f17baeb119a46f1675d480cdcc230c24a3642d9bc9cdee4041a,outer_fixed_k
R02_F03_k04_RegressorChain_ET_Physics,2,3,R02_F03,4,RegressorChain_ET_Physics,1054,True,fc9a974e58f44f17baeb119a46f1675d480cdcc230c24a3642d9bc9cdee4041a,outer_fixed_k
R02_F03_k05_Independent_ET_Physics,2,3,R02_F03,5,Independent_ET_Physics,1055,True,fc9a974e58f44f17baeb119a46f1675d480cdcc230c24a3642d9bc9cdee4041a,outer_fixed_k
R02_F03_k05_Native_ET_Physics,2,3,R02_F03,5,Native_ET_Physics,1055,True,fc9a974e58f44f17baeb119a46f1675d480cdcc230c24a3642d9bc9cdee4041a,outer_fixed_k
R02_F03_k05_Native_RF_Physics,2,3,R02_F03,5,Native_RF_Physics,1055,True,fc9a974e58f44f17baeb119a46f1675d480cdcc230c24a3642d9bc9cdee4041a,outer_fixed_k
R02_F03_k05_RegressorChain_ET_Physics,2,3,R02_F03,5,RegressorChain_ET_Physics,1055,True,fc9a974e58f44f17baeb119a46f1675d480cdcc230c24a3642d9bc9cdee4041a,outer_fixed_k
R02_F03_k06_Independent_ET_Physics,2,3,R02_F03,6,Independent_ET_Physics,1056,True,fc9a974e58f44f17baeb119a46f1675d480cdcc230c24a3642d9bc9cdee4041a,outer_fixed_k
R02_F03_k06_Native_ET_Physics,2,3,R02_F03,6,Native_ET_Physics,1056,True,fc9a974e58f44f17baeb119a46f1675d480cdcc230c24a3642d9bc9cdee4041a,outer_fixed_k
R02_F03_k06_Native_RF_Physics,2,3,R02_F03,6,Native_RF_Physics,1056,True,fc9a974e58f44f17baeb119a46f1675d480cdcc230c24a3642d9bc9cdee4041a,outer_fixed_k
R02_F03_k06_RegressorChain_ET_Physics,2,3,R02_F03,6,RegressorChain_ET_Physics,1056,True,fc9a974e58f44f17baeb119a46f1675d480cdcc230c24a3642d9bc9cdee4041a,outer_fixed_k
R02_F03_k07_Independent_ET_Physics,2,3,R02_F03,7,Independent_ET_Physics,1057,True,fc9a974e58f44f17baeb119a46f1675d480cdcc230c24a3642d9bc9cdee4041a,outer_fixed_k
R02_F03_k07_Native_ET_Physics,2,3,R02_F03,7,Native_ET_Physics,1057,True,fc9a974e58f44f17baeb119a46f1675d480cdcc230c24a3642d9bc9cdee4041a,outer_fixed_k
R02_F03_k07_Native_RF_Physics,2,3,R02_F03,7,Native_RF_Physics,1057,True,fc9a974e58f44f17baeb119a46f1675d480cdcc230c24a3642d9bc9cdee4041a,outer_fixed_k
R02_F03_k07_RegressorChain_ET_Physics,2,3,R02_F03,7,RegressorChain_ET_Physics,1057,True,fc9a974e58f44f17baeb119a46f1675d480cdcc230c24a3642d9bc9cdee4041a,outer_fixed_k
R02_F03_k08_Independent_ET_Physics,2,3,R02_F03,8,Independent_ET_Physics,1058,True,fc9a974e58f44f17baeb119a46f1675d480cdcc230c24a3642d9bc9cdee4041a,outer_fixed_k
R02_F03_k08_Native_ET_Physics,2,3,R02_F03,8,Native_ET_Physics,1058,True,fc9a974e58f44f17baeb119a46f1675d480cdcc230c24a3642d9bc9cdee4041a,outer_fixed_k
R02_F03_k08_Native_RF_Physics,2,3,R02_F03,8,Native_RF_Physics,1058,True,fc9a974e58f44f17baeb119a46f1675d480cdcc230c24a3642d9bc9cdee4041a,outer_fixed_k
R02_F03_k08_RegressorChain_ET_Physics,2,3,R02_F03,8,RegressorChain_ET_Physics,1058,True,fc9a974e58f44f17baeb119a46f1675d480cdcc230c24a3642d9bc9cdee4041a,outer_fixed_k
R02_F03_k09_Independent_ET_Physics,2,3,R02_F03,9,Independent_ET_Physics,1059,True,fc9a974e58f44f17baeb119a46f1675d480cdcc230c24a3642d9bc9cdee4041a,outer_fixed_k
R02_F03_k09_Native_ET_Physics,2,3,R02_F03,9,Native_ET_Physics,1059,True,fc9a974e58f44f17baeb119a46f1675d480cdcc230c24a3642d9bc9cdee4041a,outer_fixed_k
R02_F03_k09_Native_RF_Physics,2,3,R02_F03,9,Native_RF_Physics,1059,True,fc9a974e58f44f17baeb119a46f1675d480cdcc230c24a3642d9bc9cdee4041a,outer_fixed_k
R02_F03_k09_RegressorChain_ET_Physics,2,3,R02_F03,9,RegressorChain_ET_Physics,1059,True,fc9a974e58f44f17baeb119a46f1675d480cdcc230c24a3642d9bc9cdee4041a,outer_fixed_k
R02_F03_k10_Independent_ET_Physics,2,3,R02_F03,10,Independent_ET_Physics,1060,True,fc9a974e58f44f17baeb119a46f1675d480cdcc230c24a3642d9bc9cdee4041a,outer_fixed_k
R02_F03_k10_Native_ET_Physics,2,3,R02_F03,10,Native_ET_Physics,1060,True,fc9a974e58f44f17baeb119a46f1675d480cdcc230c24a3642d9bc9cdee4041a,outer_fixed_k
R02_F03_k10_Native_RF_Physics,2,3,R02_F03,10,Native_RF_Physics,1060,True,fc9a974e58f44f17baeb119a46f1675d480cdcc230c24a3642d9bc9cdee4041a,outer_fixed_k
R02_F03_k10_RegressorChain_ET_Physics,2,3,R02_F03,10,RegressorChain_ET_Physics,1060,True,fc9a974e58f44f17baeb119a46f1675d480cdcc230c24a3642d9bc9cdee4041a,outer_fixed_k
R02_F03_k11_Independent_ET_Physics,2,3,R02_F03,11,Independent_ET_Physics,1061,True,fc9a974e58f44f17baeb119a46f1675d480cdcc230c24a3642d9bc9cdee4041a,outer_fixed_k
R02_F03_k11_Native_ET_Physics,2,3,R02_F03,11,Native_ET_Physics,1061,True,fc9a974e58f44f17baeb119a46f1675d480cdcc230c24a3642d9bc9cdee4041a,outer_fixed_k
R02_F03_k11_Native_RF_Physics,2,3,R02_F03,11,Native_RF_Physics,1061,True,fc9a974e58f44f17baeb119a46f1675d480cdcc230c24a3642d9bc9cdee4041a,outer_fixed_k
R02_F03_k11_RegressorChain_ET_Physics,2,3,R02_F03,11,RegressorChain_ET_Physics,1061,True,fc9a974e58f44f17baeb119a46f1675d480cdcc230c24a3642d9bc9cdee4041a,outer_fixed_k
R02_F03_k12_Independent_ET_Physics,2,3,R02_F03,12,Independent_ET_Physics,1062,True,fc9a974e58f44f17baeb119a46f1675d480cdcc230c24a3642d9bc9cdee4041a,outer_fixed_k
R02_F03_k12_Native_ET_Physics,2,3,R02_F03,12,Native_ET_Physics,1062,True,fc9a974e58f44f17baeb119a46f1675d480cdcc230c24a3642d9bc9cdee4041a,outer_fixed_k
R02_F03_k12_Native_RF_Physics,2,3,R02_F03,12,Native_RF_Physics,1062,True,fc9a974e58f44f17baeb119a46f1675d480cdcc230c24a3642d9bc9cdee4041a,outer_fixed_k
R02_F03_k12_RegressorChain_ET_Physics,2,3,R02_F03,12,RegressorChain_ET_Physics,1062,True,fc9a974e58f44f17baeb119a46f1675d480cdcc230c24a3642d9bc9cdee4041a,outer_fixed_k
R02_F03_k13_Independent_ET_Physics,2,3,R02_F03,13,Independent_ET_Physics,1063,True,fc9a974e58f44f17baeb119a46f1675d480cdcc230c24a3642d9bc9cdee4041a,outer_fixed_k
R02_F03_k13_Native_ET_Physics,2,3,R02_F03,13,Native_ET_Physics,1063,True,fc9a974e58f44f17baeb119a46f1675d480cdcc230c24a3642d9bc9cdee4041a,outer_fixed_k
R02_F03_k13_Native_RF_Physics,2,3,R02_F03,13,Native_RF_Physics,1063,True,fc9a974e58f44f17baeb119a46f1675d480cdcc230c24a3642d9bc9cdee4041a,outer_fixed_k
R02_F03_k13_RegressorChain_ET_Physics,2,3,R02_F03,13,RegressorChain_ET_Physics,1063,True,fc9a974e58f44f17baeb119a46f1675d480cdcc230c24a3642d9bc9cdee4041a,outer_fixed_k
R02_F03_k14_Independent_ET_Physics,2,3,R02_F03,14,Independent_ET_Physics,1064,True,fc9a974e58f44f17baeb119a46f1675d480cdcc230c24a3642d9bc9cdee4041a,outer_fixed_k
R02_F03_k14_Native_ET_Physics,2,3,R02_F03,14,Native_ET_Physics,1064,True,fc9a974e58f44f17baeb119a46f1675d480cdcc230c24a3642d9bc9cdee4041a,outer_fixed_k
R02_F03_k14_Native_RF_Physics,2,3,R02_F03,14,Native_RF_Physics,1064,True,fc9a974e58f44f17baeb119a46f1675d480cdcc230c24a3642d9bc9cdee4041a,outer_fixed_k
R02_F03_k14_RegressorChain_ET_Physics,2,3,R02_F03,14,RegressorChain_ET_Physics,1064,True,fc9a974e58f44f17baeb119a46f1675d480cdcc230c24a3642d9bc9cdee4041a,outer_fixed_k
R02_F03_k15_Independent_ET_Physics,2,3,R02_F03,15,Independent_ET_Physics,1065,True,fc9a974e58f44f17baeb119a46f1675d480cdcc230c24a3642d9bc9cdee4041a,outer_fixed_k
R02_F03_k15_Native_ET_Physics,2,3,R02_F03,15,Native_ET_Physics,1065,True,fc9a974e58f44f17baeb119a46f1675d480cdcc230c24a3642d9bc9cdee4041a,outer_fixed_k
R02_F03_k15_Native_RF_Physics,2,3,R02_F03,15,Native_RF_Physics,1065,True,fc9a974e58f44f17baeb119a46f1675d480cdcc230c24a3642d9bc9cdee4041a,outer_fixed_k
R02_F03_k15_RegressorChain_ET_Physics,2,3,R02_F03,15,RegressorChain_ET_Physics,1065,True,fc9a974e58f44f17baeb119a46f1675d480cdcc230c24a3642d9bc9cdee4041a,outer_fixed_k
R02_F03_k16_Independent_ET_Physics,2,3,R02_F03,16,Independent_ET_Physics,1066,True,fc9a974e58f44f17baeb119a46f1675d480cdcc230c24a3642d9bc9cdee4041a,outer_fixed_k
R02_F03_k16_Native_ET_Physics,2,3,R02_F03,16,Native_ET_Physics,1066,True,fc9a974e58f44f17baeb119a46f1675d480cdcc230c24a3642d9bc9cdee4041a,outer_fixed_k
R02_F03_k16_Native_RF_Physics,2,3,R02_F03,16,Native_RF_Physics,1066,True,fc9a974e58f44f17baeb119a46f1675d480cdcc230c24a3642d9bc9cdee4041a,outer_fixed_k
R02_F03_k16_RegressorChain_ET_Physics,2,3,R02_F03,16,RegressorChain_ET_Physics,1066,True,fc9a974e58f44f17baeb119a46f1675d480cdcc230c24a3642d9bc9cdee4041a,outer_fixed_k
R02_F03_k17_Independent_ET_Physics,2,3,R02_F03,17,Independent_ET_Physics,1067,True,fc9a974e58f44f17baeb119a46f1675d480cdcc230c24a3642d9bc9cdee4041a,outer_fixed_k
R02_F03_k17_Native_ET_Physics,2,3,R02_F03,17,Native_ET_Physics,1067,True,fc9a974e58f44f17baeb119a46f1675d480cdcc230c24a3642d9bc9cdee4041a,outer_fixed_k
R02_F03_k17_Native_RF_Physics,2,3,R02_F03,17,Native_RF_Physics,1067,True,fc9a974e58f44f17baeb119a46f1675d480cdcc230c24a3642d9bc9cdee4041a,outer_fixed_k
R02_F03_k17_RegressorChain_ET_Physics,2,3,R02_F03,17,RegressorChain_ET_Physics,1067,True,fc9a974e58f44f17baeb119a46f1675d480cdcc230c24a3642d9bc9cdee4041a,outer_fixed_k
R02_F04_k03_Independent_ET_Physics,2,4,R02_F04,3,Independent_ET_Physics,1054,True,9579c491662d13ecd3a861ea6049473c6ac2a9a6599427c2764a4f882d3ee152,outer_fixed_k
R02_F04_k03_Native_ET_Physics,2,4,R02_F04,3,Native_ET_Physics,1054,True,9579c491662d13ecd3a861ea6049473c6ac2a9a6599427c2764a4f882d3ee152,outer_fixed_k
R02_F04_k03_Native_RF_Physics,2,4,R02_F04,3,Native_RF_Physics,1054,True,9579c491662d13ecd3a861ea6049473c6ac2a9a6599427c2764a4f882d3ee152,outer_fixed_k
R02_F04_k03_RegressorChain_ET_Physics,2,4,R02_F04,3,RegressorChain_ET_Physics,1054,True,9579c491662d13ecd3a861ea6049473c6ac2a9a6599427c2764a4f882d3ee152,outer_fixed_k
R02_F04_k04_Independent_ET_Physics,2,4,R02_F04,4,Independent_ET_Physics,1055,True,9579c491662d13ecd3a861ea6049473c6ac2a9a6599427c2764a4f882d3ee152,outer_fixed_k
R02_F04_k04_Native_ET_Physics,2,4,R02_F04,4,Native_ET_Physics,1055,True,9579c491662d13ecd3a861ea6049473c6ac2a9a6599427c2764a4f882d3ee152,outer_fixed_k
R02_F04_k04_Native_RF_Physics,2,4,R02_F04,4,Native_RF_Physics,1055,True,9579c491662d13ecd3a861ea6049473c6ac2a9a6599427c2764a4f882d3ee152,outer_fixed_k
R02_F04_k04_RegressorChain_ET_Physics,2,4,R02_F04,4,RegressorChain_ET_Physics,1055,True,9579c491662d13ecd3a861ea6049473c6ac2a9a6599427c2764a4f882d3ee152,outer_fixed_k
R02_F04_k05_Independent_ET_Physics,2,4,R02_F04,5,Independent_ET_Physics,1056,True,9579c491662d13ecd3a861ea6049473c6ac2a9a6599427c2764a4f882d3ee152,outer_fixed_k
R02_F04_k05_Native_ET_Physics,2,4,R02_F04,5,Native_ET_Physics,1056,True,9579c491662d13ecd3a861ea6049473c6ac2a9a6599427c2764a4f882d3ee152,outer_fixed_k
R02_F04_k05_Native_RF_Physics,2,4,R02_F04,5,Native_RF_Physics,1056,True,9579c491662d13ecd3a861ea6049473c6ac2a9a6599427c2764a4f882d3ee152,outer_fixed_k
R02_F04_k05_RegressorChain_ET_Physics,2,4,R02_F04,5,RegressorChain_ET_Physics,1056,True,9579c491662d13ecd3a861ea6049473c6ac2a9a6599427c2764a4f882d3ee152,outer_fixed_k
R02_F04_k06_Independent_ET_Physics,2,4,R02_F04,6,Independent_ET_Physics,1057,True,9579c491662d13ecd3a861ea6049473c6ac2a9a6599427c2764a4f882d3ee152,outer_fixed_k
R02_F04_k06_Native_ET_Physics,2,4,R02_F04,6,Native_ET_Physics,1057,True,9579c491662d13ecd3a861ea6049473c6ac2a9a6599427c2764a4f882d3ee152,outer_fixed_k
R02_F04_k06_Native_RF_Physics,2,4,R02_F04,6,Native_RF_Physics,1057,True,9579c491662d13ecd3a861ea6049473c6ac2a9a6599427c2764a4f882d3ee152,outer_fixed_k
R02_F04_k06_RegressorChain_ET_Physics,2,4,R02_F04,6,RegressorChain_ET_Physics,1057,True,9579c491662d13ecd3a861ea6049473c6ac2a9a6599427c2764a4f882d3ee152,outer_fixed_k
R02_F04_k07_Independent_ET_Physics,2,4,R02_F04,7,Independent_ET_Physics,1058,True,9579c491662d13ecd3a861ea6049473c6ac2a9a6599427c2764a4f882d3ee152,outer_fixed_k
R02_F04_k07_Native_ET_Physics,2,4,R02_F04,7,Native_ET_Physics,1058,True,9579c491662d13ecd3a861ea6049473c6ac2a9a6599427c2764a4f882d3ee152,outer_fixed_k
R02_F04_k07_Native_RF_Physics,2,4,R02_F04,7,Native_RF_Physics,1058,True,9579c491662d13ecd3a861ea6049473c6ac2a9a6599427c2764a4f882d3ee152,outer_fixed_k
R02_F04_k07_RegressorChain_ET_Physics,2,4,R02_F04,7,RegressorChain_ET_Physics,1058,True,9579c491662d13ecd3a861ea6049473c6ac2a9a6599427c2764a4f882d3ee152,outer_fixed_k
R02_F04_k08_Independent_ET_Physics,2,4,R02_F04,8,Independent_ET_Physics,1059,True,9579c491662d13ecd3a861ea6049473c6ac2a9a6599427c2764a4f882d3ee152,outer_fixed_k
R02_F04_k08_Native_ET_Physics,2,4,R02_F04,8,Native_ET_Physics,1059,True,9579c491662d13ecd3a861ea6049473c6ac2a9a6599427c2764a4f882d3ee152,outer_fixed_k
R02_F04_k08_Native_RF_Physics,2,4,R02_F04,8,Native_RF_Physics,1059,True,9579c491662d13ecd3a861ea6049473c6ac2a9a6599427c2764a4f882d3ee152,outer_fixed_k
R02_F04_k08_RegressorChain_ET_Physics,2,4,R02_F04,8,RegressorChain_ET_Physics,1059,True,9579c491662d13ecd3a861ea6049473c6ac2a9a6599427c2764a4f882d3ee152,outer_fixed_k
R02_F04_k09_Independent_ET_Physics,2,4,R02_F04,9,Independent_ET_Physics,1060,True,9579c491662d13ecd3a861ea6049473c6ac2a9a6599427c2764a4f882d3ee152,outer_fixed_k
R02_F04_k09_Native_ET_Physics,2,4,R02_F04,9,Native_ET_Physics,1060,True,9579c491662d13ecd3a861ea6049473c6ac2a9a6599427c2764a4f882d3ee152,outer_fixed_k
R02_F04_k09_Native_RF_Physics,2,4,R02_F04,9,Native_RF_Physics,1060,True,9579c491662d13ecd3a861ea6049473c6ac2a9a6599427c2764a4f882d3ee152,outer_fixed_k
R02_F04_k09_RegressorChain_ET_Physics,2,4,R02_F04,9,RegressorChain_ET_Physics,1060,True,9579c491662d13ecd3a861ea6049473c6ac2a9a6599427c2764a4f882d3ee152,outer_fixed_k
R02_F04_k10_Independent_ET_Physics,2,4,R02_F04,10,Independent_ET_Physics,1061,True,9579c491662d13ecd3a861ea6049473c6ac2a9a6599427c2764a4f882d3ee152,outer_fixed_k
R02_F04_k10_Native_ET_Physics,2,4,R02_F04,10,Native_ET_Physics,1061,True,9579c491662d13ecd3a861ea6049473c6ac2a9a6599427c2764a4f882d3ee152,outer_fixed_k
R02_F04_k10_Native_RF_Physics,2,4,R02_F04,10,Native_RF_Physics,1061,True,9579c491662d13ecd3a861ea6049473c6ac2a9a6599427c2764a4f882d3ee152,outer_fixed_k
R02_F04_k10_RegressorChain_ET_Physics,2,4,R02_F04,10,RegressorChain_ET_Physics,1061,True,9579c491662d13ecd3a861ea6049473c6ac2a9a6599427c2764a4f882d3ee152,outer_fixed_k
R02_F04_k11_Independent_ET_Physics,2,4,R02_F04,11,Independent_ET_Physics,1062,True,9579c491662d13ecd3a861ea6049473c6ac2a9a6599427c2764a4f882d3ee152,outer_fixed_k
R02_F04_k11_Native_ET_Physics,2,4,R02_F04,11,Native_ET_Physics,1062,True,9579c491662d13ecd3a861ea6049473c6ac2a9a6599427c2764a4f882d3ee152,outer_fixed_k
R02_F04_k11_Native_RF_Physics,2,4,R02_F04,11,Native_RF_Physics,1062,True,9579c491662d13ecd3a861ea6049473c6ac2a9a6599427c2764a4f882d3ee152,outer_fixed_k
R02_F04_k11_RegressorChain_ET_Physics,2,4,R02_F04,11,RegressorChain_ET_Physics,1062,True,9579c491662d13ecd3a861ea6049473c6ac2a9a6599427c2764a4f882d3ee152,outer_fixed_k
R02_F04_k12_Independent_ET_Physics,2,4,R02_F04,12,Independent_ET_Physics,1063,True,9579c491662d13ecd3a861ea6049473c6ac2a9a6599427c2764a4f882d3ee152,outer_fixed_k
R02_F04_k12_Native_ET_Physics,2,4,R02_F04,12,Native_ET_Physics,1063,True,9579c491662d13ecd3a861ea6049473c6ac2a9a6599427c2764a4f882d3ee152,outer_fixed_k
R02_F04_k12_Native_RF_Physics,2,4,R02_F04,12,Native_RF_Physics,1063,True,9579c491662d13ecd3a861ea6049473c6ac2a9a6599427c2764a4f882d3ee152,outer_fixed_k
R02_F04_k12_RegressorChain_ET_Physics,2,4,R02_F04,12,RegressorChain_ET_Physics,1063,True,9579c491662d13ecd3a861ea6049473c6ac2a9a6599427c2764a4f882d3ee152,outer_fixed_k
R02_F04_k13_Independent_ET_Physics,2,4,R02_F04,13,Independent_ET_Physics,1064,True,9579c491662d13ecd3a861ea6049473c6ac2a9a6599427c2764a4f882d3ee152,outer_fixed_k
R02_F04_k13_Native_ET_Physics,2,4,R02_F04,13,Native_ET_Physics,1064,True,9579c491662d13ecd3a861ea6049473c6ac2a9a6599427c2764a4f882d3ee152,outer_fixed_k
R02_F04_k13_Native_RF_Physics,2,4,R02_F04,13,Native_RF_Physics,1064,True,9579c491662d13ecd3a861ea6049473c6ac2a9a6599427c2764a4f882d3ee152,outer_fixed_k
R02_F04_k13_RegressorChain_ET_Physics,2,4,R02_F04,13,RegressorChain_ET_Physics,1064,True,9579c491662d13ecd3a861ea6049473c6ac2a9a6599427c2764a4f882d3ee152,outer_fixed_k
R02_F04_k14_Independent_ET_Physics,2,4,R02_F04,14,Independent_ET_Physics,1065,True,9579c491662d13ecd3a861ea6049473c6ac2a9a6599427c2764a4f882d3ee152,outer_fixed_k
R02_F04_k14_Native_ET_Physics,2,4,R02_F04,14,Native_ET_Physics,1065,True,9579c491662d13ecd3a861ea6049473c6ac2a9a6599427c2764a4f882d3ee152,outer_fixed_k
R02_F04_k14_Native_RF_Physics,2,4,R02_F04,14,Native_RF_Physics,1065,True,9579c491662d13ecd3a861ea6049473c6ac2a9a6599427c2764a4f882d3ee152,outer_fixed_k
R02_F04_k14_RegressorChain_ET_Physics,2,4,R02_F04,14,RegressorChain_ET_Physics,1065,True,9579c491662d13ecd3a861ea6049473c6ac2a9a6599427c2764a4f882d3ee152,outer_fixed_k
R02_F04_k15_Independent_ET_Physics,2,4,R02_F04,15,Independent_ET_Physics,1066,True,9579c491662d13ecd3a861ea6049473c6ac2a9a6599427c2764a4f882d3ee152,outer_fixed_k
R02_F04_k15_Native_ET_Physics,2,4,R02_F04,15,Native_ET_Physics,1066,True,9579c491662d13ecd3a861ea6049473c6ac2a9a6599427c2764a4f882d3ee152,outer_fixed_k
R02_F04_k15_Native_RF_Physics,2,4,R02_F04,15,Native_RF_Physics,1066,True,9579c491662d13ecd3a861ea6049473c6ac2a9a6599427c2764a4f882d3ee152,outer_fixed_k
R02_F04_k15_RegressorChain_ET_Physics,2,4,R02_F04,15,RegressorChain_ET_Physics,1066,True,9579c491662d13ecd3a861ea6049473c6ac2a9a6599427c2764a4f882d3ee152,outer_fixed_k
R02_F04_k16_Independent_ET_Physics,2,4,R02_F04,16,Independent_ET_Physics,1067,True,9579c491662d13ecd3a861ea6049473c6ac2a9a6599427c2764a4f882d3ee152,outer_fixed_k
R02_F04_k16_Native_ET_Physics,2,4,R02_F04,16,Native_ET_Physics,1067,True,9579c491662d13ecd3a861ea6049473c6ac2a9a6599427c2764a4f882d3ee152,outer_fixed_k
R02_F04_k16_Native_RF_Physics,2,4,R02_F04,16,Native_RF_Physics,1067,True,9579c491662d13ecd3a861ea6049473c6ac2a9a6599427c2764a4f882d3ee152,outer_fixed_k
R02_F04_k16_RegressorChain_ET_Physics,2,4,R02_F04,16,RegressorChain_ET_Physics,1067,True,9579c491662d13ecd3a861ea6049473c6ac2a9a6599427c2764a4f882d3ee152,outer_fixed_k
R02_F04_k17_Independent_ET_Physics,2,4,R02_F04,17,Independent_ET_Physics,1068,True,9579c491662d13ecd3a861ea6049473c6ac2a9a6599427c2764a4f882d3ee152,outer_fixed_k
R02_F04_k17_Native_ET_Physics,2,4,R02_F04,17,Native_ET_Physics,1068,True,9579c491662d13ecd3a861ea6049473c6ac2a9a6599427c2764a4f882d3ee152,outer_fixed_k
R02_F04_k17_Native_RF_Physics,2,4,R02_F04,17,Native_RF_Physics,1068,True,9579c491662d13ecd3a861ea6049473c6ac2a9a6599427c2764a4f882d3ee152,outer_fixed_k
R02_F04_k17_RegressorChain_ET_Physics,2,4,R02_F04,17,RegressorChain_ET_Physics,1068,True,9579c491662d13ecd3a861ea6049473c6ac2a9a6599427c2764a4f882d3ee152,outer_fixed_k
R02_F05_k03_Independent_ET_Physics,2,5,R02_F05,3,Independent_ET_Physics,1055,True,1a713580b5318ea3dce9457331c6c510a31a1cfd28379bdef12c1ff47d2716a4,outer_fixed_k
R02_F05_k03_Native_ET_Physics,2,5,R02_F05,3,Native_ET_Physics,1055,True,1a713580b5318ea3dce9457331c6c510a31a1cfd28379bdef12c1ff47d2716a4,outer_fixed_k
R02_F05_k03_Native_RF_Physics,2,5,R02_F05,3,Native_RF_Physics,1055,True,1a713580b5318ea3dce9457331c6c510a31a1cfd28379bdef12c1ff47d2716a4,outer_fixed_k
R02_F05_k03_RegressorChain_ET_Physics,2,5,R02_F05,3,RegressorChain_ET_Physics,1055,True,1a713580b5318ea3dce9457331c6c510a31a1cfd28379bdef12c1ff47d2716a4,outer_fixed_k
R02_F05_k04_Independent_ET_Physics,2,5,R02_F05,4,Independent_ET_Physics,1056,True,1a713580b5318ea3dce9457331c6c510a31a1cfd28379bdef12c1ff47d2716a4,outer_fixed_k
R02_F05_k04_Native_ET_Physics,2,5,R02_F05,4,Native_ET_Physics,1056,True,1a713580b5318ea3dce9457331c6c510a31a1cfd28379bdef12c1ff47d2716a4,outer_fixed_k
R02_F05_k04_Native_RF_Physics,2,5,R02_F05,4,Native_RF_Physics,1056,True,1a713580b5318ea3dce9457331c6c510a31a1cfd28379bdef12c1ff47d2716a4,outer_fixed_k
R02_F05_k04_RegressorChain_ET_Physics,2,5,R02_F05,4,RegressorChain_ET_Physics,1056,True,1a713580b5318ea3dce9457331c6c510a31a1cfd28379bdef12c1ff47d2716a4,outer_fixed_k
R02_F05_k05_Independent_ET_Physics,2,5,R02_F05,5,Independent_ET_Physics,1057,True,1a713580b5318ea3dce9457331c6c510a31a1cfd28379bdef12c1ff47d2716a4,outer_fixed_k
R02_F05_k05_Native_ET_Physics,2,5,R02_F05,5,Native_ET_Physics,1057,True,1a713580b5318ea3dce9457331c6c510a31a1cfd28379bdef12c1ff47d2716a4,outer_fixed_k
R02_F05_k05_Native_RF_Physics,2,5,R02_F05,5,Native_RF_Physics,1057,True,1a713580b5318ea3dce9457331c6c510a31a1cfd28379bdef12c1ff47d2716a4,outer_fixed_k
R02_F05_k05_RegressorChain_ET_Physics,2,5,R02_F05,5,RegressorChain_ET_Physics,1057,True,1a713580b5318ea3dce9457331c6c510a31a1cfd28379bdef12c1ff47d2716a4,outer_fixed_k
R02_F05_k06_Independent_ET_Physics,2,5,R02_F05,6,Independent_ET_Physics,1058,True,1a713580b5318ea3dce9457331c6c510a31a1cfd28379bdef12c1ff47d2716a4,outer_fixed_k
R02_F05_k06_Native_ET_Physics,2,5,R02_F05,6,Native_ET_Physics,1058,True,1a713580b5318ea3dce9457331c6c510a31a1cfd28379bdef12c1ff47d2716a4,outer_fixed_k
R02_F05_k06_Native_RF_Physics,2,5,R02_F05,6,Native_RF_Physics,1058,True,1a713580b5318ea3dce9457331c6c510a31a1cfd28379bdef12c1ff47d2716a4,outer_fixed_k
R02_F05_k06_RegressorChain_ET_Physics,2,5,R02_F05,6,RegressorChain_ET_Physics,1058,True,1a713580b5318ea3dce9457331c6c510a31a1cfd28379bdef12c1ff47d2716a4,outer_fixed_k
R02_F05_k07_Independent_ET_Physics,2,5,R02_F05,7,Independent_ET_Physics,1059,True,1a713580b5318ea3dce9457331c6c510a31a1cfd28379bdef12c1ff47d2716a4,outer_fixed_k
R02_F05_k07_Native_ET_Physics,2,5,R02_F05,7,Native_ET_Physics,1059,True,1a713580b5318ea3dce9457331c6c510a31a1cfd28379bdef12c1ff47d2716a4,outer_fixed_k
R02_F05_k07_Native_RF_Physics,2,5,R02_F05,7,Native_RF_Physics,1059,True,1a713580b5318ea3dce9457331c6c510a31a1cfd28379bdef12c1ff47d2716a4,outer_fixed_k
R02_F05_k07_RegressorChain_ET_Physics,2,5,R02_F05,7,RegressorChain_ET_Physics,1059,True,1a713580b5318ea3dce9457331c6c510a31a1cfd28379bdef12c1ff47d2716a4,outer_fixed_k
R02_F05_k08_Independent_ET_Physics,2,5,R02_F05,8,Independent_ET_Physics,1060,True,1a713580b5318ea3dce9457331c6c510a31a1cfd28379bdef12c1ff47d2716a4,outer_fixed_k
R02_F05_k08_Native_ET_Physics,2,5,R02_F05,8,Native_ET_Physics,1060,True,1a713580b5318ea3dce9457331c6c510a31a1cfd28379bdef12c1ff47d2716a4,outer_fixed_k
R02_F05_k08_Native_RF_Physics,2,5,R02_F05,8,Native_RF_Physics,1060,True,1a713580b5318ea3dce9457331c6c510a31a1cfd28379bdef12c1ff47d2716a4,outer_fixed_k
R02_F05_k08_RegressorChain_ET_Physics,2,5,R02_F05,8,RegressorChain_ET_Physics,1060,True,1a713580b5318ea3dce9457331c6c510a31a1cfd28379bdef12c1ff47d2716a4,outer_fixed_k
R02_F05_k09_Independent_ET_Physics,2,5,R02_F05,9,Independent_ET_Physics,1061,True,1a713580b5318ea3dce9457331c6c510a31a1cfd28379bdef12c1ff47d2716a4,outer_fixed_k
R02_F05_k09_Native_ET_Physics,2,5,R02_F05,9,Native_ET_Physics,1061,True,1a713580b5318ea3dce9457331c6c510a31a1cfd28379bdef12c1ff47d2716a4,outer_fixed_k
R02_F05_k09_Native_RF_Physics,2,5,R02_F05,9,Native_RF_Physics,1061,True,1a713580b5318ea3dce9457331c6c510a31a1cfd28379bdef12c1ff47d2716a4,outer_fixed_k
R02_F05_k09_RegressorChain_ET_Physics,2,5,R02_F05,9,RegressorChain_ET_Physics,1061,True,1a713580b5318ea3dce9457331c6c510a31a1cfd28379bdef12c1ff47d2716a4,outer_fixed_k
R02_F05_k10_Independent_ET_Physics,2,5,R02_F05,10,Independent_ET_Physics,1062,True,1a713580b5318ea3dce9457331c6c510a31a1cfd28379bdef12c1ff47d2716a4,outer_fixed_k
R02_F05_k10_Native_ET_Physics,2,5,R02_F05,10,Native_ET_Physics,1062,True,1a713580b5318ea3dce9457331c6c510a31a1cfd28379bdef12c1ff47d2716a4,outer_fixed_k
R02_F05_k10_Native_RF_Physics,2,5,R02_F05,10,Native_RF_Physics,1062,True,1a713580b5318ea3dce9457331c6c510a31a1cfd28379bdef12c1ff47d2716a4,outer_fixed_k
R02_F05_k10_RegressorChain_ET_Physics,2,5,R02_F05,10,RegressorChain_ET_Physics,1062,True,1a713580b5318ea3dce9457331c6c510a31a1cfd28379bdef12c1ff47d2716a4,outer_fixed_k
R02_F05_k11_Independent_ET_Physics,2,5,R02_F05,11,Independent_ET_Physics,1063,True,1a713580b5318ea3dce9457331c6c510a31a1cfd28379bdef12c1ff47d2716a4,outer_fixed_k
R02_F05_k11_Native_ET_Physics,2,5,R02_F05,11,Native_ET_Physics,1063,True,1a713580b5318ea3dce9457331c6c510a31a1cfd28379bdef12c1ff47d2716a4,outer_fixed_k
R02_F05_k11_Native_RF_Physics,2,5,R02_F05,11,Native_RF_Physics,1063,True,1a713580b5318ea3dce9457331c6c510a31a1cfd28379bdef12c1ff47d2716a4,outer_fixed_k
R02_F05_k11_RegressorChain_ET_Physics,2,5,R02_F05,11,RegressorChain_ET_Physics,1063,True,1a713580b5318ea3dce9457331c6c510a31a1cfd28379bdef12c1ff47d2716a4,outer_fixed_k
R02_F05_k12_Independent_ET_Physics,2,5,R02_F05,12,Independent_ET_Physics,1064,True,1a713580b5318ea3dce9457331c6c510a31a1cfd28379bdef12c1ff47d2716a4,outer_fixed_k
R02_F05_k12_Native_ET_Physics,2,5,R02_F05,12,Native_ET_Physics,1064,True,1a713580b5318ea3dce9457331c6c510a31a1cfd28379bdef12c1ff47d2716a4,outer_fixed_k
R02_F05_k12_Native_RF_Physics,2,5,R02_F05,12,Native_RF_Physics,1064,True,1a713580b5318ea3dce9457331c6c510a31a1cfd28379bdef12c1ff47d2716a4,outer_fixed_k
R02_F05_k12_RegressorChain_ET_Physics,2,5,R02_F05,12,RegressorChain_ET_Physics,1064,True,1a713580b5318ea3dce9457331c6c510a31a1cfd28379bdef12c1ff47d2716a4,outer_fixed_k
R02_F05_k13_Independent_ET_Physics,2,5,R02_F05,13,Independent_ET_Physics,1065,True,1a713580b5318ea3dce9457331c6c510a31a1cfd28379bdef12c1ff47d2716a4,outer_fixed_k
R02_F05_k13_Native_ET_Physics,2,5,R02_F05,13,Native_ET_Physics,1065,True,1a713580b5318ea3dce9457331c6c510a31a1cfd28379bdef12c1ff47d2716a4,outer_fixed_k
R02_F05_k13_Native_RF_Physics,2,5,R02_F05,13,Native_RF_Physics,1065,True,1a713580b5318ea3dce9457331c6c510a31a1cfd28379bdef12c1ff47d2716a4,outer_fixed_k
R02_F05_k13_RegressorChain_ET_Physics,2,5,R02_F05,13,RegressorChain_ET_Physics,1065,True,1a713580b5318ea3dce9457331c6c510a31a1cfd28379bdef12c1ff47d2716a4,outer_fixed_k
R02_F05_k14_Independent_ET_Physics,2,5,R02_F05,14,Independent_ET_Physics,1066,True,1a713580b5318ea3dce9457331c6c510a31a1cfd28379bdef12c1ff47d2716a4,outer_fixed_k
R02_F05_k14_Native_ET_Physics,2,5,R02_F05,14,Native_ET_Physics,1066,True,1a713580b5318ea3dce9457331c6c510a31a1cfd28379bdef12c1ff47d2716a4,outer_fixed_k
R02_F05_k14_Native_RF_Physics,2,5,R02_F05,14,Native_RF_Physics,1066,True,1a713580b5318ea3dce9457331c6c510a31a1cfd28379bdef12c1ff47d2716a4,outer_fixed_k
R02_F05_k14_RegressorChain_ET_Physics,2,5,R02_F05,14,RegressorChain_ET_Physics,1066,True,1a713580b5318ea3dce9457331c6c510a31a1cfd28379bdef12c1ff47d2716a4,outer_fixed_k
R02_F05_k15_Independent_ET_Physics,2,5,R02_F05,15,Independent_ET_Physics,1067,True,1a713580b5318ea3dce9457331c6c510a31a1cfd28379bdef12c1ff47d2716a4,outer_fixed_k
R02_F05_k15_Native_ET_Physics,2,5,R02_F05,15,Native_ET_Physics,1067,True,1a713580b5318ea3dce9457331c6c510a31a1cfd28379bdef12c1ff47d2716a4,outer_fixed_k
R02_F05_k15_Native_RF_Physics,2,5,R02_F05,15,Native_RF_Physics,1067,True,1a713580b5318ea3dce9457331c6c510a31a1cfd28379bdef12c1ff47d2716a4,outer_fixed_k
R02_F05_k15_RegressorChain_ET_Physics,2,5,R02_F05,15,RegressorChain_ET_Physics,1067,True,1a713580b5318ea3dce9457331c6c510a31a1cfd28379bdef12c1ff47d2716a4,outer_fixed_k
R02_F05_k16_Independent_ET_Physics,2,5,R02_F05,16,Independent_ET_Physics,1068,True,1a713580b5318ea3dce9457331c6c510a31a1cfd28379bdef12c1ff47d2716a4,outer_fixed_k
R02_F05_k16_Native_ET_Physics,2,5,R02_F05,16,Native_ET_Physics,1068,True,1a713580b5318ea3dce9457331c6c510a31a1cfd28379bdef12c1ff47d2716a4,outer_fixed_k
R02_F05_k16_Native_RF_Physics,2,5,R02_F05,16,Native_RF_Physics,1068,True,1a713580b5318ea3dce9457331c6c510a31a1cfd28379bdef12c1ff47d2716a4,outer_fixed_k
R02_F05_k16_RegressorChain_ET_Physics,2,5,R02_F05,16,RegressorChain_ET_Physics,1068,True,1a713580b5318ea3dce9457331c6c510a31a1cfd28379bdef12c1ff47d2716a4,outer_fixed_k
R02_F05_k17_Independent_ET_Physics,2,5,R02_F05,17,Independent_ET_Physics,1069,True,1a713580b5318ea3dce9457331c6c510a31a1cfd28379bdef12c1ff47d2716a4,outer_fixed_k
R02_F05_k17_Native_ET_Physics,2,5,R02_F05,17,Native_ET_Physics,1069,True,1a713580b5318ea3dce9457331c6c510a31a1cfd28379bdef12c1ff47d2716a4,outer_fixed_k
R02_F05_k17_Native_RF_Physics,2,5,R02_F05,17,Native_RF_Physics,1069,True,1a713580b5318ea3dce9457331c6c510a31a1cfd28379bdef12c1ff47d2716a4,outer_fixed_k
R02_F05_k17_RegressorChain_ET_Physics,2,5,R02_F05,17,RegressorChain_ET_Physics,1069,True,1a713580b5318ea3dce9457331c6c510a31a1cfd28379bdef12c1ff47d2716a4,outer_fixed_k
R03_F01_k03_Independent_ET_Physics,3,1,R03_F01,3,Independent_ET_Physics,1056,True,a5740bb33d8d4d54aa1fbe6e73b5a63c6e9dd671302a1881a565e996a38c34dc,outer_fixed_k
R03_F01_k03_Native_ET_Physics,3,1,R03_F01,3,Native_ET_Physics,1056,True,a5740bb33d8d4d54aa1fbe6e73b5a63c6e9dd671302a1881a565e996a38c34dc,outer_fixed_k
R03_F01_k03_Native_RF_Physics,3,1,R03_F01,3,Native_RF_Physics,1056,True,a5740bb33d8d4d54aa1fbe6e73b5a63c6e9dd671302a1881a565e996a38c34dc,outer_fixed_k
R03_F01_k03_RegressorChain_ET_Physics,3,1,R03_F01,3,RegressorChain_ET_Physics,1056,True,a5740bb33d8d4d54aa1fbe6e73b5a63c6e9dd671302a1881a565e996a38c34dc,outer_fixed_k
R03_F01_k04_Independent_ET_Physics,3,1,R03_F01,4,Independent_ET_Physics,1057,True,a5740bb33d8d4d54aa1fbe6e73b5a63c6e9dd671302a1881a565e996a38c34dc,outer_fixed_k
R03_F01_k04_Native_ET_Physics,3,1,R03_F01,4,Native_ET_Physics,1057,True,a5740bb33d8d4d54aa1fbe6e73b5a63c6e9dd671302a1881a565e996a38c34dc,outer_fixed_k
R03_F01_k04_Native_RF_Physics,3,1,R03_F01,4,Native_RF_Physics,1057,True,a5740bb33d8d4d54aa1fbe6e73b5a63c6e9dd671302a1881a565e996a38c34dc,outer_fixed_k
R03_F01_k04_RegressorChain_ET_Physics,3,1,R03_F01,4,RegressorChain_ET_Physics,1057,True,a5740bb33d8d4d54aa1fbe6e73b5a63c6e9dd671302a1881a565e996a38c34dc,outer_fixed_k
R03_F01_k05_Independent_ET_Physics,3,1,R03_F01,5,Independent_ET_Physics,1058,True,a5740bb33d8d4d54aa1fbe6e73b5a63c6e9dd671302a1881a565e996a38c34dc,outer_fixed_k
R03_F01_k05_Native_ET_Physics,3,1,R03_F01,5,Native_ET_Physics,1058,True,a5740bb33d8d4d54aa1fbe6e73b5a63c6e9dd671302a1881a565e996a38c34dc,outer_fixed_k
R03_F01_k05_Native_RF_Physics,3,1,R03_F01,5,Native_RF_Physics,1058,True,a5740bb33d8d4d54aa1fbe6e73b5a63c6e9dd671302a1881a565e996a38c34dc,outer_fixed_k
R03_F01_k05_RegressorChain_ET_Physics,3,1,R03_F01,5,RegressorChain_ET_Physics,1058,True,a5740bb33d8d4d54aa1fbe6e73b5a63c6e9dd671302a1881a565e996a38c34dc,outer_fixed_k
R03_F01_k06_Independent_ET_Physics,3,1,R03_F01,6,Independent_ET_Physics,1059,True,a5740bb33d8d4d54aa1fbe6e73b5a63c6e9dd671302a1881a565e996a38c34dc,outer_fixed_k
R03_F01_k06_Native_ET_Physics,3,1,R03_F01,6,Native_ET_Physics,1059,True,a5740bb33d8d4d54aa1fbe6e73b5a63c6e9dd671302a1881a565e996a38c34dc,outer_fixed_k
R03_F01_k06_Native_RF_Physics,3,1,R03_F01,6,Native_RF_Physics,1059,True,a5740bb33d8d4d54aa1fbe6e73b5a63c6e9dd671302a1881a565e996a38c34dc,outer_fixed_k
R03_F01_k06_RegressorChain_ET_Physics,3,1,R03_F01,6,RegressorChain_ET_Physics,1059,True,a5740bb33d8d4d54aa1fbe6e73b5a63c6e9dd671302a1881a565e996a38c34dc,outer_fixed_k
R03_F01_k07_Independent_ET_Physics,3,1,R03_F01,7,Independent_ET_Physics,1060,True,a5740bb33d8d4d54aa1fbe6e73b5a63c6e9dd671302a1881a565e996a38c34dc,outer_fixed_k
R03_F01_k07_Native_ET_Physics,3,1,R03_F01,7,Native_ET_Physics,1060,True,a5740bb33d8d4d54aa1fbe6e73b5a63c6e9dd671302a1881a565e996a38c34dc,outer_fixed_k
R03_F01_k07_Native_RF_Physics,3,1,R03_F01,7,Native_RF_Physics,1060,True,a5740bb33d8d4d54aa1fbe6e73b5a63c6e9dd671302a1881a565e996a38c34dc,outer_fixed_k
R03_F01_k07_RegressorChain_ET_Physics,3,1,R03_F01,7,RegressorChain_ET_Physics,1060,True,a5740bb33d8d4d54aa1fbe6e73b5a63c6e9dd671302a1881a565e996a38c34dc,outer_fixed_k
R03_F01_k08_Independent_ET_Physics,3,1,R03_F01,8,Independent_ET_Physics,1061,True,a5740bb33d8d4d54aa1fbe6e73b5a63c6e9dd671302a1881a565e996a38c34dc,outer_fixed_k
R03_F01_k08_Native_ET_Physics,3,1,R03_F01,8,Native_ET_Physics,1061,True,a5740bb33d8d4d54aa1fbe6e73b5a63c6e9dd671302a1881a565e996a38c34dc,outer_fixed_k
R03_F01_k08_Native_RF_Physics,3,1,R03_F01,8,Native_RF_Physics,1061,True,a5740bb33d8d4d54aa1fbe6e73b5a63c6e9dd671302a1881a565e996a38c34dc,outer_fixed_k
R03_F01_k08_RegressorChain_ET_Physics,3,1,R03_F01,8,RegressorChain_ET_Physics,1061,True,a5740bb33d8d4d54aa1fbe6e73b5a63c6e9dd671302a1881a565e996a38c34dc,outer_fixed_k
R03_F01_k09_Independent_ET_Physics,3,1,R03_F01,9,Independent_ET_Physics,1062,True,a5740bb33d8d4d54aa1fbe6e73b5a63c6e9dd671302a1881a565e996a38c34dc,outer_fixed_k
R03_F01_k09_Native_ET_Physics,3,1,R03_F01,9,Native_ET_Physics,1062,True,a5740bb33d8d4d54aa1fbe6e73b5a63c6e9dd671302a1881a565e996a38c34dc,outer_fixed_k
R03_F01_k09_Native_RF_Physics,3,1,R03_F01,9,Native_RF_Physics,1062,True,a5740bb33d8d4d54aa1fbe6e73b5a63c6e9dd671302a1881a565e996a38c34dc,outer_fixed_k
R03_F01_k09_RegressorChain_ET_Physics,3,1,R03_F01,9,RegressorChain_ET_Physics,1062,True,a5740bb33d8d4d54aa1fbe6e73b5a63c6e9dd671302a1881a565e996a38c34dc,outer_fixed_k
R03_F01_k10_Independent_ET_Physics,3,1,R03_F01,10,Independent_ET_Physics,1063,True,a5740bb33d8d4d54aa1fbe6e73b5a63c6e9dd671302a1881a565e996a38c34dc,outer_fixed_k
R03_F01_k10_Native_ET_Physics,3,1,R03_F01,10,Native_ET_Physics,1063,True,a5740bb33d8d4d54aa1fbe6e73b5a63c6e9dd671302a1881a565e996a38c34dc,outer_fixed_k
R03_F01_k10_Native_RF_Physics,3,1,R03_F01,10,Native_RF_Physics,1063,True,a5740bb33d8d4d54aa1fbe6e73b5a63c6e9dd671302a1881a565e996a38c34dc,outer_fixed_k
R03_F01_k10_RegressorChain_ET_Physics,3,1,R03_F01,10,RegressorChain_ET_Physics,1063,True,a5740bb33d8d4d54aa1fbe6e73b5a63c6e9dd671302a1881a565e996a38c34dc,outer_fixed_k
R03_F01_k11_Independent_ET_Physics,3,1,R03_F01,11,Independent_ET_Physics,1064,True,a5740bb33d8d4d54aa1fbe6e73b5a63c6e9dd671302a1881a565e996a38c34dc,outer_fixed_k
R03_F01_k11_Native_ET_Physics,3,1,R03_F01,11,Native_ET_Physics,1064,True,a5740bb33d8d4d54aa1fbe6e73b5a63c6e9dd671302a1881a565e996a38c34dc,outer_fixed_k
R03_F01_k11_Native_RF_Physics,3,1,R03_F01,11,Native_RF_Physics,1064,True,a5740bb33d8d4d54aa1fbe6e73b5a63c6e9dd671302a1881a565e996a38c34dc,outer_fixed_k
R03_F01_k11_RegressorChain_ET_Physics,3,1,R03_F01,11,RegressorChain_ET_Physics,1064,True,a5740bb33d8d4d54aa1fbe6e73b5a63c6e9dd671302a1881a565e996a38c34dc,outer_fixed_k
R03_F01_k12_Independent_ET_Physics,3,1,R03_F01,12,Independent_ET_Physics,1065,True,a5740bb33d8d4d54aa1fbe6e73b5a63c6e9dd671302a1881a565e996a38c34dc,outer_fixed_k
R03_F01_k12_Native_ET_Physics,3,1,R03_F01,12,Native_ET_Physics,1065,True,a5740bb33d8d4d54aa1fbe6e73b5a63c6e9dd671302a1881a565e996a38c34dc,outer_fixed_k
R03_F01_k12_Native_RF_Physics,3,1,R03_F01,12,Native_RF_Physics,1065,True,a5740bb33d8d4d54aa1fbe6e73b5a63c6e9dd671302a1881a565e996a38c34dc,outer_fixed_k
R03_F01_k12_RegressorChain_ET_Physics,3,1,R03_F01,12,RegressorChain_ET_Physics,1065,True,a5740bb33d8d4d54aa1fbe6e73b5a63c6e9dd671302a1881a565e996a38c34dc,outer_fixed_k
R03_F01_k13_Independent_ET_Physics,3,1,R03_F01,13,Independent_ET_Physics,1066,True,a5740bb33d8d4d54aa1fbe6e73b5a63c6e9dd671302a1881a565e996a38c34dc,outer_fixed_k
R03_F01_k13_Native_ET_Physics,3,1,R03_F01,13,Native_ET_Physics,1066,True,a5740bb33d8d4d54aa1fbe6e73b5a63c6e9dd671302a1881a565e996a38c34dc,outer_fixed_k
R03_F01_k13_Native_RF_Physics,3,1,R03_F01,13,Native_RF_Physics,1066,True,a5740bb33d8d4d54aa1fbe6e73b5a63c6e9dd671302a1881a565e996a38c34dc,outer_fixed_k
R03_F01_k13_RegressorChain_ET_Physics,3,1,R03_F01,13,RegressorChain_ET_Physics,1066,True,a5740bb33d8d4d54aa1fbe6e73b5a63c6e9dd671302a1881a565e996a38c34dc,outer_fixed_k
R03_F01_k14_Independent_ET_Physics,3,1,R03_F01,14,Independent_ET_Physics,1067,True,a5740bb33d8d4d54aa1fbe6e73b5a63c6e9dd671302a1881a565e996a38c34dc,outer_fixed_k
R03_F01_k14_Native_ET_Physics,3,1,R03_F01,14,Native_ET_Physics,1067,True,a5740bb33d8d4d54aa1fbe6e73b5a63c6e9dd671302a1881a565e996a38c34dc,outer_fixed_k
R03_F01_k14_Native_RF_Physics,3,1,R03_F01,14,Native_RF_Physics,1067,True,a5740bb33d8d4d54aa1fbe6e73b5a63c6e9dd671302a1881a565e996a38c34dc,outer_fixed_k
R03_F01_k14_RegressorChain_ET_Physics,3,1,R03_F01,14,RegressorChain_ET_Physics,1067,True,a5740bb33d8d4d54aa1fbe6e73b5a63c6e9dd671302a1881a565e996a38c34dc,outer_fixed_k
R03_F01_k15_Independent_ET_Physics,3,1,R03_F01,15,Independent_ET_Physics,1068,True,a5740bb33d8d4d54aa1fbe6e73b5a63c6e9dd671302a1881a565e996a38c34dc,outer_fixed_k
R03_F01_k15_Native_ET_Physics,3,1,R03_F01,15,Native_ET_Physics,1068,True,a5740bb33d8d4d54aa1fbe6e73b5a63c6e9dd671302a1881a565e996a38c34dc,outer_fixed_k
R03_F01_k15_Native_RF_Physics,3,1,R03_F01,15,Native_RF_Physics,1068,True,a5740bb33d8d4d54aa1fbe6e73b5a63c6e9dd671302a1881a565e996a38c34dc,outer_fixed_k
R03_F01_k15_RegressorChain_ET_Physics,3,1,R03_F01,15,RegressorChain_ET_Physics,1068,True,a5740bb33d8d4d54aa1fbe6e73b5a63c6e9dd671302a1881a565e996a38c34dc,outer_fixed_k
R03_F01_k16_Independent_ET_Physics,3,1,R03_F01,16,Independent_ET_Physics,1069,True,a5740bb33d8d4d54aa1fbe6e73b5a63c6e9dd671302a1881a565e996a38c34dc,outer_fixed_k
R03_F01_k16_Native_ET_Physics,3,1,R03_F01,16,Native_ET_Physics,1069,True,a5740bb33d8d4d54aa1fbe6e73b5a63c6e9dd671302a1881a565e996a38c34dc,outer_fixed_k
R03_F01_k16_Native_RF_Physics,3,1,R03_F01,16,Native_RF_Physics,1069,True,a5740bb33d8d4d54aa1fbe6e73b5a63c6e9dd671302a1881a565e996a38c34dc,outer_fixed_k
R03_F01_k16_RegressorChain_ET_Physics,3,1,R03_F01,16,RegressorChain_ET_Physics,1069,True,a5740bb33d8d4d54aa1fbe6e73b5a63c6e9dd671302a1881a565e996a38c34dc,outer_fixed_k
R03_F01_k17_Independent_ET_Physics,3,1,R03_F01,17,Independent_ET_Physics,1070,True,a5740bb33d8d4d54aa1fbe6e73b5a63c6e9dd671302a1881a565e996a38c34dc,outer_fixed_k
R03_F01_k17_Native_ET_Physics,3,1,R03_F01,17,Native_ET_Physics,1070,True,a5740bb33d8d4d54aa1fbe6e73b5a63c6e9dd671302a1881a565e996a38c34dc,outer_fixed_k
R03_F01_k17_Native_RF_Physics,3,1,R03_F01,17,Native_RF_Physics,1070,True,a5740bb33d8d4d54aa1fbe6e73b5a63c6e9dd671302a1881a565e996a38c34dc,outer_fixed_k
R03_F01_k17_RegressorChain_ET_Physics,3,1,R03_F01,17,RegressorChain_ET_Physics,1070,True,a5740bb33d8d4d54aa1fbe6e73b5a63c6e9dd671302a1881a565e996a38c34dc,outer_fixed_k
R03_F02_k03_Independent_ET_Physics,3,2,R03_F02,3,Independent_ET_Physics,1057,True,514c96dd5c3c4ea9b46e58ffbc983676d2cd96baf4d0e63aa28ada055f4670d4,outer_fixed_k
R03_F02_k03_Native_ET_Physics,3,2,R03_F02,3,Native_ET_Physics,1057,True,514c96dd5c3c4ea9b46e58ffbc983676d2cd96baf4d0e63aa28ada055f4670d4,outer_fixed_k
R03_F02_k03_Native_RF_Physics,3,2,R03_F02,3,Native_RF_Physics,1057,True,514c96dd5c3c4ea9b46e58ffbc983676d2cd96baf4d0e63aa28ada055f4670d4,outer_fixed_k
R03_F02_k03_RegressorChain_ET_Physics,3,2,R03_F02,3,RegressorChain_ET_Physics,1057,True,514c96dd5c3c4ea9b46e58ffbc983676d2cd96baf4d0e63aa28ada055f4670d4,outer_fixed_k
R03_F02_k04_Independent_ET_Physics,3,2,R03_F02,4,Independent_ET_Physics,1058,True,514c96dd5c3c4ea9b46e58ffbc983676d2cd96baf4d0e63aa28ada055f4670d4,outer_fixed_k
R03_F02_k04_Native_ET_Physics,3,2,R03_F02,4,Native_ET_Physics,1058,True,514c96dd5c3c4ea9b46e58ffbc983676d2cd96baf4d0e63aa28ada055f4670d4,outer_fixed_k
R03_F02_k04_Native_RF_Physics,3,2,R03_F02,4,Native_RF_Physics,1058,True,514c96dd5c3c4ea9b46e58ffbc983676d2cd96baf4d0e63aa28ada055f4670d4,outer_fixed_k
R03_F02_k04_RegressorChain_ET_Physics,3,2,R03_F02,4,RegressorChain_ET_Physics,1058,True,514c96dd5c3c4ea9b46e58ffbc983676d2cd96baf4d0e63aa28ada055f4670d4,outer_fixed_k
R03_F02_k05_Independent_ET_Physics,3,2,R03_F02,5,Independent_ET_Physics,1059,True,514c96dd5c3c4ea9b46e58ffbc983676d2cd96baf4d0e63aa28ada055f4670d4,outer_fixed_k
R03_F02_k05_Native_ET_Physics,3,2,R03_F02,5,Native_ET_Physics,1059,True,514c96dd5c3c4ea9b46e58ffbc983676d2cd96baf4d0e63aa28ada055f4670d4,outer_fixed_k
R03_F02_k05_Native_RF_Physics,3,2,R03_F02,5,Native_RF_Physics,1059,True,514c96dd5c3c4ea9b46e58ffbc983676d2cd96baf4d0e63aa28ada055f4670d4,outer_fixed_k
R03_F02_k05_RegressorChain_ET_Physics,3,2,R03_F02,5,RegressorChain_ET_Physics,1059,True,514c96dd5c3c4ea9b46e58ffbc983676d2cd96baf4d0e63aa28ada055f4670d4,outer_fixed_k
R03_F02_k06_Independent_ET_Physics,3,2,R03_F02,6,Independent_ET_Physics,1060,True,514c96dd5c3c4ea9b46e58ffbc983676d2cd96baf4d0e63aa28ada055f4670d4,outer_fixed_k
R03_F02_k06_Native_ET_Physics,3,2,R03_F02,6,Native_ET_Physics,1060,True,514c96dd5c3c4ea9b46e58ffbc983676d2cd96baf4d0e63aa28ada055f4670d4,outer_fixed_k
R03_F02_k06_Native_RF_Physics,3,2,R03_F02,6,Native_RF_Physics,1060,True,514c96dd5c3c4ea9b46e58ffbc983676d2cd96baf4d0e63aa28ada055f4670d4,outer_fixed_k
R03_F02_k06_RegressorChain_ET_Physics,3,2,R03_F02,6,RegressorChain_ET_Physics,1060,True,514c96dd5c3c4ea9b46e58ffbc983676d2cd96baf4d0e63aa28ada055f4670d4,outer_fixed_k
R03_F02_k07_Independent_ET_Physics,3,2,R03_F02,7,Independent_ET_Physics,1061,True,514c96dd5c3c4ea9b46e58ffbc983676d2cd96baf4d0e63aa28ada055f4670d4,outer_fixed_k
R03_F02_k07_Native_ET_Physics,3,2,R03_F02,7,Native_ET_Physics,1061,True,514c96dd5c3c4ea9b46e58ffbc983676d2cd96baf4d0e63aa28ada055f4670d4,outer_fixed_k
R03_F02_k07_Native_RF_Physics,3,2,R03_F02,7,Native_RF_Physics,1061,True,514c96dd5c3c4ea9b46e58ffbc983676d2cd96baf4d0e63aa28ada055f4670d4,outer_fixed_k
R03_F02_k07_RegressorChain_ET_Physics,3,2,R03_F02,7,RegressorChain_ET_Physics,1061,True,514c96dd5c3c4ea9b46e58ffbc983676d2cd96baf4d0e63aa28ada055f4670d4,outer_fixed_k
R03_F02_k08_Independent_ET_Physics,3,2,R03_F02,8,Independent_ET_Physics,1062,True,514c96dd5c3c4ea9b46e58ffbc983676d2cd96baf4d0e63aa28ada055f4670d4,outer_fixed_k
R03_F02_k08_Native_ET_Physics,3,2,R03_F02,8,Native_ET_Physics,1062,True,514c96dd5c3c4ea9b46e58ffbc983676d2cd96baf4d0e63aa28ada055f4670d4,outer_fixed_k
R03_F02_k08_Native_RF_Physics,3,2,R03_F02,8,Native_RF_Physics,1062,True,514c96dd5c3c4ea9b46e58ffbc983676d2cd96baf4d0e63aa28ada055f4670d4,outer_fixed_k
R03_F02_k08_RegressorChain_ET_Physics,3,2,R03_F02,8,RegressorChain_ET_Physics,1062,True,514c96dd5c3c4ea9b46e58ffbc983676d2cd96baf4d0e63aa28ada055f4670d4,outer_fixed_k
R03_F02_k09_Independent_ET_Physics,3,2,R03_F02,9,Independent_ET_Physics,1063,True,514c96dd5c3c4ea9b46e58ffbc983676d2cd96baf4d0e63aa28ada055f4670d4,outer_fixed_k
R03_F02_k09_Native_ET_Physics,3,2,R03_F02,9,Native_ET_Physics,1063,True,514c96dd5c3c4ea9b46e58ffbc983676d2cd96baf4d0e63aa28ada055f4670d4,outer_fixed_k
R03_F02_k09_Native_RF_Physics,3,2,R03_F02,9,Native_RF_Physics,1063,True,514c96dd5c3c4ea9b46e58ffbc983676d2cd96baf4d0e63aa28ada055f4670d4,outer_fixed_k
R03_F02_k09_RegressorChain_ET_Physics,3,2,R03_F02,9,RegressorChain_ET_Physics,1063,True,514c96dd5c3c4ea9b46e58ffbc983676d2cd96baf4d0e63aa28ada055f4670d4,outer_fixed_k
R03_F02_k10_Independent_ET_Physics,3,2,R03_F02,10,Independent_ET_Physics,1064,True,514c96dd5c3c4ea9b46e58ffbc983676d2cd96baf4d0e63aa28ada055f4670d4,outer_fixed_k
R03_F02_k10_Native_ET_Physics,3,2,R03_F02,10,Native_ET_Physics,1064,True,514c96dd5c3c4ea9b46e58ffbc983676d2cd96baf4d0e63aa28ada055f4670d4,outer_fixed_k
R03_F02_k10_Native_RF_Physics,3,2,R03_F02,10,Native_RF_Physics,1064,True,514c96dd5c3c4ea9b46e58ffbc983676d2cd96baf4d0e63aa28ada055f4670d4,outer_fixed_k
R03_F02_k10_RegressorChain_ET_Physics,3,2,R03_F02,10,RegressorChain_ET_Physics,1064,True,514c96dd5c3c4ea9b46e58ffbc983676d2cd96baf4d0e63aa28ada055f4670d4,outer_fixed_k
R03_F02_k11_Independent_ET_Physics,3,2,R03_F02,11,Independent_ET_Physics,1065,True,514c96dd5c3c4ea9b46e58ffbc983676d2cd96baf4d0e63aa28ada055f4670d4,outer_fixed_k
R03_F02_k11_Native_ET_Physics,3,2,R03_F02,11,Native_ET_Physics,1065,True,514c96dd5c3c4ea9b46e58ffbc983676d2cd96baf4d0e63aa28ada055f4670d4,outer_fixed_k
R03_F02_k11_Native_RF_Physics,3,2,R03_F02,11,Native_RF_Physics,1065,True,514c96dd5c3c4ea9b46e58ffbc983676d2cd96baf4d0e63aa28ada055f4670d4,outer_fixed_k
R03_F02_k11_RegressorChain_ET_Physics,3,2,R03_F02,11,RegressorChain_ET_Physics,1065,True,514c96dd5c3c4ea9b46e58ffbc983676d2cd96baf4d0e63aa28ada055f4670d4,outer_fixed_k
R03_F02_k12_Independent_ET_Physics,3,2,R03_F02,12,Independent_ET_Physics,1066,True,514c96dd5c3c4ea9b46e58ffbc983676d2cd96baf4d0e63aa28ada055f4670d4,outer_fixed_k
R03_F02_k12_Native_ET_Physics,3,2,R03_F02,12,Native_ET_Physics,1066,True,514c96dd5c3c4ea9b46e58ffbc983676d2cd96baf4d0e63aa28ada055f4670d4,outer_fixed_k
R03_F02_k12_Native_RF_Physics,3,2,R03_F02,12,Native_RF_Physics,1066,True,514c96dd5c3c4ea9b46e58ffbc983676d2cd96baf4d0e63aa28ada055f4670d4,outer_fixed_k
R03_F02_k12_RegressorChain_ET_Physics,3,2,R03_F02,12,RegressorChain_ET_Physics,1066,True,514c96dd5c3c4ea9b46e58ffbc983676d2cd96baf4d0e63aa28ada055f4670d4,outer_fixed_k
R03_F02_k13_Independent_ET_Physics,3,2,R03_F02,13,Independent_ET_Physics,1067,True,514c96dd5c3c4ea9b46e58ffbc983676d2cd96baf4d0e63aa28ada055f4670d4,outer_fixed_k
R03_F02_k13_Native_ET_Physics,3,2,R03_F02,13,Native_ET_Physics,1067,True,514c96dd5c3c4ea9b46e58ffbc983676d2cd96baf4d0e63aa28ada055f4670d4,outer_fixed_k
R03_F02_k13_Native_RF_Physics,3,2,R03_F02,13,Native_RF_Physics,1067,True,514c96dd5c3c4ea9b46e58ffbc983676d2cd96baf4d0e63aa28ada055f4670d4,outer_fixed_k
R03_F02_k13_RegressorChain_ET_Physics,3,2,R03_F02,13,RegressorChain_ET_Physics,1067,True,514c96dd5c3c4ea9b46e58ffbc983676d2cd96baf4d0e63aa28ada055f4670d4,outer_fixed_k
R03_F02_k14_Independent_ET_Physics,3,2,R03_F02,14,Independent_ET_Physics,1068,True,514c96dd5c3c4ea9b46e58ffbc983676d2cd96baf4d0e63aa28ada055f4670d4,outer_fixed_k
R03_F02_k14_Native_ET_Physics,3,2,R03_F02,14,Native_ET_Physics,1068,True,514c96dd5c3c4ea9b46e58ffbc983676d2cd96baf4d0e63aa28ada055f4670d4,outer_fixed_k
R03_F02_k14_Native_RF_Physics,3,2,R03_F02,14,Native_RF_Physics,1068,True,514c96dd5c3c4ea9b46e58ffbc983676d2cd96baf4d0e63aa28ada055f4670d4,outer_fixed_k
R03_F02_k14_RegressorChain_ET_Physics,3,2,R03_F02,14,RegressorChain_ET_Physics,1068,True,514c96dd5c3c4ea9b46e58ffbc983676d2cd96baf4d0e63aa28ada055f4670d4,outer_fixed_k
R03_F02_k15_Independent_ET_Physics,3,2,R03_F02,15,Independent_ET_Physics,1069,True,514c96dd5c3c4ea9b46e58ffbc983676d2cd96baf4d0e63aa28ada055f4670d4,outer_fixed_k
R03_F02_k15_Native_ET_Physics,3,2,R03_F02,15,Native_ET_Physics,1069,True,514c96dd5c3c4ea9b46e58ffbc983676d2cd96baf4d0e63aa28ada055f4670d4,outer_fixed_k
R03_F02_k15_Native_RF_Physics,3,2,R03_F02,15,Native_RF_Physics,1069,True,514c96dd5c3c4ea9b46e58ffbc983676d2cd96baf4d0e63aa28ada055f4670d4,outer_fixed_k
R03_F02_k15_RegressorChain_ET_Physics,3,2,R03_F02,15,RegressorChain_ET_Physics,1069,True,514c96dd5c3c4ea9b46e58ffbc983676d2cd96baf4d0e63aa28ada055f4670d4,outer_fixed_k
R03_F02_k16_Independent_ET_Physics,3,2,R03_F02,16,Independent_ET_Physics,1070,True,514c96dd5c3c4ea9b46e58ffbc983676d2cd96baf4d0e63aa28ada055f4670d4,outer_fixed_k
R03_F02_k16_Native_ET_Physics,3,2,R03_F02,16,Native_ET_Physics,1070,True,514c96dd5c3c4ea9b46e58ffbc983676d2cd96baf4d0e63aa28ada055f4670d4,outer_fixed_k
R03_F02_k16_Native_RF_Physics,3,2,R03_F02,16,Native_RF_Physics,1070,True,514c96dd5c3c4ea9b46e58ffbc983676d2cd96baf4d0e63aa28ada055f4670d4,outer_fixed_k
R03_F02_k16_RegressorChain_ET_Physics,3,2,R03_F02,16,RegressorChain_ET_Physics,1070,True,514c96dd5c3c4ea9b46e58ffbc983676d2cd96baf4d0e63aa28ada055f4670d4,outer_fixed_k
R03_F02_k17_Independent_ET_Physics,3,2,R03_F02,17,Independent_ET_Physics,1071,True,514c96dd5c3c4ea9b46e58ffbc983676d2cd96baf4d0e63aa28ada055f4670d4,outer_fixed_k
R03_F02_k17_Native_ET_Physics,3,2,R03_F02,17,Native_ET_Physics,1071,True,514c96dd5c3c4ea9b46e58ffbc983676d2cd96baf4d0e63aa28ada055f4670d4,outer_fixed_k
R03_F02_k17_Native_RF_Physics,3,2,R03_F02,17,Native_RF_Physics,1071,True,514c96dd5c3c4ea9b46e58ffbc983676d2cd96baf4d0e63aa28ada055f4670d4,outer_fixed_k
R03_F02_k17_RegressorChain_ET_Physics,3,2,R03_F02,17,RegressorChain_ET_Physics,1071,True,514c96dd5c3c4ea9b46e58ffbc983676d2cd96baf4d0e63aa28ada055f4670d4,outer_fixed_k
R03_F03_k03_Independent_ET_Physics,3,3,R03_F03,3,Independent_ET_Physics,1058,True,91027e8b7270f957fc5c499d311c3304bbb63f3dcb2146fe369c8d75e23a7b4d,outer_fixed_k
R03_F03_k03_Native_ET_Physics,3,3,R03_F03,3,Native_ET_Physics,1058,True,91027e8b7270f957fc5c499d311c3304bbb63f3dcb2146fe369c8d75e23a7b4d,outer_fixed_k
R03_F03_k03_Native_RF_Physics,3,3,R03_F03,3,Native_RF_Physics,1058,True,91027e8b7270f957fc5c499d311c3304bbb63f3dcb2146fe369c8d75e23a7b4d,outer_fixed_k
R03_F03_k03_RegressorChain_ET_Physics,3,3,R03_F03,3,RegressorChain_ET_Physics,1058,True,91027e8b7270f957fc5c499d311c3304bbb63f3dcb2146fe369c8d75e23a7b4d,outer_fixed_k
R03_F03_k04_Independent_ET_Physics,3,3,R03_F03,4,Independent_ET_Physics,1059,True,91027e8b7270f957fc5c499d311c3304bbb63f3dcb2146fe369c8d75e23a7b4d,outer_fixed_k
R03_F03_k04_Native_ET_Physics,3,3,R03_F03,4,Native_ET_Physics,1059,True,91027e8b7270f957fc5c499d311c3304bbb63f3dcb2146fe369c8d75e23a7b4d,outer_fixed_k
R03_F03_k04_Native_RF_Physics,3,3,R03_F03,4,Native_RF_Physics,1059,True,91027e8b7270f957fc5c499d311c3304bbb63f3dcb2146fe369c8d75e23a7b4d,outer_fixed_k
R03_F03_k04_RegressorChain_ET_Physics,3,3,R03_F03,4,RegressorChain_ET_Physics,1059,True,91027e8b7270f957fc5c499d311c3304bbb63f3dcb2146fe369c8d75e23a7b4d,outer_fixed_k
R03_F03_k05_Independent_ET_Physics,3,3,R03_F03,5,Independent_ET_Physics,1060,True,91027e8b7270f957fc5c499d311c3304bbb63f3dcb2146fe369c8d75e23a7b4d,outer_fixed_k
R03_F03_k05_Native_ET_Physics,3,3,R03_F03,5,Native_ET_Physics,1060,True,91027e8b7270f957fc5c499d311c3304bbb63f3dcb2146fe369c8d75e23a7b4d,outer_fixed_k
R03_F03_k05_Native_RF_Physics,3,3,R03_F03,5,Native_RF_Physics,1060,True,91027e8b7270f957fc5c499d311c3304bbb63f3dcb2146fe369c8d75e23a7b4d,outer_fixed_k
R03_F03_k05_RegressorChain_ET_Physics,3,3,R03_F03,5,RegressorChain_ET_Physics,1060,True,91027e8b7270f957fc5c499d311c3304bbb63f3dcb2146fe369c8d75e23a7b4d,outer_fixed_k
R03_F03_k06_Independent_ET_Physics,3,3,R03_F03,6,Independent_ET_Physics,1061,True,91027e8b7270f957fc5c499d311c3304bbb63f3dcb2146fe369c8d75e23a7b4d,outer_fixed_k
R03_F03_k06_Native_ET_Physics,3,3,R03_F03,6,Native_ET_Physics,1061,True,91027e8b7270f957fc5c499d311c3304bbb63f3dcb2146fe369c8d75e23a7b4d,outer_fixed_k
R03_F03_k06_Native_RF_Physics,3,3,R03_F03,6,Native_RF_Physics,1061,True,91027e8b7270f957fc5c499d311c3304bbb63f3dcb2146fe369c8d75e23a7b4d,outer_fixed_k
R03_F03_k06_RegressorChain_ET_Physics,3,3,R03_F03,6,RegressorChain_ET_Physics,1061,True,91027e8b7270f957fc5c499d311c3304bbb63f3dcb2146fe369c8d75e23a7b4d,outer_fixed_k
R03_F03_k07_Independent_ET_Physics,3,3,R03_F03,7,Independent_ET_Physics,1062,True,91027e8b7270f957fc5c499d311c3304bbb63f3dcb2146fe369c8d75e23a7b4d,outer_fixed_k
R03_F03_k07_Native_ET_Physics,3,3,R03_F03,7,Native_ET_Physics,1062,True,91027e8b7270f957fc5c499d311c3304bbb63f3dcb2146fe369c8d75e23a7b4d,outer_fixed_k
R03_F03_k07_Native_RF_Physics,3,3,R03_F03,7,Native_RF_Physics,1062,True,91027e8b7270f957fc5c499d311c3304bbb63f3dcb2146fe369c8d75e23a7b4d,outer_fixed_k
R03_F03_k07_RegressorChain_ET_Physics,3,3,R03_F03,7,RegressorChain_ET_Physics,1062,True,91027e8b7270f957fc5c499d311c3304bbb63f3dcb2146fe369c8d75e23a7b4d,outer_fixed_k
R03_F03_k08_Independent_ET_Physics,3,3,R03_F03,8,Independent_ET_Physics,1063,True,91027e8b7270f957fc5c499d311c3304bbb63f3dcb2146fe369c8d75e23a7b4d,outer_fixed_k
R03_F03_k08_Native_ET_Physics,3,3,R03_F03,8,Native_ET_Physics,1063,True,91027e8b7270f957fc5c499d311c3304bbb63f3dcb2146fe369c8d75e23a7b4d,outer_fixed_k
R03_F03_k08_Native_RF_Physics,3,3,R03_F03,8,Native_RF_Physics,1063,True,91027e8b7270f957fc5c499d311c3304bbb63f3dcb2146fe369c8d75e23a7b4d,outer_fixed_k
R03_F03_k08_RegressorChain_ET_Physics,3,3,R03_F03,8,RegressorChain_ET_Physics,1063,True,91027e8b7270f957fc5c499d311c3304bbb63f3dcb2146fe369c8d75e23a7b4d,outer_fixed_k
R03_F03_k09_Independent_ET_Physics,3,3,R03_F03,9,Independent_ET_Physics,1064,True,91027e8b7270f957fc5c499d311c3304bbb63f3dcb2146fe369c8d75e23a7b4d,outer_fixed_k
R03_F03_k09_Native_ET_Physics,3,3,R03_F03,9,Native_ET_Physics,1064,True,91027e8b7270f957fc5c499d311c3304bbb63f3dcb2146fe369c8d75e23a7b4d,outer_fixed_k
R03_F03_k09_Native_RF_Physics,3,3,R03_F03,9,Native_RF_Physics,1064,True,91027e8b7270f957fc5c499d311c3304bbb63f3dcb2146fe369c8d75e23a7b4d,outer_fixed_k
R03_F03_k09_RegressorChain_ET_Physics,3,3,R03_F03,9,RegressorChain_ET_Physics,1064,True,91027e8b7270f957fc5c499d311c3304bbb63f3dcb2146fe369c8d75e23a7b4d,outer_fixed_k
R03_F03_k10_Independent_ET_Physics,3,3,R03_F03,10,Independent_ET_Physics,1065,True,91027e8b7270f957fc5c499d311c3304bbb63f3dcb2146fe369c8d75e23a7b4d,outer_fixed_k
R03_F03_k10_Native_ET_Physics,3,3,R03_F03,10,Native_ET_Physics,1065,True,91027e8b7270f957fc5c499d311c3304bbb63f3dcb2146fe369c8d75e23a7b4d,outer_fixed_k
R03_F03_k10_Native_RF_Physics,3,3,R03_F03,10,Native_RF_Physics,1065,True,91027e8b7270f957fc5c499d311c3304bbb63f3dcb2146fe369c8d75e23a7b4d,outer_fixed_k
R03_F03_k10_RegressorChain_ET_Physics,3,3,R03_F03,10,RegressorChain_ET_Physics,1065,True,91027e8b7270f957fc5c499d311c3304bbb63f3dcb2146fe369c8d75e23a7b4d,outer_fixed_k
R03_F03_k11_Independent_ET_Physics,3,3,R03_F03,11,Independent_ET_Physics,1066,True,91027e8b7270f957fc5c499d311c3304bbb63f3dcb2146fe369c8d75e23a7b4d,outer_fixed_k
R03_F03_k11_Native_ET_Physics,3,3,R03_F03,11,Native_ET_Physics,1066,True,91027e8b7270f957fc5c499d311c3304bbb63f3dcb2146fe369c8d75e23a7b4d,outer_fixed_k
R03_F03_k11_Native_RF_Physics,3,3,R03_F03,11,Native_RF_Physics,1066,True,91027e8b7270f957fc5c499d311c3304bbb63f3dcb2146fe369c8d75e23a7b4d,outer_fixed_k
R03_F03_k11_RegressorChain_ET_Physics,3,3,R03_F03,11,RegressorChain_ET_Physics,1066,True,91027e8b7270f957fc5c499d311c3304bbb63f3dcb2146fe369c8d75e23a7b4d,outer_fixed_k
R03_F03_k12_Independent_ET_Physics,3,3,R03_F03,12,Independent_ET_Physics,1067,True,91027e8b7270f957fc5c499d311c3304bbb63f3dcb2146fe369c8d75e23a7b4d,outer_fixed_k
R03_F03_k12_Native_ET_Physics,3,3,R03_F03,12,Native_ET_Physics,1067,True,91027e8b7270f957fc5c499d311c3304bbb63f3dcb2146fe369c8d75e23a7b4d,outer_fixed_k
R03_F03_k12_Native_RF_Physics,3,3,R03_F03,12,Native_RF_Physics,1067,True,91027e8b7270f957fc5c499d311c3304bbb63f3dcb2146fe369c8d75e23a7b4d,outer_fixed_k
R03_F03_k12_RegressorChain_ET_Physics,3,3,R03_F03,12,RegressorChain_ET_Physics,1067,True,91027e8b7270f957fc5c499d311c3304bbb63f3dcb2146fe369c8d75e23a7b4d,outer_fixed_k
R03_F03_k13_Independent_ET_Physics,3,3,R03_F03,13,Independent_ET_Physics,1068,True,91027e8b7270f957fc5c499d311c3304bbb63f3dcb2146fe369c8d75e23a7b4d,outer_fixed_k
R03_F03_k13_Native_ET_Physics,3,3,R03_F03,13,Native_ET_Physics,1068,True,91027e8b7270f957fc5c499d311c3304bbb63f3dcb2146fe369c8d75e23a7b4d,outer_fixed_k
R03_F03_k13_Native_RF_Physics,3,3,R03_F03,13,Native_RF_Physics,1068,True,91027e8b7270f957fc5c499d311c3304bbb63f3dcb2146fe369c8d75e23a7b4d,outer_fixed_k
R03_F03_k13_RegressorChain_ET_Physics,3,3,R03_F03,13,RegressorChain_ET_Physics,1068,True,91027e8b7270f957fc5c499d311c3304bbb63f3dcb2146fe369c8d75e23a7b4d,outer_fixed_k
R03_F03_k14_Independent_ET_Physics,3,3,R03_F03,14,Independent_ET_Physics,1069,True,91027e8b7270f957fc5c499d311c3304bbb63f3dcb2146fe369c8d75e23a7b4d,outer_fixed_k
R03_F03_k14_Native_ET_Physics,3,3,R03_F03,14,Native_ET_Physics,1069,True,91027e8b7270f957fc5c499d311c3304bbb63f3dcb2146fe369c8d75e23a7b4d,outer_fixed_k
R03_F03_k14_Native_RF_Physics,3,3,R03_F03,14,Native_RF_Physics,1069,True,91027e8b7270f957fc5c499d311c3304bbb63f3dcb2146fe369c8d75e23a7b4d,outer_fixed_k
R03_F03_k14_RegressorChain_ET_Physics,3,3,R03_F03,14,RegressorChain_ET_Physics,1069,True,91027e8b7270f957fc5c499d311c3304bbb63f3dcb2146fe369c8d75e23a7b4d,outer_fixed_k
R03_F03_k15_Independent_ET_Physics,3,3,R03_F03,15,Independent_ET_Physics,1070,True,91027e8b7270f957fc5c499d311c3304bbb63f3dcb2146fe369c8d75e23a7b4d,outer_fixed_k
R03_F03_k15_Native_ET_Physics,3,3,R03_F03,15,Native_ET_Physics,1070,True,91027e8b7270f957fc5c499d311c3304bbb63f3dcb2146fe369c8d75e23a7b4d,outer_fixed_k
R03_F03_k15_Native_RF_Physics,3,3,R03_F03,15,Native_RF_Physics,1070,True,91027e8b7270f957fc5c499d311c3304bbb63f3dcb2146fe369c8d75e23a7b4d,outer_fixed_k
R03_F03_k15_RegressorChain_ET_Physics,3,3,R03_F03,15,RegressorChain_ET_Physics,1070,True,91027e8b7270f957fc5c499d311c3304bbb63f3dcb2146fe369c8d75e23a7b4d,outer_fixed_k
R03_F03_k16_Independent_ET_Physics,3,3,R03_F03,16,Independent_ET_Physics,1071,True,91027e8b7270f957fc5c499d311c3304bbb63f3dcb2146fe369c8d75e23a7b4d,outer_fixed_k
R03_F03_k16_Native_ET_Physics,3,3,R03_F03,16,Native_ET_Physics,1071,True,91027e8b7270f957fc5c499d311c3304bbb63f3dcb2146fe369c8d75e23a7b4d,outer_fixed_k
R03_F03_k16_Native_RF_Physics,3,3,R03_F03,16,Native_RF_Physics,1071,True,91027e8b7270f957fc5c499d311c3304bbb63f3dcb2146fe369c8d75e23a7b4d,outer_fixed_k
R03_F03_k16_RegressorChain_ET_Physics,3,3,R03_F03,16,RegressorChain_ET_Physics,1071,True,91027e8b7270f957fc5c499d311c3304bbb63f3dcb2146fe369c8d75e23a7b4d,outer_fixed_k
R03_F03_k17_Independent_ET_Physics,3,3,R03_F03,17,Independent_ET_Physics,1072,True,91027e8b7270f957fc5c499d311c3304bbb63f3dcb2146fe369c8d75e23a7b4d,outer_fixed_k
R03_F03_k17_Native_ET_Physics,3,3,R03_F03,17,Native_ET_Physics,1072,True,91027e8b7270f957fc5c499d311c3304bbb63f3dcb2146fe369c8d75e23a7b4d,outer_fixed_k
R03_F03_k17_Native_RF_Physics,3,3,R03_F03,17,Native_RF_Physics,1072,True,91027e8b7270f957fc5c499d311c3304bbb63f3dcb2146fe369c8d75e23a7b4d,outer_fixed_k
R03_F03_k17_RegressorChain_ET_Physics,3,3,R03_F03,17,RegressorChain_ET_Physics,1072,True,91027e8b7270f957fc5c499d311c3304bbb63f3dcb2146fe369c8d75e23a7b4d,outer_fixed_k
R03_F04_k03_Independent_ET_Physics,3,4,R03_F04,3,Independent_ET_Physics,1059,True,fe22e40996e882d71e3e66d1811245d8511a9ae5089dd15ece0363ef663155ba,outer_fixed_k
R03_F04_k03_Native_ET_Physics,3,4,R03_F04,3,Native_ET_Physics,1059,True,fe22e40996e882d71e3e66d1811245d8511a9ae5089dd15ece0363ef663155ba,outer_fixed_k
R03_F04_k03_Native_RF_Physics,3,4,R03_F04,3,Native_RF_Physics,1059,True,fe22e40996e882d71e3e66d1811245d8511a9ae5089dd15ece0363ef663155ba,outer_fixed_k
R03_F04_k03_RegressorChain_ET_Physics,3,4,R03_F04,3,RegressorChain_ET_Physics,1059,True,fe22e40996e882d71e3e66d1811245d8511a9ae5089dd15ece0363ef663155ba,outer_fixed_k
R03_F04_k04_Independent_ET_Physics,3,4,R03_F04,4,Independent_ET_Physics,1060,True,fe22e40996e882d71e3e66d1811245d8511a9ae5089dd15ece0363ef663155ba,outer_fixed_k
R03_F04_k04_Native_ET_Physics,3,4,R03_F04,4,Native_ET_Physics,1060,True,fe22e40996e882d71e3e66d1811245d8511a9ae5089dd15ece0363ef663155ba,outer_fixed_k
R03_F04_k04_Native_RF_Physics,3,4,R03_F04,4,Native_RF_Physics,1060,True,fe22e40996e882d71e3e66d1811245d8511a9ae5089dd15ece0363ef663155ba,outer_fixed_k
R03_F04_k04_RegressorChain_ET_Physics,3,4,R03_F04,4,RegressorChain_ET_Physics,1060,True,fe22e40996e882d71e3e66d1811245d8511a9ae5089dd15ece0363ef663155ba,outer_fixed_k
R03_F04_k05_Independent_ET_Physics,3,4,R03_F04,5,Independent_ET_Physics,1061,True,fe22e40996e882d71e3e66d1811245d8511a9ae5089dd15ece0363ef663155ba,outer_fixed_k
R03_F04_k05_Native_ET_Physics,3,4,R03_F04,5,Native_ET_Physics,1061,True,fe22e40996e882d71e3e66d1811245d8511a9ae5089dd15ece0363ef663155ba,outer_fixed_k
R03_F04_k05_Native_RF_Physics,3,4,R03_F04,5,Native_RF_Physics,1061,True,fe22e40996e882d71e3e66d1811245d8511a9ae5089dd15ece0363ef663155ba,outer_fixed_k
R03_F04_k05_RegressorChain_ET_Physics,3,4,R03_F04,5,RegressorChain_ET_Physics,1061,True,fe22e40996e882d71e3e66d1811245d8511a9ae5089dd15ece0363ef663155ba,outer_fixed_k
R03_F04_k06_Independent_ET_Physics,3,4,R03_F04,6,Independent_ET_Physics,1062,True,fe22e40996e882d71e3e66d1811245d8511a9ae5089dd15ece0363ef663155ba,outer_fixed_k
R03_F04_k06_Native_ET_Physics,3,4,R03_F04,6,Native_ET_Physics,1062,True,fe22e40996e882d71e3e66d1811245d8511a9ae5089dd15ece0363ef663155ba,outer_fixed_k
R03_F04_k06_Native_RF_Physics,3,4,R03_F04,6,Native_RF_Physics,1062,True,fe22e40996e882d71e3e66d1811245d8511a9ae5089dd15ece0363ef663155ba,outer_fixed_k
R03_F04_k06_RegressorChain_ET_Physics,3,4,R03_F04,6,RegressorChain_ET_Physics,1062,True,fe22e40996e882d71e3e66d1811245d8511a9ae5089dd15ece0363ef663155ba,outer_fixed_k
R03_F04_k07_Independent_ET_Physics,3,4,R03_F04,7,Independent_ET_Physics,1063,True,fe22e40996e882d71e3e66d1811245d8511a9ae5089dd15ece0363ef663155ba,outer_fixed_k
R03_F04_k07_Native_ET_Physics,3,4,R03_F04,7,Native_ET_Physics,1063,True,fe22e40996e882d71e3e66d1811245d8511a9ae5089dd15ece0363ef663155ba,outer_fixed_k
R03_F04_k07_Native_RF_Physics,3,4,R03_F04,7,Native_RF_Physics,1063,True,fe22e40996e882d71e3e66d1811245d8511a9ae5089dd15ece0363ef663155ba,outer_fixed_k
R03_F04_k07_RegressorChain_ET_Physics,3,4,R03_F04,7,RegressorChain_ET_Physics,1063,True,fe22e40996e882d71e3e66d1811245d8511a9ae5089dd15ece0363ef663155ba,outer_fixed_k
R03_F04_k08_Independent_ET_Physics,3,4,R03_F04,8,Independent_ET_Physics,1064,True,fe22e40996e882d71e3e66d1811245d8511a9ae5089dd15ece0363ef663155ba,outer_fixed_k
R03_F04_k08_Native_ET_Physics,3,4,R03_F04,8,Native_ET_Physics,1064,True,fe22e40996e882d71e3e66d1811245d8511a9ae5089dd15ece0363ef663155ba,outer_fixed_k
R03_F04_k08_Native_RF_Physics,3,4,R03_F04,8,Native_RF_Physics,1064,True,fe22e40996e882d71e3e66d1811245d8511a9ae5089dd15ece0363ef663155ba,outer_fixed_k
R03_F04_k08_RegressorChain_ET_Physics,3,4,R03_F04,8,RegressorChain_ET_Physics,1064,True,fe22e40996e882d71e3e66d1811245d8511a9ae5089dd15ece0363ef663155ba,outer_fixed_k
R03_F04_k09_Independent_ET_Physics,3,4,R03_F04,9,Independent_ET_Physics,1065,True,fe22e40996e882d71e3e66d1811245d8511a9ae5089dd15ece0363ef663155ba,outer_fixed_k
R03_F04_k09_Native_ET_Physics,3,4,R03_F04,9,Native_ET_Physics,1065,True,fe22e40996e882d71e3e66d1811245d8511a9ae5089dd15ece0363ef663155ba,outer_fixed_k
R03_F04_k09_Native_RF_Physics,3,4,R03_F04,9,Native_RF_Physics,1065,True,fe22e40996e882d71e3e66d1811245d8511a9ae5089dd15ece0363ef663155ba,outer_fixed_k
R03_F04_k09_RegressorChain_ET_Physics,3,4,R03_F04,9,RegressorChain_ET_Physics,1065,True,fe22e40996e882d71e3e66d1811245d8511a9ae5089dd15ece0363ef663155ba,outer_fixed_k
R03_F04_k10_Independent_ET_Physics,3,4,R03_F04,10,Independent_ET_Physics,1066,True,fe22e40996e882d71e3e66d1811245d8511a9ae5089dd15ece0363ef663155ba,outer_fixed_k
R03_F04_k10_Native_ET_Physics,3,4,R03_F04,10,Native_ET_Physics,1066,True,fe22e40996e882d71e3e66d1811245d8511a9ae5089dd15ece0363ef663155ba,outer_fixed_k
R03_F04_k10_Native_RF_Physics,3,4,R03_F04,10,Native_RF_Physics,1066,True,fe22e40996e882d71e3e66d1811245d8511a9ae5089dd15ece0363ef663155ba,outer_fixed_k
R03_F04_k10_RegressorChain_ET_Physics,3,4,R03_F04,10,RegressorChain_ET_Physics,1066,True,fe22e40996e882d71e3e66d1811245d8511a9ae5089dd15ece0363ef663155ba,outer_fixed_k
R03_F04_k11_Independent_ET_Physics,3,4,R03_F04,11,Independent_ET_Physics,1067,True,fe22e40996e882d71e3e66d1811245d8511a9ae5089dd15ece0363ef663155ba,outer_fixed_k
R03_F04_k11_Native_ET_Physics,3,4,R03_F04,11,Native_ET_Physics,1067,True,fe22e40996e882d71e3e66d1811245d8511a9ae5089dd15ece0363ef663155ba,outer_fixed_k
R03_F04_k11_Native_RF_Physics,3,4,R03_F04,11,Native_RF_Physics,1067,True,fe22e40996e882d71e3e66d1811245d8511a9ae5089dd15ece0363ef663155ba,outer_fixed_k
R03_F04_k11_RegressorChain_ET_Physics,3,4,R03_F04,11,RegressorChain_ET_Physics,1067,True,fe22e40996e882d71e3e66d1811245d8511a9ae5089dd15ece0363ef663155ba,outer_fixed_k
R03_F04_k12_Independent_ET_Physics,3,4,R03_F04,12,Independent_ET_Physics,1068,True,fe22e40996e882d71e3e66d1811245d8511a9ae5089dd15ece0363ef663155ba,outer_fixed_k
R03_F04_k12_Native_ET_Physics,3,4,R03_F04,12,Native_ET_Physics,1068,True,fe22e40996e882d71e3e66d1811245d8511a9ae5089dd15ece0363ef663155ba,outer_fixed_k
R03_F04_k12_Native_RF_Physics,3,4,R03_F04,12,Native_RF_Physics,1068,True,fe22e40996e882d71e3e66d1811245d8511a9ae5089dd15ece0363ef663155ba,outer_fixed_k
R03_F04_k12_RegressorChain_ET_Physics,3,4,R03_F04,12,RegressorChain_ET_Physics,1068,True,fe22e40996e882d71e3e66d1811245d8511a9ae5089dd15ece0363ef663155ba,outer_fixed_k
R03_F04_k13_Independent_ET_Physics,3,4,R03_F04,13,Independent_ET_Physics,1069,True,fe22e40996e882d71e3e66d1811245d8511a9ae5089dd15ece0363ef663155ba,outer_fixed_k
R03_F04_k13_Native_ET_Physics,3,4,R03_F04,13,Native_ET_Physics,1069,True,fe22e40996e882d71e3e66d1811245d8511a9ae5089dd15ece0363ef663155ba,outer_fixed_k
R03_F04_k13_Native_RF_Physics,3,4,R03_F04,13,Native_RF_Physics,1069,True,fe22e40996e882d71e3e66d1811245d8511a9ae5089dd15ece0363ef663155ba,outer_fixed_k
R03_F04_k13_RegressorChain_ET_Physics,3,4,R03_F04,13,RegressorChain_ET_Physics,1069,True,fe22e40996e882d71e3e66d1811245d8511a9ae5089dd15ece0363ef663155ba,outer_fixed_k
R03_F04_k14_Independent_ET_Physics,3,4,R03_F04,14,Independent_ET_Physics,1070,True,fe22e40996e882d71e3e66d1811245d8511a9ae5089dd15ece0363ef663155ba,outer_fixed_k
R03_F04_k14_Native_ET_Physics,3,4,R03_F04,14,Native_ET_Physics,1070,True,fe22e40996e882d71e3e66d1811245d8511a9ae5089dd15ece0363ef663155ba,outer_fixed_k
R03_F04_k14_Native_RF_Physics,3,4,R03_F04,14,Native_RF_Physics,1070,True,fe22e40996e882d71e3e66d1811245d8511a9ae5089dd15ece0363ef663155ba,outer_fixed_k
R03_F04_k14_RegressorChain_ET_Physics,3,4,R03_F04,14,RegressorChain_ET_Physics,1070,True,fe22e40996e882d71e3e66d1811245d8511a9ae5089dd15ece0363ef663155ba,outer_fixed_k
R03_F04_k15_Independent_ET_Physics,3,4,R03_F04,15,Independent_ET_Physics,1071,True,fe22e40996e882d71e3e66d1811245d8511a9ae5089dd15ece0363ef663155ba,outer_fixed_k
R03_F04_k15_Native_ET_Physics,3,4,R03_F04,15,Native_ET_Physics,1071,True,fe22e40996e882d71e3e66d1811245d8511a9ae5089dd15ece0363ef663155ba,outer_fixed_k
R03_F04_k15_Native_RF_Physics,3,4,R03_F04,15,Native_RF_Physics,1071,True,fe22e40996e882d71e3e66d1811245d8511a9ae5089dd15ece0363ef663155ba,outer_fixed_k
R03_F04_k15_RegressorChain_ET_Physics,3,4,R03_F04,15,RegressorChain_ET_Physics,1071,True,fe22e40996e882d71e3e66d1811245d8511a9ae5089dd15ece0363ef663155ba,outer_fixed_k
R03_F04_k16_Independent_ET_Physics,3,4,R03_F04,16,Independent_ET_Physics,1072,True,fe22e40996e882d71e3e66d1811245d8511a9ae5089dd15ece0363ef663155ba,outer_fixed_k
R03_F04_k16_Native_ET_Physics,3,4,R03_F04,16,Native_ET_Physics,1072,True,fe22e40996e882d71e3e66d1811245d8511a9ae5089dd15ece0363ef663155ba,outer_fixed_k
R03_F04_k16_Native_RF_Physics,3,4,R03_F04,16,Native_RF_Physics,1072,True,fe22e40996e882d71e3e66d1811245d8511a9ae5089dd15ece0363ef663155ba,outer_fixed_k
R03_F04_k16_RegressorChain_ET_Physics,3,4,R03_F04,16,RegressorChain_ET_Physics,1072,True,fe22e40996e882d71e3e66d1811245d8511a9ae5089dd15ece0363ef663155ba,outer_fixed_k
R03_F04_k17_Independent_ET_Physics,3,4,R03_F04,17,Independent_ET_Physics,1073,True,fe22e40996e882d71e3e66d1811245d8511a9ae5089dd15ece0363ef663155ba,outer_fixed_k
R03_F04_k17_Native_ET_Physics,3,4,R03_F04,17,Native_ET_Physics,1073,True,fe22e40996e882d71e3e66d1811245d8511a9ae5089dd15ece0363ef663155ba,outer_fixed_k
R03_F04_k17_Native_RF_Physics,3,4,R03_F04,17,Native_RF_Physics,1073,True,fe22e40996e882d71e3e66d1811245d8511a9ae5089dd15ece0363ef663155ba,outer_fixed_k
R03_F04_k17_RegressorChain_ET_Physics,3,4,R03_F04,17,RegressorChain_ET_Physics,1073,True,fe22e40996e882d71e3e66d1811245d8511a9ae5089dd15ece0363ef663155ba,outer_fixed_k
R03_F05_k03_Independent_ET_Physics,3,5,R03_F05,3,Independent_ET_Physics,1060,True,b0b9467ac675984acee7d61fad59d83f7b4dbc3fa434ea8a18528a3a0b0fcab9,outer_fixed_k
R03_F05_k03_Native_ET_Physics,3,5,R03_F05,3,Native_ET_Physics,1060,True,b0b9467ac675984acee7d61fad59d83f7b4dbc3fa434ea8a18528a3a0b0fcab9,outer_fixed_k
R03_F05_k03_Native_RF_Physics,3,5,R03_F05,3,Native_RF_Physics,1060,True,b0b9467ac675984acee7d61fad59d83f7b4dbc3fa434ea8a18528a3a0b0fcab9,outer_fixed_k
R03_F05_k03_RegressorChain_ET_Physics,3,5,R03_F05,3,RegressorChain_ET_Physics,1060,True,b0b9467ac675984acee7d61fad59d83f7b4dbc3fa434ea8a18528a3a0b0fcab9,outer_fixed_k
R03_F05_k04_Independent_ET_Physics,3,5,R03_F05,4,Independent_ET_Physics,1061,True,b0b9467ac675984acee7d61fad59d83f7b4dbc3fa434ea8a18528a3a0b0fcab9,outer_fixed_k
R03_F05_k04_Native_ET_Physics,3,5,R03_F05,4,Native_ET_Physics,1061,True,b0b9467ac675984acee7d61fad59d83f7b4dbc3fa434ea8a18528a3a0b0fcab9,outer_fixed_k
R03_F05_k04_Native_RF_Physics,3,5,R03_F05,4,Native_RF_Physics,1061,True,b0b9467ac675984acee7d61fad59d83f7b4dbc3fa434ea8a18528a3a0b0fcab9,outer_fixed_k
R03_F05_k04_RegressorChain_ET_Physics,3,5,R03_F05,4,RegressorChain_ET_Physics,1061,True,b0b9467ac675984acee7d61fad59d83f7b4dbc3fa434ea8a18528a3a0b0fcab9,outer_fixed_k
R03_F05_k05_Independent_ET_Physics,3,5,R03_F05,5,Independent_ET_Physics,1062,True,b0b9467ac675984acee7d61fad59d83f7b4dbc3fa434ea8a18528a3a0b0fcab9,outer_fixed_k
R03_F05_k05_Native_ET_Physics,3,5,R03_F05,5,Native_ET_Physics,1062,True,b0b9467ac675984acee7d61fad59d83f7b4dbc3fa434ea8a18528a3a0b0fcab9,outer_fixed_k
R03_F05_k05_Native_RF_Physics,3,5,R03_F05,5,Native_RF_Physics,1062,True,b0b9467ac675984acee7d61fad59d83f7b4dbc3fa434ea8a18528a3a0b0fcab9,outer_fixed_k
R03_F05_k05_RegressorChain_ET_Physics,3,5,R03_F05,5,RegressorChain_ET_Physics,1062,True,b0b9467ac675984acee7d61fad59d83f7b4dbc3fa434ea8a18528a3a0b0fcab9,outer_fixed_k
R03_F05_k06_Independent_ET_Physics,3,5,R03_F05,6,Independent_ET_Physics,1063,True,b0b9467ac675984acee7d61fad59d83f7b4dbc3fa434ea8a18528a3a0b0fcab9,outer_fixed_k
R03_F05_k06_Native_ET_Physics,3,5,R03_F05,6,Native_ET_Physics,1063,True,b0b9467ac675984acee7d61fad59d83f7b4dbc3fa434ea8a18528a3a0b0fcab9,outer_fixed_k
R03_F05_k06_Native_RF_Physics,3,5,R03_F05,6,Native_RF_Physics,1063,True,b0b9467ac675984acee7d61fad59d83f7b4dbc3fa434ea8a18528a3a0b0fcab9,outer_fixed_k
R03_F05_k06_RegressorChain_ET_Physics,3,5,R03_F05,6,RegressorChain_ET_Physics,1063,True,b0b9467ac675984acee7d61fad59d83f7b4dbc3fa434ea8a18528a3a0b0fcab9,outer_fixed_k
R03_F05_k07_Independent_ET_Physics,3,5,R03_F05,7,Independent_ET_Physics,1064,True,b0b9467ac675984acee7d61fad59d83f7b4dbc3fa434ea8a18528a3a0b0fcab9,outer_fixed_k
R03_F05_k07_Native_ET_Physics,3,5,R03_F05,7,Native_ET_Physics,1064,True,b0b9467ac675984acee7d61fad59d83f7b4dbc3fa434ea8a18528a3a0b0fcab9,outer_fixed_k
R03_F05_k07_Native_RF_Physics,3,5,R03_F05,7,Native_RF_Physics,1064,True,b0b9467ac675984acee7d61fad59d83f7b4dbc3fa434ea8a18528a3a0b0fcab9,outer_fixed_k
R03_F05_k07_RegressorChain_ET_Physics,3,5,R03_F05,7,RegressorChain_ET_Physics,1064,True,b0b9467ac675984acee7d61fad59d83f7b4dbc3fa434ea8a18528a3a0b0fcab9,outer_fixed_k
R03_F05_k08_Independent_ET_Physics,3,5,R03_F05,8,Independent_ET_Physics,1065,True,b0b9467ac675984acee7d61fad59d83f7b4dbc3fa434ea8a18528a3a0b0fcab9,outer_fixed_k
R03_F05_k08_Native_ET_Physics,3,5,R03_F05,8,Native_ET_Physics,1065,True,b0b9467ac675984acee7d61fad59d83f7b4dbc3fa434ea8a18528a3a0b0fcab9,outer_fixed_k
R03_F05_k08_Native_RF_Physics,3,5,R03_F05,8,Native_RF_Physics,1065,True,b0b9467ac675984acee7d61fad59d83f7b4dbc3fa434ea8a18528a3a0b0fcab9,outer_fixed_k
R03_F05_k08_RegressorChain_ET_Physics,3,5,R03_F05,8,RegressorChain_ET_Physics,1065,True,b0b9467ac675984acee7d61fad59d83f7b4dbc3fa434ea8a18528a3a0b0fcab9,outer_fixed_k
R03_F05_k09_Independent_ET_Physics,3,5,R03_F05,9,Independent_ET_Physics,1066,True,b0b9467ac675984acee7d61fad59d83f7b4dbc3fa434ea8a18528a3a0b0fcab9,outer_fixed_k
R03_F05_k09_Native_ET_Physics,3,5,R03_F05,9,Native_ET_Physics,1066,True,b0b9467ac675984acee7d61fad59d83f7b4dbc3fa434ea8a18528a3a0b0fcab9,outer_fixed_k
R03_F05_k09_Native_RF_Physics,3,5,R03_F05,9,Native_RF_Physics,1066,True,b0b9467ac675984acee7d61fad59d83f7b4dbc3fa434ea8a18528a3a0b0fcab9,outer_fixed_k
R03_F05_k09_RegressorChain_ET_Physics,3,5,R03_F05,9,RegressorChain_ET_Physics,1066,True,b0b9467ac675984acee7d61fad59d83f7b4dbc3fa434ea8a18528a3a0b0fcab9,outer_fixed_k
R03_F05_k10_Independent_ET_Physics,3,5,R03_F05,10,Independent_ET_Physics,1067,True,b0b9467ac675984acee7d61fad59d83f7b4dbc3fa434ea8a18528a3a0b0fcab9,outer_fixed_k
R03_F05_k10_Native_ET_Physics,3,5,R03_F05,10,Native_ET_Physics,1067,True,b0b9467ac675984acee7d61fad59d83f7b4dbc3fa434ea8a18528a3a0b0fcab9,outer_fixed_k
R03_F05_k10_Native_RF_Physics,3,5,R03_F05,10,Native_RF_Physics,1067,True,b0b9467ac675984acee7d61fad59d83f7b4dbc3fa434ea8a18528a3a0b0fcab9,outer_fixed_k
R03_F05_k10_RegressorChain_ET_Physics,3,5,R03_F05,10,RegressorChain_ET_Physics,1067,True,b0b9467ac675984acee7d61fad59d83f7b4dbc3fa434ea8a18528a3a0b0fcab9,outer_fixed_k
R03_F05_k11_Independent_ET_Physics,3,5,R03_F05,11,Independent_ET_Physics,1068,True,b0b9467ac675984acee7d61fad59d83f7b4dbc3fa434ea8a18528a3a0b0fcab9,outer_fixed_k
R03_F05_k11_Native_ET_Physics,3,5,R03_F05,11,Native_ET_Physics,1068,True,b0b9467ac675984acee7d61fad59d83f7b4dbc3fa434ea8a18528a3a0b0fcab9,outer_fixed_k
R03_F05_k11_Native_RF_Physics,3,5,R03_F05,11,Native_RF_Physics,1068,True,b0b9467ac675984acee7d61fad59d83f7b4dbc3fa434ea8a18528a3a0b0fcab9,outer_fixed_k
R03_F05_k11_RegressorChain_ET_Physics,3,5,R03_F05,11,RegressorChain_ET_Physics,1068,True,b0b9467ac675984acee7d61fad59d83f7b4dbc3fa434ea8a18528a3a0b0fcab9,outer_fixed_k
R03_F05_k12_Independent_ET_Physics,3,5,R03_F05,12,Independent_ET_Physics,1069,True,b0b9467ac675984acee7d61fad59d83f7b4dbc3fa434ea8a18528a3a0b0fcab9,outer_fixed_k
R03_F05_k12_Native_ET_Physics,3,5,R03_F05,12,Native_ET_Physics,1069,True,b0b9467ac675984acee7d61fad59d83f7b4dbc3fa434ea8a18528a3a0b0fcab9,outer_fixed_k
R03_F05_k12_Native_RF_Physics,3,5,R03_F05,12,Native_RF_Physics,1069,True,b0b9467ac675984acee7d61fad59d83f7b4dbc3fa434ea8a18528a3a0b0fcab9,outer_fixed_k
R03_F05_k12_RegressorChain_ET_Physics,3,5,R03_F05,12,RegressorChain_ET_Physics,1069,True,b0b9467ac675984acee7d61fad59d83f7b4dbc3fa434ea8a18528a3a0b0fcab9,outer_fixed_k
R03_F05_k13_Independent_ET_Physics,3,5,R03_F05,13,Independent_ET_Physics,1070,True,b0b9467ac675984acee7d61fad59d83f7b4dbc3fa434ea8a18528a3a0b0fcab9,outer_fixed_k
R03_F05_k13_Native_ET_Physics,3,5,R03_F05,13,Native_ET_Physics,1070,True,b0b9467ac675984acee7d61fad59d83f7b4dbc3fa434ea8a18528a3a0b0fcab9,outer_fixed_k
R03_F05_k13_Native_RF_Physics,3,5,R03_F05,13,Native_RF_Physics,1070,True,b0b9467ac675984acee7d61fad59d83f7b4dbc3fa434ea8a18528a3a0b0fcab9,outer_fixed_k
R03_F05_k13_RegressorChain_ET_Physics,3,5,R03_F05,13,RegressorChain_ET_Physics,1070,True,b0b9467ac675984acee7d61fad59d83f7b4dbc3fa434ea8a18528a3a0b0fcab9,outer_fixed_k
R03_F05_k14_Independent_ET_Physics,3,5,R03_F05,14,Independent_ET_Physics,1071,True,b0b9467ac675984acee7d61fad59d83f7b4dbc3fa434ea8a18528a3a0b0fcab9,outer_fixed_k
R03_F05_k14_Native_ET_Physics,3,5,R03_F05,14,Native_ET_Physics,1071,True,b0b9467ac675984acee7d61fad59d83f7b4dbc3fa434ea8a18528a3a0b0fcab9,outer_fixed_k
R03_F05_k14_Native_RF_Physics,3,5,R03_F05,14,Native_RF_Physics,1071,True,b0b9467ac675984acee7d61fad59d83f7b4dbc3fa434ea8a18528a3a0b0fcab9,outer_fixed_k
R03_F05_k14_RegressorChain_ET_Physics,3,5,R03_F05,14,RegressorChain_ET_Physics,1071,True,b0b9467ac675984acee7d61fad59d83f7b4dbc3fa434ea8a18528a3a0b0fcab9,outer_fixed_k
R03_F05_k15_Independent_ET_Physics,3,5,R03_F05,15,Independent_ET_Physics,1072,True,b0b9467ac675984acee7d61fad59d83f7b4dbc3fa434ea8a18528a3a0b0fcab9,outer_fixed_k
R03_F05_k15_Native_ET_Physics,3,5,R03_F05,15,Native_ET_Physics,1072,True,b0b9467ac675984acee7d61fad59d83f7b4dbc3fa434ea8a18528a3a0b0fcab9,outer_fixed_k
R03_F05_k15_Native_RF_Physics,3,5,R03_F05,15,Native_RF_Physics,1072,True,b0b9467ac675984acee7d61fad59d83f7b4dbc3fa434ea8a18528a3a0b0fcab9,outer_fixed_k
R03_F05_k15_RegressorChain_ET_Physics,3,5,R03_F05,15,RegressorChain_ET_Physics,1072,True,b0b9467ac675984acee7d61fad59d83f7b4dbc3fa434ea8a18528a3a0b0fcab9,outer_fixed_k
R03_F05_k16_Independent_ET_Physics,3,5,R03_F05,16,Independent_ET_Physics,1073,True,b0b9467ac675984acee7d61fad59d83f7b4dbc3fa434ea8a18528a3a0b0fcab9,outer_fixed_k
R03_F05_k16_Native_ET_Physics,3,5,R03_F05,16,Native_ET_Physics,1073,True,b0b9467ac675984acee7d61fad59d83f7b4dbc3fa434ea8a18528a3a0b0fcab9,outer_fixed_k
R03_F05_k16_Native_RF_Physics,3,5,R03_F05,16,Native_RF_Physics,1073,True,b0b9467ac675984acee7d61fad59d83f7b4dbc3fa434ea8a18528a3a0b0fcab9,outer_fixed_k
R03_F05_k16_RegressorChain_ET_Physics,3,5,R03_F05,16,RegressorChain_ET_Physics,1073,True,b0b9467ac675984acee7d61fad59d83f7b4dbc3fa434ea8a18528a3a0b0fcab9,outer_fixed_k
R03_F05_k17_Independent_ET_Physics,3,5,R03_F05,17,Independent_ET_Physics,1074,True,b0b9467ac675984acee7d61fad59d83f7b4dbc3fa434ea8a18528a3a0b0fcab9,outer_fixed_k
R03_F05_k17_Native_ET_Physics,3,5,R03_F05,17,Native_ET_Physics,1074,True,b0b9467ac675984acee7d61fad59d83f7b4dbc3fa434ea8a18528a3a0b0fcab9,outer_fixed_k
R03_F05_k17_Native_RF_Physics,3,5,R03_F05,17,Native_RF_Physics,1074,True,b0b9467ac675984acee7d61fad59d83f7b4dbc3fa434ea8a18528a3a0b0fcab9,outer_fixed_k
R03_F05_k17_RegressorChain_ET_Physics,3,5,R03_F05,17,RegressorChain_ET_Physics,1074,True,b0b9467ac675984acee7d61fad59d83f7b4dbc3fa434ea8a18528a3a0b0fcab9,outer_fixed_k
R04_F01_k03_Independent_ET_Physics,4,1,R04_F01,3,Independent_ET_Physics,1061,True,02cbb96fbed72648827a93a97f0129355483262cb02302396b38799ac9bf1eeb,outer_fixed_k
R04_F01_k03_Native_ET_Physics,4,1,R04_F01,3,Native_ET_Physics,1061,True,02cbb96fbed72648827a93a97f0129355483262cb02302396b38799ac9bf1eeb,outer_fixed_k
R04_F01_k03_Native_RF_Physics,4,1,R04_F01,3,Native_RF_Physics,1061,True,02cbb96fbed72648827a93a97f0129355483262cb02302396b38799ac9bf1eeb,outer_fixed_k
R04_F01_k03_RegressorChain_ET_Physics,4,1,R04_F01,3,RegressorChain_ET_Physics,1061,True,02cbb96fbed72648827a93a97f0129355483262cb02302396b38799ac9bf1eeb,outer_fixed_k
R04_F01_k04_Independent_ET_Physics,4,1,R04_F01,4,Independent_ET_Physics,1062,True,02cbb96fbed72648827a93a97f0129355483262cb02302396b38799ac9bf1eeb,outer_fixed_k
R04_F01_k04_Native_ET_Physics,4,1,R04_F01,4,Native_ET_Physics,1062,True,02cbb96fbed72648827a93a97f0129355483262cb02302396b38799ac9bf1eeb,outer_fixed_k
R04_F01_k04_Native_RF_Physics,4,1,R04_F01,4,Native_RF_Physics,1062,True,02cbb96fbed72648827a93a97f0129355483262cb02302396b38799ac9bf1eeb,outer_fixed_k
R04_F01_k04_RegressorChain_ET_Physics,4,1,R04_F01,4,RegressorChain_ET_Physics,1062,True,02cbb96fbed72648827a93a97f0129355483262cb02302396b38799ac9bf1eeb,outer_fixed_k
R04_F01_k05_Independent_ET_Physics,4,1,R04_F01,5,Independent_ET_Physics,1063,True,02cbb96fbed72648827a93a97f0129355483262cb02302396b38799ac9bf1eeb,outer_fixed_k
R04_F01_k05_Native_ET_Physics,4,1,R04_F01,5,Native_ET_Physics,1063,True,02cbb96fbed72648827a93a97f0129355483262cb02302396b38799ac9bf1eeb,outer_fixed_k
R04_F01_k05_Native_RF_Physics,4,1,R04_F01,5,Native_RF_Physics,1063,True,02cbb96fbed72648827a93a97f0129355483262cb02302396b38799ac9bf1eeb,outer_fixed_k
R04_F01_k05_RegressorChain_ET_Physics,4,1,R04_F01,5,RegressorChain_ET_Physics,1063,True,02cbb96fbed72648827a93a97f0129355483262cb02302396b38799ac9bf1eeb,outer_fixed_k
R04_F01_k06_Independent_ET_Physics,4,1,R04_F01,6,Independent_ET_Physics,1064,True,02cbb96fbed72648827a93a97f0129355483262cb02302396b38799ac9bf1eeb,outer_fixed_k
R04_F01_k06_Native_ET_Physics,4,1,R04_F01,6,Native_ET_Physics,1064,True,02cbb96fbed72648827a93a97f0129355483262cb02302396b38799ac9bf1eeb,outer_fixed_k
R04_F01_k06_Native_RF_Physics,4,1,R04_F01,6,Native_RF_Physics,1064,True,02cbb96fbed72648827a93a97f0129355483262cb02302396b38799ac9bf1eeb,outer_fixed_k
R04_F01_k06_RegressorChain_ET_Physics,4,1,R04_F01,6,RegressorChain_ET_Physics,1064,True,02cbb96fbed72648827a93a97f0129355483262cb02302396b38799ac9bf1eeb,outer_fixed_k
R04_F01_k07_Independent_ET_Physics,4,1,R04_F01,7,Independent_ET_Physics,1065,True,02cbb96fbed72648827a93a97f0129355483262cb02302396b38799ac9bf1eeb,outer_fixed_k
R04_F01_k07_Native_ET_Physics,4,1,R04_F01,7,Native_ET_Physics,1065,True,02cbb96fbed72648827a93a97f0129355483262cb02302396b38799ac9bf1eeb,outer_fixed_k
R04_F01_k07_Native_RF_Physics,4,1,R04_F01,7,Native_RF_Physics,1065,True,02cbb96fbed72648827a93a97f0129355483262cb02302396b38799ac9bf1eeb,outer_fixed_k
R04_F01_k07_RegressorChain_ET_Physics,4,1,R04_F01,7,RegressorChain_ET_Physics,1065,True,02cbb96fbed72648827a93a97f0129355483262cb02302396b38799ac9bf1eeb,outer_fixed_k
R04_F01_k08_Independent_ET_Physics,4,1,R04_F01,8,Independent_ET_Physics,1066,True,02cbb96fbed72648827a93a97f0129355483262cb02302396b38799ac9bf1eeb,outer_fixed_k
R04_F01_k08_Native_ET_Physics,4,1,R04_F01,8,Native_ET_Physics,1066,True,02cbb96fbed72648827a93a97f0129355483262cb02302396b38799ac9bf1eeb,outer_fixed_k
R04_F01_k08_Native_RF_Physics,4,1,R04_F01,8,Native_RF_Physics,1066,True,02cbb96fbed72648827a93a97f0129355483262cb02302396b38799ac9bf1eeb,outer_fixed_k
R04_F01_k08_RegressorChain_ET_Physics,4,1,R04_F01,8,RegressorChain_ET_Physics,1066,True,02cbb96fbed72648827a93a97f0129355483262cb02302396b38799ac9bf1eeb,outer_fixed_k
R04_F01_k09_Independent_ET_Physics,4,1,R04_F01,9,Independent_ET_Physics,1067,True,02cbb96fbed72648827a93a97f0129355483262cb02302396b38799ac9bf1eeb,outer_fixed_k
R04_F01_k09_Native_ET_Physics,4,1,R04_F01,9,Native_ET_Physics,1067,True,02cbb96fbed72648827a93a97f0129355483262cb02302396b38799ac9bf1eeb,outer_fixed_k
R04_F01_k09_Native_RF_Physics,4,1,R04_F01,9,Native_RF_Physics,1067,True,02cbb96fbed72648827a93a97f0129355483262cb02302396b38799ac9bf1eeb,outer_fixed_k
R04_F01_k09_RegressorChain_ET_Physics,4,1,R04_F01,9,RegressorChain_ET_Physics,1067,True,02cbb96fbed72648827a93a97f0129355483262cb02302396b38799ac9bf1eeb,outer_fixed_k
R04_F01_k10_Independent_ET_Physics,4,1,R04_F01,10,Independent_ET_Physics,1068,True,02cbb96fbed72648827a93a97f0129355483262cb02302396b38799ac9bf1eeb,outer_fixed_k
R04_F01_k10_Native_ET_Physics,4,1,R04_F01,10,Native_ET_Physics,1068,True,02cbb96fbed72648827a93a97f0129355483262cb02302396b38799ac9bf1eeb,outer_fixed_k
R04_F01_k10_Native_RF_Physics,4,1,R04_F01,10,Native_RF_Physics,1068,True,02cbb96fbed72648827a93a97f0129355483262cb02302396b38799ac9bf1eeb,outer_fixed_k
R04_F01_k10_RegressorChain_ET_Physics,4,1,R04_F01,10,RegressorChain_ET_Physics,1068,True,02cbb96fbed72648827a93a97f0129355483262cb02302396b38799ac9bf1eeb,outer_fixed_k
R04_F01_k11_Independent_ET_Physics,4,1,R04_F01,11,Independent_ET_Physics,1069,True,02cbb96fbed72648827a93a97f0129355483262cb02302396b38799ac9bf1eeb,outer_fixed_k
R04_F01_k11_Native_ET_Physics,4,1,R04_F01,11,Native_ET_Physics,1069,True,02cbb96fbed72648827a93a97f0129355483262cb02302396b38799ac9bf1eeb,outer_fixed_k
R04_F01_k11_Native_RF_Physics,4,1,R04_F01,11,Native_RF_Physics,1069,True,02cbb96fbed72648827a93a97f0129355483262cb02302396b38799ac9bf1eeb,outer_fixed_k
R04_F01_k11_RegressorChain_ET_Physics,4,1,R04_F01,11,RegressorChain_ET_Physics,1069,True,02cbb96fbed72648827a93a97f0129355483262cb02302396b38799ac9bf1eeb,outer_fixed_k
R04_F01_k12_Independent_ET_Physics,4,1,R04_F01,12,Independent_ET_Physics,1070,True,02cbb96fbed72648827a93a97f0129355483262cb02302396b38799ac9bf1eeb,outer_fixed_k
R04_F01_k12_Native_ET_Physics,4,1,R04_F01,12,Native_ET_Physics,1070,True,02cbb96fbed72648827a93a97f0129355483262cb02302396b38799ac9bf1eeb,outer_fixed_k
R04_F01_k12_Native_RF_Physics,4,1,R04_F01,12,Native_RF_Physics,1070,True,02cbb96fbed72648827a93a97f0129355483262cb02302396b38799ac9bf1eeb,outer_fixed_k
R04_F01_k12_RegressorChain_ET_Physics,4,1,R04_F01,12,RegressorChain_ET_Physics,1070,True,02cbb96fbed72648827a93a97f0129355483262cb02302396b38799ac9bf1eeb,outer_fixed_k
R04_F01_k13_Independent_ET_Physics,4,1,R04_F01,13,Independent_ET_Physics,1071,True,02cbb96fbed72648827a93a97f0129355483262cb02302396b38799ac9bf1eeb,outer_fixed_k
R04_F01_k13_Native_ET_Physics,4,1,R04_F01,13,Native_ET_Physics,1071,True,02cbb96fbed72648827a93a97f0129355483262cb02302396b38799ac9bf1eeb,outer_fixed_k
R04_F01_k13_Native_RF_Physics,4,1,R04_F01,13,Native_RF_Physics,1071,True,02cbb96fbed72648827a93a97f0129355483262cb02302396b38799ac9bf1eeb,outer_fixed_k
R04_F01_k13_RegressorChain_ET_Physics,4,1,R04_F01,13,RegressorChain_ET_Physics,1071,True,02cbb96fbed72648827a93a97f0129355483262cb02302396b38799ac9bf1eeb,outer_fixed_k
R04_F01_k14_Independent_ET_Physics,4,1,R04_F01,14,Independent_ET_Physics,1072,True,02cbb96fbed72648827a93a97f0129355483262cb02302396b38799ac9bf1eeb,outer_fixed_k
R04_F01_k14_Native_ET_Physics,4,1,R04_F01,14,Native_ET_Physics,1072,True,02cbb96fbed72648827a93a97f0129355483262cb02302396b38799ac9bf1eeb,outer_fixed_k
R04_F01_k14_Native_RF_Physics,4,1,R04_F01,14,Native_RF_Physics,1072,True,02cbb96fbed72648827a93a97f0129355483262cb02302396b38799ac9bf1eeb,outer_fixed_k
R04_F01_k14_RegressorChain_ET_Physics,4,1,R04_F01,14,RegressorChain_ET_Physics,1072,True,02cbb96fbed72648827a93a97f0129355483262cb02302396b38799ac9bf1eeb,outer_fixed_k
R04_F01_k15_Independent_ET_Physics,4,1,R04_F01,15,Independent_ET_Physics,1073,True,02cbb96fbed72648827a93a97f0129355483262cb02302396b38799ac9bf1eeb,outer_fixed_k
R04_F01_k15_Native_ET_Physics,4,1,R04_F01,15,Native_ET_Physics,1073,True,02cbb96fbed72648827a93a97f0129355483262cb02302396b38799ac9bf1eeb,outer_fixed_k
R04_F01_k15_Native_RF_Physics,4,1,R04_F01,15,Native_RF_Physics,1073,True,02cbb96fbed72648827a93a97f0129355483262cb02302396b38799ac9bf1eeb,outer_fixed_k
R04_F01_k15_RegressorChain_ET_Physics,4,1,R04_F01,15,RegressorChain_ET_Physics,1073,True,02cbb96fbed72648827a93a97f0129355483262cb02302396b38799ac9bf1eeb,outer_fixed_k
R04_F01_k16_Independent_ET_Physics,4,1,R04_F01,16,Independent_ET_Physics,1074,True,02cbb96fbed72648827a93a97f0129355483262cb02302396b38799ac9bf1eeb,outer_fixed_k
R04_F01_k16_Native_ET_Physics,4,1,R04_F01,16,Native_ET_Physics,1074,True,02cbb96fbed72648827a93a97f0129355483262cb02302396b38799ac9bf1eeb,outer_fixed_k
R04_F01_k16_Native_RF_Physics,4,1,R04_F01,16,Native_RF_Physics,1074,True,02cbb96fbed72648827a93a97f0129355483262cb02302396b38799ac9bf1eeb,outer_fixed_k
R04_F01_k16_RegressorChain_ET_Physics,4,1,R04_F01,16,RegressorChain_ET_Physics,1074,True,02cbb96fbed72648827a93a97f0129355483262cb02302396b38799ac9bf1eeb,outer_fixed_k
R04_F01_k17_Independent_ET_Physics,4,1,R04_F01,17,Independent_ET_Physics,1075,True,02cbb96fbed72648827a93a97f0129355483262cb02302396b38799ac9bf1eeb,outer_fixed_k
R04_F01_k17_Native_ET_Physics,4,1,R04_F01,17,Native_ET_Physics,1075,True,02cbb96fbed72648827a93a97f0129355483262cb02302396b38799ac9bf1eeb,outer_fixed_k
R04_F01_k17_Native_RF_Physics,4,1,R04_F01,17,Native_RF_Physics,1075,True,02cbb96fbed72648827a93a97f0129355483262cb02302396b38799ac9bf1eeb,outer_fixed_k
R04_F01_k17_RegressorChain_ET_Physics,4,1,R04_F01,17,RegressorChain_ET_Physics,1075,True,02cbb96fbed72648827a93a97f0129355483262cb02302396b38799ac9bf1eeb,outer_fixed_k
R04_F02_k03_Independent_ET_Physics,4,2,R04_F02,3,Independent_ET_Physics,1062,True,fbaa0bd85ecced94b8a49a4cd79e4a51b6b0329b0512eafb92a1a9adfe6aee7e,outer_fixed_k
R04_F02_k03_Native_ET_Physics,4,2,R04_F02,3,Native_ET_Physics,1062,True,fbaa0bd85ecced94b8a49a4cd79e4a51b6b0329b0512eafb92a1a9adfe6aee7e,outer_fixed_k
R04_F02_k03_Native_RF_Physics,4,2,R04_F02,3,Native_RF_Physics,1062,True,fbaa0bd85ecced94b8a49a4cd79e4a51b6b0329b0512eafb92a1a9adfe6aee7e,outer_fixed_k
R04_F02_k03_RegressorChain_ET_Physics,4,2,R04_F02,3,RegressorChain_ET_Physics,1062,True,fbaa0bd85ecced94b8a49a4cd79e4a51b6b0329b0512eafb92a1a9adfe6aee7e,outer_fixed_k
R04_F02_k04_Independent_ET_Physics,4,2,R04_F02,4,Independent_ET_Physics,1063,True,fbaa0bd85ecced94b8a49a4cd79e4a51b6b0329b0512eafb92a1a9adfe6aee7e,outer_fixed_k
R04_F02_k04_Native_ET_Physics,4,2,R04_F02,4,Native_ET_Physics,1063,True,fbaa0bd85ecced94b8a49a4cd79e4a51b6b0329b0512eafb92a1a9adfe6aee7e,outer_fixed_k
R04_F02_k04_Native_RF_Physics,4,2,R04_F02,4,Native_RF_Physics,1063,True,fbaa0bd85ecced94b8a49a4cd79e4a51b6b0329b0512eafb92a1a9adfe6aee7e,outer_fixed_k
R04_F02_k04_RegressorChain_ET_Physics,4,2,R04_F02,4,RegressorChain_ET_Physics,1063,True,fbaa0bd85ecced94b8a49a4cd79e4a51b6b0329b0512eafb92a1a9adfe6aee7e,outer_fixed_k
R04_F02_k05_Independent_ET_Physics,4,2,R04_F02,5,Independent_ET_Physics,1064,True,fbaa0bd85ecced94b8a49a4cd79e4a51b6b0329b0512eafb92a1a9adfe6aee7e,outer_fixed_k
R04_F02_k05_Native_ET_Physics,4,2,R04_F02,5,Native_ET_Physics,1064,True,fbaa0bd85ecced94b8a49a4cd79e4a51b6b0329b0512eafb92a1a9adfe6aee7e,outer_fixed_k
R04_F02_k05_Native_RF_Physics,4,2,R04_F02,5,Native_RF_Physics,1064,True,fbaa0bd85ecced94b8a49a4cd79e4a51b6b0329b0512eafb92a1a9adfe6aee7e,outer_fixed_k
R04_F02_k05_RegressorChain_ET_Physics,4,2,R04_F02,5,RegressorChain_ET_Physics,1064,True,fbaa0bd85ecced94b8a49a4cd79e4a51b6b0329b0512eafb92a1a9adfe6aee7e,outer_fixed_k
R04_F02_k06_Independent_ET_Physics,4,2,R04_F02,6,Independent_ET_Physics,1065,True,fbaa0bd85ecced94b8a49a4cd79e4a51b6b0329b0512eafb92a1a9adfe6aee7e,outer_fixed_k
R04_F02_k06_Native_ET_Physics,4,2,R04_F02,6,Native_ET_Physics,1065,True,fbaa0bd85ecced94b8a49a4cd79e4a51b6b0329b0512eafb92a1a9adfe6aee7e,outer_fixed_k
R04_F02_k06_Native_RF_Physics,4,2,R04_F02,6,Native_RF_Physics,1065,True,fbaa0bd85ecced94b8a49a4cd79e4a51b6b0329b0512eafb92a1a9adfe6aee7e,outer_fixed_k
R04_F02_k06_RegressorChain_ET_Physics,4,2,R04_F02,6,RegressorChain_ET_Physics,1065,True,fbaa0bd85ecced94b8a49a4cd79e4a51b6b0329b0512eafb92a1a9adfe6aee7e,outer_fixed_k
R04_F02_k07_Independent_ET_Physics,4,2,R04_F02,7,Independent_ET_Physics,1066,True,fbaa0bd85ecced94b8a49a4cd79e4a51b6b0329b0512eafb92a1a9adfe6aee7e,outer_fixed_k
R04_F02_k07_Native_ET_Physics,4,2,R04_F02,7,Native_ET_Physics,1066,True,fbaa0bd85ecced94b8a49a4cd79e4a51b6b0329b0512eafb92a1a9adfe6aee7e,outer_fixed_k
R04_F02_k07_Native_RF_Physics,4,2,R04_F02,7,Native_RF_Physics,1066,True,fbaa0bd85ecced94b8a49a4cd79e4a51b6b0329b0512eafb92a1a9adfe6aee7e,outer_fixed_k
R04_F02_k07_RegressorChain_ET_Physics,4,2,R04_F02,7,RegressorChain_ET_Physics,1066,True,fbaa0bd85ecced94b8a49a4cd79e4a51b6b0329b0512eafb92a1a9adfe6aee7e,outer_fixed_k
R04_F02_k08_Independent_ET_Physics,4,2,R04_F02,8,Independent_ET_Physics,1067,True,fbaa0bd85ecced94b8a49a4cd79e4a51b6b0329b0512eafb92a1a9adfe6aee7e,outer_fixed_k
R04_F02_k08_Native_ET_Physics,4,2,R04_F02,8,Native_ET_Physics,1067,True,fbaa0bd85ecced94b8a49a4cd79e4a51b6b0329b0512eafb92a1a9adfe6aee7e,outer_fixed_k
R04_F02_k08_Native_RF_Physics,4,2,R04_F02,8,Native_RF_Physics,1067,True,fbaa0bd85ecced94b8a49a4cd79e4a51b6b0329b0512eafb92a1a9adfe6aee7e,outer_fixed_k
R04_F02_k08_RegressorChain_ET_Physics,4,2,R04_F02,8,RegressorChain_ET_Physics,1067,True,fbaa0bd85ecced94b8a49a4cd79e4a51b6b0329b0512eafb92a1a9adfe6aee7e,outer_fixed_k
R04_F02_k09_Independent_ET_Physics,4,2,R04_F02,9,Independent_ET_Physics,1068,True,fbaa0bd85ecced94b8a49a4cd79e4a51b6b0329b0512eafb92a1a9adfe6aee7e,outer_fixed_k
R04_F02_k09_Native_ET_Physics,4,2,R04_F02,9,Native_ET_Physics,1068,True,fbaa0bd85ecced94b8a49a4cd79e4a51b6b0329b0512eafb92a1a9adfe6aee7e,outer_fixed_k
R04_F02_k09_Native_RF_Physics,4,2,R04_F02,9,Native_RF_Physics,1068,True,fbaa0bd85ecced94b8a49a4cd79e4a51b6b0329b0512eafb92a1a9adfe6aee7e,outer_fixed_k
R04_F02_k09_RegressorChain_ET_Physics,4,2,R04_F02,9,RegressorChain_ET_Physics,1068,True,fbaa0bd85ecced94b8a49a4cd79e4a51b6b0329b0512eafb92a1a9adfe6aee7e,outer_fixed_k
R04_F02_k10_Independent_ET_Physics,4,2,R04_F02,10,Independent_ET_Physics,1069,True,fbaa0bd85ecced94b8a49a4cd79e4a51b6b0329b0512eafb92a1a9adfe6aee7e,outer_fixed_k
R04_F02_k10_Native_ET_Physics,4,2,R04_F02,10,Native_ET_Physics,1069,True,fbaa0bd85ecced94b8a49a4cd79e4a51b6b0329b0512eafb92a1a9adfe6aee7e,outer_fixed_k
R04_F02_k10_Native_RF_Physics,4,2,R04_F02,10,Native_RF_Physics,1069,True,fbaa0bd85ecced94b8a49a4cd79e4a51b6b0329b0512eafb92a1a9adfe6aee7e,outer_fixed_k
R04_F02_k10_RegressorChain_ET_Physics,4,2,R04_F02,10,RegressorChain_ET_Physics,1069,True,fbaa0bd85ecced94b8a49a4cd79e4a51b6b0329b0512eafb92a1a9adfe6aee7e,outer_fixed_k
R04_F02_k11_Independent_ET_Physics,4,2,R04_F02,11,Independent_ET_Physics,1070,True,fbaa0bd85ecced94b8a49a4cd79e4a51b6b0329b0512eafb92a1a9adfe6aee7e,outer_fixed_k
R04_F02_k11_Native_ET_Physics,4,2,R04_F02,11,Native_ET_Physics,1070,True,fbaa0bd85ecced94b8a49a4cd79e4a51b6b0329b0512eafb92a1a9adfe6aee7e,outer_fixed_k
R04_F02_k11_Native_RF_Physics,4,2,R04_F02,11,Native_RF_Physics,1070,True,fbaa0bd85ecced94b8a49a4cd79e4a51b6b0329b0512eafb92a1a9adfe6aee7e,outer_fixed_k
R04_F02_k11_RegressorChain_ET_Physics,4,2,R04_F02,11,RegressorChain_ET_Physics,1070,True,fbaa0bd85ecced94b8a49a4cd79e4a51b6b0329b0512eafb92a1a9adfe6aee7e,outer_fixed_k
R04_F02_k12_Independent_ET_Physics,4,2,R04_F02,12,Independent_ET_Physics,1071,True,fbaa0bd85ecced94b8a49a4cd79e4a51b6b0329b0512eafb92a1a9adfe6aee7e,outer_fixed_k
R04_F02_k12_Native_ET_Physics,4,2,R04_F02,12,Native_ET_Physics,1071,True,fbaa0bd85ecced94b8a49a4cd79e4a51b6b0329b0512eafb92a1a9adfe6aee7e,outer_fixed_k
R04_F02_k12_Native_RF_Physics,4,2,R04_F02,12,Native_RF_Physics,1071,True,fbaa0bd85ecced94b8a49a4cd79e4a51b6b0329b0512eafb92a1a9adfe6aee7e,outer_fixed_k
R04_F02_k12_RegressorChain_ET_Physics,4,2,R04_F02,12,RegressorChain_ET_Physics,1071,True,fbaa0bd85ecced94b8a49a4cd79e4a51b6b0329b0512eafb92a1a9adfe6aee7e,outer_fixed_k
R04_F02_k13_Independent_ET_Physics,4,2,R04_F02,13,Independent_ET_Physics,1072,True,fbaa0bd85ecced94b8a49a4cd79e4a51b6b0329b0512eafb92a1a9adfe6aee7e,outer_fixed_k
R04_F02_k13_Native_ET_Physics,4,2,R04_F02,13,Native_ET_Physics,1072,True,fbaa0bd85ecced94b8a49a4cd79e4a51b6b0329b0512eafb92a1a9adfe6aee7e,outer_fixed_k
R04_F02_k13_Native_RF_Physics,4,2,R04_F02,13,Native_RF_Physics,1072,True,fbaa0bd85ecced94b8a49a4cd79e4a51b6b0329b0512eafb92a1a9adfe6aee7e,outer_fixed_k
R04_F02_k13_RegressorChain_ET_Physics,4,2,R04_F02,13,RegressorChain_ET_Physics,1072,True,fbaa0bd85ecced94b8a49a4cd79e4a51b6b0329b0512eafb92a1a9adfe6aee7e,outer_fixed_k
R04_F02_k14_Independent_ET_Physics,4,2,R04_F02,14,Independent_ET_Physics,1073,True,fbaa0bd85ecced94b8a49a4cd79e4a51b6b0329b0512eafb92a1a9adfe6aee7e,outer_fixed_k
R04_F02_k14_Native_ET_Physics,4,2,R04_F02,14,Native_ET_Physics,1073,True,fbaa0bd85ecced94b8a49a4cd79e4a51b6b0329b0512eafb92a1a9adfe6aee7e,outer_fixed_k
R04_F02_k14_Native_RF_Physics,4,2,R04_F02,14,Native_RF_Physics,1073,True,fbaa0bd85ecced94b8a49a4cd79e4a51b6b0329b0512eafb92a1a9adfe6aee7e,outer_fixed_k
R04_F02_k14_RegressorChain_ET_Physics,4,2,R04_F02,14,RegressorChain_ET_Physics,1073,True,fbaa0bd85ecced94b8a49a4cd79e4a51b6b0329b0512eafb92a1a9adfe6aee7e,outer_fixed_k
R04_F02_k15_Independent_ET_Physics,4,2,R04_F02,15,Independent_ET_Physics,1074,True,fbaa0bd85ecced94b8a49a4cd79e4a51b6b0329b0512eafb92a1a9adfe6aee7e,outer_fixed_k
R04_F02_k15_Native_ET_Physics,4,2,R04_F02,15,Native_ET_Physics,1074,True,fbaa0bd85ecced94b8a49a4cd79e4a51b6b0329b0512eafb92a1a9adfe6aee7e,outer_fixed_k
R04_F02_k15_Native_RF_Physics,4,2,R04_F02,15,Native_RF_Physics,1074,True,fbaa0bd85ecced94b8a49a4cd79e4a51b6b0329b0512eafb92a1a9adfe6aee7e,outer_fixed_k
R04_F02_k15_RegressorChain_ET_Physics,4,2,R04_F02,15,RegressorChain_ET_Physics,1074,True,fbaa0bd85ecced94b8a49a4cd79e4a51b6b0329b0512eafb92a1a9adfe6aee7e,outer_fixed_k
R04_F02_k16_Independent_ET_Physics,4,2,R04_F02,16,Independent_ET_Physics,1075,True,fbaa0bd85ecced94b8a49a4cd79e4a51b6b0329b0512eafb92a1a9adfe6aee7e,outer_fixed_k
R04_F02_k16_Native_ET_Physics,4,2,R04_F02,16,Native_ET_Physics,1075,True,fbaa0bd85ecced94b8a49a4cd79e4a51b6b0329b0512eafb92a1a9adfe6aee7e,outer_fixed_k
R04_F02_k16_Native_RF_Physics,4,2,R04_F02,16,Native_RF_Physics,1075,True,fbaa0bd85ecced94b8a49a4cd79e4a51b6b0329b0512eafb92a1a9adfe6aee7e,outer_fixed_k
R04_F02_k16_RegressorChain_ET_Physics,4,2,R04_F02,16,RegressorChain_ET_Physics,1075,True,fbaa0bd85ecced94b8a49a4cd79e4a51b6b0329b0512eafb92a1a9adfe6aee7e,outer_fixed_k
R04_F02_k17_Independent_ET_Physics,4,2,R04_F02,17,Independent_ET_Physics,1076,True,fbaa0bd85ecced94b8a49a4cd79e4a51b6b0329b0512eafb92a1a9adfe6aee7e,outer_fixed_k
R04_F02_k17_Native_ET_Physics,4,2,R04_F02,17,Native_ET_Physics,1076,True,fbaa0bd85ecced94b8a49a4cd79e4a51b6b0329b0512eafb92a1a9adfe6aee7e,outer_fixed_k
R04_F02_k17_Native_RF_Physics,4,2,R04_F02,17,Native_RF_Physics,1076,True,fbaa0bd85ecced94b8a49a4cd79e4a51b6b0329b0512eafb92a1a9adfe6aee7e,outer_fixed_k
R04_F02_k17_RegressorChain_ET_Physics,4,2,R04_F02,17,RegressorChain_ET_Physics,1076,True,fbaa0bd85ecced94b8a49a4cd79e4a51b6b0329b0512eafb92a1a9adfe6aee7e,outer_fixed_k
R04_F03_k03_Independent_ET_Physics,4,3,R04_F03,3,Independent_ET_Physics,1063,True,55d09b6e1d9f12b25e12e3252233764bbd65e6717518c280fc713e291034891a,outer_fixed_k
R04_F03_k03_Native_ET_Physics,4,3,R04_F03,3,Native_ET_Physics,1063,True,55d09b6e1d9f12b25e12e3252233764bbd65e6717518c280fc713e291034891a,outer_fixed_k
R04_F03_k03_Native_RF_Physics,4,3,R04_F03,3,Native_RF_Physics,1063,True,55d09b6e1d9f12b25e12e3252233764bbd65e6717518c280fc713e291034891a,outer_fixed_k
R04_F03_k03_RegressorChain_ET_Physics,4,3,R04_F03,3,RegressorChain_ET_Physics,1063,True,55d09b6e1d9f12b25e12e3252233764bbd65e6717518c280fc713e291034891a,outer_fixed_k
R04_F03_k04_Independent_ET_Physics,4,3,R04_F03,4,Independent_ET_Physics,1064,True,55d09b6e1d9f12b25e12e3252233764bbd65e6717518c280fc713e291034891a,outer_fixed_k
R04_F03_k04_Native_ET_Physics,4,3,R04_F03,4,Native_ET_Physics,1064,True,55d09b6e1d9f12b25e12e3252233764bbd65e6717518c280fc713e291034891a,outer_fixed_k
R04_F03_k04_Native_RF_Physics,4,3,R04_F03,4,Native_RF_Physics,1064,True,55d09b6e1d9f12b25e12e3252233764bbd65e6717518c280fc713e291034891a,outer_fixed_k
R04_F03_k04_RegressorChain_ET_Physics,4,3,R04_F03,4,RegressorChain_ET_Physics,1064,True,55d09b6e1d9f12b25e12e3252233764bbd65e6717518c280fc713e291034891a,outer_fixed_k
R04_F03_k05_Independent_ET_Physics,4,3,R04_F03,5,Independent_ET_Physics,1065,True,55d09b6e1d9f12b25e12e3252233764bbd65e6717518c280fc713e291034891a,outer_fixed_k
R04_F03_k05_Native_ET_Physics,4,3,R04_F03,5,Native_ET_Physics,1065,True,55d09b6e1d9f12b25e12e3252233764bbd65e6717518c280fc713e291034891a,outer_fixed_k
R04_F03_k05_Native_RF_Physics,4,3,R04_F03,5,Native_RF_Physics,1065,True,55d09b6e1d9f12b25e12e3252233764bbd65e6717518c280fc713e291034891a,outer_fixed_k
R04_F03_k05_RegressorChain_ET_Physics,4,3,R04_F03,5,RegressorChain_ET_Physics,1065,True,55d09b6e1d9f12b25e12e3252233764bbd65e6717518c280fc713e291034891a,outer_fixed_k
R04_F03_k06_Independent_ET_Physics,4,3,R04_F03,6,Independent_ET_Physics,1066,True,55d09b6e1d9f12b25e12e3252233764bbd65e6717518c280fc713e291034891a,outer_fixed_k
R04_F03_k06_Native_ET_Physics,4,3,R04_F03,6,Native_ET_Physics,1066,True,55d09b6e1d9f12b25e12e3252233764bbd65e6717518c280fc713e291034891a,outer_fixed_k
R04_F03_k06_Native_RF_Physics,4,3,R04_F03,6,Native_RF_Physics,1066,True,55d09b6e1d9f12b25e12e3252233764bbd65e6717518c280fc713e291034891a,outer_fixed_k
R04_F03_k06_RegressorChain_ET_Physics,4,3,R04_F03,6,RegressorChain_ET_Physics,1066,True,55d09b6e1d9f12b25e12e3252233764bbd65e6717518c280fc713e291034891a,outer_fixed_k
R04_F03_k07_Independent_ET_Physics,4,3,R04_F03,7,Independent_ET_Physics,1067,True,55d09b6e1d9f12b25e12e3252233764bbd65e6717518c280fc713e291034891a,outer_fixed_k
R04_F03_k07_Native_ET_Physics,4,3,R04_F03,7,Native_ET_Physics,1067,True,55d09b6e1d9f12b25e12e3252233764bbd65e6717518c280fc713e291034891a,outer_fixed_k
R04_F03_k07_Native_RF_Physics,4,3,R04_F03,7,Native_RF_Physics,1067,True,55d09b6e1d9f12b25e12e3252233764bbd65e6717518c280fc713e291034891a,outer_fixed_k
R04_F03_k07_RegressorChain_ET_Physics,4,3,R04_F03,7,RegressorChain_ET_Physics,1067,True,55d09b6e1d9f12b25e12e3252233764bbd65e6717518c280fc713e291034891a,outer_fixed_k
R04_F03_k08_Independent_ET_Physics,4,3,R04_F03,8,Independent_ET_Physics,1068,True,55d09b6e1d9f12b25e12e3252233764bbd65e6717518c280fc713e291034891a,outer_fixed_k
R04_F03_k08_Native_ET_Physics,4,3,R04_F03,8,Native_ET_Physics,1068,True,55d09b6e1d9f12b25e12e3252233764bbd65e6717518c280fc713e291034891a,outer_fixed_k
R04_F03_k08_Native_RF_Physics,4,3,R04_F03,8,Native_RF_Physics,1068,True,55d09b6e1d9f12b25e12e3252233764bbd65e6717518c280fc713e291034891a,outer_fixed_k
R04_F03_k08_RegressorChain_ET_Physics,4,3,R04_F03,8,RegressorChain_ET_Physics,1068,True,55d09b6e1d9f12b25e12e3252233764bbd65e6717518c280fc713e291034891a,outer_fixed_k
R04_F03_k09_Independent_ET_Physics,4,3,R04_F03,9,Independent_ET_Physics,1069,True,55d09b6e1d9f12b25e12e3252233764bbd65e6717518c280fc713e291034891a,outer_fixed_k
R04_F03_k09_Native_ET_Physics,4,3,R04_F03,9,Native_ET_Physics,1069,True,55d09b6e1d9f12b25e12e3252233764bbd65e6717518c280fc713e291034891a,outer_fixed_k
R04_F03_k09_Native_RF_Physics,4,3,R04_F03,9,Native_RF_Physics,1069,True,55d09b6e1d9f12b25e12e3252233764bbd65e6717518c280fc713e291034891a,outer_fixed_k
R04_F03_k09_RegressorChain_ET_Physics,4,3,R04_F03,9,RegressorChain_ET_Physics,1069,True,55d09b6e1d9f12b25e12e3252233764bbd65e6717518c280fc713e291034891a,outer_fixed_k
R04_F03_k10_Independent_ET_Physics,4,3,R04_F03,10,Independent_ET_Physics,1070,True,55d09b6e1d9f12b25e12e3252233764bbd65e6717518c280fc713e291034891a,outer_fixed_k
R04_F03_k10_Native_ET_Physics,4,3,R04_F03,10,Native_ET_Physics,1070,True,55d09b6e1d9f12b25e12e3252233764bbd65e6717518c280fc713e291034891a,outer_fixed_k
R04_F03_k10_Native_RF_Physics,4,3,R04_F03,10,Native_RF_Physics,1070,True,55d09b6e1d9f12b25e12e3252233764bbd65e6717518c280fc713e291034891a,outer_fixed_k
R04_F03_k10_RegressorChain_ET_Physics,4,3,R04_F03,10,RegressorChain_ET_Physics,1070,True,55d09b6e1d9f12b25e12e3252233764bbd65e6717518c280fc713e291034891a,outer_fixed_k
R04_F03_k11_Independent_ET_Physics,4,3,R04_F03,11,Independent_ET_Physics,1071,True,55d09b6e1d9f12b25e12e3252233764bbd65e6717518c280fc713e291034891a,outer_fixed_k
R04_F03_k11_Native_ET_Physics,4,3,R04_F03,11,Native_ET_Physics,1071,True,55d09b6e1d9f12b25e12e3252233764bbd65e6717518c280fc713e291034891a,outer_fixed_k
R04_F03_k11_Native_RF_Physics,4,3,R04_F03,11,Native_RF_Physics,1071,True,55d09b6e1d9f12b25e12e3252233764bbd65e6717518c280fc713e291034891a,outer_fixed_k
R04_F03_k11_RegressorChain_ET_Physics,4,3,R04_F03,11,RegressorChain_ET_Physics,1071,True,55d09b6e1d9f12b25e12e3252233764bbd65e6717518c280fc713e291034891a,outer_fixed_k
R04_F03_k12_Independent_ET_Physics,4,3,R04_F03,12,Independent_ET_Physics,1072,True,55d09b6e1d9f12b25e12e3252233764bbd65e6717518c280fc713e291034891a,outer_fixed_k
R04_F03_k12_Native_ET_Physics,4,3,R04_F03,12,Native_ET_Physics,1072,True,55d09b6e1d9f12b25e12e3252233764bbd65e6717518c280fc713e291034891a,outer_fixed_k
R04_F03_k12_Native_RF_Physics,4,3,R04_F03,12,Native_RF_Physics,1072,True,55d09b6e1d9f12b25e12e3252233764bbd65e6717518c280fc713e291034891a,outer_fixed_k
R04_F03_k12_RegressorChain_ET_Physics,4,3,R04_F03,12,RegressorChain_ET_Physics,1072,True,55d09b6e1d9f12b25e12e3252233764bbd65e6717518c280fc713e291034891a,outer_fixed_k
R04_F03_k13_Independent_ET_Physics,4,3,R04_F03,13,Independent_ET_Physics,1073,True,55d09b6e1d9f12b25e12e3252233764bbd65e6717518c280fc713e291034891a,outer_fixed_k
R04_F03_k13_Native_ET_Physics,4,3,R04_F03,13,Native_ET_Physics,1073,True,55d09b6e1d9f12b25e12e3252233764bbd65e6717518c280fc713e291034891a,outer_fixed_k
R04_F03_k13_Native_RF_Physics,4,3,R04_F03,13,Native_RF_Physics,1073,True,55d09b6e1d9f12b25e12e3252233764bbd65e6717518c280fc713e291034891a,outer_fixed_k
R04_F03_k13_RegressorChain_ET_Physics,4,3,R04_F03,13,RegressorChain_ET_Physics,1073,True,55d09b6e1d9f12b25e12e3252233764bbd65e6717518c280fc713e291034891a,outer_fixed_k
R04_F03_k14_Independent_ET_Physics,4,3,R04_F03,14,Independent_ET_Physics,1074,True,55d09b6e1d9f12b25e12e3252233764bbd65e6717518c280fc713e291034891a,outer_fixed_k
R04_F03_k14_Native_ET_Physics,4,3,R04_F03,14,Native_ET_Physics,1074,True,55d09b6e1d9f12b25e12e3252233764bbd65e6717518c280fc713e291034891a,outer_fixed_k
R04_F03_k14_Native_RF_Physics,4,3,R04_F03,14,Native_RF_Physics,1074,True,55d09b6e1d9f12b25e12e3252233764bbd65e6717518c280fc713e291034891a,outer_fixed_k
R04_F03_k14_RegressorChain_ET_Physics,4,3,R04_F03,14,RegressorChain_ET_Physics,1074,True,55d09b6e1d9f12b25e12e3252233764bbd65e6717518c280fc713e291034891a,outer_fixed_k
R04_F03_k15_Independent_ET_Physics,4,3,R04_F03,15,Independent_ET_Physics,1075,True,55d09b6e1d9f12b25e12e3252233764bbd65e6717518c280fc713e291034891a,outer_fixed_k
R04_F03_k15_Native_ET_Physics,4,3,R04_F03,15,Native_ET_Physics,1075,True,55d09b6e1d9f12b25e12e3252233764bbd65e6717518c280fc713e291034891a,outer_fixed_k
R04_F03_k15_Native_RF_Physics,4,3,R04_F03,15,Native_RF_Physics,1075,True,55d09b6e1d9f12b25e12e3252233764bbd65e6717518c280fc713e291034891a,outer_fixed_k
R04_F03_k15_RegressorChain_ET_Physics,4,3,R04_F03,15,RegressorChain_ET_Physics,1075,True,55d09b6e1d9f12b25e12e3252233764bbd65e6717518c280fc713e291034891a,outer_fixed_k
R04_F03_k16_Independent_ET_Physics,4,3,R04_F03,16,Independent_ET_Physics,1076,True,55d09b6e1d9f12b25e12e3252233764bbd65e6717518c280fc713e291034891a,outer_fixed_k
R04_F03_k16_Native_ET_Physics,4,3,R04_F03,16,Native_ET_Physics,1076,True,55d09b6e1d9f12b25e12e3252233764bbd65e6717518c280fc713e291034891a,outer_fixed_k
R04_F03_k16_Native_RF_Physics,4,3,R04_F03,16,Native_RF_Physics,1076,True,55d09b6e1d9f12b25e12e3252233764bbd65e6717518c280fc713e291034891a,outer_fixed_k
R04_F03_k16_RegressorChain_ET_Physics,4,3,R04_F03,16,RegressorChain_ET_Physics,1076,True,55d09b6e1d9f12b25e12e3252233764bbd65e6717518c280fc713e291034891a,outer_fixed_k
R04_F03_k17_Independent_ET_Physics,4,3,R04_F03,17,Independent_ET_Physics,1077,True,55d09b6e1d9f12b25e12e3252233764bbd65e6717518c280fc713e291034891a,outer_fixed_k
R04_F03_k17_Native_ET_Physics,4,3,R04_F03,17,Native_ET_Physics,1077,True,55d09b6e1d9f12b25e12e3252233764bbd65e6717518c280fc713e291034891a,outer_fixed_k
R04_F03_k17_Native_RF_Physics,4,3,R04_F03,17,Native_RF_Physics,1077,True,55d09b6e1d9f12b25e12e3252233764bbd65e6717518c280fc713e291034891a,outer_fixed_k
R04_F03_k17_RegressorChain_ET_Physics,4,3,R04_F03,17,RegressorChain_ET_Physics,1077,True,55d09b6e1d9f12b25e12e3252233764bbd65e6717518c280fc713e291034891a,outer_fixed_k
R04_F04_k03_Independent_ET_Physics,4,4,R04_F04,3,Independent_ET_Physics,1064,True,32d0e44ea03cf571ad296d1a7dec0d9356e73086dbc6221320c5991a66e64911,outer_fixed_k
R04_F04_k03_Native_ET_Physics,4,4,R04_F04,3,Native_ET_Physics,1064,True,32d0e44ea03cf571ad296d1a7dec0d9356e73086dbc6221320c5991a66e64911,outer_fixed_k
R04_F04_k03_Native_RF_Physics,4,4,R04_F04,3,Native_RF_Physics,1064,True,32d0e44ea03cf571ad296d1a7dec0d9356e73086dbc6221320c5991a66e64911,outer_fixed_k
R04_F04_k03_RegressorChain_ET_Physics,4,4,R04_F04,3,RegressorChain_ET_Physics,1064,True,32d0e44ea03cf571ad296d1a7dec0d9356e73086dbc6221320c5991a66e64911,outer_fixed_k
R04_F04_k04_Independent_ET_Physics,4,4,R04_F04,4,Independent_ET_Physics,1065,True,32d0e44ea03cf571ad296d1a7dec0d9356e73086dbc6221320c5991a66e64911,outer_fixed_k
R04_F04_k04_Native_ET_Physics,4,4,R04_F04,4,Native_ET_Physics,1065,True,32d0e44ea03cf571ad296d1a7dec0d9356e73086dbc6221320c5991a66e64911,outer_fixed_k
R04_F04_k04_Native_RF_Physics,4,4,R04_F04,4,Native_RF_Physics,1065,True,32d0e44ea03cf571ad296d1a7dec0d9356e73086dbc6221320c5991a66e64911,outer_fixed_k
R04_F04_k04_RegressorChain_ET_Physics,4,4,R04_F04,4,RegressorChain_ET_Physics,1065,True,32d0e44ea03cf571ad296d1a7dec0d9356e73086dbc6221320c5991a66e64911,outer_fixed_k
R04_F04_k05_Independent_ET_Physics,4,4,R04_F04,5,Independent_ET_Physics,1066,True,32d0e44ea03cf571ad296d1a7dec0d9356e73086dbc6221320c5991a66e64911,outer_fixed_k
R04_F04_k05_Native_ET_Physics,4,4,R04_F04,5,Native_ET_Physics,1066,True,32d0e44ea03cf571ad296d1a7dec0d9356e73086dbc6221320c5991a66e64911,outer_fixed_k
R04_F04_k05_Native_RF_Physics,4,4,R04_F04,5,Native_RF_Physics,1066,True,32d0e44ea03cf571ad296d1a7dec0d9356e73086dbc6221320c5991a66e64911,outer_fixed_k
R04_F04_k05_RegressorChain_ET_Physics,4,4,R04_F04,5,RegressorChain_ET_Physics,1066,True,32d0e44ea03cf571ad296d1a7dec0d9356e73086dbc6221320c5991a66e64911,outer_fixed_k
R04_F04_k06_Independent_ET_Physics,4,4,R04_F04,6,Independent_ET_Physics,1067,True,32d0e44ea03cf571ad296d1a7dec0d9356e73086dbc6221320c5991a66e64911,outer_fixed_k
R04_F04_k06_Native_ET_Physics,4,4,R04_F04,6,Native_ET_Physics,1067,True,32d0e44ea03cf571ad296d1a7dec0d9356e73086dbc6221320c5991a66e64911,outer_fixed_k
R04_F04_k06_Native_RF_Physics,4,4,R04_F04,6,Native_RF_Physics,1067,True,32d0e44ea03cf571ad296d1a7dec0d9356e73086dbc6221320c5991a66e64911,outer_fixed_k
R04_F04_k06_RegressorChain_ET_Physics,4,4,R04_F04,6,RegressorChain_ET_Physics,1067,True,32d0e44ea03cf571ad296d1a7dec0d9356e73086dbc6221320c5991a66e64911,outer_fixed_k
R04_F04_k07_Independent_ET_Physics,4,4,R04_F04,7,Independent_ET_Physics,1068,True,32d0e44ea03cf571ad296d1a7dec0d9356e73086dbc6221320c5991a66e64911,outer_fixed_k
R04_F04_k07_Native_ET_Physics,4,4,R04_F04,7,Native_ET_Physics,1068,True,32d0e44ea03cf571ad296d1a7dec0d9356e73086dbc6221320c5991a66e64911,outer_fixed_k
R04_F04_k07_Native_RF_Physics,4,4,R04_F04,7,Native_RF_Physics,1068,True,32d0e44ea03cf571ad296d1a7dec0d9356e73086dbc6221320c5991a66e64911,outer_fixed_k
R04_F04_k07_RegressorChain_ET_Physics,4,4,R04_F04,7,RegressorChain_ET_Physics,1068,True,32d0e44ea03cf571ad296d1a7dec0d9356e73086dbc6221320c5991a66e64911,outer_fixed_k
R04_F04_k08_Independent_ET_Physics,4,4,R04_F04,8,Independent_ET_Physics,1069,True,32d0e44ea03cf571ad296d1a7dec0d9356e73086dbc6221320c5991a66e64911,outer_fixed_k
R04_F04_k08_Native_ET_Physics,4,4,R04_F04,8,Native_ET_Physics,1069,True,32d0e44ea03cf571ad296d1a7dec0d9356e73086dbc6221320c5991a66e64911,outer_fixed_k
R04_F04_k08_Native_RF_Physics,4,4,R04_F04,8,Native_RF_Physics,1069,True,32d0e44ea03cf571ad296d1a7dec0d9356e73086dbc6221320c5991a66e64911,outer_fixed_k
R04_F04_k08_RegressorChain_ET_Physics,4,4,R04_F04,8,RegressorChain_ET_Physics,1069,True,32d0e44ea03cf571ad296d1a7dec0d9356e73086dbc6221320c5991a66e64911,outer_fixed_k
R04_F04_k09_Independent_ET_Physics,4,4,R04_F04,9,Independent_ET_Physics,1070,True,32d0e44ea03cf571ad296d1a7dec0d9356e73086dbc6221320c5991a66e64911,outer_fixed_k
R04_F04_k09_Native_ET_Physics,4,4,R04_F04,9,Native_ET_Physics,1070,True,32d0e44ea03cf571ad296d1a7dec0d9356e73086dbc6221320c5991a66e64911,outer_fixed_k
R04_F04_k09_Native_RF_Physics,4,4,R04_F04,9,Native_RF_Physics,1070,True,32d0e44ea03cf571ad296d1a7dec0d9356e73086dbc6221320c5991a66e64911,outer_fixed_k
R04_F04_k09_RegressorChain_ET_Physics,4,4,R04_F04,9,RegressorChain_ET_Physics,1070,True,32d0e44ea03cf571ad296d1a7dec0d9356e73086dbc6221320c5991a66e64911,outer_fixed_k
R04_F04_k10_Independent_ET_Physics,4,4,R04_F04,10,Independent_ET_Physics,1071,True,32d0e44ea03cf571ad296d1a7dec0d9356e73086dbc6221320c5991a66e64911,outer_fixed_k
R04_F04_k10_Native_ET_Physics,4,4,R04_F04,10,Native_ET_Physics,1071,True,32d0e44ea03cf571ad296d1a7dec0d9356e73086dbc6221320c5991a66e64911,outer_fixed_k
R04_F04_k10_Native_RF_Physics,4,4,R04_F04,10,Native_RF_Physics,1071,True,32d0e44ea03cf571ad296d1a7dec0d9356e73086dbc6221320c5991a66e64911,outer_fixed_k
R04_F04_k10_RegressorChain_ET_Physics,4,4,R04_F04,10,RegressorChain_ET_Physics,1071,True,32d0e44ea03cf571ad296d1a7dec0d9356e73086dbc6221320c5991a66e64911,outer_fixed_k
R04_F04_k11_Independent_ET_Physics,4,4,R04_F04,11,Independent_ET_Physics,1072,True,32d0e44ea03cf571ad296d1a7dec0d9356e73086dbc6221320c5991a66e64911,outer_fixed_k
R04_F04_k11_Native_ET_Physics,4,4,R04_F04,11,Native_ET_Physics,1072,True,32d0e44ea03cf571ad296d1a7dec0d9356e73086dbc6221320c5991a66e64911,outer_fixed_k
R04_F04_k11_Native_RF_Physics,4,4,R04_F04,11,Native_RF_Physics,1072,True,32d0e44ea03cf571ad296d1a7dec0d9356e73086dbc6221320c5991a66e64911,outer_fixed_k
R04_F04_k11_RegressorChain_ET_Physics,4,4,R04_F04,11,RegressorChain_ET_Physics,1072,True,32d0e44ea03cf571ad296d1a7dec0d9356e73086dbc6221320c5991a66e64911,outer_fixed_k
R04_F04_k12_Independent_ET_Physics,4,4,R04_F04,12,Independent_ET_Physics,1073,True,32d0e44ea03cf571ad296d1a7dec0d9356e73086dbc6221320c5991a66e64911,outer_fixed_k
R04_F04_k12_Native_ET_Physics,4,4,R04_F04,12,Native_ET_Physics,1073,True,32d0e44ea03cf571ad296d1a7dec0d9356e73086dbc6221320c5991a66e64911,outer_fixed_k
R04_F04_k12_Native_RF_Physics,4,4,R04_F04,12,Native_RF_Physics,1073,True,32d0e44ea03cf571ad296d1a7dec0d9356e73086dbc6221320c5991a66e64911,outer_fixed_k
R04_F04_k12_RegressorChain_ET_Physics,4,4,R04_F04,12,RegressorChain_ET_Physics,1073,True,32d0e44ea03cf571ad296d1a7dec0d9356e73086dbc6221320c5991a66e64911,outer_fixed_k
R04_F04_k13_Independent_ET_Physics,4,4,R04_F04,13,Independent_ET_Physics,1074,True,32d0e44ea03cf571ad296d1a7dec0d9356e73086dbc6221320c5991a66e64911,outer_fixed_k
R04_F04_k13_Native_ET_Physics,4,4,R04_F04,13,Native_ET_Physics,1074,True,32d0e44ea03cf571ad296d1a7dec0d9356e73086dbc6221320c5991a66e64911,outer_fixed_k
R04_F04_k13_Native_RF_Physics,4,4,R04_F04,13,Native_RF_Physics,1074,True,32d0e44ea03cf571ad296d1a7dec0d9356e73086dbc6221320c5991a66e64911,outer_fixed_k
R04_F04_k13_RegressorChain_ET_Physics,4,4,R04_F04,13,RegressorChain_ET_Physics,1074,True,32d0e44ea03cf571ad296d1a7dec0d9356e73086dbc6221320c5991a66e64911,outer_fixed_k
R04_F04_k14_Independent_ET_Physics,4,4,R04_F04,14,Independent_ET_Physics,1075,True,32d0e44ea03cf571ad296d1a7dec0d9356e73086dbc6221320c5991a66e64911,outer_fixed_k
R04_F04_k14_Native_ET_Physics,4,4,R04_F04,14,Native_ET_Physics,1075,True,32d0e44ea03cf571ad296d1a7dec0d9356e73086dbc6221320c5991a66e64911,outer_fixed_k
R04_F04_k14_Native_RF_Physics,4,4,R04_F04,14,Native_RF_Physics,1075,True,32d0e44ea03cf571ad296d1a7dec0d9356e73086dbc6221320c5991a66e64911,outer_fixed_k
R04_F04_k14_RegressorChain_ET_Physics,4,4,R04_F04,14,RegressorChain_ET_Physics,1075,True,32d0e44ea03cf571ad296d1a7dec0d9356e73086dbc6221320c5991a66e64911,outer_fixed_k
R04_F04_k15_Independent_ET_Physics,4,4,R04_F04,15,Independent_ET_Physics,1076,True,32d0e44ea03cf571ad296d1a7dec0d9356e73086dbc6221320c5991a66e64911,outer_fixed_k
R04_F04_k15_Native_ET_Physics,4,4,R04_F04,15,Native_ET_Physics,1076,True,32d0e44ea03cf571ad296d1a7dec0d9356e73086dbc6221320c5991a66e64911,outer_fixed_k
R04_F04_k15_Native_RF_Physics,4,4,R04_F04,15,Native_RF_Physics,1076,True,32d0e44ea03cf571ad296d1a7dec0d9356e73086dbc6221320c5991a66e64911,outer_fixed_k
R04_F04_k15_RegressorChain_ET_Physics,4,4,R04_F04,15,RegressorChain_ET_Physics,1076,True,32d0e44ea03cf571ad296d1a7dec0d9356e73086dbc6221320c5991a66e64911,outer_fixed_k
R04_F04_k16_Independent_ET_Physics,4,4,R04_F04,16,Independent_ET_Physics,1077,True,32d0e44ea03cf571ad296d1a7dec0d9356e73086dbc6221320c5991a66e64911,outer_fixed_k
R04_F04_k16_Native_ET_Physics,4,4,R04_F04,16,Native_ET_Physics,1077,True,32d0e44ea03cf571ad296d1a7dec0d9356e73086dbc6221320c5991a66e64911,outer_fixed_k
R04_F04_k16_Native_RF_Physics,4,4,R04_F04,16,Native_RF_Physics,1077,True,32d0e44ea03cf571ad296d1a7dec0d9356e73086dbc6221320c5991a66e64911,outer_fixed_k
R04_F04_k16_RegressorChain_ET_Physics,4,4,R04_F04,16,RegressorChain_ET_Physics,1077,True,32d0e44ea03cf571ad296d1a7dec0d9356e73086dbc6221320c5991a66e64911,outer_fixed_k
R04_F04_k17_Independent_ET_Physics,4,4,R04_F04,17,Independent_ET_Physics,1078,True,32d0e44ea03cf571ad296d1a7dec0d9356e73086dbc6221320c5991a66e64911,outer_fixed_k
R04_F04_k17_Native_ET_Physics,4,4,R04_F04,17,Native_ET_Physics,1078,True,32d0e44ea03cf571ad296d1a7dec0d9356e73086dbc6221320c5991a66e64911,outer_fixed_k
R04_F04_k17_Native_RF_Physics,4,4,R04_F04,17,Native_RF_Physics,1078,True,32d0e44ea03cf571ad296d1a7dec0d9356e73086dbc6221320c5991a66e64911,outer_fixed_k
R04_F04_k17_RegressorChain_ET_Physics,4,4,R04_F04,17,RegressorChain_ET_Physics,1078,True,32d0e44ea03cf571ad296d1a7dec0d9356e73086dbc6221320c5991a66e64911,outer_fixed_k
R04_F05_k03_Independent_ET_Physics,4,5,R04_F05,3,Independent_ET_Physics,1065,True,4c628bd28d5875aec3c392956184b8eeb093c079a8445a4aca793b8ad02c37ea,outer_fixed_k
R04_F05_k03_Native_ET_Physics,4,5,R04_F05,3,Native_ET_Physics,1065,True,4c628bd28d5875aec3c392956184b8eeb093c079a8445a4aca793b8ad02c37ea,outer_fixed_k
R04_F05_k03_Native_RF_Physics,4,5,R04_F05,3,Native_RF_Physics,1065,True,4c628bd28d5875aec3c392956184b8eeb093c079a8445a4aca793b8ad02c37ea,outer_fixed_k
R04_F05_k03_RegressorChain_ET_Physics,4,5,R04_F05,3,RegressorChain_ET_Physics,1065,True,4c628bd28d5875aec3c392956184b8eeb093c079a8445a4aca793b8ad02c37ea,outer_fixed_k
R04_F05_k04_Independent_ET_Physics,4,5,R04_F05,4,Independent_ET_Physics,1066,True,4c628bd28d5875aec3c392956184b8eeb093c079a8445a4aca793b8ad02c37ea,outer_fixed_k
R04_F05_k04_Native_ET_Physics,4,5,R04_F05,4,Native_ET_Physics,1066,True,4c628bd28d5875aec3c392956184b8eeb093c079a8445a4aca793b8ad02c37ea,outer_fixed_k
R04_F05_k04_Native_RF_Physics,4,5,R04_F05,4,Native_RF_Physics,1066,True,4c628bd28d5875aec3c392956184b8eeb093c079a8445a4aca793b8ad02c37ea,outer_fixed_k
R04_F05_k04_RegressorChain_ET_Physics,4,5,R04_F05,4,RegressorChain_ET_Physics,1066,True,4c628bd28d5875aec3c392956184b8eeb093c079a8445a4aca793b8ad02c37ea,outer_fixed_k
R04_F05_k05_Independent_ET_Physics,4,5,R04_F05,5,Independent_ET_Physics,1067,True,4c628bd28d5875aec3c392956184b8eeb093c079a8445a4aca793b8ad02c37ea,outer_fixed_k
R04_F05_k05_Native_ET_Physics,4,5,R04_F05,5,Native_ET_Physics,1067,True,4c628bd28d5875aec3c392956184b8eeb093c079a8445a4aca793b8ad02c37ea,outer_fixed_k
R04_F05_k05_Native_RF_Physics,4,5,R04_F05,5,Native_RF_Physics,1067,True,4c628bd28d5875aec3c392956184b8eeb093c079a8445a4aca793b8ad02c37ea,outer_fixed_k
R04_F05_k05_RegressorChain_ET_Physics,4,5,R04_F05,5,RegressorChain_ET_Physics,1067,True,4c628bd28d5875aec3c392956184b8eeb093c079a8445a4aca793b8ad02c37ea,outer_fixed_k
R04_F05_k06_Independent_ET_Physics,4,5,R04_F05,6,Independent_ET_Physics,1068,True,4c628bd28d5875aec3c392956184b8eeb093c079a8445a4aca793b8ad02c37ea,outer_fixed_k
R04_F05_k06_Native_ET_Physics,4,5,R04_F05,6,Native_ET_Physics,1068,True,4c628bd28d5875aec3c392956184b8eeb093c079a8445a4aca793b8ad02c37ea,outer_fixed_k
R04_F05_k06_Native_RF_Physics,4,5,R04_F05,6,Native_RF_Physics,1068,True,4c628bd28d5875aec3c392956184b8eeb093c079a8445a4aca793b8ad02c37ea,outer_fixed_k
R04_F05_k06_RegressorChain_ET_Physics,4,5,R04_F05,6,RegressorChain_ET_Physics,1068,True,4c628bd28d5875aec3c392956184b8eeb093c079a8445a4aca793b8ad02c37ea,outer_fixed_k
R04_F05_k07_Independent_ET_Physics,4,5,R04_F05,7,Independent_ET_Physics,1069,True,4c628bd28d5875aec3c392956184b8eeb093c079a8445a4aca793b8ad02c37ea,outer_fixed_k
R04_F05_k07_Native_ET_Physics,4,5,R04_F05,7,Native_ET_Physics,1069,True,4c628bd28d5875aec3c392956184b8eeb093c079a8445a4aca793b8ad02c37ea,outer_fixed_k
R04_F05_k07_Native_RF_Physics,4,5,R04_F05,7,Native_RF_Physics,1069,True,4c628bd28d5875aec3c392956184b8eeb093c079a8445a4aca793b8ad02c37ea,outer_fixed_k
R04_F05_k07_RegressorChain_ET_Physics,4,5,R04_F05,7,RegressorChain_ET_Physics,1069,True,4c628bd28d5875aec3c392956184b8eeb093c079a8445a4aca793b8ad02c37ea,outer_fixed_k
R04_F05_k08_Independent_ET_Physics,4,5,R04_F05,8,Independent_ET_Physics,1070,True,4c628bd28d5875aec3c392956184b8eeb093c079a8445a4aca793b8ad02c37ea,outer_fixed_k
R04_F05_k08_Native_ET_Physics,4,5,R04_F05,8,Native_ET_Physics,1070,True,4c628bd28d5875aec3c392956184b8eeb093c079a8445a4aca793b8ad02c37ea,outer_fixed_k
R04_F05_k08_Native_RF_Physics,4,5,R04_F05,8,Native_RF_Physics,1070,True,4c628bd28d5875aec3c392956184b8eeb093c079a8445a4aca793b8ad02c37ea,outer_fixed_k
R04_F05_k08_RegressorChain_ET_Physics,4,5,R04_F05,8,RegressorChain_ET_Physics,1070,True,4c628bd28d5875aec3c392956184b8eeb093c079a8445a4aca793b8ad02c37ea,outer_fixed_k
R04_F05_k09_Independent_ET_Physics,4,5,R04_F05,9,Independent_ET_Physics,1071,True,4c628bd28d5875aec3c392956184b8eeb093c079a8445a4aca793b8ad02c37ea,outer_fixed_k
R04_F05_k09_Native_ET_Physics,4,5,R04_F05,9,Native_ET_Physics,1071,True,4c628bd28d5875aec3c392956184b8eeb093c079a8445a4aca793b8ad02c37ea,outer_fixed_k
R04_F05_k09_Native_RF_Physics,4,5,R04_F05,9,Native_RF_Physics,1071,True,4c628bd28d5875aec3c392956184b8eeb093c079a8445a4aca793b8ad02c37ea,outer_fixed_k
R04_F05_k09_RegressorChain_ET_Physics,4,5,R04_F05,9,RegressorChain_ET_Physics,1071,True,4c628bd28d5875aec3c392956184b8eeb093c079a8445a4aca793b8ad02c37ea,outer_fixed_k
R04_F05_k10_Independent_ET_Physics,4,5,R04_F05,10,Independent_ET_Physics,1072,True,4c628bd28d5875aec3c392956184b8eeb093c079a8445a4aca793b8ad02c37ea,outer_fixed_k
R04_F05_k10_Native_ET_Physics,4,5,R04_F05,10,Native_ET_Physics,1072,True,4c628bd28d5875aec3c392956184b8eeb093c079a8445a4aca793b8ad02c37ea,outer_fixed_k
R04_F05_k10_Native_RF_Physics,4,5,R04_F05,10,Native_RF_Physics,1072,True,4c628bd28d5875aec3c392956184b8eeb093c079a8445a4aca793b8ad02c37ea,outer_fixed_k
R04_F05_k10_RegressorChain_ET_Physics,4,5,R04_F05,10,RegressorChain_ET_Physics,1072,True,4c628bd28d5875aec3c392956184b8eeb093c079a8445a4aca793b8ad02c37ea,outer_fixed_k
R04_F05_k11_Independent_ET_Physics,4,5,R04_F05,11,Independent_ET_Physics,1073,True,4c628bd28d5875aec3c392956184b8eeb093c079a8445a4aca793b8ad02c37ea,outer_fixed_k
R04_F05_k11_Native_ET_Physics,4,5,R04_F05,11,Native_ET_Physics,1073,True,4c628bd28d5875aec3c392956184b8eeb093c079a8445a4aca793b8ad02c37ea,outer_fixed_k
R04_F05_k11_Native_RF_Physics,4,5,R04_F05,11,Native_RF_Physics,1073,True,4c628bd28d5875aec3c392956184b8eeb093c079a8445a4aca793b8ad02c37ea,outer_fixed_k
R04_F05_k11_RegressorChain_ET_Physics,4,5,R04_F05,11,RegressorChain_ET_Physics,1073,True,4c628bd28d5875aec3c392956184b8eeb093c079a8445a4aca793b8ad02c37ea,outer_fixed_k
R04_F05_k12_Independent_ET_Physics,4,5,R04_F05,12,Independent_ET_Physics,1074,True,4c628bd28d5875aec3c392956184b8eeb093c079a8445a4aca793b8ad02c37ea,outer_fixed_k
R04_F05_k12_Native_ET_Physics,4,5,R04_F05,12,Native_ET_Physics,1074,True,4c628bd28d5875aec3c392956184b8eeb093c079a8445a4aca793b8ad02c37ea,outer_fixed_k
R04_F05_k12_Native_RF_Physics,4,5,R04_F05,12,Native_RF_Physics,1074,True,4c628bd28d5875aec3c392956184b8eeb093c079a8445a4aca793b8ad02c37ea,outer_fixed_k
R04_F05_k12_RegressorChain_ET_Physics,4,5,R04_F05,12,RegressorChain_ET_Physics,1074,True,4c628bd28d5875aec3c392956184b8eeb093c079a8445a4aca793b8ad02c37ea,outer_fixed_k
R04_F05_k13_Independent_ET_Physics,4,5,R04_F05,13,Independent_ET_Physics,1075,True,4c628bd28d5875aec3c392956184b8eeb093c079a8445a4aca793b8ad02c37ea,outer_fixed_k
R04_F05_k13_Native_ET_Physics,4,5,R04_F05,13,Native_ET_Physics,1075,True,4c628bd28d5875aec3c392956184b8eeb093c079a8445a4aca793b8ad02c37ea,outer_fixed_k
R04_F05_k13_Native_RF_Physics,4,5,R04_F05,13,Native_RF_Physics,1075,True,4c628bd28d5875aec3c392956184b8eeb093c079a8445a4aca793b8ad02c37ea,outer_fixed_k
R04_F05_k13_RegressorChain_ET_Physics,4,5,R04_F05,13,RegressorChain_ET_Physics,1075,True,4c628bd28d5875aec3c392956184b8eeb093c079a8445a4aca793b8ad02c37ea,outer_fixed_k
R04_F05_k14_Independent_ET_Physics,4,5,R04_F05,14,Independent_ET_Physics,1076,True,4c628bd28d5875aec3c392956184b8eeb093c079a8445a4aca793b8ad02c37ea,outer_fixed_k
R04_F05_k14_Native_ET_Physics,4,5,R04_F05,14,Native_ET_Physics,1076,True,4c628bd28d5875aec3c392956184b8eeb093c079a8445a4aca793b8ad02c37ea,outer_fixed_k
R04_F05_k14_Native_RF_Physics,4,5,R04_F05,14,Native_RF_Physics,1076,True,4c628bd28d5875aec3c392956184b8eeb093c079a8445a4aca793b8ad02c37ea,outer_fixed_k
R04_F05_k14_RegressorChain_ET_Physics,4,5,R04_F05,14,RegressorChain_ET_Physics,1076,True,4c628bd28d5875aec3c392956184b8eeb093c079a8445a4aca793b8ad02c37ea,outer_fixed_k
R04_F05_k15_Independent_ET_Physics,4,5,R04_F05,15,Independent_ET_Physics,1077,True,4c628bd28d5875aec3c392956184b8eeb093c079a8445a4aca793b8ad02c37ea,outer_fixed_k
R04_F05_k15_Native_ET_Physics,4,5,R04_F05,15,Native_ET_Physics,1077,True,4c628bd28d5875aec3c392956184b8eeb093c079a8445a4aca793b8ad02c37ea,outer_fixed_k
R04_F05_k15_Native_RF_Physics,4,5,R04_F05,15,Native_RF_Physics,1077,True,4c628bd28d5875aec3c392956184b8eeb093c079a8445a4aca793b8ad02c37ea,outer_fixed_k
R04_F05_k15_RegressorChain_ET_Physics,4,5,R04_F05,15,RegressorChain_ET_Physics,1077,True,4c628bd28d5875aec3c392956184b8eeb093c079a8445a4aca793b8ad02c37ea,outer_fixed_k
R04_F05_k16_Independent_ET_Physics,4,5,R04_F05,16,Independent_ET_Physics,1078,True,4c628bd28d5875aec3c392956184b8eeb093c079a8445a4aca793b8ad02c37ea,outer_fixed_k
R04_F05_k16_Native_ET_Physics,4,5,R04_F05,16,Native_ET_Physics,1078,True,4c628bd28d5875aec3c392956184b8eeb093c079a8445a4aca793b8ad02c37ea,outer_fixed_k
R04_F05_k16_Native_RF_Physics,4,5,R04_F05,16,Native_RF_Physics,1078,True,4c628bd28d5875aec3c392956184b8eeb093c079a8445a4aca793b8ad02c37ea,outer_fixed_k
R04_F05_k16_RegressorChain_ET_Physics,4,5,R04_F05,16,RegressorChain_ET_Physics,1078,True,4c628bd28d5875aec3c392956184b8eeb093c079a8445a4aca793b8ad02c37ea,outer_fixed_k
R04_F05_k17_Independent_ET_Physics,4,5,R04_F05,17,Independent_ET_Physics,1079,True,4c628bd28d5875aec3c392956184b8eeb093c079a8445a4aca793b8ad02c37ea,outer_fixed_k
R04_F05_k17_Native_ET_Physics,4,5,R04_F05,17,Native_ET_Physics,1079,True,4c628bd28d5875aec3c392956184b8eeb093c079a8445a4aca793b8ad02c37ea,outer_fixed_k
R04_F05_k17_Native_RF_Physics,4,5,R04_F05,17,Native_RF_Physics,1079,True,4c628bd28d5875aec3c392956184b8eeb093c079a8445a4aca793b8ad02c37ea,outer_fixed_k
R04_F05_k17_RegressorChain_ET_Physics,4,5,R04_F05,17,RegressorChain_ET_Physics,1079,True,4c628bd28d5875aec3c392956184b8eeb093c079a8445a4aca793b8ad02c37ea,outer_fixed_k
R05_F01_k03_Independent_ET_Physics,5,1,R05_F01,3,Independent_ET_Physics,1066,True,62c7367cc56d8bea1b0ab834ddf7580d100b236d9e17b57a22464e7b13dfd3ff,outer_fixed_k
R05_F01_k03_Native_ET_Physics,5,1,R05_F01,3,Native_ET_Physics,1066,True,62c7367cc56d8bea1b0ab834ddf7580d100b236d9e17b57a22464e7b13dfd3ff,outer_fixed_k
R05_F01_k03_Native_RF_Physics,5,1,R05_F01,3,Native_RF_Physics,1066,True,62c7367cc56d8bea1b0ab834ddf7580d100b236d9e17b57a22464e7b13dfd3ff,outer_fixed_k
R05_F01_k03_RegressorChain_ET_Physics,5,1,R05_F01,3,RegressorChain_ET_Physics,1066,True,62c7367cc56d8bea1b0ab834ddf7580d100b236d9e17b57a22464e7b13dfd3ff,outer_fixed_k
R05_F01_k04_Independent_ET_Physics,5,1,R05_F01,4,Independent_ET_Physics,1067,True,62c7367cc56d8bea1b0ab834ddf7580d100b236d9e17b57a22464e7b13dfd3ff,outer_fixed_k
R05_F01_k04_Native_ET_Physics,5,1,R05_F01,4,Native_ET_Physics,1067,True,62c7367cc56d8bea1b0ab834ddf7580d100b236d9e17b57a22464e7b13dfd3ff,outer_fixed_k
R05_F01_k04_Native_RF_Physics,5,1,R05_F01,4,Native_RF_Physics,1067,True,62c7367cc56d8bea1b0ab834ddf7580d100b236d9e17b57a22464e7b13dfd3ff,outer_fixed_k
R05_F01_k04_RegressorChain_ET_Physics,5,1,R05_F01,4,RegressorChain_ET_Physics,1067,True,62c7367cc56d8bea1b0ab834ddf7580d100b236d9e17b57a22464e7b13dfd3ff,outer_fixed_k
R05_F01_k05_Independent_ET_Physics,5,1,R05_F01,5,Independent_ET_Physics,1068,True,62c7367cc56d8bea1b0ab834ddf7580d100b236d9e17b57a22464e7b13dfd3ff,outer_fixed_k
R05_F01_k05_Native_ET_Physics,5,1,R05_F01,5,Native_ET_Physics,1068,True,62c7367cc56d8bea1b0ab834ddf7580d100b236d9e17b57a22464e7b13dfd3ff,outer_fixed_k
R05_F01_k05_Native_RF_Physics,5,1,R05_F01,5,Native_RF_Physics,1068,True,62c7367cc56d8bea1b0ab834ddf7580d100b236d9e17b57a22464e7b13dfd3ff,outer_fixed_k
R05_F01_k05_RegressorChain_ET_Physics,5,1,R05_F01,5,RegressorChain_ET_Physics,1068,True,62c7367cc56d8bea1b0ab834ddf7580d100b236d9e17b57a22464e7b13dfd3ff,outer_fixed_k
R05_F01_k06_Independent_ET_Physics,5,1,R05_F01,6,Independent_ET_Physics,1069,True,62c7367cc56d8bea1b0ab834ddf7580d100b236d9e17b57a22464e7b13dfd3ff,outer_fixed_k
R05_F01_k06_Native_ET_Physics,5,1,R05_F01,6,Native_ET_Physics,1069,True,62c7367cc56d8bea1b0ab834ddf7580d100b236d9e17b57a22464e7b13dfd3ff,outer_fixed_k
R05_F01_k06_Native_RF_Physics,5,1,R05_F01,6,Native_RF_Physics,1069,True,62c7367cc56d8bea1b0ab834ddf7580d100b236d9e17b57a22464e7b13dfd3ff,outer_fixed_k
R05_F01_k06_RegressorChain_ET_Physics,5,1,R05_F01,6,RegressorChain_ET_Physics,1069,True,62c7367cc56d8bea1b0ab834ddf7580d100b236d9e17b57a22464e7b13dfd3ff,outer_fixed_k
R05_F01_k07_Independent_ET_Physics,5,1,R05_F01,7,Independent_ET_Physics,1070,True,62c7367cc56d8bea1b0ab834ddf7580d100b236d9e17b57a22464e7b13dfd3ff,outer_fixed_k
R05_F01_k07_Native_ET_Physics,5,1,R05_F01,7,Native_ET_Physics,1070,True,62c7367cc56d8bea1b0ab834ddf7580d100b236d9e17b57a22464e7b13dfd3ff,outer_fixed_k
R05_F01_k07_Native_RF_Physics,5,1,R05_F01,7,Native_RF_Physics,1070,True,62c7367cc56d8bea1b0ab834ddf7580d100b236d9e17b57a22464e7b13dfd3ff,outer_fixed_k
R05_F01_k07_RegressorChain_ET_Physics,5,1,R05_F01,7,RegressorChain_ET_Physics,1070,True,62c7367cc56d8bea1b0ab834ddf7580d100b236d9e17b57a22464e7b13dfd3ff,outer_fixed_k
R05_F01_k08_Independent_ET_Physics,5,1,R05_F01,8,Independent_ET_Physics,1071,True,62c7367cc56d8bea1b0ab834ddf7580d100b236d9e17b57a22464e7b13dfd3ff,outer_fixed_k
R05_F01_k08_Native_ET_Physics,5,1,R05_F01,8,Native_ET_Physics,1071,True,62c7367cc56d8bea1b0ab834ddf7580d100b236d9e17b57a22464e7b13dfd3ff,outer_fixed_k
R05_F01_k08_Native_RF_Physics,5,1,R05_F01,8,Native_RF_Physics,1071,True,62c7367cc56d8bea1b0ab834ddf7580d100b236d9e17b57a22464e7b13dfd3ff,outer_fixed_k
R05_F01_k08_RegressorChain_ET_Physics,5,1,R05_F01,8,RegressorChain_ET_Physics,1071,True,62c7367cc56d8bea1b0ab834ddf7580d100b236d9e17b57a22464e7b13dfd3ff,outer_fixed_k
R05_F01_k09_Independent_ET_Physics,5,1,R05_F01,9,Independent_ET_Physics,1072,True,62c7367cc56d8bea1b0ab834ddf7580d100b236d9e17b57a22464e7b13dfd3ff,outer_fixed_k
R05_F01_k09_Native_ET_Physics,5,1,R05_F01,9,Native_ET_Physics,1072,True,62c7367cc56d8bea1b0ab834ddf7580d100b236d9e17b57a22464e7b13dfd3ff,outer_fixed_k
R05_F01_k09_Native_RF_Physics,5,1,R05_F01,9,Native_RF_Physics,1072,True,62c7367cc56d8bea1b0ab834ddf7580d100b236d9e17b57a22464e7b13dfd3ff,outer_fixed_k
R05_F01_k09_RegressorChain_ET_Physics,5,1,R05_F01,9,RegressorChain_ET_Physics,1072,True,62c7367cc56d8bea1b0ab834ddf7580d100b236d9e17b57a22464e7b13dfd3ff,outer_fixed_k
R05_F01_k10_Independent_ET_Physics,5,1,R05_F01,10,Independent_ET_Physics,1073,True,62c7367cc56d8bea1b0ab834ddf7580d100b236d9e17b57a22464e7b13dfd3ff,outer_fixed_k
R05_F01_k10_Native_ET_Physics,5,1,R05_F01,10,Native_ET_Physics,1073,True,62c7367cc56d8bea1b0ab834ddf7580d100b236d9e17b57a22464e7b13dfd3ff,outer_fixed_k
R05_F01_k10_Native_RF_Physics,5,1,R05_F01,10,Native_RF_Physics,1073,True,62c7367cc56d8bea1b0ab834ddf7580d100b236d9e17b57a22464e7b13dfd3ff,outer_fixed_k
R05_F01_k10_RegressorChain_ET_Physics,5,1,R05_F01,10,RegressorChain_ET_Physics,1073,True,62c7367cc56d8bea1b0ab834ddf7580d100b236d9e17b57a22464e7b13dfd3ff,outer_fixed_k
R05_F01_k11_Independent_ET_Physics,5,1,R05_F01,11,Independent_ET_Physics,1074,True,62c7367cc56d8bea1b0ab834ddf7580d100b236d9e17b57a22464e7b13dfd3ff,outer_fixed_k
R05_F01_k11_Native_ET_Physics,5,1,R05_F01,11,Native_ET_Physics,1074,True,62c7367cc56d8bea1b0ab834ddf7580d100b236d9e17b57a22464e7b13dfd3ff,outer_fixed_k
R05_F01_k11_Native_RF_Physics,5,1,R05_F01,11,Native_RF_Physics,1074,True,62c7367cc56d8bea1b0ab834ddf7580d100b236d9e17b57a22464e7b13dfd3ff,outer_fixed_k
R05_F01_k11_RegressorChain_ET_Physics,5,1,R05_F01,11,RegressorChain_ET_Physics,1074,True,62c7367cc56d8bea1b0ab834ddf7580d100b236d9e17b57a22464e7b13dfd3ff,outer_fixed_k
R05_F01_k12_Independent_ET_Physics,5,1,R05_F01,12,Independent_ET_Physics,1075,True,62c7367cc56d8bea1b0ab834ddf7580d100b236d9e17b57a22464e7b13dfd3ff,outer_fixed_k
R05_F01_k12_Native_ET_Physics,5,1,R05_F01,12,Native_ET_Physics,1075,True,62c7367cc56d8bea1b0ab834ddf7580d100b236d9e17b57a22464e7b13dfd3ff,outer_fixed_k
R05_F01_k12_Native_RF_Physics,5,1,R05_F01,12,Native_RF_Physics,1075,True,62c7367cc56d8bea1b0ab834ddf7580d100b236d9e17b57a22464e7b13dfd3ff,outer_fixed_k
R05_F01_k12_RegressorChain_ET_Physics,5,1,R05_F01,12,RegressorChain_ET_Physics,1075,True,62c7367cc56d8bea1b0ab834ddf7580d100b236d9e17b57a22464e7b13dfd3ff,outer_fixed_k
R05_F01_k13_Independent_ET_Physics,5,1,R05_F01,13,Independent_ET_Physics,1076,True,62c7367cc56d8bea1b0ab834ddf7580d100b236d9e17b57a22464e7b13dfd3ff,outer_fixed_k
R05_F01_k13_Native_ET_Physics,5,1,R05_F01,13,Native_ET_Physics,1076,True,62c7367cc56d8bea1b0ab834ddf7580d100b236d9e17b57a22464e7b13dfd3ff,outer_fixed_k
R05_F01_k13_Native_RF_Physics,5,1,R05_F01,13,Native_RF_Physics,1076,True,62c7367cc56d8bea1b0ab834ddf7580d100b236d9e17b57a22464e7b13dfd3ff,outer_fixed_k
R05_F01_k13_RegressorChain_ET_Physics,5,1,R05_F01,13,RegressorChain_ET_Physics,1076,True,62c7367cc56d8bea1b0ab834ddf7580d100b236d9e17b57a22464e7b13dfd3ff,outer_fixed_k
R05_F01_k14_Independent_ET_Physics,5,1,R05_F01,14,Independent_ET_Physics,1077,True,62c7367cc56d8bea1b0ab834ddf7580d100b236d9e17b57a22464e7b13dfd3ff,outer_fixed_k
R05_F01_k14_Native_ET_Physics,5,1,R05_F01,14,Native_ET_Physics,1077,True,62c7367cc56d8bea1b0ab834ddf7580d100b236d9e17b57a22464e7b13dfd3ff,outer_fixed_k
R05_F01_k14_Native_RF_Physics,5,1,R05_F01,14,Native_RF_Physics,1077,True,62c7367cc56d8bea1b0ab834ddf7580d100b236d9e17b57a22464e7b13dfd3ff,outer_fixed_k
R05_F01_k14_RegressorChain_ET_Physics,5,1,R05_F01,14,RegressorChain_ET_Physics,1077,True,62c7367cc56d8bea1b0ab834ddf7580d100b236d9e17b57a22464e7b13dfd3ff,outer_fixed_k
R05_F01_k15_Independent_ET_Physics,5,1,R05_F01,15,Independent_ET_Physics,1078,True,62c7367cc56d8bea1b0ab834ddf7580d100b236d9e17b57a22464e7b13dfd3ff,outer_fixed_k
R05_F01_k15_Native_ET_Physics,5,1,R05_F01,15,Native_ET_Physics,1078,True,62c7367cc56d8bea1b0ab834ddf7580d100b236d9e17b57a22464e7b13dfd3ff,outer_fixed_k
R05_F01_k15_Native_RF_Physics,5,1,R05_F01,15,Native_RF_Physics,1078,True,62c7367cc56d8bea1b0ab834ddf7580d100b236d9e17b57a22464e7b13dfd3ff,outer_fixed_k
R05_F01_k15_RegressorChain_ET_Physics,5,1,R05_F01,15,RegressorChain_ET_Physics,1078,True,62c7367cc56d8bea1b0ab834ddf7580d100b236d9e17b57a22464e7b13dfd3ff,outer_fixed_k
R05_F01_k16_Independent_ET_Physics,5,1,R05_F01,16,Independent_ET_Physics,1079,True,62c7367cc56d8bea1b0ab834ddf7580d100b236d9e17b57a22464e7b13dfd3ff,outer_fixed_k
R05_F01_k16_Native_ET_Physics,5,1,R05_F01,16,Native_ET_Physics,1079,True,62c7367cc56d8bea1b0ab834ddf7580d100b236d9e17b57a22464e7b13dfd3ff,outer_fixed_k
R05_F01_k16_Native_RF_Physics,5,1,R05_F01,16,Native_RF_Physics,1079,True,62c7367cc56d8bea1b0ab834ddf7580d100b236d9e17b57a22464e7b13dfd3ff,outer_fixed_k
R05_F01_k16_RegressorChain_ET_Physics,5,1,R05_F01,16,RegressorChain_ET_Physics,1079,True,62c7367cc56d8bea1b0ab834ddf7580d100b236d9e17b57a22464e7b13dfd3ff,outer_fixed_k
R05_F01_k17_Independent_ET_Physics,5,1,R05_F01,17,Independent_ET_Physics,1080,True,62c7367cc56d8bea1b0ab834ddf7580d100b236d9e17b57a22464e7b13dfd3ff,outer_fixed_k
R05_F01_k17_Native_ET_Physics,5,1,R05_F01,17,Native_ET_Physics,1080,True,62c7367cc56d8bea1b0ab834ddf7580d100b236d9e17b57a22464e7b13dfd3ff,outer_fixed_k
R05_F01_k17_Native_RF_Physics,5,1,R05_F01,17,Native_RF_Physics,1080,True,62c7367cc56d8bea1b0ab834ddf7580d100b236d9e17b57a22464e7b13dfd3ff,outer_fixed_k
R05_F01_k17_RegressorChain_ET_Physics,5,1,R05_F01,17,RegressorChain_ET_Physics,1080,True,62c7367cc56d8bea1b0ab834ddf7580d100b236d9e17b57a22464e7b13dfd3ff,outer_fixed_k
R05_F02_k03_Independent_ET_Physics,5,2,R05_F02,3,Independent_ET_Physics,1067,True,ee43dfa0b9f43ac0d11ad6d903a3b6ae560461bf20922e5ec62ea86fe309d019,outer_fixed_k
R05_F02_k03_Native_ET_Physics,5,2,R05_F02,3,Native_ET_Physics,1067,True,ee43dfa0b9f43ac0d11ad6d903a3b6ae560461bf20922e5ec62ea86fe309d019,outer_fixed_k
R05_F02_k03_Native_RF_Physics,5,2,R05_F02,3,Native_RF_Physics,1067,True,ee43dfa0b9f43ac0d11ad6d903a3b6ae560461bf20922e5ec62ea86fe309d019,outer_fixed_k
R05_F02_k03_RegressorChain_ET_Physics,5,2,R05_F02,3,RegressorChain_ET_Physics,1067,True,ee43dfa0b9f43ac0d11ad6d903a3b6ae560461bf20922e5ec62ea86fe309d019,outer_fixed_k
R05_F02_k04_Independent_ET_Physics,5,2,R05_F02,4,Independent_ET_Physics,1068,True,ee43dfa0b9f43ac0d11ad6d903a3b6ae560461bf20922e5ec62ea86fe309d019,outer_fixed_k
R05_F02_k04_Native_ET_Physics,5,2,R05_F02,4,Native_ET_Physics,1068,True,ee43dfa0b9f43ac0d11ad6d903a3b6ae560461bf20922e5ec62ea86fe309d019,outer_fixed_k
R05_F02_k04_Native_RF_Physics,5,2,R05_F02,4,Native_RF_Physics,1068,True,ee43dfa0b9f43ac0d11ad6d903a3b6ae560461bf20922e5ec62ea86fe309d019,outer_fixed_k
R05_F02_k04_RegressorChain_ET_Physics,5,2,R05_F02,4,RegressorChain_ET_Physics,1068,True,ee43dfa0b9f43ac0d11ad6d903a3b6ae560461bf20922e5ec62ea86fe309d019,outer_fixed_k
R05_F02_k05_Independent_ET_Physics,5,2,R05_F02,5,Independent_ET_Physics,1069,True,ee43dfa0b9f43ac0d11ad6d903a3b6ae560461bf20922e5ec62ea86fe309d019,outer_fixed_k
R05_F02_k05_Native_ET_Physics,5,2,R05_F02,5,Native_ET_Physics,1069,True,ee43dfa0b9f43ac0d11ad6d903a3b6ae560461bf20922e5ec62ea86fe309d019,outer_fixed_k
R05_F02_k05_Native_RF_Physics,5,2,R05_F02,5,Native_RF_Physics,1069,True,ee43dfa0b9f43ac0d11ad6d903a3b6ae560461bf20922e5ec62ea86fe309d019,outer_fixed_k
R05_F02_k05_RegressorChain_ET_Physics,5,2,R05_F02,5,RegressorChain_ET_Physics,1069,True,ee43dfa0b9f43ac0d11ad6d903a3b6ae560461bf20922e5ec62ea86fe309d019,outer_fixed_k
R05_F02_k06_Independent_ET_Physics,5,2,R05_F02,6,Independent_ET_Physics,1070,True,ee43dfa0b9f43ac0d11ad6d903a3b6ae560461bf20922e5ec62ea86fe309d019,outer_fixed_k
R05_F02_k06_Native_ET_Physics,5,2,R05_F02,6,Native_ET_Physics,1070,True,ee43dfa0b9f43ac0d11ad6d903a3b6ae560461bf20922e5ec62ea86fe309d019,outer_fixed_k
R05_F02_k06_Native_RF_Physics,5,2,R05_F02,6,Native_RF_Physics,1070,True,ee43dfa0b9f43ac0d11ad6d903a3b6ae560461bf20922e5ec62ea86fe309d019,outer_fixed_k
R05_F02_k06_RegressorChain_ET_Physics,5,2,R05_F02,6,RegressorChain_ET_Physics,1070,True,ee43dfa0b9f43ac0d11ad6d903a3b6ae560461bf20922e5ec62ea86fe309d019,outer_fixed_k
R05_F02_k07_Independent_ET_Physics,5,2,R05_F02,7,Independent_ET_Physics,1071,True,ee43dfa0b9f43ac0d11ad6d903a3b6ae560461bf20922e5ec62ea86fe309d019,outer_fixed_k
R05_F02_k07_Native_ET_Physics,5,2,R05_F02,7,Native_ET_Physics,1071,True,ee43dfa0b9f43ac0d11ad6d903a3b6ae560461bf20922e5ec62ea86fe309d019,outer_fixed_k
R05_F02_k07_Native_RF_Physics,5,2,R05_F02,7,Native_RF_Physics,1071,True,ee43dfa0b9f43ac0d11ad6d903a3b6ae560461bf20922e5ec62ea86fe309d019,outer_fixed_k
R05_F02_k07_RegressorChain_ET_Physics,5,2,R05_F02,7,RegressorChain_ET_Physics,1071,True,ee43dfa0b9f43ac0d11ad6d903a3b6ae560461bf20922e5ec62ea86fe309d019,outer_fixed_k
R05_F02_k08_Independent_ET_Physics,5,2,R05_F02,8,Independent_ET_Physics,1072,True,ee43dfa0b9f43ac0d11ad6d903a3b6ae560461bf20922e5ec62ea86fe309d019,outer_fixed_k
R05_F02_k08_Native_ET_Physics,5,2,R05_F02,8,Native_ET_Physics,1072,True,ee43dfa0b9f43ac0d11ad6d903a3b6ae560461bf20922e5ec62ea86fe309d019,outer_fixed_k
R05_F02_k08_Native_RF_Physics,5,2,R05_F02,8,Native_RF_Physics,1072,True,ee43dfa0b9f43ac0d11ad6d903a3b6ae560461bf20922e5ec62ea86fe309d019,outer_fixed_k
R05_F02_k08_RegressorChain_ET_Physics,5,2,R05_F02,8,RegressorChain_ET_Physics,1072,True,ee43dfa0b9f43ac0d11ad6d903a3b6ae560461bf20922e5ec62ea86fe309d019,outer_fixed_k
R05_F02_k09_Independent_ET_Physics,5,2,R05_F02,9,Independent_ET_Physics,1073,True,ee43dfa0b9f43ac0d11ad6d903a3b6ae560461bf20922e5ec62ea86fe309d019,outer_fixed_k
R05_F02_k09_Native_ET_Physics,5,2,R05_F02,9,Native_ET_Physics,1073,True,ee43dfa0b9f43ac0d11ad6d903a3b6ae560461bf20922e5ec62ea86fe309d019,outer_fixed_k
R05_F02_k09_Native_RF_Physics,5,2,R05_F02,9,Native_RF_Physics,1073,True,ee43dfa0b9f43ac0d11ad6d903a3b6ae560461bf20922e5ec62ea86fe309d019,outer_fixed_k
R05_F02_k09_RegressorChain_ET_Physics,5,2,R05_F02,9,RegressorChain_ET_Physics,1073,True,ee43dfa0b9f43ac0d11ad6d903a3b6ae560461bf20922e5ec62ea86fe309d019,outer_fixed_k
R05_F02_k10_Independent_ET_Physics,5,2,R05_F02,10,Independent_ET_Physics,1074,True,ee43dfa0b9f43ac0d11ad6d903a3b6ae560461bf20922e5ec62ea86fe309d019,outer_fixed_k
R05_F02_k10_Native_ET_Physics,5,2,R05_F02,10,Native_ET_Physics,1074,True,ee43dfa0b9f43ac0d11ad6d903a3b6ae560461bf20922e5ec62ea86fe309d019,outer_fixed_k
R05_F02_k10_Native_RF_Physics,5,2,R05_F02,10,Native_RF_Physics,1074,True,ee43dfa0b9f43ac0d11ad6d903a3b6ae560461bf20922e5ec62ea86fe309d019,outer_fixed_k
R05_F02_k10_RegressorChain_ET_Physics,5,2,R05_F02,10,RegressorChain_ET_Physics,1074,True,ee43dfa0b9f43ac0d11ad6d903a3b6ae560461bf20922e5ec62ea86fe309d019,outer_fixed_k
R05_F02_k11_Independent_ET_Physics,5,2,R05_F02,11,Independent_ET_Physics,1075,True,ee43dfa0b9f43ac0d11ad6d903a3b6ae560461bf20922e5ec62ea86fe309d019,outer_fixed_k
R05_F02_k11_Native_ET_Physics,5,2,R05_F02,11,Native_ET_Physics,1075,True,ee43dfa0b9f43ac0d11ad6d903a3b6ae560461bf20922e5ec62ea86fe309d019,outer_fixed_k
R05_F02_k11_Native_RF_Physics,5,2,R05_F02,11,Native_RF_Physics,1075,True,ee43dfa0b9f43ac0d11ad6d903a3b6ae560461bf20922e5ec62ea86fe309d019,outer_fixed_k
R05_F02_k11_RegressorChain_ET_Physics,5,2,R05_F02,11,RegressorChain_ET_Physics,1075,True,ee43dfa0b9f43ac0d11ad6d903a3b6ae560461bf20922e5ec62ea86fe309d019,outer_fixed_k
R05_F02_k12_Independent_ET_Physics,5,2,R05_F02,12,Independent_ET_Physics,1076,True,ee43dfa0b9f43ac0d11ad6d903a3b6ae560461bf20922e5ec62ea86fe309d019,outer_fixed_k
R05_F02_k12_Native_ET_Physics,5,2,R05_F02,12,Native_ET_Physics,1076,True,ee43dfa0b9f43ac0d11ad6d903a3b6ae560461bf20922e5ec62ea86fe309d019,outer_fixed_k
R05_F02_k12_Native_RF_Physics,5,2,R05_F02,12,Native_RF_Physics,1076,True,ee43dfa0b9f43ac0d11ad6d903a3b6ae560461bf20922e5ec62ea86fe309d019,outer_fixed_k
R05_F02_k12_RegressorChain_ET_Physics,5,2,R05_F02,12,RegressorChain_ET_Physics,1076,True,ee43dfa0b9f43ac0d11ad6d903a3b6ae560461bf20922e5ec62ea86fe309d019,outer_fixed_k
R05_F02_k13_Independent_ET_Physics,5,2,R05_F02,13,Independent_ET_Physics,1077,True,ee43dfa0b9f43ac0d11ad6d903a3b6ae560461bf20922e5ec62ea86fe309d019,outer_fixed_k
R05_F02_k13_Native_ET_Physics,5,2,R05_F02,13,Native_ET_Physics,1077,True,ee43dfa0b9f43ac0d11ad6d903a3b6ae560461bf20922e5ec62ea86fe309d019,outer_fixed_k
R05_F02_k13_Native_RF_Physics,5,2,R05_F02,13,Native_RF_Physics,1077,True,ee43dfa0b9f43ac0d11ad6d903a3b6ae560461bf20922e5ec62ea86fe309d019,outer_fixed_k
R05_F02_k13_RegressorChain_ET_Physics,5,2,R05_F02,13,RegressorChain_ET_Physics,1077,True,ee43dfa0b9f43ac0d11ad6d903a3b6ae560461bf20922e5ec62ea86fe309d019,outer_fixed_k
R05_F02_k14_Independent_ET_Physics,5,2,R05_F02,14,Independent_ET_Physics,1078,True,ee43dfa0b9f43ac0d11ad6d903a3b6ae560461bf20922e5ec62ea86fe309d019,outer_fixed_k
R05_F02_k14_Native_ET_Physics,5,2,R05_F02,14,Native_ET_Physics,1078,True,ee43dfa0b9f43ac0d11ad6d903a3b6ae560461bf20922e5ec62ea86fe309d019,outer_fixed_k
R05_F02_k14_Native_RF_Physics,5,2,R05_F02,14,Native_RF_Physics,1078,True,ee43dfa0b9f43ac0d11ad6d903a3b6ae560461bf20922e5ec62ea86fe309d019,outer_fixed_k
R05_F02_k14_RegressorChain_ET_Physics,5,2,R05_F02,14,RegressorChain_ET_Physics,1078,True,ee43dfa0b9f43ac0d11ad6d903a3b6ae560461bf20922e5ec62ea86fe309d019,outer_fixed_k
R05_F02_k15_Independent_ET_Physics,5,2,R05_F02,15,Independent_ET_Physics,1079,True,ee43dfa0b9f43ac0d11ad6d903a3b6ae560461bf20922e5ec62ea86fe309d019,outer_fixed_k
R05_F02_k15_Native_ET_Physics,5,2,R05_F02,15,Native_ET_Physics,1079,True,ee43dfa0b9f43ac0d11ad6d903a3b6ae560461bf20922e5ec62ea86fe309d019,outer_fixed_k
R05_F02_k15_Native_RF_Physics,5,2,R05_F02,15,Native_RF_Physics,1079,True,ee43dfa0b9f43ac0d11ad6d903a3b6ae560461bf20922e5ec62ea86fe309d019,outer_fixed_k
R05_F02_k15_RegressorChain_ET_Physics,5,2,R05_F02,15,RegressorChain_ET_Physics,1079,True,ee43dfa0b9f43ac0d11ad6d903a3b6ae560461bf20922e5ec62ea86fe309d019,outer_fixed_k
R05_F02_k16_Independent_ET_Physics,5,2,R05_F02,16,Independent_ET_Physics,1080,True,ee43dfa0b9f43ac0d11ad6d903a3b6ae560461bf20922e5ec62ea86fe309d019,outer_fixed_k
R05_F02_k16_Native_ET_Physics,5,2,R05_F02,16,Native_ET_Physics,1080,True,ee43dfa0b9f43ac0d11ad6d903a3b6ae560461bf20922e5ec62ea86fe309d019,outer_fixed_k
R05_F02_k16_Native_RF_Physics,5,2,R05_F02,16,Native_RF_Physics,1080,True,ee43dfa0b9f43ac0d11ad6d903a3b6ae560461bf20922e5ec62ea86fe309d019,outer_fixed_k
R05_F02_k16_RegressorChain_ET_Physics,5,2,R05_F02,16,RegressorChain_ET_Physics,1080,True,ee43dfa0b9f43ac0d11ad6d903a3b6ae560461bf20922e5ec62ea86fe309d019,outer_fixed_k
R05_F02_k17_Independent_ET_Physics,5,2,R05_F02,17,Independent_ET_Physics,1081,True,ee43dfa0b9f43ac0d11ad6d903a3b6ae560461bf20922e5ec62ea86fe309d019,outer_fixed_k
R05_F02_k17_Native_ET_Physics,5,2,R05_F02,17,Native_ET_Physics,1081,True,ee43dfa0b9f43ac0d11ad6d903a3b6ae560461bf20922e5ec62ea86fe309d019,outer_fixed_k
R05_F02_k17_Native_RF_Physics,5,2,R05_F02,17,Native_RF_Physics,1081,True,ee43dfa0b9f43ac0d11ad6d903a3b6ae560461bf20922e5ec62ea86fe309d019,outer_fixed_k
R05_F02_k17_RegressorChain_ET_Physics,5,2,R05_F02,17,RegressorChain_ET_Physics,1081,True,ee43dfa0b9f43ac0d11ad6d903a3b6ae560461bf20922e5ec62ea86fe309d019,outer_fixed_k
R05_F03_k03_Independent_ET_Physics,5,3,R05_F03,3,Independent_ET_Physics,1068,True,845b91e7832f4a723035d9f2c2d901b487f1f9b5caf7091dcc5d33dbd252d26e,outer_fixed_k
R05_F03_k03_Native_ET_Physics,5,3,R05_F03,3,Native_ET_Physics,1068,True,845b91e7832f4a723035d9f2c2d901b487f1f9b5caf7091dcc5d33dbd252d26e,outer_fixed_k
R05_F03_k03_Native_RF_Physics,5,3,R05_F03,3,Native_RF_Physics,1068,True,845b91e7832f4a723035d9f2c2d901b487f1f9b5caf7091dcc5d33dbd252d26e,outer_fixed_k
R05_F03_k03_RegressorChain_ET_Physics,5,3,R05_F03,3,RegressorChain_ET_Physics,1068,True,845b91e7832f4a723035d9f2c2d901b487f1f9b5caf7091dcc5d33dbd252d26e,outer_fixed_k
R05_F03_k04_Independent_ET_Physics,5,3,R05_F03,4,Independent_ET_Physics,1069,True,845b91e7832f4a723035d9f2c2d901b487f1f9b5caf7091dcc5d33dbd252d26e,outer_fixed_k
R05_F03_k04_Native_ET_Physics,5,3,R05_F03,4,Native_ET_Physics,1069,True,845b91e7832f4a723035d9f2c2d901b487f1f9b5caf7091dcc5d33dbd252d26e,outer_fixed_k
R05_F03_k04_Native_RF_Physics,5,3,R05_F03,4,Native_RF_Physics,1069,True,845b91e7832f4a723035d9f2c2d901b487f1f9b5caf7091dcc5d33dbd252d26e,outer_fixed_k
R05_F03_k04_RegressorChain_ET_Physics,5,3,R05_F03,4,RegressorChain_ET_Physics,1069,True,845b91e7832f4a723035d9f2c2d901b487f1f9b5caf7091dcc5d33dbd252d26e,outer_fixed_k
R05_F03_k05_Independent_ET_Physics,5,3,R05_F03,5,Independent_ET_Physics,1070,True,845b91e7832f4a723035d9f2c2d901b487f1f9b5caf7091dcc5d33dbd252d26e,outer_fixed_k
R05_F03_k05_Native_ET_Physics,5,3,R05_F03,5,Native_ET_Physics,1070,True,845b91e7832f4a723035d9f2c2d901b487f1f9b5caf7091dcc5d33dbd252d26e,outer_fixed_k
R05_F03_k05_Native_RF_Physics,5,3,R05_F03,5,Native_RF_Physics,1070,True,845b91e7832f4a723035d9f2c2d901b487f1f9b5caf7091dcc5d33dbd252d26e,outer_fixed_k
R05_F03_k05_RegressorChain_ET_Physics,5,3,R05_F03,5,RegressorChain_ET_Physics,1070,True,845b91e7832f4a723035d9f2c2d901b487f1f9b5caf7091dcc5d33dbd252d26e,outer_fixed_k
R05_F03_k06_Independent_ET_Physics,5,3,R05_F03,6,Independent_ET_Physics,1071,True,845b91e7832f4a723035d9f2c2d901b487f1f9b5caf7091dcc5d33dbd252d26e,outer_fixed_k
R05_F03_k06_Native_ET_Physics,5,3,R05_F03,6,Native_ET_Physics,1071,True,845b91e7832f4a723035d9f2c2d901b487f1f9b5caf7091dcc5d33dbd252d26e,outer_fixed_k
R05_F03_k06_Native_RF_Physics,5,3,R05_F03,6,Native_RF_Physics,1071,True,845b91e7832f4a723035d9f2c2d901b487f1f9b5caf7091dcc5d33dbd252d26e,outer_fixed_k
R05_F03_k06_RegressorChain_ET_Physics,5,3,R05_F03,6,RegressorChain_ET_Physics,1071,True,845b91e7832f4a723035d9f2c2d901b487f1f9b5caf7091dcc5d33dbd252d26e,outer_fixed_k
R05_F03_k07_Independent_ET_Physics,5,3,R05_F03,7,Independent_ET_Physics,1072,True,845b91e7832f4a723035d9f2c2d901b487f1f9b5caf7091dcc5d33dbd252d26e,outer_fixed_k
R05_F03_k07_Native_ET_Physics,5,3,R05_F03,7,Native_ET_Physics,1072,True,845b91e7832f4a723035d9f2c2d901b487f1f9b5caf7091dcc5d33dbd252d26e,outer_fixed_k
R05_F03_k07_Native_RF_Physics,5,3,R05_F03,7,Native_RF_Physics,1072,True,845b91e7832f4a723035d9f2c2d901b487f1f9b5caf7091dcc5d33dbd252d26e,outer_fixed_k
R05_F03_k07_RegressorChain_ET_Physics,5,3,R05_F03,7,RegressorChain_ET_Physics,1072,True,845b91e7832f4a723035d9f2c2d901b487f1f9b5caf7091dcc5d33dbd252d26e,outer_fixed_k
R05_F03_k08_Independent_ET_Physics,5,3,R05_F03,8,Independent_ET_Physics,1073,True,845b91e7832f4a723035d9f2c2d901b487f1f9b5caf7091dcc5d33dbd252d26e,outer_fixed_k
R05_F03_k08_Native_ET_Physics,5,3,R05_F03,8,Native_ET_Physics,1073,True,845b91e7832f4a723035d9f2c2d901b487f1f9b5caf7091dcc5d33dbd252d26e,outer_fixed_k
R05_F03_k08_Native_RF_Physics,5,3,R05_F03,8,Native_RF_Physics,1073,True,845b91e7832f4a723035d9f2c2d901b487f1f9b5caf7091dcc5d33dbd252d26e,outer_fixed_k
R05_F03_k08_RegressorChain_ET_Physics,5,3,R05_F03,8,RegressorChain_ET_Physics,1073,True,845b91e7832f4a723035d9f2c2d901b487f1f9b5caf7091dcc5d33dbd252d26e,outer_fixed_k
R05_F03_k09_Independent_ET_Physics,5,3,R05_F03,9,Independent_ET_Physics,1074,True,845b91e7832f4a723035d9f2c2d901b487f1f9b5caf7091dcc5d33dbd252d26e,outer_fixed_k
R05_F03_k09_Native_ET_Physics,5,3,R05_F03,9,Native_ET_Physics,1074,True,845b91e7832f4a723035d9f2c2d901b487f1f9b5caf7091dcc5d33dbd252d26e,outer_fixed_k
R05_F03_k09_Native_RF_Physics,5,3,R05_F03,9,Native_RF_Physics,1074,True,845b91e7832f4a723035d9f2c2d901b487f1f9b5caf7091dcc5d33dbd252d26e,outer_fixed_k
R05_F03_k09_RegressorChain_ET_Physics,5,3,R05_F03,9,RegressorChain_ET_Physics,1074,True,845b91e7832f4a723035d9f2c2d901b487f1f9b5caf7091dcc5d33dbd252d26e,outer_fixed_k
R05_F03_k10_Independent_ET_Physics,5,3,R05_F03,10,Independent_ET_Physics,1075,True,845b91e7832f4a723035d9f2c2d901b487f1f9b5caf7091dcc5d33dbd252d26e,outer_fixed_k
R05_F03_k10_Native_ET_Physics,5,3,R05_F03,10,Native_ET_Physics,1075,True,845b91e7832f4a723035d9f2c2d901b487f1f9b5caf7091dcc5d33dbd252d26e,outer_fixed_k
R05_F03_k10_Native_RF_Physics,5,3,R05_F03,10,Native_RF_Physics,1075,True,845b91e7832f4a723035d9f2c2d901b487f1f9b5caf7091dcc5d33dbd252d26e,outer_fixed_k
R05_F03_k10_RegressorChain_ET_Physics,5,3,R05_F03,10,RegressorChain_ET_Physics,1075,True,845b91e7832f4a723035d9f2c2d901b487f1f9b5caf7091dcc5d33dbd252d26e,outer_fixed_k
R05_F03_k11_Independent_ET_Physics,5,3,R05_F03,11,Independent_ET_Physics,1076,True,845b91e7832f4a723035d9f2c2d901b487f1f9b5caf7091dcc5d33dbd252d26e,outer_fixed_k
R05_F03_k11_Native_ET_Physics,5,3,R05_F03,11,Native_ET_Physics,1076,True,845b91e7832f4a723035d9f2c2d901b487f1f9b5caf7091dcc5d33dbd252d26e,outer_fixed_k
R05_F03_k11_Native_RF_Physics,5,3,R05_F03,11,Native_RF_Physics,1076,True,845b91e7832f4a723035d9f2c2d901b487f1f9b5caf7091dcc5d33dbd252d26e,outer_fixed_k
R05_F03_k11_RegressorChain_ET_Physics,5,3,R05_F03,11,RegressorChain_ET_Physics,1076,True,845b91e7832f4a723035d9f2c2d901b487f1f9b5caf7091dcc5d33dbd252d26e,outer_fixed_k
R05_F03_k12_Independent_ET_Physics,5,3,R05_F03,12,Independent_ET_Physics,1077,True,845b91e7832f4a723035d9f2c2d901b487f1f9b5caf7091dcc5d33dbd252d26e,outer_fixed_k
R05_F03_k12_Native_ET_Physics,5,3,R05_F03,12,Native_ET_Physics,1077,True,845b91e7832f4a723035d9f2c2d901b487f1f9b5caf7091dcc5d33dbd252d26e,outer_fixed_k
R05_F03_k12_Native_RF_Physics,5,3,R05_F03,12,Native_RF_Physics,1077,True,845b91e7832f4a723035d9f2c2d901b487f1f9b5caf7091dcc5d33dbd252d26e,outer_fixed_k
R05_F03_k12_RegressorChain_ET_Physics,5,3,R05_F03,12,RegressorChain_ET_Physics,1077,True,845b91e7832f4a723035d9f2c2d901b487f1f9b5caf7091dcc5d33dbd252d26e,outer_fixed_k
R05_F03_k13_Independent_ET_Physics,5,3,R05_F03,13,Independent_ET_Physics,1078,True,845b91e7832f4a723035d9f2c2d901b487f1f9b5caf7091dcc5d33dbd252d26e,outer_fixed_k
R05_F03_k13_Native_ET_Physics,5,3,R05_F03,13,Native_ET_Physics,1078,True,845b91e7832f4a723035d9f2c2d901b487f1f9b5caf7091dcc5d33dbd252d26e,outer_fixed_k
R05_F03_k13_Native_RF_Physics,5,3,R05_F03,13,Native_RF_Physics,1078,True,845b91e7832f4a723035d9f2c2d901b487f1f9b5caf7091dcc5d33dbd252d26e,outer_fixed_k
R05_F03_k13_RegressorChain_ET_Physics,5,3,R05_F03,13,RegressorChain_ET_Physics,1078,True,845b91e7832f4a723035d9f2c2d901b487f1f9b5caf7091dcc5d33dbd252d26e,outer_fixed_k
R05_F03_k14_Independent_ET_Physics,5,3,R05_F03,14,Independent_ET_Physics,1079,True,845b91e7832f4a723035d9f2c2d901b487f1f9b5caf7091dcc5d33dbd252d26e,outer_fixed_k
R05_F03_k14_Native_ET_Physics,5,3,R05_F03,14,Native_ET_Physics,1079,True,845b91e7832f4a723035d9f2c2d901b487f1f9b5caf7091dcc5d33dbd252d26e,outer_fixed_k
R05_F03_k14_Native_RF_Physics,5,3,R05_F03,14,Native_RF_Physics,1079,True,845b91e7832f4a723035d9f2c2d901b487f1f9b5caf7091dcc5d33dbd252d26e,outer_fixed_k
R05_F03_k14_RegressorChain_ET_Physics,5,3,R05_F03,14,RegressorChain_ET_Physics,1079,True,845b91e7832f4a723035d9f2c2d901b487f1f9b5caf7091dcc5d33dbd252d26e,outer_fixed_k
R05_F03_k15_Independent_ET_Physics,5,3,R05_F03,15,Independent_ET_Physics,1080,True,845b91e7832f4a723035d9f2c2d901b487f1f9b5caf7091dcc5d33dbd252d26e,outer_fixed_k
R05_F03_k15_Native_ET_Physics,5,3,R05_F03,15,Native_ET_Physics,1080,True,845b91e7832f4a723035d9f2c2d901b487f1f9b5caf7091dcc5d33dbd252d26e,outer_fixed_k
R05_F03_k15_Native_RF_Physics,5,3,R05_F03,15,Native_RF_Physics,1080,True,845b91e7832f4a723035d9f2c2d901b487f1f9b5caf7091dcc5d33dbd252d26e,outer_fixed_k
R05_F03_k15_RegressorChain_ET_Physics,5,3,R05_F03,15,RegressorChain_ET_Physics,1080,True,845b91e7832f4a723035d9f2c2d901b487f1f9b5caf7091dcc5d33dbd252d26e,outer_fixed_k
R05_F03_k16_Independent_ET_Physics,5,3,R05_F03,16,Independent_ET_Physics,1081,True,845b91e7832f4a723035d9f2c2d901b487f1f9b5caf7091dcc5d33dbd252d26e,outer_fixed_k
R05_F03_k16_Native_ET_Physics,5,3,R05_F03,16,Native_ET_Physics,1081,True,845b91e7832f4a723035d9f2c2d901b487f1f9b5caf7091dcc5d33dbd252d26e,outer_fixed_k
R05_F03_k16_Native_RF_Physics,5,3,R05_F03,16,Native_RF_Physics,1081,True,845b91e7832f4a723035d9f2c2d901b487f1f9b5caf7091dcc5d33dbd252d26e,outer_fixed_k
R05_F03_k16_RegressorChain_ET_Physics,5,3,R05_F03,16,RegressorChain_ET_Physics,1081,True,845b91e7832f4a723035d9f2c2d901b487f1f9b5caf7091dcc5d33dbd252d26e,outer_fixed_k
R05_F03_k17_Independent_ET_Physics,5,3,R05_F03,17,Independent_ET_Physics,1082,True,845b91e7832f4a723035d9f2c2d901b487f1f9b5caf7091dcc5d33dbd252d26e,outer_fixed_k
R05_F03_k17_Native_ET_Physics,5,3,R05_F03,17,Native_ET_Physics,1082,True,845b91e7832f4a723035d9f2c2d901b487f1f9b5caf7091dcc5d33dbd252d26e,outer_fixed_k
R05_F03_k17_Native_RF_Physics,5,3,R05_F03,17,Native_RF_Physics,1082,True,845b91e7832f4a723035d9f2c2d901b487f1f9b5caf7091dcc5d33dbd252d26e,outer_fixed_k
R05_F03_k17_RegressorChain_ET_Physics,5,3,R05_F03,17,RegressorChain_ET_Physics,1082,True,845b91e7832f4a723035d9f2c2d901b487f1f9b5caf7091dcc5d33dbd252d26e,outer_fixed_k
R05_F04_k03_Independent_ET_Physics,5,4,R05_F04,3,Independent_ET_Physics,1069,True,cb0557c0696781dfa3a809470bfda654b05ccb7ee786a3b0be87905e0af35418,outer_fixed_k
R05_F04_k03_Native_ET_Physics,5,4,R05_F04,3,Native_ET_Physics,1069,True,cb0557c0696781dfa3a809470bfda654b05ccb7ee786a3b0be87905e0af35418,outer_fixed_k
R05_F04_k03_Native_RF_Physics,5,4,R05_F04,3,Native_RF_Physics,1069,True,cb0557c0696781dfa3a809470bfda654b05ccb7ee786a3b0be87905e0af35418,outer_fixed_k
R05_F04_k03_RegressorChain_ET_Physics,5,4,R05_F04,3,RegressorChain_ET_Physics,1069,True,cb0557c0696781dfa3a809470bfda654b05ccb7ee786a3b0be87905e0af35418,outer_fixed_k
R05_F04_k04_Independent_ET_Physics,5,4,R05_F04,4,Independent_ET_Physics,1070,True,cb0557c0696781dfa3a809470bfda654b05ccb7ee786a3b0be87905e0af35418,outer_fixed_k
R05_F04_k04_Native_ET_Physics,5,4,R05_F04,4,Native_ET_Physics,1070,True,cb0557c0696781dfa3a809470bfda654b05ccb7ee786a3b0be87905e0af35418,outer_fixed_k
R05_F04_k04_Native_RF_Physics,5,4,R05_F04,4,Native_RF_Physics,1070,True,cb0557c0696781dfa3a809470bfda654b05ccb7ee786a3b0be87905e0af35418,outer_fixed_k
R05_F04_k04_RegressorChain_ET_Physics,5,4,R05_F04,4,RegressorChain_ET_Physics,1070,True,cb0557c0696781dfa3a809470bfda654b05ccb7ee786a3b0be87905e0af35418,outer_fixed_k
R05_F04_k05_Independent_ET_Physics,5,4,R05_F04,5,Independent_ET_Physics,1071,True,cb0557c0696781dfa3a809470bfda654b05ccb7ee786a3b0be87905e0af35418,outer_fixed_k
R05_F04_k05_Native_ET_Physics,5,4,R05_F04,5,Native_ET_Physics,1071,True,cb0557c0696781dfa3a809470bfda654b05ccb7ee786a3b0be87905e0af35418,outer_fixed_k
R05_F04_k05_Native_RF_Physics,5,4,R05_F04,5,Native_RF_Physics,1071,True,cb0557c0696781dfa3a809470bfda654b05ccb7ee786a3b0be87905e0af35418,outer_fixed_k
R05_F04_k05_RegressorChain_ET_Physics,5,4,R05_F04,5,RegressorChain_ET_Physics,1071,True,cb0557c0696781dfa3a809470bfda654b05ccb7ee786a3b0be87905e0af35418,outer_fixed_k
R05_F04_k06_Independent_ET_Physics,5,4,R05_F04,6,Independent_ET_Physics,1072,True,cb0557c0696781dfa3a809470bfda654b05ccb7ee786a3b0be87905e0af35418,outer_fixed_k
R05_F04_k06_Native_ET_Physics,5,4,R05_F04,6,Native_ET_Physics,1072,True,cb0557c0696781dfa3a809470bfda654b05ccb7ee786a3b0be87905e0af35418,outer_fixed_k
R05_F04_k06_Native_RF_Physics,5,4,R05_F04,6,Native_RF_Physics,1072,True,cb0557c0696781dfa3a809470bfda654b05ccb7ee786a3b0be87905e0af35418,outer_fixed_k
R05_F04_k06_RegressorChain_ET_Physics,5,4,R05_F04,6,RegressorChain_ET_Physics,1072,True,cb0557c0696781dfa3a809470bfda654b05ccb7ee786a3b0be87905e0af35418,outer_fixed_k
R05_F04_k07_Independent_ET_Physics,5,4,R05_F04,7,Independent_ET_Physics,1073,True,cb0557c0696781dfa3a809470bfda654b05ccb7ee786a3b0be87905e0af35418,outer_fixed_k
R05_F04_k07_Native_ET_Physics,5,4,R05_F04,7,Native_ET_Physics,1073,True,cb0557c0696781dfa3a809470bfda654b05ccb7ee786a3b0be87905e0af35418,outer_fixed_k
R05_F04_k07_Native_RF_Physics,5,4,R05_F04,7,Native_RF_Physics,1073,True,cb0557c0696781dfa3a809470bfda654b05ccb7ee786a3b0be87905e0af35418,outer_fixed_k
R05_F04_k07_RegressorChain_ET_Physics,5,4,R05_F04,7,RegressorChain_ET_Physics,1073,True,cb0557c0696781dfa3a809470bfda654b05ccb7ee786a3b0be87905e0af35418,outer_fixed_k
R05_F04_k08_Independent_ET_Physics,5,4,R05_F04,8,Independent_ET_Physics,1074,True,cb0557c0696781dfa3a809470bfda654b05ccb7ee786a3b0be87905e0af35418,outer_fixed_k
R05_F04_k08_Native_ET_Physics,5,4,R05_F04,8,Native_ET_Physics,1074,True,cb0557c0696781dfa3a809470bfda654b05ccb7ee786a3b0be87905e0af35418,outer_fixed_k
R05_F04_k08_Native_RF_Physics,5,4,R05_F04,8,Native_RF_Physics,1074,True,cb0557c0696781dfa3a809470bfda654b05ccb7ee786a3b0be87905e0af35418,outer_fixed_k
R05_F04_k08_RegressorChain_ET_Physics,5,4,R05_F04,8,RegressorChain_ET_Physics,1074,True,cb0557c0696781dfa3a809470bfda654b05ccb7ee786a3b0be87905e0af35418,outer_fixed_k
R05_F04_k09_Independent_ET_Physics,5,4,R05_F04,9,Independent_ET_Physics,1075,True,cb0557c0696781dfa3a809470bfda654b05ccb7ee786a3b0be87905e0af35418,outer_fixed_k
R05_F04_k09_Native_ET_Physics,5,4,R05_F04,9,Native_ET_Physics,1075,True,cb0557c0696781dfa3a809470bfda654b05ccb7ee786a3b0be87905e0af35418,outer_fixed_k
R05_F04_k09_Native_RF_Physics,5,4,R05_F04,9,Native_RF_Physics,1075,True,cb0557c0696781dfa3a809470bfda654b05ccb7ee786a3b0be87905e0af35418,outer_fixed_k
R05_F04_k09_RegressorChain_ET_Physics,5,4,R05_F04,9,RegressorChain_ET_Physics,1075,True,cb0557c0696781dfa3a809470bfda654b05ccb7ee786a3b0be87905e0af35418,outer_fixed_k
R05_F04_k10_Independent_ET_Physics,5,4,R05_F04,10,Independent_ET_Physics,1076,True,cb0557c0696781dfa3a809470bfda654b05ccb7ee786a3b0be87905e0af35418,outer_fixed_k
R05_F04_k10_Native_ET_Physics,5,4,R05_F04,10,Native_ET_Physics,1076,True,cb0557c0696781dfa3a809470bfda654b05ccb7ee786a3b0be87905e0af35418,outer_fixed_k
R05_F04_k10_Native_RF_Physics,5,4,R05_F04,10,Native_RF_Physics,1076,True,cb0557c0696781dfa3a809470bfda654b05ccb7ee786a3b0be87905e0af35418,outer_fixed_k
R05_F04_k10_RegressorChain_ET_Physics,5,4,R05_F04,10,RegressorChain_ET_Physics,1076,True,cb0557c0696781dfa3a809470bfda654b05ccb7ee786a3b0be87905e0af35418,outer_fixed_k
R05_F04_k11_Independent_ET_Physics,5,4,R05_F04,11,Independent_ET_Physics,1077,True,cb0557c0696781dfa3a809470bfda654b05ccb7ee786a3b0be87905e0af35418,outer_fixed_k
R05_F04_k11_Native_ET_Physics,5,4,R05_F04,11,Native_ET_Physics,1077,True,cb0557c0696781dfa3a809470bfda654b05ccb7ee786a3b0be87905e0af35418,outer_fixed_k
R05_F04_k11_Native_RF_Physics,5,4,R05_F04,11,Native_RF_Physics,1077,True,cb0557c0696781dfa3a809470bfda654b05ccb7ee786a3b0be87905e0af35418,outer_fixed_k
R05_F04_k11_RegressorChain_ET_Physics,5,4,R05_F04,11,RegressorChain_ET_Physics,1077,True,cb0557c0696781dfa3a809470bfda654b05ccb7ee786a3b0be87905e0af35418,outer_fixed_k
R05_F04_k12_Independent_ET_Physics,5,4,R05_F04,12,Independent_ET_Physics,1078,True,cb0557c0696781dfa3a809470bfda654b05ccb7ee786a3b0be87905e0af35418,outer_fixed_k
R05_F04_k12_Native_ET_Physics,5,4,R05_F04,12,Native_ET_Physics,1078,True,cb0557c0696781dfa3a809470bfda654b05ccb7ee786a3b0be87905e0af35418,outer_fixed_k
R05_F04_k12_Native_RF_Physics,5,4,R05_F04,12,Native_RF_Physics,1078,True,cb0557c0696781dfa3a809470bfda654b05ccb7ee786a3b0be87905e0af35418,outer_fixed_k
R05_F04_k12_RegressorChain_ET_Physics,5,4,R05_F04,12,RegressorChain_ET_Physics,1078,True,cb0557c0696781dfa3a809470bfda654b05ccb7ee786a3b0be87905e0af35418,outer_fixed_k
R05_F04_k13_Independent_ET_Physics,5,4,R05_F04,13,Independent_ET_Physics,1079,True,cb0557c0696781dfa3a809470bfda654b05ccb7ee786a3b0be87905e0af35418,outer_fixed_k
R05_F04_k13_Native_ET_Physics,5,4,R05_F04,13,Native_ET_Physics,1079,True,cb0557c0696781dfa3a809470bfda654b05ccb7ee786a3b0be87905e0af35418,outer_fixed_k
R05_F04_k13_Native_RF_Physics,5,4,R05_F04,13,Native_RF_Physics,1079,True,cb0557c0696781dfa3a809470bfda654b05ccb7ee786a3b0be87905e0af35418,outer_fixed_k
R05_F04_k13_RegressorChain_ET_Physics,5,4,R05_F04,13,RegressorChain_ET_Physics,1079,True,cb0557c0696781dfa3a809470bfda654b05ccb7ee786a3b0be87905e0af35418,outer_fixed_k
R05_F04_k14_Independent_ET_Physics,5,4,R05_F04,14,Independent_ET_Physics,1080,True,cb0557c0696781dfa3a809470bfda654b05ccb7ee786a3b0be87905e0af35418,outer_fixed_k
R05_F04_k14_Native_ET_Physics,5,4,R05_F04,14,Native_ET_Physics,1080,True,cb0557c0696781dfa3a809470bfda654b05ccb7ee786a3b0be87905e0af35418,outer_fixed_k
R05_F04_k14_Native_RF_Physics,5,4,R05_F04,14,Native_RF_Physics,1080,True,cb0557c0696781dfa3a809470bfda654b05ccb7ee786a3b0be87905e0af35418,outer_fixed_k
R05_F04_k14_RegressorChain_ET_Physics,5,4,R05_F04,14,RegressorChain_ET_Physics,1080,True,cb0557c0696781dfa3a809470bfda654b05ccb7ee786a3b0be87905e0af35418,outer_fixed_k
R05_F04_k15_Independent_ET_Physics,5,4,R05_F04,15,Independent_ET_Physics,1081,True,cb0557c0696781dfa3a809470bfda654b05ccb7ee786a3b0be87905e0af35418,outer_fixed_k
R05_F04_k15_Native_ET_Physics,5,4,R05_F04,15,Native_ET_Physics,1081,True,cb0557c0696781dfa3a809470bfda654b05ccb7ee786a3b0be87905e0af35418,outer_fixed_k
R05_F04_k15_Native_RF_Physics,5,4,R05_F04,15,Native_RF_Physics,1081,True,cb0557c0696781dfa3a809470bfda654b05ccb7ee786a3b0be87905e0af35418,outer_fixed_k
R05_F04_k15_RegressorChain_ET_Physics,5,4,R05_F04,15,RegressorChain_ET_Physics,1081,True,cb0557c0696781dfa3a809470bfda654b05ccb7ee786a3b0be87905e0af35418,outer_fixed_k
R05_F04_k16_Independent_ET_Physics,5,4,R05_F04,16,Independent_ET_Physics,1082,True,cb0557c0696781dfa3a809470bfda654b05ccb7ee786a3b0be87905e0af35418,outer_fixed_k
R05_F04_k16_Native_ET_Physics,5,4,R05_F04,16,Native_ET_Physics,1082,True,cb0557c0696781dfa3a809470bfda654b05ccb7ee786a3b0be87905e0af35418,outer_fixed_k
R05_F04_k16_Native_RF_Physics,5,4,R05_F04,16,Native_RF_Physics,1082,True,cb0557c0696781dfa3a809470bfda654b05ccb7ee786a3b0be87905e0af35418,outer_fixed_k
R05_F04_k16_RegressorChain_ET_Physics,5,4,R05_F04,16,RegressorChain_ET_Physics,1082,True,cb0557c0696781dfa3a809470bfda654b05ccb7ee786a3b0be87905e0af35418,outer_fixed_k
R05_F04_k17_Independent_ET_Physics,5,4,R05_F04,17,Independent_ET_Physics,1083,True,cb0557c0696781dfa3a809470bfda654b05ccb7ee786a3b0be87905e0af35418,outer_fixed_k
R05_F04_k17_Native_ET_Physics,5,4,R05_F04,17,Native_ET_Physics,1083,True,cb0557c0696781dfa3a809470bfda654b05ccb7ee786a3b0be87905e0af35418,outer_fixed_k
R05_F04_k17_Native_RF_Physics,5,4,R05_F04,17,Native_RF_Physics,1083,True,cb0557c0696781dfa3a809470bfda654b05ccb7ee786a3b0be87905e0af35418,outer_fixed_k
R05_F04_k17_RegressorChain_ET_Physics,5,4,R05_F04,17,RegressorChain_ET_Physics,1083,True,cb0557c0696781dfa3a809470bfda654b05ccb7ee786a3b0be87905e0af35418,outer_fixed_k
R05_F05_k03_Independent_ET_Physics,5,5,R05_F05,3,Independent_ET_Physics,1070,True,aeef3e2f63dc9996e0892c4abb1ea5d64ca45ba8dfa6d6fd189b215fbfe89096,outer_fixed_k
R05_F05_k03_Native_ET_Physics,5,5,R05_F05,3,Native_ET_Physics,1070,True,aeef3e2f63dc9996e0892c4abb1ea5d64ca45ba8dfa6d6fd189b215fbfe89096,outer_fixed_k
R05_F05_k03_Native_RF_Physics,5,5,R05_F05,3,Native_RF_Physics,1070,True,aeef3e2f63dc9996e0892c4abb1ea5d64ca45ba8dfa6d6fd189b215fbfe89096,outer_fixed_k
R05_F05_k03_RegressorChain_ET_Physics,5,5,R05_F05,3,RegressorChain_ET_Physics,1070,True,aeef3e2f63dc9996e0892c4abb1ea5d64ca45ba8dfa6d6fd189b215fbfe89096,outer_fixed_k
R05_F05_k04_Independent_ET_Physics,5,5,R05_F05,4,Independent_ET_Physics,1071,True,aeef3e2f63dc9996e0892c4abb1ea5d64ca45ba8dfa6d6fd189b215fbfe89096,outer_fixed_k
R05_F05_k04_Native_ET_Physics,5,5,R05_F05,4,Native_ET_Physics,1071,True,aeef3e2f63dc9996e0892c4abb1ea5d64ca45ba8dfa6d6fd189b215fbfe89096,outer_fixed_k
R05_F05_k04_Native_RF_Physics,5,5,R05_F05,4,Native_RF_Physics,1071,True,aeef3e2f63dc9996e0892c4abb1ea5d64ca45ba8dfa6d6fd189b215fbfe89096,outer_fixed_k
R05_F05_k04_RegressorChain_ET_Physics,5,5,R05_F05,4,RegressorChain_ET_Physics,1071,True,aeef3e2f63dc9996e0892c4abb1ea5d64ca45ba8dfa6d6fd189b215fbfe89096,outer_fixed_k
R05_F05_k05_Independent_ET_Physics,5,5,R05_F05,5,Independent_ET_Physics,1072,True,aeef3e2f63dc9996e0892c4abb1ea5d64ca45ba8dfa6d6fd189b215fbfe89096,outer_fixed_k
R05_F05_k05_Native_ET_Physics,5,5,R05_F05,5,Native_ET_Physics,1072,True,aeef3e2f63dc9996e0892c4abb1ea5d64ca45ba8dfa6d6fd189b215fbfe89096,outer_fixed_k
R05_F05_k05_Native_RF_Physics,5,5,R05_F05,5,Native_RF_Physics,1072,True,aeef3e2f63dc9996e0892c4abb1ea5d64ca45ba8dfa6d6fd189b215fbfe89096,outer_fixed_k
R05_F05_k05_RegressorChain_ET_Physics,5,5,R05_F05,5,RegressorChain_ET_Physics,1072,True,aeef3e2f63dc9996e0892c4abb1ea5d64ca45ba8dfa6d6fd189b215fbfe89096,outer_fixed_k
R05_F05_k06_Independent_ET_Physics,5,5,R05_F05,6,Independent_ET_Physics,1073,True,aeef3e2f63dc9996e0892c4abb1ea5d64ca45ba8dfa6d6fd189b215fbfe89096,outer_fixed_k
R05_F05_k06_Native_ET_Physics,5,5,R05_F05,6,Native_ET_Physics,1073,True,aeef3e2f63dc9996e0892c4abb1ea5d64ca45ba8dfa6d6fd189b215fbfe89096,outer_fixed_k
R05_F05_k06_Native_RF_Physics,5,5,R05_F05,6,Native_RF_Physics,1073,True,aeef3e2f63dc9996e0892c4abb1ea5d64ca45ba8dfa6d6fd189b215fbfe89096,outer_fixed_k
R05_F05_k06_RegressorChain_ET_Physics,5,5,R05_F05,6,RegressorChain_ET_Physics,1073,True,aeef3e2f63dc9996e0892c4abb1ea5d64ca45ba8dfa6d6fd189b215fbfe89096,outer_fixed_k
R05_F05_k07_Independent_ET_Physics,5,5,R05_F05,7,Independent_ET_Physics,1074,True,aeef3e2f63dc9996e0892c4abb1ea5d64ca45ba8dfa6d6fd189b215fbfe89096,outer_fixed_k
R05_F05_k07_Native_ET_Physics,5,5,R05_F05,7,Native_ET_Physics,1074,True,aeef3e2f63dc9996e0892c4abb1ea5d64ca45ba8dfa6d6fd189b215fbfe89096,outer_fixed_k
R05_F05_k07_Native_RF_Physics,5,5,R05_F05,7,Native_RF_Physics,1074,True,aeef3e2f63dc9996e0892c4abb1ea5d64ca45ba8dfa6d6fd189b215fbfe89096,outer_fixed_k
R05_F05_k07_RegressorChain_ET_Physics,5,5,R05_F05,7,RegressorChain_ET_Physics,1074,True,aeef3e2f63dc9996e0892c4abb1ea5d64ca45ba8dfa6d6fd189b215fbfe89096,outer_fixed_k
R05_F05_k08_Independent_ET_Physics,5,5,R05_F05,8,Independent_ET_Physics,1075,True,aeef3e2f63dc9996e0892c4abb1ea5d64ca45ba8dfa6d6fd189b215fbfe89096,outer_fixed_k
R05_F05_k08_Native_ET_Physics,5,5,R05_F05,8,Native_ET_Physics,1075,True,aeef3e2f63dc9996e0892c4abb1ea5d64ca45ba8dfa6d6fd189b215fbfe89096,outer_fixed_k
R05_F05_k08_Native_RF_Physics,5,5,R05_F05,8,Native_RF_Physics,1075,True,aeef3e2f63dc9996e0892c4abb1ea5d64ca45ba8dfa6d6fd189b215fbfe89096,outer_fixed_k
R05_F05_k08_RegressorChain_ET_Physics,5,5,R05_F05,8,RegressorChain_ET_Physics,1075,True,aeef3e2f63dc9996e0892c4abb1ea5d64ca45ba8dfa6d6fd189b215fbfe89096,outer_fixed_k
R05_F05_k09_Independent_ET_Physics,5,5,R05_F05,9,Independent_ET_Physics,1076,True,aeef3e2f63dc9996e0892c4abb1ea5d64ca45ba8dfa6d6fd189b215fbfe89096,outer_fixed_k
R05_F05_k09_Native_ET_Physics,5,5,R05_F05,9,Native_ET_Physics,1076,True,aeef3e2f63dc9996e0892c4abb1ea5d64ca45ba8dfa6d6fd189b215fbfe89096,outer_fixed_k
R05_F05_k09_Native_RF_Physics,5,5,R05_F05,9,Native_RF_Physics,1076,True,aeef3e2f63dc9996e0892c4abb1ea5d64ca45ba8dfa6d6fd189b215fbfe89096,outer_fixed_k
R05_F05_k09_RegressorChain_ET_Physics,5,5,R05_F05,9,RegressorChain_ET_Physics,1076,True,aeef3e2f63dc9996e0892c4abb1ea5d64ca45ba8dfa6d6fd189b215fbfe89096,outer_fixed_k
R05_F05_k10_Independent_ET_Physics,5,5,R05_F05,10,Independent_ET_Physics,1077,True,aeef3e2f63dc9996e0892c4abb1ea5d64ca45ba8dfa6d6fd189b215fbfe89096,outer_fixed_k
R05_F05_k10_Native_ET_Physics,5,5,R05_F05,10,Native_ET_Physics,1077,True,aeef3e2f63dc9996e0892c4abb1ea5d64ca45ba8dfa6d6fd189b215fbfe89096,outer_fixed_k
R05_F05_k10_Native_RF_Physics,5,5,R05_F05,10,Native_RF_Physics,1077,True,aeef3e2f63dc9996e0892c4abb1ea5d64ca45ba8dfa6d6fd189b215fbfe89096,outer_fixed_k
R05_F05_k10_RegressorChain_ET_Physics,5,5,R05_F05,10,RegressorChain_ET_Physics,1077,True,aeef3e2f63dc9996e0892c4abb1ea5d64ca45ba8dfa6d6fd189b215fbfe89096,outer_fixed_k
R05_F05_k11_Independent_ET_Physics,5,5,R05_F05,11,Independent_ET_Physics,1078,True,aeef3e2f63dc9996e0892c4abb1ea5d64ca45ba8dfa6d6fd189b215fbfe89096,outer_fixed_k
R05_F05_k11_Native_ET_Physics,5,5,R05_F05,11,Native_ET_Physics,1078,True,aeef3e2f63dc9996e0892c4abb1ea5d64ca45ba8dfa6d6fd189b215fbfe89096,outer_fixed_k
R05_F05_k11_Native_RF_Physics,5,5,R05_F05,11,Native_RF_Physics,1078,True,aeef3e2f63dc9996e0892c4abb1ea5d64ca45ba8dfa6d6fd189b215fbfe89096,outer_fixed_k
R05_F05_k11_RegressorChain_ET_Physics,5,5,R05_F05,11,RegressorChain_ET_Physics,1078,True,aeef3e2f63dc9996e0892c4abb1ea5d64ca45ba8dfa6d6fd189b215fbfe89096,outer_fixed_k
R05_F05_k12_Independent_ET_Physics,5,5,R05_F05,12,Independent_ET_Physics,1079,True,aeef3e2f63dc9996e0892c4abb1ea5d64ca45ba8dfa6d6fd189b215fbfe89096,outer_fixed_k
R05_F05_k12_Native_ET_Physics,5,5,R05_F05,12,Native_ET_Physics,1079,True,aeef3e2f63dc9996e0892c4abb1ea5d64ca45ba8dfa6d6fd189b215fbfe89096,outer_fixed_k
R05_F05_k12_Native_RF_Physics,5,5,R05_F05,12,Native_RF_Physics,1079,True,aeef3e2f63dc9996e0892c4abb1ea5d64ca45ba8dfa6d6fd189b215fbfe89096,outer_fixed_k
R05_F05_k12_RegressorChain_ET_Physics,5,5,R05_F05,12,RegressorChain_ET_Physics,1079,True,aeef3e2f63dc9996e0892c4abb1ea5d64ca45ba8dfa6d6fd189b215fbfe89096,outer_fixed_k
R05_F05_k13_Independent_ET_Physics,5,5,R05_F05,13,Independent_ET_Physics,1080,True,aeef3e2f63dc9996e0892c4abb1ea5d64ca45ba8dfa6d6fd189b215fbfe89096,outer_fixed_k
R05_F05_k13_Native_ET_Physics,5,5,R05_F05,13,Native_ET_Physics,1080,True,aeef3e2f63dc9996e0892c4abb1ea5d64ca45ba8dfa6d6fd189b215fbfe89096,outer_fixed_k
R05_F05_k13_Native_RF_Physics,5,5,R05_F05,13,Native_RF_Physics,1080,True,aeef3e2f63dc9996e0892c4abb1ea5d64ca45ba8dfa6d6fd189b215fbfe89096,outer_fixed_k
R05_F05_k13_RegressorChain_ET_Physics,5,5,R05_F05,13,RegressorChain_ET_Physics,1080,True,aeef3e2f63dc9996e0892c4abb1ea5d64ca45ba8dfa6d6fd189b215fbfe89096,outer_fixed_k
R05_F05_k14_Independent_ET_Physics,5,5,R05_F05,14,Independent_ET_Physics,1081,True,aeef3e2f63dc9996e0892c4abb1ea5d64ca45ba8dfa6d6fd189b215fbfe89096,outer_fixed_k
R05_F05_k14_Native_ET_Physics,5,5,R05_F05,14,Native_ET_Physics,1081,True,aeef3e2f63dc9996e0892c4abb1ea5d64ca45ba8dfa6d6fd189b215fbfe89096,outer_fixed_k
R05_F05_k14_Native_RF_Physics,5,5,R05_F05,14,Native_RF_Physics,1081,True,aeef3e2f63dc9996e0892c4abb1ea5d64ca45ba8dfa6d6fd189b215fbfe89096,outer_fixed_k
R05_F05_k14_RegressorChain_ET_Physics,5,5,R05_F05,14,RegressorChain_ET_Physics,1081,True,aeef3e2f63dc9996e0892c4abb1ea5d64ca45ba8dfa6d6fd189b215fbfe89096,outer_fixed_k
R05_F05_k15_Independent_ET_Physics,5,5,R05_F05,15,Independent_ET_Physics,1082,True,aeef3e2f63dc9996e0892c4abb1ea5d64ca45ba8dfa6d6fd189b215fbfe89096,outer_fixed_k
R05_F05_k15_Native_ET_Physics,5,5,R05_F05,15,Native_ET_Physics,1082,True,aeef3e2f63dc9996e0892c4abb1ea5d64ca45ba8dfa6d6fd189b215fbfe89096,outer_fixed_k
R05_F05_k15_Native_RF_Physics,5,5,R05_F05,15,Native_RF_Physics,1082,True,aeef3e2f63dc9996e0892c4abb1ea5d64ca45ba8dfa6d6fd189b215fbfe89096,outer_fixed_k
R05_F05_k15_RegressorChain_ET_Physics,5,5,R05_F05,15,RegressorChain_ET_Physics,1082,True,aeef3e2f63dc9996e0892c4abb1ea5d64ca45ba8dfa6d6fd189b215fbfe89096,outer_fixed_k
R05_F05_k16_Independent_ET_Physics,5,5,R05_F05,16,Independent_ET_Physics,1083,True,aeef3e2f63dc9996e0892c4abb1ea5d64ca45ba8dfa6d6fd189b215fbfe89096,outer_fixed_k
R05_F05_k16_Native_ET_Physics,5,5,R05_F05,16,Native_ET_Physics,1083,True,aeef3e2f63dc9996e0892c4abb1ea5d64ca45ba8dfa6d6fd189b215fbfe89096,outer_fixed_k
R05_F05_k16_Native_RF_Physics,5,5,R05_F05,16,Native_RF_Physics,1083,True,aeef3e2f63dc9996e0892c4abb1ea5d64ca45ba8dfa6d6fd189b215fbfe89096,outer_fixed_k
R05_F05_k16_RegressorChain_ET_Physics,5,5,R05_F05,16,RegressorChain_ET_Physics,1083,True,aeef3e2f63dc9996e0892c4abb1ea5d64ca45ba8dfa6d6fd189b215fbfe89096,outer_fixed_k
R05_F05_k17_Independent_ET_Physics,5,5,R05_F05,17,Independent_ET_Physics,1084,True,aeef3e2f63dc9996e0892c4abb1ea5d64ca45ba8dfa6d6fd189b215fbfe89096,outer_fixed_k
R05_F05_k17_Native_ET_Physics,5,5,R05_F05,17,Native_ET_Physics,1084,True,aeef3e2f63dc9996e0892c4abb1ea5d64ca45ba8dfa6d6fd189b215fbfe89096,outer_fixed_k
R05_F05_k17_Native_RF_Physics,5,5,R05_F05,17,Native_RF_Physics,1084,True,aeef3e2f63dc9996e0892c4abb1ea5d64ca45ba8dfa6d6fd189b215fbfe89096,outer_fixed_k
R05_F05_k17_RegressorChain_ET_Physics,5,5,R05_F05,17,RegressorChain_ET_Physics,1084,True,aeef3e2f63dc9996e0892c4abb1ea5d64ca45ba8dfa6d6fd189b215fbfe89096,outer_fixed_k
