Run_ID,Repeat,Outer_Fold,Outer_ID,Feature_Count,Model_Family,Description,Candidate_Number,Alpha,Params,Derived_Seed,Outer_Training_Index_Hash,Mean_Inner_Primary_Score,Std_Inner_Primary_Score,Mean_Inner_NRMSE,Rank_Within_Family,Selection_Status,Search_Independent_Fixed_k,Complexity_Score,Selected_Alpha,Selected_Feature_Count,Selected_Features,Selected_Feature_Rank,Outer_Validation_Index_Hash,Calibration_Accessed,Final_Test_Accessed,Selected_Configuration_Status,Outer_R2_YS,Outer_RMSE_YS,Outer_MAE_YS,Outer_NRMSE_YS,Outer_R2_UTS,Outer_RMSE_UTS,Outer_MAE_UTS,Outer_NRMSE_UTS,Outer_R2_El,Outer_RMSE_El,Outer_MAE_El,Outer_NRMSE_El,Outer_R2_Macro,Outer_RMSE_Macro,Outer_MAE_Macro,Outer_NRMSE_Macro
R01_F01_k03_Independent_ET_Physics,1,1,R01_F01,3,Independent_ET_Physics,reduced physics-retained independent ET,12,0.0,"{""model__estimator__max_depth"": 14, ""model__estimator__max_features"": 1.0, ""model__estimator__min_samples_leaf"": 2, ""model__estimator__n_estimators"": 800, ""selector__alpha"": 0.0, ""selector__n_features"": 3}",1046,669f36818ef67c35fdcfbc6dc7e485c780b3f5e8797b66a9dd8d851106732926,-0.5734708189692715,0.02890696605438302,0.5734708189692715,1,Selected_for_fixed_k,True,1240,0.0,3,Tsol;Tage;tage,Zn;Tsol;Tage;Mg;Cu;tage;Fe;Ti;Zr;Si;Mn;Li;Sc;Cr;Be;Ni;V,38b5261cdefd68d022d7998fd1a11d9d8812846f1d945958250ca3b588008437,False,False,Selected,0.7869043505988906,55.67187289247535,41.916912239015616,0.4573285839212975,0.7015620274675938,56.86998203501766,43.836565431354344,0.5412128448322673,0.579423297799561,4.676555764878445,3.8364730014156097,0.6424859879812811,0.6892965586220151,39.07280356412382,29.86331689059519,0.5470091389116153
R01_F01_k04_Native_ET_Physics,1,1,R01_F01,4,Native_ET_Physics,reduced physics-retained ExtraTrees,5,0.0,"{""model__max_depth"": 14, ""model__max_features"": ""sqrt"", ""model__min_samples_leaf"": 1, ""model__n_estimators"": 500, ""selector__alpha"": 0.0, ""selector__n_features"": 4}",1047,669f36818ef67c35fdcfbc6dc7e485c780b3f5e8797b66a9dd8d851106732926,-0.5045434107322342,0.047843923539585914,0.5045434107322342,1,Selected_for_fixed_k,True,790,0.0,4,Tsol;Tage;tage;Zn,Zn;Tsol;Tage;Mg;Cu;tage;Fe;Ti;Zr;Si;Mn;Li;Sc;Cr;Be;Ni;V,38b5261cdefd68d022d7998fd1a11d9d8812846f1d945958250ca3b588008437,False,False,Selected,0.8321359583362367,49.4114249032201,37.18277201660216,0.405900786276178,0.7991281880710777,46.656864475032286,33.38850671898047,0.444017976617916,0.5151239980206609,5.021331072636162,3.547484653654865,0.6898527500543139,0.7154627148093251,33.69654015029618,24.706254463079166,0.5132571709828025
R01_F01_k05_Native_ET_Physics,1,1,R01_F01,5,Native_ET_Physics,reduced physics-retained ExtraTrees,17,0.5,"{""model__max_depth"": 14, ""model__max_features"": 0.7, ""model__min_samples_leaf"": 1, ""model__n_estimators"": 300, ""selector__alpha"": 0.5, ""selector__n_features"": 5}",1048,669f36818ef67c35fdcfbc6dc7e485c780b3f5e8797b66a9dd8d851106732926,-0.48577755824309604,0.047016663274667816,0.48577755824309604,1,Selected_for_fixed_k,True,610,0.5,5,Tsol;Tage;tage;Zn;Mg,Zn;Mg;Tsol;Tage;Ti;Cu;Fe;Si;Sc;Zr;Li;Cr;tage;Be;Mn;Ni;V,38b5261cdefd68d022d7998fd1a11d9d8812846f1d945958250ca3b588008437,False,False,Selected,0.8454505364763214,47.41134668060981,35.01873112475726,0.38947071317544313,0.820292614823215,44.13051677536868,31.828734636114763,0.4199755595704043,0.673673103441221,4.1193618925570235,2.9651525804209524,0.5659362206837133,0.7798054182469191,31.887075116178508,23.27087278043099,0.45846083114318686
R01_F01_k06_Native_ET_Physics,1,1,R01_F01,6,Native_ET_Physics,reduced physics-retained ExtraTrees,4,0.25,"{""model__max_depth"": 10, ""model__max_features"": 1.0, ""model__min_samples_leaf"": 1, ""model__n_estimators"": 300, ""selector__alpha"": 0.25, ""selector__n_features"": 6}",1049,669f36818ef67c35fdcfbc6dc7e485c780b3f5e8797b66a9dd8d851106732926,-0.4583509369706905,0.050037919099616135,0.4583509369706905,1,Selected_for_fixed_k,True,600,0.25,6,Tsol;Tage;tage;Zn;Mg;Cu,Zn;Tsol;Mg;Tage;Cu;Ti;Fe;Si;tage;Zr;Sc;Li;Cr;Mn;Be;Ni;V,38b5261cdefd68d022d7998fd1a11d9d8812846f1d945958250ca3b588008437,False,False,Selected,0.8446675647433648,47.53129160312033,37.45153219901108,0.39045602656100553,0.830792175315126,42.82193340475525,30.19530496843441,0.4075222036281814,0.7041067551975289,3.922573020524598,2.995104966502119,0.5389004919918816,0.7931888317520066,31.425266009466725,23.54731404464921,0.44562624072702284
R01_F01_k07_Native_RF_Physics,1,1,R01_F01,7,Native_RF_Physics,reduced physics-retained RandomForest,12,0.25,"{""model__max_depth"": 10, ""model__max_features"": 0.7, ""model__min_samples_leaf"": 1, ""model__n_estimators"": 800, ""selector__alpha"": 0.25, ""selector__n_features"": 7}",1050,669f36818ef67c35fdcfbc6dc7e485c780b3f5e8797b66a9dd8d851106732926,-0.45911645856538846,0.04445817339410791,0.45911645856538846,1,Selected_for_fixed_k,True,1070,0.25,7,Tsol;Tage;tage;Zn;Mg;Cu;Ti,Zn;Tsol;Mg;Tage;Cu;Ti;Fe;Si;tage;Zr;Sc;Li;Cr;Mn;Be;Ni;V,38b5261cdefd68d022d7998fd1a11d9d8812846f1d945958250ca3b588008437,False,False,Selected,0.8148836408695088,51.88847898421784,41.427217136062026,0.4262490802404768,0.8224367877019167,43.86645583327552,32.50533223881745,0.41746257875758586,0.6625056458199585,4.189254721138151,3.1402158575335393,0.575538407695145,0.7666086914637947,33.314729846210504,25.69092174413767,0.47308335556440256
R01_F01_k08_Native_ET_Physics,1,1,R01_F01,8,Native_ET_Physics,reduced physics-retained ExtraTrees,7,0.0,"{""model__max_depth"": null, ""model__max_features"": 1.0, ""model__min_samples_leaf"": 1, ""model__n_estimators"": 500, ""selector__alpha"": 0.0, ""selector__n_features"": 8}",1051,669f36818ef67c35fdcfbc6dc7e485c780b3f5e8797b66a9dd8d851106732926,-0.4412279528001893,0.04334899704933327,0.4412279528001893,1,Selected_for_fixed_k,True,700,0.0,8,Tsol;Tage;tage;Zn;Mg;Cu;Fe;Ti,Zn;Tsol;Tage;Mg;Cu;tage;Fe;Ti;Zr;Si;Mn;Li;Sc;Cr;Be;Ni;V,38b5261cdefd68d022d7998fd1a11d9d8812846f1d945958250ca3b588008437,False,False,Selected,0.8672851812348136,43.93475910572784,34.06170981481483,0.36091153616392124,0.8556637311287103,39.54975412074902,28.110997962962717,0.37638195361003013,0.7339984280040095,3.7191664314780035,2.6559919135802414,0.5109555919637515,0.8189824467891779,29.06789321931829,21.60956656378593,0.4160830272459009
R01_F01_k09_Native_ET_Physics,1,1,R01_F01,9,Native_ET_Physics,reduced physics-retained ExtraTrees,1,0.0,"{""model__max_depth"": null, ""model__max_features"": ""sqrt"", ""model__min_samples_leaf"": 1, ""model__n_estimators"": 500, ""selector__alpha"": 0.0, ""selector__n_features"": 9}",1052,669f36818ef67c35fdcfbc6dc7e485c780b3f5e8797b66a9dd8d851106732926,-0.447103580496396,0.059000809888780606,0.447103580496396,1,Selected_for_fixed_k,True,650,0.0,9,Tsol;Tage;tage;Zn;Mg;Cu;Fe;Ti;Zr,Zn;Tsol;Tage;Mg;Cu;tage;Fe;Ti;Zr;Si;Mn;Li;Sc;Cr;Be;Ni;V,38b5261cdefd68d022d7998fd1a11d9d8812846f1d945958250ca3b588008437,False,False,Selected,0.8518930772910173,46.412634371297756,35.65702675925936,0.38126657592565816,0.8622159739982894,38.641634281985155,28.248681944444424,0.3677396768974513,0.7360133038791715,3.7050539148253843,2.6544549691357986,0.509016751787279,0.816707451722826,29.586440856036102,22.18672122427986,0.41934100153679615
R01_F01_k10_Native_ET_Physics,1,1,R01_F01,10,Native_ET_Physics,reduced physics-retained ExtraTrees,6,0.5,"{""model__max_depth"": 14, ""model__max_features"": 0.7, ""model__min_samples_leaf"": 1, ""model__n_estimators"": 500, ""selector__alpha"": 0.5, ""selector__n_features"": 10}",1053,669f36818ef67c35fdcfbc6dc7e485c780b3f5e8797b66a9dd8d851106732926,-0.43666283468695566,0.0751266900046776,0.43666283468695566,1,Selected_for_fixed_k,True,810,0.5,10,Tsol;Tage;tage;Zn;Mg;Ti;Cu;Fe;Si;Sc,Zn;Mg;Tsol;Tage;Ti;Cu;Fe;Si;Sc;Zr;Li;Cr;tage;Be;Mn;Ni;V,38b5261cdefd68d022d7998fd1a11d9d8812846f1d945958250ca3b588008437,False,False,Selected,0.8643138586597131,44.42385944718401,33.90922588070679,0.36492935620359523,0.860199949431621,38.92330549338517,28.043163767565257,0.37042024882967534,0.7291072165016312,3.7532045105804888,2.674287509666254,0.5156318943496622,0.8178736748643218,29.033456483716552,21.542225719312768,0.4169938331276442
R01_F01_k11_Native_ET_Physics,1,1,R01_F01,11,Native_ET_Physics,reduced physics-retained ExtraTrees,23,0.25,"{""model__max_depth"": null, ""model__max_features"": 0.7, ""model__min_samples_leaf"": 1, ""model__n_estimators"": 300, ""selector__alpha"": 0.25, ""selector__n_features"": 11}",1054,669f36818ef67c35fdcfbc6dc7e485c780b3f5e8797b66a9dd8d851106732926,-0.43250230923773286,0.05807411979848756,0.43250230923773286,1,Selected_for_fixed_k,True,470,0.25,11,Tsol;Tage;tage;Zn;Mg;Cu;Ti;Fe;Si;Zr;Sc,Zn;Tsol;Mg;Tage;Cu;Ti;Fe;Si;tage;Zr;Sc;Li;Cr;Mn;Be;Ni;V,38b5261cdefd68d022d7998fd1a11d9d8812846f1d945958250ca3b588008437,False,False,Selected,0.8620860319137933,44.787071642504806,34.791585648148136,0.3679130409678895,0.8636247439229288,38.44358143917496,27.7261973765432,0.36585487337459416,0.7389198678065491,3.6846006441535613,2.6148837962962945,0.5062067906800631,0.8215435478810904,28.971751241944446,21.710888940329212,0.41332490167418223
R01_F01_k12_Native_ET_Physics,1,1,R01_F01,12,Native_ET_Physics,reduced physics-retained ExtraTrees,4,0.5,"{""model__max_depth"": 14, ""model__max_features"": 1.0, ""model__min_samples_leaf"": 1, ""model__n_estimators"": 500, ""selector__alpha"": 0.5, ""selector__n_features"": 12}",1055,669f36818ef67c35fdcfbc6dc7e485c780b3f5e8797b66a9dd8d851106732926,-0.42764965186086845,0.0586737222921728,0.42764965186086845,1,Selected_for_fixed_k,True,840,0.5,12,Tsol;Tage;tage;Zn;Mg;Ti;Cu;Fe;Si;Sc;Zr;Li,Zn;Mg;Tsol;Tage;Ti;Cu;Fe;Si;Sc;Zr;Li;Cr;tage;Be;Mn;Ni;V,38b5261cdefd68d022d7998fd1a11d9d8812846f1d945958250ca3b588008437,False,False,Selected,0.8589929707405031,45.28651716420388,35.13594779924132,0.37201584371759444,0.8547887657897975,39.66944814964111,28.10021859613434,0.3775210421690214,0.7478370036899509,3.6211306123969176,2.5823010889588964,0.4974869960041131,0.8205395800734171,29.52569864208063,21.939489161444854,0.4156746272969096
R01_F01_k13_Native_ET_Physics,1,1,R01_F01,13,Native_ET_Physics,reduced physics-retained ExtraTrees,4,0.0,"{""model__max_depth"": 14, ""model__max_features"": 0.7, ""model__min_samples_leaf"": 1, ""model__n_estimators"": 300, ""selector__alpha"": 0.0, ""selector__n_features"": 13}",1056,669f36818ef67c35fdcfbc6dc7e485c780b3f5e8797b66a9dd8d851106732926,-0.42924760608584756,0.029882970684240884,0.42924760608584756,1,Selected_for_fixed_k,True,610,0.0,13,Tsol;Tage;tage;Zn;Mg;Cu;Fe;Ti;Zr;Si;Mn;Li;Sc,Zn;Tsol;Tage;Mg;Cu;tage;Fe;Ti;Zr;Si;Mn;Li;Sc;Cr;Be;Ni;V,38b5261cdefd68d022d7998fd1a11d9d8812846f1d945958250ca3b588008437,False,False,Selected,0.8480315336895445,47.01379189522568,37.15832056965138,0.3862049138124144,0.8585081041653537,39.15812004563598,28.106886372649097,0.37265490140532453,0.7100938260015252,3.88268576910557,2.746069981231256,0.533420604351436,0.8055444879521412,30.018199236655743,22.670425641177246,0.4307601398563916
R01_F01_k14_Native_ET_Physics,1,1,R01_F01,14,Native_ET_Physics,reduced physics-retained ExtraTrees,10,0.75,"{""model__max_depth"": 10, ""model__max_features"": 0.7, ""model__min_samples_leaf"": 1, ""model__n_estimators"": 800, ""selector__alpha"": 0.75, ""selector__n_features"": 14}",1057,669f36818ef67c35fdcfbc6dc7e485c780b3f5e8797b66a9dd8d851106732926,-0.4754869809498542,0.06891849583527794,0.4754869809498542,1,Selected_for_fixed_k,True,1070,0.75,14,Tsol;Tage;tage;Zn;Mg;Ti;Si;Fe;Sc;Cu;Zr;Li;Cr;Be,Zn;Mg;Tsol;Tage;Ti;Si;Fe;Sc;Cu;Zr;Li;Cr;Be;Ni;Mn;tage;V,38b5261cdefd68d022d7998fd1a11d9d8812846f1d945958250ca3b588008437,False,False,Selected,0.851247803855935,46.513629956093,38.016940688651225,0.3820962258974836,0.8535011728959145,39.844935160839476,29.225651641006568,0.3791910941219708,0.6970138681902359,3.969308800141155,2.8948074527525867,0.5453212608334566,0.8005876149806951,30.10929130569121,23.37913326080346,0.43553619361763696
R01_F01_k15_Native_ET_Physics,1,1,R01_F01,15,Native_ET_Physics,reduced physics-retained ExtraTrees,6,0.25,"{""model__max_depth"": 14, ""model__max_features"": 0.7, ""model__min_samples_leaf"": 1, ""model__n_estimators"": 800, ""selector__alpha"": 0.25, ""selector__n_features"": 15}",1058,669f36818ef67c35fdcfbc6dc7e485c780b3f5e8797b66a9dd8d851106732926,-0.4691121142360049,0.030798264420614157,0.4691121142360049,1,Selected_for_fixed_k,True,1110,0.25,15,Tsol;Tage;tage;Zn;Mg;Cu;Ti;Fe;Si;Zr;Sc;Li;Cr;Mn;Be,Zn;Tsol;Mg;Tage;Cu;Ti;Fe;Si;tage;Zr;Sc;Li;Cr;Mn;Be;Ni;V,38b5261cdefd68d022d7998fd1a11d9d8812846f1d945958250ca3b588008437,False,False,Selected,0.8500732998889031,46.6968979394888,37.068444109115916,0.38360172019774524,0.8626390353013451,38.58226474271947,28.176873249306272,0.3671746765916207,0.7117184012270042,3.871791594868758,2.718358444868557,0.5319239143407353,0.8081435788057508,29.716984759025674,22.654558601096912,0.4275667703767004
R01_F01_k16_Native_ET_Physics,1,1,R01_F01,16,Native_ET_Physics,reduced physics-retained ExtraTrees,13,0.25,"{""model__max_depth"": 10, ""model__max_features"": 0.7, ""model__min_samples_leaf"": 1, ""model__n_estimators"": 500, ""selector__alpha"": 0.25, ""selector__n_features"": 16}",1059,669f36818ef67c35fdcfbc6dc7e485c780b3f5e8797b66a9dd8d851106732926,-0.45291911882067737,0.05897926776222714,0.45291911882067737,1,Selected_for_fixed_k,True,770,0.25,16,Tsol;Tage;tage;Zn;Mg;Cu;Ti;Fe;Si;Zr;Sc;Li;Cr;Mn;Be;Ni,Zn;Tsol;Mg;Tage;Cu;Ti;Fe;Si;tage;Zr;Sc;Li;Cr;Mn;Be;Ni;V,38b5261cdefd68d022d7998fd1a11d9d8812846f1d945958250ca3b588008437,False,False,Selected,0.8496577780897281,46.761563383930294,38.733756022579456,0.38413292841113134,0.8622435912204632,38.637761452488256,28.667077279340653,0.3677028204576466,0.6806560298750608,4.075049343331811,2.9547240080970707,0.5598483659888661,0.7975191330617507,29.82479139325012,23.451852436672393,0.4372280382858813
R01_F01_k17_Native_RF_Physics,1,1,R01_F01,17,Native_RF_Physics,reduced physics-retained RandomForest,21,1.0,"{""model__max_depth"": 10, ""model__max_features"": 0.7, ""model__min_samples_leaf"": 1, ""model__n_estimators"": 300, ""selector__alpha"": 1.0, ""selector__n_features"": 17}",1060,669f36818ef67c35fdcfbc6dc7e485c780b3f5e8797b66a9dd8d851106732926,-0.4587109064738197,0.06681604459166068,0.4587109064738197,1,Selected_for_fixed_k,True,570,1.0,17,Tsol;Tage;tage;Zn;Mg;Ti;Si;Sc;Fe;Cu;Li;Zr;Cr;Be;Ni;Mn;V,Zn;Mg;Tsol;Ti;Si;Sc;Tage;Fe;Cu;Li;Zr;Cr;Be;Ni;Mn;V;tage,38b5261cdefd68d022d7998fd1a11d9d8812846f1d945958250ca3b588008437,False,False,Selected,0.804262462289045,53.356287099287904,43.10762686112452,0.43830670596522425,0.8271952731674537,43.274679442576286,32.5341976637099,0.4118308382074008,0.6348928020522919,4.357262347026444,3.167030798802855,0.5986200410454607,0.7554501791695968,33.66274296296354,26.269618441212426,0.48291919507269526
R01_F02_k03_Independent_ET_Physics,1,2,R01_F02,3,Independent_ET_Physics,reduced physics-retained independent ET,5,0.0,"{""model__estimator__max_depth"": 14, ""model__estimator__max_features"": ""sqrt"", ""model__estimator__min_samples_leaf"": 1, ""model__estimator__n_estimators"": 500, ""selector__alpha"": 0.0, ""selector__n_features"": 3}",1047,7648fdd6882918847b741eec2aa06ff546fb5bf7658f4ffbf72b2877762af77d,-0.605880182791812,0.08803831449622912,0.605880182791812,1,Selected_for_fixed_k,True,790,0.0,3,Tsol;Tage;tage,Zn;Tage;Tsol;Mg;Cu;tage;Ti;Fe;Zr;Mn;Si;Li;Cr;Sc;Be;Ni;V,3ff0374a4f5b350f11b071b603635d2ae125e210b994de650857a011e7d86e2c,False,False,Selected,0.8043542381277142,61.47154471341716,48.39287040625562,0.4382039390603241,0.724336677017199,64.05590712343727,48.50986865957428,0.5201523302180504,0.5010757989232617,5.509475600879377,3.7145888488944845,0.6997748666676745,0.6765889046893916,43.67897581257793,33.53910930490813,0.552710378648683
R01_F02_k04_Independent_ET_Physics,1,2,R01_F02,4,Independent_ET_Physics,reduced physics-retained independent ET,9,0.5,"{""model__estimator__max_depth"": null, ""model__estimator__max_features"": 1.0, ""model__estimator__min_samples_leaf"": 2, ""model__estimator__n_estimators"": 500, ""selector__alpha"": 0.5, ""selector__n_features"": 4}",1048,7648fdd6882918847b741eec2aa06ff546fb5bf7658f4ffbf72b2877762af77d,-0.5119515390862455,0.07357696675826327,0.5119515390862455,1,Selected_for_fixed_k,True,800,0.5,4,Tsol;Tage;tage;Zn,Zn;Mg;Tsol;Tage;Cu;Ti;Fe;Si;Sc;Zr;Cr;Li;tage;Mn;Be;Ni;V,3ff0374a4f5b350f11b071b603635d2ae125e210b994de650857a011e7d86e2c,False,False,Selected,0.835090728636749,56.43667780903565,44.014253513824535,0.4023125600421086,0.7823980947304465,56.91163192888102,41.031002997857804,0.46213876742506066,0.6269195675996938,4.7642464006255265,3.14364523827337,0.6051210916039899,0.7481361303222965,39.37085204618074,29.396300583318567,0.4898574730237197
R01_F02_k05_Native_ET_Physics,1,2,R01_F02,5,Native_ET_Physics,reduced physics-retained ExtraTrees,4,0.25,"{""model__max_depth"": 10, ""model__max_features"": 1.0, ""model__min_samples_leaf"": 1, ""model__n_estimators"": 300, ""selector__alpha"": 0.25, ""selector__n_features"": 5}",1049,7648fdd6882918847b741eec2aa06ff546fb5bf7658f4ffbf72b2877762af77d,-0.49876663119509823,0.05998027642434487,0.49876663119509823,1,Selected_for_fixed_k,True,600,0.25,5,Tsol;Tage;tage;Zn;Mg,Zn;Tsol;Mg;Tage;Cu;Ti;Fe;tage;Si;Zr;Sc;Cr;Li;Mn;Be;Ni;V,3ff0374a4f5b350f11b071b603635d2ae125e210b994de650857a011e7d86e2c,False,False,Selected,0.8638806756290793,51.27418862795734,39.02465852909751,0.3655114172523609,0.8418593881716561,48.516716331710306,35.18684469979273,0.39396964601307916,0.6279630398313838,4.757579152263103,3.0918539006064396,0.6042742645787262,0.7779010345440397,34.849494703976916,25.767785709832225,0.4545851092813888
R01_F02_k06_Native_ET_Physics,1,2,R01_F02,6,Native_ET_Physics,reduced physics-retained ExtraTrees,12,0.25,"{""model__max_depth"": 10, ""model__max_features"": 0.7, ""model__min_samples_leaf"": 1, ""model__n_estimators"": 800, ""selector__alpha"": 0.25, ""selector__n_features"": 6}",1050,7648fdd6882918847b741eec2aa06ff546fb5bf7658f4ffbf72b2877762af77d,-0.46787793131737326,0.01743312399728482,0.46787793131737326,1,Selected_for_fixed_k,True,1070,0.25,6,Tsol;Tage;tage;Zn;Mg;Cu,Zn;Tsol;Mg;Tage;Cu;Ti;Fe;tage;Si;Zr;Sc;Cr;Li;Mn;Be;Ni;V,3ff0374a4f5b350f11b071b603635d2ae125e210b994de650857a011e7d86e2c,False,False,Selected,0.8481593303588529,54.15430162484094,41.30319909725893,0.3860424916878104,0.8585513121523457,45.88483283139077,33.68376338057642,0.37259799744809063,0.7109766290709416,4.1933340422174155,2.791616610076361,0.5326078165801025,0.8058957571940467,34.74415616614971,25.926193029303906,0.4304161019053345
R01_F02_k07_Native_RF_Physics,1,2,R01_F02,7,Native_RF_Physics,reduced physics-retained RandomForest,16,0.5,"{""model__max_depth"": null, ""model__max_features"": ""sqrt"", ""model__min_samples_leaf"": 1, ""model__n_estimators"": 800, ""selector__alpha"": 0.5, ""selector__n_features"": 7}",1051,7648fdd6882918847b741eec2aa06ff546fb5bf7658f4ffbf72b2877762af77d,-0.46691546653247845,0.02943200861513064,0.46691546653247845,1,Selected_for_fixed_k,True,950,0.5,7,Tsol;Tage;tage;Zn;Mg;Cu;Ti,Zn;Mg;Tsol;Tage;Cu;Ti;Fe;Si;Sc;Zr;Cr;Li;tage;Mn;Be;Ni;V,3ff0374a4f5b350f11b071b603635d2ae125e210b994de650857a011e7d86e2c,False,False,Selected,0.8511447239189581,53.61928526377139,43.96656073954695,0.38222859246052737,0.8705037000359004,43.90342200030868,34.39765150040416,0.35650837344322606,0.697318120180476,4.291273453914181,2.790290593033504,0.545047392272329,0.8063221813784448,33.93799357266475,27.051500944328208,0.42792811939202746
R01_F02_k08_Native_RF_Physics,1,2,R01_F02,8,Native_RF_Physics,reduced physics-retained RandomForest,1,0.0,"{""model__max_depth"": null, ""model__max_features"": ""sqrt"", ""model__min_samples_leaf"": 1, ""model__n_estimators"": 500, ""selector__alpha"": 0.0, ""selector__n_features"": 8}",1052,7648fdd6882918847b741eec2aa06ff546fb5bf7658f4ffbf72b2877762af77d,-0.464463937241894,0.06947482517480268,0.464463937241894,1,Selected_for_fixed_k,True,650,0.0,8,Tsol;Tage;tage;Zn;Mg;Cu;Ti;Fe,Zn;Tage;Tsol;Mg;Cu;tage;Ti;Fe;Zr;Mn;Si;Li;Cr;Sc;Be;Ni;V,3ff0374a4f5b350f11b071b603635d2ae125e210b994de650857a011e7d86e2c,False,False,Selected,0.8474335560503155,54.283571820823134,43.86538515285139,0.386964002760073,0.8672902713449021,44.44481193718808,33.99534404614951,0.3609046149433544,0.7097146927700912,4.202478556758712,2.77343667636685,0.5337692885435784,0.8081461733884362,34.31028743825664,26.878055291789252,0.4272126354156686
R01_F02_k09_Native_ET_Physics,1,2,R01_F02,9,Native_ET_Physics,reduced physics-retained ExtraTrees,6,0.5,"{""model__max_depth"": 14, ""model__max_features"": 0.7, ""model__min_samples_leaf"": 1, ""model__n_estimators"": 500, ""selector__alpha"": 0.5, ""selector__n_features"": 9}",1053,7648fdd6882918847b741eec2aa06ff546fb5bf7658f4ffbf72b2877762af77d,-0.4482694796115492,0.03612745160065511,0.4482694796115492,1,Selected_for_fixed_k,True,810,0.5,9,Tsol;Tage;tage;Zn;Mg;Cu;Ti;Fe;Si,Zn;Mg;Tsol;Tage;Cu;Ti;Fe;Si;Sc;Zr;Cr;Li;tage;Mn;Be;Ni;V,3ff0374a4f5b350f11b071b603635d2ae125e210b994de650857a011e7d86e2c,False,False,Selected,0.8490580324354424,53.99380176913326,40.835598722658005,0.38489835793751004,0.8717801350656899,43.686509834630925,31.422158754575825,0.3547469844707382,0.7508586408913178,3.893282283072855,2.7032400315110436,0.4944973510912867,0.8238989361308167,33.85786462894568,24.986999169581626,0.4113808978331783
R01_F02_k10_Native_ET_Physics,1,2,R01_F02,10,Native_ET_Physics,reduced physics-retained ExtraTrees,21,0.5,"{""model__max_depth"": null, ""model__max_features"": 1.0, ""model__min_samples_leaf"": 1, ""model__n_estimators"": 300, ""selector__alpha"": 0.5, ""selector__n_features"": 10}",1054,7648fdd6882918847b741eec2aa06ff546fb5bf7658f4ffbf72b2877762af77d,-0.45187206774287725,0.022385809016765058,0.45187206774287725,1,Selected_for_fixed_k,True,500,0.5,10,Tsol;Tage;tage;Zn;Mg;Cu;Ti;Fe;Si;Sc,Zn;Mg;Tsol;Tage;Cu;Ti;Fe;Si;Sc;Zr;Cr;Li;tage;Mn;Be;Ni;V,3ff0374a4f5b350f11b071b603635d2ae125e210b994de650857a011e7d86e2c,False,False,Selected,0.8453000992421291,54.66179912884645,40.58579804526757,0.38966022093725866,0.8719536469400415,43.65694072545504,31.510936728395336,0.35450687482697546,0.7484798089699464,3.9118248922314964,2.729108024691366,0.4968525029771736,0.8219111850507056,34.07685491551099,24.941947599451428,0.4136731995804692
R01_F02_k11_RegressorChain_ET_Physics,1,2,R01_F02,11,RegressorChain_ET_Physics,reduced physics-retained regressor chain,4,0.5,"{""model__base_estimator__max_depth"": 14, ""model__base_estimator__max_features"": 1.0, ""model__base_estimator__min_samples_leaf"": 1, ""model__base_estimator__n_estimators"": 500, ""selector__alpha"": 0.5, ""selector__n_features"": 11}",1055,7648fdd6882918847b741eec2aa06ff546fb5bf7658f4ffbf72b2877762af77d,-0.44739398980285117,0.05801810421072061,0.44739398980285117,1,Selected_for_fixed_k,True,840,0.5,11,Tsol;Tage;tage;Zn;Mg;Cu;Ti;Fe;Si;Sc;Zr,Zn;Mg;Tsol;Tage;Cu;Ti;Fe;Si;Sc;Zr;Cr;Li;tage;Mn;Be;Ni;V,3ff0374a4f5b350f11b071b603635d2ae125e210b994de650857a011e7d86e2c,False,False,Selected,0.8569549641944606,52.562413655152845,38.61742405096025,0.3746946138670696,0.8635081634675001,45.07368143765501,33.14824147357079,0.366011215579586,0.693220012767531,4.3202262494857475,2.8525247923216455,0.5487247728668662,0.8045610468098306,33.9854404474312,24.872730105617563,0.4298102007711739
R01_F02_k12_RegressorChain_ET_Physics,1,2,R01_F02,12,RegressorChain_ET_Physics,reduced physics-retained regressor chain,14,0.25,"{""model__base_estimator__max_depth"": null, ""model__base_estimator__max_features"": 0.7, ""model__base_estimator__min_samples_leaf"": 1, ""model__base_estimator__n_estimators"": 800, ""selector__alpha"": 0.25, ""selector__n_features"": 12}",1056,7648fdd6882918847b741eec2aa06ff546fb5bf7658f4ffbf72b2877762af77d,-0.46589791222716653,0.03126698703068448,0.46589791222716653,1,Selected_for_fixed_k,True,970,0.25,12,Tsol;Tage;tage;Zn;Mg;Cu;Ti;Fe;Si;Zr;Sc;Cr,Zn;Tsol;Mg;Tage;Cu;Ti;Fe;tage;Si;Zr;Sc;Cr;Li;Mn;Be;Ni;V,3ff0374a4f5b350f11b071b603635d2ae125e210b994de650857a011e7d86e2c,False,False,Selected,0.856883322148073,52.57557457149522,39.03935655864201,0.3747884323225803,0.8665775454147562,44.5639989526576,32.91840624999972,0.3618724476790417,0.7069502470944962,4.222441667705198,2.8462877314814867,0.5363048625823525,0.8101370382191084,33.787338397286,24.934683513374406,0.42432191419465815
R01_F02_k13_Native_RF_Physics,1,2,R01_F02,13,Native_RF_Physics,reduced physics-retained RandomForest,10,0.75,"{""model__max_depth"": 10, ""model__max_features"": 0.7, ""model__min_samples_leaf"": 1, ""model__n_estimators"": 800, ""selector__alpha"": 0.75, ""selector__n_features"": 13}",1057,7648fdd6882918847b741eec2aa06ff546fb5bf7658f4ffbf72b2877762af77d,-0.4671485500859152,0.03486522317852975,0.4671485500859152,1,Selected_for_fixed_k,True,1070,0.75,13,Tsol;Tage;tage;Zn;Mg;Ti;Si;Fe;Sc;Cu;Zr;Cr;Li,Zn;Mg;Tsol;Tage;Ti;Si;Fe;Sc;Cu;Zr;Cr;Li;Be;Ni;V;Mn;tage,3ff0374a4f5b350f11b071b603635d2ae125e210b994de650857a011e7d86e2c,False,False,Selected,0.8462042305274063,54.50183178507208,41.86181691529664,0.388519883233208,0.8737797556040728,43.34452027383701,32.94107215003821,0.3519699311911022,0.7058935399489807,4.230047661567592,2.7915465885135045,0.5372709224629122,0.80862584202682,34.02546657349223,25.864811884616117,0.4259202456290741
R01_F02_k14_Native_RF_Physics,1,2,R01_F02,14,Native_RF_Physics,reduced physics-retained RandomForest,6,0.25,"{""model__max_depth"": 14, ""model__max_features"": 0.7, ""model__min_samples_leaf"": 1, ""model__n_estimators"": 800, ""selector__alpha"": 0.25, ""selector__n_features"": 14}",1058,7648fdd6882918847b741eec2aa06ff546fb5bf7658f4ffbf72b2877762af77d,-0.4800363243993445,0.0726190986161486,0.4800363243993445,1,Selected_for_fixed_k,True,1110,0.25,14,Tsol;Tage;tage;Zn;Mg;Cu;Ti;Fe;Si;Zr;Sc;Cr;Li;Mn,Zn;Tsol;Mg;Tage;Cu;Ti;Fe;tage;Si;Zr;Sc;Cr;Li;Mn;Be;Ni;V,3ff0374a4f5b350f11b071b603635d2ae125e210b994de650857a011e7d86e2c,False,False,Selected,0.8524138990991059,53.3902105982377,41.440528776498525,0.38059561867983305,0.8802795680746031,42.21373988794122,31.895570136979753,0.34278767027088564,0.699338720903778,4.276925931972724,2.698222395080657,0.5432250708789841,0.810677396025829,33.29362547271722,25.344773769519648,0.4222027866099009
R01_F02_k15_Independent_ET_Physics,1,2,R01_F02,15,Independent_ET_Physics,reduced physics-retained independent ET,8,1.0,"{""model__estimator__max_depth"": null, ""model__estimator__max_features"": 1.0, ""model__estimator__min_samples_leaf"": 1, ""model__estimator__n_estimators"": 800, ""selector__alpha"": 1.0, ""selector__n_features"": 15}",1059,7648fdd6882918847b741eec2aa06ff546fb5bf7658f4ffbf72b2877762af77d,-0.4965368627559684,0.03532856598211717,0.4965368627559684,1,Selected_for_fixed_k,True,1000,1.0,15,Tsol;Tage;tage;Zn;Mg;Si;Ti;Fe;Sc;Cu;Cr;Zr;Li;Be;Ni,Zn;Mg;Tsol;Si;Ti;Fe;Tage;Sc;Cu;Cr;Zr;Li;Be;Ni;V;Mn;tage,3ff0374a4f5b350f11b071b603635d2ae125e210b994de650857a011e7d86e2c,False,False,Selected,0.8586672501079008,52.246873725485386,38.25435453317905,0.3724452667788238,0.8695922639761806,44.057654201589756,31.132694425154106,0.3577607831349102,0.690868120915161,4.336754878592702,2.843925810185183,0.5508241231621415,0.8063758783330809,33.547094268555945,24.07699158950611,0.42701005769195843
R01_F02_k16_RegressorChain_ET_Physics,1,2,R01_F02,16,RegressorChain_ET_Physics,reduced physics-retained regressor chain,22,0.25,"{""model__base_estimator__max_depth"": null, ""model__base_estimator__max_features"": 1.0, ""model__base_estimator__min_samples_leaf"": 1, ""model__base_estimator__n_estimators"": 300, ""selector__alpha"": 0.25, ""selector__n_features"": 16}",1060,7648fdd6882918847b741eec2aa06ff546fb5bf7658f4ffbf72b2877762af77d,-0.47465290104511143,0.0132293857979916,0.47465290104511143,1,Selected_for_fixed_k,True,500,0.25,16,Tsol;Tage;tage;Zn;Mg;Cu;Ti;Fe;Si;Zr;Sc;Cr;Li;Mn;Be;Ni,Zn;Tsol;Mg;Tage;Cu;Ti;Fe;tage;Si;Zr;Sc;Cr;Li;Mn;Be;Ni;V,3ff0374a4f5b350f11b071b603635d2ae125e210b994de650857a011e7d86e2c,False,False,Selected,0.856579002293367,52.63144260551092,38.49332582304539,0.3751866912680383,0.8655882439664673,44.72891049578225,32.376125308642244,0.3632115766881875,0.7136712170806908,4.17374087373305,2.769765432098769,0.530119230032672,0.8119461544468417,33.84469799167541,24.546405521262134,0.4228391659962993
R01_F02_k17_Native_RF_Physics,1,2,R01_F02,17,Native_RF_Physics,reduced physics-retained RandomForest,15,0.75,"{""model__max_depth"": null, ""model__max_features"": 0.7, ""model__min_samples_leaf"": 1, ""model__n_estimators"": 500, ""selector__alpha"": 0.75, ""selector__n_features"": 17}",1061,7648fdd6882918847b741eec2aa06ff546fb5bf7658f4ffbf72b2877762af77d,-0.46027306448730937,0.06783390246696629,0.46027306448730937,1,Selected_for_fixed_k,True,670,0.75,17,Tsol;Tage;tage;Zn;Mg;Ti;Si;Fe;Sc;Cu;Zr;Cr;Li;Be;Ni;V;Mn,Zn;Mg;Tsol;Tage;Ti;Si;Fe;Sc;Cu;Zr;Cr;Li;Be;Ni;V;Mn;tage,3ff0374a4f5b350f11b071b603635d2ae125e210b994de650857a011e7d86e2c,False,False,Selected,0.8492287125171338,53.96326595026645,41.886527528218856,0.3846806813495497,0.8795884789096733,42.33540449326178,32.006400503527395,0.3437756217464708,0.6979033096267617,4.287123184211258,2.7193153496472697,0.544520254185442,0.808906833684523,33.52859787591316,25.537414460464507,0.4243255190938209
R01_F03_k03_Independent_ET_Physics,1,3,R01_F03,3,Independent_ET_Physics,reduced physics-retained independent ET,9,0.5,"{""model__estimator__max_depth"": null, ""model__estimator__max_features"": 1.0, ""model__estimator__min_samples_leaf"": 2, ""model__estimator__n_estimators"": 500, ""selector__alpha"": 0.5, ""selector__n_features"": 3}",1048,f232113204d658b6f4957339c84a6a3e9eb9d0000e231ba364950b61ee06ee89,-0.5818541608343937,0.02563066517233695,0.5818541608343937,1,Selected_for_fixed_k,True,800,0.5,3,Tsol;Tage;tage,Zn;Mg;Tsol;Tage;Ti;Fe;Cu;Zr;Sc;Si;Cr;Li;tage;Mn;Be;Ni;V,7f8c9588283951a66b6bd8bb3757df24d2c69bb87fb5990f898a28d6d9f2f457,False,False,Selected,0.7814940452561662,53.599047895314804,35.101132862468425,0.46309777388204276,0.7004103816488827,55.12120162136079,37.02853337219054,0.5422560856788297,0.6155569329254944,4.632857821717962,3.292540531550816,0.6142668402392972,0.699153786610181,37.784369112797854,25.140735588736593,0.5398735666000566
R01_F03_k04_Native_ET_Physics,1,3,R01_F03,4,Native_ET_Physics,reduced physics-retained ExtraTrees,13,0.75,"{""model__max_depth"": null, ""model__max_features"": ""sqrt"", ""model__min_samples_leaf"": 1, ""model__n_estimators"": 300, ""selector__alpha"": 0.75, ""selector__n_features"": 4}",1049,f232113204d658b6f4957339c84a6a3e9eb9d0000e231ba364950b61ee06ee89,-0.5038014001469581,0.024421601408395797,0.5038014001469581,1,Selected_for_fixed_k,True,450,0.75,4,Tsol;Tage;tage;Zn,Zn;Mg;Tsol;Ti;Tage;Fe;Sc;Zr;Si;Cu;Cr;Li;Be;Mn;V;Ni;tage,7f8c9588283951a66b6bd8bb3757df24d2c69bb87fb5990f898a28d6d9f2f457,False,False,Selected,0.8297123656236093,47.316977260253225,32.35053503086429,0.4088204491775293,0.7927004054959955,45.851602938009655,32.417663734568,0.4510661959450084,0.682715581596961,4.208790688716841,2.7909710390946487,0.5580401249240103,0.7683761175721887,32.45912362899324,22.519723268175643,0.4726422566821827
R01_F03_k05_Native_ET_Physics,1,3,R01_F03,5,Native_ET_Physics,reduced physics-retained ExtraTrees,22,0.25,"{""model__max_depth"": 14, ""model__max_features"": 1.0, ""model__min_samples_leaf"": 1, ""model__n_estimators"": 500, ""selector__alpha"": 0.25, ""selector__n_features"": 5}",1050,f232113204d658b6f4957339c84a6a3e9eb9d0000e231ba364950b61ee06ee89,-0.4633293075807883,0.10179881377090166,0.4633293075807883,1,Selected_for_fixed_k,True,840,0.25,5,Tsol;Tage;tage;Zn;Mg,Zn;Mg;Tsol;Tage;Ti;Cu;Fe;Zr;Si;tage;Sc;Cr;Mn;Li;Be;Ni;V,7f8c9588283951a66b6bd8bb3757df24d2c69bb87fb5990f898a28d6d9f2f457,False,False,Selected,0.8505245587546647,44.33128895257467,31.137314048806516,0.3830239907872219,0.8366881989729287,40.69715785927617,29.803249725922523,0.4003592242167762,0.6984890444804279,4.1028392741512345,2.7521278871443307,0.5439921132757778,0.7952339340693403,29.710428695334027,21.23089722062446,0.44245844275992524
R01_F03_k06_Native_ET_Physics,1,3,R01_F03,6,Native_ET_Physics,reduced physics-retained ExtraTrees,2,0.0,"{""model__max_depth"": null, ""model__max_features"": 0.7, ""model__min_samples_leaf"": 1, ""model__n_estimators"": 500, ""selector__alpha"": 0.0, ""selector__n_features"": 6}",1051,f232113204d658b6f4957339c84a6a3e9eb9d0000e231ba364950b61ee06ee89,-0.44765242913162495,0.03654774816339971,0.44765242913162495,1,Selected_for_fixed_k,True,670,0.0,6,Tsol;Tage;tage;Zn;Mg;Ti,Zn;Tsol;Mg;Tage;Ti;Cu;tage;Fe;Zr;Mn;Si;Cr;Sc;Li;Ni;Be;V,7f8c9588283951a66b6bd8bb3757df24d2c69bb87fb5990f898a28d6d9f2f457,False,False,Selected,0.8486544248242507,44.60774822433808,30.946415000000133,0.3854126092114286,0.8400917791572208,40.27084034254334,29.531869074074322,0.39616531586427256,0.7661914868076332,3.61295968630956,2.395296851851844,0.4790393782467437,0.8183125635963681,29.49718275106366,20.9578603086421,0.42020576777414825
R01_F03_k07_Native_ET_Physics,1,3,R01_F03,7,Native_ET_Physics,reduced physics-retained ExtraTrees,1,0.0,"{""model__max_depth"": null, ""model__max_features"": ""sqrt"", ""model__min_samples_leaf"": 1, ""model__n_estimators"": 500, ""selector__alpha"": 0.0, ""selector__n_features"": 7}",1052,f232113204d658b6f4957339c84a6a3e9eb9d0000e231ba364950b61ee06ee89,-0.45322547222677956,0.036355771919896133,0.45322547222677956,1,Selected_for_fixed_k,True,650,0.0,7,Tsol;Tage;tage;Zn;Mg;Ti;Cu,Zn;Tsol;Mg;Tage;Ti;Cu;tage;Fe;Zr;Mn;Si;Cr;Sc;Li;Ni;Be;V,7f8c9588283951a66b6bd8bb3757df24d2c69bb87fb5990f898a28d6d9f2f457,False,False,Selected,0.8315354941649111,47.063003834223004,32.12282888888892,0.4066261092995243,0.8706871128340044,36.21397527533667,26.01409981481502,0.35625581268286566,0.804694021124877,3.302103829480168,2.254447777777776,0.43782325370924124,0.8356388760412642,28.859694313013282,20.13045882716057,0.40023505856387703
R01_F03_k08_Native_ET_Physics,1,3,R01_F03,8,Native_ET_Physics,reduced physics-retained ExtraTrees,23,0.0,"{""model__max_depth"": 10, ""model__max_features"": 0.7, ""model__min_samples_leaf"": 1, ""model__n_estimators"": 800, ""selector__alpha"": 0.0, ""selector__n_features"": 8}",1053,f232113204d658b6f4957339c84a6a3e9eb9d0000e231ba364950b61ee06ee89,-0.45677639547415316,0.03695286636874134,0.45677639547415316,1,Selected_for_fixed_k,True,1070,0.0,8,Tsol;Tage;tage;Zn;Mg;Ti;Cu;Fe,Zn;Tsol;Mg;Tage;Ti;Cu;tage;Fe;Zr;Mn;Si;Cr;Sc;Li;Ni;Be;V,7f8c9588283951a66b6bd8bb3757df24d2c69bb87fb5990f898a28d6d9f2f457,False,False,Selected,0.8234828647731871,48.174683709171866,31.99551055708245,0.41623106490179135,0.8730462803601413,35.88211316395595,25.419342945771362,0.3529911115477459,0.7837842544507112,3.4743743839344097,2.3368575140172645,0.46066446602851735,0.8267711331946798,29.177057085687405,19.917237005623694,0.4099622141593515
R01_F03_k09_Independent_ET_Physics,1,3,R01_F03,9,Independent_ET_Physics,reduced physics-retained independent ET,22,0.0,"{""model__estimator__max_depth"": null, ""model__estimator__max_features"": ""sqrt"", ""model__estimator__min_samples_leaf"": 1, ""model__estimator__n_estimators"": 500, ""selector__alpha"": 0.0, ""selector__n_features"": 9}",1054,f232113204d658b6f4957339c84a6a3e9eb9d0000e231ba364950b61ee06ee89,-0.43504934143348467,0.04029683039914093,0.43504934143348467,1,Selected_for_fixed_k,True,650,0.0,9,Tsol;Tage;tage;Zn;Mg;Ti;Cu;Fe;Zr,Zn;Tsol;Mg;Tage;Ti;Cu;tage;Fe;Zr;Mn;Si;Cr;Sc;Li;Ni;Be;V,7f8c9588283951a66b6bd8bb3757df24d2c69bb87fb5990f898a28d6d9f2f457,False,False,Selected,0.8327056137416736,46.89927409049766,31.137061851851893,0.4052114782041068,0.855664238648201,38.25976254489546,26.842533055555915,0.3763812918867267,0.8007807073079143,3.3350216112466784,2.1499496296296274,0.44218779554745874,0.8297168532325964,29.498019415546597,20.04318151234581,0.4079268552127641
R01_F03_k10_Independent_ET_Physics,1,3,R01_F03,10,Independent_ET_Physics,reduced physics-retained independent ET,4,0.5,"{""model__estimator__max_depth"": 14, ""model__estimator__max_features"": 1.0, ""model__estimator__min_samples_leaf"": 1, ""model__estimator__n_estimators"": 500, ""selector__alpha"": 0.5, ""selector__n_features"": 10}",1055,f232113204d658b6f4957339c84a6a3e9eb9d0000e231ba364950b61ee06ee89,-0.45563727688517464,0.038769394320787555,0.45563727688517464,1,Selected_for_fixed_k,True,840,0.5,10,Tsol;Tage;tage;Zn;Mg;Ti;Fe;Cu;Zr;Sc,Zn;Mg;Tsol;Tage;Ti;Fe;Cu;Zr;Sc;Si;Cr;Li;tage;Mn;Be;Ni;V,7f8c9588283951a66b6bd8bb3757df24d2c69bb87fb5990f898a28d6d9f2f457,False,False,Selected,0.8586572622116587,43.108428029721715,27.189891639241523,0.37245842678230523,0.8684396445644715,36.527320534879486,25.446017785078784,0.35933835386317003,0.759913160493976,3.6611467148278423,2.3373137950043037,0.4854284570588947,0.829003355756702,27.76563175980968,18.32440773977487,0.4057417459014567
R01_F03_k11_Independent_ET_Physics,1,3,R01_F03,11,Independent_ET_Physics,reduced physics-retained independent ET,14,0.25,"{""model__estimator__max_depth"": null, ""model__estimator__max_features"": 0.7, ""model__estimator__min_samples_leaf"": 1, ""model__estimator__n_estimators"": 800, ""selector__alpha"": 0.25, ""selector__n_features"": 11}",1056,f232113204d658b6f4957339c84a6a3e9eb9d0000e231ba364950b61ee06ee89,-0.4594367616387274,0.05830548644463033,0.4594367616387274,1,Selected_for_fixed_k,True,970,0.25,11,Tsol;Tage;tage;Zn;Mg;Ti;Cu;Fe;Zr;Si;Sc,Zn;Mg;Tsol;Tage;Ti;Cu;Fe;Zr;Si;tage;Sc;Cr;Mn;Li;Be;Ni;V,7f8c9588283951a66b6bd8bb3757df24d2c69bb87fb5990f898a28d6d9f2f457,False,False,Selected,0.8558570804137038,43.5333505442892,28.718591145833642,0.376129773164295,0.8591044235871665,37.80105977039977,26.82573460648192,0.3718687928179172,0.7754340954887,3.540828277661014,2.357637962962991,0.46947553360103833,0.8301318664965235,28.291746197449996,19.300654571759516,0.4058246998610835
R01_F03_k12_Native_ET_Physics,1,3,R01_F03,12,Native_ET_Physics,reduced physics-retained ExtraTrees,10,0.75,"{""model__max_depth"": 10, ""model__max_features"": 0.7, ""model__min_samples_leaf"": 1, ""model__n_estimators"": 800, ""selector__alpha"": 0.75, ""selector__n_features"": 12}",1057,f232113204d658b6f4957339c84a6a3e9eb9d0000e231ba364950b61ee06ee89,-0.44990763339953943,0.05746010551974351,0.44990763339953943,1,Selected_for_fixed_k,True,1070,0.75,12,Tsol;Tage;tage;Zn;Mg;Ti;Fe;Sc;Zr;Si;Cu;Cr,Zn;Mg;Tsol;Ti;Tage;Fe;Sc;Zr;Si;Cu;Cr;Li;Be;Mn;V;Ni;tage,7f8c9588283951a66b6bd8bb3757df24d2c69bb87fb5990f898a28d6d9f2f457,False,False,Selected,0.8373611313270238,46.2421064440221,31.947086170908157,0.3995335252161259,0.8746169900393865,35.65945014804554,25.513030839913785,0.3508006590198346,0.7858249349236186,3.4579396494549384,2.316525925437919,0.45848539798728544,0.8326010187633429,28.45316541384086,19.925547645419957,0.40293986074108196
R01_F03_k13_Native_ET_Physics,1,3,R01_F03,13,Native_ET_Physics,reduced physics-retained ExtraTrees,6,0.25,"{""model__max_depth"": 14, ""model__max_features"": 0.7, ""model__min_samples_leaf"": 1, ""model__n_estimators"": 800, ""selector__alpha"": 0.25, ""selector__n_features"": 13}",1058,f232113204d658b6f4957339c84a6a3e9eb9d0000e231ba364950b61ee06ee89,-0.4374300706116741,0.04193515149199621,0.4374300706116741,1,Selected_for_fixed_k,True,1110,0.25,13,Tsol;Tage;tage;Zn;Mg;Ti;Cu;Fe;Zr;Si;Sc;Cr;Mn,Zn;Mg;Tsol;Tage;Ti;Cu;Fe;Zr;Si;tage;Sc;Cr;Mn;Li;Be;Ni;V,7f8c9588283951a66b6bd8bb3757df24d2c69bb87fb5990f898a28d6d9f2f457,False,False,Selected,0.8485770088544575,44.61915559645692,30.105955090591856,0.3855111693322053,0.8764738416519511,35.39441707498225,25.032526697647832,0.3481933900825217,0.8040671942699209,3.307398570727795,2.195733454945382,0.4385252791331206,0.8430393482587766,27.77365708072232,19.11140508106169,0.39074327951594917
R01_F03_k14_Native_RF_Physics,1,3,R01_F03,14,Native_RF_Physics,reduced physics-retained RandomForest,13,0.25,"{""model__max_depth"": 10, ""model__max_features"": 0.7, ""model__min_samples_leaf"": 1, ""model__n_estimators"": 500, ""selector__alpha"": 0.25, ""selector__n_features"": 14}",1059,f232113204d658b6f4957339c84a6a3e9eb9d0000e231ba364950b61ee06ee89,-0.47544523616219914,0.06879404528449308,0.47544523616219914,1,Selected_for_fixed_k,True,770,0.25,14,Tsol;Tage;tage;Zn;Mg;Ti;Cu;Fe;Zr;Si;Sc;Cr;Mn;Li,Zn;Mg;Tsol;Tage;Ti;Cu;Fe;Zr;Si;tage;Sc;Cr;Mn;Li;Be;Ni;V,7f8c9588283951a66b6bd8bb3757df24d2c69bb87fb5990f898a28d6d9f2f457,False,False,Selected,0.8198965436360917,48.66160851193802,34.27575823342824,0.42043811336745396,0.8386130339171434,40.4566133870507,29.618295246160052,0.3979928624520843,0.7884026622488642,3.4370674522846363,2.4268393083480353,0.4557179703868635,0.8156374132673664,30.85176311709112,22.106964262645445,0.4247163154021339
R01_F03_k15_Native_ET_Physics,1,3,R01_F03,15,Native_ET_Physics,reduced physics-retained ExtraTrees,3,1.0,"{""model__max_depth"": 14, ""model__max_features"": 1.0, ""model__min_samples_leaf"": 1, ""model__n_estimators"": 300, ""selector__alpha"": 1.0, ""selector__n_features"": 15}",1060,f232113204d658b6f4957339c84a6a3e9eb9d0000e231ba364950b61ee06ee89,-0.4345330207978474,0.021146278603047255,0.4345330207978474,1,Selected_for_fixed_k,True,640,1.0,15,Tsol;Tage;tage;Zn;Mg;Ti;Sc;Fe;Si;Zr;Cu;Cr;Li;Be;V,Zn;Mg;Tsol;Ti;Sc;Fe;Tage;Si;Zr;Cu;Cr;Li;Be;V;Ni;Mn;tage,7f8c9588283951a66b6bd8bb3757df24d2c69bb87fb5990f898a28d6d9f2f457,False,False,Selected,0.8272504387306574,47.65779153836614,30.8365857981522,0.41176509725802446,0.8617291194805468,37.44731300939216,25.60425885058771,0.3683888009399605,0.809095442230151,3.2646836495534157,2.1324468869210613,0.4328617425709028,0.832691666813785,29.456596065770572,19.52443051188699,0.40433854692296256
R01_F03_k16_Independent_ET_Physics,1,3,R01_F03,16,Independent_ET_Physics,reduced physics-retained independent ET,15,0.75,"{""model__estimator__max_depth"": null, ""model__estimator__max_features"": 0.7, ""model__estimator__min_samples_leaf"": 1, ""model__estimator__n_estimators"": 500, ""selector__alpha"": 0.75, ""selector__n_features"": 16}",1061,f232113204d658b6f4957339c84a6a3e9eb9d0000e231ba364950b61ee06ee89,-0.4193804536370612,0.0579237140268507,0.4193804536370612,1,Selected_for_fixed_k,True,670,0.75,16,Tsol;Tage;tage;Zn;Mg;Ti;Fe;Sc;Zr;Si;Cu;Cr;Li;Be;Mn;V,Zn;Mg;Tsol;Ti;Tage;Fe;Sc;Zr;Si;Cu;Cr;Li;Be;Mn;V;Ni;tage,7f8c9588283951a66b6bd8bb3757df24d2c69bb87fb5990f898a28d6d9f2f457,False,False,Selected,0.8515083574682436,44.185161055036545,29.521670462963115,0.3817614402996808,0.858993060677018,37.81599567059444,26.959361296296613,0.3720157250787791,0.7824555897765644,3.4850332014614755,2.2676788888888852,0.46207770995159764,0.8309856693072754,28.495396642364152,19.582903549382873,0.4052849584433525
R01_F03_k17_Native_ET_Physics,1,3,R01_F03,17,Native_ET_Physics,reduced physics-retained ExtraTrees,19,0.75,"{""model__max_depth"": null, ""model__max_features"": 0.7, ""model__min_samples_leaf"": 1, ""model__n_estimators"": 500, ""selector__alpha"": 0.75, ""selector__n_features"": 17}",1062,f232113204d658b6f4957339c84a6a3e9eb9d0000e231ba364950b61ee06ee89,-0.42841462204075365,0.045285838575461944,0.42841462204075365,1,Selected_for_fixed_k,True,670,0.75,17,Tsol;Tage;tage;Zn;Mg;Ti;Fe;Sc;Zr;Si;Cu;Cr;Li;Be;Mn;V;Ni,Zn;Mg;Tsol;Ti;Tage;Fe;Sc;Zr;Si;Cu;Cr;Li;Be;Mn;V;Ni;tage,7f8c9588283951a66b6bd8bb3757df24d2c69bb87fb5990f898a28d6d9f2f457,False,False,Selected,0.8433679252971793,45.38013536263344,30.362532037037194,0.3920860629081867,0.8660788621508011,36.853595255934074,25.65638740740773,0.36254808891775653,0.7991903209980508,3.348307044492364,2.1765609259259198,0.44394930030652585,0.8362123694820104,28.52734588768662,19.39849345679028,0.39952781737748966
R01_F04_k03_Native_ET_Physics,1,4,R01_F04,3,Native_ET_Physics,reduced physics-retained ExtraTrees,2,1.0,"{""model__max_depth"": 10, ""model__max_features"": 0.7, ""model__min_samples_leaf"": 1, ""model__n_estimators"": 300, ""selector__alpha"": 1.0, ""selector__n_features"": 3}",1049,ba1af2af7d84c8d9a7f5c76d90f0fced0b6bcf2a6eb7a3349e6a324e1747e5e5,-0.5517513649366845,0.05289190069410305,0.5517513649366845,1,Selected_for_fixed_k,True,570,1.0,3,Tsol;Tage;tage,Zn;Mg;Tsol;Ti;Si;Sc;Tage;Fe;Zr;Cr;Li;Cu;Ni;Be;V;Mn;tage,55424023b9bdd31bf84fdc782950f7e4da43785ec7ddce5ba67c5ad107ec998f,False,False,Selected,0.7438258498507375,58.61092007642091,43.266948038696064,0.5014281448081646,0.6053936259881252,64.39726180406134,44.6877083458604,0.6223333902075402,0.4583074257497831,5.226440948337181,3.571698268846598,0.7291510339309821,0.6025089671962153,42.744874276273144,30.50878488446769,0.617637522982229
R01_F04_k04_Independent_ET_Physics,1,4,R01_F04,4,Independent_ET_Physics,reduced physics-retained independent ET,8,0.5,"{""model__estimator__max_depth"": 14, ""model__estimator__max_features"": 0.7, ""model__estimator__min_samples_leaf"": 1, ""model__estimator__n_estimators"": 300, ""selector__alpha"": 0.5, ""selector__n_features"": 4}",1050,ba1af2af7d84c8d9a7f5c76d90f0fced0b6bcf2a6eb7a3349e6a324e1747e5e5,-0.49760879085095155,0.05957820569085797,0.49760879085095155,1,Selected_for_fixed_k,True,610,0.5,4,Tsol;Tage;tage;Zn,Zn;Mg;Tsol;Tage;Ti;Cu;Zr;Fe;Si;Sc;Cr;Li;tage;Mn;Ni;Be;V,55424023b9bdd31bf84fdc782950f7e4da43785ec7ddce5ba67c5ad107ec998f,False,False,Selected,0.8657887306401767,42.42339091848697,28.380876636394177,0.36294059497773123,0.7968621295901173,46.20413041002616,28.15885989880953,0.4465154622125475,0.7360194728799541,3.6485100982709344,2.625431192467198,0.5090108042468697,0.7995567777034159,30.75867714226135,19.7217225758903,0.4394889538123828
R01_F04_k05_RegressorChain_ET_Physics,1,4,R01_F04,5,RegressorChain_ET_Physics,reduced physics-retained regressor chain,2,0.0,"{""model__base_estimator__max_depth"": null, ""model__base_estimator__max_features"": 0.7, ""model__base_estimator__min_samples_leaf"": 1, ""model__base_estimator__n_estimators"": 500, ""selector__alpha"": 0.0, ""selector__n_features"": 5}",1051,ba1af2af7d84c8d9a7f5c76d90f0fced0b6bcf2a6eb7a3349e6a324e1747e5e5,-0.4976819045923224,0.053186015799356355,0.4976819045923224,1,Selected_for_fixed_k,True,670,0.0,5,Tsol;Tage;tage;Zn;Mg,Zn;Tage;Tsol;Mg;Cu;tage;Zr;Ti;Fe;Mn;Li;Si;Cr;Sc;Ni;Be;V,55424023b9bdd31bf84fdc782950f7e4da43785ec7ddce5ba67c5ad107ec998f,False,False,Selected,0.8732933233790394,41.22025147144714,28.76844858024663,0.35264749635228576,0.8062117043393221,45.12831570682251,27.653424814814883,0.43611881812049047,0.6031245887345436,4.473595399280009,2.574117777777783,0.624120073873924,0.7608765388176351,30.27405419251656,19.665330390946433,0.4709621294489001
R01_F04_k06_RegressorChain_ET_Physics,1,4,R01_F04,6,RegressorChain_ET_Physics,reduced physics-retained regressor chain,1,0.0,"{""model__base_estimator__max_depth"": null, ""model__base_estimator__max_features"": ""sqrt"", ""model__base_estimator__min_samples_leaf"": 1, ""model__base_estimator__n_estimators"": 500, ""selector__alpha"": 0.0, ""selector__n_features"": 6}",1052,ba1af2af7d84c8d9a7f5c76d90f0fced0b6bcf2a6eb7a3349e6a324e1747e5e5,-0.46107494634396085,0.029004630619900985,0.46107494634396085,1,Selected_for_fixed_k,True,650,0.0,6,Tsol;Tage;tage;Zn;Mg;Cu,Zn;Tage;Tsol;Mg;Cu;tage;Zr;Ti;Fe;Mn;Li;Si;Cr;Sc;Ni;Be;V,55424023b9bdd31bf84fdc782950f7e4da43785ec7ddce5ba67c5ad107ec998f,False,False,Selected,0.8753727101385521,40.880618936375996,29.304766358024445,0.3497418720803042,0.8870584398472108,34.45182596632315,23.92439666666674,0.3329415110489971,0.6886141920518802,3.9625888589910563,2.363476666666673,0.5528285485548197,0.8170151140125478,26.4316779205634,18.530879897119288,0.4118373105613737
R01_F04_k07_Native_RF_Physics,1,4,R01_F04,7,Native_RF_Physics,reduced physics-retained RandomForest,23,0.0,"{""model__max_depth"": 10, ""model__max_features"": 0.7, ""model__min_samples_leaf"": 1, ""model__n_estimators"": 800, ""selector__alpha"": 0.0, ""selector__n_features"": 7}",1053,ba1af2af7d84c8d9a7f5c76d90f0fced0b6bcf2a6eb7a3349e6a324e1747e5e5,-0.4797711402171624,0.02708126527894633,0.4797711402171624,1,Selected_for_fixed_k,True,1070,0.0,7,Tsol;Tage;tage;Zn;Mg;Cu;Zr,Zn;Tage;Tsol;Mg;Cu;tage;Zr;Ti;Fe;Mn;Li;Si;Cr;Sc;Ni;Be;V,55424023b9bdd31bf84fdc782950f7e4da43785ec7ddce5ba67c5ad107ec998f,False,False,Selected,0.8926292752878376,37.944936394023365,27.44297837771537,0.32462652072533044,0.8976645732058354,32.7942992965232,23.532811453028675,0.3169232183005473,0.6227564639609058,4.361546532640014,2.7372154718778234,0.608487916585829,0.8043501041515263,25.033594074395527,17.904335100873958,0.4166792185372356
R01_F04_k08_Native_ET_Physics,1,4,R01_F04,8,Native_ET_Physics,reduced physics-retained ExtraTrees,2,0.0,"{""model__max_depth"": 10, ""model__max_features"": 0.7, ""model__min_samples_leaf"": 1, ""model__n_estimators"": 500, ""selector__alpha"": 0.0, ""selector__n_features"": 8}",1054,ba1af2af7d84c8d9a7f5c76d90f0fced0b6bcf2a6eb7a3349e6a324e1747e5e5,-0.4542623774522182,0.09030539664603617,0.4542623774522182,1,Selected_for_fixed_k,True,770,0.0,8,Tsol;Tage;tage;Zn;Mg;Cu;Zr;Ti,Zn;Tage;Tsol;Mg;Cu;tage;Zr;Ti;Fe;Mn;Li;Si;Cr;Sc;Ni;Be;V,55424023b9bdd31bf84fdc782950f7e4da43785ec7ddce5ba67c5ad107ec998f,False,False,Selected,0.9085943208077175,35.01043259076712,25.411672173978474,0.29952125371910165,0.9140218077667989,30.059344661281127,21.754394980524925,0.290492690937555,0.7878147182389468,3.2710503916758453,2.263018518963586,0.45635065979069656,0.8701436156044876,22.780275881241362,16.47636189115566,0.34878820148245104
R01_F04_k09_Independent_ET_Physics,1,4,R01_F04,9,Independent_ET_Physics,reduced physics-retained independent ET,4,0.5,"{""model__estimator__max_depth"": 14, ""model__estimator__max_features"": 1.0, ""model__estimator__min_samples_leaf"": 1, ""model__estimator__n_estimators"": 500, ""selector__alpha"": 0.5, ""selector__n_features"": 9}",1055,ba1af2af7d84c8d9a7f5c76d90f0fced0b6bcf2a6eb7a3349e6a324e1747e5e5,-0.46144505189548324,0.06116130280183621,0.46144505189548324,1,Selected_for_fixed_k,True,840,0.5,9,Tsol;Tage;tage;Zn;Mg;Ti;Cu;Zr;Fe,Zn;Mg;Tsol;Tage;Ti;Cu;Zr;Fe;Si;Sc;Cr;Li;tage;Mn;Ni;Be;V,55424023b9bdd31bf84fdc782950f7e4da43785ec7ddce5ba67c5ad107ec998f,False,False,Selected,0.893730214786759,37.74989850793962,27.06893889578448,0.3229579325977467,0.9168345377767284,29.56356859055515,20.17363480589721,0.28570152444638575,0.7411290142294131,3.6130277358826,2.0758378860716507,0.5040605902336416,0.8505645889309669,23.642164944792455,16.439470529251114,0.37090668242592467
R01_F04_k10_Native_ET_Physics,1,4,R01_F04,10,Native_ET_Physics,reduced physics-retained ExtraTrees,14,0.25,"{""model__max_depth"": null, ""model__max_features"": 0.7, ""model__min_samples_leaf"": 1, ""model__n_estimators"": 800, ""selector__alpha"": 0.25, ""selector__n_features"": 10}",1056,ba1af2af7d84c8d9a7f5c76d90f0fced0b6bcf2a6eb7a3349e6a324e1747e5e5,-0.4497921962901855,0.01709203623411037,0.4497921962901855,1,Selected_for_fixed_k,True,970,0.25,10,Tsol;Tage;tage;Zn;Mg;Cu;Ti;Zr;Fe;Si,Zn;Tsol;Mg;Tage;Cu;Ti;tage;Zr;Fe;Si;Sc;Li;Cr;Mn;Ni;Be;V,55424023b9bdd31bf84fdc782950f7e4da43785ec7ddce5ba67c5ad107ec998f,False,False,Selected,0.9002158827321912,36.57982275557481,26.351778703703943,0.312947700493758,0.9117270523891355,30.457844686749315,21.402683950617643,0.294343784367614,0.8356731884010085,2.878616571256296,1.8033754629629752,0.401601447327206,0.8825387078407784,23.305428004526807,16.519279372428187,0.33629764406285934
R01_F04_k11_Native_RF_Physics,1,4,R01_F04,11,Native_RF_Physics,reduced physics-retained RandomForest,12,0.0,"{""model__max_depth"": 10, ""model__max_features"": 0.7, ""model__min_samples_leaf"": 1, ""model__n_estimators"": 300, ""selector__alpha"": 0.0, ""selector__n_features"": 11}",1057,ba1af2af7d84c8d9a7f5c76d90f0fced0b6bcf2a6eb7a3349e6a324e1747e5e5,-0.4685290638664535,0.04483290122632557,0.4685290638664535,1,Selected_for_fixed_k,True,570,0.0,11,Tsol;Tage;tage;Zn;Mg;Cu;Zr;Ti;Fe;Mn;Li,Zn;Tage;Tsol;Mg;Cu;tage;Zr;Ti;Fe;Mn;Li;Si;Cr;Sc;Ni;Be;V,55424023b9bdd31bf84fdc782950f7e4da43785ec7ddce5ba67c5ad107ec998f,False,False,Selected,0.8954591682383647,37.44155372690133,28.20602741351625,0.32031998131979855,0.9030861660292961,31.91377955293962,23.019300793350453,0.3084138993975737,0.6473047573208268,4.217250589652385,2.53057210097431,0.5883569063895022,0.8152833638628293,24.524194623164444,17.918633435947005,0.4056969290356249
R01_F04_k12_RegressorChain_ET_Physics,1,4,R01_F04,12,RegressorChain_ET_Physics,reduced physics-retained regressor chain,6,0.25,"{""model__base_estimator__max_depth"": 14, ""model__base_estimator__max_features"": 0.7, ""model__base_estimator__min_samples_leaf"": 1, ""model__base_estimator__n_estimators"": 800, ""selector__alpha"": 0.25, ""selector__n_features"": 12}",1058,ba1af2af7d84c8d9a7f5c76d90f0fced0b6bcf2a6eb7a3349e6a324e1747e5e5,-0.4690662199557014,0.051218257694385504,0.4690662199557014,1,Selected_for_fixed_k,True,1110,0.25,12,Tsol;Tage;tage;Zn;Mg;Cu;Ti;Zr;Fe;Si;Sc;Li,Zn;Tsol;Mg;Tage;Cu;Ti;tage;Zr;Fe;Si;Sc;Li;Cr;Mn;Ni;Be;V,55424023b9bdd31bf84fdc782950f7e4da43785ec7ddce5ba67c5ad107ec998f,False,False,Selected,0.8959442740519814,37.35458179975864,26.450297898716865,0.31957591908667393,0.9073813225842073,31.198566585656575,21.7340816826163,0.301502100694021,0.7042573513608714,3.8617716126324537,2.2064605933199775,0.5387633366549631,0.8358609826656868,24.13830666601589,16.79694672488438,0.3866137854785527
R01_F04_k13_Native_RF_Physics,1,4,R01_F04,13,Native_RF_Physics,reduced physics-retained RandomForest,13,0.25,"{""model__max_depth"": 10, ""model__max_features"": 0.7, ""model__min_samples_leaf"": 1, ""model__n_estimators"": 500, ""selector__alpha"": 0.25, ""selector__n_features"": 13}",1059,ba1af2af7d84c8d9a7f5c76d90f0fced0b6bcf2a6eb7a3349e6a324e1747e5e5,-0.4548662445718259,0.06282885143463635,0.4548662445718259,1,Selected_for_fixed_k,True,770,0.25,13,Tsol;Tage;tage;Zn;Mg;Cu;Ti;Zr;Fe;Si;Sc;Li;Cr,Zn;Tsol;Mg;Tage;Cu;Ti;tage;Zr;Fe;Si;Sc;Li;Cr;Mn;Ni;Be;V,55424023b9bdd31bf84fdc782950f7e4da43785ec7ddce5ba67c5ad107ec998f,False,False,Selected,0.9008347631247193,36.46620875011738,27.05104731194871,0.3119757099516122,0.9027516535558999,31.968809679668883,23.10249379667839,0.30894570904866064,0.6439684052420506,4.237150368378632,2.5221146653577327,0.5911331635742041,0.8158516073075566,24.22405626605497,17.55855192466161,0.40401819419149226
R01_F04_k14_Native_RF_Physics,1,4,R01_F04,14,Native_RF_Physics,reduced physics-retained RandomForest,21,1.0,"{""model__max_depth"": 10, ""model__max_features"": 0.7, ""model__min_samples_leaf"": 1, ""model__n_estimators"": 300, ""selector__alpha"": 1.0, ""selector__n_features"": 14}",1060,ba1af2af7d84c8d9a7f5c76d90f0fced0b6bcf2a6eb7a3349e6a324e1747e5e5,-0.46685479805351093,0.050242600540076676,0.46685479805351093,1,Selected_for_fixed_k,True,570,1.0,14,Tsol;Tage;tage;Zn;Mg;Ti;Si;Sc;Fe;Zr;Cr;Li;Cu;Ni,Zn;Mg;Tsol;Ti;Si;Sc;Tage;Fe;Zr;Cr;Li;Cu;Ni;Be;V;Mn;tage,55424023b9bdd31bf84fdc782950f7e4da43785ec7ddce5ba67c5ad107ec998f,False,False,Selected,0.8991773637026328,36.76968518251363,27.16412674974745,0.3145720115331441,0.9016316845263402,32.152368486706855,22.680173777297618,0.31071961637773265,0.6466193508891784,4.221346374583706,2.4933524959021134,0.5889283173835137,0.8158094663727171,24.381133347934732,17.445884340982392,0.4047399817647968
R01_F04_k15_Native_ET_Physics,1,4,R01_F04,15,Native_ET_Physics,reduced physics-retained ExtraTrees,18,0.25,"{""model__max_depth"": 10, ""model__max_features"": 1.0, ""model__min_samples_leaf"": 1, ""model__n_estimators"": 500, ""selector__alpha"": 0.25, ""selector__n_features"": 15}",1061,ba1af2af7d84c8d9a7f5c76d90f0fced0b6bcf2a6eb7a3349e6a324e1747e5e5,-0.4557931990990746,0.05807351714110255,0.4557931990990746,1,Selected_for_fixed_k,True,800,0.25,15,Tsol;Tage;tage;Zn;Mg;Cu;Ti;Zr;Fe;Si;Sc;Li;Cr;Mn;Ni,Zn;Tsol;Mg;Tage;Cu;Ti;tage;Zr;Fe;Si;Sc;Li;Cr;Mn;Ni;Be;V,55424023b9bdd31bf84fdc782950f7e4da43785ec7ddce5ba67c5ad107ec998f,False,False,Selected,0.8916888543575715,38.11074703075197,27.16608124520597,0.3260450638885478,0.9025180516547194,32.007183058928014,22.31201126886232,0.30931654834429273,0.8028933160404463,3.1526828375044005,2.0956350305939444,0.439836970004256,0.8657000740175791,24.423537642394795,17.191242514887414,0.35839952741236547
R01_F04_k16_Native_RF_Physics,1,4,R01_F04,16,Native_RF_Physics,reduced physics-retained RandomForest,17,0.75,"{""model__max_depth"": null, ""model__max_features"": ""sqrt"", ""model__min_samples_leaf"": 1, ""model__n_estimators"": 300, ""selector__alpha"": 0.75, ""selector__n_features"": 16}",1062,ba1af2af7d84c8d9a7f5c76d90f0fced0b6bcf2a6eb7a3349e6a324e1747e5e5,-0.4742176955221259,0.08064062598486642,0.4742176955221259,1,Selected_for_fixed_k,True,450,0.75,16,Tsol;Tage;tage;Zn;Mg;Ti;Si;Zr;Sc;Fe;Cu;Cr;Li;Ni;Be;V,Zn;Mg;Tsol;Tage;Ti;Si;Zr;Sc;Fe;Cu;Cr;Li;Ni;Be;tage;V;Mn,55424023b9bdd31bf84fdc782950f7e4da43785ec7ddce5ba67c5ad107ec998f,False,False,Selected,0.8992240051658573,36.76117920423937,26.692501033950673,0.31449924118761324,0.9039210340964483,31.776020969570453,22.112539814079977,0.3070826041869299,0.7543206815539012,3.5197669260807176,2.012712815990594,0.49104959162780865,0.8524885736054023,24.018989033296847,16.939251221340417,0.3708771456674506
R01_F04_k17_Native_ET_Physics,1,4,R01_F04,17,Native_ET_Physics,reduced physics-retained ExtraTrees,22,1.0,"{""model__max_depth"": null, ""model__max_features"": 1.0, ""model__min_samples_leaf"": 1, ""model__n_estimators"": 500, ""selector__alpha"": 1.0, ""selector__n_features"": 17}",1063,ba1af2af7d84c8d9a7f5c76d90f0fced0b6bcf2a6eb7a3349e6a324e1747e5e5,-0.449726454077881,0.05408625473805396,0.449726454077881,1,Selected_for_fixed_k,True,700,1.0,17,Tsol;Tage;tage;Zn;Mg;Ti;Si;Sc;Fe;Zr;Cr;Li;Cu;Ni;Be;V;Mn,Zn;Mg;Tsol;Ti;Si;Sc;Tage;Fe;Zr;Cr;Li;Cu;Ni;Be;V;Mn;tage,55424023b9bdd31bf84fdc782950f7e4da43785ec7ddce5ba67c5ad107ec998f,False,False,Selected,0.8877903475184957,38.79055520157611,27.2806277160493,0.33186095876747695,0.9045611979063589,31.669983942035383,22.101448456790084,0.3060578652308821,0.7909838269445145,3.246530988924109,2.001625185185194,0.4529299097918878,0.8611117907897897,24.56902337751187,17.12790045267486,0.36361624459674896
R01_F05_k03_Independent_ET_Physics,1,5,R01_F05,3,Independent_ET_Physics,reduced physics-retained independent ET,3,0.25,"{""model__estimator__max_depth"": 10, ""model__estimator__max_features"": 1.0, ""model__estimator__min_samples_leaf"": 1, ""model__estimator__n_estimators"": 500, ""selector__alpha"": 0.25, ""selector__n_features"": 3}",1050,1ef949e074cc756985883fc19e2d6fe4e4744c1ea385a36b91400b620e62e972,-0.5335843951795702,0.057982607901559555,0.5335843951795702,1,Selected_for_fixed_k,True,800,0.25,3,Tsol;Tage;tage,Zn;Tsol;Mg;Tage;Cu;Ti;Fe;Zr;tage;Si;Cr;Sc;Li;Mn;Be;Ni;V,fc206423a37d61d2a2fba20827f61b51ec80b1ebf1a737f85e3b7a76f3af1938,False,False,Selected,0.6513010690630688,61.061116505976685,41.98907221091107,0.5850141394248416,0.524507081483945,56.2447443437953,42.536335110565375,0.6831452950135066,0.5543498685239251,4.195616184849701,2.6858826375069667,0.6613602280630088,0.576719339690313,40.5004923448739,29.070429986327806,0.6431732208337856
R01_F05_k04_Independent_ET_Physics,1,5,R01_F05,4,Independent_ET_Physics,reduced physics-retained independent ET,24,1.0,"{""model__estimator__max_depth"": null, ""model__estimator__max_features"": ""sqrt"", ""model__estimator__min_samples_leaf"": 1, ""model__estimator__n_estimators"": 300, ""selector__alpha"": 1.0, ""selector__n_features"": 4}",1051,1ef949e074cc756985883fc19e2d6fe4e4744c1ea385a36b91400b620e62e972,-0.4698994346493411,0.0747281031776925,0.4698994346493411,1,Selected_for_fixed_k,True,450,1.0,4,Tsol;Tage;tage;Zn,Zn;Mg;Tsol;Sc;Fe;Ti;Si;Zr;Tage;Cr;Cu;Be;Li;Ni;V;Mn;tage,fc206423a37d61d2a2fba20827f61b51ec80b1ebf1a737f85e3b7a76f3af1938,False,False,Selected,0.794079424653592,46.92338182315255,32.45626440329218,0.4495633785780505,0.6567575676363595,47.787070293102225,34.40667654320969,0.5804188927176416,0.6939865787907858,3.4767140265149274,2.1816120370370427,0.5480387814759428,0.7149411903602458,32.729055380923235,23.014850994512972,0.5260070175905449
R01_F05_k05_Native_ET_Physics,1,5,R01_F05,5,Native_ET_Physics,reduced physics-retained ExtraTrees,17,1.0,"{""model__max_depth"": null, ""model__max_features"": 0.7, ""model__min_samples_leaf"": 1, ""model__n_estimators"": 800, ""selector__alpha"": 1.0, ""selector__n_features"": 5}",1052,1ef949e074cc756985883fc19e2d6fe4e4744c1ea385a36b91400b620e62e972,-0.4327640656147652,0.030331939333883142,0.4327640656147652,1,Selected_for_fixed_k,True,970,1.0,5,Tsol;Tage;tage;Zn;Mg,Zn;Mg;Tsol;Sc;Fe;Ti;Si;Zr;Tage;Cr;Cu;Be;Li;Ni;V;Mn;tage,fc206423a37d61d2a2fba20827f61b51ec80b1ebf1a737f85e3b7a76f3af1938,False,False,Selected,0.8135794736184676,44.64638481027838,33.376999768518466,0.42774793326386046,0.7264721547558952,42.659002148548275,30.232073148147865,0.5181336842713676,0.6614135651334871,3.6570719922271717,2.1074296296296193,0.5764688332445373,0.7338217311692833,30.32081965035128,21.905500848765318,0.5074501502599218
R01_F05_k06_Native_ET_Physics,1,5,R01_F05,6,Native_ET_Physics,reduced physics-retained ExtraTrees,23,0.0,"{""model__max_depth"": 10, ""model__max_features"": 0.7, ""model__min_samples_leaf"": 1, ""model__n_estimators"": 800, ""selector__alpha"": 0.0, ""selector__n_features"": 6}",1053,1ef949e074cc756985883fc19e2d6fe4e4744c1ea385a36b91400b620e62e972,-0.42531173330245736,0.03550983855929879,0.42531173330245736,1,Selected_for_fixed_k,True,1070,0.0,6,Tsol;Tage;tage;Zn;Mg;Cu,Zn;Tsol;Mg;Tage;Cu;tage;Ti;Fe;Zr;Cr;Mn;Si;Li;Sc;Be;Ni;V,fc206423a37d61d2a2fba20827f61b51ec80b1ebf1a737f85e3b7a76f3af1938,False,False,Selected,0.8090577217124771,45.18460429372679,33.31561344959462,0.43290450467867303,0.7765063929719634,38.560483675709506,28.48213753091938,0.4683533244544309,0.6215368015638653,3.866433635470556,2.1921077196908736,0.6094707709868599,0.7357003054161019,29.20384053496895,21.329952900068292,0.5035762000399879
R01_F05_k07_Native_ET_Physics,1,5,R01_F05,7,Native_ET_Physics,reduced physics-retained ExtraTrees,23,0.25,"{""model__max_depth"": null, ""model__max_features"": 0.7, ""model__min_samples_leaf"": 1, ""model__n_estimators"": 300, ""selector__alpha"": 0.25, ""selector__n_features"": 7}",1054,1ef949e074cc756985883fc19e2d6fe4e4744c1ea385a36b91400b620e62e972,-0.4499616073738051,0.03301265983868593,0.4499616073738051,1,Selected_for_fixed_k,True,470,0.25,7,Tsol;Tage;tage;Zn;Mg;Cu;Ti,Zn;Tsol;Mg;Tage;Cu;Ti;Fe;Zr;tage;Si;Cr;Sc;Li;Mn;Be;Ni;V,fc206423a37d61d2a2fba20827f61b51ec80b1ebf1a737f85e3b7a76f3af1938,False,False,Selected,0.826703241661988,43.04618349703027,32.1205234567902,0.4124167299098453,0.7886631969450419,37.497083258838074,27.93772592592575,0.45543732670252257,0.633871652880077,3.8029044184625436,2.191277469135813,0.5994565810328786,0.7497460304957023,28.11539039144363,20.74984228395059,0.48910354588174876
R01_F05_k08_Native_ET_Physics,1,5,R01_F05,8,Native_ET_Physics,reduced physics-retained ExtraTrees,5,1.0,"{""model__max_depth"": 14, ""model__max_features"": ""sqrt"", ""model__min_samples_leaf"": 1, ""model__n_estimators"": 800, ""selector__alpha"": 1.0, ""selector__n_features"": 8}",1055,1ef949e074cc756985883fc19e2d6fe4e4744c1ea385a36b91400b620e62e972,-0.42514868569254505,0.04633781062601186,0.42514868569254505,1,Selected_for_fixed_k,True,1090,1.0,8,Tsol;Tage;tage;Zn;Mg;Sc;Fe;Ti,Zn;Mg;Tsol;Sc;Fe;Ti;Si;Zr;Tage;Cr;Cu;Be;Li;Ni;V;Mn;tage,fc206423a37d61d2a2fba20827f61b51ec80b1ebf1a737f85e3b7a76f3af1938,False,False,Selected,0.8312725814358078,42.47489013864476,30.152426006185607,0.4069432844253967,0.7334138637676235,42.114214083047045,28.631585981033712,0.5115167210676274,0.6345340718495567,3.7994626520608312,2.26193484432259,0.5989140510892208,0.7330735056843295,29.462855624584208,20.3486489438473,0.5057913521940817
R01_F05_k09_Native_ET_Physics,1,5,R01_F05,9,Native_ET_Physics,reduced physics-retained ExtraTrees,4,0.0,"{""model__max_depth"": 14, ""model__max_features"": 0.7, ""model__min_samples_leaf"": 1, ""model__n_estimators"": 300, ""selector__alpha"": 0.0, ""selector__n_features"": 9}",1056,1ef949e074cc756985883fc19e2d6fe4e4744c1ea385a36b91400b620e62e972,-0.42180926489694076,0.06850112579217525,0.42180926489694076,1,Selected_for_fixed_k,True,610,0.0,9,Tsol;Tage;tage;Zn;Mg;Cu;Ti;Fe;Zr,Zn;Tsol;Mg;Tage;Cu;tage;Ti;Fe;Zr;Cr;Mn;Si;Li;Sc;Be;Ni;V,fc206423a37d61d2a2fba20827f61b51ec80b1ebf1a737f85e3b7a76f3af1938,False,False,Selected,0.8187907643713808,44.0179281727086,31.2449781205541,0.42172681802667467,0.7839069484393134,37.916681593591456,28.025537928393398,0.46053374293708044,0.5920452493581597,4.014252901944038,2.2647222627663877,0.6327717068875328,0.7315809873896179,28.649620889414695,20.51174610390463,0.5050107559504293
R01_F05_k10_Independent_ET_Physics,1,5,R01_F05,10,Independent_ET_Physics,reduced physics-retained independent ET,13,0.75,"{""model__estimator__max_depth"": null, ""model__estimator__max_features"": ""sqrt"", ""model__estimator__min_samples_leaf"": 1, ""model__estimator__n_estimators"": 500, ""selector__alpha"": 0.75, ""selector__n_features"": 10}",1057,1ef949e074cc756985883fc19e2d6fe4e4744c1ea385a36b91400b620e62e972,-0.43737515921958414,0.05332579929851374,0.43737515921958414,1,Selected_for_fixed_k,True,650,0.75,10,Tsol;Tage;tage;Zn;Mg;Ti;Fe;Sc;Si;Zr,Zn;Mg;Tsol;Ti;Fe;Sc;Tage;Si;Zr;Cu;Cr;Be;Li;Ni;Mn;V;tage,fc206423a37d61d2a2fba20827f61b51ec80b1ebf1a737f85e3b7a76f3af1938,False,False,Selected,0.796421299372376,46.6557958770868,31.276082222222257,0.4469996920469581,0.7147183944782172,43.565911544247726,29.571698148147462,0.5291489514559534,0.6667694183627232,3.6280324107951105,2.051637283950627,0.5718912876939902,0.7259697040711055,31.28324661070988,20.966472551440116,0.5160133103989673
R01_F05_k11_RegressorChain_ET_Physics,1,5,R01_F05,11,RegressorChain_ET_Physics,reduced physics-retained regressor chain,6,0.25,"{""model__base_estimator__max_depth"": 14, ""model__base_estimator__max_features"": 0.7, ""model__base_estimator__min_samples_leaf"": 1, ""model__base_estimator__n_estimators"": 800, ""selector__alpha"": 0.25, ""selector__n_features"": 11}",1058,1ef949e074cc756985883fc19e2d6fe4e4744c1ea385a36b91400b620e62e972,-0.4146706071357406,0.04810852953914905,0.4146706071357406,1,Selected_for_fixed_k,True,1110,0.25,11,Tsol;Tage;tage;Zn;Mg;Cu;Ti;Fe;Zr;Si;Cr,Zn;Tsol;Mg;Tage;Cu;Ti;Fe;Zr;tage;Si;Cr;Sc;Li;Mn;Be;Ni;V,fc206423a37d61d2a2fba20827f61b51ec80b1ebf1a737f85e3b7a76f3af1938,False,False,Selected,0.8200331418768437,43.86677434172513,31.603014514533097,0.42027864391173025,0.7728248448724346,38.87678447995972,28.294149389645764,0.4721950950723528,0.6335437380482035,3.8046070313294376,2.2363331107706252,0.5997249660291082,0.7421339082658273,28.849388617671426,20.711165671649827,0.4973995683377304
R01_F05_k12_Independent_ET_Physics,1,5,R01_F05,12,Independent_ET_Physics,reduced physics-retained independent ET,22,0.75,"{""model__estimator__max_depth"": null, ""model__estimator__max_features"": 1.0, ""model__estimator__min_samples_leaf"": 1, ""model__estimator__n_estimators"": 500, ""selector__alpha"": 0.75, ""selector__n_features"": 12}",1059,1ef949e074cc756985883fc19e2d6fe4e4744c1ea385a36b91400b620e62e972,-0.41650505781292413,0.03824688044155686,0.41650505781292413,1,Selected_for_fixed_k,True,700,0.75,12,Tsol;Tage;tage;Zn;Mg;Ti;Fe;Sc;Si;Zr;Cu;Cr,Zn;Mg;Tsol;Ti;Fe;Sc;Tage;Si;Zr;Cu;Cr;Be;Li;Ni;Mn;V;tage,fc206423a37d61d2a2fba20827f61b51ec80b1ebf1a737f85e3b7a76f3af1938,False,False,Selected,0.8314878644533045,42.447784167209655,30.699402592592826,0.4066835876255383,0.7990955793202786,36.55987202714323,27.125601851851453,0.4440540152334079,0.6752074014317377,3.581803813579501,2.1301560185185244,0.5646042160814938,0.7685969484017736,27.529820002644126,19.985053487654266,0.47178060631348
R01_F05_k13_Native_ET_Physics,1,5,R01_F05,13,Native_ET_Physics,reduced physics-retained ExtraTrees,3,1.0,"{""model__max_depth"": 14, ""model__max_features"": 1.0, ""model__min_samples_leaf"": 1, ""model__n_estimators"": 300, ""selector__alpha"": 1.0, ""selector__n_features"": 13}",1060,1ef949e074cc756985883fc19e2d6fe4e4744c1ea385a36b91400b620e62e972,-0.41683047330869627,0.039974333419665636,0.41683047330869627,1,Selected_for_fixed_k,True,640,1.0,13,Tsol;Tage;tage;Zn;Mg;Sc;Fe;Ti;Si;Zr;Cr;Cu;Be,Zn;Mg;Tsol;Sc;Fe;Ti;Si;Zr;Tage;Cr;Cu;Be;Li;Ni;V;Mn;tage,fc206423a37d61d2a2fba20827f61b51ec80b1ebf1a737f85e3b7a76f3af1938,False,False,Selected,0.8220996769452261,43.61418903180126,31.54567971013217,0.4178586754248781,0.7910658101425854,37.283328473020966,27.572683589596046,0.4528410738806589,0.6093635189966929,3.928123486859492,2.2222677181837382,0.6191950194372032,0.7408430020281681,28.275213663893904,20.446877005970652,0.4966315895809134
R01_F05_k14_Native_ET_Physics,1,5,R01_F05,14,Native_ET_Physics,reduced physics-retained ExtraTrees,13,1.0,"{""model__max_depth"": null, ""model__max_features"": 0.7, ""model__min_samples_leaf"": 1, ""model__n_estimators"": 500, ""selector__alpha"": 1.0, ""selector__n_features"": 14}",1061,1ef949e074cc756985883fc19e2d6fe4e4744c1ea385a36b91400b620e62e972,-0.4206422113411968,0.04058098756703625,0.4206422113411968,1,Selected_for_fixed_k,True,670,1.0,14,Tsol;Tage;tage;Zn;Mg;Sc;Fe;Ti;Si;Zr;Cr;Cu;Be;Li,Zn;Mg;Tsol;Sc;Fe;Ti;Si;Zr;Tage;Cr;Cu;Be;Li;Ni;V;Mn;tage,fc206423a37d61d2a2fba20827f61b51ec80b1ebf1a737f85e3b7a76f3af1938,False,False,Selected,0.8395742125115363,41.416798309935466,29.037162222222452,0.3968059217955431,0.8150994576441819,35.07349244136146,25.951090740740238,0.4260005378378269,0.60801318953876,3.9349068841571033,2.1648083333333386,0.6202642948394648,0.7542289532314927,26.80839921181801,19.051020432098678,0.48102358482427826
R01_F05_k15_Independent_ET_Physics,1,5,R01_F05,15,Independent_ET_Physics,reduced physics-retained independent ET,12,0.75,"{""model__estimator__max_depth"": null, ""model__estimator__max_features"": 0.7, ""model__estimator__min_samples_leaf"": 1, ""model__estimator__n_estimators"": 800, ""selector__alpha"": 0.75, ""selector__n_features"": 15}",1062,1ef949e074cc756985883fc19e2d6fe4e4744c1ea385a36b91400b620e62e972,-0.43005255827228234,0.0460616920525061,0.43005255827228234,1,Selected_for_fixed_k,True,970,0.75,15,Tsol;Tage;tage;Zn;Mg;Ti;Fe;Sc;Si;Zr;Cu;Cr;Be;Li;Ni,Zn;Mg;Tsol;Ti;Fe;Sc;Tage;Si;Zr;Cu;Cr;Be;Li;Ni;Mn;V;tage,fc206423a37d61d2a2fba20827f61b51ec80b1ebf1a737f85e3b7a76f3af1938,False,False,Selected,0.8381806899012099,41.59629081166669,29.312130787036814,0.39852560295177003,0.81037719533058,35.51854798328777,25.854743749999443,0.4314061557854918,0.6580449304618794,3.675219277685744,2.1339115740740615,0.5793294125541855,0.7688676052312231,26.930019357546737,19.100262037036774,0.4697537237638158
R01_F05_k16_Independent_ET_Physics,1,5,R01_F05,16,Independent_ET_Physics,reduced physics-retained independent ET,12,0.5,"{""model__estimator__max_depth"": null, ""model__estimator__max_features"": 0.7, ""model__estimator__min_samples_leaf"": 1, ""model__estimator__n_estimators"": 800, ""selector__alpha"": 0.5, ""selector__n_features"": 16}",1063,1ef949e074cc756985883fc19e2d6fe4e4744c1ea385a36b91400b620e62e972,-0.42129722370260597,0.05303135153127038,0.42129722370260597,1,Selected_for_fixed_k,True,970,0.5,16,Tsol;Tage;tage;Zn;Mg;Ti;Fe;Cu;Zr;Sc;Si;Cr;Li;Be;Mn;Ni,Zn;Mg;Tsol;Tage;Ti;Fe;Cu;Zr;Sc;Si;Cr;Li;tage;Be;Mn;Ni;V,fc206423a37d61d2a2fba20827f61b51ec80b1ebf1a737f85e3b7a76f3af1938,False,False,Selected,0.8322754744557084,42.34846949261994,29.689993518518374,0.40573207392562627,0.8233247861459041,34.28449313499143,25.292825057870026,0.4164173995338999,0.629446976176121,3.8258145399994663,2.2085028356481393,0.6030679321520118,0.7616824122592445,26.81959238920361,19.06377380401218,0.4750724685371794
R01_F05_k17_Independent_ET_Physics,1,5,R01_F05,17,Independent_ET_Physics,reduced physics-retained independent ET,19,0.0,"{""model__estimator__max_depth"": 14, ""model__estimator__max_features"": 0.7, ""model__estimator__min_samples_leaf"": 1, ""model__estimator__n_estimators"": 500, ""selector__alpha"": 0.0, ""selector__n_features"": 17}",1064,1ef949e074cc756985883fc19e2d6fe4e4744c1ea385a36b91400b620e62e972,-0.4497195481014494,0.0509124227438057,0.4497195481014494,1,Selected_for_fixed_k,True,810,0.0,17,Tsol;Tage;tage;Zn;Mg;Cu;Ti;Fe;Zr;Cr;Mn;Si;Li;Sc;Be;Ni;V,Zn;Tsol;Mg;Tage;Cu;tage;Ti;Fe;Zr;Cr;Mn;Si;Li;Sc;Be;Ni;V,fc206423a37d61d2a2fba20827f61b51ec80b1ebf1a737f85e3b7a76f3af1938,False,False,Selected,0.8405596096389141,41.289403398269144,28.57242868335771,0.39558537705479496,0.8120518220356306,35.36136168086903,25.615613337676045,0.4294969803738024,0.6414511273907129,3.763335291740992,2.200176496416748,0.5932192500855634,0.7646875196884192,26.80470012362639,18.796072839150167,0.47276720250472026
R02_F01_k03_Independent_ET_Physics,2,1,R02_F01,3,Independent_ET_Physics,reduced physics-retained independent ET,17,0.0,"{""model__estimator__max_depth"": null, ""model__estimator__max_features"": 1.0, ""model__estimator__min_samples_leaf"": 2, ""model__estimator__n_estimators"": 300, ""selector__alpha"": 0.0, ""selector__n_features"": 3}",1051,91ad1dc7492ebf7542399228303db84cf0ec706a16d9a1cf00ffdc2895cb987d,-0.5356604595901466,0.06131417176363435,0.5356604595901466,1,Selected_for_fixed_k,True,600,0.0,3,Tsol;Tage;tage,Zn;Tsol;Mg;Tage;tage;Ti;Cu;Fe;Zr;Si;Mn;Cr;Sc;Li;Ni;Be;V,e1ddd8813dc09ecc8a5ae2e136b7cc7787889274e3e2b2f4ee34fc200262115a,False,False,Selected,0.7344557814997941,62.78532285500896,43.537442513863866,0.5105161436942267,0.7079857234370346,57.29225929978924,41.52098279929574,0.5353565211844927,0.516846633374948,5.925681596928657,3.6070386718102445,0.6886262281222824,0.6530960461039256,42.00108791724228,29.555154661656616,0.5781662976670006
R02_F01_k04_Independent_ET_Physics,2,1,R02_F01,4,Independent_ET_Physics,reduced physics-retained independent ET,24,0.5,"{""model__estimator__max_depth"": null, ""model__estimator__max_features"": ""sqrt"", ""model__estimator__min_samples_leaf"": 1, ""model__estimator__n_estimators"": 800, ""selector__alpha"": 0.5, ""selector__n_features"": 4}",1052,91ad1dc7492ebf7542399228303db84cf0ec706a16d9a1cf00ffdc2895cb987d,-0.4784143940326883,0.03435720161137129,0.4784143940326883,1,Selected_for_fixed_k,True,950,0.5,4,Tsol;Tage;tage;Zn,Zn;Mg;Tsol;Ti;Tage;Fe;Si;Cu;Zr;Sc;Cr;tage;Li;Mn;Be;Ni;V,e1ddd8813dc09ecc8a5ae2e136b7cc7787889274e3e2b2f4ee34fc200262115a,False,False,Selected,0.7510734891135282,60.789039673323025,37.281310243055934,0.4942840890468461,0.7482479356432585,53.196177535562384,34.30068643904331,0.4970814712809922,0.5709282184007155,5.584197677973781,3.2013387152777693,0.6489422222863639,0.6900832143858341,39.85647162895307,24.92777846579234,0.5467692608714008
R02_F01_k05_Native_ET_Physics,2,1,R02_F01,5,Native_ET_Physics,reduced physics-retained ExtraTrees,6,0.5,"{""model__max_depth"": 14, ""model__max_features"": 0.7, ""model__min_samples_leaf"": 1, ""model__n_estimators"": 500, ""selector__alpha"": 0.5, ""selector__n_features"": 5}",1053,91ad1dc7492ebf7542399228303db84cf0ec706a16d9a1cf00ffdc2895cb987d,-0.46679882916703974,0.0827387503046302,0.46679882916703974,1,Selected_for_fixed_k,True,810,0.5,5,Tsol;Tage;tage;Zn;Mg,Zn;Mg;Tsol;Ti;Tage;Fe;Si;Cu;Zr;Sc;Cr;tage;Li;Mn;Be;Ni;V,e1ddd8813dc09ecc8a5ae2e136b7cc7787889274e3e2b2f4ee34fc200262115a,False,False,Selected,0.7717372927663528,58.211285299007244,36.03570258437345,0.47332401171148475,0.7756383313052193,50.21902044335878,32.10799392359422,0.46926199822509673,0.5589611143435343,5.66153567134023,3.111893960355375,0.6579297066442963,0.7021122461383689,38.03061380456875,23.751863489441018,0.5335052388602927
R02_F01_k06_Independent_ET_Physics,2,1,R02_F01,6,Independent_ET_Physics,reduced physics-retained independent ET,22,0.0,"{""model__estimator__max_depth"": null, ""model__estimator__max_features"": ""sqrt"", ""model__estimator__min_samples_leaf"": 1, ""model__estimator__n_estimators"": 500, ""selector__alpha"": 0.0, ""selector__n_features"": 6}",1054,91ad1dc7492ebf7542399228303db84cf0ec706a16d9a1cf00ffdc2895cb987d,-0.44594124968317095,0.05015930125918611,0.44594124968317095,1,Selected_for_fixed_k,True,650,0.0,6,Tsol;Tage;tage;Zn;Mg;Ti,Zn;Tsol;Mg;Tage;tage;Ti;Cu;Fe;Zr;Si;Mn;Cr;Sc;Li;Ni;Be;V,e1ddd8813dc09ecc8a5ae2e136b7cc7787889274e3e2b2f4ee34fc200262115a,False,False,Selected,0.7554486252994344,60.2524569262942,39.79706148148152,0.48992106051836964,0.7471045630107869,53.31684020152987,35.03291277777823,0.4982089804048895,0.5087047437644276,5.975401507154317,3.185608549382727,0.6944042021293605,0.6704193106915497,39.84823287832613,26.00519426954749,0.5608447476842066
R02_F01_k07_Native_ET_Physics,2,1,R02_F01,7,Native_ET_Physics,reduced physics-retained ExtraTrees,5,1.0,"{""model__max_depth"": 14, ""model__max_features"": ""sqrt"", ""model__min_samples_leaf"": 1, ""model__n_estimators"": 800, ""selector__alpha"": 1.0, ""selector__n_features"": 7}",1055,91ad1dc7492ebf7542399228303db84cf0ec706a16d9a1cf00ffdc2895cb987d,-0.4693521534741105,0.04174704063446442,0.4693521534741105,1,Selected_for_fixed_k,True,1090,1.0,7,Tsol;Tage;tage;Zn;Mg;Ti;Fe,Zn;Mg;Tsol;Ti;Fe;Sc;Si;Zr;Tage;Cr;Li;Cu;Be;Ni;V;Mn;tage,e1ddd8813dc09ecc8a5ae2e136b7cc7787889274e3e2b2f4ee34fc200262115a,False,False,Selected,0.7476872029090462,61.20111658976915,41.76683594963952,0.4976347434470042,0.7315852121744668,54.92842241550532,36.708649847100794,0.5132681010997487,0.48558047171387697,6.114409626421435,3.127300837537751,0.710558400643655,0.6549509622657966,40.74798287723197,27.200928878092686,0.5738204150634694
R02_F01_k08_Native_RF_Physics,2,1,R02_F01,8,Native_RF_Physics,reduced physics-retained RandomForest,4,0.0,"{""model__max_depth"": 14, ""model__max_features"": 0.7, ""model__min_samples_leaf"": 1, ""model__n_estimators"": 300, ""selector__alpha"": 0.0, ""selector__n_features"": 8}",1056,91ad1dc7492ebf7542399228303db84cf0ec706a16d9a1cf00ffdc2895cb987d,-0.4409735241838285,0.07087437098454072,0.4409735241838285,1,Selected_for_fixed_k,True,610,0.0,8,Tsol;Tage;tage;Zn;Mg;Ti;Cu;Fe,Zn;Tsol;Mg;Tage;tage;Ti;Cu;Fe;Zr;Si;Mn;Cr;Sc;Li;Ni;Be;V,e1ddd8813dc09ecc8a5ae2e136b7cc7787889274e3e2b2f4ee34fc200262115a,False,False,Selected,0.7863074433172772,56.32282169747851,38.52744992788243,0.45796865298241124,0.8281737057104024,43.94795979145543,30.656688939793018,0.41066327553949505,0.52508285096133,5.87495755008062,3.0435945981213623,0.682731562928971,0.7131879999963365,35.381913013004855,24.0759111552656,0.517121163816959
R02_F01_k09_Native_ET_Physics,2,1,R02_F01,9,Native_ET_Physics,reduced physics-retained ExtraTrees,12,0.0,"{""model__max_depth"": 10, ""model__max_features"": 0.7, ""model__min_samples_leaf"": 1, ""model__n_estimators"": 300, ""selector__alpha"": 0.0, ""selector__n_features"": 9}",1057,91ad1dc7492ebf7542399228303db84cf0ec706a16d9a1cf00ffdc2895cb987d,-0.47509476180745464,0.037353540198407476,0.47509476180745464,1,Selected_for_fixed_k,True,570,0.0,9,Tsol;Tage;tage;Zn;Mg;Ti;Cu;Fe;Zr,Zn;Tsol;Mg;Tage;tage;Ti;Cu;Fe;Zr;Si;Mn;Cr;Sc;Li;Ni;Be;V,e1ddd8813dc09ecc8a5ae2e136b7cc7787889274e3e2b2f4ee34fc200262115a,False,False,Selected,0.8009580320866286,54.35782049149067,37.57604659660353,0.4419909564059034,0.8416584066178825,42.188240391625826,29.788730377142453,0.394219915342717,0.5408218758467644,5.776787625382551,3.112764635400801,0.6713231900938663,0.7278127715170918,34.107616169499686,23.492513869715598,0.5025113539474956
R02_F01_k10_Independent_ET_Physics,2,1,R02_F01,10,Independent_ET_Physics,reduced physics-retained independent ET,6,0.25,"{""model__estimator__max_depth"": 14, ""model__estimator__max_features"": 0.7, ""model__estimator__min_samples_leaf"": 1, ""model__estimator__n_estimators"": 800, ""selector__alpha"": 0.25, ""selector__n_features"": 10}",1058,91ad1dc7492ebf7542399228303db84cf0ec706a16d9a1cf00ffdc2895cb987d,-0.40972971151623216,0.07121091675559274,0.40972971151623216,1,Selected_for_fixed_k,True,1110,0.25,10,Tsol;Tage;tage;Zn;Mg;Ti;Fe;Cu;Zr;Si,Zn;Mg;Tsol;Tage;Ti;Fe;Cu;tage;Zr;Si;Sc;Cr;Mn;Li;Be;Ni;V,e1ddd8813dc09ecc8a5ae2e136b7cc7787889274e3e2b2f4ee34fc200262115a,False,False,Selected,0.8067955124272931,53.55478886406593,37.16055802528277,0.4354613951795622,0.8383754594056847,42.62334783871272,30.56617073369005,0.39828569337382985,0.5185719343007178,5.915092074141163,3.186527330933173,0.6873956147294624,0.7212476353778986,34.031076258973265,23.637752029968667,0.5070475677609515
R02_F01_k11_Native_RF_Physics,2,1,R02_F01,11,Native_RF_Physics,reduced physics-retained RandomForest,13,0.25,"{""model__max_depth"": 10, ""model__max_features"": 0.7, ""model__min_samples_leaf"": 1, ""model__n_estimators"": 500, ""selector__alpha"": 0.25, ""selector__n_features"": 11}",1059,91ad1dc7492ebf7542399228303db84cf0ec706a16d9a1cf00ffdc2895cb987d,-0.4321715084624625,0.023973476941950508,0.4321715084624625,1,Selected_for_fixed_k,True,770,0.25,11,Tsol;Tage;tage;Zn;Mg;Ti;Fe;Cu;Zr;Si;Sc,Zn;Mg;Tsol;Tage;Ti;Fe;Cu;tage;Zr;Si;Sc;Cr;Mn;Li;Be;Ni;V,e1ddd8813dc09ecc8a5ae2e136b7cc7787889274e3e2b2f4ee34fc200262115a,False,False,Selected,0.7904909024970721,55.768780739811824,37.94962167383527,0.4534636693286705,0.8260543266624529,44.21816560841491,30.70064338862659,0.4131881619367011,0.5289918009262913,5.850729781548688,3.0725300141746437,0.6799160426234905,0.7151790100286055,35.2792253765918,23.907598358878833,0.5155226246296207
R02_F01_k12_Independent_ET_Physics,2,1,R02_F01,12,Independent_ET_Physics,reduced physics-retained independent ET,22,0.25,"{""model__estimator__max_depth"": null, ""model__estimator__max_features"": 1.0, ""model__estimator__min_samples_leaf"": 1, ""model__estimator__n_estimators"": 300, ""selector__alpha"": 0.25, ""selector__n_features"": 12}",1060,91ad1dc7492ebf7542399228303db84cf0ec706a16d9a1cf00ffdc2895cb987d,-0.41823353430605115,0.012618518709826512,0.41823353430605115,1,Selected_for_fixed_k,True,500,0.25,12,Tsol;Tage;tage;Zn;Mg;Ti;Fe;Cu;Zr;Si;Sc;Cr,Zn;Mg;Tsol;Tage;Ti;Fe;Cu;tage;Zr;Si;Sc;Cr;Mn;Li;Be;Ni;V,e1ddd8813dc09ecc8a5ae2e136b7cc7787889274e3e2b2f4ee34fc200262115a,False,False,Selected,0.826139808716758,50.803049645415854,35.154214043209905,0.4130866230118449,0.8493724372613509,41.14775364488668,30.148200874485525,0.3844972866336954,0.521051460109371,5.899839996130856,3.272439146090546,0.6856231636148584,0.73218790202916,32.616881095477794,22.85828468792866,0.49440235775346625
R02_F01_k13_Native_RF_Physics,2,1,R02_F01,13,Native_RF_Physics,reduced physics-retained RandomForest,15,0.75,"{""model__max_depth"": null, ""model__max_features"": 0.7, ""model__min_samples_leaf"": 1, ""model__n_estimators"": 500, ""selector__alpha"": 0.75, ""selector__n_features"": 13}",1061,91ad1dc7492ebf7542399228303db84cf0ec706a16d9a1cf00ffdc2895cb987d,-0.4677477496324277,0.06416319331558022,0.4677477496324277,1,Selected_for_fixed_k,True,670,0.75,13,Tsol;Tage;tage;Zn;Mg;Ti;Fe;Si;Sc;Zr;Cu;Cr;Li,Zn;Mg;Tsol;Ti;Fe;Tage;Si;Sc;Zr;Cu;Cr;Li;Be;Mn;Ni;tage;V,e1ddd8813dc09ecc8a5ae2e136b7cc7787889274e3e2b2f4ee34fc200262115a,False,False,Selected,0.7916220649506484,55.61802611628584,38.37615397031158,0.4522378626345759,0.8266808032905291,44.13846648714582,30.909195489859265,0.41244342879429147,0.520332680387882,5.904265414669487,3.0628251005290905,0.6861374435717328,0.7128785162096865,35.22025267270038,24.116058186899977,0.5169395783335333
R02_F01_k14_Native_RF_Physics,2,1,R02_F01,14,Native_RF_Physics,reduced physics-retained RandomForest,12,0.75,"{""model__max_depth"": null, ""model__max_features"": 0.7, ""model__min_samples_leaf"": 1, ""model__n_estimators"": 800, ""selector__alpha"": 0.75, ""selector__n_features"": 14}",1062,91ad1dc7492ebf7542399228303db84cf0ec706a16d9a1cf00ffdc2895cb987d,-0.4681248340387839,0.06349974190249742,0.4681248340387839,1,Selected_for_fixed_k,True,970,0.75,14,Tsol;Tage;tage;Zn;Mg;Ti;Fe;Si;Sc;Zr;Cu;Cr;Li;Be,Zn;Mg;Tsol;Ti;Fe;Tage;Si;Sc;Zr;Cu;Cr;Li;Be;Mn;Ni;tage;V,e1ddd8813dc09ecc8a5ae2e136b7cc7787889274e3e2b2f4ee34fc200262115a,False,False,Selected,0.7875936210548758,56.15306732601221,38.15789187527598,0.45658835671004294,0.8245389888986558,44.41035250400271,30.89830650793712,0.4149840154969658,0.5223858455098183,5.89161557241678,3.077890541225734,0.6846673994908394,0.7115061518211165,35.48501180081057,24.044696308146275,0.5187465905659494
R02_F01_k15_Native_ET_Physics,2,1,R02_F01,15,Native_ET_Physics,reduced physics-retained ExtraTrees,12,0.5,"{""model__max_depth"": null, ""model__max_features"": 0.7, ""model__min_samples_leaf"": 1, ""model__n_estimators"": 800, ""selector__alpha"": 0.5, ""selector__n_features"": 15}",1063,91ad1dc7492ebf7542399228303db84cf0ec706a16d9a1cf00ffdc2895cb987d,-0.41500333315410814,0.05910023373250644,0.41500333315410814,1,Selected_for_fixed_k,True,970,0.5,15,Tsol;Tage;tage;Zn;Mg;Ti;Fe;Si;Cu;Zr;Sc;Cr;Li;Mn;Be,Zn;Mg;Tsol;Ti;Tage;Fe;Si;Cu;Zr;Sc;Cr;tage;Li;Mn;Be;Ni;V,e1ddd8813dc09ecc8a5ae2e136b7cc7787889274e3e2b2f4ee34fc200262115a,False,False,Selected,0.8048566781355415,53.82283300863402,36.967536168981795,0.4376408991910448,0.8411897563267711,42.250627420423626,29.508923746143097,0.39480287895965976,0.48739848056483615,6.103595603136067,3.367940412808638,0.7093016979430427,0.7111483050090496,34.05901867739791,23.281466775977844,0.5139151586979157
R02_F01_k16_Native_RF_Physics,2,1,R02_F01,16,Native_RF_Physics,reduced physics-retained RandomForest,19,0.0,"{""model__max_depth"": 14, ""model__max_features"": 0.7, ""model__min_samples_leaf"": 1, ""model__n_estimators"": 500, ""selector__alpha"": 0.0, ""selector__n_features"": 16}",1064,91ad1dc7492ebf7542399228303db84cf0ec706a16d9a1cf00ffdc2895cb987d,-0.4688714714294241,0.05186444746578189,0.4688714714294241,1,Selected_for_fixed_k,True,810,0.0,16,Tsol;Tage;tage;Zn;Mg;Ti;Cu;Fe;Zr;Si;Mn;Cr;Sc;Li;Ni;Be,Zn;Tsol;Mg;Tage;tage;Ti;Cu;Fe;Zr;Si;Mn;Cr;Sc;Li;Ni;Be;V,e1ddd8813dc09ecc8a5ae2e136b7cc7787889274e3e2b2f4ee34fc200262115a,False,False,Selected,0.7950390122507182,55.160133597595944,37.65724677194919,0.44851467523602045,0.8295312842029867,43.774001782758035,30.252304849301012,0.40903775831419054,0.5206254228122762,5.902463444118289,3.077280429098851,0.6859280357317128,0.7150652397553271,34.945532941490754,23.66227735011635,0.5144934897606412
R02_F01_k17_Native_RF_Physics,2,1,R02_F01,17,Native_RF_Physics,reduced physics-retained RandomForest,12,0.0,"{""model__max_depth"": 14, ""model__max_features"": 0.7, ""model__min_samples_leaf"": 1, ""model__n_estimators"": 800, ""selector__alpha"": 0.0, ""selector__n_features"": 17}",1065,91ad1dc7492ebf7542399228303db84cf0ec706a16d9a1cf00ffdc2895cb987d,-0.41906120294279026,0.04658358545658392,0.41906120294279026,1,Selected_for_fixed_k,True,1110,0.0,17,Tsol;Tage;tage;Zn;Mg;Ti;Cu;Fe;Zr;Si;Mn;Cr;Sc;Li;Ni;Be;V,Zn;Tsol;Mg;Tage;tage;Ti;Cu;Fe;Zr;Si;Mn;Cr;Sc;Li;Ni;Be;V,e1ddd8813dc09ecc8a5ae2e136b7cc7787889274e3e2b2f4ee34fc200262115a,False,False,Selected,0.7923024932600016,55.52714551604604,37.72427766316969,0.45149889990473246,0.8286339681208217,43.88905973247101,30.294654426679042,0.4101128952427352,0.5248215081021583,5.876573797291815,3.0793765908807718,0.6829193877728396,0.7152526564943272,35.097593015269624,23.699436226909835,0.5148437276401024
R02_F02_k03_Independent_ET_Physics,2,2,R02_F02,3,Independent_ET_Physics,reduced physics-retained independent ET,21,0.5,"{""model__estimator__max_depth"": 14, ""model__estimator__max_features"": 1.0, ""model__estimator__min_samples_leaf"": 2, ""model__estimator__n_estimators"": 500, ""selector__alpha"": 0.5, ""selector__n_features"": 3}",1052,35455dc2912198a8519982107b8e5608b12c392a0d6c9bb35e60f72f1c05f6d1,-0.592159873197103,0.0332855654149194,0.592159873197103,1,Selected_for_fixed_k,True,940,0.5,3,Tsol;Tage;tage,Zn;Tsol;Mg;Tage;Fe;Ti;Cu;Si;Zr;Sc;Cr;Li;tage;Mn;Ni;Be;V,c136f653bd5c654648282d82e798ecffcf53e183c28e05a0bbde68f36fd6e405,False,False,Selected,0.8642853424016981,43.9671271382248,33.34586098743877,0.36496770158239117,0.7586210150356322,50.13501028340998,38.1276510193169,0.48673299021262567,0.5622328115575621,4.284013953711179,3.1904581668023106,0.6554848500586927,0.7283797229982975,32.79538379178199,24.88799005785266,0.5023951806179032
R02_F02_k04_Native_ET_Physics,2,2,R02_F02,4,Native_ET_Physics,reduced physics-retained ExtraTrees,18,1.0,"{""model__max_depth"": null, ""model__max_features"": 1.0, ""model__min_samples_leaf"": 1, ""model__n_estimators"": 300, ""selector__alpha"": 1.0, ""selector__n_features"": 4}",1053,35455dc2912198a8519982107b8e5608b12c392a0d6c9bb35e60f72f1c05f6d1,-0.49610213623619337,0.06329718850537971,0.49610213623619337,1,Selected_for_fixed_k,True,500,1.0,4,Tsol;Tage;tage;Zn,Zn;Mg;Tsol;Ti;Sc;Fe;Si;Tage;Cr;Zr;Cu;Li;Be;Ni;V;Mn;tage,c136f653bd5c654648282d82e798ecffcf53e183c28e05a0bbde68f36fd6e405,False,False,Selected,0.9169300819007425,34.39827013334307,26.673670987654305,0.28553736407448427,0.8643836338195299,37.57919145497004,25.829160905349788,0.3648355136111929,0.6309006195342777,3.933697241712411,2.7646238683127504,0.6018838814533864,0.80407144508485,25.303719610008503,18.422485253772283,0.4174189197130212
R02_F02_k05_Native_RF_Physics,2,2,R02_F02,5,Native_RF_Physics,reduced physics-retained RandomForest,9,0.0,"{""model__max_depth"": 14, ""model__max_features"": ""sqrt"", ""model__min_samples_leaf"": 1, ""model__n_estimators"": 500, ""selector__alpha"": 0.0, ""selector__n_features"": 5}",1054,35455dc2912198a8519982107b8e5608b12c392a0d6c9bb35e60f72f1c05f6d1,-0.4897995065103382,0.07314193067676049,0.4897995065103382,1,Selected_for_fixed_k,True,790,0.0,5,Tsol;Tage;tage;Zn;Mg,Zn;Tage;Tsol;Mg;Cu;tage;Fe;Zr;Ti;Si;Li;Mn;Cr;Sc;Ni;Be;V,c136f653bd5c654648282d82e798ecffcf53e183c28e05a0bbde68f36fd6e405,False,False,Selected,0.908423689388506,36.1165520774545,28.528628989039003,0.29980068880437455,0.8888164285977342,34.0260620860915,26.271567844483872,0.33034015253416865,0.6872752030987775,3.620849157273484,2.601507010607363,0.5540158815039576,0.8281717736950059,24.587821106939828,19.133901281376748,0.3947189076141669
R02_F02_k06_Native_ET_Physics,2,2,R02_F02,6,Native_ET_Physics,reduced physics-retained ExtraTrees,1,0.5,"{""model__max_depth"": 14, ""model__max_features"": 1.0, ""model__min_samples_leaf"": 1, ""model__n_estimators"": 800, ""selector__alpha"": 0.5, ""selector__n_features"": 6}",1055,35455dc2912198a8519982107b8e5608b12c392a0d6c9bb35e60f72f1c05f6d1,-0.4837217056362986,0.06339326677663484,0.4837217056362986,1,Selected_for_fixed_k,True,1140,0.5,6,Tsol;Tage;tage;Zn;Mg;Fe,Zn;Tsol;Mg;Tage;Fe;Ti;Cu;Si;Zr;Sc;Cr;Li;tage;Mn;Ni;Be;V,c136f653bd5c654648282d82e798ecffcf53e183c28e05a0bbde68f36fd6e405,False,False,Selected,0.9138436623564715,35.0314671524242,26.866047069971884,0.2907934832649953,0.8774580162760723,35.721841014517054,25.25959996341281,0.34680352900315203,0.6616457434113725,3.7663016050904243,2.455922416564899,0.5762711488719278,0.8176491406813055,24.839869924010557,18.193856483316534,0.40462272038002506
R02_F02_k07_Native_ET_Physics,2,2,R02_F02,7,Native_ET_Physics,reduced physics-retained ExtraTrees,15,0.0,"{""model__max_depth"": null, ""model__max_features"": 1.0, ""model__min_samples_leaf"": 1, ""model__n_estimators"": 800, ""selector__alpha"": 0.0, ""selector__n_features"": 7}",1056,35455dc2912198a8519982107b8e5608b12c392a0d6c9bb35e60f72f1c05f6d1,-0.4508321462229685,0.05942560954119096,0.4508321462229685,1,Selected_for_fixed_k,True,1000,0.0,7,Tsol;Tage;tage;Zn;Mg;Cu;Fe,Zn;Tage;Tsol;Mg;Cu;tage;Fe;Zr;Ti;Si;Li;Mn;Cr;Sc;Ni;Be;V,c136f653bd5c654648282d82e798ecffcf53e183c28e05a0bbde68f36fd6e405,False,False,Selected,0.9074194492910356,36.314041997441954,27.79687646604993,0.301440037264803,0.8974563471703354,32.67727040806854,25.076580015431862,0.31724548270350816,0.7067304572251745,3.5064104679668695,2.288837654320988,0.5365059415477451,0.8372020845621818,24.16590762449245,18.387431378600926,0.3850638205053521
R02_F02_k08_Native_ET_Physics,2,2,R02_F02,8,Native_ET_Physics,reduced physics-retained ExtraTrees,12,0.0,"{""model__max_depth"": 10, ""model__max_features"": 0.7, ""model__min_samples_leaf"": 1, ""model__n_estimators"": 300, ""selector__alpha"": 0.0, ""selector__n_features"": 8}",1057,35455dc2912198a8519982107b8e5608b12c392a0d6c9bb35e60f72f1c05f6d1,-0.45694220269741265,0.0508184457835708,0.45694220269741265,1,Selected_for_fixed_k,True,570,0.0,8,Tsol;Tage;tage;Zn;Mg;Cu;Fe;Zr,Zn;Tage;Tsol;Mg;Cu;tage;Fe;Zr;Ti;Si;Li;Mn;Cr;Sc;Ni;Be;V,c136f653bd5c654648282d82e798ecffcf53e183c28e05a0bbde68f36fd6e405,False,False,Selected,0.9032148529628193,37.12949724638167,30.40457700545679,0.30820906784106006,0.8933705454181076,33.32191666320516,25.982376313794344,0.32350399541983743,0.6826839840356944,3.647331770119339,2.6198294079251925,0.5580679111420473,0.8264231274722071,24.699581893235386,19.668927575725444,0.39659365813431496
R02_F02_k09_Native_ET_Physics,2,2,R02_F02,9,Native_ET_Physics,reduced physics-retained ExtraTrees,6,0.25,"{""model__max_depth"": 14, ""model__max_features"": 0.7, ""model__min_samples_leaf"": 1, ""model__n_estimators"": 800, ""selector__alpha"": 0.25, ""selector__n_features"": 9}",1058,35455dc2912198a8519982107b8e5608b12c392a0d6c9bb35e60f72f1c05f6d1,-0.45582247980614055,0.02967826155726816,0.45582247980614055,1,Selected_for_fixed_k,True,1110,0.25,9,Tsol;Tage;tage;Zn;Mg;Cu;Fe;Ti;Zr,Zn;Tsol;Mg;Tage;Cu;Fe;Ti;Zr;tage;Si;Cr;Sc;Li;Mn;Ni;Be;V,c136f653bd5c654648282d82e798ecffcf53e183c28e05a0bbde68f36fd6e405,False,False,Selected,0.8904797055271534,39.496809290870466,30.4950563566472,0.32785994093743387,0.896291005777888,32.862423735988514,25.471257573572554,0.31904303360530045,0.7303453137818894,3.3622752148725574,2.2202163865054088,0.5144522144162422,0.8390386750289768,25.24050274724385,19.395510105575053,0.3871183963196589
R02_F02_k10_Native_ET_Physics,2,2,R02_F02,10,Native_ET_Physics,reduced physics-retained ExtraTrees,13,0.25,"{""model__max_depth"": 10, ""model__max_features"": 0.7, ""model__min_samples_leaf"": 1, ""model__n_estimators"": 500, ""selector__alpha"": 0.25, ""selector__n_features"": 10}",1059,35455dc2912198a8519982107b8e5608b12c392a0d6c9bb35e60f72f1c05f6d1,-0.4749781260480419,0.07376151838293543,0.4749781260480419,1,Selected_for_fixed_k,True,770,0.25,10,Tsol;Tage;tage;Zn;Mg;Cu;Fe;Ti;Zr;Si,Zn;Tsol;Mg;Tage;Cu;Fe;Ti;Zr;tage;Si;Cr;Sc;Li;Mn;Ni;Be;V,c136f653bd5c654648282d82e798ecffcf53e183c28e05a0bbde68f36fd6e405,False,False,Selected,0.8815213445241035,41.08041006928482,32.78301512137987,0.3410052877895254,0.8953361738282101,33.01335664050174,26.036953354898515,0.3205083574083657,0.708815886236872,3.4939212473463677,2.4123231397699687,0.534595001248709,0.8285578015297285,25.862562652377644,20.410763872016116,0.3987028821488667
R02_F02_k11_Independent_ET_Physics,2,2,R02_F02,11,Independent_ET_Physics,reduced physics-retained independent ET,22,0.25,"{""model__estimator__max_depth"": null, ""model__estimator__max_features"": 1.0, ""model__estimator__min_samples_leaf"": 1, ""model__estimator__n_estimators"": 300, ""selector__alpha"": 0.25, ""selector__n_features"": 11}",1060,35455dc2912198a8519982107b8e5608b12c392a0d6c9bb35e60f72f1c05f6d1,-0.43056191354458473,0.04472926648304594,0.43056191354458473,1,Selected_for_fixed_k,True,500,0.25,11,Tsol;Tage;tage;Zn;Mg;Cu;Fe;Ti;Zr;Si;Cr,Zn;Tsol;Mg;Tage;Cu;Fe;Ti;Zr;tage;Si;Cr;Sc;Li;Mn;Ni;Be;V,c136f653bd5c654648282d82e798ecffcf53e183c28e05a0bbde68f36fd6e405,False,False,Selected,0.9036798488667375,37.04019712256787,28.518163991769548,0.30746779446113504,0.9003995098535187,32.20491207830194,24.633593621399193,0.3126596178358347,0.7587816321449354,3.180053748831581,2.085640843621398,0.4865710236367696,0.8542869969550638,24.141720983233796,18.41246615226338,0.3688994786445798
R02_F02_k12_Native_ET_Physics,2,2,R02_F02,12,Native_ET_Physics,reduced physics-retained ExtraTrees,15,0.75,"{""model__max_depth"": null, ""model__max_features"": 0.7, ""model__min_samples_leaf"": 1, ""model__n_estimators"": 500, ""selector__alpha"": 0.75, ""selector__n_features"": 12}",1061,35455dc2912198a8519982107b8e5608b12c392a0d6c9bb35e60f72f1c05f6d1,-0.44980887676184445,0.0395738821709727,0.44980887676184445,1,Selected_for_fixed_k,True,670,0.75,12,Tsol;Tage;tage;Zn;Mg;Ti;Fe;Sc;Si;Zr;Cu;Cr,Zn;Mg;Tsol;Tage;Ti;Fe;Sc;Si;Zr;Cu;Cr;Li;Ni;Be;tage;Mn;V,c136f653bd5c654648282d82e798ecffcf53e183c28e05a0bbde68f36fd6e405,False,False,Selected,0.8901271090278526,39.56033745180561,29.964693456790283,0.3283872832586495,0.9015480704955908,32.0186853292894,24.53264765432048,0.31085164568439694,0.7455153132237369,3.2663303055142405,2.1147364814814913,0.49977195538717206,0.8457301642490601,24.94845102886975,18.870692530864087,0.37967029477673947
R02_F02_k13_RegressorChain_ET_Physics,2,2,R02_F02,13,RegressorChain_ET_Physics,reduced physics-retained regressor chain,19,0.75,"{""model__base_estimator__max_depth"": null, ""model__base_estimator__max_features"": 0.7, ""model__base_estimator__min_samples_leaf"": 1, ""model__base_estimator__n_estimators"": 500, ""selector__alpha"": 0.75, ""selector__n_features"": 13}",1062,35455dc2912198a8519982107b8e5608b12c392a0d6c9bb35e60f72f1c05f6d1,-0.45727022832714903,0.04319821071805868,0.45727022832714903,1,Selected_for_fixed_k,True,670,0.75,13,Tsol;Tage;tage;Zn;Mg;Ti;Fe;Sc;Si;Zr;Cu;Cr;Li,Zn;Mg;Tsol;Tage;Ti;Fe;Sc;Si;Zr;Cu;Cr;Li;Ni;Be;tage;Mn;V,c136f653bd5c654648282d82e798ecffcf53e183c28e05a0bbde68f36fd6e405,False,False,Selected,0.9044388189156439,36.89397642942078,28.52383950617296,0.30625402786378825,0.8975664338690419,32.659725203032174,24.45525222222196,0.31707514604529335,0.7584009427038205,3.182562130813606,2.0759207407407447,0.4869548240643926,0.8534687318295022,24.245421254422187,18.35167082304522,0.3700946659911581
R02_F02_k14_Native_ET_Physics,2,2,R02_F02,14,Native_ET_Physics,reduced physics-retained ExtraTrees,18,0.0,"{""model__max_depth"": 10, ""model__max_features"": 0.7, ""model__min_samples_leaf"": 1, ""model__n_estimators"": 500, ""selector__alpha"": 0.0, ""selector__n_features"": 14}",1063,35455dc2912198a8519982107b8e5608b12c392a0d6c9bb35e60f72f1c05f6d1,-0.438249111567646,0.035029932996751834,0.438249111567646,1,Selected_for_fixed_k,True,770,0.0,14,Tsol;Tage;tage;Zn;Mg;Cu;Fe;Zr;Ti;Si;Li;Mn;Cr;Sc,Zn;Tage;Tsol;Mg;Cu;tage;Fe;Zr;Ti;Si;Li;Mn;Cr;Sc;Ni;Be;V,c136f653bd5c654648282d82e798ecffcf53e183c28e05a0bbde68f36fd6e405,False,False,Selected,0.8710375634929467,42.859423636738185,33.48700654927667,0.3557727409996502,0.8946341838870364,33.123883436696545,26.446969467982154,0.3215814007309143,0.708490352741362,3.4958737417142873,2.3881878410135045,0.5348937468858206,0.8247207000404483,26.49306027171634,20.77405461942411,0.404082629538795
R02_F02_k15_Native_ET_Physics,2,2,R02_F02,15,Native_ET_Physics,reduced physics-retained ExtraTrees,19,0.0,"{""model__max_depth"": 14, ""model__max_features"": 0.7, ""model__min_samples_leaf"": 1, ""model__n_estimators"": 500, ""selector__alpha"": 0.0, ""selector__n_features"": 15}",1064,35455dc2912198a8519982107b8e5608b12c392a0d6c9bb35e60f72f1c05f6d1,-0.4455988006623974,0.030173793079681776,0.4455988006623974,1,Selected_for_fixed_k,True,810,0.0,15,Tsol;Tage;tage;Zn;Mg;Cu;Fe;Zr;Ti;Si;Li;Mn;Cr;Sc;Ni,Zn;Tage;Tsol;Mg;Cu;tage;Fe;Zr;Ti;Si;Li;Mn;Cr;Sc;Ni;Be;V,c136f653bd5c654648282d82e798ecffcf53e183c28e05a0bbde68f36fd6e405,False,False,Selected,0.8819287369900566,41.009721129732156,31.106811823255835,0.3404185044021386,0.9036565898931166,31.673961692784,24.681513865404888,0.3075049152171098,0.7445480600828536,3.2725318021996586,2.1386959202191123,0.5007208288429784,0.8433777956553422,25.318738208238603,19.309007202959943,0.3828814161540756
R02_F02_k16_Native_ET_Physics,2,2,R02_F02,16,Native_ET_Physics,reduced physics-retained ExtraTrees,12,0.0,"{""model__max_depth"": 14, ""model__max_features"": 0.7, ""model__min_samples_leaf"": 1, ""model__n_estimators"": 800, ""selector__alpha"": 0.0, ""selector__n_features"": 16}",1065,35455dc2912198a8519982107b8e5608b12c392a0d6c9bb35e60f72f1c05f6d1,-0.43605311052075296,0.06230944648770594,0.43605311052075296,1,Selected_for_fixed_k,True,1110,0.0,16,Tsol;Tage;tage;Zn;Mg;Cu;Fe;Zr;Ti;Si;Li;Mn;Cr;Sc;Ni;Be,Zn;Tage;Tsol;Mg;Cu;tage;Fe;Zr;Ti;Si;Li;Mn;Cr;Sc;Ni;Be;V,c136f653bd5c654648282d82e798ecffcf53e183c28e05a0bbde68f36fd6e405,False,False,Selected,0.8854181298467911,40.39919066250174,30.827552916228893,0.33535053849500557,0.9038728730743169,31.638388973070022,24.675460553479432,0.30715955942405215,0.7345183400006583,3.3361574224812767,2.1685618553437367,0.5104560049233595,0.8412697809739221,25.124579019351014,19.22385844168402,0.38432203428080575
R02_F02_k17_Independent_ET_Physics,2,2,R02_F02,17,Independent_ET_Physics,reduced physics-retained independent ET,2,0.75,"{""model__estimator__max_depth"": 14, ""model__estimator__max_features"": 0.7, ""model__estimator__min_samples_leaf"": 1, ""model__estimator__n_estimators"": 300, ""selector__alpha"": 0.75, ""selector__n_features"": 17}",1066,35455dc2912198a8519982107b8e5608b12c392a0d6c9bb35e60f72f1c05f6d1,-0.42395015138356096,0.0420202037385576,0.42395015138356096,1,Selected_for_fixed_k,True,610,0.75,17,Tsol;Tage;tage;Zn;Mg;Ti;Fe;Sc;Si;Zr;Cu;Cr;Li;Ni;Be;Mn;V,Zn;Mg;Tsol;Tage;Ti;Fe;Sc;Si;Zr;Cu;Cr;Li;Ni;Be;tage;Mn;V,c136f653bd5c654648282d82e798ecffcf53e183c28e05a0bbde68f36fd6e405,False,False,Selected,0.894136765383567,38.83177936227649,30.3892734924171,0.3223395792417653,0.906372447397221,31.22433628365761,23.964866417101348,0.30313975165929796,0.7774815921528642,3.054303888363196,1.945529552061606,0.4673303933949806,0.8593302683112173,24.370139844765763,18.766556487193352,0.3642699080986813
R02_F03_k03_Independent_ET_Physics,2,3,R02_F03,3,Independent_ET_Physics,reduced physics-retained independent ET,19,1.0,"{""model__estimator__max_depth"": 10, ""model__estimator__max_features"": 1.0, ""model__estimator__min_samples_leaf"": 1, ""model__estimator__n_estimators"": 300, ""selector__alpha"": 1.0, ""selector__n_features"": 3}",1053,fc9a974e58f44f17baeb119a46f1675d480cdcc230c24a3642d9bc9cdee4041a,-0.5610550094102839,0.04605579881116786,0.5610550094102839,1,Selected_for_fixed_k,True,600,1.0,3,Tsol;Tage;tage,Zn;Mg;Tsol;Ti;Fe;Sc;Si;Cr;Tage;Zr;Cu;Be;Li;Ni;V;Mn;tage,49123da69069f6d7eb6ef216bb74f128b0c6db7bc1c9891eec62d0c4a65bce45,False,False,Selected,0.7733182426559198,54.39841560703946,40.09014924037629,0.4716820401741979,0.5700536573150576,61.51052959200487,42.80628915348384,0.6496032430460625,0.49616776654979333,4.856386749640718,3.800194914811742,0.7032083666345506,0.613179888840257,40.25511064956168,28.89887776955729,0.6081645499516036
R02_F03_k04_Native_ET_Physics,2,3,R02_F03,4,Native_ET_Physics,reduced physics-retained ExtraTrees,9,0.0,"{""model__max_depth"": 14, ""model__max_features"": ""sqrt"", ""model__min_samples_leaf"": 1, ""model__n_estimators"": 500, ""selector__alpha"": 0.0, ""selector__n_features"": 4}",1054,fc9a974e58f44f17baeb119a46f1675d480cdcc230c24a3642d9bc9cdee4041a,-0.48514901789669124,0.03461449464413733,0.48514901789669124,1,Selected_for_fixed_k,True,790,0.0,4,Tsol;Tage;tage;Zn,Zn;Tsol;Mg;Tage;Cu;Ti;tage;Fe;Zr;Cr;Mn;Si;Li;Sc;Ni;Be;V,49123da69069f6d7eb6ef216bb74f128b0c6db7bc1c9891eec62d0c4a65bce45,False,False,Selected,0.8337523639634503,46.58603027666854,33.604614209585414,0.40394179792384316,0.6755018348973605,53.437786367515564,35.320060575300076,0.5643482433949458,0.7003945634542428,3.744942345303073,2.715118983562104,0.5422704009263605,0.7365495874383511,34.58958632982906,23.879931256149202,0.5035201474150498
R02_F03_k05_Native_ET_Physics,2,3,R02_F03,5,Native_ET_Physics,reduced physics-retained ExtraTrees,4,0.5,"{""model__max_depth"": 14, ""model__max_features"": 1.0, ""model__min_samples_leaf"": 1, ""model__n_estimators"": 500, ""selector__alpha"": 0.5, ""selector__n_features"": 5}",1055,fc9a974e58f44f17baeb119a46f1675d480cdcc230c24a3642d9bc9cdee4041a,-0.48617871407161894,0.04361865558827925,0.48617871407161894,1,Selected_for_fixed_k,True,840,0.5,5,Tsol;Tage;tage;Zn;Mg,Zn;Mg;Tsol;Tage;Ti;Fe;Cu;Cr;Si;Zr;Sc;Li;Be;tage;Mn;Ni;V,49123da69069f6d7eb6ef216bb74f128b0c6db7bc1c9891eec62d0c4a65bce45,False,False,Selected,0.8893797896776682,38.00101574877032,27.006393764224963,0.3295021819487017,0.7757400683183274,44.42405308977876,28.878688428434796,0.46915559251048455,0.7972921939288186,3.08038874392921,2.276293619743857,0.44604255156947076,0.8208040173082715,28.501819194159427,19.387125270801207,0.414900108676219
R02_F03_k06_Native_ET_Physics,2,3,R02_F03,6,Native_ET_Physics,reduced physics-retained ExtraTrees,14,0.25,"{""model__max_depth"": null, ""model__max_features"": 0.7, ""model__min_samples_leaf"": 1, ""model__n_estimators"": 800, ""selector__alpha"": 0.25, ""selector__n_features"": 6}",1056,fc9a974e58f44f17baeb119a46f1675d480cdcc230c24a3642d9bc9cdee4041a,-0.475181619372578,0.051749248355270304,0.475181619372578,1,Selected_for_fixed_k,True,970,0.25,6,Tsol;Tage;tage;Zn;Mg;Cu,Zn;Tsol;Mg;Tage;Cu;Ti;Fe;Zr;Cr;Si;tage;Sc;Mn;Li;Be;Ni;V,49123da69069f6d7eb6ef216bb74f128b0c6db7bc1c9891eec62d0c4a65bce45,False,False,Selected,0.9027607067816534,35.628608588221574,24.89925081018537,0.30893132823680236,0.8356576855517878,38.0291865743525,24.96182488425952,0.40162039073573796,0.854647049296138,2.608448204184608,1.9273331404320995,0.377705214942197,0.8643551472098597,25.422081122252894,17.262802944958995,0.3627523113049125
R02_F03_k07_Independent_ET_Physics,2,3,R02_F03,7,Independent_ET_Physics,reduced physics-retained independent ET,12,0.0,"{""model__estimator__max_depth"": 10, ""model__estimator__max_features"": 0.7, ""model__estimator__min_samples_leaf"": 1, ""model__estimator__n_estimators"": 300, ""selector__alpha"": 0.0, ""selector__n_features"": 7}",1057,fc9a974e58f44f17baeb119a46f1675d480cdcc230c24a3642d9bc9cdee4041a,-0.45905738274996766,0.0660405129934651,0.45905738274996766,1,Selected_for_fixed_k,True,570,0.0,7,Tsol;Tage;tage;Zn;Mg;Cu;Ti,Zn;Tsol;Mg;Tage;Cu;Ti;tage;Fe;Zr;Cr;Mn;Si;Li;Sc;Ni;Be;V,49123da69069f6d7eb6ef216bb74f128b0c6db7bc1c9891eec62d0c4a65bce45,False,False,Selected,0.8940156501302308,37.19622236899584,26.366640724289887,0.3225239165147799,0.804388310411251,41.48964691065007,26.64390684102308,0.4381657801479493,0.8268192528192883,2.847213902969885,2.217465825714766,0.41227866341467984,0.8417410711202566,27.177694394205265,18.409337797009247,0.3909894533591363
R02_F03_k08_Independent_ET_Physics,2,3,R02_F03,8,Independent_ET_Physics,reduced physics-retained independent ET,6,0.25,"{""model__estimator__max_depth"": 14, ""model__estimator__max_features"": 0.7, ""model__estimator__min_samples_leaf"": 1, ""model__estimator__n_estimators"": 800, ""selector__alpha"": 0.25, ""selector__n_features"": 8}",1058,fc9a974e58f44f17baeb119a46f1675d480cdcc230c24a3642d9bc9cdee4041a,-0.4319111523880399,0.05276064467157516,0.4319111523880399,1,Selected_for_fixed_k,True,1110,0.25,8,Tsol;Tage;tage;Zn;Mg;Cu;Ti;Fe,Zn;Tsol;Mg;Tage;Cu;Ti;Fe;Zr;Cr;Si;tage;Sc;Mn;Li;Be;Ni;V,49123da69069f6d7eb6ef216bb74f128b0c6db7bc1c9891eec62d0c4a65bce45,False,False,Selected,0.9097178596898402,34.33040196420327,22.57133681912413,0.2976747366219287,0.8208476074458984,39.70577186521881,25.227606629528417,0.4193265501431452,0.8379989435300964,2.753779829256811,2.0158799289362457,0.398749340946974,0.8561881368886116,25.59665121955963,16.604941125862933,0.37191687590401595
R02_F03_k09_Independent_ET_Physics,2,3,R02_F03,9,Independent_ET_Physics,reduced physics-retained independent ET,7,0.25,"{""model__estimator__max_depth"": 14, ""model__estimator__max_features"": ""sqrt"", ""model__estimator__min_samples_leaf"": 1, ""model__estimator__n_estimators"": 800, ""selector__alpha"": 0.25, ""selector__n_features"": 9}",1059,fc9a974e58f44f17baeb119a46f1675d480cdcc230c24a3642d9bc9cdee4041a,-0.4763438413277018,0.07946745254284268,0.4763438413277018,1,Selected_for_fixed_k,True,1090,0.25,9,Tsol;Tage;tage;Zn;Mg;Cu;Ti;Fe;Zr,Zn;Tsol;Mg;Tage;Cu;Ti;Fe;Zr;Cr;Si;tage;Sc;Mn;Li;Be;Ni;V,49123da69069f6d7eb6ef216bb74f128b0c6db7bc1c9891eec62d0c4a65bce45,False,False,Selected,0.8998587184023186,36.15634634608423,24.16594253944215,0.31350727809725015,0.8298118382769721,38.69964760284544,24.6984474923857,0.4087010265444991,0.8655360517414735,2.5088414759000988,1.8318225124128351,0.36328208756093083,0.8650688694735881,25.788278474943255,16.898737514746895,0.3618301307342267
R02_F03_k10_Native_ET_Physics,2,3,R02_F03,10,Native_ET_Physics,reduced physics-retained ExtraTrees,22,0.25,"{""model__max_depth"": null, ""model__max_features"": 1.0, ""model__min_samples_leaf"": 1, ""model__n_estimators"": 300, ""selector__alpha"": 0.25, ""selector__n_features"": 10}",1060,fc9a974e58f44f17baeb119a46f1675d480cdcc230c24a3642d9bc9cdee4041a,-0.4653154139087395,0.03084557622816079,0.4653154139087395,1,Selected_for_fixed_k,True,500,0.25,10,Tsol;Tage;tage;Zn;Mg;Cu;Ti;Fe;Zr;Cr,Zn;Tsol;Mg;Tage;Cu;Ti;Fe;Zr;Cr;Si;tage;Sc;Mn;Li;Be;Ni;V,49123da69069f6d7eb6ef216bb74f128b0c6db7bc1c9891eec62d0c4a65bce45,False,False,Selected,0.9037246795594025,35.451568262181,24.22637638888884,0.30739623311963654,0.841945589348563,37.294573641617205,23.933642129629625,0.39386225653247703,0.8793700322818163,2.376281554801332,1.7323334876543248,0.34408731366777556,0.8750134337299272,25.040807819533182,16.6307840020576,0.3484486011066297
R02_F03_k11_Independent_ET_Physics,2,3,R02_F03,11,Independent_ET_Physics,reduced physics-retained independent ET,7,0.5,"{""model__estimator__max_depth"": 14, ""model__estimator__max_features"": ""sqrt"", ""model__estimator__min_samples_leaf"": 1, ""model__estimator__n_estimators"": 800, ""selector__alpha"": 0.5, ""selector__n_features"": 11}",1061,fc9a974e58f44f17baeb119a46f1675d480cdcc230c24a3642d9bc9cdee4041a,-0.4624860812708471,0.08210233176309496,0.4624860812708471,1,Selected_for_fixed_k,True,1090,0.5,11,Tsol;Tage;tage;Zn;Mg;Ti;Fe;Cu;Cr;Si;Zr,Zn;Mg;Tsol;Tage;Ti;Fe;Cu;Cr;Si;Zr;Sc;Li;Be;tage;Mn;Ni;V,49123da69069f6d7eb6ef216bb74f128b0c6db7bc1c9891eec62d0c4a65bce45,False,False,Selected,0.8930216122236982,37.370248828918754,25.7770615777091,0.3240328787656972,0.8129352227054314,40.573114570977644,26.400765880153475,0.4284864230662117,0.8741096620091381,2.4275405374069234,1.7386035424539463,0.3515096519805332,0.8600221656460892,26.79030131243444,17.972143666772173,0.36800965127081403
R02_F03_k12_Native_ET_Physics,2,3,R02_F03,12,Native_ET_Physics,reduced physics-retained ExtraTrees,12,0.75,"{""model__max_depth"": null, ""model__max_features"": 0.7, ""model__min_samples_leaf"": 1, ""model__n_estimators"": 800, ""selector__alpha"": 0.75, ""selector__n_features"": 12}",1062,fc9a974e58f44f17baeb119a46f1675d480cdcc230c24a3642d9bc9cdee4041a,-0.44027254346245026,0.050549159429845746,0.44027254346245026,1,Selected_for_fixed_k,True,970,0.75,12,Tsol;Tage;tage;Zn;Mg;Ti;Fe;Si;Sc;Cr;Zr;Cu,Zn;Mg;Tsol;Ti;Tage;Fe;Si;Sc;Cr;Zr;Cu;Be;Li;Ni;Mn;V;tage,49123da69069f6d7eb6ef216bb74f128b0c6db7bc1c9891eec62d0c4a65bce45,False,False,Selected,0.9149385784469476,33.32301460968508,22.334743229166666,0.2889398034934106,0.8393398225025812,37.60074569769811,24.603670196759502,0.39709569252919924,0.8876008465596947,2.2937802617621665,1.6085584297839464,0.33214106586788567,0.8806264158364079,24.405846856381785,16.182323951903374,0.3393921872968318
R02_F03_k13_Independent_ET_Physics,2,3,R02_F03,13,Independent_ET_Physics,reduced physics-retained independent ET,12,0.5,"{""model__estimator__max_depth"": null, ""model__estimator__max_features"": 0.7, ""model__estimator__min_samples_leaf"": 1, ""model__estimator__n_estimators"": 800, ""selector__alpha"": 0.5, ""selector__n_features"": 13}",1063,fc9a974e58f44f17baeb119a46f1675d480cdcc230c24a3642d9bc9cdee4041a,-0.4565484503701425,0.05070975963560946,0.4565484503701425,1,Selected_for_fixed_k,True,970,0.5,13,Tsol;Tage;tage;Zn;Mg;Ti;Fe;Cu;Cr;Si;Zr;Sc;Li,Zn;Mg;Tsol;Tage;Ti;Fe;Cu;Cr;Si;Zr;Sc;Li;Be;tage;Mn;Ni;V,49123da69069f6d7eb6ef216bb74f128b0c6db7bc1c9891eec62d0c4a65bce45,False,False,Selected,0.9131814887971945,33.665427396216984,22.203519945987587,0.2919088230858158,0.8256267853438517,39.17258429191203,25.562552314815118,0.4136956381827162,0.8409615026409573,2.728484072924185,1.8180714313271553,0.3950864968592852,0.8599232589273345,25.188831920351067,16.52804789737662,0.36689698604260573
R02_F03_k14_Native_ET_Physics,2,3,R02_F03,14,Native_ET_Physics,reduced physics-retained ExtraTrees,19,0.0,"{""model__max_depth"": 14, ""model__max_features"": 0.7, ""model__min_samples_leaf"": 1, ""model__n_estimators"": 500, ""selector__alpha"": 0.0, ""selector__n_features"": 14}",1064,fc9a974e58f44f17baeb119a46f1675d480cdcc230c24a3642d9bc9cdee4041a,-0.45480238753943925,0.05492857622407179,0.45480238753943925,1,Selected_for_fixed_k,True,810,0.0,14,Tsol;Tage;tage;Zn;Mg;Cu;Ti;Fe;Zr;Cr;Mn;Si;Li;Sc,Zn;Tsol;Mg;Tage;Cu;Ti;tage;Fe;Zr;Cr;Mn;Si;Li;Sc;Ni;Be;V,49123da69069f6d7eb6ef216bb74f128b0c6db7bc1c9891eec62d0c4a65bce45,False,False,Selected,0.9093237563328358,34.40525061988697,23.528647667092386,0.29832374020453706,0.8338664625770823,38.23587146020714,25.049728007703898,0.40380315802827044,0.8829307226978501,2.3409479627555076,1.6211391111270577,0.3389709835996001,0.8753736472025894,24.994023347616537,16.73317159530778,0.34703262727746925
R02_F03_k15_Native_ET_Physics,2,3,R02_F03,15,Native_ET_Physics,reduced physics-retained ExtraTrees,12,0.0,"{""model__max_depth"": 14, ""model__max_features"": 0.7, ""model__min_samples_leaf"": 1, ""model__n_estimators"": 800, ""selector__alpha"": 0.0, ""selector__n_features"": 15}",1065,fc9a974e58f44f17baeb119a46f1675d480cdcc230c24a3642d9bc9cdee4041a,-0.46743593691117,0.027522122006876135,0.46743593691117,1,Selected_for_fixed_k,True,1110,0.0,15,Tsol;Tage;tage;Zn;Mg;Cu;Ti;Fe;Zr;Cr;Mn;Si;Li;Sc;Ni,Zn;Tsol;Mg;Tage;Cu;Ti;tage;Fe;Zr;Cr;Mn;Si;Li;Sc;Ni;Be;V,49123da69069f6d7eb6ef216bb74f128b0c6db7bc1c9891eec62d0c4a65bce45,False,False,Selected,0.9117644354185456,33.939059230248354,22.839906832868092,0.29428145141133305,0.8376459856355147,37.79843793255401,24.450708593643405,0.3991834898175534,0.8755300874408619,2.413806671858051,1.6599822485958842,0.34952097816642325,0.8749801694983074,24.717101278220138,16.31686589170246,0.3476619731317699
R02_F03_k16_Native_ET_Physics,2,3,R02_F03,16,Native_ET_Physics,reduced physics-retained ExtraTrees,4,1.0,"{""model__max_depth"": null, ""model__max_features"": 0.7, ""model__min_samples_leaf"": 1, ""model__n_estimators"": 500, ""selector__alpha"": 1.0, ""selector__n_features"": 16}",1066,fc9a974e58f44f17baeb119a46f1675d480cdcc230c24a3642d9bc9cdee4041a,-0.43780482333629867,0.05693156070325372,0.43780482333629867,1,Selected_for_fixed_k,True,670,1.0,16,Tsol;Tage;tage;Zn;Mg;Ti;Fe;Sc;Si;Cr;Zr;Cu;Be;Li;Ni;V,Zn;Mg;Tsol;Ti;Fe;Sc;Si;Cr;Tage;Zr;Cu;Be;Li;Ni;V;Mn;tage,49123da69069f6d7eb6ef216bb74f128b0c6db7bc1c9891eec62d0c4a65bce45,False,False,Selected,0.9067678644134644,34.886771561785736,23.13079987654334,0.30249894967942514,0.8320304709706491,38.44656898750139,24.502941481481635,0.4060283022099248,0.8747874908193167,2.4209964379012874,1.6672775308641974,0.35056206156780656,0.8711952754011434,25.25144566239614,16.43367296296306,0.3530297711523855
R02_F03_k17_Independent_ET_Physics,2,3,R02_F03,17,Independent_ET_Physics,reduced physics-retained independent ET,16,0.5,"{""model__estimator__max_depth"": 14, ""model__estimator__max_features"": 0.7, ""model__estimator__min_samples_leaf"": 1, ""model__estimator__n_estimators"": 800, ""selector__alpha"": 0.5, ""selector__n_features"": 17}",1067,fc9a974e58f44f17baeb119a46f1675d480cdcc230c24a3642d9bc9cdee4041a,-0.4617705811971689,0.043648118924372224,0.4617705811971689,1,Selected_for_fixed_k,True,1110,0.5,17,Tsol;Tage;tage;Zn;Mg;Ti;Fe;Cu;Cr;Si;Zr;Sc;Li;Be;Mn;Ni;V,Zn;Mg;Tsol;Tage;Ti;Fe;Cu;Cr;Si;Zr;Sc;Li;Be;tage;Mn;Ni;V,49123da69069f6d7eb6ef216bb74f128b0c6db7bc1c9891eec62d0c4a65bce45,False,False,Selected,0.9164140648153571,33.03273765708388,21.856269795577692,0.286422847370873,0.8335020250734048,38.2777863927946,25.197517042885288,0.4042458151850446,0.8451691400298401,2.692148760689972,1.7850908394145881,0.38982511697242433,0.8650284099728673,24.66755760352282,16.279625892625855,0.36016459317611393
R02_F04_k03_Independent_ET_Physics,2,4,R02_F04,3,Independent_ET_Physics,reduced physics-retained independent ET,20,0.25,"{""model__estimator__max_depth"": 10, ""model__estimator__max_features"": 1.0, ""model__estimator__min_samples_leaf"": 2, ""model__estimator__n_estimators"": 500, ""selector__alpha"": 0.25, ""selector__n_features"": 3}",1054,9579c491662d13ecd3a861ea6049473c6ac2a9a6599427c2764a4f882d3ee152,-0.5725738795178745,0.07247724533975461,0.5725738795178745,1,Selected_for_fixed_k,True,900,0.25,3,Tsol;Tage;tage,Zn;Tsol;Mg;Tage;Cu;Ti;Zr;tage;Fe;Sc;Si;Li;Cr;Mn;Be;Ni;V,ae30164792d68a2da31040b6162397bd34db839b085a4d1fa62f5b2ac577159b,False,False,Selected,0.7179810340927258,62.14734495114728,41.948241516523595,0.526114429059446,0.7213977126335112,53.94452002528215,40.08268020733859,0.5229177619364166,0.5194620218261577,4.731554647442566,3.3535098949057587,0.6867598755942127,0.6529469228507981,40.274473207957335,28.461477206255978,0.5785973555300251
R02_F04_k04_Native_ET_Physics,2,4,R02_F04,4,Native_ET_Physics,reduced physics-retained ExtraTrees,23,0.75,"{""model__max_depth"": null, ""model__max_features"": 1.0, ""model__min_samples_leaf"": 2, ""model__n_estimators"": 800, ""selector__alpha"": 0.75, ""selector__n_features"": 4}",1055,9579c491662d13ecd3a861ea6049473c6ac2a9a6599427c2764a4f882d3ee152,-0.48746498102687674,0.016516435875709383,0.48746498102687674,1,Selected_for_fixed_k,True,1100,0.75,4,Tsol;Tage;tage;Zn,Zn;Mg;Tsol;Tage;Ti;Sc;Si;Fe;Zr;Cu;Li;Cr;Be;Ni;tage;V;Mn,ae30164792d68a2da31040b6162397bd34db839b085a4d1fa62f5b2ac577159b,False,False,Selected,0.7667558951221747,56.518256959509095,40.84802576231094,0.47846083392719835,0.7983044586148177,45.89899151544699,34.78180933375998,0.4449274533751971,0.5961378549061442,4.337670669308283,2.996863827107461,0.6295897207555144,0.7203994028810455,35.58497304808812,26.20889964105946,0.5176593360193033
R02_F04_k05_Native_ET_Physics,2,4,R02_F04,5,Native_ET_Physics,reduced physics-retained ExtraTrees,14,0.25,"{""model__max_depth"": null, ""model__max_features"": 0.7, ""model__min_samples_leaf"": 1, ""model__n_estimators"": 800, ""selector__alpha"": 0.25, ""selector__n_features"": 5}",1056,9579c491662d13ecd3a861ea6049473c6ac2a9a6599427c2764a4f882d3ee152,-0.45904714853841105,0.04288194025721847,0.45904714853841105,1,Selected_for_fixed_k,True,970,0.25,5,Tsol;Tage;tage;Zn;Mg,Zn;Tsol;Mg;Tage;Cu;Ti;Zr;tage;Fe;Sc;Si;Li;Cr;Mn;Be;Ni;V,ae30164792d68a2da31040b6162397bd34db839b085a4d1fa62f5b2ac577159b,False,False,Selected,0.815829652552851,50.22191576877526,36.30596450617301,0.4251585415552496,0.8378049721986118,41.15984803701516,29.642829552469127,0.39898799001403107,0.7179874318652714,3.624718077040847,2.208608101851872,0.5261084614119703,0.7905406855389114,31.668827294277094,22.719134053498,0.45008499766041704
R02_F04_k06_Native_ET_Physics,2,4,R02_F04,6,Native_ET_Physics,reduced physics-retained ExtraTrees,12,0.0,"{""model__max_depth"": 10, ""model__max_features"": 0.7, ""model__min_samples_leaf"": 1, ""model__n_estimators"": 300, ""selector__alpha"": 0.0, ""selector__n_features"": 6}",1057,9579c491662d13ecd3a861ea6049473c6ac2a9a6599427c2764a4f882d3ee152,-0.449246187685559,0.033683084011438935,0.449246187685559,1,Selected_for_fixed_k,True,570,0.0,6,Tsol;Tage;tage;Zn;Mg;Cu,Zn;Tage;Tsol;Mg;Cu;tage;Ti;Zr;Fe;Mn;Li;Cr;Si;Sc;Be;Ni;V,ae30164792d68a2da31040b6162397bd34db839b085a4d1fa62f5b2ac577159b,False,False,Selected,0.7857742430091769,54.16506450440375,38.279045204211506,0.45853965296672533,0.8076894999010462,44.81841493488028,32.8121425167239,0.43445275294508806,0.6788325241745127,3.8681720379630353,2.4526262182619765,0.5614445030248914,0.7574320890282452,34.28388382574902,24.514604646399132,0.4848123029789016
R02_F04_k07_Native_ET_Physics,2,4,R02_F04,7,Native_ET_Physics,reduced physics-retained ExtraTrees,6,0.25,"{""model__max_depth"": 14, ""model__max_features"": 0.7, ""model__min_samples_leaf"": 1, ""model__n_estimators"": 800, ""selector__alpha"": 0.25, ""selector__n_features"": 7}",1058,9579c491662d13ecd3a861ea6049473c6ac2a9a6599427c2764a4f882d3ee152,-0.44209705136912375,0.036631884178663636,0.44209705136912375,1,Selected_for_fixed_k,True,1110,0.25,7,Tsol;Tage;tage;Zn;Mg;Cu;Ti,Zn;Tsol;Mg;Tage;Cu;Ti;Zr;tage;Fe;Sc;Si;Li;Cr;Mn;Be;Ni;V,ae30164792d68a2da31040b6162397bd34db839b085a4d1fa62f5b2ac577159b,False,False,Selected,0.7915186647252815,53.43391700658528,38.27426064702553,0.45235005228989217,0.8107717482003574,44.45780155712587,30.83283389240162,0.43095710333450127,0.7237695912891873,3.5873664730730765,2.1207887326952166,0.52068707567187,0.7753533347382754,33.82636167892807,23.742627757374123,0.46799807709875446
R02_F04_k08_Native_ET_Physics,2,4,R02_F04,8,Native_ET_Physics,reduced physics-retained ExtraTrees,7,0.25,"{""model__max_depth"": 14, ""model__max_features"": ""sqrt"", ""model__min_samples_leaf"": 1, ""model__n_estimators"": 800, ""selector__alpha"": 0.25, ""selector__n_features"": 8}",1059,9579c491662d13ecd3a861ea6049473c6ac2a9a6599427c2764a4f882d3ee152,-0.47282062637448147,0.05701652003051638,0.47282062637448147,1,Selected_for_fixed_k,True,1090,0.25,8,Tsol;Tage;tage;Zn;Mg;Cu;Ti;Zr,Zn;Tsol;Mg;Tage;Cu;Ti;Zr;tage;Fe;Sc;Si;Li;Cr;Mn;Be;Ni;V,ae30164792d68a2da31040b6162397bd34db839b085a4d1fa62f5b2ac577159b,False,False,Selected,0.7917510885792045,53.40412349957685,37.31853179443253,0.4520978324413734,0.8189098628400694,43.4913003895624,30.863120764349244,0.4215882067864486,0.7126476340768717,3.6588734657417636,2.2558943318303744,0.5310659335839956,0.7744361951653819,33.51809911829367,23.479182296870718,0.4682506576039392
R02_F04_k09_RegressorChain_ET_Physics,2,4,R02_F04,9,RegressorChain_ET_Physics,reduced physics-retained regressor chain,10,0.25,"{""model__base_estimator__max_depth"": 10, ""model__base_estimator__max_features"": 1.0, ""model__base_estimator__min_samples_leaf"": 1, ""model__base_estimator__n_estimators"": 300, ""selector__alpha"": 0.25, ""selector__n_features"": 9}",1060,9579c491662d13ecd3a861ea6049473c6ac2a9a6599427c2764a4f882d3ee152,-0.42789881307788524,0.038924902512095814,0.42789881307788524,1,Selected_for_fixed_k,True,600,0.25,9,Tsol;Tage;tage;Zn;Mg;Cu;Ti;Zr;Fe,Zn;Tsol;Mg;Tage;Cu;Ti;Zr;tage;Fe;Sc;Si;Li;Cr;Mn;Be;Ni;V,ae30164792d68a2da31040b6162397bd34db839b085a4d1fa62f5b2ac577159b,False,False,Selected,0.8034260745413169,51.88554427196227,37.17364858913126,0.4392421514151604,0.8036088342911496,45.29142326262891,32.98228150380306,0.43903791666528946,0.572101012546797,4.464888638731791,2.691425234000641,0.6480547292706036,0.7263786404597545,33.880618724440986,24.282451775644986,0.5087782657836845
R02_F04_k10_Native_ET_Physics,2,4,R02_F04,10,Native_ET_Physics,reduced physics-retained ExtraTrees,18,0.25,"{""model__max_depth"": 10, ""model__max_features"": 1.0, ""model__min_samples_leaf"": 1, ""model__n_estimators"": 500, ""selector__alpha"": 0.25, ""selector__n_features"": 10}",1061,9579c491662d13ecd3a861ea6049473c6ac2a9a6599427c2764a4f882d3ee152,-0.44745572171902026,0.06745770051282236,0.44745572171902026,1,Selected_for_fixed_k,True,800,0.25,10,Tsol;Tage;tage;Zn;Mg;Cu;Ti;Zr;Fe;Sc,Zn;Tsol;Mg;Tage;Cu;Ti;Zr;tage;Fe;Sc;Si;Li;Cr;Mn;Be;Ni;V,ae30164792d68a2da31040b6162397bd34db839b085a4d1fa62f5b2ac577159b,False,False,Selected,0.8018611890447461,52.09166006634091,37.43924620633497,0.4409870448384417,0.8136727800344717,44.115697138559206,30.532300830607188,0.42764087256960437,0.6751165134225665,3.8904856754546087,2.4478811062035994,0.5646832082813232,0.7635501608339282,33.36594762678491,23.47314271438192,0.47777037522978977
R02_F04_k11_Native_ET_Physics,2,4,R02_F04,11,Native_ET_Physics,reduced physics-retained ExtraTrees,19,0.75,"{""model__max_depth"": null, ""model__max_features"": 0.7, ""model__min_samples_leaf"": 1, ""model__n_estimators"": 500, ""selector__alpha"": 0.75, ""selector__n_features"": 11}",1062,9579c491662d13ecd3a861ea6049473c6ac2a9a6599427c2764a4f882d3ee152,-0.4362910169618881,0.07217532768121515,0.4362910169618881,1,Selected_for_fixed_k,True,670,0.75,11,Tsol;Tage;tage;Zn;Mg;Ti;Sc;Si;Fe;Zr;Cu,Zn;Mg;Tsol;Tage;Ti;Sc;Si;Fe;Zr;Cu;Li;Cr;Be;Ni;tage;V;Mn,ae30164792d68a2da31040b6162397bd34db839b085a4d1fa62f5b2ac577159b,False,False,Selected,0.8019415941787217,52.08108954284844,37.67790283950611,0.44089755903761674,0.8257734736027951,42.659143688036266,29.04838135802404,0.413521594649785,0.7118687327527065,3.663829006556051,2.174163333333343,0.531785203854912,0.779861266844741,32.801354079146925,22.966815843621163,0.46206811918077123
R02_F04_k12_Native_ET_Physics,2,4,R02_F04,12,Native_ET_Physics,reduced physics-retained ExtraTrees,22,1.0,"{""model__max_depth"": null, ""model__max_features"": 1.0, ""model__min_samples_leaf"": 1, ""model__n_estimators"": 500, ""selector__alpha"": 1.0, ""selector__n_features"": 12}",1063,9579c491662d13ecd3a861ea6049473c6ac2a9a6599427c2764a4f882d3ee152,-0.43497639620696466,0.02348481709013822,0.43497639620696466,1,Selected_for_fixed_k,True,700,1.0,12,Tsol;Tage;tage;Zn;Mg;Sc;Ti;Si;Fe;Zr;Cu;Li,Zn;Mg;Tsol;Sc;Ti;Si;Fe;Zr;Tage;Cu;Li;Cr;Be;Ni;V;Mn;tage,ae30164792d68a2da31040b6162397bd34db839b085a4d1fa62f5b2ac577159b,False,False,Selected,0.8044685246514921,51.74778441761468,37.21340654320963,0.43807593189002436,0.8312958092262863,41.97763141807116,28.616763950616612,0.4069152726216098,0.6994452442095112,3.7419829483911378,2.282113888888894,0.5431288309227875,0.7784031926957632,32.48913292802566,22.704094794238376,0.46270667847814057
R02_F04_k13_Native_ET_Physics,2,4,R02_F04,13,Native_ET_Physics,reduced physics-retained ExtraTrees,19,0.0,"{""model__max_depth"": 14, ""model__max_features"": 0.7, ""model__min_samples_leaf"": 1, ""model__n_estimators"": 500, ""selector__alpha"": 0.0, ""selector__n_features"": 13}",1064,9579c491662d13ecd3a861ea6049473c6ac2a9a6599427c2764a4f882d3ee152,-0.42070330180960963,0.04754168451326542,0.42070330180960963,1,Selected_for_fixed_k,True,810,0.0,13,Tsol;Tage;tage;Zn;Mg;Cu;Ti;Zr;Fe;Mn;Li;Cr;Si,Zn;Tage;Tsol;Mg;Cu;tage;Ti;Zr;Fe;Mn;Li;Cr;Si;Sc;Be;Ni;V,ae30164792d68a2da31040b6162397bd34db839b085a4d1fa62f5b2ac577159b,False,False,Selected,0.8035107617701962,51.874366501789495,37.17966966066779,0.43914752490815145,0.8415553519660491,40.68120247048093,28.619048146261658,0.39434818103444313,0.7210843340983519,3.6047608359467254,2.22954079527923,0.5232117745020113,0.7887168159448658,32.05344326940572,22.676086200736226,0.4522358268148687
R02_F04_k14_Native_ET_Physics,2,4,R02_F04,14,Native_ET_Physics,reduced physics-retained ExtraTrees,2,0.0,"{""model__max_depth"": null, ""model__max_features"": 1.0, ""model__min_samples_leaf"": 1, ""model__n_estimators"": 800, ""selector__alpha"": 0.0, ""selector__n_features"": 14}",1065,9579c491662d13ecd3a861ea6049473c6ac2a9a6599427c2764a4f882d3ee152,-0.4359088832206816,0.034977341742473904,0.4359088832206816,1,Selected_for_fixed_k,True,1000,0.0,14,Tsol;Tage;tage;Zn;Mg;Cu;Ti;Zr;Fe;Mn;Li;Cr;Si;Sc,Zn;Tage;Tsol;Mg;Cu;tage;Ti;Zr;Fe;Mn;Li;Cr;Si;Sc;Be;Ni;V,ae30164792d68a2da31040b6162397bd34db839b085a4d1fa62f5b2ac577159b,False,False,Selected,0.8071516105398221,51.3915160722922,36.84055825617294,0.435059907356094,0.839942131778044,40.88777787107205,28.399396450617196,0.39635064478975324,0.7084960486067029,3.685209864626108,2.260816319444453,0.5348885211623062,0.7851965969748563,31.988167935996785,22.500257008744867,0.45543302443605116
R02_F04_k15_Native_ET_Physics,2,4,R02_F04,15,Native_ET_Physics,reduced physics-retained ExtraTrees,4,1.0,"{""model__max_depth"": null, ""model__max_features"": 0.7, ""model__min_samples_leaf"": 1, ""model__n_estimators"": 500, ""selector__alpha"": 1.0, ""selector__n_features"": 15}",1066,9579c491662d13ecd3a861ea6049473c6ac2a9a6599427c2764a4f882d3ee152,-0.4155425797619737,0.03162495114100896,0.4155425797619737,1,Selected_for_fixed_k,True,670,1.0,15,Tsol;Tage;tage;Zn;Mg;Sc;Ti;Si;Fe;Zr;Cu;Li;Cr;Be;Ni,Zn;Mg;Tsol;Sc;Ti;Si;Fe;Zr;Tage;Cu;Li;Cr;Be;Ni;V;Mn;tage,ae30164792d68a2da31040b6162397bd34db839b085a4d1fa62f5b2ac577159b,False,False,Selected,0.8067483803517566,51.445215742116524,36.80036246913557,0.43551450716486323,0.8374486279025677,41.20503755415655,28.381048395061104,0.3994260400913232,0.722803918591139,3.593631531866093,2.1618666666666764,0.521596415480427,0.7890003089484878,32.08129494271305,22.447759176954452,0.4521789875788711
R02_F04_k16_Native_ET_Physics,2,4,R02_F04,16,Native_ET_Physics,reduced physics-retained ExtraTrees,15,0.5,"{""model__max_depth"": 10, ""model__max_features"": 1.0, ""model__min_samples_leaf"": 1, ""model__n_estimators"": 500, ""selector__alpha"": 0.5, ""selector__n_features"": 16}",1067,9579c491662d13ecd3a861ea6049473c6ac2a9a6599427c2764a4f882d3ee152,-0.4316411764521314,0.04786968843806651,0.4316411764521314,1,Selected_for_fixed_k,True,800,0.5,16,Tsol;Tage;tage;Zn;Mg;Ti;Cu;Sc;Fe;Zr;Si;Li;Cr;Be;Mn;Ni,Zn;Mg;Tsol;Tage;Ti;Cu;Sc;Fe;Zr;Si;Li;Cr;tage;Be;Mn;Ni;V,ae30164792d68a2da31040b6162397bd34db839b085a4d1fa62f5b2ac577159b,False,False,Selected,0.7953324485242845,52.942923412612764,37.99776047803224,0.4481934979822583,0.8343243097146334,41.599143493240376,29.969404012436865,0.4032463539162489,0.6611069345557825,3.9734828518394414,2.6052884417511937,0.576729804965888,0.7635878975982336,32.83851658589753,23.524150977406766,0.47605655228813176
R02_F04_k17_Native_ET_Physics,2,4,R02_F04,17,Native_ET_Physics,reduced physics-retained ExtraTrees,8,0.75,"{""model__max_depth"": 10, ""model__max_features"": 0.7, ""model__min_samples_leaf"": 1, ""model__n_estimators"": 500, ""selector__alpha"": 0.75, ""selector__n_features"": 17}",1068,9579c491662d13ecd3a861ea6049473c6ac2a9a6599427c2764a4f882d3ee152,-0.4316922071894941,0.05639545294620727,0.4316922071894941,1,Selected_for_fixed_k,True,770,0.75,17,Tsol;Tage;tage;Zn;Mg;Ti;Sc;Si;Fe;Zr;Cu;Li;Cr;Be;Ni;V;Mn,Zn;Mg;Tsol;Tage;Ti;Sc;Si;Fe;Zr;Cu;Li;Cr;Be;Ni;tage;V;Mn,ae30164792d68a2da31040b6162397bd34db839b085a4d1fa62f5b2ac577159b,False,False,Selected,0.7924176593210308,53.3185860597861,38.226647996797816,0.45137370687600786,0.8343262253453154,41.59890299680473,30.157382511345208,0.4032440226348171,0.6783898852564845,3.870836713051697,2.503204104562559,0.5618312663762092,0.7683779233076103,32.92944192321418,23.629078204235196,0.47214966529567803
R02_F05_k03_RegressorChain_ET_Physics,2,5,R02_F05,3,RegressorChain_ET_Physics,reduced physics-retained regressor chain,12,0.0,"{""model__base_estimator__max_depth"": 10, ""model__base_estimator__max_features"": 1.0, ""model__base_estimator__min_samples_leaf"": 2, ""model__base_estimator__n_estimators"": 500, ""selector__alpha"": 0.0, ""selector__n_features"": 3}",1055,1a713580b5318ea3dce9457331c6c510a31a1cfd28379bdef12c1ff47d2716a4,-0.590196943186388,0.04818140340135176,0.590196943186388,1,Selected_for_fixed_k,True,900,0.0,3,Tsol;Tage;tage,Zn;Tage;Mg;Tsol;tage;Cu;Zr;Ti;Fe;Li;Si;Mn;Cr;Sc;Be;Ni;V,b1f269a4062acb1ff8fd84f7260f20811e98f259a5aa3e4924b6f142d93d9f73,False,False,Selected,0.7411774717211526,61.46483670122602,49.08949958926775,0.5040134110278276,0.6919518051166954,59.35280110221623,47.0199993458893,0.5498577986004763,0.5333693865977502,4.890894490924894,3.7351560114461817,0.6767490714782345,0.6554995544785327,41.90284409812238,33.28155164886775,0.5768734270355128
R02_F05_k04_Native_ET_Physics,2,5,R02_F05,4,Native_ET_Physics,reduced physics-retained ExtraTrees,15,0.0,"{""model__max_depth"": null, ""model__max_features"": 1.0, ""model__min_samples_leaf"": 1, ""model__n_estimators"": 800, ""selector__alpha"": 0.0, ""selector__n_features"": 4}",1056,1a713580b5318ea3dce9457331c6c510a31a1cfd28379bdef12c1ff47d2716a4,-0.5095323553246155,0.03295706014743781,0.5095323553246155,1,Selected_for_fixed_k,True,1000,0.0,4,Tsol;Tage;tage;Zn,Zn;Tage;Mg;Tsol;tage;Cu;Zr;Ti;Fe;Li;Si;Mn;Cr;Sc;Be;Ni;V,b1f269a4062acb1ff8fd84f7260f20811e98f259a5aa3e4924b6f142d93d9f73,False,False,Selected,0.8098767789133292,52.67969796242072,37.776258005401246,0.4319750232318726,0.8096272109305573,46.65888132416194,32.52359461805533,0.4322584493675493,0.5892022554783056,4.588975146687821,3.181259201388884,0.6349727386923031,0.7362354151073974,34.64251814442349,24.493703941615152,0.49973540376390835
R02_F05_k05_Native_ET_Physics,2,5,R02_F05,5,Native_ET_Physics,reduced physics-retained ExtraTrees,13,0.75,"{""model__max_depth"": null, ""model__max_features"": ""sqrt"", ""model__min_samples_leaf"": 1, ""model__n_estimators"": 500, ""selector__alpha"": 0.75, ""selector__n_features"": 5}",1057,1a713580b5318ea3dce9457331c6c510a31a1cfd28379bdef12c1ff47d2716a4,-0.5086700147254928,0.06193655904680639,0.5086700147254928,1,Selected_for_fixed_k,True,650,0.75,5,Tsol;Tage;tage;Zn;Mg,Zn;Mg;Tsol;Tage;Ti;Si;Cu;Sc;Fe;Zr;Li;Be;Cr;V;Ni;Mn;tage,b1f269a4062acb1ff8fd84f7260f20811e98f259a5aa3e4924b6f142d93d9f73,False,False,Selected,0.8448865602916551,47.582845402844484,35.69319796296287,0.390180687121537,0.8560418491522958,40.574204663591196,29.742396296296356,0.37588862601219974,0.6326713451872176,4.339394004310533,3.0009792592592537,0.6004384001013338,0.7778665848770562,30.832148023582075,22.812191172839494,0.45550257107835684
R02_F05_k06_Native_ET_Physics,2,5,R02_F05,6,Native_ET_Physics,reduced physics-retained ExtraTrees,6,0.25,"{""model__max_depth"": 14, ""model__max_features"": 0.7, ""model__min_samples_leaf"": 1, ""model__n_estimators"": 800, ""selector__alpha"": 0.25, ""selector__n_features"": 6}",1058,1a713580b5318ea3dce9457331c6c510a31a1cfd28379bdef12c1ff47d2716a4,-0.4640668963005988,0.02437249332347513,0.4640668963005988,1,Selected_for_fixed_k,True,1110,0.25,6,Tsol;Tage;tage;Zn;Mg;Cu,Zn;Mg;Tsol;Tage;Cu;Ti;Zr;tage;Si;Fe;Li;Sc;Cr;Mn;Be;Ni;V,b1f269a4062acb1ff8fd84f7260f20811e98f259a5aa3e4924b6f142d93d9f73,False,False,Selected,0.8341262617599744,49.205597600301,36.3490898217986,0.4034873013450259,0.883285659839574,36.533728361680836,26.636308390059256,0.3384567379899365,0.7048557883463713,3.889724259757595,2.7811497042645423,0.538217965237586,0.8074225699819731,29.876350073913144,21.922182638707465,0.4267206681908495
R02_F05_k07_Native_ET_Physics,2,5,R02_F05,7,Native_ET_Physics,reduced physics-retained ExtraTrees,7,0.25,"{""model__max_depth"": 14, ""model__max_features"": ""sqrt"", ""model__min_samples_leaf"": 1, ""model__n_estimators"": 800, ""selector__alpha"": 0.25, ""selector__n_features"": 7}",1059,1a713580b5318ea3dce9457331c6c510a31a1cfd28379bdef12c1ff47d2716a4,-0.4666249913284289,0.04343757014573626,0.4666249913284289,1,Selected_for_fixed_k,True,1090,0.25,7,Tsol;Tage;tage;Zn;Mg;Cu;Ti,Zn;Mg;Tsol;Tage;Cu;Ti;Zr;tage;Si;Fe;Li;Sc;Cr;Mn;Be;Ni;V,b1f269a4062acb1ff8fd84f7260f20811e98f259a5aa3e4924b6f142d93d9f73,False,False,Selected,0.8488284249687306,46.974348285049714,36.14118726805008,0.3851909934299856,0.8916280260703012,35.203867499244204,25.810009345590814,0.32613660561732916,0.7455566328638605,3.6115800673789695,2.5771300030241613,0.49973138077362583,0.8286710279676308,28.59659861722429,21.50944220555502,0.4036863266069802
R02_F05_k08_Native_ET_Physics,2,5,R02_F05,8,Native_ET_Physics,reduced physics-retained ExtraTrees,3,1.0,"{""model__max_depth"": 14, ""model__max_features"": 1.0, ""model__min_samples_leaf"": 1, ""model__n_estimators"": 300, ""selector__alpha"": 1.0, ""selector__n_features"": 8}",1060,1a713580b5318ea3dce9457331c6c510a31a1cfd28379bdef12c1ff47d2716a4,-0.45452623143728255,0.04088360715907649,0.45452623143728255,1,Selected_for_fixed_k,True,640,1.0,8,Tsol;Tage;tage;Zn;Mg;Ti;Si;Sc,Zn;Mg;Tsol;Tage;Ti;Si;Sc;Fe;Cu;Zr;Li;Be;Cr;V;Ni;Mn;tage,b1f269a4062acb1ff8fd84f7260f20811e98f259a5aa3e4924b6f142d93d9f73,False,False,Selected,0.8545155777761554,46.082278187005656,33.6514699796045,0.3778759932262651,0.8740535133319921,37.951147720011825,28.302007398644736,0.35158803210903533,0.6727877966178404,4.0955895531959685,2.666869087201377,0.5667033775568502,0.8004522959086625,29.37633848673782,21.540115488483536,0.4320558009640502
R02_F05_k09_Native_RF_Physics,2,5,R02_F05,9,Native_RF_Physics,reduced physics-retained RandomForest,15,0.75,"{""model__max_depth"": null, ""model__max_features"": 0.7, ""model__min_samples_leaf"": 1, ""model__n_estimators"": 500, ""selector__alpha"": 0.75, ""selector__n_features"": 9}",1061,1a713580b5318ea3dce9457331c6c510a31a1cfd28379bdef12c1ff47d2716a4,-0.500897001403169,0.07432656831715172,0.500897001403169,1,Selected_for_fixed_k,True,670,0.75,9,Tsol;Tage;tage;Zn;Mg;Ti;Si;Cu;Sc,Zn;Mg;Tsol;Tage;Ti;Si;Cu;Sc;Fe;Zr;Li;Be;Cr;V;Ni;Mn;tage,b1f269a4062acb1ff8fd84f7260f20811e98f259a5aa3e4924b6f142d93d9f73,False,False,Selected,0.8502060766809137,46.75981587371324,36.13394902983528,0.38343182154868183,0.8679995404701282,38.852557097107486,29.663374167989282,0.35993889283545755,0.7719456565189773,3.4191712609068863,2.3889955908289258,0.4731079315526647,0.830050424556673,29.677181410575873,22.728772929551166,0.4054928819789347
R02_F05_k10_Native_RF_Physics,2,5,R02_F05,10,Native_RF_Physics,reduced physics-retained RandomForest,17,0.75,"{""model__max_depth"": null, ""model__max_features"": ""sqrt"", ""model__min_samples_leaf"": 1, ""model__n_estimators"": 300, ""selector__alpha"": 0.75, ""selector__n_features"": 10}",1062,1a713580b5318ea3dce9457331c6c510a31a1cfd28379bdef12c1ff47d2716a4,-0.4748029328722486,0.04147153088582765,0.4748029328722486,1,Selected_for_fixed_k,True,450,0.75,10,Tsol;Tage;tage;Zn;Mg;Ti;Si;Cu;Sc;Fe,Zn;Mg;Tsol;Tage;Ti;Si;Cu;Sc;Fe;Zr;Li;Be;Cr;V;Ni;Mn;tage,b1f269a4062acb1ff8fd84f7260f20811e98f259a5aa3e4924b6f142d93d9f73,False,False,Selected,0.8576428747843761,45.584300946818644,35.58625844164748,0.3737925656779109,0.8700887641787625,38.543863343245874,29.433187753772238,0.35707908395048604,0.7909895689073694,3.2732988724791396,2.3167263154027045,0.45292368844417724,0.8395737359568359,29.133821054181222,22.445390836940806,0.39459844602419136
R02_F05_k11_Native_ET_Physics,2,5,R02_F05,11,Native_ET_Physics,reduced physics-retained ExtraTrees,12,0.5,"{""model__max_depth"": null, ""model__max_features"": 0.7, ""model__min_samples_leaf"": 1, ""model__n_estimators"": 800, ""selector__alpha"": 0.5, ""selector__n_features"": 11}",1063,1a713580b5318ea3dce9457331c6c510a31a1cfd28379bdef12c1ff47d2716a4,-0.4735812747016192,0.061029667007352406,0.4735812747016192,1,Selected_for_fixed_k,True,970,0.5,11,Tsol;Tage;tage;Zn;Mg;Cu;Ti;Si;Fe;Zr;Sc,Zn;Mg;Tsol;Tage;Cu;Ti;Si;Fe;Zr;Sc;Li;tage;Cr;Be;Mn;Ni;V,b1f269a4062acb1ff8fd84f7260f20811e98f259a5aa3e4924b6f142d93d9f73,False,False,Selected,0.8431452874337673,47.849177855242424,35.35506255787066,0.3923646208144384,0.8900282560966981,35.46275256193828,27.415936226852153,0.3285349755008054,0.6672453550896635,4.130130208380656,2.798970138888888,0.5714827397712386,0.8001396328733762,29.14735354185379,21.856656307870566,0.4307941120288275
R02_F05_k12_Native_ET_Physics,2,5,R02_F05,12,Native_ET_Physics,reduced physics-retained ExtraTrees,19,0.0,"{""model__max_depth"": 14, ""model__max_features"": 0.7, ""model__min_samples_leaf"": 1, ""model__n_estimators"": 500, ""selector__alpha"": 0.0, ""selector__n_features"": 12}",1064,1a713580b5318ea3dce9457331c6c510a31a1cfd28379bdef12c1ff47d2716a4,-0.45603735804148504,0.056532236750155555,0.45603735804148504,1,Selected_for_fixed_k,True,810,0.0,12,Tsol;Tage;tage;Zn;Mg;Cu;Zr;Ti;Fe;Li;Si;Mn,Zn;Tage;Mg;Tsol;tage;Cu;Zr;Ti;Fe;Li;Si;Mn;Cr;Sc;Be;Ni;V,b1f269a4062acb1ff8fd84f7260f20811e98f259a5aa3e4924b6f142d93d9f73,False,False,Selected,0.8494153907236796,46.883064092892894,34.986810367713915,0.3844424604551805,0.9043870368305429,33.066655796745685,25.677735329867797,0.30633699211879906,0.659588391482409,4.177378827608101,2.851710803381556,0.57802049257906,0.8044636063455438,28.042366239082224,21.172085500321092,0.4229333150510131
R02_F05_k13_RegressorChain_ET_Physics,2,5,R02_F05,13,RegressorChain_ET_Physics,reduced physics-retained regressor chain,2,0.0,"{""model__base_estimator__max_depth"": null, ""model__base_estimator__max_features"": 1.0, ""model__base_estimator__min_samples_leaf"": 1, ""model__base_estimator__n_estimators"": 800, ""selector__alpha"": 0.0, ""selector__n_features"": 13}",1065,1a713580b5318ea3dce9457331c6c510a31a1cfd28379bdef12c1ff47d2716a4,-0.4575449568397204,0.04035697356864625,0.4575449568397204,1,Selected_for_fixed_k,True,1000,0.0,13,Tsol;Tage;tage;Zn;Mg;Cu;Zr;Ti;Fe;Li;Si;Mn;Cr,Zn;Tage;Mg;Tsol;tage;Cu;Zr;Ti;Fe;Li;Si;Mn;Cr;Sc;Be;Ni;V,b1f269a4062acb1ff8fd84f7260f20811e98f259a5aa3e4924b6f142d93d9f73,False,False,Selected,0.8444465997591759,47.65027911605897,35.5246493634261,0.39073364548992434,0.9006500293457357,33.70666287598777,26.786007407407304,0.3122661627248285,0.653314202215526,4.215700077901651,2.8259252314814733,0.5833229726473105,0.7994702771068125,28.52421402331613,21.71219400077163,0.4287742602873544
R02_F05_k14_Native_RF_Physics,2,5,R02_F05,14,Native_RF_Physics,reduced physics-retained RandomForest,6,0.0,"{""model__max_depth"": 14, ""model__max_features"": 0.7, ""model__min_samples_leaf"": 1, ""model__n_estimators"": 300, ""selector__alpha"": 0.0, ""selector__n_features"": 14}",1066,1a713580b5318ea3dce9457331c6c510a31a1cfd28379bdef12c1ff47d2716a4,-0.4736670456158761,0.03532872446747692,0.4736670456158761,1,Selected_for_fixed_k,True,610,0.0,14,Tsol;Tage;tage;Zn;Mg;Cu;Zr;Ti;Fe;Li;Si;Mn;Cr;Sc,Zn;Tage;Mg;Tsol;tage;Cu;Zr;Ti;Fe;Li;Si;Mn;Cr;Sc;Be;Ni;V,b1f269a4062acb1ff8fd84f7260f20811e98f259a5aa3e4924b6f142d93d9f73,False,False,Selected,0.8449098053301561,47.57927992677478,36.90386134873865,0.39015145011624625,0.858328873466211,40.2506186143573,30.501037205008583,0.3728908515283442,0.7712459956311953,3.4244121792219833,2.4213345241658235,0.4738331131344829,0.8248282248091875,30.418103573451358,23.27541102597102,0.41229180492635775
R02_F05_k15_Native_ET_Physics,2,5,R02_F05,15,Native_ET_Physics,reduced physics-retained ExtraTrees,5,0.0,"{""model__max_depth"": null, ""model__max_features"": 1.0, ""model__min_samples_leaf"": 1, ""model__n_estimators"": 800, ""selector__alpha"": 0.0, ""selector__n_features"": 15}",1067,1a713580b5318ea3dce9457331c6c510a31a1cfd28379bdef12c1ff47d2716a4,-0.455526197898362,0.03453125921335758,0.455526197898362,1,Selected_for_fixed_k,True,1000,0.0,15,Tsol;Tage;tage;Zn;Mg;Cu;Zr;Ti;Fe;Li;Si;Mn;Cr;Sc;Be,Zn;Tage;Mg;Tsol;tage;Cu;Zr;Ti;Fe;Li;Si;Mn;Cr;Sc;Be;Ni;V,b1f269a4062acb1ff8fd84f7260f20811e98f259a5aa3e4924b6f142d93d9f73,False,False,Selected,0.836467765991341,48.85706560527954,35.64285329861137,0.40062932906215815,0.8845919354776556,36.328708987235714,27.644199537037238,0.33655739204822266,0.6940351242152178,3.9603855472100546,2.7489421296296204,0.5479953098034193,0.8050316085614048,29.71538671324177,22.01199832175941,0.42839401030460006
R02_F05_k16_Native_ET_Physics,2,5,R02_F05,16,Native_ET_Physics,reduced physics-retained ExtraTrees,5,0.75,"{""model__max_depth"": 14, ""model__max_features"": 1.0, ""model__min_samples_leaf"": 1, ""model__n_estimators"": 800, ""selector__alpha"": 0.75, ""selector__n_features"": 16}",1068,1a713580b5318ea3dce9457331c6c510a31a1cfd28379bdef12c1ff47d2716a4,-0.44847850905100906,0.03889463990179171,0.44847850905100906,1,Selected_for_fixed_k,True,1140,0.75,16,Tsol;Tage;tage;Zn;Mg;Ti;Si;Cu;Sc;Fe;Zr;Li;Be;Cr;V;Ni,Zn;Mg;Tsol;Tage;Ti;Si;Cu;Sc;Fe;Zr;Li;Be;Cr;V;Ni;Mn;tage,b1f269a4062acb1ff8fd84f7260f20811e98f259a5aa3e4924b6f142d93d9f73,False,False,Selected,0.8405307958568679,48.246310545342894,35.567584463065025,0.39562112018075335,0.8828097454657902,36.60813754843373,27.69791284269704,0.3391460815569424,0.6921492130767394,3.972572340295831,2.7497430405058707,0.5496815863976905,0.8051632514664658,29.609006811357485,22.005080115422647,0.42814959604512876
R02_F05_k17_Native_RF_Physics,2,5,R02_F05,17,Native_RF_Physics,reduced physics-retained RandomForest,22,0.75,"{""model__max_depth"": null, ""model__max_features"": ""sqrt"", ""model__min_samples_leaf"": 1, ""model__n_estimators"": 300, ""selector__alpha"": 0.75, ""selector__n_features"": 17}",1069,1a713580b5318ea3dce9457331c6c510a31a1cfd28379bdef12c1ff47d2716a4,-0.4781438995627084,0.04596900024759242,0.4781438995627084,1,Selected_for_fixed_k,True,450,0.75,17,Tsol;Tage;tage;Zn;Mg;Ti;Si;Cu;Sc;Fe;Zr;Li;Be;Cr;V;Ni;Mn,Zn;Mg;Tsol;Tage;Ti;Si;Cu;Sc;Fe;Zr;Li;Be;Cr;V;Ni;Mn;tage,b1f269a4062acb1ff8fd84f7260f20811e98f259a5aa3e4924b6f142d93d9f73,False,False,Selected,0.8498945290746122,46.80841711706092,36.32267448535176,0.3838303531279477,0.8659449777669751,39.15375602360262,29.366134589702096,0.36272926794139765,0.7730166657423818,3.411133103341069,2.4651300947971757,0.47199569826299625,0.8296187241946563,29.79110208133487,22.717979723283676,0.40618510644411393
R03_F01_k03_Independent_ET_Physics,3,1,R03_F01,3,Independent_ET_Physics,reduced physics-retained independent ET,6,0.25,"{""model__estimator__max_depth"": 14, ""model__estimator__max_features"": 1.0, ""model__estimator__min_samples_leaf"": 2, ""model__estimator__n_estimators"": 300, ""selector__alpha"": 0.25, ""selector__n_features"": 3}",1056,a5740bb33d8d4d54aa1fbe6e73b5a63c6e9dd671302a1881a565e996a38c34dc,-0.6024715462107257,0.07012276983418639,0.6024715462107257,1,Selected_for_fixed_k,True,740,0.25,3,Tsol;Tage;tage,Zn;Tsol;Mg;Tage;Cu;Fe;Ti;Zr;Si;tage;Sc;Li;Cr;Mn;Be;Ni;V,7dc91ffa0df47feeebc4b34dfb893690c09cb27e397c048c31b4ac3581613442,False,False,Selected,0.8074001809826553,56.04890475557839,41.08725419330617,0.4347794333937712,0.7475727133255088,57.489383610509336,42.47322123198691,0.4977476341396614,0.5233057202798267,5.070473090547507,3.7092396885537964,0.6840077542495431,0.6927595381959969,39.536253818878414,29.089905037948956,0.5388449405943252
R03_F01_k04_Native_ET_Physics,3,1,R03_F01,4,Native_ET_Physics,reduced physics-retained ExtraTrees,15,0.0,"{""model__max_depth"": null, ""model__max_features"": 1.0, ""model__min_samples_leaf"": 2, ""model__n_estimators"": 800, ""selector__alpha"": 0.0, ""selector__n_features"": 4}",1057,a5740bb33d8d4d54aa1fbe6e73b5a63c6e9dd671302a1881a565e996a38c34dc,-0.5183911957414985,0.05766403287623877,0.5183911957414985,1,Selected_for_fixed_k,True,1100,0.0,4,Tsol;Tage;tage;Zn,Zn;Tsol;Tage;Mg;Cu;tage;Zr;Fe;Ti;Si;Li;Mn;Sc;Cr;Be;Ni;V,7dc91ffa0df47feeebc4b34dfb893690c09cb27e397c048c31b4ac3581613442,False,False,Selected,0.8625051201525362,47.356811732257015,34.832881047943644,0.36735361488463264,0.8437767720045158,45.22642987111391,31.36397082798769,0.3915740099327674,0.5823382518894457,4.746143477210347,3.130311499862591,0.6402556296462313,0.7628733813488325,32.44312836019376,23.10905445859797,0.4663944181545438
R03_F01_k05_Native_RF_Physics,3,1,R03_F01,5,Native_RF_Physics,reduced physics-retained RandomForest,22,0.75,"{""model__max_depth"": null, ""model__max_features"": ""sqrt"", ""model__min_samples_leaf"": 1, ""model__n_estimators"": 800, ""selector__alpha"": 0.75, ""selector__n_features"": 5}",1058,a5740bb33d8d4d54aa1fbe6e73b5a63c6e9dd671302a1881a565e996a38c34dc,-0.506261423513817,0.056363777241501926,0.506261423513817,1,Selected_for_fixed_k,True,950,0.75,5,Tsol;Tage;tage;Zn;Mg,Zn;Mg;Tsol;Tage;Fe;Ti;Si;Sc;Cu;Zr;Cr;Li;Be;Ni;Mn;V;tage,7dc91ffa0df47feeebc4b34dfb893690c09cb27e397c048c31b4ac3581613442,False,False,Selected,0.8955783141105125,41.270007089996916,31.954882497060478,0.3201373938883244,0.8820374832508122,39.29990653880464,29.202378967059584,0.34026170178008125,0.7138266047094518,3.9286481950061636,2.519868831845236,0.5299753654372558,0.8304808006902588,28.166187274602574,21.2257100986551,0.3967914870352205
R03_F01_k06_Native_ET_Physics,3,1,R03_F01,6,Native_ET_Physics,reduced physics-retained ExtraTrees,13,0.25,"{""model__max_depth"": 10, ""model__max_features"": 0.7, ""model__min_samples_leaf"": 1, ""model__n_estimators"": 500, ""selector__alpha"": 0.25, ""selector__n_features"": 6}",1059,a5740bb33d8d4d54aa1fbe6e73b5a63c6e9dd671302a1881a565e996a38c34dc,-0.4740914975658691,0.04102362436206513,0.4740914975658691,1,Selected_for_fixed_k,True,770,0.25,6,Tsol;Tage;tage;Zn;Mg;Cu,Zn;Tsol;Mg;Tage;Cu;Fe;Ti;Zr;Si;tage;Sc;Li;Cr;Mn;Be;Ni;V,7dc91ffa0df47feeebc4b34dfb893690c09cb27e397c048c31b4ac3581613442,False,False,Selected,0.899503352567358,40.486942431499706,27.495635071025298,0.3140630484570121,0.9079956290560018,34.70753200801199,22.765647586822737,0.3005005595616871,0.7328838940137786,3.795583495103959,2.4698266352694436,0.5120249129006527,0.8467942918790462,26.33001931153855,17.577036431039158,0.37552950697311727
R03_F01_k07_Native_RF_Physics,3,1,R03_F01,7,Native_RF_Physics,reduced physics-retained RandomForest,9,0.25,"{""model__max_depth"": null, ""model__max_features"": ""sqrt"", ""model__min_samples_leaf"": 1, ""model__n_estimators"": 800, ""selector__alpha"": 0.25, ""selector__n_features"": 7}",1060,a5740bb33d8d4d54aa1fbe6e73b5a63c6e9dd671302a1881a565e996a38c34dc,-0.4812350210666868,0.031492727540420526,0.4812350210666868,1,Selected_for_fixed_k,True,950,0.25,7,Tsol;Tage;tage;Zn;Mg;Cu;Fe,Zn;Tsol;Mg;Tage;Cu;Fe;Ti;Zr;Si;tage;Sc;Li;Cr;Mn;Be;Ni;V,7dc91ffa0df47feeebc4b34dfb893690c09cb27e397c048c31b4ac3581613442,False,False,Selected,0.8954146846441605,41.30232961838315,30.054114183752223,0.3203881244001676,0.9035397411580774,35.53805983037866,25.63835712549575,0.307691335192035,0.7555189766939834,3.6312076888764784,2.3416420888447895,0.48985058635108086,0.8514911341654071,26.823865712546095,19.344704466030922,0.37264334864776116
R03_F01_k08_Native_ET_Physics,3,1,R03_F01,8,Native_ET_Physics,reduced physics-retained ExtraTrees,18,0.25,"{""model__max_depth"": 10, ""model__max_features"": 1.0, ""model__min_samples_leaf"": 1, ""model__n_estimators"": 500, ""selector__alpha"": 0.25, ""selector__n_features"": 8}",1061,a5740bb33d8d4d54aa1fbe6e73b5a63c6e9dd671302a1881a565e996a38c34dc,-0.481711220491923,0.07305693178884444,0.481711220491923,1,Selected_for_fixed_k,True,800,0.25,8,Tsol;Tage;tage;Zn;Mg;Cu;Fe;Ti,Zn;Tsol;Mg;Tage;Cu;Fe;Ti;Zr;Si;tage;Sc;Li;Cr;Mn;Be;Ni;V,7dc91ffa0df47feeebc4b34dfb893690c09cb27e397c048c31b4ac3581613442,False,False,Selected,0.8980254869157093,40.78354879003567,26.884204124146915,0.3163638667346863,0.9011833008150977,35.969522632017316,22.87279687399729,0.3114269742830698,0.7215607778024509,3.8751963993846115,2.399376099412766,0.5227647083583608,0.8402565218444193,26.87608927381253,17.38545903251899,0.3835185164587056
R03_F01_k09_Native_ET_Physics,3,1,R03_F01,9,Native_ET_Physics,reduced physics-retained ExtraTrees,12,0.75,"{""model__max_depth"": null, ""model__max_features"": 0.7, ""model__min_samples_leaf"": 1, ""model__n_estimators"": 800, ""selector__alpha"": 0.75, ""selector__n_features"": 9}",1062,a5740bb33d8d4d54aa1fbe6e73b5a63c6e9dd671302a1881a565e996a38c34dc,-0.4772606598012648,0.045345113414401,0.4772606598012648,1,Selected_for_fixed_k,True,970,0.75,9,Tsol;Tage;tage;Zn;Mg;Fe;Ti;Si;Sc,Zn;Mg;Tsol;Tage;Fe;Ti;Si;Sc;Cu;Zr;Cr;Li;Be;Ni;Mn;V;tage,7dc91ffa0df47feeebc4b34dfb893690c09cb27e397c048c31b4ac3581613442,False,False,Selected,0.8858963072157224,43.140884311568776,27.985856404321154,0.3346500581748352,0.8677054841511939,41.618883309922104,25.45807445987626,0.3603395862338214,0.6696403243001201,4.2210648799774075,2.485485879629618,0.5694224301234189,0.807747371889012,29.66027750048943,18.64313891460901,0.4214706915106918
R03_F01_k10_Native_ET_Physics,3,1,R03_F01,10,Native_ET_Physics,reduced physics-retained ExtraTrees,10,1.0,"{""model__max_depth"": 10, ""model__max_features"": 0.7, ""model__min_samples_leaf"": 1, ""model__n_estimators"": 500, ""selector__alpha"": 1.0, ""selector__n_features"": 10}",1063,a5740bb33d8d4d54aa1fbe6e73b5a63c6e9dd671302a1881a565e996a38c34dc,-0.4651199418100533,0.0351212418009266,0.4651199418100533,1,Selected_for_fixed_k,True,770,1.0,10,Tsol;Tage;tage;Zn;Mg;Ti;Fe;Si;Sc;Cu,Zn;Mg;Tsol;Ti;Fe;Si;Tage;Sc;Cu;Zr;Cr;Li;Be;Ni;V;Mn;tage,7dc91ffa0df47feeebc4b34dfb893690c09cb27e397c048c31b4ac3581613442,False,False,Selected,0.8989688744385602,40.594461888550995,26.15431763672107,0.31489709238381897,0.8986207661714319,36.43292208857489,23.229322334186154,0.3154391234604872,0.7303676139128052,3.8134191176941155,2.3645874773081164,0.5144309416746301,0.8426524181742657,26.946934364939995,17.249409149405114,0.38158905250631214
R03_F01_k11_Native_ET_Physics,3,1,R03_F01,11,Native_ET_Physics,reduced physics-retained ExtraTrees,19,0.0,"{""model__max_depth"": 14, ""model__max_features"": 0.7, ""model__min_samples_leaf"": 1, ""model__n_estimators"": 500, ""selector__alpha"": 0.0, ""selector__n_features"": 11}",1064,a5740bb33d8d4d54aa1fbe6e73b5a63c6e9dd671302a1881a565e996a38c34dc,-0.4664060586167385,0.01836805974788936,0.4664060586167385,1,Selected_for_fixed_k,True,810,0.0,11,Tsol;Tage;tage;Zn;Mg;Cu;Zr;Fe;Ti;Si;Li,Zn;Tsol;Tage;Mg;Cu;tage;Zr;Fe;Ti;Si;Li;Mn;Sc;Cr;Be;Ni;V,7dc91ffa0df47feeebc4b34dfb893690c09cb27e397c048c31b4ac3581613442,False,False,Selected,0.8974337948876229,40.90169790680646,26.45508373914482,0.31728036646415636,0.9013638429645445,35.936648715439276,22.797376898849002,0.31114234931104917,0.7458128231822425,3.7025875013156884,2.1943286900851384,0.4994797362022687,0.8482034870114701,26.846978041187143,17.148929776026318,0.3759674839924914
R03_F01_k12_Native_RF_Physics,3,1,R03_F01,12,Native_RF_Physics,reduced physics-retained RandomForest,7,0.25,"{""model__max_depth"": null, ""model__max_features"": ""sqrt"", ""model__min_samples_leaf"": 1, ""model__n_estimators"": 300, ""selector__alpha"": 0.25, ""selector__n_features"": 12}",1065,a5740bb33d8d4d54aa1fbe6e73b5a63c6e9dd671302a1881a565e996a38c34dc,-0.45993978345719133,0.04624718821958221,0.45993978345719133,1,Selected_for_fixed_k,True,450,0.25,12,Tsol;Tage;tage;Zn;Mg;Cu;Fe;Ti;Zr;Si;Sc;Li,Zn;Tsol;Mg;Tage;Cu;Fe;Ti;Zr;Si;tage;Sc;Li;Cr;Mn;Be;Ni;V,7dc91ffa0df47feeebc4b34dfb893690c09cb27e397c048c31b4ac3581613442,False,False,Selected,0.8855256107161386,43.210904863709736,31.372995448265737,0.3351932176909493,0.8996326357557961,36.25064700664973,26.079371249265225,0.3138609713723462,0.7714950775463282,3.5105591264761724,2.2663356922398634,0.4735750730514021,0.8522177746727543,27.657370332278546,19.906234129923607,0.37420975403823253
R03_F01_k13_RegressorChain_ET_Physics,3,1,R03_F01,13,RegressorChain_ET_Physics,reduced physics-retained regressor chain,6,0.0,"{""model__base_estimator__max_depth"": 14, ""model__base_estimator__max_features"": 0.7, ""model__base_estimator__min_samples_leaf"": 1, ""model__base_estimator__n_estimators"": 300, ""selector__alpha"": 0.0, ""selector__n_features"": 13}",1066,a5740bb33d8d4d54aa1fbe6e73b5a63c6e9dd671302a1881a565e996a38c34dc,-0.4474692410746662,0.030776317925586032,0.4474692410746662,1,Selected_for_fixed_k,True,610,0.0,13,Tsol;Tage;tage;Zn;Mg;Cu;Zr;Fe;Ti;Si;Li;Mn;Sc,Zn;Tsol;Tage;Mg;Cu;tage;Zr;Fe;Ti;Si;Li;Mn;Sc;Cr;Be;Ni;V,7dc91ffa0df47feeebc4b34dfb893690c09cb27e397c048c31b4ac3581613442,False,False,Selected,0.8990845701804479,40.5712118667971,26.077886440761645,0.31471673861368493,0.8998792150713247,36.20608991081987,23.253246324188655,0.3134751925095269,0.6588486089122878,4.289454695468246,2.4515754213046392,0.5786482288353054,0.8192707980546867,27.022252157695075,17.260902728751645,0.4022800533195057
R03_F01_k14_Independent_ET_Physics,3,1,R03_F01,14,Independent_ET_Physics,reduced physics-retained independent ET,5,0.0,"{""model__estimator__max_depth"": null, ""model__estimator__max_features"": 1.0, ""model__estimator__min_samples_leaf"": 1, ""model__estimator__n_estimators"": 800, ""selector__alpha"": 0.0, ""selector__n_features"": 14}",1067,a5740bb33d8d4d54aa1fbe6e73b5a63c6e9dd671302a1881a565e996a38c34dc,-0.4498237364661007,0.032788990748314095,0.4498237364661007,1,Selected_for_fixed_k,True,1000,0.0,14,Tsol;Tage;tage;Zn;Mg;Cu;Zr;Fe;Ti;Si;Li;Mn;Sc;Cr,Zn;Tsol;Tage;Mg;Cu;tage;Zr;Fe;Ti;Si;Li;Mn;Sc;Cr;Be;Ni;V,7dc91ffa0df47feeebc4b34dfb893690c09cb27e397c048c31b4ac3581613442,False,False,Selected,0.89987073097697,40.412872065548115,26.78093707561746,0.313488473951406,0.9079293131805294,34.72003818430922,22.42900692515397,0.3006088390260531,0.6711145403311067,4.211636187998035,2.429821990740745,0.5681504978379791,0.826304861496202,26.44818214595179,17.213255330504058,0.3940826036051461
R03_F01_k15_RegressorChain_ET_Physics,3,1,R03_F01,15,RegressorChain_ET_Physics,reduced physics-retained regressor chain,21,0.25,"{""model__base_estimator__max_depth"": 10, ""model__base_estimator__max_features"": 1.0, ""model__base_estimator__min_samples_leaf"": 1, ""model__base_estimator__n_estimators"": 300, ""selector__alpha"": 0.25, ""selector__n_features"": 15}",1068,a5740bb33d8d4d54aa1fbe6e73b5a63c6e9dd671302a1881a565e996a38c34dc,-0.46560798194833436,0.06211379534473706,0.46560798194833436,1,Selected_for_fixed_k,True,600,0.25,15,Tsol;Tage;tage;Zn;Mg;Cu;Fe;Ti;Zr;Si;Sc;Li;Cr;Mn;Be,Zn;Tsol;Mg;Tage;Cu;Fe;Ti;Zr;Si;tage;Sc;Li;Cr;Mn;Be;Ni;V,7dc91ffa0df47feeebc4b34dfb893690c09cb27e397c048c31b4ac3581613442,False,False,Selected,0.8968681991496287,41.014317950929986,26.66943946515743,0.3181539763801099,0.890233434469978,37.91006600883247,24.64787229171073,0.328228352452283,0.6709809926995566,4.212491192278735,2.4871352155553725,0.5682658380729969,0.8193608754397211,27.71229171734706,17.934815657474513,0.4048827223017966
R03_F01_k16_RegressorChain_ET_Physics,3,1,R03_F01,16,RegressorChain_ET_Physics,reduced physics-retained regressor chain,21,0.75,"{""model__base_estimator__max_depth"": 10, ""model__base_estimator__max_features"": 1.0, ""model__base_estimator__min_samples_leaf"": 1, ""model__base_estimator__n_estimators"": 800, ""selector__alpha"": 0.75, ""selector__n_features"": 16}",1069,a5740bb33d8d4d54aa1fbe6e73b5a63c6e9dd671302a1881a565e996a38c34dc,-0.4584251841684833,0.03822000195449466,0.4584251841684833,1,Selected_for_fixed_k,True,1100,0.75,16,Tsol;Tage;tage;Zn;Mg;Fe;Ti;Si;Sc;Cu;Zr;Cr;Li;Be;Ni;Mn,Zn;Mg;Tsol;Tage;Fe;Ti;Si;Sc;Cu;Zr;Cr;Li;Be;Ni;Mn;V;tage,7dc91ffa0df47feeebc4b34dfb893690c09cb27e397c048c31b4ac3581613442,False,False,Selected,0.9014389448303917,40.09515210196071,27.072687149841656,0.3110238743959138,0.8973948152330621,36.6525467265637,23.993292733435393,0.31734065096160524,0.6521448024723128,4.331394696073379,2.5609103270969427,0.5843059426452103,0.8169928541785888,27.02636450819926,17.875630070124664,0.40422348933424307
R03_F01_k17_RegressorChain_ET_Physics,3,1,R03_F01,17,RegressorChain_ET_Physics,reduced physics-retained regressor chain,6,0.0,"{""model__base_estimator__max_depth"": null, ""model__base_estimator__max_features"": 1.0, ""model__base_estimator__min_samples_leaf"": 1, ""model__base_estimator__n_estimators"": 500, ""selector__alpha"": 0.0, ""selector__n_features"": 17}",1070,a5740bb33d8d4d54aa1fbe6e73b5a63c6e9dd671302a1881a565e996a38c34dc,-0.4678484924975555,0.0841874654743376,0.4678484924975555,1,Selected_for_fixed_k,True,700,0.0,17,Tsol;Tage;tage;Zn;Mg;Cu;Zr;Fe;Ti;Si;Li;Mn;Sc;Cr;Be;Ni;V,Zn;Tsol;Tage;Mg;Cu;tage;Zr;Fe;Ti;Si;Li;Mn;Sc;Cr;Be;Ni;V,7dc91ffa0df47feeebc4b34dfb893690c09cb27e397c048c31b4ac3581613442,False,False,Selected,0.9027763310394341,39.8221951453654,26.853492654321187,0.3089065079380512,0.9071993782679282,34.85739642823311,22.63882777777774,0.3017980975751776,0.6752318959076463,4.185190173849806,2.426337037037041,0.5645829256561832,0.8284025350716696,26.288260582482774,17.306219156378656,0.391762510389804
R03_F02_k03_Independent_ET_Physics,3,2,R03_F02,3,Independent_ET_Physics,reduced physics-retained independent ET,10,0.75,"{""model__estimator__max_depth"": 10, ""model__estimator__max_features"": 0.7, ""model__estimator__min_samples_leaf"": 1, ""model__estimator__n_estimators"": 800, ""selector__alpha"": 0.75, ""selector__n_features"": 3}",1057,514c96dd5c3c4ea9b46e58ffbc983676d2cd96baf4d0e63aa28ada055f4670d4,-0.5432951764090539,0.06603980642624678,0.5432951764090539,1,Selected_for_fixed_k,True,1070,0.75,3,Tsol;Tage;tage,Zn;Mg;Tsol;Tage;Ti;Fe;Si;Sc;Zr;Cu;Li;Cr;Be;Ni;tage;Mn;V,b528fbb246aed2b52ed7495eeac61b07c9f7821f80a42e551766ddf58c1b6025,False,False,Selected,0.7717436394807206,54.830639168930574,38.595622154356484,0.4733174314136692,0.6163157653749475,58.08952902706521,45.040806002979565,0.6136603058866402,0.48741708790217764,5.538944593014871,3.426729242947545,0.709288824068068,0.6251588309192818,39.48637092967022,29.021052466761194,0.5987555204561258
R03_F02_k04_Native_ET_Physics,3,2,R03_F02,4,Native_ET_Physics,reduced physics-retained ExtraTrees,6,0.25,"{""model__max_depth"": 14, ""model__max_features"": 0.7, ""model__min_samples_leaf"": 1, ""model__n_estimators"": 800, ""selector__alpha"": 0.25, ""selector__n_features"": 4}",1058,514c96dd5c3c4ea9b46e58ffbc983676d2cd96baf4d0e63aa28ada055f4670d4,-0.47583375686757395,0.04547591442977567,0.47583375686757395,1,Selected_for_fixed_k,True,1110,0.25,4,Tsol;Tage;tage;Zn,Zn;Mg;Tsol;Tage;Cu;Ti;Fe;tage;Zr;Si;Sc;Li;Cr;Mn;Be;Ni;V,b528fbb246aed2b52ed7495eeac61b07c9f7821f80a42e551766ddf58c1b6025,False,False,Selected,0.8107815552483499,49.92218653340763,36.744307640997334,0.4309459356792582,0.648209590196849,55.62280370710497,40.36063212692998,0.5876017125439427,0.5674666702387783,5.088089571459335,3.2845815656948236,0.6515546433601421,0.6754859385613257,36.87769327065731,26.796507111207376,0.5567007638611142
R03_F02_k05_Native_ET_Physics,3,2,R03_F02,5,Native_ET_Physics,reduced physics-retained ExtraTrees,8,1.0,"{""model__max_depth"": null, ""model__max_features"": 1.0, ""model__min_samples_leaf"": 1, ""model__n_estimators"": 800, ""selector__alpha"": 1.0, ""selector__n_features"": 5}",1059,514c96dd5c3c4ea9b46e58ffbc983676d2cd96baf4d0e63aa28ada055f4670d4,-0.46653670612397324,0.03529374232180206,0.46653670612397324,1,Selected_for_fixed_k,True,1000,1.0,5,Tsol;Tage;tage;Zn;Mg,Zn;Mg;Tsol;Ti;Sc;Fe;Si;Tage;Zr;Li;Cu;Be;Cr;Ni;V;Mn;tage,b528fbb246aed2b52ed7495eeac61b07c9f7821f80a42e551766ddf58c1b6025,False,False,Selected,0.80960417718429,50.07726163185318,37.19410501543235,0.43228459866741575,0.681339151869166,52.93893887144785,38.81625671296339,0.5592492479329733,0.6022524959494255,4.879200786197337,3.182553549382717,0.6248054173349646,0.6977319416676272,35.96513376316613,26.39763842592615,0.5387797546451178
R03_F02_k06_Native_ET_Physics,3,2,R03_F02,6,Native_ET_Physics,reduced physics-retained ExtraTrees,9,0.25,"{""model__max_depth"": null, ""model__max_features"": ""sqrt"", ""model__min_samples_leaf"": 1, ""model__n_estimators"": 800, ""selector__alpha"": 0.25, ""selector__n_features"": 6}",1060,514c96dd5c3c4ea9b46e58ffbc983676d2cd96baf4d0e63aa28ada055f4670d4,-0.438435051062506,0.07306975212280419,0.438435051062506,1,Selected_for_fixed_k,True,950,0.25,6,Tsol;Tage;tage;Zn;Mg;Cu,Zn;Mg;Tsol;Tage;Cu;Ti;Fe;tage;Zr;Si;Sc;Li;Cr;Mn;Be;Ni;V,b528fbb246aed2b52ed7495eeac61b07c9f7821f80a42e551766ddf58c1b6025,False,False,Selected,0.7932400099203647,52.184931259970995,39.491694521605176,0.4504787468621099,0.7546131284228387,46.45543595010478,35.347752623457275,0.49075724167011364,0.6816118769011125,4.36539340703294,2.8001080632716144,0.5590098807223396,0.7431550050814386,34.33525353903624,25.879851736111352,0.5000819564181876
R03_F02_k07_Native_RF_Physics,3,2,R03_F02,7,Native_RF_Physics,reduced physics-retained RandomForest,18,0.25,"{""model__max_depth"": 10, ""model__max_features"": 1.0, ""model__min_samples_leaf"": 1, ""model__n_estimators"": 500, ""selector__alpha"": 0.25, ""selector__n_features"": 7}",1061,514c96dd5c3c4ea9b46e58ffbc983676d2cd96baf4d0e63aa28ada055f4670d4,-0.4675266980049055,0.024809738806187427,0.4675266980049055,1,Selected_for_fixed_k,True,800,0.25,7,Tsol;Tage;tage;Zn;Mg;Cu;Ti,Zn;Mg;Tsol;Tage;Cu;Ti;Fe;tage;Zr;Si;Sc;Li;Cr;Mn;Be;Ni;V,b528fbb246aed2b52ed7495eeac61b07c9f7821f80a42e551766ddf58c1b6025,False,False,Selected,0.8119986159285213,49.761376772338615,36.859784183672915,0.42955776905911486,0.7551390180730668,46.40562982948439,36.196757554282605,0.49023108765015777,0.5639958958701252,5.10846294457271,3.3332544166643507,0.6541635529845694,0.7103778432905711,33.75848984879857,25.463265384873285,0.5246508032312808
R03_F02_k08_Native_ET_Physics,3,2,R03_F02,8,Native_ET_Physics,reduced physics-retained ExtraTrees,12,0.75,"{""model__max_depth"": null, ""model__max_features"": 0.7, ""model__min_samples_leaf"": 1, ""model__n_estimators"": 800, ""selector__alpha"": 0.75, ""selector__n_features"": 8}",1062,514c96dd5c3c4ea9b46e58ffbc983676d2cd96baf4d0e63aa28ada055f4670d4,-0.4455683817084995,0.05321856018469822,0.4455683817084995,1,Selected_for_fixed_k,True,970,0.75,8,Tsol;Tage;tage;Zn;Mg;Ti;Fe;Si,Zn;Mg;Tsol;Tage;Ti;Fe;Si;Sc;Zr;Cu;Li;Cr;Be;Ni;tage;Mn;V,b528fbb246aed2b52ed7495eeac61b07c9f7821f80a42e551766ddf58c1b6025,False,False,Selected,0.8219523656106374,48.4261528326865,36.882987345679346,0.4180316447049729,0.7369499417051282,48.098339029340686,35.44055262345727,0.508112941105657,0.6612713894510422,4.502678090930938,2.878221952160498,0.5765898529299269,0.7400578989222693,33.67572331765271,25.067253973765705,0.5009114795801856
R03_F02_k09_Native_ET_Physics,3,2,R03_F02,9,Native_ET_Physics,reduced physics-retained ExtraTrees,12,0.5,"{""model__max_depth"": null, ""model__max_features"": 0.7, ""model__min_samples_leaf"": 1, ""model__n_estimators"": 800, ""selector__alpha"": 0.5, ""selector__n_features"": 9}",1063,514c96dd5c3c4ea9b46e58ffbc983676d2cd96baf4d0e63aa28ada055f4670d4,-0.43103652352127186,0.08165942258358425,0.43103652352127186,1,Selected_for_fixed_k,True,970,0.5,9,Tsol;Tage;tage;Zn;Mg;Ti;Fe;Cu;Si,Zn;Mg;Tsol;Tage;Ti;Fe;Cu;Si;Sc;Zr;Li;Cr;tage;Be;Mn;Ni;V,b528fbb246aed2b52ed7495eeac61b07c9f7821f80a42e551766ddf58c1b6025,False,False,Selected,0.8288334153142459,47.481163986079665,35.98604513888922,0.40987416741909877,0.7987573788815753,42.06984003302675,33.20712600308699,0.44442761605522213,0.7096909648115877,4.168456128170428,2.723958873456795,0.5337911032830938,0.7790939196691363,31.239820049092284,23.972376671811002,0.46269762891913824
R03_F02_k10_Native_RF_Physics,3,2,R03_F02,10,Native_RF_Physics,reduced physics-retained RandomForest,19,0.0,"{""model__max_depth"": 14, ""model__max_features"": 0.7, ""model__min_samples_leaf"": 1, ""model__n_estimators"": 500, ""selector__alpha"": 0.0, ""selector__n_features"": 10}",1064,514c96dd5c3c4ea9b46e58ffbc983676d2cd96baf4d0e63aa28ada055f4670d4,-0.45076141989600044,0.04208968841420388,0.45076141989600044,1,Selected_for_fixed_k,True,810,0.0,10,Tsol;Tage;tage;Zn;Mg;Cu;Ti;Fe;Zr;Cr,Zn;Mg;Tsol;Tage;Cu;tage;Ti;Fe;Zr;Cr;Mn;Si;Li;Sc;Ni;Be;V,b528fbb246aed2b52ed7495eeac61b07c9f7821f80a42e551766ddf58c1b6025,False,False,Selected,0.8010487218300025,51.19001198389465,37.415793943894556,0.4418902524846225,0.7655236223700336,45.410933129523144,34.63793426553439,0.47972306853920493,0.6105015044957971,4.828340073212284,3.0833374797897517,0.6182924553981499,0.7256912828986111,33.809761728876694,25.0456885630729,0.5133019254739924
R03_F02_k11_Native_RF_Physics,3,2,R03_F02,11,Native_RF_Physics,reduced physics-retained RandomForest,12,0.0,"{""model__max_depth"": 14, ""model__max_features"": 0.7, ""model__min_samples_leaf"": 1, ""model__n_estimators"": 800, ""selector__alpha"": 0.0, ""selector__n_features"": 11}",1065,514c96dd5c3c4ea9b46e58ffbc983676d2cd96baf4d0e63aa28ada055f4670d4,-0.43857425027288305,0.10572387825228777,0.43857425027288305,1,Selected_for_fixed_k,True,1110,0.0,11,Tsol;Tage;tage;Zn;Mg;Cu;Ti;Fe;Zr;Cr;Mn,Zn;Mg;Tsol;Tage;Cu;tage;Ti;Fe;Zr;Cr;Mn;Si;Li;Sc;Ni;Be;V,b528fbb246aed2b52ed7495eeac61b07c9f7821f80a42e551766ddf58c1b6025,False,False,Selected,0.807872282849835,50.30450451345785,36.60157035820535,0.4342462394335717,0.7881148122425389,43.16792533567277,32.69380728023224,0.45602783685228554,0.6352891110013972,4.6721773944621985,2.9690978467706746,0.598295064033439,0.7437587353645904,32.714869081197605,24.088158495069425,0.4961897134397654
R03_F02_k12_Native_ET_Physics,3,2,R03_F02,12,Native_ET_Physics,reduced physics-retained ExtraTrees,2,0.75,"{""model__max_depth"": 14, ""model__max_features"": 0.7, ""model__min_samples_leaf"": 1, ""model__n_estimators"": 300, ""selector__alpha"": 0.75, ""selector__n_features"": 12}",1066,514c96dd5c3c4ea9b46e58ffbc983676d2cd96baf4d0e63aa28ada055f4670d4,-0.43620003616056796,0.04871871984556694,0.43620003616056796,1,Selected_for_fixed_k,True,610,0.75,12,Tsol;Tage;tage;Zn;Mg;Ti;Fe;Si;Sc;Zr;Cu;Li,Zn;Mg;Tsol;Tage;Ti;Fe;Si;Sc;Zr;Cu;Li;Cr;Be;Ni;tage;Mn;V,b528fbb246aed2b52ed7495eeac61b07c9f7821f80a42e551766ddf58c1b6025,False,False,Selected,0.8271494908406609,47.714150490093914,34.904788330412195,0.41188538916127687,0.8233885967295175,39.41125355086404,30.55746944915978,0.41634219306771747,0.7332926726243525,3.995419938190913,2.6352510074377484,0.5116329766489032,0.794610253398177,30.37360799304962,22.699169595669904,0.4466201862926325
R03_F02_k13_Native_RF_Physics,3,2,R03_F02,13,Native_RF_Physics,reduced physics-retained RandomForest,16,0.5,"{""model__max_depth"": 14, ""model__max_features"": 0.7, ""model__min_samples_leaf"": 1, ""model__n_estimators"": 800, ""selector__alpha"": 0.5, ""selector__n_features"": 13}",1067,514c96dd5c3c4ea9b46e58ffbc983676d2cd96baf4d0e63aa28ada055f4670d4,-0.44865915453637334,0.08579642381571846,0.44865915453637334,1,Selected_for_fixed_k,True,1110,0.5,13,Tsol;Tage;tage;Zn;Mg;Ti;Fe;Cu;Si;Sc;Zr;Li;Cr,Zn;Mg;Tsol;Tage;Ti;Fe;Cu;Si;Sc;Zr;Li;Cr;tage;Be;Mn;Ni;V,b528fbb246aed2b52ed7495eeac61b07c9f7821f80a42e551766ddf58c1b6025,False,False,Selected,0.7882005423388515,52.817067687406265,38.62056341050193,0.4559355716351141,0.77722956932133,44.26287816937326,33.400119156216014,0.4675949661114506,0.6274281064299256,4.722261178637467,2.9320810753960624,0.6047085364533209,0.730952739363369,33.93406901180566,24.984254547371332,0.5094130247332952
R03_F02_k14_Independent_ET_Physics,3,2,R03_F02,14,Independent_ET_Physics,reduced physics-retained independent ET,5,0.75,"{""model__estimator__max_depth"": 14, ""model__estimator__max_features"": 1.0, ""model__estimator__min_samples_leaf"": 1, ""model__estimator__n_estimators"": 800, ""selector__alpha"": 0.75, ""selector__n_features"": 14}",1068,514c96dd5c3c4ea9b46e58ffbc983676d2cd96baf4d0e63aa28ada055f4670d4,-0.43351362803587756,0.05941927674720119,0.43351362803587756,1,Selected_for_fixed_k,True,1140,0.75,14,Tsol;Tage;tage;Zn;Mg;Ti;Fe;Si;Sc;Zr;Cu;Li;Cr;Be,Zn;Mg;Tsol;Tage;Ti;Fe;Si;Sc;Zr;Cu;Li;Cr;Be;Ni;tage;Mn;V,b528fbb246aed2b52ed7495eeac61b07c9f7821f80a42e551766ddf58c1b6025,False,False,Selected,0.8427128925402164,45.51540665636635,33.20378863746055,0.3929050562764054,0.8146447015774549,40.37507857298425,31.06240577186806,0.4265240824340422,0.7788479678966128,3.638232306667475,2.4841663932200273,0.46589336129791825,0.8120685206714281,29.84290584533936,22.25012026751621,0.4284408333361219
R03_F02_k15_Native_RF_Physics,3,2,R03_F02,15,Native_RF_Physics,reduced physics-retained RandomForest,22,0.75,"{""model__max_depth"": null, ""model__max_features"": ""sqrt"", ""model__min_samples_leaf"": 1, ""model__n_estimators"": 300, ""selector__alpha"": 0.75, ""selector__n_features"": 15}",1069,514c96dd5c3c4ea9b46e58ffbc983676d2cd96baf4d0e63aa28ada055f4670d4,-0.45649019138326086,0.06630327413971034,0.45649019138326086,1,Selected_for_fixed_k,True,450,0.75,15,Tsol;Tage;tage;Zn;Mg;Ti;Fe;Si;Sc;Zr;Cu;Li;Cr;Be;Ni,Zn;Mg;Tsol;Tage;Ti;Fe;Si;Sc;Zr;Cu;Li;Cr;Be;Ni;tage;Mn;V,b528fbb246aed2b52ed7495eeac61b07c9f7821f80a42e551766ddf58c1b6025,False,False,Selected,0.7606604650736786,56.14603419098552,41.69294113977059,0.4846723855519052,0.7753776066412661,44.44648318217226,33.272808039388615,0.4695345774356199,0.660613505974749,4.507048552257655,2.854461911375655,0.5771495117824403,0.7322171925632311,35.03318864180515,25.94007036351162,0.5104521582566551
R03_F02_k16_Native_RF_Physics,3,2,R03_F02,16,Native_RF_Physics,reduced physics-retained RandomForest,8,0.25,"{""model__max_depth"": 14, ""model__max_features"": 0.7, ""model__min_samples_leaf"": 1, ""model__n_estimators"": 800, ""selector__alpha"": 0.25, ""selector__n_features"": 16}",1070,514c96dd5c3c4ea9b46e58ffbc983676d2cd96baf4d0e63aa28ada055f4670d4,-0.4228489769814304,0.07170653018543359,0.4228489769814304,1,Selected_for_fixed_k,True,1110,0.25,16,Tsol;Tage;tage;Zn;Mg;Cu;Ti;Fe;Zr;Si;Sc;Li;Cr;Mn;Be;Ni,Zn;Mg;Tsol;Tage;Cu;Ti;Fe;tage;Zr;Si;Sc;Li;Cr;Mn;Be;Ni;V,b528fbb246aed2b52ed7495eeac61b07c9f7821f80a42e551766ddf58c1b6025,False,False,Selected,0.7947595806508386,51.99281253267506,37.6957738053621,0.44882031019406354,0.7951783036839214,42.44229477415872,31.82992475686349,0.44836224410609654,0.6388230829136999,4.649486083329562,2.919622919990689,0.5953893311596841,0.7429203224161532,33.02819779672111,24.14844049407209,0.49752396181994807
R03_F02_k17_Native_RF_Physics,3,2,R03_F02,17,Native_RF_Physics,reduced physics-retained RandomForest,22,0.5,"{""model__max_depth"": 14, ""model__max_features"": 0.7, ""model__min_samples_leaf"": 1, ""model__n_estimators"": 300, ""selector__alpha"": 0.5, ""selector__n_features"": 17}",1071,514c96dd5c3c4ea9b46e58ffbc983676d2cd96baf4d0e63aa28ada055f4670d4,-0.4564807120470521,0.052520947382661665,0.4564807120470521,1,Selected_for_fixed_k,True,610,0.5,17,Tsol;Tage;tage;Zn;Mg;Ti;Fe;Cu;Si;Sc;Zr;Li;Cr;Be;Mn;Ni;V,Zn;Mg;Tsol;Tage;Ti;Fe;Cu;Si;Sc;Zr;Li;Cr;tage;Be;Mn;Ni;V,b528fbb246aed2b52ed7495eeac61b07c9f7821f80a42e551766ddf58c1b6025,False,False,Selected,0.7940336784620051,52.08467646438865,37.65429368056661,0.4496133120787265,0.7975162633948754,42.19936844353515,31.398856265922113,0.4457959598057208,0.6285837137734231,4.714931965235268,2.9323038425925865,0.603769994991479,0.7400445518767679,32.99965895771969,23.995151263027108,0.49972642229197545
R03_F03_k03_Native_ET_Physics,3,3,R03_F03,3,Native_ET_Physics,reduced physics-retained ExtraTrees,9,0.0,"{""model__max_depth"": 10, ""model__max_features"": 1.0, ""model__min_samples_leaf"": 1, ""model__n_estimators"": 300, ""selector__alpha"": 0.0, ""selector__n_features"": 3}",1058,91027e8b7270f957fc5c499d311c3304bbb63f3dcb2146fe369c8d75e23a7b4d,-0.5565672409639011,0.054189376265390714,0.5565672409639011,1,Selected_for_fixed_k,True,600,0.0,3,Tsol;Tage;tage,Zn;Tage;Tsol;Mg;tage;Cu;Ti;Zr;Fe;Si;Mn;Li;Cr;Sc;Be;Ni;V,50ff02bd692b0b32fe9787a85f0032af4f3ef24413c01f7281679165d782a5e8,False,False,Selected,0.7209333140770572,61.31437102466852,46.11294890359942,0.5233534029045548,0.6689789179517837,59.30893766896288,44.358826317148136,0.5699921596042233,0.49454151031027194,5.066776341503735,3.338246557470864,0.7043423509118746,0.628151247446371,41.896695011711714,31.270007259406142,0.5992293044735509
R03_F03_k04_Independent_ET_Physics,3,3,R03_F03,4,Independent_ET_Physics,reduced physics-retained independent ET,7,0.25,"{""model__estimator__max_depth"": 14, ""model__estimator__max_features"": ""sqrt"", ""model__estimator__min_samples_leaf"": 1, ""model__estimator__n_estimators"": 800, ""selector__alpha"": 0.25, ""selector__n_features"": 4}",1059,91027e8b7270f957fc5c499d311c3304bbb63f3dcb2146fe369c8d75e23a7b4d,-0.48957643137805507,0.05092990783671382,0.48957643137805507,1,Selected_for_fixed_k,True,1090,0.25,4,Tsol;Tage;tage;Zn,Zn;Tsol;Mg;Tage;Cu;Ti;tage;Fe;Zr;Si;Sc;Cr;Li;Mn;Be;Ni;V,50ff02bd692b0b32fe9787a85f0032af4f3ef24413c01f7281679165d782a5e8,False,False,Selected,0.8122348074535061,50.29395901591176,36.180710607725125,0.4292878513901698,0.8272553625355669,42.844453275447385,30.8963709341153,0.4117592290363062,0.6959362421214537,3.929807848049193,2.5889210079388403,0.5462901679029764,0.7784754707035089,32.35607337980278,23.22200084992642,0.4624457494431508
R03_F03_k05_RegressorChain_ET_Physics,3,3,R03_F03,5,RegressorChain_ET_Physics,reduced physics-retained regressor chain,9,0.25,"{""model__base_estimator__max_depth"": null, ""model__base_estimator__max_features"": ""sqrt"", ""model__base_estimator__min_samples_leaf"": 1, ""model__base_estimator__n_estimators"": 800, ""selector__alpha"": 0.25, ""selector__n_features"": 5}",1060,91027e8b7270f957fc5c499d311c3304bbb63f3dcb2146fe369c8d75e23a7b4d,-0.4646440030381839,0.056613153190236666,0.4646440030381839,1,Selected_for_fixed_k,True,950,0.25,5,Tsol;Tage;tage;Zn;Mg,Zn;Tsol;Mg;Tage;Cu;Ti;tage;Fe;Zr;Si;Sc;Cr;Li;Mn;Be;Ni;V,50ff02bd692b0b32fe9787a85f0032af4f3ef24413c01f7281679165d782a5e8,False,False,Selected,0.8322288230729219,47.54085145460704,34.809647916666776,0.4057884957465901,0.81574375504699,44.24899652186317,32.09223780864201,0.4252576774952981,0.6242534326144213,4.368541816686401,2.4366865740740877,0.6072794230164389,0.7574086702447778,32.052796597718874,23.112857433127626,0.47944186541944234
R03_F03_k06_RegressorChain_ET_Physics,3,3,R03_F03,6,RegressorChain_ET_Physics,reduced physics-retained regressor chain,13,1.0,"{""model__base_estimator__max_depth"": null, ""model__base_estimator__max_features"": 0.7, ""model__base_estimator__min_samples_leaf"": 1, ""model__base_estimator__n_estimators"": 500, ""selector__alpha"": 1.0, ""selector__n_features"": 6}",1061,91027e8b7270f957fc5c499d311c3304bbb63f3dcb2146fe369c8d75e23a7b4d,-0.47135403150748906,0.02971307164784624,0.47135403150748906,1,Selected_for_fixed_k,True,670,1.0,6,Tsol;Tage;tage;Zn;Mg;Ti,Zn;Mg;Tsol;Ti;Si;Sc;Fe;Tage;Zr;Cu;Cr;Li;Ni;Be;V;Mn;tage,50ff02bd692b0b32fe9787a85f0032af4f3ef24413c01f7281679165d782a5e8,False,False,Selected,0.8503435762964661,44.900994634652015,32.84940129629609,0.38325580028195894,0.8320267423522265,42.24860664971189,30.71599629629612,0.40603280873028885,0.6966108740566541,3.925445858185818,2.128045555555564,0.5456837992796257,0.7929937309017822,30.35834904751658,21.89781438271592,0.4449908027639578
R03_F03_k07_Native_ET_Physics,3,3,R03_F03,7,Native_ET_Physics,reduced physics-retained ExtraTrees,16,0.75,"{""model__max_depth"": 14, ""model__max_features"": ""sqrt"", ""model__min_samples_leaf"": 1, ""model__n_estimators"": 500, ""selector__alpha"": 0.75, ""selector__n_features"": 7}",1062,91027e8b7270f957fc5c499d311c3304bbb63f3dcb2146fe369c8d75e23a7b4d,-0.4660976772384521,0.04777337438605251,0.4660976772384521,1,Selected_for_fixed_k,True,790,0.75,7,Tsol;Tage;tage;Zn;Mg;Ti;Si,Zn;Tsol;Mg;Tage;Ti;Si;Fe;Sc;Cu;Zr;Cr;Li;Ni;Be;V;tage;Mn,50ff02bd692b0b32fe9787a85f0032af4f3ef24413c01f7281679165d782a5e8,False,False,Selected,0.8463277442916481,45.49943598950464,33.72951314122389,0.3883638412561528,0.849742398313396,39.95862582334149,29.803365535163717,0.3840248084528165,0.7881511373240389,3.2802130700971213,2.0192493042271202,0.4559887450248846,0.8280737599763611,29.579424960981083,21.850709326871577,0.4094591315779514
R03_F03_k08_Native_ET_Physics,3,3,R03_F03,8,Native_ET_Physics,reduced physics-retained ExtraTrees,18,0.0,"{""model__max_depth"": 10, ""model__max_features"": 0.7, ""model__min_samples_leaf"": 1, ""model__n_estimators"": 500, ""selector__alpha"": 0.0, ""selector__n_features"": 8}",1063,91027e8b7270f957fc5c499d311c3304bbb63f3dcb2146fe369c8d75e23a7b4d,-0.46677683132365466,0.02252335590051432,0.46677683132365466,1,Selected_for_fixed_k,True,770,0.0,8,Tsol;Tage;tage;Zn;Mg;Cu;Ti;Zr,Zn;Tage;Tsol;Mg;tage;Cu;Ti;Zr;Fe;Si;Mn;Li;Cr;Sc;Be;Ni;V,50ff02bd692b0b32fe9787a85f0032af4f3ef24413c01f7281679165d782a5e8,False,False,Selected,0.8508750775076558,44.82119131219734,33.99298352272161,0.3825746330503333,0.8849774233067755,34.96100143718078,27.13041265192949,0.33599483474702896,0.7828166953256431,3.3212548749695685,2.238157088818294,0.46169404547257453,0.8395563987133582,27.701149208115893,21.120517754489796,0.3934211710899789
R03_F03_k09_Independent_ET_Physics,3,3,R03_F03,9,Independent_ET_Physics,reduced physics-retained independent ET,19,0.0,"{""model__estimator__max_depth"": 14, ""model__estimator__max_features"": 0.7, ""model__estimator__min_samples_leaf"": 1, ""model__estimator__n_estimators"": 500, ""selector__alpha"": 0.0, ""selector__n_features"": 9}",1064,91027e8b7270f957fc5c499d311c3304bbb63f3dcb2146fe369c8d75e23a7b4d,-0.44180916187689123,0.05804226064151464,0.44180916187689123,1,Selected_for_fixed_k,True,810,0.0,9,Tsol;Tage;tage;Zn;Mg;Cu;Ti;Zr;Fe,Zn;Tage;Tsol;Mg;tage;Cu;Ti;Zr;Fe;Si;Mn;Li;Cr;Sc;Be;Ni;V,50ff02bd692b0b32fe9787a85f0032af4f3ef24413c01f7281679165d782a5e8,False,False,Selected,0.8537243386489479,44.3909373153256,31.60416011518287,0.3789021678580292,0.8951328305069074,33.38197988381263,25.046815605994507,0.32081955188680467,0.7953850225084144,3.2237228416685397,2.0676874970395174,0.44813592942514824,0.8480807305547565,26.998880013602257,19.57288773940563,0.382619216389994
R03_F03_k10_Independent_ET_Physics,3,3,R03_F03,10,Independent_ET_Physics,reduced physics-retained independent ET,9,0.25,"{""model__estimator__max_depth"": 14, ""model__estimator__max_features"": 1.0, ""model__estimator__min_samples_leaf"": 1, ""model__estimator__n_estimators"": 800, ""selector__alpha"": 0.25, ""selector__n_features"": 10}",1065,91027e8b7270f957fc5c499d311c3304bbb63f3dcb2146fe369c8d75e23a7b4d,-0.4620343629634097,0.02448776744384721,0.4620343629634097,1,Selected_for_fixed_k,True,1140,0.25,10,Tsol;Tage;tage;Zn;Mg;Cu;Ti;Fe;Zr;Si,Zn;Tsol;Mg;Tage;Cu;Ti;tage;Fe;Zr;Si;Sc;Cr;Li;Mn;Be;Ni;V,50ff02bd692b0b32fe9787a85f0032af4f3ef24413c01f7281679165d782a5e8,False,False,Selected,0.8538858379038187,44.3664250925378,30.947137623915676,0.37869294194582687,0.8986664590813292,32.81473696369551,23.69381289489963,0.3153680292366702,0.7712175311090766,3.40879086617081,2.070185526863746,0.4738625924295506,0.8412566093647414,26.863317640801373,18.90371201522635,0.3893078545373492
R03_F03_k11_Native_ET_Physics,3,3,R03_F03,11,Native_ET_Physics,reduced physics-retained ExtraTrees,15,0.75,"{""model__max_depth"": 10, ""model__max_features"": 1.0, ""model__min_samples_leaf"": 1, ""model__n_estimators"": 500, ""selector__alpha"": 0.75, ""selector__n_features"": 11}",1066,91027e8b7270f957fc5c499d311c3304bbb63f3dcb2146fe369c8d75e23a7b4d,-0.44372074245294113,0.06326391208760272,0.44372074245294113,1,Selected_for_fixed_k,True,800,0.75,11,Tsol;Tage;tage;Zn;Mg;Ti;Si;Fe;Sc;Cu;Zr,Zn;Tsol;Mg;Tage;Ti;Si;Fe;Sc;Cu;Zr;Cr;Li;Ni;Be;V;tage;Mn,50ff02bd692b0b32fe9787a85f0032af4f3ef24413c01f7281679165d782a5e8,False,False,Selected,0.8573462395470737,43.837915208690724,30.61770239625892,0.37418180627636405,0.8871385034917931,34.63101499475645,25.55063474357705,0.33282347993357075,0.7998456379112526,3.188390570314128,2.1364934561964986,0.443224322243088,0.8481101269833732,27.2191069245871,19.434943532010823,0.3834098694843409
R03_F03_k12_Native_ET_Physics,3,3,R03_F03,12,Native_ET_Physics,reduced physics-retained ExtraTrees,16,0.5,"{""model__max_depth"": 14, ""model__max_features"": 0.7, ""model__min_samples_leaf"": 1, ""model__n_estimators"": 800, ""selector__alpha"": 0.5, ""selector__n_features"": 12}",1067,91027e8b7270f957fc5c499d311c3304bbb63f3dcb2146fe369c8d75e23a7b4d,-0.4469983919002617,0.03397796666964546,0.4469983919002617,1,Selected_for_fixed_k,True,1110,0.5,12,Tsol;Tage;tage;Zn;Mg;Ti;Cu;Fe;Si;Zr;Sc;Cr,Zn;Tsol;Mg;Tage;Ti;Cu;Fe;Si;Zr;Sc;Cr;Li;tage;Mn;Be;Ni;V,50ff02bd692b0b32fe9787a85f0032af4f3ef24413c01f7281679165d782a5e8,False,False,Selected,0.8567496218471636,43.92949073663461,30.241502687364193,0.3749634560490239,0.889633116029625,34.24614638002432,24.947477128632666,0.3291246766587677,0.8267310595661588,2.9665341087084443,2.0220985975574837,0.4123836276475256,0.8577045991476492,27.047390408455794,19.07035947118478,0.3721572534517725
R03_F03_k13_Native_ET_Physics,3,3,R03_F03,13,Native_ET_Physics,reduced physics-retained ExtraTrees,5,0.75,"{""model__max_depth"": 14, ""model__max_features"": 1.0, ""model__min_samples_leaf"": 1, ""model__n_estimators"": 800, ""selector__alpha"": 0.75, ""selector__n_features"": 13}",1068,91027e8b7270f957fc5c499d311c3304bbb63f3dcb2146fe369c8d75e23a7b4d,-0.4537279399487457,0.019364757669838608,0.4537279399487457,1,Selected_for_fixed_k,True,1140,0.75,13,Tsol;Tage;tage;Zn;Mg;Ti;Si;Fe;Sc;Cu;Zr;Cr;Li,Zn;Tsol;Mg;Tage;Ti;Si;Fe;Sc;Cu;Zr;Cr;Li;Ni;Be;V;tage;Mn,50ff02bd692b0b32fe9787a85f0032af4f3ef24413c01f7281679165d782a5e8,False,False,Selected,0.8596431996593313,43.4835517018291,29.171431791849734,0.3711571100415025,0.8916071990012319,33.93849171923796,24.1233059796723,0.32616794279358347,0.82036341823462,3.020552423401257,2.0393342561531766,0.41989281775157145,0.8572046056317277,26.81419861482277,18.44469067589174,0.3724059568622191
R03_F03_k14_Native_RF_Physics,3,3,R03_F03,14,Native_RF_Physics,reduced physics-retained RandomForest,21,0.75,"{""model__max_depth"": 10, ""model__max_features"": 1.0, ""model__min_samples_leaf"": 1, ""model__n_estimators"": 800, ""selector__alpha"": 0.75, ""selector__n_features"": 14}",1069,91027e8b7270f957fc5c499d311c3304bbb63f3dcb2146fe369c8d75e23a7b4d,-0.4635387317720043,0.06196835880864474,0.4635387317720043,1,Selected_for_fixed_k,True,1100,0.75,14,Tsol;Tage;tage;Zn;Mg;Ti;Si;Fe;Sc;Cu;Zr;Cr;Li;Ni,Zn;Tsol;Mg;Tage;Ti;Si;Fe;Sc;Cu;Zr;Cr;Li;Ni;Be;V;tage;Mn,50ff02bd692b0b32fe9787a85f0032af4f3ef24413c01f7281679165d782a5e8,False,False,Selected,0.8631359065508797,42.93911040298657,31.51819991044628,0.36650999058697237,0.8844752112970133,35.03724173605952,26.34018899519061,0.33672754678529415,0.6524564631038556,4.201395777322283,2.56482525707929,0.5840441297300587,0.8000225269839163,27.392582638789463,20.141071387572058,0.42909388903410844
R03_F03_k15_Native_RF_Physics,3,3,R03_F03,15,Native_RF_Physics,reduced physics-retained RandomForest,8,0.25,"{""model__max_depth"": 14, ""model__max_features"": 0.7, ""model__min_samples_leaf"": 1, ""model__n_estimators"": 800, ""selector__alpha"": 0.25, ""selector__n_features"": 15}",1070,91027e8b7270f957fc5c499d311c3304bbb63f3dcb2146fe369c8d75e23a7b4d,-0.4479686251278648,0.07480625160385951,0.4479686251278648,1,Selected_for_fixed_k,True,1110,0.25,15,Tsol;Tage;tage;Zn;Mg;Cu;Ti;Fe;Zr;Si;Sc;Cr;Li;Mn;Be,Zn;Tsol;Mg;Tage;Cu;Ti;tage;Fe;Zr;Si;Sc;Cr;Li;Mn;Be;Ni;V,50ff02bd692b0b32fe9787a85f0032af4f3ef24413c01f7281679165d782a5e8,False,False,Selected,0.8613704114581349,43.21517213270106,31.277894004988724,0.36886633614256276,0.8823474660838885,35.35842899354872,26.142656334910086,0.33981433649573317,0.6771299869579857,4.049513414490831,2.412284203543379,0.5629306695556935,0.8069492881666696,27.541038180246872,19.944278181147396,0.42387044739799645
R03_F03_k16_RegressorChain_ET_Physics,3,3,R03_F03,16,RegressorChain_ET_Physics,reduced physics-retained regressor chain,22,0.5,"{""model__base_estimator__max_depth"": 14, ""model__base_estimator__max_features"": 0.7, ""model__base_estimator__min_samples_leaf"": 1, ""model__base_estimator__n_estimators"": 300, ""selector__alpha"": 0.5, ""selector__n_features"": 16}",1071,91027e8b7270f957fc5c499d311c3304bbb63f3dcb2146fe369c8d75e23a7b4d,-0.4452695036907059,0.049947639245746724,0.4452695036907059,1,Selected_for_fixed_k,True,610,0.5,16,Tsol;Tage;tage;Zn;Mg;Ti;Cu;Fe;Si;Zr;Sc;Cr;Li;Mn;Be;Ni,Zn;Tsol;Mg;Tage;Ti;Cu;Fe;Si;Zr;Sc;Cr;Li;tage;Mn;Be;Ni;V,50ff02bd692b0b32fe9787a85f0032af4f3ef24413c01f7281679165d782a5e8,False,False,Selected,0.8577521118069493,43.7755079248897,29.78741918784173,0.3736491242346588,0.8936730598403076,33.61351861322576,24.86756539888529,0.32304476895521406,0.7236241687438887,3.7466145661237,2.1444438791868055,0.5208241164797613,0.8250164467970486,27.04521370141305,18.933142821971277,0.4058393365565447
R03_F03_k17_Native_RF_Physics,3,3,R03_F03,17,Native_RF_Physics,reduced physics-retained RandomForest,2,0.75,"{""model__max_depth"": 10, ""model__max_features"": 0.7, ""model__min_samples_leaf"": 1, ""model__n_estimators"": 800, ""selector__alpha"": 0.75, ""selector__n_features"": 17}",1072,91027e8b7270f957fc5c499d311c3304bbb63f3dcb2146fe369c8d75e23a7b4d,-0.4519146943710382,0.06319333807161558,0.4519146943710382,1,Selected_for_fixed_k,True,1070,0.75,17,Tsol;Tage;tage;Zn;Mg;Ti;Si;Fe;Sc;Cu;Zr;Cr;Li;Ni;Be;V;Mn,Zn;Tsol;Mg;Tage;Ti;Si;Fe;Sc;Cu;Zr;Cr;Li;Ni;Be;V;tage;Mn,50ff02bd692b0b32fe9787a85f0032af4f3ef24413c01f7281679165d782a5e8,False,False,Selected,0.8644950973676719,42.72536527188173,31.14822174625717,0.36468555302284905,0.8869126420285316,34.665649934787474,25.81719370830576,0.3331563411353046,0.6821574429958008,4.0178619367996955,2.453640248268037,0.5585307365994674,0.8111883941306681,27.1362923811563,19.806351900943657,0.418790876919207
R03_F04_k03_Independent_ET_Physics,3,4,R03_F04,3,Independent_ET_Physics,reduced physics-retained independent ET,18,0.75,"{""model__estimator__max_depth"": null, ""model__estimator__max_features"": 1.0, ""model__estimator__min_samples_leaf"": 2, ""model__estimator__n_estimators"": 500, ""selector__alpha"": 0.75, ""selector__n_features"": 3}",1059,fe22e40996e882d71e3e66d1811245d8511a9ae5089dd15ece0363ef663155ba,-0.5906729206817943,0.042704345397859486,0.5906729206817943,1,Selected_for_fixed_k,True,800,0.75,3,Tsol;Tage;tage,Zn;Mg;Tsol;Ti;Tage;Sc;Zr;Fe;Cu;Si;Cr;Li;Be;tage;Ni;V;Mn,7d8df20f81226795b8287025c5add9e5e449169eba41e54474ec9e27fd945409,False,False,Selected,0.765299121147114,59.8658040688004,43.82509569876942,0.4799526708765525,0.7174094277359102,56.16264061214518,41.8532958490619,0.5266473331542261,0.5462736272172212,4.9794545901654175,3.7173741091893615,0.667326031671222,0.6763273920334151,40.33596642370367,29.79858855234023,0.5579753452340002
R03_F04_k04_Native_ET_Physics,3,4,R03_F04,4,Native_ET_Physics,reduced physics-retained ExtraTrees,21,1.0,"{""model__max_depth"": 10, ""model__max_features"": 0.7, ""model__min_samples_leaf"": 1, ""model__n_estimators"": 300, ""selector__alpha"": 1.0, ""selector__n_features"": 4}",1060,fe22e40996e882d71e3e66d1811245d8511a9ae5089dd15ece0363ef663155ba,-0.5170527045844786,0.050742825749223376,0.5170527045844786,1,Selected_for_fixed_k,True,570,1.0,4,Tsol;Tage;tage;Zn,Zn;Mg;Tsol;Ti;Sc;Si;Fe;Zr;Tage;Cr;Cu;Li;Be;V;Ni;Mn;tage,7d8df20f81226795b8287025c5add9e5e449169eba41e54474ec9e27fd945409,False,False,Selected,0.8335200530441146,50.41995183395213,35.59329659886469,0.40422392924618017,0.8508609530906842,40.80039486083567,29.34400907197958,0.3825927504635855,0.7278627523074661,3.856370558977425,2.959416816794774,0.5168149272530361,0.8040812528140883,31.692239084588408,22.632240829213014,0.4345438689876006
R03_F04_k05_Native_ET_Physics,3,4,R03_F04,5,Native_ET_Physics,reduced physics-retained ExtraTrees,15,0.75,"{""model__max_depth"": null, ""model__max_features"": 0.7, ""model__min_samples_leaf"": 1, ""model__n_estimators"": 500, ""selector__alpha"": 0.75, ""selector__n_features"": 5}",1061,fe22e40996e882d71e3e66d1811245d8511a9ae5089dd15ece0363ef663155ba,-0.47835776108644146,0.04935904876158117,0.47835776108644146,1,Selected_for_fixed_k,True,670,0.75,5,Tsol;Tage;tage;Zn;Mg,Zn;Mg;Tsol;Ti;Tage;Sc;Zr;Fe;Cu;Si;Cr;Li;Be;tage;Ni;V;Mn,7d8df20f81226795b8287025c5add9e5e449169eba41e54474ec9e27fd945409,False,False,Selected,0.8492591312818938,47.97742872619577,31.492586419753497,0.3846418738895343,0.8656371841629372,38.72649861788438,26.033038518518076,0.36314544681681443,0.7381004785630829,3.783137419400274,2.347357407407403,0.5070005229772415,0.817665598002638,30.16235492116014,19.957660781892994,0.4182626145611968
R03_F04_k06_Independent_ET_Physics,3,4,R03_F04,6,Independent_ET_Physics,reduced physics-retained independent ET,17,0.75,"{""model__estimator__max_depth"": null, ""model__estimator__max_features"": ""sqrt"", ""model__estimator__min_samples_leaf"": 1, ""model__estimator__n_estimators"": 300, ""selector__alpha"": 0.75, ""selector__n_features"": 6}",1062,fe22e40996e882d71e3e66d1811245d8511a9ae5089dd15ece0363ef663155ba,-0.45937067408113,0.053527412043434204,0.45937067408113,1,Selected_for_fixed_k,True,450,0.75,6,Tsol;Tage;tage;Zn;Mg;Ti,Zn;Mg;Tsol;Ti;Tage;Sc;Zr;Fe;Cu;Si;Cr;Li;Be;tage;Ni;V;Mn,7d8df20f81226795b8287025c5add9e5e449169eba41e54474ec9e27fd945409,False,False,Selected,0.8422198644762746,49.08486766163409,32.468903600823126,0.3935203694374345,0.8473345344246668,41.279942884822916,26.78812469135788,0.38708955982296683,0.7488210668018724,3.704898976560982,2.260056172839507,0.4965153285370315,0.8127918219009379,31.356569841005996,20.505694821673504,0.425708419265811
R03_F04_k07_Native_ET_Physics,3,4,R03_F04,7,Native_ET_Physics,reduced physics-retained ExtraTrees,12,0.5,"{""model__max_depth"": null, ""model__max_features"": 0.7, ""model__min_samples_leaf"": 1, ""model__n_estimators"": 800, ""selector__alpha"": 0.5, ""selector__n_features"": 7}",1063,fe22e40996e882d71e3e66d1811245d8511a9ae5089dd15ece0363ef663155ba,-0.45381520335625825,0.024274499001454664,0.45381520335625825,1,Selected_for_fixed_k,True,970,0.5,7,Tsol;Tage;tage;Zn;Mg;Ti;Cu,Zn;Tsol;Mg;Tage;Ti;Cu;Sc;Zr;Fe;Si;Cr;Li;tage;Be;Mn;Ni;V,7d8df20f81226795b8287025c5add9e5e449169eba41e54474ec9e27fd945409,False,False,Selected,0.8521870295871443,47.509201844466624,31.713072067901724,0.3808880323441366,0.8918458848812231,34.74483140687607,22.663005555555806,0.32580862655107196,0.7650783958167555,3.582995340999302,2.1127032407407356,0.48017830449300497,0.8363704367617076,28.612342864113998,18.82959362139942,0.3956249877960712
R03_F04_k08_Native_ET_Physics,3,4,R03_F04,8,Native_ET_Physics,reduced physics-retained ExtraTrees,19,0.0,"{""model__max_depth"": 14, ""model__max_features"": 0.7, ""model__min_samples_leaf"": 1, ""model__n_estimators"": 500, ""selector__alpha"": 0.0, ""selector__n_features"": 8}",1064,fe22e40996e882d71e3e66d1811245d8511a9ae5089dd15ece0363ef663155ba,-0.45819228447846,0.040581222314615625,0.45819228447846,1,Selected_for_fixed_k,True,810,0.0,8,Tsol;Tage;tage;Zn;Mg;Cu;Ti;Zr,Zn;Tsol;Tage;Mg;Cu;tage;Ti;Zr;Fe;Si;Sc;Cr;Mn;Li;Ni;Be;V,7d8df20f81226795b8287025c5add9e5e449169eba41e54474ec9e27fd945409,False,False,Selected,0.8350301539053009,50.19075708137187,32.935847565920945,0.40238644229744785,0.8851012004580706,35.81182306296518,21.53985976452018,0.3358140020827849,0.7457397033477422,3.727554820182739,2.2997707929100195,0.4995515715521061,0.8219570192370379,29.91004498817327,18.92515937445038,0.41258400531077966
R03_F04_k09_Independent_ET_Physics,3,4,R03_F04,9,Independent_ET_Physics,reduced physics-retained independent ET,12,0.0,"{""model__estimator__max_depth"": 14, ""model__estimator__max_features"": 0.7, ""model__estimator__min_samples_leaf"": 1, ""model__estimator__n_estimators"": 800, ""selector__alpha"": 0.0, ""selector__n_features"": 9}",1065,fe22e40996e882d71e3e66d1811245d8511a9ae5089dd15ece0363ef663155ba,-0.46844925419672273,0.03949218799168453,0.46844925419672273,1,Selected_for_fixed_k,True,1110,0.0,9,Tsol;Tage;tage;Zn;Mg;Cu;Ti;Zr;Fe,Zn;Tsol;Tage;Mg;Cu;tage;Ti;Zr;Fe;Si;Sc;Cr;Mn;Li;Ni;Be;V,7d8df20f81226795b8287025c5add9e5e449169eba41e54474ec9e27fd945409,False,False,Selected,0.8455760502568839,48.56001253910624,32.174295334459245,0.3893125312266425,0.8760031716810808,37.20265825404996,23.040106902723775,0.3488561175577372,0.7703131785056974,3.542850312049784,2.086581412023697,0.4747982327652461,0.8306308001478874,29.768507035068655,19.100327883068907,0.4043222938498752
R03_F04_k10_Native_ET_Physics,3,4,R03_F04,10,Native_ET_Physics,reduced physics-retained ExtraTrees,6,0.0,"{""model__max_depth"": 14, ""model__max_features"": 0.7, ""model__min_samples_leaf"": 1, ""model__n_estimators"": 300, ""selector__alpha"": 0.0, ""selector__n_features"": 10}",1066,fe22e40996e882d71e3e66d1811245d8511a9ae5089dd15ece0363ef663155ba,-0.4500722453449625,0.08645594180409624,0.4500722453449625,1,Selected_for_fixed_k,True,610,0.0,10,Tsol;Tage;tage;Zn;Mg;Cu;Ti;Zr;Fe;Si,Zn;Tsol;Tage;Mg;Cu;tage;Ti;Zr;Fe;Si;Sc;Cr;Mn;Li;Ni;Be;V,7d8df20f81226795b8287025c5add9e5e449169eba41e54474ec9e27fd945409,False,False,Selected,0.8416313429784006,49.1763259817799,32.69630289837978,0.39425360380571284,0.8767344337508371,37.092796083934985,23.21676364223776,0.34782591993392614,0.710218618791725,3.9794220642831206,2.3210706812546187,0.5333057840808102,0.8095281318403208,30.08284804333267,19.411379073957384,0.4251284359401497
R03_F04_k11_Native_ET_Physics,3,4,R03_F04,11,Native_ET_Physics,reduced physics-retained ExtraTrees,20,0.25,"{""model__max_depth"": 14, ""model__max_features"": 0.7, ""model__min_samples_leaf"": 1, ""model__n_estimators"": 800, ""selector__alpha"": 0.25, ""selector__n_features"": 11}",1067,fe22e40996e882d71e3e66d1811245d8511a9ae5089dd15ece0363ef663155ba,-0.43911174700264777,0.04243878480169401,0.43911174700264777,1,Selected_for_fixed_k,True,1110,0.25,11,Tsol;Tage;tage;Zn;Mg;Cu;Ti;Zr;Fe;Sc;Si,Zn;Tsol;Mg;Tage;Cu;Ti;tage;Zr;Fe;Sc;Si;Cr;Li;Mn;Be;Ni;V,7d8df20f81226795b8287025c5add9e5e449169eba41e54474ec9e27fd945409,False,False,Selected,0.8350490860880893,50.187877016094525,33.19382607155284,0.4023633524042498,0.871058584313626,37.937167455261466,23.518782686653417,0.3557437444174976,0.7044368279496105,4.018925207167992,2.369387936423862,0.5385998328772321,0.8035148327837752,30.714656559507997,19.69399889821004,0.4322356432329932
R03_F04_k12_Native_ET_Physics,3,4,R03_F04,12,Native_ET_Physics,reduced physics-retained ExtraTrees,9,0.0,"{""model__max_depth"": null, ""model__max_features"": ""sqrt"", ""model__min_samples_leaf"": 1, ""model__n_estimators"": 300, ""selector__alpha"": 0.0, ""selector__n_features"": 12}",1068,fe22e40996e882d71e3e66d1811245d8511a9ae5089dd15ece0363ef663155ba,-0.4523082232155263,0.02951237825420703,0.4523082232155263,1,Selected_for_fixed_k,True,450,0.0,12,Tsol;Tage;tage;Zn;Mg;Cu;Ti;Zr;Fe;Si;Sc;Cr,Zn;Tsol;Tage;Mg;Cu;tage;Ti;Zr;Fe;Si;Sc;Cr;Mn;Li;Ni;Be;V,7d8df20f81226795b8287025c5add9e5e449169eba41e54474ec9e27fd945409,False,False,Selected,0.8031241049801332,54.82993547423585,36.37987407407401,0.4395793956864806,0.8506617517462631,40.827633808533754,25.870984567901175,0.38284817504844776,0.7275880881948543,3.858316157165191,2.3800172839506186,0.5170756683230386,0.7937913149737502,33.1719618133116,21.543625308641936,0.44650107968598896
R03_F04_k13_Native_ET_Physics,3,4,R03_F04,13,Native_ET_Physics,reduced physics-retained ExtraTrees,21,0.75,"{""model__max_depth"": 10, ""model__max_features"": 1.0, ""model__min_samples_leaf"": 1, ""model__n_estimators"": 800, ""selector__alpha"": 0.75, ""selector__n_features"": 13}",1069,fe22e40996e882d71e3e66d1811245d8511a9ae5089dd15ece0363ef663155ba,-0.43649296206058164,0.07349303625840864,0.43649296206058164,1,Selected_for_fixed_k,True,1100,0.75,13,Tsol;Tage;tage;Zn;Mg;Ti;Sc;Zr;Fe;Cu;Si;Cr;Li,Zn;Mg;Tsol;Ti;Tage;Sc;Zr;Fe;Cu;Si;Cr;Li;Be;tage;Ni;V;Mn,7d8df20f81226795b8287025c5add9e5e449169eba41e54474ec9e27fd945409,False,False,Selected,0.8004638673786779,55.19913057159034,36.125852056297425,0.442539285323078,0.8296088506149893,43.610613951134305,26.440277042806283,0.4089446878610024,0.697792429506328,4.063847799962844,2.6229098512628637,0.5446201740690925,0.7759550491666651,34.29119744089583,21.72967965012219,0.465368049084391
R03_F04_k14_Native_ET_Physics,3,4,R03_F04,14,Native_ET_Physics,reduced physics-retained ExtraTrees,8,0.25,"{""model__max_depth"": 14, ""model__max_features"": 0.7, ""model__min_samples_leaf"": 1, ""model__n_estimators"": 800, ""selector__alpha"": 0.25, ""selector__n_features"": 14}",1070,fe22e40996e882d71e3e66d1811245d8511a9ae5089dd15ece0363ef663155ba,-0.4635123569795354,0.06826420445521994,0.4635123569795354,1,Selected_for_fixed_k,True,1110,0.25,14,Tsol;Tage;tage;Zn;Mg;Cu;Ti;Zr;Fe;Sc;Si;Cr;Li;Mn,Zn;Tsol;Mg;Tage;Cu;Ti;tage;Zr;Fe;Sc;Si;Cr;Li;Mn;Be;Ni;V,7d8df20f81226795b8287025c5add9e5e449169eba41e54474ec9e27fd945409,False,False,Selected,0.804957421261162,54.57404908871102,34.517633771664876,0.4375279181178765,0.8401390981376995,42.24154690134051,25.090890129608685,0.3961066962205719,0.7024923946119488,4.0321232686168615,2.411085287658892,0.5403685828101709,0.7825296380036034,33.61590641955613,20.673203062977482,0.4580010657162064
R03_F04_k15_Independent_ET_Physics,3,4,R03_F04,15,Independent_ET_Physics,reduced physics-retained independent ET,22,0.5,"{""model__estimator__max_depth"": 14, ""model__estimator__max_features"": 0.7, ""model__estimator__min_samples_leaf"": 1, ""model__estimator__n_estimators"": 300, ""selector__alpha"": 0.5, ""selector__n_features"": 15}",1071,fe22e40996e882d71e3e66d1811245d8511a9ae5089dd15ece0363ef663155ba,-0.47788394284330354,0.05605456731687714,0.47788394284330354,1,Selected_for_fixed_k,True,610,0.5,15,Tsol;Tage;tage;Zn;Mg;Ti;Cu;Sc;Zr;Fe;Si;Cr;Li;Be;Mn,Zn;Tsol;Mg;Tage;Ti;Cu;Sc;Zr;Fe;Si;Cr;Li;tage;Be;Mn;Ni;V,7d8df20f81226795b8287025c5add9e5e449169eba41e54474ec9e27fd945409,False,False,Selected,0.8038494559982057,54.728837142120156,34.757143370274406,0.43876887597034464,0.8475263265360258,41.25400494430473,25.30552532014658,0.38684633501992116,0.734631898076695,3.8081068328346297,2.2773319108462626,0.5103468211066021,0.7953358935369755,33.26364963975317,20.780000200422418,0.44532067736562264
R03_F04_k16_Native_ET_Physics,3,4,R03_F04,16,Native_ET_Physics,reduced physics-retained ExtraTrees,2,0.75,"{""model__max_depth"": 10, ""model__max_features"": 0.7, ""model__min_samples_leaf"": 1, ""model__n_estimators"": 800, ""selector__alpha"": 0.75, ""selector__n_features"": 16}",1072,fe22e40996e882d71e3e66d1811245d8511a9ae5089dd15ece0363ef663155ba,-0.43888969262544303,0.03673143837288184,0.43888969262544303,1,Selected_for_fixed_k,True,1070,0.75,16,Tsol;Tage;tage;Zn;Mg;Ti;Sc;Zr;Fe;Cu;Si;Cr;Li;Be;Ni;V,Zn;Mg;Tsol;Ti;Tage;Sc;Zr;Fe;Cu;Si;Cr;Li;Be;tage;Ni;V;Mn,7d8df20f81226795b8287025c5add9e5e449169eba41e54474ec9e27fd945409,False,False,Selected,0.7964728634410594,55.74842770374779,37.81592616005177,0.4469430786034759,0.8304600665717907,43.50154570124903,27.0825359365559,0.4079219349721103,0.6884658527751837,4.126079512072665,2.616899786635313,0.552960212266925,0.7717995942626779,34.45868430568982,22.505120627747658,0.46927507528083706
R03_F04_k17_Native_ET_Physics,3,4,R03_F04,17,Native_ET_Physics,reduced physics-retained ExtraTrees,12,0.5,"{""model__max_depth"": 14, ""model__max_features"": 1.0, ""model__min_samples_leaf"": 1, ""model__n_estimators"": 500, ""selector__alpha"": 0.5, ""selector__n_features"": 17}",1073,fe22e40996e882d71e3e66d1811245d8511a9ae5089dd15ece0363ef663155ba,-0.42720186381734343,0.035091728326483274,0.42720186381734343,1,Selected_for_fixed_k,True,840,0.5,17,Tsol;Tage;tage;Zn;Mg;Ti;Cu;Sc;Zr;Fe;Si;Cr;Li;Be;Mn;Ni;V,Zn;Tsol;Mg;Tage;Ti;Cu;Sc;Zr;Fe;Si;Cr;Li;tage;Be;Mn;Ni;V,7d8df20f81226795b8287025c5add9e5e449169eba41e54474ec9e27fd945409,False,False,Selected,0.8001165931355745,55.24714418876202,35.063178482531214,0.4429242173248851,0.8269927621094315,43.94412493717889,25.755731679116327,0.41207208125745953,0.6691425042843646,4.252117467242441,2.5103832326551414,0.5698513008270093,0.7654172865097902,34.48112886439446,21.10976446476756,0.47494919980311795
R03_F05_k03_Independent_ET_Physics,3,5,R03_F05,3,Independent_ET_Physics,reduced physics-retained independent ET,18,1.0,"{""model__estimator__max_depth"": 14, ""model__estimator__max_features"": 1.0, ""model__estimator__min_samples_leaf"": 2, ""model__estimator__n_estimators"": 300, ""selector__alpha"": 1.0, ""selector__n_features"": 3}",1060,b0b9467ac675984acee7d61fad59d83f7b4dbc3fa434ea8a18528a3a0b0fcab9,-0.5900882197696231,0.03379676003511833,0.5900882197696231,1,Selected_for_fixed_k,True,740,1.0,3,Tsol;Tage;tage,Zn;Mg;Tsol;Ti;Sc;Si;Fe;Tage;Zr;Cr;Cu;Li;Be;V;Ni;Mn;tage,357b921d00328f19fe9eadfe24acd266f57787cd50f457b02dec2b5bc1b775ca,False,False,Selected,0.8357640519614429,46.09327543594614,37.462828993384704,0.4014904003751504,0.7646400225302081,46.83556058010741,36.33989607600704,0.48062611182550147,0.6459474369191007,3.6173501858122776,2.972386440788164,0.5894879423151559,0.7487838371369172,32.182062067288605,25.591703836726637,0.49053481817193595
R03_F05_k04_Native_ET_Physics,3,5,R03_F05,4,Native_ET_Physics,reduced physics-retained ExtraTrees,7,0.5,"{""model__max_depth"": 14, ""model__max_features"": ""sqrt"", ""model__min_samples_leaf"": 1, ""model__n_estimators"": 800, ""selector__alpha"": 0.5, ""selector__n_features"": 4}",1061,b0b9467ac675984acee7d61fad59d83f7b4dbc3fa434ea8a18528a3a0b0fcab9,-0.5006938431979153,0.07027707842743114,0.5006938431979153,1,Selected_for_fixed_k,True,1090,0.5,4,Tsol;Tage;tage;Zn,Zn;Mg;Tsol;Tage;Fe;Ti;Si;Cu;Zr;Sc;Cr;Li;tage;Mn;Be;Ni;V,357b921d00328f19fe9eadfe24acd266f57787cd50f457b02dec2b5bc1b775ca,False,False,Selected,0.8935357787079541,37.11122590106591,29.935650851080364,0.32325324691097773,0.8476167478745467,37.68582566850402,27.850646427689217,0.3867316124252788,0.6042392955066198,3.824485489743243,2.8522304633406894,0.6232429723296666,0.7817972740297069,26.207179019771058,20.212842580703423,0.4444092772219744
R03_F05_k05_Native_ET_Physics,3,5,R03_F05,5,Native_ET_Physics,reduced physics-retained ExtraTrees,19,0.75,"{""model__max_depth"": null, ""model__max_features"": 0.7, ""model__min_samples_leaf"": 1, ""model__n_estimators"": 500, ""selector__alpha"": 0.75, ""selector__n_features"": 5}",1062,b0b9467ac675984acee7d61fad59d83f7b4dbc3fa434ea8a18528a3a0b0fcab9,-0.4723291141327767,0.0679398831887309,0.4723291141327767,1,Selected_for_fixed_k,True,670,0.75,5,Tsol;Tage;tage;Zn;Mg,Zn;Mg;Tsol;Tage;Ti;Fe;Si;Sc;Zr;Cr;Cu;Li;Be;Ni;V;Mn;tage,357b921d00328f19fe9eadfe24acd266f57787cd50f457b02dec2b5bc1b775ca,False,False,Selected,0.8824802006574441,38.990515794384656,31.52522129629609,0.33962259459897265,0.8678540234292033,35.09428415458016,26.126750185185067,0.3601372361427276,0.5932102334521442,3.8774096944889007,2.884182777777766,0.6318675673928007,0.7811814858462639,25.987403214484573,20.17871808641964,0.443875799378167
R03_F05_k06_Native_ET_Physics,3,5,R03_F05,6,Native_ET_Physics,reduced physics-retained ExtraTrees,18,0.0,"{""model__max_depth"": 10, ""model__max_features"": 0.7, ""model__min_samples_leaf"": 1, ""model__n_estimators"": 500, ""selector__alpha"": 0.0, ""selector__n_features"": 6}",1063,b0b9467ac675984acee7d61fad59d83f7b4dbc3fa434ea8a18528a3a0b0fcab9,-0.4590512849589622,0.06600340727264088,0.4590512849589622,1,Selected_for_fixed_k,True,770,0.0,6,Tsol;Tage;tage;Zn;Mg;Cu,Zn;Tsol;Tage;Mg;Cu;tage;Fe;Ti;Zr;Mn;Si;Cr;Li;Sc;Ni;Be;V,357b921d00328f19fe9eadfe24acd266f57787cd50f457b02dec2b5bc1b775ca,False,False,Selected,0.8610063606470709,42.40342365662267,33.664408197334474,0.36935035273925965,0.8848393482239283,32.76132611996597,25.720269487211553,0.3361964412565247,0.706060072702438,3.2959906689002327,2.458273318071926,0.5371187906884008,0.8173019271911457,26.153580148496292,20.61431700087265,0.41422186156139507
R03_F05_k07_Native_ET_Physics,3,5,R03_F05,7,Native_ET_Physics,reduced physics-retained ExtraTrees,19,0.0,"{""model__max_depth"": 14, ""model__max_features"": 0.7, ""model__min_samples_leaf"": 1, ""model__n_estimators"": 500, ""selector__alpha"": 0.0, ""selector__n_features"": 7}",1064,b0b9467ac675984acee7d61fad59d83f7b4dbc3fa434ea8a18528a3a0b0fcab9,-0.45115101238576605,0.054204447911717274,0.45115101238576605,1,Selected_for_fixed_k,True,810,0.0,7,Tsol;Tage;tage;Zn;Mg;Cu;Fe,Zn;Tsol;Tage;Mg;Cu;tage;Fe;Ti;Zr;Mn;Si;Cr;Li;Sc;Ni;Be;V,357b921d00328f19fe9eadfe24acd266f57787cd50f457b02dec2b5bc1b775ca,False,False,Selected,0.8710335556285942,40.84527486622948,31.06269306963575,0.3557782692675966,0.8907786192725466,31.905330446214208,24.271431955657746,0.32741222116138824,0.6808073169853727,3.434655204360166,2.541838838940567,0.559715738034268,0.8142064972955044,25.39508683893462,19.291987954744688,0.4143020761544176
R03_F05_k08_Native_RF_Physics,3,5,R03_F05,8,Native_RF_Physics,reduced physics-retained RandomForest,9,0.25,"{""model__max_depth"": 14, ""model__max_features"": 1.0, ""model__min_samples_leaf"": 1, ""model__n_estimators"": 800, ""selector__alpha"": 0.25, ""selector__n_features"": 8}",1065,b0b9467ac675984acee7d61fad59d83f7b4dbc3fa434ea8a18528a3a0b0fcab9,-0.4644255595626293,0.07548642542960993,0.4644255595626293,1,Selected_for_fixed_k,True,1140,0.25,8,Tsol;Tage;tage;Zn;Mg;Fe;Ti;Cu,Zn;Tsol;Mg;Tage;Fe;Ti;Cu;Zr;Si;tage;Sc;Cr;Li;Mn;Be;Ni;V,357b921d00328f19fe9eadfe24acd266f57787cd50f457b02dec2b5bc1b775ca,False,False,Selected,0.8853165397299927,38.5171241873073,30.756242817408705,0.3354991691304606,0.8677564386979449,35.1072396541117,26.171341556296674,0.360270185365273,0.7549136081871997,3.0096519963669044,2.3258772094594113,0.4904566799701867,0.8359955288717126,25.544671945928638,19.75115386105493,0.3954086781553068
R03_F05_k09_Native_ET_Physics,3,5,R03_F05,9,Native_ET_Physics,reduced physics-retained ExtraTrees,18,0.25,"{""model__max_depth"": 14, ""model__max_features"": ""sqrt"", ""model__min_samples_leaf"": 1, ""model__n_estimators"": 800, ""selector__alpha"": 0.25, ""selector__n_features"": 9}",1066,b0b9467ac675984acee7d61fad59d83f7b4dbc3fa434ea8a18528a3a0b0fcab9,-0.45564812171654073,0.05519839038197875,0.45564812171654073,1,Selected_for_fixed_k,True,1090,0.25,9,Tsol;Tage;tage;Zn;Mg;Fe;Ti;Cu;Zr,Zn;Tsol;Mg;Tage;Fe;Ti;Cu;Zr;Si;tage;Sc;Cr;Li;Mn;Be;Ni;V,357b921d00328f19fe9eadfe24acd266f57787cd50f457b02dec2b5bc1b775ca,False,False,Selected,0.8718618048509303,40.71390519735409,28.588794329985333,0.35463398823191217,0.8917242405779237,31.76691456649066,23.48743417606388,0.3259917986178671,0.6838949867187267,3.41800248484375,2.577272267790862,0.5570019898878527,0.8158270107158603,25.299607416229502,18.217833591280023,0.41254259224587725
R03_F05_k10_Native_RF_Physics,3,5,R03_F05,10,Native_RF_Physics,reduced physics-retained RandomForest,20,0.25,"{""model__max_depth"": 14, ""model__max_features"": 0.7, ""model__min_samples_leaf"": 1, ""model__n_estimators"": 800, ""selector__alpha"": 0.25, ""selector__n_features"": 10}",1067,b0b9467ac675984acee7d61fad59d83f7b4dbc3fa434ea8a18528a3a0b0fcab9,-0.48172496985845326,0.02981015683605307,0.48172496985845326,1,Selected_for_fixed_k,True,1110,0.25,10,Tsol;Tage;tage;Zn;Mg;Fe;Ti;Cu;Zr;Si,Zn;Tsol;Mg;Tage;Fe;Ti;Cu;Zr;Si;tage;Sc;Cr;Li;Mn;Be;Ni;V,357b921d00328f19fe9eadfe24acd266f57787cd50f457b02dec2b5bc1b775ca,False,False,Selected,0.8992102899913417,36.108675432950434,27.499302981847126,0.3145206414488354,0.8896033126078264,32.07653414301397,23.08199408082371,0.3291691119961266,0.7533019421532055,3.019531381695183,2.3261766693832278,0.49206663704632136,0.8473718482507913,23.7349136525532,17.635824577351354,0.37858546349709443
R03_F05_k11_Native_ET_Physics,3,5,R03_F05,11,Native_ET_Physics,reduced physics-retained ExtraTrees,21,0.25,"{""model__max_depth"": 10, ""model__max_features"": 1.0, ""model__min_samples_leaf"": 1, ""model__n_estimators"": 300, ""selector__alpha"": 0.25, ""selector__n_features"": 11}",1068,b0b9467ac675984acee7d61fad59d83f7b4dbc3fa434ea8a18528a3a0b0fcab9,-0.4325094465378544,0.08698683263005763,0.4325094465378544,1,Selected_for_fixed_k,True,600,0.25,11,Tsol;Tage;tage;Zn;Mg;Fe;Ti;Cu;Zr;Si;Sc,Zn;Tsol;Mg;Tage;Fe;Ti;Cu;Zr;Si;tage;Sc;Cr;Li;Mn;Be;Ni;V,357b921d00328f19fe9eadfe24acd266f57787cd50f457b02dec2b5bc1b775ca,False,False,Selected,0.8808207224421165,39.26484017280982,29.159014257047307,0.34201206689151215,0.890987723467387,31.874774457025573,24.25738502673064,0.32709865586837555,0.648252916205422,3.6055534251058825,2.630947480134009,0.5875655273324784,0.8066871207049752,24.91505601831376,18.682448921303987,0.41889208336412204
R03_F05_k12_Native_ET_Physics,3,5,R03_F05,12,Native_ET_Physics,reduced physics-retained ExtraTrees,21,0.75,"{""model__max_depth"": 10, ""model__max_features"": 1.0, ""model__min_samples_leaf"": 1, ""model__n_estimators"": 800, ""selector__alpha"": 0.75, ""selector__n_features"": 12}",1069,b0b9467ac675984acee7d61fad59d83f7b4dbc3fa434ea8a18528a3a0b0fcab9,-0.459712856213223,0.06539161097039517,0.459712856213223,1,Selected_for_fixed_k,True,1100,0.75,12,Tsol;Tage;tage;Zn;Mg;Ti;Fe;Si;Sc;Zr;Cr;Cu,Zn;Mg;Tsol;Tage;Ti;Fe;Si;Sc;Zr;Cr;Cu;Li;Be;Ni;V;Mn;tage,357b921d00328f19fe9eadfe24acd266f57787cd50f457b02dec2b5bc1b775ca,False,False,Selected,0.8759456334193985,40.059865566262786,29.886441154970683,0.3489370480412986,0.8880276804649195,32.30462866076706,24.6764106938251,0.3315098159364343,0.6740428943212096,3.4708585001906265,2.5631205302049183,0.5656154727206771,0.8126720694018426,25.278450909073488,19.041990793000235,0.41535411223280333
R03_F05_k13_Native_ET_Physics,3,5,R03_F05,13,Native_ET_Physics,reduced physics-retained ExtraTrees,2,0.25,"{""model__max_depth"": 14, ""model__max_features"": ""sqrt"", ""model__min_samples_leaf"": 1, ""model__n_estimators"": 800, ""selector__alpha"": 0.25, ""selector__n_features"": 13}",1070,b0b9467ac675984acee7d61fad59d83f7b4dbc3fa434ea8a18528a3a0b0fcab9,-0.4590364072675815,0.042849664377908506,0.4590364072675815,1,Selected_for_fixed_k,True,1090,0.25,13,Tsol;Tage;tage;Zn;Mg;Fe;Ti;Cu;Zr;Si;Sc;Cr;Li,Zn;Tsol;Mg;Tage;Fe;Ti;Cu;Zr;Si;tage;Sc;Cr;Li;Mn;Be;Ni;V,357b921d00328f19fe9eadfe24acd266f57787cd50f457b02dec2b5bc1b775ca,False,False,Selected,0.8463172081215651,44.58780370690785,31.92727381474611,0.38837715464617184,0.8567561419760054,36.53822287312861,26.581827129409604,0.3749549226060557,0.6510315041300394,3.5912843509411227,2.6786827385896324,0.5852402210347587,0.78470161807587,28.239103643659195,20.395927894248448,0.44952409942899535
R03_F05_k14_Native_ET_Physics,3,5,R03_F05,14,Native_ET_Physics,reduced physics-retained ExtraTrees,22,0.5,"{""model__max_depth"": 14, ""model__max_features"": 0.7, ""model__min_samples_leaf"": 1, ""model__n_estimators"": 300, ""selector__alpha"": 0.5, ""selector__n_features"": 14}",1071,b0b9467ac675984acee7d61fad59d83f7b4dbc3fa434ea8a18528a3a0b0fcab9,-0.4586130277959114,0.031553547403666435,0.4586130277959114,1,Selected_for_fixed_k,True,610,0.5,14,Tsol;Tage;tage;Zn;Mg;Fe;Ti;Si;Cu;Zr;Sc;Cr;Li;Mn,Zn;Mg;Tsol;Tage;Fe;Ti;Si;Cu;Zr;Sc;Cr;Li;tage;Mn;Be;Ni;V,357b921d00328f19fe9eadfe24acd266f57787cd50f457b02dec2b5bc1b775ca,False,False,Selected,0.8703875900110006,40.94743976285872,29.75812301062777,0.35666816535035517,0.8829558514381269,33.02815158587838,24.33430964854951,0.33893460184709057,0.6514637385565225,3.5890595688865554,2.645516320844783,0.584877667749044,0.8016023933352168,25.854883639207888,18.912649660007354,0.4268268116488299
R03_F05_k15_Independent_ET_Physics,3,5,R03_F05,15,Independent_ET_Physics,reduced physics-retained independent ET,2,0.75,"{""model__estimator__max_depth"": 10, ""model__estimator__max_features"": 0.7, ""model__estimator__min_samples_leaf"": 1, ""model__estimator__n_estimators"": 800, ""selector__alpha"": 0.75, ""selector__n_features"": 15}",1072,b0b9467ac675984acee7d61fad59d83f7b4dbc3fa434ea8a18528a3a0b0fcab9,-0.4657929907408997,0.03299333633837269,0.4657929907408997,1,Selected_for_fixed_k,True,1070,0.75,15,Tsol;Tage;tage;Zn;Mg;Ti;Fe;Si;Sc;Zr;Cr;Cu;Li;Be;Ni,Zn;Mg;Tsol;Tage;Ti;Fe;Si;Sc;Zr;Cr;Cu;Li;Be;Ni;V;Mn;tage,357b921d00328f19fe9eadfe24acd266f57787cd50f457b02dec2b5bc1b775ca,False,False,Selected,0.8716556743887981,40.74663940155128,30.806904890267514,0.3549191159132234,0.8678658003369697,35.09272031068884,26.029563074724575,0.36012118799043313,0.7168029856740488,3.2351991328243526,2.321671831117146,0.5272121254028277,0.8187748201332722,26.358186281688152,19.71937993203641,0.4140841431021614
R03_F05_k16_Native_ET_Physics,3,5,R03_F05,16,Native_ET_Physics,reduced physics-retained ExtraTrees,12,0.5,"{""model__max_depth"": 14, ""model__max_features"": 1.0, ""model__min_samples_leaf"": 1, ""model__n_estimators"": 500, ""selector__alpha"": 0.5, ""selector__n_features"": 16}",1073,b0b9467ac675984acee7d61fad59d83f7b4dbc3fa434ea8a18528a3a0b0fcab9,-0.4573557959442163,0.04711285369210665,0.4573557959442163,1,Selected_for_fixed_k,True,840,0.5,16,Tsol;Tage;tage;Zn;Mg;Fe;Ti;Si;Cu;Zr;Sc;Cr;Li;Mn;Be;Ni,Zn;Mg;Tsol;Tage;Fe;Ti;Si;Cu;Zr;Sc;Cr;Li;tage;Mn;Be;Ni;V,357b921d00328f19fe9eadfe24acd266f57787cd50f457b02dec2b5bc1b775ca,False,False,Selected,0.8729444986041341,40.5415358255996,30.24242974323681,0.35313258379875806,0.886204205352607,32.56660767095484,24.72142560905072,0.33419824224086775,0.6552540780233815,3.5694906697387716,2.615787204328806,0.5816886952969867,0.8048009273267075,25.559211388764407,19.193214185538775,0.4230065071122042
R03_F05_k17_Native_ET_Physics,3,5,R03_F05,17,Native_ET_Physics,reduced physics-retained ExtraTrees,12,0.25,"{""model__max_depth"": 14, ""model__max_features"": 0.7, ""model__min_samples_leaf"": 1, ""model__n_estimators"": 500, ""selector__alpha"": 0.25, ""selector__n_features"": 17}",1074,b0b9467ac675984acee7d61fad59d83f7b4dbc3fa434ea8a18528a3a0b0fcab9,-0.4348870186053147,0.06805932745963536,0.4348870186053147,1,Selected_for_fixed_k,True,810,0.25,17,Tsol;Tage;tage;Zn;Mg;Fe;Ti;Cu;Zr;Si;Sc;Cr;Li;Mn;Be;Ni;V,Zn;Tsol;Mg;Tage;Fe;Ti;Cu;Zr;Si;tage;Sc;Cr;Li;Mn;Be;Ni;V,357b921d00328f19fe9eadfe24acd266f57787cd50f457b02dec2b5bc1b775ca,False,False,Selected,0.8674726956842818,41.4053196621801,30.63789509840267,0.3606564777964459,0.8816486562582577,33.212075185831424,24.63042924173588,0.3408220242164072,0.6351198991247331,3.672246046598472,2.711631105100049,0.5984338409299472,0.7947470836890909,26.096546964869997,19.326651815079533,0.4333041143142668
R04_F01_k03_Independent_ET_Physics,4,1,R04_F01,3,Independent_ET_Physics,reduced physics-retained independent ET,24,1.0,"{""model__estimator__max_depth"": null, ""model__estimator__max_features"": 1.0, ""model__estimator__min_samples_leaf"": 2, ""model__estimator__n_estimators"": 800, ""selector__alpha"": 1.0, ""selector__n_features"": 3}",1061,02cbb96fbed72648827a93a97f0129355483262cb02302396b38799ac9bf1eeb,-0.5808020501561888,0.025696469608565937,0.5808020501561888,1,Selected_for_fixed_k,True,1100,1.0,3,Tsol;Tage;tage,Zn;Mg;Tsol;Ti;Fe;Si;Sc;Tage;Cu;Zr;Cr;Li;Be;Ni;V;Mn;tage,fd79b5e269f655c6cb004c9275635a67999203163f8da105392bad3570106d0c,False,False,Selected,0.8383263487716219,51.929803408042424,40.44588483032033,0.398346199585422,0.7695729884373695,51.33179707133261,39.332064432509476,0.47556266115186235,0.5369563575991867,4.9468291492898695,3.2965888401626646,0.6741429819660897,0.7149518982693928,36.0694765428883,27.691512700997492,0.5160172809011246
R04_F01_k04_Native_ET_Physics,4,1,R04_F01,4,Native_ET_Physics,reduced physics-retained ExtraTrees,17,0.75,"{""model__max_depth"": null, ""model__max_features"": ""sqrt"", ""model__min_samples_leaf"": 1, ""model__n_estimators"": 300, ""selector__alpha"": 0.75, ""selector__n_features"": 4}",1062,02cbb96fbed72648827a93a97f0129355483262cb02302396b38799ac9bf1eeb,-0.47985658190457015,0.0528110641964277,0.47985658190457015,1,Selected_for_fixed_k,True,450,0.75,4,Tsol;Tage;tage;Zn,Zn;Mg;Tsol;Tage;Ti;Fe;Si;Cu;Sc;Zr;Cr;Li;Be;Ni;Mn;V;tage,fd79b5e269f655c6cb004c9275635a67999203163f8da105392bad3570106d0c,False,False,Selected,0.904641078399349,39.88207269350898,26.974085802468945,0.30592975606351747,0.8674477479401643,38.9325930620102,26.175567438271784,0.3606904222812054,0.6781102487448085,4.124483048402226,2.6832143518518423,0.5620754664061142,0.8167330250281073,27.646382934640467,18.610955864197525,0.4095652149169457
R04_F01_k05_RegressorChain_ET_Physics,4,1,R04_F01,5,RegressorChain_ET_Physics,reduced physics-retained regressor chain,12,0.5,"{""model__base_estimator__max_depth"": null, ""model__base_estimator__max_features"": 0.7, ""model__base_estimator__min_samples_leaf"": 1, ""model__base_estimator__n_estimators"": 800, ""selector__alpha"": 0.5, ""selector__n_features"": 5}",1063,02cbb96fbed72648827a93a97f0129355483262cb02302396b38799ac9bf1eeb,-0.48430485765841136,0.08756154849577906,0.48430485765841136,1,Selected_for_fixed_k,True,970,0.5,5,Tsol;Tage;tage;Zn;Mg,Zn;Mg;Tsol;Tage;Ti;Cu;Fe;Si;Sc;Zr;Cr;tage;Li;Mn;Be;Ni;V,fd79b5e269f655c6cb004c9275635a67999203163f8da105392bad3570106d0c,False,False,Selected,0.8963987923200257,41.56994637134684,29.109729803240995,0.3188771970477221,0.8482200783948712,41.660735897143056,28.074024537037403,0.3859652605042906,0.6080375633547999,4.5513283969954825,2.7406689814814786,0.6202450104624965,0.7842188113565657,29.26067022182846,19.97480777391996,0.4416958226715031
R04_F01_k06_Native_ET_Physics,4,1,R04_F01,6,Native_ET_Physics,reduced physics-retained ExtraTrees,19,0.0,"{""model__max_depth"": 14, ""model__max_features"": 0.7, ""model__min_samples_leaf"": 1, ""model__n_estimators"": 500, ""selector__alpha"": 0.0, ""selector__n_features"": 6}",1064,02cbb96fbed72648827a93a97f0129355483262cb02302396b38799ac9bf1eeb,-0.45926269940952313,0.0627216744801564,0.45926269940952313,1,Selected_for_fixed_k,True,810,0.0,6,Tsol;Tage;tage;Zn;Mg;Cu,Zn;Tage;Tsol;Mg;tage;Cu;Ti;Fe;Zr;Mn;Si;Cr;Li;Sc;Ni;Be;V,fd79b5e269f655c6cb004c9275635a67999203163f8da105392bad3570106d0c,False,False,Selected,0.8918418929408801,42.474335594023934,29.019128333956814,0.32581463925154996,0.9075583385652403,32.512745623225044,22.163969463493192,0.30121384233729626,0.6606565541039063,4.234827076226771,2.6090147113727933,0.5771129075052204,0.8200189285366756,26.407302764491913,17.930704169607598,0.40138046303135555
R04_F01_k07_Native_ET_Physics,4,1,R04_F01,7,Native_ET_Physics,reduced physics-retained ExtraTrees,12,0.0,"{""model__max_depth"": 14, ""model__max_features"": 0.7, ""model__min_samples_leaf"": 1, ""model__n_estimators"": 800, ""selector__alpha"": 0.0, ""selector__n_features"": 7}",1065,02cbb96fbed72648827a93a97f0129355483262cb02302396b38799ac9bf1eeb,-0.4636018702932242,0.060389729668213654,0.4636018702932242,1,Selected_for_fixed_k,True,1110,0.0,7,Tsol;Tage;tage;Zn;Mg;Cu;Ti,Zn;Tage;Tsol;Mg;tage;Cu;Ti;Fe;Zr;Mn;Si;Cr;Li;Sc;Ni;Be;V,fd79b5e269f655c6cb004c9275635a67999203163f8da105392bad3570106d0c,False,False,Selected,0.8781528685891539,45.082159359960876,30.432172589359226,0.3458188876440759,0.8878945681380387,35.804128160418664,23.044180856345974,0.33170680630038185,0.6497138155499526,4.302565125673673,2.6206267990476753,0.5863440997030055,0.8052537507590484,28.39628421535107,18.698993414917627,0.42128993121582115
R04_F01_k08_Native_ET_Physics,4,1,R04_F01,8,Native_ET_Physics,reduced physics-retained ExtraTrees,22,0.25,"{""model__max_depth"": null, ""model__max_features"": 0.7, ""model__min_samples_leaf"": 1, ""model__n_estimators"": 500, ""selector__alpha"": 0.25, ""selector__n_features"": 8}",1066,02cbb96fbed72648827a93a97f0129355483262cb02302396b38799ac9bf1eeb,-0.43615651660109245,0.02690549360836328,0.43615651660109245,1,Selected_for_fixed_k,True,670,0.25,8,Tsol;Tage;tage;Zn;Mg;Cu;Ti;Fe,Zn;Tsol;Mg;Tage;Cu;Ti;Fe;tage;Si;Zr;Sc;Cr;Li;Mn;Be;Ni;V,fd79b5e269f655c6cb004c9275635a67999203163f8da105392bad3570106d0c,False,False,Selected,0.8847806357436334,43.838914553133606,29.831659259258963,0.336282132034536,0.8941869849594969,34.784784702555285,22.128334074074267,0.32226311418152603,0.6249132628888618,4.452273166446777,2.7335937037036904,0.6067459817946014,0.8012936278639975,27.691990807378556,18.231195679012306,0.42176374267022115
R04_F01_k09_Native_ET_Physics,4,1,R04_F01,9,Native_ET_Physics,reduced physics-retained ExtraTrees,20,0.25,"{""model__max_depth"": 14, ""model__max_features"": 0.7, ""model__min_samples_leaf"": 1, ""model__n_estimators"": 800, ""selector__alpha"": 0.25, ""selector__n_features"": 9}",1067,02cbb96fbed72648827a93a97f0129355483262cb02302396b38799ac9bf1eeb,-0.4370024064907385,0.03195838266579326,0.4370024064907385,1,Selected_for_fixed_k,True,1110,0.25,9,Tsol;Tage;tage;Zn;Mg;Cu;Ti;Fe;Si,Zn;Tsol;Mg;Tage;Cu;Ti;Fe;tage;Si;Zr;Sc;Cr;Li;Mn;Be;Ni;V,fd79b5e269f655c6cb004c9275635a67999203163f8da105392bad3570106d0c,False,False,Selected,0.8869210081814212,43.42981897351259,30.235171083273237,0.33314401752775186,0.8961302604791382,34.46389006248987,22.5146790718905,0.31929019061980435,0.6217033021815005,4.471283669922345,2.7309094953812285,0.6093366913410461,0.8015848569473533,27.454997568641602,18.493586550181657,0.4205902998295341
R04_F01_k10_Independent_ET_Physics,4,1,R04_F01,10,Independent_ET_Physics,reduced physics-retained independent ET,9,0.0,"{""model__estimator__max_depth"": null, ""model__estimator__max_features"": ""sqrt"", ""model__estimator__min_samples_leaf"": 1, ""model__estimator__n_estimators"": 300, ""selector__alpha"": 0.0, ""selector__n_features"": 10}",1068,02cbb96fbed72648827a93a97f0129355483262cb02302396b38799ac9bf1eeb,-0.44576033592900305,0.04798933960692111,0.44576033592900305,1,Selected_for_fixed_k,True,450,0.0,10,Tsol;Tage;tage;Zn;Mg;Cu;Ti;Fe;Zr;Mn,Zn;Tage;Tsol;Mg;tage;Cu;Ti;Fe;Zr;Mn;Si;Cr;Li;Sc;Ni;Be;V,fd79b5e269f655c6cb004c9275635a67999203163f8da105392bad3570106d0c,False,False,Selected,0.8800748122627978,44.72519664548941,30.255256018518335,0.3430806769948636,0.8946921183552546,34.70165704190558,23.35781172839524,0.3214929792209485,0.6554290459608738,4.26732068642276,2.5627299382716036,0.5815410651414129,0.8100653255263088,27.898058124605914,18.725265895061725,0.4153715737857417
R04_F01_k11_Native_ET_Physics,4,1,R04_F01,11,Native_ET_Physics,reduced physics-retained ExtraTrees,21,0.75,"{""model__max_depth"": 10, ""model__max_features"": 1.0, ""model__min_samples_leaf"": 1, ""model__n_estimators"": 800, ""selector__alpha"": 0.75, ""selector__n_features"": 11}",1069,02cbb96fbed72648827a93a97f0129355483262cb02302396b38799ac9bf1eeb,-0.44948508991611824,0.03662315741702826,0.44948508991611824,1,Selected_for_fixed_k,True,1100,0.75,11,Tsol;Tage;tage;Zn;Mg;Ti;Fe;Si;Cu;Sc;Zr,Zn;Mg;Tsol;Tage;Ti;Fe;Si;Cu;Sc;Zr;Cr;Li;Be;Ni;Mn;V;tage,fd79b5e269f655c6cb004c9275635a67999203163f8da105392bad3570106d0c,False,False,Selected,0.8905106189771624,42.73493576557597,28.874172952869475,0.3278136664216198,0.9105014913441659,31.99098957401281,22.18658073901561,0.2963800412745623,0.6304518141185406,4.4192796632434845,2.679786660118814,0.6022496998402977,0.8104879748132897,26.38173500094409,17.913513450667967,0.40881446917882663
R04_F01_k12_Native_ET_Physics,4,1,R04_F01,12,Native_ET_Physics,reduced physics-retained ExtraTrees,8,0.25,"{""model__max_depth"": 14, ""model__max_features"": 0.7, ""model__min_samples_leaf"": 1, ""model__n_estimators"": 800, ""selector__alpha"": 0.25, ""selector__n_features"": 12}",1070,02cbb96fbed72648827a93a97f0129355483262cb02302396b38799ac9bf1eeb,-0.47003865071889345,0.08154663512591848,0.47003865071889345,1,Selected_for_fixed_k,True,1110,0.25,12,Tsol;Tage;tage;Zn;Mg;Cu;Ti;Fe;Si;Zr;Sc;Cr,Zn;Tsol;Mg;Tage;Cu;Ti;Fe;tage;Si;Zr;Sc;Cr;Li;Mn;Be;Ni;V,fd79b5e269f655c6cb004c9275635a67999203163f8da105392bad3570106d0c,False,False,Selected,0.8966699309249451,41.51551360089196,28.672107588920113,0.31845965094085105,0.9080236745149423,32.43081050405606,22.004312243215626,0.30045475565931284,0.6519748757655996,4.2886563433443445,2.5183610860646093,0.5844486414787495,0.8188894937351624,26.078326816097455,17.731593639400113,0.4011210160263045
R04_F01_k13_RegressorChain_ET_Physics,4,1,R04_F01,13,RegressorChain_ET_Physics,reduced physics-retained regressor chain,22,0.5,"{""model__base_estimator__max_depth"": 14, ""model__base_estimator__max_features"": 0.7, ""model__base_estimator__min_samples_leaf"": 1, ""model__base_estimator__n_estimators"": 300, ""selector__alpha"": 0.5, ""selector__n_features"": 13}",1071,02cbb96fbed72648827a93a97f0129355483262cb02302396b38799ac9bf1eeb,-0.462999387877681,0.053767757094615266,0.462999387877681,1,Selected_for_fixed_k,True,610,0.5,13,Tsol;Tage;tage;Zn;Mg;Ti;Cu;Fe;Si;Sc;Zr;Cr;Li,Zn;Mg;Tsol;Tage;Ti;Cu;Fe;Si;Sc;Zr;Cr;tage;Li;Mn;Be;Ni;V,fd79b5e269f655c6cb004c9275635a67999203163f8da105392bad3570106d0c,False,False,Selected,0.8890486340963314,43.01930420173122,29.36863619464743,0.32999501659801866,0.8940853658724525,34.80148373431706,23.0331613774279,0.3224178221098741,0.6554941977441916,4.266917232949784,2.388748750710519,0.5814860833906493,0.8128760659043252,27.36256838966602,18.263515440928614,0.41129964069951397
R04_F01_k14_Independent_ET_Physics,4,1,R04_F01,14,Independent_ET_Physics,reduced physics-retained independent ET,23,1.0,"{""model__estimator__max_depth"": 10, ""model__estimator__max_features"": 0.7, ""model__estimator__min_samples_leaf"": 1, ""model__estimator__n_estimators"": 300, ""selector__alpha"": 1.0, ""selector__n_features"": 14}",1072,02cbb96fbed72648827a93a97f0129355483262cb02302396b38799ac9bf1eeb,-0.4516557714959747,0.050185986510768714,0.4516557714959747,1,Selected_for_fixed_k,True,570,1.0,14,Tsol;Tage;tage;Zn;Mg;Ti;Fe;Si;Sc;Cu;Zr;Cr;Li;Be,Zn;Mg;Tsol;Ti;Fe;Si;Sc;Tage;Cu;Zr;Cr;Li;Be;Ni;V;Mn;tage,fd79b5e269f655c6cb004c9275635a67999203163f8da105392bad3570106d0c,False,False,Selected,0.8843281012873192,43.92492083410257,29.593084182979677,0.3369418740885403,0.8897905204612566,35.50007337637366,23.00389045864051,0.3288898953312323,0.6382460464980757,4.37242724135607,2.6077776165002353,0.5958647549694912,0.8041215560822171,27.93247381727743,18.401584086040142,0.4205655081297546
R04_F01_k15_Independent_ET_Physics,4,1,R04_F01,15,Independent_ET_Physics,reduced physics-retained independent ET,3,0.0,"{""model__estimator__max_depth"": 14, ""model__estimator__max_features"": 1.0, ""model__estimator__min_samples_leaf"": 1, ""model__estimator__n_estimators"": 800, ""selector__alpha"": 0.0, ""selector__n_features"": 15}",1073,02cbb96fbed72648827a93a97f0129355483262cb02302396b38799ac9bf1eeb,-0.47704351450148214,0.06972650899570532,0.47704351450148214,1,Selected_for_fixed_k,True,1140,0.0,15,Tsol;Tage;tage;Zn;Mg;Cu;Ti;Fe;Zr;Mn;Si;Cr;Li;Sc;Ni,Zn;Tage;Tsol;Mg;tage;Cu;Ti;Fe;Zr;Mn;Si;Cr;Li;Sc;Ni;Be;V,fd79b5e269f655c6cb004c9275635a67999203163f8da105392bad3570106d0c,False,False,Selected,0.8941010083923921,42.02841070500474,29.621398116632324,0.3223940123054861,0.8932170686670867,34.94384532291635,24.426673444064207,0.3237367289041561,0.6243388203445226,4.4556811737090785,2.564929460840267,0.6072104175187865,0.8038856324680005,27.142645733876723,18.871000340512264,0.41778038624280955
R04_F01_k16_Native_ET_Physics,4,1,R04_F01,16,Native_ET_Physics,reduced physics-retained ExtraTrees,21,0.5,"{""model__max_depth"": 10, ""model__max_features"": 1.0, ""model__min_samples_leaf"": 1, ""model__n_estimators"": 800, ""selector__alpha"": 0.5, ""selector__n_features"": 16}",1074,02cbb96fbed72648827a93a97f0129355483262cb02302396b38799ac9bf1eeb,-0.46015422716111115,0.03725256032631917,0.46015422716111115,1,Selected_for_fixed_k,True,1100,0.5,16,Tsol;Tage;tage;Zn;Mg;Ti;Cu;Fe;Si;Sc;Zr;Cr;Li;Mn;Be;Ni,Zn;Mg;Tsol;Tage;Ti;Cu;Fe;Si;Sc;Zr;Cr;tage;Li;Mn;Be;Ni;V,fd79b5e269f655c6cb004c9275635a67999203163f8da105392bad3570106d0c,False,False,Selected,0.8897089425184026,42.89110209140233,29.12889632392229,0.3290115962868138,0.898070974982718,34.1404082448102,23.1861465251407,0.3162932981900263,0.639653650262236,4.363912277424862,2.6467247669165808,0.5947043544376186,0.8091445225877855,27.13180753787913,18.320589205326524,0.4133364163048195
R04_F01_k17_Native_ET_Physics,4,1,R04_F01,17,Native_ET_Physics,reduced physics-retained ExtraTrees,10,0.25,"{""model__max_depth"": 14, ""model__max_features"": 1.0, ""model__min_samples_leaf"": 1, ""model__n_estimators"": 500, ""selector__alpha"": 0.25, ""selector__n_features"": 17}",1075,02cbb96fbed72648827a93a97f0129355483262cb02302396b38799ac9bf1eeb,-0.45076659734218055,0.037478356939258384,0.45076659734218055,1,Selected_for_fixed_k,True,840,0.25,17,Tsol;Tage;tage;Zn;Mg;Cu;Ti;Fe;Si;Zr;Sc;Cr;Li;Mn;Be;Ni;V,Zn;Tsol;Mg;Tage;Cu;Ti;Fe;tage;Si;Zr;Sc;Cr;Li;Mn;Be;Ni;V,fd79b5e269f655c6cb004c9275635a67999203163f8da105392bad3570106d0c,False,False,Selected,0.891855200625822,42.47172250990497,29.6352906711496,0.3257945946517311,0.9005527954852062,33.722212809018174,22.972545437477923,0.3124189328711879,0.6376970075150532,4.375744030025248,2.566308965662287,0.5963167596246979,0.8100350012086938,26.856559782982796,18.391381691429938,0.4115100957158723
R04_F02_k03_Native_RF_Physics,4,2,R04_F02,3,Native_RF_Physics,reduced physics-retained RandomForest,16,0.75,"{""model__max_depth"": 14, ""model__max_features"": ""sqrt"", ""model__min_samples_leaf"": 1, ""model__n_estimators"": 500, ""selector__alpha"": 0.75, ""selector__n_features"": 3}",1062,fbaa0bd85ecced94b8a49a4cd79e4a51b6b0329b0512eafb92a1a9adfe6aee7e,-0.6190876722513476,0.021322025050406562,0.6190876722513476,1,Selected_for_fixed_k,True,790,0.75,3,Tsol;Tage;tage,Zn;Mg;Tsol;Tage;Si;Ti;Cu;Fe;Sc;Li;Zr;Cr;Be;Ni;tage;Mn;V,37d5df7bd9abebf7b675d6447da2bba21431f28741ae2b5ef09f2f9697165280,False,False,Selected,0.8222546094137828,60.57416500225748,44.12330967027298,0.4176766803151272,0.7035775680810896,65.86202461961813,50.23440509596936,0.5393821721415305,0.4006354438384969,6.732126796509454,3.9414760371458297,0.7669844930172206,0.6421558737777898,44.38943880612835,32.766396934462726,0.5746811151579595
R04_F02_k04_Native_ET_Physics,4,2,R04_F02,4,Native_ET_Physics,reduced physics-retained ExtraTrees,12,0.5,"{""model__max_depth"": null, ""model__max_features"": 0.7, ""model__min_samples_leaf"": 1, ""model__n_estimators"": 800, ""selector__alpha"": 0.5, ""selector__n_features"": 4}",1063,fbaa0bd85ecced94b8a49a4cd79e4a51b6b0329b0512eafb92a1a9adfe6aee7e,-0.5049277402911418,0.07796025856780966,0.5049277402911418,1,Selected_for_fixed_k,True,970,0.5,4,Tsol;Tage;tage;Zn,Zn;Mg;Tsol;Tage;Cu;Ti;Si;Fe;Sc;Zr;Li;Cr;tage;Be;Ni;Mn;V,37d5df7bd9abebf7b675d6447da2bba21431f28741ae2b5ef09f2f9697165280,False,False,Selected,0.8682649907878186,52.14814515660631,37.29158028549419,0.359576795698149,0.7504028306257324,60.436509227124866,42.32808051697548,0.4949494919393698,0.4788745478325994,6.277372508189749,3.513010763888896,0.715174790405092,0.6991807897487168,39.62067563064031,27.710890522119524,0.5232336926808703
R04_F02_k05_Native_ET_Physics,4,2,R04_F02,5,Native_ET_Physics,reduced physics-retained ExtraTrees,23,0.75,"{""model__max_depth"": null, ""model__max_features"": 1.0, ""model__min_samples_leaf"": 1, ""model__n_estimators"": 300, ""selector__alpha"": 0.75, ""selector__n_features"": 5}",1064,fbaa0bd85ecced94b8a49a4cd79e4a51b6b0329b0512eafb92a1a9adfe6aee7e,-0.5026360970707521,0.028397215294711634,0.5026360970707521,1,Selected_for_fixed_k,True,500,0.75,5,Tsol;Tage;tage;Zn;Mg,Zn;Mg;Tsol;Tage;Si;Ti;Cu;Fe;Sc;Li;Zr;Cr;Be;Ni;tage;Mn;V,37d5df7bd9abebf7b675d6447da2bba21431f28741ae2b5ef09f2f9697165280,False,False,Selected,0.8980359537674804,45.87877287608985,34.578808641975236,0.3163476302331656,0.8393755186231338,48.48254543704483,34.98028539094654,0.3970515759242888,0.5270690759387924,5.98006101165041,3.3924409465020635,0.6813023880671489,0.7548268494431355,33.447126441595024,24.317178326474615,0.4649005314082011
R04_F02_k06_Native_RF_Physics,4,2,R04_F02,6,Native_RF_Physics,reduced physics-retained RandomForest,12,0.0,"{""model__max_depth"": 14, ""model__max_features"": 0.7, ""model__min_samples_leaf"": 1, ""model__n_estimators"": 800, ""selector__alpha"": 0.0, ""selector__n_features"": 6}",1065,fbaa0bd85ecced94b8a49a4cd79e4a51b6b0329b0512eafb92a1a9adfe6aee7e,-0.4678903446372707,0.0478082342712312,0.4678903446372707,1,Selected_for_fixed_k,True,1110,0.0,6,Tsol;Tage;tage;Zn;Mg;Cu,Zn;Mg;Tsol;Tage;Cu;tage;Ti;Zr;Fe;Si;Li;Mn;Sc;Cr;Ni;Be;V,37d5df7bd9abebf7b675d6447da2bba21431f28741ae2b5ef09f2f9697165280,False,False,Selected,0.8658889971643916,52.61631970168056,40.52398275322167,0.36280499685927714,0.8888709954359268,40.32675307506982,30.386810915575104,0.3302590801705667,0.47306327622042266,6.31227617709036,3.6438361396538994,0.7191513305989067,0.7426077562735803,33.085116317946905,24.851543269483557,0.4707384692095835
R04_F02_k07_Native_RF_Physics,4,2,R04_F02,7,Native_RF_Physics,reduced physics-retained RandomForest,22,0.25,"{""model__max_depth"": null, ""model__max_features"": 0.7, ""model__min_samples_leaf"": 1, ""model__n_estimators"": 500, ""selector__alpha"": 0.25, ""selector__n_features"": 7}",1066,fbaa0bd85ecced94b8a49a4cd79e4a51b6b0329b0512eafb92a1a9adfe6aee7e,-0.46562070262203054,0.02395749047475482,0.46562070262203054,1,Selected_for_fixed_k,True,670,0.25,7,Tsol;Tage;tage;Zn;Mg;Cu;Ti,Zn;Mg;Tsol;Tage;Cu;Ti;Fe;Si;Zr;tage;Sc;Li;Cr;Mn;Be;Ni;V,37d5df7bd9abebf7b675d6447da2bba21431f28741ae2b5ef09f2f9697165280,False,False,Selected,0.870701002333623,51.6637399636934,39.60273110023507,0.3562366794473392,0.8896773089634903,40.1801882659038,30.467961041740004,0.32905877626882596,0.47854802064660673,6.279338840664751,3.6102421219870737,0.7153988127032498,0.7463087773145732,32.70775569008732,24.560311421320716,0.4668980894731383
R04_F02_k08_Native_RF_Physics,4,2,R04_F02,8,Native_RF_Physics,reduced physics-retained RandomForest,16,0.5,"{""model__max_depth"": 14, ""model__max_features"": 0.7, ""model__min_samples_leaf"": 1, ""model__n_estimators"": 800, ""selector__alpha"": 0.5, ""selector__n_features"": 8}",1067,fbaa0bd85ecced94b8a49a4cd79e4a51b6b0329b0512eafb92a1a9adfe6aee7e,-0.46835490784575473,0.04838009420956232,0.46835490784575473,1,Selected_for_fixed_k,True,1110,0.5,8,Tsol;Tage;tage;Zn;Mg;Cu;Ti;Si,Zn;Mg;Tsol;Tage;Cu;Ti;Si;Fe;Sc;Zr;Li;Cr;tage;Be;Ni;Mn;V,37d5df7bd9abebf7b675d6447da2bba21431f28741ae2b5ef09f2f9697165280,False,False,Selected,0.8638006770069344,53.02439684238631,40.96413154506517,0.36561880874485764,0.8921272263378967,39.731546224220125,30.1990717855759,0.325384587381452,0.4668273079930684,6.34951725022352,3.612247626781019,0.7233941689262037,0.7409184037792999,33.03515343894332,24.925150319140695,0.47146585501750443
R04_F02_k09_Native_RF_Physics,4,2,R04_F02,9,Native_RF_Physics,reduced physics-retained RandomForest,15,0.5,"{""model__max_depth"": 14, ""model__max_features"": ""sqrt"", ""model__min_samples_leaf"": 1, ""model__n_estimators"": 300, ""selector__alpha"": 0.5, ""selector__n_features"": 9}",1068,fbaa0bd85ecced94b8a49a4cd79e4a51b6b0329b0512eafb92a1a9adfe6aee7e,-0.45346618843542397,0.03271445910355644,0.45346618843542397,1,Selected_for_fixed_k,True,590,0.5,9,Tsol;Tage;tage;Zn;Mg;Cu;Ti;Si;Fe,Zn;Mg;Tsol;Tage;Cu;Ti;Si;Fe;Sc;Zr;Li;Cr;tage;Be;Ni;Mn;V,37d5df7bd9abebf7b675d6447da2bba21431f28741ae2b5ef09f2f9697165280,False,False,Selected,0.8609923505546685,53.568268957061356,40.93524172405096,0.36936896690824256,0.8844570395651954,41.1198279956054,31.32056610526809,0.33675402890285994,0.4754564933315448,6.297925460574348,3.5212825715077116,0.717516367775988,0.7403019611504695,33.662007471080365,25.25903013360892,0.47454645452903016
R04_F02_k10_Native_ET_Physics,4,2,R04_F02,10,Native_ET_Physics,reduced physics-retained ExtraTrees,21,0.75,"{""model__max_depth"": 10, ""model__max_features"": 1.0, ""model__min_samples_leaf"": 1, ""model__n_estimators"": 800, ""selector__alpha"": 0.75, ""selector__n_features"": 10}",1069,fbaa0bd85ecced94b8a49a4cd79e4a51b6b0329b0512eafb92a1a9adfe6aee7e,-0.468586459758911,0.030742308902778306,0.468586459758911,1,Selected_for_fixed_k,True,1100,0.75,10,Tsol;Tage;tage;Zn;Mg;Si;Ti;Cu;Fe;Sc,Zn;Mg;Tsol;Tage;Si;Ti;Cu;Fe;Sc;Li;Zr;Cr;Be;Ni;tage;Mn;V,37d5df7bd9abebf7b675d6447da2bba21431f28741ae2b5ef09f2f9697165280,False,False,Selected,0.8624992746939698,53.27712208924263,37.7409671396118,0.3673614236390924,0.8923074477030329,39.69834291220667,29.17682526921899,0.3251126662757838,0.47280686024199536,6.313811818412626,3.5568627476603303,0.7193262846834948,0.7425378608796661,33.09642560662064,23.491551718830376,0.4706001248661236
R04_F02_k11_Native_ET_Physics,4,2,R04_F02,11,Native_ET_Physics,reduced physics-retained ExtraTrees,22,1.0,"{""model__max_depth"": null, ""model__max_features"": ""sqrt"", ""model__min_samples_leaf"": 1, ""model__n_estimators"": 500, ""selector__alpha"": 1.0, ""selector__n_features"": 11}",1070,fbaa0bd85ecced94b8a49a4cd79e4a51b6b0329b0512eafb92a1a9adfe6aee7e,-0.4723344477961371,0.04003387649328857,0.4723344477961371,1,Selected_for_fixed_k,True,650,1.0,11,Tsol;Tage;tage;Zn;Mg;Si;Ti;Sc;Fe;Cu;Li,Zn;Mg;Tsol;Tage;Si;Ti;Sc;Fe;Cu;Li;Zr;Cr;Be;Ni;V;Mn;tage,37d5df7bd9abebf7b675d6447da2bba21431f28741ae2b5ef09f2f9697165280,False,False,Selected,0.8170398099640896,61.4563218151661,43.27785833333334,0.42375941094986747,0.849281722254226,46.96372164668255,33.98940944444437,0.3846130503873466,0.46497593577655094,6.360531629784683,3.376981975308647,0.7246490262066694,0.7104324893316222,38.26019169721111,26.881416584362118,0.5110071625146279
R04_F02_k12_Native_RF_Physics,4,2,R04_F02,12,Native_RF_Physics,reduced physics-retained RandomForest,22,0.5,"{""model__max_depth"": 14, ""model__max_features"": 0.7, ""model__min_samples_leaf"": 1, ""model__n_estimators"": 300, ""selector__alpha"": 0.5, ""selector__n_features"": 12}",1071,fbaa0bd85ecced94b8a49a4cd79e4a51b6b0329b0512eafb92a1a9adfe6aee7e,-0.45346782504771993,0.03229118266167913,0.45346782504771993,1,Selected_for_fixed_k,True,610,0.5,12,Tsol;Tage;tage;Zn;Mg;Cu;Ti;Si;Fe;Sc;Zr;Li,Zn;Mg;Tsol;Tage;Cu;Ti;Si;Fe;Sc;Zr;Li;Cr;tage;Be;Ni;Mn;V,37d5df7bd9abebf7b675d6447da2bba21431f28741ae2b5ef09f2f9697165280,False,False,Selected,0.857340675292466,54.26731627718344,41.86743783787792,0.3741891037444812,0.8908420766646995,39.967517737245764,30.851887323326487,0.32731709443683604,0.46508005317875867,6.359912709724838,3.6530679580782923,0.7245785132614045,0.7377542683786414,33.531582241384676,25.457464373094236,0.4753615704809073
R04_F02_k13_Native_RF_Physics,4,2,R04_F02,13,Native_RF_Physics,reduced physics-retained RandomForest,3,0.75,"{""model__max_depth"": null, ""model__max_features"": ""sqrt"", ""model__min_samples_leaf"": 1, ""model__n_estimators"": 800, ""selector__alpha"": 0.75, ""selector__n_features"": 13}",1072,fbaa0bd85ecced94b8a49a4cd79e4a51b6b0329b0512eafb92a1a9adfe6aee7e,-0.46947256058227715,0.08762533965099294,0.46947256058227715,1,Selected_for_fixed_k,True,950,0.75,13,Tsol;Tage;tage;Zn;Mg;Si;Ti;Cu;Fe;Sc;Li;Zr;Cr,Zn;Mg;Tsol;Tage;Si;Ti;Cu;Fe;Sc;Li;Zr;Cr;Be;Ni;tage;Mn;V,37d5df7bd9abebf7b675d6447da2bba21431f28741ae2b5ef09f2f9697165280,False,False,Selected,0.8311312948688677,59.042243193723294,45.11592465342083,0.4071136289636631,0.8665399298082788,44.19317646508237,34.15576595752519,0.3619234551813312,0.47115187927421787,6.32371430936895,3.4842192233428895,0.7204544656039257,0.7229410346504547,36.519711322724866,27.585303278096305,0.49649718324963993
R04_F02_k14_Native_RF_Physics,4,2,R04_F02,14,Native_RF_Physics,reduced physics-retained RandomForest,3,0.0,"{""model__max_depth"": 14, ""model__max_features"": 1.0, ""model__min_samples_leaf"": 1, ""model__n_estimators"": 800, ""selector__alpha"": 0.0, ""selector__n_features"": 14}",1073,fbaa0bd85ecced94b8a49a4cd79e4a51b6b0329b0512eafb92a1a9adfe6aee7e,-0.4618472325299104,0.026311483403127,0.4618472325299104,1,Selected_for_fixed_k,True,1140,0.0,14,Tsol;Tage;tage;Zn;Mg;Cu;Ti;Zr;Fe;Si;Li;Mn;Sc;Cr,Zn;Mg;Tsol;Tage;Cu;tage;Ti;Zr;Fe;Si;Li;Mn;Sc;Cr;Ni;Be;V,37d5df7bd9abebf7b675d6447da2bba21431f28741ae2b5ef09f2f9697165280,False,False,Selected,0.853118743738137,55.06446852621704,42.80730041611749,0.37968570291460074,0.8777225523657753,42.301203774820586,31.605866866281367,0.34642899771210417,0.47472110395399314,6.302338636309558,3.6918177941558414,0.7180191564869227,0.7351874666859685,34.55600364578239,26.03499502551823,0.4813779523712092
R04_F02_k15_Native_RF_Physics,4,2,R04_F02,15,Native_RF_Physics,reduced physics-retained RandomForest,12,0.25,"{""model__max_depth"": 14, ""model__max_features"": 0.7, ""model__min_samples_leaf"": 1, ""model__n_estimators"": 500, ""selector__alpha"": 0.25, ""selector__n_features"": 15}",1074,fbaa0bd85ecced94b8a49a4cd79e4a51b6b0329b0512eafb92a1a9adfe6aee7e,-0.45486054096574724,0.06689535957082918,0.45486054096574724,1,Selected_for_fixed_k,True,810,0.25,15,Tsol;Tage;tage;Zn;Mg;Cu;Ti;Fe;Si;Zr;Sc;Li;Cr;Mn;Be,Zn;Mg;Tsol;Tage;Cu;Ti;Fe;Si;Zr;tage;Sc;Li;Cr;Mn;Be;Ni;V,37d5df7bd9abebf7b675d6447da2bba21431f28741ae2b5ef09f2f9697165280,False,False,Selected,0.8611169018421206,53.54426491090188,41.72208288589386,0.36920345195126963,0.888997372546324,40.30381654160576,30.761740551608796,0.3300712396461873,0.4699037024563708,6.331172463695285,3.645911046697244,0.721304165689461,0.7400059922816052,33.39308463873431,25.376578161399966,0.47352628576230593
R04_F02_k16_Native_RF_Physics,4,2,R04_F02,16,Native_RF_Physics,reduced physics-retained RandomForest,13,0.5,"{""model__max_depth"": 10, ""model__max_features"": 0.7, ""model__min_samples_leaf"": 1, ""model__n_estimators"": 800, ""selector__alpha"": 0.5, ""selector__n_features"": 16}",1075,fbaa0bd85ecced94b8a49a4cd79e4a51b6b0329b0512eafb92a1a9adfe6aee7e,-0.4713453652677825,0.04734389837036251,0.4713453652677825,1,Selected_for_fixed_k,True,1070,0.5,16,Tsol;Tage;tage;Zn;Mg;Cu;Ti;Si;Fe;Sc;Zr;Li;Cr;Be;Ni;Mn,Zn;Mg;Tsol;Tage;Cu;Ti;Si;Fe;Sc;Zr;Li;Cr;tage;Be;Ni;Mn;V,37d5df7bd9abebf7b675d6447da2bba21431f28741ae2b5ef09f2f9697165280,False,False,Selected,0.8560539808630623,54.51149489882952,42.18498338807972,0.37587278714464456,0.8860583130779733,40.83390051932947,31.248291660269896,0.334412403601795,0.4712673598074658,6.323023841026588,3.7626772454350745,0.7203758012341778,0.7377932179161671,33.88947308639519,25.73198409792823,0.4768869973268724
R04_F02_k17_Native_RF_Physics,4,2,R04_F02,17,Native_RF_Physics,reduced physics-retained RandomForest,13,0.5,"{""model__max_depth"": 14, ""model__max_features"": ""sqrt"", ""model__min_samples_leaf"": 1, ""model__n_estimators"": 800, ""selector__alpha"": 0.5, ""selector__n_features"": 17}",1076,fbaa0bd85ecced94b8a49a4cd79e4a51b6b0329b0512eafb92a1a9adfe6aee7e,-0.4815069887366044,0.06315033013032845,0.4815069887366044,1,Selected_for_fixed_k,True,1090,0.5,17,Tsol;Tage;tage;Zn;Mg;Cu;Ti;Si;Fe;Sc;Zr;Li;Cr;Be;Ni;Mn;V,Zn;Mg;Tsol;Tage;Cu;Ti;Si;Fe;Sc;Zr;Li;Cr;tage;Be;Ni;Mn;V,37d5df7bd9abebf7b675d6447da2bba21431f28741ae2b5ef09f2f9697165280,False,False,Selected,0.8289362489086483,59.424735611335876,45.587681825591666,0.40975102665999413,0.871257148784062,43.405134413790414,34.03595285687817,0.35546972352307127,0.45592486180089054,6.4141069787765295,3.5665174574340406,0.730752812294899,0.718706086497867,36.41465900130094,27.730050713301292,0.49865785415932146
R04_F03_k03_Independent_ET_Physics,4,3,R04_F03,3,Independent_ET_Physics,reduced physics-retained independent ET,18,0.0,"{""model__estimator__max_depth"": 10, ""model__estimator__max_features"": 0.7, ""model__estimator__min_samples_leaf"": 1, ""model__estimator__n_estimators"": 500, ""selector__alpha"": 0.0, ""selector__n_features"": 3}",1063,55d09b6e1d9f12b25e12e3252233764bbd65e6717518c280fc713e291034891a,-0.5719061550462199,0.04816886691644176,0.5719061550462199,1,Selected_for_fixed_k,True,770,0.0,3,Tsol;Tage;tage,Zn;Tsol;Tage;Mg;tage;Cu;Ti;Fe;Zr;Mn;Cr;Si;Li;Sc;Ni;Be;V,9a1e73d9fa80e176d3f4b71a52707744f0f186e5ab5d04df48d18c4fb63e7487,False,False,Selected,0.7334376831513059,52.717521395247715,35.6983465666407,0.5114938686316702,0.7113805719381072,48.448039549923436,35.40529247904653,0.5322354965976287,0.6806455572158496,3.6681105309221187,2.9350745476579614,0.5598575458288304,0.7084879374350876,34.944557158697755,24.67957119778173,0.5345289703527097
R04_F03_k04_Native_ET_Physics,4,3,R04_F03,4,Native_ET_Physics,reduced physics-retained ExtraTrees,20,0.0,"{""model__max_depth"": 10, ""model__max_features"": 1.0, ""model__min_samples_leaf"": 1, ""model__n_estimators"": 500, ""selector__alpha"": 0.0, ""selector__n_features"": 4}",1064,55d09b6e1d9f12b25e12e3252233764bbd65e6717518c280fc713e291034891a,-0.5277100231079089,0.04938048728109704,0.5277100231079089,1,Selected_for_fixed_k,True,800,0.0,4,Tsol;Tage;tage;Zn,Zn;Tsol;Tage;Mg;tage;Cu;Ti;Fe;Zr;Mn;Cr;Si;Li;Sc;Ni;Be;V,9a1e73d9fa80e176d3f4b71a52707744f0f186e5ab5d04df48d18c4fb63e7487,False,False,Selected,0.7951083303379851,46.218703262131555,33.22559764225137,0.4484388246830204,0.8049698643900018,39.82577983190471,28.871178041949467,0.4375139614138448,0.7856082930350159,3.0054528815567854,2.292602463651105,0.4587172224468319,0.7952288292543344,29.683311991864354,21.463126049283982,0.4482233361812324
R04_F03_k05_Native_ET_Physics,4,3,R04_F03,5,Native_ET_Physics,reduced physics-retained ExtraTrees,7,0.25,"{""model__max_depth"": null, ""model__max_features"": ""sqrt"", ""model__min_samples_leaf"": 1, ""model__n_estimators"": 300, ""selector__alpha"": 0.25, ""selector__n_features"": 5}",1065,55d09b6e1d9f12b25e12e3252233764bbd65e6717518c280fc713e291034891a,-0.4908364165204249,0.03201311386946277,0.4908364165204249,1,Selected_for_fixed_k,True,450,0.25,5,Tsol;Tage;tage;Zn;Mg,Zn;Tsol;Mg;Tage;Cu;Ti;Fe;tage;Zr;Si;Cr;Sc;Li;Mn;Ni;Be;V,9a1e73d9fa80e176d3f4b71a52707744f0f186e5ab5d04df48d18c4fb63e7487,False,False,Selected,0.8420751286311126,40.5770875165703,30.2434899691358,0.3937008213274491,0.8538610132327147,34.4743806898932,24.78271743827163,0.3787251103829238,0.8396025747982488,2.5995886300998903,1.9409356481481497,0.3967708438290669,0.8451795722206921,25.8836856121878,18.98904768518519,0.3897322585131466
R04_F03_k06_Native_ET_Physics,4,3,R04_F03,6,Native_ET_Physics,reduced physics-retained ExtraTrees,22,0.25,"{""model__max_depth"": null, ""model__max_features"": 0.7, ""model__min_samples_leaf"": 1, ""model__n_estimators"": 500, ""selector__alpha"": 0.25, ""selector__n_features"": 6}",1066,55d09b6e1d9f12b25e12e3252233764bbd65e6717518c280fc713e291034891a,-0.48032664130847624,0.08126937245682007,0.48032664130847624,1,Selected_for_fixed_k,True,670,0.25,6,Tsol;Tage;tage;Zn;Mg;Cu,Zn;Tsol;Mg;Tage;Cu;Ti;Fe;tage;Zr;Si;Cr;Sc;Li;Mn;Ni;Be;V,9a1e73d9fa80e176d3f4b71a52707744f0f186e5ab5d04df48d18c4fb63e7487,False,False,Selected,0.852284620877638,39.24356584861887,28.7400975925925,0.38076227378590777,0.8991874860949105,28.633250283904022,21.2134612962961,0.3145562199344335,0.8074788141232812,2.848034177292791,1.9661798148148337,0.43469067016771096,0.8529836403652765,23.574950103271892,17.306579567901146,0.37666972129601745
R04_F03_k07_Native_ET_Physics,4,3,R04_F03,7,Native_ET_Physics,reduced physics-retained ExtraTrees,20,0.25,"{""model__max_depth"": 14, ""model__max_features"": 0.7, ""model__min_samples_leaf"": 1, ""model__n_estimators"": 800, ""selector__alpha"": 0.25, ""selector__n_features"": 7}",1067,55d09b6e1d9f12b25e12e3252233764bbd65e6717518c280fc713e291034891a,-0.4506602064823899,0.0823775059945329,0.4506602064823899,1,Selected_for_fixed_k,True,1110,0.25,7,Tsol;Tage;tage;Zn;Mg;Cu;Ti,Zn;Tsol;Mg;Tage;Cu;Ti;Fe;tage;Zr;Si;Cr;Sc;Li;Mn;Ni;Be;V,9a1e73d9fa80e176d3f4b71a52707744f0f186e5ab5d04df48d18c4fb63e7487,False,False,Selected,0.8603699266766014,38.154440445068204,27.18382563821849,0.3701949908154042,0.901246704434269,28.33930700259629,20.217413694729547,0.311327048026721,0.8331614076253044,2.65127142511763,1.8940478356622785,0.40465910197622046,0.8649260129120583,23.048339624260706,16.43176238953677,0.3620603802727819
R04_F03_k08_Native_RF_Physics,4,3,R04_F03,8,Native_RF_Physics,reduced physics-retained RandomForest,9,0.0,"{""model__max_depth"": null, ""model__max_features"": ""sqrt"", ""model__min_samples_leaf"": 1, ""model__n_estimators"": 300, ""selector__alpha"": 0.0, ""selector__n_features"": 8}",1068,55d09b6e1d9f12b25e12e3252233764bbd65e6717518c280fc713e291034891a,-0.4618084066946603,0.02306492373202584,0.4618084066946603,1,Selected_for_fixed_k,True,450,0.0,8,Tsol;Tage;tage;Zn;Mg;Cu;Ti;Fe,Zn;Tsol;Tage;Mg;tage;Cu;Ti;Fe;Zr;Mn;Cr;Si;Li;Sc;Ni;Be;V,9a1e73d9fa80e176d3f4b71a52707744f0f186e5ab5d04df48d18c4fb63e7487,False,False,Selected,0.8340887144571688,41.59044526735108,28.64902407407399,0.40353296560389595,0.8493037290273568,35.00778877897452,24.594035981775445,0.38458497017949705,0.8751037052875992,2.293932897962787,1.7358050308641992,0.3501191231079428,0.8528320495907082,26.297388981429464,18.32628836223788,0.37941235296377857
R04_F03_k09_Native_RF_Physics,4,3,R04_F03,9,Native_RF_Physics,reduced physics-retained RandomForest,20,0.25,"{""model__max_depth"": 14, ""model__max_features"": ""sqrt"", ""model__min_samples_leaf"": 1, ""model__n_estimators"": 500, ""selector__alpha"": 0.25, ""selector__n_features"": 9}",1069,55d09b6e1d9f12b25e12e3252233764bbd65e6717518c280fc713e291034891a,-0.47295228673041223,0.047632461954808865,0.47295228673041223,1,Selected_for_fixed_k,True,790,0.25,9,Tsol;Tage;tage;Zn;Mg;Cu;Ti;Fe;Zr,Zn;Tsol;Mg;Tage;Cu;Ti;Fe;tage;Zr;Si;Cr;Sc;Li;Mn;Ni;Be;V,9a1e73d9fa80e176d3f4b71a52707744f0f186e5ab5d04df48d18c4fb63e7487,False,False,Selected,0.8289513290455669,42.22945317030223,29.163830704162997,0.4097329654467595,0.8504033711139083,34.879827674909244,24.10983459087511,0.3831792282258482,0.8350823450682658,2.6359642016716576,1.852778960586529,0.40232278618647754,0.8381456817425804,26.581748348961042,18.375481418541543,0.39841165995302846
R04_F03_k10_Native_ET_Physics,4,3,R04_F03,10,Native_ET_Physics,reduced physics-retained ExtraTrees,8,0.25,"{""model__max_depth"": 14, ""model__max_features"": 0.7, ""model__min_samples_leaf"": 1, ""model__n_estimators"": 800, ""selector__alpha"": 0.25, ""selector__n_features"": 10}",1070,55d09b6e1d9f12b25e12e3252233764bbd65e6717518c280fc713e291034891a,-0.419818188207391,0.028259027972900856,0.419818188207391,1,Selected_for_fixed_k,True,1110,0.25,10,Tsol;Tage;tage;Zn;Mg;Cu;Ti;Fe;Zr;Si,Zn;Tsol;Mg;Tage;Cu;Ti;Fe;tage;Zr;Si;Cr;Sc;Li;Mn;Ni;Be;V,9a1e73d9fa80e176d3f4b71a52707744f0f186e5ab5d04df48d18c4fb63e7487,False,False,Selected,0.8302006958905622,42.07494517601497,26.307625644222487,0.40823384542668145,0.8808200212336252,31.132577580058427,20.55254474282514,0.3420130730287266,0.8306960388837535,2.6707884669436606,1.8078241565372497,0.4076379552704295,0.8472389186693138,25.292770407672354,16.222664847861626,0.3859616245752792
R04_F03_k11_Native_ET_Physics,4,3,R04_F03,11,Native_ET_Physics,reduced physics-retained ExtraTrees,14,0.0,"{""model__max_depth"": 10, ""model__max_features"": ""sqrt"", ""model__min_samples_leaf"": 1, ""model__n_estimators"": 500, ""selector__alpha"": 0.0, ""selector__n_features"": 11}",1071,55d09b6e1d9f12b25e12e3252233764bbd65e6717518c280fc713e291034891a,-0.4433691906225568,0.012490927855664592,0.4433691906225568,1,Selected_for_fixed_k,True,750,0.0,11,Tsol;Tage;tage;Zn;Mg;Cu;Ti;Fe;Zr;Mn;Cr,Zn;Tsol;Tage;Mg;tage;Cu;Ti;Fe;Zr;Mn;Cr;Si;Li;Sc;Ni;Be;V,9a1e73d9fa80e176d3f4b71a52707744f0f186e5ab5d04df48d18c4fb63e7487,False,False,Selected,0.8133503016402223,44.11326998707056,29.115217070517794,0.4280107737712058,0.8639435602112513,33.26388560184266,21.80616956306822,0.3654269777793603,0.8234670987125924,2.72721113868115,1.9668364742930615,0.4162496528356377,0.8335869868546886,26.701455575864788,17.629407702626356,0.4032291347954013
R04_F03_k12_Native_RF_Physics,4,3,R04_F03,12,Native_RF_Physics,reduced physics-retained RandomForest,23,1.0,"{""model__max_depth"": 10, ""model__max_features"": 0.7, ""model__min_samples_leaf"": 1, ""model__n_estimators"": 300, ""selector__alpha"": 1.0, ""selector__n_features"": 12}",1072,55d09b6e1d9f12b25e12e3252233764bbd65e6717518c280fc713e291034891a,-0.46377006119535424,0.03250599253218317,0.46377006119535424,1,Selected_for_fixed_k,True,570,1.0,12,Tsol;Tage;tage;Zn;Mg;Ti;Sc;Fe;Zr;Si;Cr;Cu,Zn;Mg;Tsol;Ti;Sc;Fe;Zr;Si;Tage;Cr;Cu;Li;Be;Ni;V;Mn;tage,9a1e73d9fa80e176d3f4b71a52707744f0f186e5ab5d04df48d18c4fb63e7487,False,False,Selected,0.8440278874070734,40.32543705243747,28.117024403251314,0.39125917259216053,0.8590293241057521,33.859287743538445,23.134037941638802,0.371967885471491,0.8434099541621598,2.5685499053108987,1.8886440425651212,0.39203345542718226,0.8488223885583284,25.58442490042894,17.713235462485077,0.3850868378302779
R04_F03_k13_RegressorChain_ET_Physics,4,3,R04_F03,13,RegressorChain_ET_Physics,reduced physics-retained regressor chain,3,0.0,"{""model__base_estimator__max_depth"": 14, ""model__base_estimator__max_features"": 1.0, ""model__base_estimator__min_samples_leaf"": 1, ""model__base_estimator__n_estimators"": 800, ""selector__alpha"": 0.0, ""selector__n_features"": 13}",1073,55d09b6e1d9f12b25e12e3252233764bbd65e6717518c280fc713e291034891a,-0.4653919835242045,0.055155720305866615,0.4653919835242045,1,Selected_for_fixed_k,True,1140,0.0,13,Tsol;Tage;tage;Zn;Mg;Cu;Ti;Fe;Zr;Mn;Cr;Si;Li,Zn;Tsol;Tage;Mg;tage;Cu;Ti;Fe;Zr;Mn;Cr;Si;Li;Sc;Ni;Be;V,9a1e73d9fa80e176d3f4b71a52707744f0f186e5ab5d04df48d18c4fb63e7487,False,False,Selected,0.8412992530860371,40.676641804860786,26.417374130284063,0.3946667508079873,0.8776422926539178,31.54489546689591,21.0311399817097,0.3465426725191435,0.8050381467129494,2.866030150671644,1.9190076334463835,0.43743736534108485,0.8413265641509682,25.029189140809446,16.45584058181338,0.39288226288940525
R04_F03_k14_Native_ET_Physics,4,3,R04_F03,14,Native_ET_Physics,reduced physics-retained ExtraTrees,12,0.25,"{""model__max_depth"": 14, ""model__max_features"": 0.7, ""model__min_samples_leaf"": 1, ""model__n_estimators"": 500, ""selector__alpha"": 0.25, ""selector__n_features"": 14}",1074,55d09b6e1d9f12b25e12e3252233764bbd65e6717518c280fc713e291034891a,-0.4388939399510316,0.037182664541219906,0.4388939399510316,1,Selected_for_fixed_k,True,810,0.25,14,Tsol;Tage;tage;Zn;Mg;Cu;Ti;Fe;Zr;Si;Cr;Sc;Li;Mn,Zn;Tsol;Mg;Tage;Cu;Ti;Fe;tage;Zr;Si;Cr;Sc;Li;Mn;Ni;Be;V,9a1e73d9fa80e176d3f4b71a52707744f0f186e5ab5d04df48d18c4fb63e7487,False,False,Selected,0.8275869218424139,42.397544874186,26.923608567606102,0.4113638819547604,0.8814312836208656,31.052636982491684,19.86178449495351,0.34113486982299307,0.8250191789971195,2.7151958272044605,1.8092584449624582,0.4144157760374875,0.8446791281534664,25.388459227960713,16.198217169174026,0.388971509271747
R04_F03_k15_Native_ET_Physics,4,3,R04_F03,15,Native_ET_Physics,reduced physics-retained ExtraTrees,13,0.5,"{""model__max_depth"": 10, ""model__max_features"": 0.7, ""model__min_samples_leaf"": 1, ""model__n_estimators"": 800, ""selector__alpha"": 0.5, ""selector__n_features"": 15}",1075,55d09b6e1d9f12b25e12e3252233764bbd65e6717518c280fc713e291034891a,-0.44833175349922555,0.06743035405042724,0.44833175349922555,1,Selected_for_fixed_k,True,1070,0.5,15,Tsol;Tage;tage;Zn;Mg;Ti;Fe;Cu;Zr;Sc;Si;Cr;Li;Mn;Be,Zn;Tsol;Mg;Tage;Ti;Fe;Cu;Zr;Sc;Si;Cr;Li;tage;Mn;Be;Ni;V,9a1e73d9fa80e176d3f4b71a52707744f0f186e5ab5d04df48d18c4fb63e7487,False,False,Selected,0.8326086410248437,41.7755449020545,27.343271659163058,0.4053289022437641,0.8734280151365785,32.08353567637946,20.929851134324448,0.3524600108066198,0.8201675200800628,2.7525803121008985,1.8782126245880377,0.42012170714009617,0.8420680587471616,25.537220296844954,16.71711180602518,0.3926368733968267
R04_F03_k16_RegressorChain_ET_Physics,4,3,R04_F03,16,RegressorChain_ET_Physics,reduced physics-retained regressor chain,3,0.25,"{""model__base_estimator__max_depth"": 14, ""model__base_estimator__max_features"": 1.0, ""model__base_estimator__min_samples_leaf"": 1, ""model__base_estimator__n_estimators"": 500, ""selector__alpha"": 0.25, ""selector__n_features"": 16}",1076,55d09b6e1d9f12b25e12e3252233764bbd65e6717518c280fc713e291034891a,-0.4407237252442407,0.06195750977723201,0.4407237252442407,1,Selected_for_fixed_k,True,840,0.25,16,Tsol;Tage;tage;Zn;Mg;Cu;Ti;Fe;Zr;Si;Cr;Sc;Li;Mn;Ni;Be,Zn;Tsol;Mg;Tage;Cu;Ti;Fe;tage;Zr;Si;Cr;Sc;Li;Mn;Ni;Be;V,9a1e73d9fa80e176d3f4b71a52707744f0f186e5ab5d04df48d18c4fb63e7487,False,False,Selected,0.8441749562438358,40.3064207882466,25.99213370503312,0.39107466652509815,0.879119524546493,31.353895526472634,21.182875654471033,0.3444444049920014,0.8052581416997779,2.8644126798111316,1.926332709778364,0.43719049348191313,0.842850874163369,24.841576331510122,16.36711402309417,0.39090318833300425
R04_F03_k17_Native_ET_Physics,4,3,R04_F03,17,Native_ET_Physics,reduced physics-retained ExtraTrees,23,0.25,"{""model__max_depth"": 10, ""model__max_features"": 1.0, ""model__min_samples_leaf"": 1, ""model__n_estimators"": 500, ""selector__alpha"": 0.25, ""selector__n_features"": 17}",1077,55d09b6e1d9f12b25e12e3252233764bbd65e6717518c280fc713e291034891a,-0.4629225789545721,0.05368944618294456,0.4629225789545721,1,Selected_for_fixed_k,True,800,0.25,17,Tsol;Tage;tage;Zn;Mg;Cu;Ti;Fe;Zr;Si;Cr;Sc;Li;Mn;Ni;Be;V,Zn;Tsol;Mg;Tage;Cu;Ti;Fe;tage;Zr;Si;Cr;Sc;Li;Mn;Ni;Be;V,9a1e73d9fa80e176d3f4b71a52707744f0f186e5ab5d04df48d18c4fb63e7487,False,False,Selected,0.863661167923255,37.70208692808231,25.24483101281733,0.3658060126489702,0.8943377439410057,29.31388412623565,19.737182814535565,0.32203345728892413,0.8277727336313554,2.693747514598249,1.8103553217778456,0.4111421561297296,0.8619238818318721,23.2365728563054,15.59745638304358,0.366327208689208
R04_F04_k03_Independent_ET_Physics,4,4,R04_F04,3,Independent_ET_Physics,reduced physics-retained independent ET,20,0.0,"{""model__estimator__max_depth"": 10, ""model__estimator__max_features"": 1.0, ""model__estimator__min_samples_leaf"": 1, ""model__estimator__n_estimators"": 500, ""selector__alpha"": 0.0, ""selector__n_features"": 3}",1064,32d0e44ea03cf571ad296d1a7dec0d9356e73086dbc6221320c5991a66e64911,-0.5639250630179673,0.05905888994739775,0.5639250630179673,1,Selected_for_fixed_k,True,800,0.0,3,Tsol;Tage;tage,Zn;Tsol;Mg;Tage;Cu;tage;Ti;Zr;Fe;Mn;Li;Cr;Si;Sc;Be;Ni;V,86f6f02e64078873b6342051436694c602229e2e91a61126076f0f4c7f7808af,False,False,Selected,0.6234399376304947,67.38243453846272,50.467715297333335,0.6079364505284918,0.6337883788975114,60.11896866878261,45.49026948396594,0.5995247487930797,0.4832358086075509,4.622602744846849,3.429325945771117,0.7121758800636546,0.5801547083785189,44.04133531736406,33.12910357569013,0.6398790264617421
R04_F04_k04_Independent_ET_Physics,4,4,R04_F04,4,Independent_ET_Physics,reduced physics-retained independent ET,7,0.25,"{""model__estimator__max_depth"": null, ""model__estimator__max_features"": ""sqrt"", ""model__estimator__min_samples_leaf"": 1, ""model__estimator__n_estimators"": 300, ""selector__alpha"": 0.25, ""selector__n_features"": 4}",1065,32d0e44ea03cf571ad296d1a7dec0d9356e73086dbc6221320c5991a66e64911,-0.49112600090235486,0.051570966414533174,0.49112600090235486,1,Selected_for_fixed_k,True,450,0.25,4,Tsol;Tage;tage;Zn,Zn;Tsol;Mg;Tage;Cu;Ti;Zr;Fe;Sc;Si;tage;Cr;Li;Mn;Be;Ni;V,86f6f02e64078873b6342051436694c602229e2e91a61126076f0f4c7f7808af,False,False,Selected,0.699994107801868,60.14429820519746,45.35611995884778,0.5426326819569535,0.7706104491015537,47.58085879227653,36.4152276234568,0.47449088110539983,0.5910565431093506,4.112178884731777,2.9146475823045286,0.6335380256237134,0.6872203666709241,37.27911196073526,28.228665054869698,0.5502205295620223
R04_F04_k05_Native_ET_Physics,4,4,R04_F04,5,Native_ET_Physics,reduced physics-retained ExtraTrees,6,0.0,"{""model__max_depth"": 14, ""model__max_features"": 0.7, ""model__min_samples_leaf"": 1, ""model__n_estimators"": 300, ""selector__alpha"": 0.0, ""selector__n_features"": 5}",1066,32d0e44ea03cf571ad296d1a7dec0d9356e73086dbc6221320c5991a66e64911,-0.4595698774217835,0.07514748599183894,0.4595698774217835,1,Selected_for_fixed_k,True,610,0.0,5,Tsol;Tage;tage;Zn;Mg,Zn;Tsol;Mg;Tage;Cu;tage;Ti;Zr;Fe;Mn;Li;Cr;Si;Sc;Be;Ni;V,86f6f02e64078873b6342051436694c602229e2e91a61126076f0f4c7f7808af,False,False,Selected,0.7084284343389645,59.29282652128364,42.705875982889225,0.5349505511940971,0.7628818865376723,48.37576282351174,36.07351377208084,0.4824179073035116,0.6347815798921702,3.8861244419731005,2.8293097333476815,0.5987112125488873,0.7020306335896023,37.184904595589494,27.202899829439247,0.5386932236821652
R04_F04_k06_Native_ET_Physics,4,4,R04_F04,6,Native_ET_Physics,reduced physics-retained ExtraTrees,20,0.25,"{""model__max_depth"": 14, ""model__max_features"": 0.7, ""model__min_samples_leaf"": 1, ""model__n_estimators"": 800, ""selector__alpha"": 0.25, ""selector__n_features"": 6}",1067,32d0e44ea03cf571ad296d1a7dec0d9356e73086dbc6221320c5991a66e64911,-0.4393979891707442,0.054911351469027946,0.4393979891707442,1,Selected_for_fixed_k,True,1110,0.25,6,Tsol;Tage;tage;Zn;Mg;Cu,Zn;Tsol;Mg;Tage;Cu;Ti;Zr;Fe;Sc;Si;tage;Cr;Li;Mn;Be;Ni;V,86f6f02e64078873b6342051436694c602229e2e91a61126076f0f4c7f7808af,False,False,Selected,0.7003125591002537,60.11236864029936,42.40736617312062,0.542344607676408,0.7949925037796852,44.98112691335402,33.42263851727129,0.4485655594281885,0.6812850546758571,3.630292190003114,2.684964783915828,0.5592967161597047,0.7255300391852654,36.241262581218834,26.171656491435915,0.5167356277547671
R04_F04_k07_Native_ET_Physics,4,4,R04_F04,7,Native_ET_Physics,reduced physics-retained ExtraTrees,21,0.25,"{""model__max_depth"": 10, ""model__max_features"": 1.0, ""model__min_samples_leaf"": 1, ""model__n_estimators"": 300, ""selector__alpha"": 0.25, ""selector__n_features"": 7}",1068,32d0e44ea03cf571ad296d1a7dec0d9356e73086dbc6221320c5991a66e64911,-0.43025267319282695,0.08782825306491951,0.43025267319282695,1,Selected_for_fixed_k,True,600,0.25,7,Tsol;Tage;tage;Zn;Mg;Cu;Ti,Zn;Tsol;Mg;Tage;Cu;Ti;Zr;Fe;Sc;Si;tage;Cr;Li;Mn;Be;Ni;V,86f6f02e64078873b6342051436694c602229e2e91a61126076f0f4c7f7808af,False,False,Selected,0.7042935228613971,59.71177594497751,42.626668822837935,0.5387303882886744,0.785307566806672,46.031362492580854,34.60672088632936,0.4590388299408357,0.7424272655307635,3.2635503028693695,2.3625007382495578,0.5027950566742899,0.7440094517329442,36.33556291347592,26.531963482472282,0.5001880916346
R04_F04_k08_Independent_ET_Physics,4,4,R04_F04,8,Independent_ET_Physics,reduced physics-retained independent ET,20,0.25,"{""model__estimator__max_depth"": 14, ""model__estimator__max_features"": ""sqrt"", ""model__estimator__min_samples_leaf"": 1, ""model__estimator__n_estimators"": 500, ""selector__alpha"": 0.25, ""selector__n_features"": 8}",1069,32d0e44ea03cf571ad296d1a7dec0d9356e73086dbc6221320c5991a66e64911,-0.43849758778534004,0.060596873318232755,0.43849758778534004,1,Selected_for_fixed_k,True,790,0.25,8,Tsol;Tage;tage;Zn;Mg;Cu;Ti;Zr,Zn;Tsol;Mg;Tage;Cu;Ti;Zr;Fe;Sc;Si;tage;Cr;Li;Mn;Be;Ni;V,86f6f02e64078873b6342051436694c602229e2e91a61126076f0f4c7f7808af,False,False,Selected,0.6583664702386248,64.18149270432639,43.84190089053931,0.5790569772603922,0.7609824893087908,48.56912956945912,34.70345894489317,0.4843462196541064,0.7004085478369809,3.5196953616115776,2.4627110251306314,0.5422577452726225,0.7065858357947988,38.756772545132364,27.00269028685437,0.5352203140623737
R04_F04_k09_Native_ET_Physics,4,4,R04_F04,9,Native_ET_Physics,reduced physics-retained ExtraTrees,6,0.0,"{""model__max_depth"": null, ""model__max_features"": 1.0, ""model__min_samples_leaf"": 1, ""model__n_estimators"": 500, ""selector__alpha"": 0.0, ""selector__n_features"": 9}",1070,32d0e44ea03cf571ad296d1a7dec0d9356e73086dbc6221320c5991a66e64911,-0.44965382137761034,0.09600657900486076,0.44965382137761034,1,Selected_for_fixed_k,True,700,0.0,9,Tsol;Tage;tage;Zn;Mg;Cu;Ti;Zr;Fe,Zn;Tsol;Mg;Tage;Cu;tage;Ti;Zr;Fe;Mn;Li;Cr;Si;Sc;Be;Ni;V,86f6f02e64078873b6342051436694c602229e2e91a61126076f0f4c7f7808af,False,False,Selected,0.7007116012140486,60.07233466881158,42.17933913580241,0.5419834139811439,0.7893866918976019,45.59197078355507,33.724477037036685,0.4546570813877832,0.6869135930727984,3.598093734854731,2.614839444444442,0.5543360988629766,0.7256706287281497,36.42079972907379,26.17288520576118,0.5169921980773012
R04_F04_k10_Native_ET_Physics,4,4,R04_F04,10,Native_ET_Physics,reduced physics-retained ExtraTrees,22,0.5,"{""model__max_depth"": 14, ""model__max_features"": 0.7, ""model__min_samples_leaf"": 1, ""model__n_estimators"": 300, ""selector__alpha"": 0.5, ""selector__n_features"": 10}",1071,32d0e44ea03cf571ad296d1a7dec0d9356e73086dbc6221320c5991a66e64911,-0.4299273779328948,0.03710117929675097,0.4299273779328948,1,Selected_for_fixed_k,True,610,0.5,10,Tsol;Tage;tage;Zn;Mg;Ti;Zr;Fe;Sc;Cu,Zn;Tsol;Mg;Tage;Ti;Zr;Fe;Sc;Cu;Si;Cr;Li;tage;Mn;Be;Ni;V,86f6f02e64078873b6342051436694c602229e2e91a61126076f0f4c7f7808af,False,False,Selected,0.6897704940903506,61.16051307195655,43.29032397868608,0.5518011553625732,0.787853903393888,45.75757323911079,33.89716151439654,0.45630851974018655,0.7133848912436626,3.442626495812826,2.5419750027139147,0.5303842206901955,0.7303364295759671,36.78690426896006,26.576486831932176,0.5128312985976518
R04_F04_k11_Native_ET_Physics,4,4,R04_F04,11,Native_ET_Physics,reduced physics-retained ExtraTrees,23,1.0,"{""model__max_depth"": 10, ""model__max_features"": 0.7, ""model__min_samples_leaf"": 1, ""model__n_estimators"": 300, ""selector__alpha"": 1.0, ""selector__n_features"": 11}",1072,32d0e44ea03cf571ad296d1a7dec0d9356e73086dbc6221320c5991a66e64911,-0.45377565318572044,0.09552821256364698,0.45377565318572044,1,Selected_for_fixed_k,True,570,1.0,11,Tsol;Tage;tage;Zn;Mg;Ti;Sc;Fe;Zr;Si;Cr,Zn;Mg;Tsol;Ti;Sc;Fe;Zr;Si;Cr;Tage;Li;Cu;Be;Ni;V;Mn;tage,86f6f02e64078873b6342051436694c602229e2e91a61126076f0f4c7f7808af,False,False,Selected,0.6964057688719851,60.50291885001295,42.88870218655451,0.5458682219517412,0.7707331403321753,47.56813254799014,35.868481428021205,0.4743639711038176,0.7425670328829591,3.26266472839052,2.348980056566367,0.5026586216789749,0.7365686473623732,37.11123870879786,27.035387890380694,0.507630271578178
R04_F04_k12_Native_ET_Physics,4,4,R04_F04,12,Native_ET_Physics,reduced physics-retained ExtraTrees,12,0.5,"{""model__max_depth"": 14, ""model__max_features"": 1.0, ""model__min_samples_leaf"": 1, ""model__n_estimators"": 500, ""selector__alpha"": 0.5, ""selector__n_features"": 12}",1073,32d0e44ea03cf571ad296d1a7dec0d9356e73086dbc6221320c5991a66e64911,-0.42060092607430793,0.06531258166376092,0.42060092607430793,1,Selected_for_fixed_k,True,840,0.5,12,Tsol;Tage;tage;Zn;Mg;Ti;Zr;Fe;Sc;Cu;Si;Cr,Zn;Tsol;Mg;Tage;Ti;Zr;Fe;Sc;Cu;Si;Cr;Li;tage;Mn;Be;Ni;V,86f6f02e64078873b6342051436694c602229e2e91a61126076f0f4c7f7808af,False,False,Selected,0.7002512717464031,60.11851494336248,42.093466855184275,0.5424000607287303,0.7888860285401714,45.646128519408684,34.01658603045853,0.4551971588991212,0.7094373976651591,3.4662527332809314,2.4552273576342687,0.5340241693057667,0.7328582326505778,36.41029873201736,26.188426747759024,0.5105404629778727
R04_F04_k13_Native_ET_Physics,4,4,R04_F04,13,Native_ET_Physics,reduced physics-retained ExtraTrees,21,0.5,"{""model__max_depth"": 10, ""model__max_features"": 1.0, ""model__min_samples_leaf"": 1, ""model__n_estimators"": 800, ""selector__alpha"": 0.5, ""selector__n_features"": 13}",1074,32d0e44ea03cf571ad296d1a7dec0d9356e73086dbc6221320c5991a66e64911,-0.4267150561923369,0.044302518184882504,0.4267150561923369,1,Selected_for_fixed_k,True,1100,0.5,13,Tsol;Tage;tage;Zn;Mg;Ti;Zr;Fe;Sc;Cu;Si;Cr;Li,Zn;Tsol;Mg;Tage;Ti;Zr;Fe;Sc;Cu;Si;Cr;Li;tage;Mn;Be;Ni;V,86f6f02e64078873b6342051436694c602229e2e91a61126076f0f4c7f7808af,False,False,Selected,0.7061271061219845,59.526361061550034,41.48681560317256,0.5370575418431854,0.7977801820795842,44.674254950353486,33.944747399954366,0.4455053383265403,0.7054161124931553,3.4901561786468682,2.489720986732887,0.5377068256315816,0.736441133564908,35.8969240635168,25.973761329953273,0.5067565686004357
R04_F04_k14_Native_ET_Physics,4,4,R04_F04,14,Native_ET_Physics,reduced physics-retained ExtraTrees,13,0.5,"{""model__max_depth"": 10, ""model__max_features"": 0.7, ""model__min_samples_leaf"": 1, ""model__n_estimators"": 800, ""selector__alpha"": 0.5, ""selector__n_features"": 14}",1075,32d0e44ea03cf571ad296d1a7dec0d9356e73086dbc6221320c5991a66e64911,-0.45963561583936363,0.06013353426154541,0.45963561583936363,1,Selected_for_fixed_k,True,1070,0.5,14,Tsol;Tage;tage;Zn;Mg;Ti;Zr;Fe;Sc;Cu;Si;Cr;Li;Mn,Zn;Tsol;Mg;Tage;Ti;Zr;Fe;Sc;Cu;Si;Cr;Li;tage;Mn;Be;Ni;V,86f6f02e64078873b6342051436694c602229e2e91a61126076f0f4c7f7808af,False,False,Selected,0.7006746042304892,60.076047519872816,42.20980660392447,0.542016911991582,0.7956698697942539,44.90675427620726,34.08669612099089,0.44782389273646356,0.7283934609362039,3.351278170175436,2.3936094250698194,0.5163107478451252,0.741579311653649,36.111359988751836,26.230037383328394,0.5020505175243902
R04_F04_k15_Native_RF_Physics,4,4,R04_F04,15,Native_RF_Physics,reduced physics-retained RandomForest,14,0.75,"{""model__max_depth"": null, ""model__max_features"": 0.7, ""model__min_samples_leaf"": 1, ""model__n_estimators"": 800, ""selector__alpha"": 0.75, ""selector__n_features"": 15}",1076,32d0e44ea03cf571ad296d1a7dec0d9356e73086dbc6221320c5991a66e64911,-0.43853295201866027,0.05397189394449243,0.43853295201866027,1,Selected_for_fixed_k,True,970,0.75,15,Tsol;Tage;tage;Zn;Mg;Ti;Sc;Zr;Fe;Si;Cr;Cu;Li;Be;Mn,Zn;Mg;Tsol;Ti;Sc;Tage;Zr;Fe;Si;Cr;Cu;Li;Be;Mn;Ni;V;tage,86f6f02e64078873b6342051436694c602229e2e91a61126076f0f4c7f7808af,False,False,Selected,0.6344855773668121,66.38681428015764,48.19779486794946,0.5989537853865435,0.7526443786492949,49.409032866675574,37.56305390165882,0.49272199229998087,0.7140300638982782,3.4387496244659683,2.5309842385418113,0.5297869350449127,0.700386673304795,39.74486559043306,29.4306110027167,0.540487570910479
R04_F04_k16_Independent_ET_Physics,4,4,R04_F04,16,Independent_ET_Physics,reduced physics-retained independent ET,19,1.0,"{""model__estimator__max_depth"": null, ""model__estimator__max_features"": ""sqrt"", ""model__estimator__min_samples_leaf"": 1, ""model__estimator__n_estimators"": 300, ""selector__alpha"": 1.0, ""selector__n_features"": 16}",1077,32d0e44ea03cf571ad296d1a7dec0d9356e73086dbc6221320c5991a66e64911,-0.4305179919715224,0.045763096778326594,0.4305179919715224,1,Selected_for_fixed_k,True,450,1.0,16,Tsol;Tage;tage;Zn;Mg;Ti;Sc;Fe;Zr;Si;Cr;Li;Cu;Be;Ni;V,Zn;Mg;Tsol;Ti;Sc;Fe;Zr;Si;Cr;Tage;Li;Cu;Be;Ni;V;Mn;tage,86f6f02e64078873b6342051436694c602229e2e91a61126076f0f4c7f7808af,False,False,Selected,0.6779641934888273,62.313429059272785,43.190934773662676,0.5622029708785516,0.7940268382485226,45.086941807292874,32.49796697530859,0.4496207779243135,0.6567078813800179,3.767665021601231,2.5902117283950647,0.5804609006333299,0.7095663043724559,37.056011962722295,26.093037825788773,0.530761549812065
R04_F04_k17_Native_ET_Physics,4,4,R04_F04,17,Native_ET_Physics,reduced physics-retained ExtraTrees,13,0.25,"{""model__max_depth"": 14, ""model__max_features"": 1.0, ""model__min_samples_leaf"": 1, ""model__n_estimators"": 500, ""selector__alpha"": 0.25, ""selector__n_features"": 17}",1078,32d0e44ea03cf571ad296d1a7dec0d9356e73086dbc6221320c5991a66e64911,-0.46281312897113747,0.011288886975485801,0.46281312897113747,1,Selected_for_fixed_k,True,840,0.25,17,Tsol;Tage;tage;Zn;Mg;Cu;Ti;Zr;Fe;Sc;Si;Cr;Li;Mn;Be;Ni;V,Zn;Tsol;Mg;Tage;Cu;Ti;Zr;Fe;Sc;Si;tage;Cr;Li;Mn;Be;Ni;V,86f6f02e64078873b6342051436694c602229e2e91a61126076f0f4c7f7808af,False,False,Selected,0.7244183610841438,57.64407953770807,41.11359532695701,0.5200752592002712,0.8054561358267082,43.81816937850383,33.20620723370113,0.43696819108710255,0.7027589869905693,3.5058613223319073,2.5782360841267784,0.5401264202069292,0.7442111613004737,34.98937007951461,25.632679548261635,0.4990566234981009
R04_F05_k03_Independent_ET_Physics,4,5,R04_F05,3,Independent_ET_Physics,reduced physics-retained independent ET,4,0.5,"{""model__estimator__max_depth"": null, ""model__estimator__max_features"": 1.0, ""model__estimator__min_samples_leaf"": 2, ""model__estimator__n_estimators"": 300, ""selector__alpha"": 0.5, ""selector__n_features"": 3}",1065,4c628bd28d5875aec3c392956184b8eeb093c079a8445a4aca793b8ad02c37ea,-0.5542201356525187,0.018813590743098508,0.5542201356525187,1,Selected_for_fixed_k,True,600,0.5,3,Tsol;Tage;tage,Zn;Tsol;Mg;Tage;Ti;Cu;Zr;Fe;Sc;Si;Cr;Li;tage;Be;Mn;V;Ni,6d0deea27854ecde2ed17a832fb4c637d6249fd39483d32988bb99c04f7b183f,False,False,Selected,0.6803394331576111,60.69516235763314,43.639265982769246,0.5601258132916908,0.5946173681403677,61.17610825218476,46.19060770319597,0.630773767752317,0.5418539813954533,4.499216795089001,3.5139740906890116,0.6705682911343429,0.6056035942311441,42.123495801635634,31.114615925551416,0.6204892907261169
R04_F05_k04_Native_ET_Physics,4,5,R04_F05,4,Native_ET_Physics,reduced physics-retained ExtraTrees,6,0.0,"{""model__max_depth"": 14, ""model__max_features"": 0.7, ""model__min_samples_leaf"": 1, ""model__n_estimators"": 300, ""selector__alpha"": 0.0, ""selector__n_features"": 4}",1066,4c628bd28d5875aec3c392956184b8eeb093c079a8445a4aca793b8ad02c37ea,-0.5061840615670818,0.0697136644455531,0.5061840615670818,1,Selected_for_fixed_k,True,610,0.0,4,Tsol;Tage;tage;Zn,Zn;Tsol;Tage;Mg;Cu;tage;Ti;Zr;Fe;Li;Si;Sc;Mn;Cr;Be;Ni;V,6d0deea27854ecde2ed17a832fb4c637d6249fd39483d32988bb99c04f7b183f,False,False,Selected,0.8113056442845266,46.632532294742276,33.14043414990315,0.43034871417818427,0.8110362644208309,41.76750272559677,29.50161319775751,0.4306557873087484,0.6940620834361458,3.6766442870420075,2.5843247181504805,0.5479711667509974,0.7721346640471678,30.692226435793685,21.742124021937048,0.46965855607931006
R04_F05_k05_Native_ET_Physics,4,5,R04_F05,5,Native_ET_Physics,reduced physics-retained ExtraTrees,20,0.25,"{""model__max_depth"": 14, ""model__max_features"": 0.7, ""model__min_samples_leaf"": 1, ""model__n_estimators"": 800, ""selector__alpha"": 0.25, ""selector__n_features"": 5}",1067,4c628bd28d5875aec3c392956184b8eeb093c079a8445a4aca793b8ad02c37ea,-0.46381652891255654,0.07108697472710546,0.46381652891255654,1,Selected_for_fixed_k,True,1110,0.25,5,Tsol;Tage;tage;Zn;Mg,Zn;Tsol;Mg;Tage;Cu;Ti;Zr;Fe;tage;Sc;Si;Cr;Li;Mn;Be;Ni;V,6d0deea27854ecde2ed17a832fb4c637d6249fd39483d32988bb99c04f7b183f,False,False,Selected,0.8293496458499685,44.346887262073665,32.79891917430565,0.40925561988384773,0.816487398764988,41.160649801984945,29.387851828885047,0.42439865660798215,0.7074689369053718,3.595182627529934,2.4971423558222314,0.5358300301265956,0.7844353271734428,29.700906563862848,21.56130445300431,0.4564947688728085
R04_F05_k06_Independent_ET_Physics,4,5,R04_F05,6,Independent_ET_Physics,reduced physics-retained independent ET,9,0.0,"{""model__estimator__max_depth"": null, ""model__estimator__max_features"": ""sqrt"", ""model__estimator__min_samples_leaf"": 1, ""model__estimator__n_estimators"": 300, ""selector__alpha"": 0.0, ""selector__n_features"": 6}",1068,4c628bd28d5875aec3c392956184b8eeb093c079a8445a4aca793b8ad02c37ea,-0.44004873288499446,0.06711245471034064,0.44004873288499446,1,Selected_for_fixed_k,True,450,0.0,6,Tsol;Tage;tage;Zn;Mg;Cu,Zn;Tsol;Tage;Mg;Cu;tage;Ti;Zr;Fe;Li;Si;Sc;Mn;Cr;Be;Ni;V,6d0deea27854ecde2ed17a832fb4c637d6249fd39483d32988bb99c04f7b183f,False,False,Selected,0.8072065769469319,47.13631766652017,34.100438580246994,0.4349979016938028,0.7899522350525114,44.03604522443133,30.45031820987663,0.4540462438150271,0.7933709539185589,3.021555996529711,2.0333000000000063,0.4503360770192836,0.7968432553060008,31.397972962493736,22.19468559670788,0.44646007417603784
R04_F05_k07_Native_ET_Physics,4,5,R04_F05,7,Native_ET_Physics,reduced physics-retained ExtraTrees,20,0.25,"{""model__max_depth"": 14, ""model__max_features"": ""sqrt"", ""model__min_samples_leaf"": 1, ""model__n_estimators"": 500, ""selector__alpha"": 0.25, ""selector__n_features"": 7}",1069,4c628bd28d5875aec3c392956184b8eeb093c079a8445a4aca793b8ad02c37ea,-0.4275392359402977,0.023597306280328283,0.4275392359402977,1,Selected_for_fixed_k,True,790,0.25,7,Tsol;Tage;tage;Zn;Mg;Cu;Ti,Zn;Tsol;Mg;Tage;Cu;Ti;Zr;Fe;tage;Sc;Si;Cr;Li;Mn;Be;Ni;V,6d0deea27854ecde2ed17a832fb4c637d6249fd39483d32988bb99c04f7b183f,False,False,Selected,0.8063695350827194,47.23853157573708,33.87950872560336,0.4359411836096249,0.8154214880854191,41.28001504359189,28.7797562552046,0.42562940608417804,0.7813010035093466,3.1085535764955767,2.0746740041686564,0.4633022934048134,0.8010306755591617,30.542366731941513,21.577979661658873,0.4416242943662054
R04_F05_k08_Native_ET_Physics,4,5,R04_F05,8,Native_ET_Physics,reduced physics-retained ExtraTrees,8,0.25,"{""model__max_depth"": 14, ""model__max_features"": 0.7, ""model__min_samples_leaf"": 1, ""model__n_estimators"": 800, ""selector__alpha"": 0.25, ""selector__n_features"": 8}",1070,4c628bd28d5875aec3c392956184b8eeb093c079a8445a4aca793b8ad02c37ea,-0.4318579462495994,0.05048397399956869,0.4318579462495994,1,Selected_for_fixed_k,True,1110,0.25,8,Tsol;Tage;tage;Zn;Mg;Cu;Ti;Zr,Zn;Tsol;Mg;Tage;Cu;Ti;Zr;Fe;tage;Sc;Si;Cr;Li;Mn;Be;Ni;V,6d0deea27854ecde2ed17a832fb4c637d6249fd39483d32988bb99c04f7b183f,False,False,Selected,0.8093456929037168,46.87409062317046,32.59461938942358,0.43257793723176097,0.8337668170212907,39.17492169563191,26.379463698902086,0.4039242388138224,0.737462199335489,3.405892083764515,2.1082865706541827,0.507617956283162,0.7935249030868321,29.818301467522293,20.360789886326614,0.44804004410958176
R04_F05_k09_Native_ET_Physics,4,5,R04_F05,9,Native_ET_Physics,reduced physics-retained ExtraTrees,17,0.25,"{""model__max_depth"": null, ""model__max_features"": ""sqrt"", ""model__min_samples_leaf"": 1, ""model__n_estimators"": 500, ""selector__alpha"": 0.25, ""selector__n_features"": 9}",1071,4c628bd28d5875aec3c392956184b8eeb093c079a8445a4aca793b8ad02c37ea,-0.43395677606469374,0.04538610284939071,0.43395677606469374,1,Selected_for_fixed_k,True,650,0.25,9,Tsol;Tage;tage;Zn;Mg;Cu;Ti;Zr;Fe,Zn;Tsol;Mg;Tage;Cu;Ti;Zr;Fe;tage;Sc;Si;Cr;Li;Mn;Be;Ni;V,6d0deea27854ecde2ed17a832fb4c637d6249fd39483d32988bb99c04f7b183f,False,False,Selected,0.8128162597781307,46.445496017616506,33.132156728395245,0.4286226483309125,0.8367312917404399,38.824042621473815,27.412287098765756,0.4003063997267104,0.7565145614335854,3.2799819868848297,2.109570740740732,0.4888521749602151,0.8020207043173854,29.51650687532505,20.884671522633912,0.4392604076726127
R04_F05_k10_Independent_ET_Physics,4,5,R04_F05,10,Independent_ET_Physics,reduced physics-retained independent ET,15,0.25,"{""model__estimator__max_depth"": null, ""model__estimator__max_features"": ""sqrt"", ""model__estimator__min_samples_leaf"": 1, ""model__estimator__n_estimators"": 800, ""selector__alpha"": 0.25, ""selector__n_features"": 10}",1072,4c628bd28d5875aec3c392956184b8eeb093c079a8445a4aca793b8ad02c37ea,-0.4109377774178117,0.019849170448738195,0.4109377774178117,1,Selected_for_fixed_k,True,950,0.25,10,Tsol;Tage;tage;Zn;Mg;Cu;Ti;Zr;Fe;Sc,Zn;Tsol;Mg;Tage;Cu;Ti;Zr;Fe;tage;Sc;Si;Cr;Li;Mn;Be;Ni;V,6d0deea27854ecde2ed17a832fb4c637d6249fd39483d32988bb99c04f7b183f,False,False,Selected,0.8195792161564486,45.59873845161788,32.385170756172435,0.42080833905332604,0.8280410084719416,39.84388899233775,28.043256751543495,0.41082181753044755,0.760104146695616,3.2557146392204035,1.998483564814807,0.4852353423880529,0.8025747904413354,29.566114027725348,20.808970357510244,0.43895516632394216
R04_F05_k11_Native_ET_Physics,4,5,R04_F05,11,Native_ET_Physics,reduced physics-retained ExtraTrees,12,0.5,"{""model__max_depth"": 14, ""model__max_features"": 1.0, ""model__min_samples_leaf"": 1, ""model__n_estimators"": 500, ""selector__alpha"": 0.5, ""selector__n_features"": 11}",1073,4c628bd28d5875aec3c392956184b8eeb093c079a8445a4aca793b8ad02c37ea,-0.4397227054898877,0.07383793151601042,0.4397227054898877,1,Selected_for_fixed_k,True,840,0.5,11,Tsol;Tage;tage;Zn;Mg;Ti;Cu;Zr;Fe;Sc;Si,Zn;Tsol;Mg;Tage;Ti;Cu;Zr;Fe;Sc;Si;Cr;Li;tage;Be;Mn;V;Ni,6d0deea27854ecde2ed17a832fb4c637d6249fd39483d32988bb99c04f7b183f,False,False,Selected,0.7994832388253242,48.07119135183363,33.723376791809116,0.4436253913152281,0.8295052960465813,39.673884373829985,27.12586467610293,0.40906893626985164,0.7188395927811936,3.5246179091234877,2.184524540558204,0.5253129857628219,0.7826093758843663,30.423231211595702,21.01125533615675,0.4593357711159672
R04_F05_k12_Native_ET_Physics,4,5,R04_F05,12,Native_ET_Physics,reduced physics-retained ExtraTrees,21,0.5,"{""model__max_depth"": 10, ""model__max_features"": 1.0, ""model__min_samples_leaf"": 1, ""model__n_estimators"": 800, ""selector__alpha"": 0.5, ""selector__n_features"": 12}",1074,4c628bd28d5875aec3c392956184b8eeb093c079a8445a4aca793b8ad02c37ea,-0.4313436982837765,0.05094585540008372,0.4313436982837765,1,Selected_for_fixed_k,True,1100,0.5,12,Tsol;Tage;tage;Zn;Mg;Ti;Cu;Zr;Fe;Sc;Si;Cr,Zn;Tsol;Mg;Tage;Ti;Cu;Zr;Fe;Sc;Si;Cr;Li;tage;Be;Mn;V;Ni,6d0deea27854ecde2ed17a832fb4c637d6249fd39483d32988bb99c04f7b183f,False,False,Selected,0.7984521907081563,48.19462283141291,34.60779853061585,0.44476447975654015,0.8254447376626696,40.14354760529378,27.932718418676064,0.41391153339721254,0.7203879615940659,3.5148993594194002,2.4039059460989503,0.5238645222714676,0.7814282966549638,30.61768993204203,21.648140965130285,0.46084684514174007
R04_F05_k13_Native_ET_Physics,4,5,R04_F05,13,Native_ET_Physics,reduced physics-retained ExtraTrees,1,0.75,"{""model__max_depth"": 10, ""model__max_features"": 1.0, ""model__min_samples_leaf"": 1, ""model__n_estimators"": 800, ""selector__alpha"": 0.75, ""selector__n_features"": 13}",1075,4c628bd28d5875aec3c392956184b8eeb093c079a8445a4aca793b8ad02c37ea,-0.4310308852378964,0.0359423648236689,0.4310308852378964,1,Selected_for_fixed_k,True,1100,0.75,13,Tsol;Tage;tage;Zn;Mg;Ti;Sc;Si;Fe;Zr;Cu;Cr;Li,Zn;Tsol;Mg;Tage;Ti;Sc;Si;Fe;Zr;Cu;Cr;Li;Be;V;tage;Ni;Mn,6d0deea27854ecde2ed17a832fb4c637d6249fd39483d32988bb99c04f7b183f,False,False,Selected,0.7684319638010724,51.65933974598647,36.01022211226835,0.4767386487712958,0.7954156218822359,43.459578593585924,29.353922746850753,0.44810241967991055,0.7193615250167327,3.5213449265274313,2.3565216083375367,0.5248251767848803,0.7610697035666804,32.88008775536661,22.573555489152213,0.48322208174536224
R04_F05_k14_Native_ET_Physics,4,5,R04_F05,14,Native_ET_Physics,reduced physics-retained ExtraTrees,14,0.75,"{""model__max_depth"": null, ""model__max_features"": 0.7, ""model__min_samples_leaf"": 1, ""model__n_estimators"": 800, ""selector__alpha"": 0.75, ""selector__n_features"": 14}",1076,4c628bd28d5875aec3c392956184b8eeb093c079a8445a4aca793b8ad02c37ea,-0.44928333305712115,0.04777461935888182,0.44928333305712115,1,Selected_for_fixed_k,True,970,0.75,14,Tsol;Tage;tage;Zn;Mg;Ti;Sc;Si;Fe;Zr;Cu;Cr;Li;Be,Zn;Tsol;Mg;Tage;Ti;Sc;Si;Fe;Zr;Cu;Cr;Li;Be;V;tage;Ni;Mn,6d0deea27854ecde2ed17a832fb4c637d6249fd39483d32988bb99c04f7b183f,False,False,Selected,0.8005313191386987,47.94539518993371,32.42650663580233,0.4424644803833488,0.8214804539257541,40.59683379506645,28.400855709877096,0.41858527035044196,0.7864895919084814,3.0714573357010484,1.9646002314814668,0.4577734282867228,0.8028337883243114,30.53789544023374,20.930654192386967,0.4396077263401712
R04_F05_k15_RegressorChain_ET_Physics,4,5,R04_F05,15,RegressorChain_ET_Physics,reduced physics-retained regressor chain,23,0.25,"{""model__base_estimator__max_depth"": 10, ""model__base_estimator__max_features"": 1.0, ""model__base_estimator__min_samples_leaf"": 1, ""model__base_estimator__n_estimators"": 500, ""selector__alpha"": 0.25, ""selector__n_features"": 15}",1077,4c628bd28d5875aec3c392956184b8eeb093c079a8445a4aca793b8ad02c37ea,-0.43438941477735504,0.03561522153597499,0.43438941477735504,1,Selected_for_fixed_k,True,800,0.25,15,Tsol;Tage;tage;Zn;Mg;Cu;Ti;Zr;Fe;Sc;Si;Cr;Li;Mn;Be,Zn;Tsol;Mg;Tage;Cu;Ti;Zr;Fe;tage;Sc;Si;Cr;Li;Mn;Be;Ni;V,6d0deea27854ecde2ed17a832fb4c637d6249fd39483d32988bb99c04f7b183f,False,False,Selected,0.7839297822082697,49.90074157310884,34.99878569241996,0.46050941082919666,0.8026055351269794,42.689076717392716,29.477047559616974,0.44015793963055627,0.7240217006957603,3.4919854766821077,2.375963638386772,0.5204494116221718,0.7701856726770032,32.02726792239455,22.283932296807905,0.47370558736064156
R04_F05_k16_Native_RF_Physics,4,5,R04_F05,16,Native_RF_Physics,reduced physics-retained RandomForest,10,0.0,"{""model__max_depth"": null, ""model__max_features"": 0.7, ""model__min_samples_leaf"": 1, ""model__n_estimators"": 800, ""selector__alpha"": 0.0, ""selector__n_features"": 16}",1078,4c628bd28d5875aec3c392956184b8eeb093c079a8445a4aca793b8ad02c37ea,-0.4631044920702063,0.07880780590699717,0.4631044920702063,1,Selected_for_fixed_k,True,970,0.0,16,Tsol;Tage;tage;Zn;Mg;Cu;Ti;Zr;Fe;Li;Si;Sc;Mn;Cr;Be;Ni,Zn;Tsol;Tage;Mg;Cu;tage;Ti;Zr;Fe;Li;Si;Sc;Mn;Cr;Be;Ni;V,6d0deea27854ecde2ed17a832fb4c637d6249fd39483d32988bb99c04f7b183f,False,False,Selected,0.812068326973582,46.538194983657306,34.68645725620925,0.4294781215140792,0.8284713128779527,39.79400576133254,29.275980233502633,0.4103074822046516,0.7661472343516115,3.2144466115575425,2.2014965746252115,0.47908470950044113,0.8022289580677154,29.848882452182465,22.054644688112365,0.43962343773972395
R04_F05_k17_Native_ET_Physics,4,5,R04_F05,17,Native_ET_Physics,reduced physics-retained ExtraTrees,4,0.25,"{""model__max_depth"": null, ""model__max_features"": 0.7, ""model__min_samples_leaf"": 1, ""model__n_estimators"": 300, ""selector__alpha"": 0.25, ""selector__n_features"": 17}",1079,4c628bd28d5875aec3c392956184b8eeb093c079a8445a4aca793b8ad02c37ea,-0.4332904399706847,0.052594347599673116,0.4332904399706847,1,Selected_for_fixed_k,True,470,0.25,17,Tsol;Tage;tage;Zn;Mg;Cu;Ti;Zr;Fe;Sc;Si;Cr;Li;Mn;Be;Ni;V,Zn;Tsol;Mg;Tage;Cu;Ti;Zr;Fe;tage;Sc;Si;Cr;Li;Mn;Be;Ni;V,6d0deea27854ecde2ed17a832fb4c637d6249fd39483d32988bb99c04f7b183f,False,False,Selected,0.808490310203978,46.97912474195024,31.60069783950633,0.4335472454751139,0.82846218797523,39.795064218691834,27.48372685185199,0.41031839573209883,0.779150066196777,3.1238027183200265,1.961347530864202,0.46557504251653614,0.8053675214586616,29.9659972263207,20.348590740740843,0.4364802279079163
R05_F01_k03_Independent_ET_Physics,5,1,R05_F01,3,Independent_ET_Physics,reduced physics-retained independent ET,3,0.75,"{""model__estimator__max_depth"": 10, ""model__estimator__max_features"": 0.7, ""model__estimator__min_samples_leaf"": 1, ""model__estimator__n_estimators"": 500, ""selector__alpha"": 0.75, ""selector__n_features"": 3}",1066,62c7367cc56d8bea1b0ab834ddf7580d100b236d9e17b57a22464e7b13dfd3ff,-0.6008416962521783,0.07472918412342197,0.6008416962521783,1,Selected_for_fixed_k,True,770,0.75,3,Tsol;Tage;tage,Zn;Mg;Tsol;Tage;Ti;Fe;Sc;Zr;Si;Cu;Cr;Li;Be;Ni;Mn;V;tage,a47bc611e02dfff4614e2f3e324517cf11627560c0903e5c16bb1e676c6aa88a,False,False,Selected,0.8726708731564375,43.04337832905192,32.361864260114785,0.35351263067981487,0.8334609440591647,42.84074341691472,30.56498598040057,0.40429568307037156,0.6385085278676931,4.501172580676401,3.303800422910485,0.5956485420206603,0.7815467816944318,30.128431442214346,22.076883554475284,0.4511522852569489
R05_F01_k04_Native_ET_Physics,5,1,R05_F01,4,Native_ET_Physics,reduced physics-retained ExtraTrees,13,0.0,"{""model__max_depth"": 14, ""model__max_features"": 1.0, ""model__min_samples_leaf"": 1, ""model__n_estimators"": 800, ""selector__alpha"": 0.0, ""selector__n_features"": 4}",1067,62c7367cc56d8bea1b0ab834ddf7580d100b236d9e17b57a22464e7b13dfd3ff,-0.5016271222675657,0.0318996612174573,0.5016271222675657,1,Selected_for_fixed_k,True,1140,0.0,4,Tsol;Tage;tage;Zn,Zn;Tsol;Mg;Tage;tage;Cu;Zr;Ti;Fe;Mn;Si;Cr;Li;Sc;Ni;Be;V,a47bc611e02dfff4614e2f3e324517cf11627560c0903e5c16bb1e676c6aa88a,False,False,Selected,0.9012608413330547,37.90418656839131,26.879873802421983,0.31130476342110247,0.8911861743711906,34.62908281435929,22.55334323738138,0.32680078761201214,0.6833127177420824,4.21300474220195,2.8243581661655726,0.5575147558198305,0.8252532444821092,25.582091374984184,17.41919173532298,0.3985401022843151
R05_F01_k05_Native_ET_Physics,5,1,R05_F01,5,Native_ET_Physics,reduced physics-retained ExtraTrees,5,0.75,"{""model__max_depth"": 14, ""model__max_features"": 1.0, ""model__min_samples_leaf"": 1, ""model__n_estimators"": 800, ""selector__alpha"": 0.75, ""selector__n_features"": 5}",1068,62c7367cc56d8bea1b0ab834ddf7580d100b236d9e17b57a22464e7b13dfd3ff,-0.4715255248972408,0.05512182275412546,0.4715255248972408,1,Selected_for_fixed_k,True,1140,0.75,5,Tsol;Tage;tage;Zn;Mg,Zn;Mg;Tsol;Tage;Ti;Fe;Sc;Zr;Si;Cu;Cr;Li;Be;Ni;Mn;V;tage,a47bc611e02dfff4614e2f3e324517cf11627560c0903e5c16bb1e676c6aa88a,False,False,Selected,0.926398088119015,32.72555478203139,24.01856947265945,0.26877297764622576,0.917113660699832,30.223198880646727,20.34591968984897,0.2852216806116,0.6866815007473099,4.190536765706415,2.6875465736441595,0.5545415266885652,0.8433977498553856,22.379763476128176,15.684011912050861,0.369512061648797
R05_F01_k06_Native_ET_Physics,5,1,R05_F01,6,Native_ET_Physics,reduced physics-retained ExtraTrees,20,0.25,"{""model__max_depth"": 14, ""model__max_features"": ""sqrt"", ""model__min_samples_leaf"": 1, ""model__n_estimators"": 500, ""selector__alpha"": 0.25, ""selector__n_features"": 6}",1069,62c7367cc56d8bea1b0ab834ddf7580d100b236d9e17b57a22464e7b13dfd3ff,-0.46152297003921205,0.04797101020250986,0.46152297003921205,1,Selected_for_fixed_k,True,790,0.25,6,Tsol;Tage;tage;Zn;Mg;Cu,Zn;Tsol;Mg;Tage;Cu;Zr;Ti;Fe;tage;Si;Sc;Cr;Li;Mn;Be;Ni;V,a47bc611e02dfff4614e2f3e324517cf11627560c0903e5c16bb1e676c6aa88a,False,False,Selected,0.9191543567547723,34.29815670416375,25.633579238628748,0.2816886609426254,0.9357301503450495,26.613536644530466,19.528515910866222,0.25115665878875865,0.812190552530827,3.2444071808946955,2.228486270364506,0.4293384384588252,0.889025019876883,21.385366843196305,15.796860473286493,0.32072791939673645
R05_F01_k07_Native_ET_Physics,5,1,R05_F01,7,Native_ET_Physics,reduced physics-retained ExtraTrees,18,0.0,"{""model__max_depth"": null, ""model__max_features"": 1.0, ""model__min_samples_leaf"": 1, ""model__n_estimators"": 300, ""selector__alpha"": 0.0, ""selector__n_features"": 7}",1070,62c7367cc56d8bea1b0ab834ddf7580d100b236d9e17b57a22464e7b13dfd3ff,-0.45338154687882976,0.05904449614277025,0.45338154687882976,1,Selected_for_fixed_k,True,500,0.0,7,Tsol;Tage;tage;Zn;Mg;Cu;Zr,Zn;Tsol;Mg;Tage;tage;Cu;Zr;Ti;Fe;Mn;Si;Cr;Li;Sc;Ni;Be;V,a47bc611e02dfff4614e2f3e324517cf11627560c0903e5c16bb1e676c6aa88a,False,False,Selected,0.9072370210941411,36.739209976937325,26.556170679012556,0.3017368820067541,0.914512255503727,30.693815534825124,21.259722325102828,0.28966297332712804,0.760449280902446,3.664167985629083,2.2485646090535076,0.48488616671320034,0.8607328525001047,23.69906449913051,16.688152537722964,0.35876200734902747
R05_F01_k08_Native_ET_Physics,5,1,R05_F01,8,Native_ET_Physics,reduced physics-retained ExtraTrees,22,0.5,"{""model__max_depth"": 14, ""model__max_features"": 0.7, ""model__min_samples_leaf"": 1, ""model__n_estimators"": 300, ""selector__alpha"": 0.5, ""selector__n_features"": 8}",1071,62c7367cc56d8bea1b0ab834ddf7580d100b236d9e17b57a22464e7b13dfd3ff,-0.462468981658852,0.047258449291881596,0.462468981658852,1,Selected_for_fixed_k,True,610,0.5,8,Tsol;Tage;tage;Zn;Mg;Ti;Cu;Fe,Zn;Tsol;Mg;Tage;Ti;Cu;Fe;Zr;Sc;Si;Cr;Li;tage;Mn;Be;Ni;V,a47bc611e02dfff4614e2f3e324517cf11627560c0903e5c16bb1e676c6aa88a,False,False,Selected,0.9117383840346489,35.83673268014937,27.016020087764318,0.29432489122672306,0.9391952971336824,25.88615424370225,18.86427802023755,0.24429222224678912,0.7682469370586329,3.6040381358974853,2.234771809805532,0.4769290718267906,0.8730602060756548,21.775641686583032,16.038356639269132,0.3385153951001009
R05_F01_k09_Native_ET_Physics,5,1,R05_F01,9,Native_ET_Physics,reduced physics-retained ExtraTrees,15,0.25,"{""model__max_depth"": null, ""model__max_features"": ""sqrt"", ""model__min_samples_leaf"": 1, ""model__n_estimators"": 800, ""selector__alpha"": 0.25, ""selector__n_features"": 9}",1072,62c7367cc56d8bea1b0ab834ddf7580d100b236d9e17b57a22464e7b13dfd3ff,-0.4586781666573373,0.07807777398841417,0.4586781666573373,1,Selected_for_fixed_k,True,950,0.25,9,Tsol;Tage;tage;Zn;Mg;Cu;Zr;Ti;Fe,Zn;Tsol;Mg;Tage;Cu;Zr;Ti;Fe;tage;Si;Sc;Cr;Li;Mn;Be;Ni;V,a47bc611e02dfff4614e2f3e324517cf11627560c0903e5c16bb1e676c6aa88a,False,False,Selected,0.9114750449128652,35.89015445826478,26.35504791666661,0.29476364101938113,0.9382433115710702,26.088009818331944,18.51919845679028,0.24619716905483757,0.7973136950123499,3.3704573754641824,2.062790354938271,0.44601889522226096,0.8823440171654284,21.782873884020304,15.645678909465055,0.32899323509882655
R05_F01_k10_Native_ET_Physics,5,1,R05_F01,10,Native_ET_Physics,reduced physics-retained ExtraTrees,21,0.25,"{""model__max_depth"": 10, ""model__max_features"": 1.0, ""model__min_samples_leaf"": 1, ""model__n_estimators"": 500, ""selector__alpha"": 0.25, ""selector__n_features"": 10}",1073,62c7367cc56d8bea1b0ab834ddf7580d100b236d9e17b57a22464e7b13dfd3ff,-0.4514594758731375,0.044219622602634304,0.4514594758731375,1,Selected_for_fixed_k,True,800,0.25,10,Tsol;Tage;tage;Zn;Mg;Cu;Zr;Ti;Fe;Si,Zn;Tsol;Mg;Tage;Cu;Zr;Ti;Fe;tage;Si;Sc;Cr;Li;Mn;Be;Ni;V,a47bc611e02dfff4614e2f3e324517cf11627560c0903e5c16bb1e676c6aa88a,False,False,Selected,0.9181073479552221,34.51953506610675,26.642509041128285,0.2835068278743143,0.9385783610627437,26.017145736368853,19.051845602586056,0.24552841216274518,0.7342463811243057,3.859368342059641,2.3833349132577104,0.510717393049406,0.8636440300474238,21.46534971484508,16.025896518990685,0.3465842110288218
R05_F01_k11_Independent_ET_Physics,5,1,R05_F01,11,Independent_ET_Physics,reduced physics-retained independent ET,21,0.5,"{""model__estimator__max_depth"": 10, ""model__estimator__max_features"": 1.0, ""model__estimator__min_samples_leaf"": 1, ""model__estimator__n_estimators"": 800, ""selector__alpha"": 0.5, ""selector__n_features"": 11}",1074,62c7367cc56d8bea1b0ab834ddf7580d100b236d9e17b57a22464e7b13dfd3ff,-0.45409393619652205,0.0286641429533316,0.45409393619652205,1,Selected_for_fixed_k,True,1100,0.5,11,Tsol;Tage;tage;Zn;Mg;Ti;Cu;Fe;Zr;Sc;Si,Zn;Tsol;Mg;Tage;Ti;Cu;Fe;Zr;Sc;Si;Cr;Li;tage;Mn;Be;Ni;V,a47bc611e02dfff4614e2f3e324517cf11627560c0903e5c16bb1e676c6aa88a,False,False,Selected,0.9198144650656728,34.15784671222914,26.574591387428445,0.2805363035700167,0.9317859003499701,27.41801596540108,19.167959738980954,0.2587486726196614,0.7289218283855838,3.8978391227183513,2.1513238760818805,0.5158083030287594,0.8601740646004089,21.824567266782854,15.964625000830425,0.3516977597394792
R05_F01_k12_Native_ET_Physics,5,1,R05_F01,12,Native_ET_Physics,reduced physics-retained ExtraTrees,13,0.5,"{""model__max_depth"": 10, ""model__max_features"": 0.7, ""model__min_samples_leaf"": 1, ""model__n_estimators"": 800, ""selector__alpha"": 0.5, ""selector__n_features"": 12}",1075,62c7367cc56d8bea1b0ab834ddf7580d100b236d9e17b57a22464e7b13dfd3ff,-0.44363439085736883,0.03960001669270168,0.44363439085736883,1,Selected_for_fixed_k,True,1070,0.5,12,Tsol;Tage;tage;Zn;Mg;Ti;Cu;Fe;Zr;Sc;Si;Cr,Zn;Tsol;Mg;Tage;Ti;Cu;Fe;Zr;Sc;Si;Cr;Li;tage;Mn;Be;Ni;V,a47bc611e02dfff4614e2f3e324517cf11627560c0903e5c16bb1e676c6aa88a,False,False,Selected,0.9176111453846829,34.6239572179255,26.590184878868513,0.2843644406134561,0.9372721828368145,26.292327715616796,18.914207444373805,0.24812535323788015,0.7924665230644943,3.4105209176883404,2.2045269114229975,0.4513205783028988,0.8824499504286639,21.44226861707688,15.90297307822177,0.32793679071807835
R05_F01_k13_Native_ET_Physics,5,1,R05_F01,13,Native_ET_Physics,reduced physics-retained ExtraTrees,14,0.75,"{""model__max_depth"": null, ""model__max_features"": 0.7, ""model__min_samples_leaf"": 1, ""model__n_estimators"": 800, ""selector__alpha"": 0.75, ""selector__n_features"": 13}",1076,62c7367cc56d8bea1b0ab834ddf7580d100b236d9e17b57a22464e7b13dfd3ff,-0.4617075781008892,0.047219397660161665,0.4617075781008892,1,Selected_for_fixed_k,True,970,0.75,13,Tsol;Tage;tage;Zn;Mg;Ti;Fe;Sc;Zr;Si;Cu;Cr;Li,Zn;Mg;Tsol;Tage;Ti;Fe;Sc;Zr;Si;Cu;Cr;Li;Be;Ni;Mn;V;tage,a47bc611e02dfff4614e2f3e324517cf11627560c0903e5c16bb1e676c6aa88a,False,False,Selected,0.9188767994824085,34.35698205166217,25.90756319444433,0.2821717899197667,0.9399619771881156,25.722438650724495,18.992529320987828,0.24274720920049173,0.8028626541457278,3.3240005658252456,2.018961959876548,0.43987117916996826,0.8872338102720839,21.134473756070637,15.639684825102902,0.3215967260967422
R05_F01_k14_RegressorChain_ET_Physics,5,1,R05_F01,14,RegressorChain_ET_Physics,reduced physics-retained regressor chain,23,0.25,"{""model__base_estimator__max_depth"": 10, ""model__base_estimator__max_features"": 1.0, ""model__base_estimator__min_samples_leaf"": 1, ""model__base_estimator__n_estimators"": 500, ""selector__alpha"": 0.25, ""selector__n_features"": 14}",1077,62c7367cc56d8bea1b0ab834ddf7580d100b236d9e17b57a22464e7b13dfd3ff,-0.45355598479017784,0.03319885712138751,0.45355598479017784,1,Selected_for_fixed_k,True,800,0.25,14,Tsol;Tage;tage;Zn;Mg;Cu;Zr;Ti;Fe;Si;Sc;Cr;Li;Mn,Zn;Tsol;Mg;Tage;Cu;Zr;Ti;Fe;tage;Si;Sc;Cr;Li;Mn;Be;Ni;V,a47bc611e02dfff4614e2f3e324517cf11627560c0903e5c16bb1e676c6aa88a,False,False,Selected,0.9184538993782013,34.44641814708637,27.021474609988516,0.282906323095333,0.9334463709898654,27.082254818650874,20.107928336172897,0.2555800352117431,0.771546456231378,3.5782904228140913,2.1484355295758593,0.4735218290509126,0.8744822421998149,21.702321129517113,16.42594615857909,0.3373360624526629
R05_F01_k15_RegressorChain_ET_Physics,5,1,R05_F01,15,RegressorChain_ET_Physics,reduced physics-retained regressor chain,13,0.25,"{""model__base_estimator__max_depth"": 14, ""model__base_estimator__max_features"": 1.0, ""model__base_estimator__min_samples_leaf"": 1, ""model__base_estimator__n_estimators"": 500, ""selector__alpha"": 0.25, ""selector__n_features"": 15}",1078,62c7367cc56d8bea1b0ab834ddf7580d100b236d9e17b57a22464e7b13dfd3ff,-0.4686967213496569,0.05952166286945262,0.4686967213496569,1,Selected_for_fixed_k,True,840,0.25,15,Tsol;Tage;tage;Zn;Mg;Cu;Zr;Ti;Fe;Si;Sc;Cr;Li;Mn;Be,Zn;Tsol;Mg;Tage;Cu;Zr;Ti;Fe;tage;Si;Sc;Cr;Li;Mn;Be;Ni;V,a47bc611e02dfff4614e2f3e324517cf11627560c0903e5c16bb1e676c6aa88a,False,False,Selected,0.9265025358068898,32.70232629546394,25.736625789390335,0.2685822035083225,0.9445403859744078,24.722214527618608,18.67909620399142,0.23330791700289424,0.8110864011717754,3.253930308893953,1.9252158455663553,0.43059865170472156,0.8940431076510243,20.22615704399217,15.44697927964937,0.3108295907386461
R05_F01_k16_RegressorChain_ET_Physics,5,1,R05_F01,16,RegressorChain_ET_Physics,reduced physics-retained regressor chain,17,0.0,"{""model__base_estimator__max_depth"": 10, ""model__base_estimator__max_features"": 0.7, ""model__base_estimator__min_samples_leaf"": 1, ""model__base_estimator__n_estimators"": 800, ""selector__alpha"": 0.0, ""selector__n_features"": 16}",1079,62c7367cc56d8bea1b0ab834ddf7580d100b236d9e17b57a22464e7b13dfd3ff,-0.46747502595910506,0.05057289396757146,0.46747502595910506,1,Selected_for_fixed_k,True,1070,0.0,16,Tsol;Tage;tage;Zn;Mg;Cu;Zr;Ti;Fe;Mn;Si;Cr;Li;Sc;Ni;Be,Zn;Tsol;Mg;Tage;tage;Cu;Zr;Ti;Fe;Mn;Si;Cr;Li;Sc;Ni;Be;V,a47bc611e02dfff4614e2f3e324517cf11627560c0903e5c16bb1e676c6aa88a,False,False,Selected,0.9210142181420863,33.901345144423956,26.508392760892534,0.27842967189916795,0.9397418702538946,25.769546360333766,18.881322958015673,0.24319177299923386,0.7936748808674802,3.4005775920575085,2.069734244516715,0.45000475952263963,0.8848103230878204,21.023823032271743,15.819816654474975,0.3238754014736805
R05_F01_k17_Native_ET_Physics,5,1,R05_F01,17,Native_ET_Physics,reduced physics-retained ExtraTrees,12,0.5,"{""model__max_depth"": 14, ""model__max_features"": 0.7, ""model__min_samples_leaf"": 1, ""model__n_estimators"": 500, ""selector__alpha"": 0.5, ""selector__n_features"": 17}",1080,62c7367cc56d8bea1b0ab834ddf7580d100b236d9e17b57a22464e7b13dfd3ff,-0.4375631266131223,0.03226132345552365,0.4375631266131223,1,Selected_for_fixed_k,True,810,0.5,17,Tsol;Tage;tage;Zn;Mg;Ti;Cu;Fe;Zr;Sc;Si;Cr;Li;Mn;Be;Ni;V,Zn;Tsol;Mg;Tage;Ti;Cu;Fe;Zr;Sc;Si;Cr;Li;tage;Mn;Be;Ni;V,a47bc611e02dfff4614e2f3e324517cf11627560c0903e5c16bb1e676c6aa88a,False,False,Selected,0.919376999738366,34.2508968377096,25.76224642642945,0.2813005185531488,0.9434625743549772,24.96128644731195,18.459624104333994,0.23556408105062648,0.7960192944606588,3.3812024988390483,1.9965233561897748,0.4474408173897308,0.8862862895180007,20.86446192795353,15.406131295651072,0.3214351389978354
R05_F02_k03_Independent_ET_Physics,5,2,R05_F02,3,Independent_ET_Physics,reduced physics-retained independent ET,14,1.0,"{""model__estimator__max_depth"": null, ""model__estimator__max_features"": 1.0, ""model__estimator__min_samples_leaf"": 2, ""model__estimator__n_estimators"": 500, ""selector__alpha"": 1.0, ""selector__n_features"": 3}",1067,ee43dfa0b9f43ac0d11ad6d903a3b6ae560461bf20922e5ec62ea86fe309d019,-0.5707360704608202,0.03510077835522629,0.5707360704608202,1,Selected_for_fixed_k,True,800,1.0,3,Tsol;Tage;tage,Zn;Mg;Tsol;Ti;Tage;Fe;Sc;Si;Cu;Zr;Cr;Li;Be;Ni;Mn;V;tage,679a9bc973092869f6a8d8670a41aedca272fad1b146dad4ffecf6302b312430,False,False,Selected,0.7122936328971192,63.3225613250158,46.71967613490059,0.5313929538635137,0.5976325103782587,67.61374872030989,51.79667099618365,0.6284236149397405,0.6198926471331644,4.2670600868794155,3.217276270279371,0.6107931956184074,0.6432729301361807,45.06779004406837,33.91120780045454,0.5902032548072206
R05_F02_k04_Native_ET_Physics,5,2,R05_F02,4,Native_ET_Physics,reduced physics-retained ExtraTrees,5,0.75,"{""model__max_depth"": 14, ""model__max_features"": 1.0, ""model__min_samples_leaf"": 1, ""model__n_estimators"": 800, ""selector__alpha"": 0.75, ""selector__n_features"": 4}",1068,ee43dfa0b9f43ac0d11ad6d903a3b6ae560461bf20922e5ec62ea86fe309d019,-0.4663356908721571,0.07932352240261648,0.4663356908721571,1,Selected_for_fixed_k,True,1140,0.75,4,Tsol;Tage;tage;Zn,Zn;Mg;Tsol;Tage;Ti;Fe;Cu;Si;Sc;Zr;Cr;Li;Be;Mn;Ni;tage;V,679a9bc973092869f6a8d8670a41aedca272fad1b146dad4ffecf6302b312430,False,False,Selected,0.7607360598456843,57.746060541892014,39.879355054826654,0.48459583824848756,0.6819055499791262,60.11759791863233,43.946551871065076,0.5587520130232412,0.6615286225990347,4.026582460504279,2.7393271589918267,0.5763708779341451,0.7013900774746151,40.630080307009536,28.855078028294518,0.5399062430686246
R05_F02_k05_Native_ET_Physics,5,2,R05_F02,5,Native_ET_Physics,reduced physics-retained ExtraTrees,22,0.75,"{""model__max_depth"": null, ""model__max_features"": ""sqrt"", ""model__min_samples_leaf"": 1, ""model__n_estimators"": 300, ""selector__alpha"": 0.75, ""selector__n_features"": 5}",1069,ee43dfa0b9f43ac0d11ad6d903a3b6ae560461bf20922e5ec62ea86fe309d019,-0.45413975862418177,0.05596083695581233,0.45413975862418177,1,Selected_for_fixed_k,True,450,0.75,5,Tsol;Tage;tage;Zn;Mg,Zn;Mg;Tsol;Tage;Ti;Fe;Cu;Si;Sc;Zr;Cr;Li;Be;Mn;Ni;tage;V,679a9bc973092869f6a8d8670a41aedca272fad1b146dad4ffecf6302b312430,False,False,Selected,0.7783614894122091,55.57843942982257,39.6910859567901,0.466405503532124,0.7061145562816883,57.7846665417402,41.880897067901365,0.5370690092404244,0.6810087550015507,3.908994009484657,2.589932561728396,0.559539095792868,0.7218282668984827,39.09069999368248,28.05397186213995,0.5210045361884722
R05_F02_k06_Native_ET_Physics,5,2,R05_F02,6,Native_ET_Physics,reduced physics-retained ExtraTrees,6,0.0,"{""model__max_depth"": null, ""model__max_features"": 1.0, ""model__min_samples_leaf"": 1, ""model__n_estimators"": 500, ""selector__alpha"": 0.0, ""selector__n_features"": 6}",1070,ee43dfa0b9f43ac0d11ad6d903a3b6ae560461bf20922e5ec62ea86fe309d019,-0.445741207092889,0.038795338242608265,0.445741207092889,1,Selected_for_fixed_k,True,700,0.0,6,Tsol;Tage;tage;Zn;Mg;Cu,Zn;Tage;Tsol;Mg;tage;Cu;Ti;Fe;Zr;Si;Cr;Mn;Sc;Li;Be;Ni;V,679a9bc973092869f6a8d8670a41aedca272fad1b146dad4ffecf6302b312430,False,False,Selected,0.8052961409100629,52.09199814229965,36.28909657407395,0.4371478377731647,0.7713803907411454,50.96597215427517,36.93722712962947,0.4736939019990632,0.733348111897508,3.573945739487952,2.2759237962962944,0.5115797984426946,0.7700082145162388,35.54397201202092,25.16741583333324,0.47414051273830754
R05_F02_k07_Native_ET_Physics,5,2,R05_F02,7,Native_ET_Physics,reduced physics-retained ExtraTrees,17,0.25,"{""model__max_depth"": null, ""model__max_features"": ""sqrt"", ""model__min_samples_leaf"": 1, ""model__n_estimators"": 500, ""selector__alpha"": 0.25, ""selector__n_features"": 7}",1071,ee43dfa0b9f43ac0d11ad6d903a3b6ae560461bf20922e5ec62ea86fe309d019,-0.4467253048146979,0.07274633022415236,0.4467253048146979,1,Selected_for_fixed_k,True,650,0.25,7,Tsol;Tage;tage;Zn;Mg;Cu;Ti,Zn;Tsol;Mg;Tage;Cu;Ti;Fe;tage;Si;Zr;Cr;Sc;Li;Mn;Be;Ni;V,679a9bc973092869f6a8d8670a41aedca272fad1b146dad4ffecf6302b312430,False,False,Selected,0.7770203167356233,55.74634314847506,39.731922037036874,0.4678145250744059,0.7574331088968987,52.49758610640036,38.15057796296295,0.48792920760928943,0.7698277541370067,3.3204894193620453,2.153855740740742,0.4752996916320592,0.7680937265898429,37.18813955807916,26.67878524691352,0.4770144747719181
R05_F02_k08_Independent_ET_Physics,5,2,R05_F02,8,Independent_ET_Physics,reduced physics-retained independent ET,15,0.25,"{""model__estimator__max_depth"": null, ""model__estimator__max_features"": ""sqrt"", ""model__estimator__min_samples_leaf"": 1, ""model__estimator__n_estimators"": 800, ""selector__alpha"": 0.25, ""selector__n_features"": 8}",1072,ee43dfa0b9f43ac0d11ad6d903a3b6ae560461bf20922e5ec62ea86fe309d019,-0.436198445921473,0.04350946596925609,0.436198445921473,1,Selected_for_fixed_k,True,950,0.25,8,Tsol;Tage;tage;Zn;Mg;Cu;Ti;Fe,Zn;Tsol;Mg;Tage;Cu;Ti;Fe;tage;Si;Zr;Cr;Sc;Li;Mn;Be;Ni;V,679a9bc973092869f6a8d8670a41aedca272fad1b146dad4ffecf6302b312430,False,False,Selected,0.7836357753081038,54.9131634137551,40.51678668981527,0.46082261206476666,0.7461876353443013,53.7007017685345,38.45024245756221,0.4991113459746164,0.7555316103386389,3.42205494980349,2.22698177083332,0.48983792958510763,0.7617850069970147,37.3453067106977,27.064670306070266,0.48325729587483024
R05_F02_k09_Native_ET_Physics,5,2,R05_F02,9,Native_ET_Physics,reduced physics-retained ExtraTrees,21,0.25,"{""model__max_depth"": 10, ""model__max_features"": 1.0, ""model__min_samples_leaf"": 1, ""model__n_estimators"": 500, ""selector__alpha"": 0.25, ""selector__n_features"": 9}",1073,ee43dfa0b9f43ac0d11ad6d903a3b6ae560461bf20922e5ec62ea86fe309d019,-0.4244183595537381,0.04265883627756985,0.4244183595537381,1,Selected_for_fixed_k,True,800,0.25,9,Tsol;Tage;tage;Zn;Mg;Cu;Ti;Fe;Si,Zn;Tsol;Mg;Tage;Cu;Ti;Fe;tage;Si;Zr;Cr;Sc;Li;Mn;Be;Ni;V,679a9bc973092869f6a8d8670a41aedca272fad1b146dad4ffecf6302b312430,False,False,Selected,0.8167008876624549,50.54333767692487,36.46974216252471,0.42415172324451816,0.7814986892504718,49.82537738748923,35.94425624251149,0.4630928526549427,0.744762877090126,3.4966128022077774,2.1828352948507788,0.5005102491684403,0.7809874846676843,34.62177595554063,24.865611233295663,0.4625849416893004
R05_F02_k10_Independent_ET_Physics,5,2,R05_F02,10,Independent_ET_Physics,reduced physics-retained independent ET,12,0.25,"{""model__estimator__max_depth"": 14, ""model__estimator__max_features"": 0.7, ""model__estimator__min_samples_leaf"": 1, ""model__estimator__n_estimators"": 500, ""selector__alpha"": 0.25, ""selector__n_features"": 10}",1074,ee43dfa0b9f43ac0d11ad6d903a3b6ae560461bf20922e5ec62ea86fe309d019,-0.4684934405740921,0.04260222151586404,0.4684934405740921,1,Selected_for_fixed_k,True,810,0.25,10,Tsol;Tage;tage;Zn;Mg;Cu;Ti;Fe;Si;Zr,Zn;Tsol;Mg;Tage;Cu;Ti;Fe;tage;Si;Zr;Cr;Sc;Li;Mn;Be;Ni;V,679a9bc973092869f6a8d8670a41aedca272fad1b146dad4ffecf6302b312430,False,False,Selected,0.8249271654426884,49.39615199922772,35.38832770607319,0.41452472185440575,0.7818844206313389,49.7813783350075,34.663470892699806,0.46268391151297367,0.7414587865518112,3.5191721695285345,2.1183748882470095,0.5037394298634447,0.7827567908752795,34.232234167921256,24.056724495673333,0.4603160210769414
R05_F02_k11_RegressorChain_ET_Physics,5,2,R05_F02,11,RegressorChain_ET_Physics,reduced physics-retained regressor chain,10,0.25,"{""model__base_estimator__max_depth"": 14, ""model__base_estimator__max_features"": 1.0, ""model__base_estimator__min_samples_leaf"": 1, ""model__base_estimator__n_estimators"": 500, ""selector__alpha"": 0.25, ""selector__n_features"": 11}",1075,ee43dfa0b9f43ac0d11ad6d903a3b6ae560461bf20922e5ec62ea86fe309d019,-0.4756499986200812,0.03334613155340672,0.4756499986200812,1,Selected_for_fixed_k,True,840,0.25,11,Tsol;Tage;tage;Zn;Mg;Cu;Ti;Fe;Si;Zr;Cr,Zn;Tsol;Mg;Tage;Cu;Ti;Fe;tage;Si;Zr;Cr;Sc;Li;Mn;Be;Ni;V,679a9bc973092869f6a8d8670a41aedca272fad1b146dad4ffecf6302b312430,False,False,Selected,0.8367142528426542,47.704338232543975,34.763854366202345,0.4003272873847127,0.7881766681200194,49.05807140811404,36.09552863393939,0.45596126763784106,0.7648158952478131,3.3564455487516414,2.0528668503747696,0.4804465043613829,0.7965689387368289,33.37295172980321,24.304083283505502,0.4455783531279789
R05_F02_k12_Native_ET_Physics,5,2,R05_F02,12,Native_ET_Physics,reduced physics-retained ExtraTrees,14,0.75,"{""model__max_depth"": null, ""model__max_features"": 0.7, ""model__min_samples_leaf"": 1, ""model__n_estimators"": 800, ""selector__alpha"": 0.75, ""selector__n_features"": 12}",1076,ee43dfa0b9f43ac0d11ad6d903a3b6ae560461bf20922e5ec62ea86fe309d019,-0.4481703620887451,0.06868287378962605,0.4481703620887451,1,Selected_for_fixed_k,True,970,0.75,12,Tsol;Tage;tage;Zn;Mg;Ti;Fe;Cu;Si;Sc;Zr;Cr,Zn;Mg;Tsol;Tage;Ti;Fe;Cu;Si;Sc;Zr;Cr;Li;Be;Mn;Ni;tage;V,679a9bc973092869f6a8d8670a41aedca272fad1b146dad4ffecf6302b312430,False,False,Selected,0.8178418063406303,50.38579231080314,36.03431354166677,0.4228296273640115,0.7824956548831943,49.71157719787612,35.45703124999992,0.46203515761671415,0.7543062060764099,3.4306207995088442,2.1226874999999947,0.4910640577877097,0.7848812224334115,34.50933010272937,24.538010763888895,0.45864294758947843
R05_F02_k13_Independent_ET_Physics,5,2,R05_F02,13,Independent_ET_Physics,reduced physics-retained independent ET,5,0.25,"{""model__estimator__max_depth"": null, ""model__estimator__max_features"": ""sqrt"", ""model__estimator__min_samples_leaf"": 1, ""model__estimator__n_estimators"": 500, ""selector__alpha"": 0.25, ""selector__n_features"": 13}",1077,ee43dfa0b9f43ac0d11ad6d903a3b6ae560461bf20922e5ec62ea86fe309d019,-0.4124625937638527,0.03694837838386985,0.4124625937638527,1,Selected_for_fixed_k,True,650,0.25,13,Tsol;Tage;tage;Zn;Mg;Cu;Ti;Fe;Si;Zr;Cr;Sc;Li,Zn;Tsol;Mg;Tage;Cu;Ti;Fe;tage;Si;Zr;Cr;Sc;Li;Mn;Be;Ni;V,679a9bc973092869f6a8d8670a41aedca272fad1b146dad4ffecf6302b312430,False,False,Selected,0.7786528108658193,55.54190129472488,39.19608601851848,0.46609888126145227,0.73283146516728,55.09551258636737,37.55684805555539,0.5120751598865685,0.7257288329809495,3.62464685594193,2.197675185185185,0.5188372300958293,0.745737703004683,38.08735357901139,26.31686975308635,0.49900375708128336
R05_F02_k14_RegressorChain_ET_Physics,5,2,R05_F02,14,RegressorChain_ET_Physics,reduced physics-retained regressor chain,13,0.25,"{""model__base_estimator__max_depth"": 14, ""model__base_estimator__max_features"": 1.0, ""model__base_estimator__min_samples_leaf"": 1, ""model__base_estimator__n_estimators"": 500, ""selector__alpha"": 0.25, ""selector__n_features"": 14}",1078,ee43dfa0b9f43ac0d11ad6d903a3b6ae560461bf20922e5ec62ea86fe309d019,-0.43964832595129677,0.029754636641113108,0.43964832595129677,1,Selected_for_fixed_k,True,840,0.25,14,Tsol;Tage;tage;Zn;Mg;Cu;Ti;Fe;Si;Zr;Cr;Sc;Li;Mn,Zn;Tsol;Mg;Tage;Cu;Ti;Fe;tage;Si;Zr;Cr;Sc;Li;Mn;Be;Ni;V,679a9bc973092869f6a8d8670a41aedca272fad1b146dad4ffecf6302b312430,False,False,Selected,0.8422248992801071,46.8924549351407,34.281141121170194,0.39351409072033294,0.7961867887669771,48.121564605435836,35.230310390871445,0.4472570765303613,0.7315373421724316,3.5860601167270247,2.121057842845002,0.513313868044745,0.789983010073172,32.86669321910119,23.87750311829555,0.4513616784318131
R05_F02_k15_RegressorChain_ET_Physics,5,2,R05_F02,15,RegressorChain_ET_Physics,reduced physics-retained regressor chain,18,0.25,"{""model__base_estimator__max_depth"": null, ""model__base_estimator__max_features"": 0.7, ""model__base_estimator__min_samples_leaf"": 1, ""model__base_estimator__n_estimators"": 800, ""selector__alpha"": 0.25, ""selector__n_features"": 15}",1079,ee43dfa0b9f43ac0d11ad6d903a3b6ae560461bf20922e5ec62ea86fe309d019,-0.4477731300532109,0.023196852392371976,0.4477731300532109,1,Selected_for_fixed_k,True,970,0.25,15,Tsol;Tage;tage;Zn;Mg;Cu;Ti;Fe;Si;Zr;Cr;Sc;Li;Mn;Be,Zn;Tsol;Mg;Tage;Cu;Ti;Fe;tage;Si;Zr;Cr;Sc;Li;Mn;Be;Ni;V,679a9bc973092869f6a8d8670a41aedca272fad1b146dad4ffecf6302b312430,False,False,Selected,0.8300356767069885,48.670142904092984,35.18834126157421,0.40843216796014287,0.7866975288049258,49.22905702550173,34.92596712962944,0.4575504621702424,0.7278247962120763,3.610770631664471,2.152748611111104,0.5168509671426528,0.781519333907997,33.83665685375306,24.089019000771586,0.46094453242434597
R05_F02_k16_Native_RF_Physics,5,2,R05_F02,16,Native_RF_Physics,reduced physics-retained RandomForest,12,0.5,"{""model__max_depth"": 14, ""model__max_features"": 0.7, ""model__min_samples_leaf"": 1, ""model__n_estimators"": 500, ""selector__alpha"": 0.5, ""selector__n_features"": 16}",1080,ee43dfa0b9f43ac0d11ad6d903a3b6ae560461bf20922e5ec62ea86fe309d019,-0.45166735210525744,0.07151706420368423,0.45166735210525744,1,Selected_for_fixed_k,True,810,0.5,16,Tsol;Tage;tage;Zn;Mg;Ti;Cu;Fe;Si;Sc;Zr;Cr;Li;Be;Mn;Ni,Zn;Tsol;Mg;Tage;Ti;Cu;Fe;Si;Sc;Zr;Cr;tage;Li;Be;Mn;Ni;V,679a9bc973092869f6a8d8670a41aedca272fad1b146dad4ffecf6302b312430,False,False,Selected,0.8271746890537596,49.07806258925415,37.160676402182176,0.41185536566252695,0.8049612993808414,47.074310869125426,35.54450765472285,0.43752356831365663,0.721452745968455,3.6527930160747304,2.4328765270432653,0.5228661124508638,0.784529578134352,33.268388824818096,25.04602019464943,0.4574150154756825
R05_F02_k17_Native_ET_Physics,5,2,R05_F02,17,Native_ET_Physics,reduced physics-retained ExtraTrees,11,0.75,"{""model__max_depth"": 14, ""model__max_features"": 0.7, ""model__min_samples_leaf"": 1, ""model__n_estimators"": 300, ""selector__alpha"": 0.75, ""selector__n_features"": 17}",1081,ee43dfa0b9f43ac0d11ad6d903a3b6ae560461bf20922e5ec62ea86fe309d019,-0.44675279688216685,0.0773492345220847,0.44675279688216685,1,Selected_for_fixed_k,True,610,0.75,17,Tsol;Tage;tage;Zn;Mg;Ti;Fe;Cu;Si;Sc;Zr;Cr;Li;Be;Mn;Ni;V,Zn;Mg;Tsol;Tage;Ti;Fe;Cu;Si;Sc;Zr;Cr;Li;Be;Mn;Ni;tage;V,679a9bc973092869f6a8d8670a41aedca272fad1b146dad4ffecf6302b312430,False,False,Selected,0.8157150927490499,50.67906815879488,36.16825108316988,0.425290752054803,0.7858487781223406,49.32690332139531,34.60189038597354,0.4584598766626744,0.7436543116716283,3.504197953277139,2.1159006742527406,0.5015959987399425,0.7817393941810064,34.50338981115578,24.295347381132057,0.4617822091524733
R05_F03_k03_Independent_ET_Physics,5,3,R05_F03,3,Independent_ET_Physics,reduced physics-retained independent ET,12,0.5,"{""model__estimator__max_depth"": 14, ""model__estimator__max_features"": 1.0, ""model__estimator__min_samples_leaf"": 2, ""model__estimator__n_estimators"": 300, ""selector__alpha"": 0.5, ""selector__n_features"": 3}",1068,845b91e7832f4a723035d9f2c2d901b487f1f9b5caf7091dcc5d33dbd252d26e,-0.5630067515452218,0.05424165151789985,0.5630067515452218,1,Selected_for_fixed_k,True,740,0.5,3,Tsol;Tage;tage,Zn;Mg;Tsol;Tage;Ti;Cu;Fe;Si;Sc;Zr;Li;Cr;tage;Mn;Be;Ni;V,38ad2a2db381a0bc348755b09e8e8a2a945e81289053c18a9e7238e005e6819a,False,False,Selected,0.7218137183401028,63.82035812713406,44.609223851953935,0.5225272087187236,0.7047760288241846,53.216198454521205,39.288472296168536,0.5382906841089539,0.42217125566192926,6.061498156605074,3.81581608023647,0.7530791538978582,0.6162536676087388,41.032684912753446,29.23783740945298,0.6046323489085119
R05_F03_k04_Independent_ET_Physics,5,3,R05_F03,4,Independent_ET_Physics,reduced physics-retained independent ET,13,1.0,"{""model__estimator__max_depth"": null, ""model__estimator__max_features"": 1.0, ""model__estimator__min_samples_leaf"": 2, ""model__estimator__n_estimators"": 800, ""selector__alpha"": 1.0, ""selector__n_features"": 4}",1069,845b91e7832f4a723035d9f2c2d901b487f1f9b5caf7091dcc5d33dbd252d26e,-0.5150361727969984,0.08323594865195622,0.5150361727969984,1,Selected_for_fixed_k,True,1100,1.0,4,Tsol;Tage;tage;Zn,Zn;Mg;Tsol;Si;Ti;Sc;Fe;Tage;Zr;Cu;Li;Cr;Be;Ni;V;Mn;tage,38ad2a2db381a0bc348755b09e8e8a2a945e81289053c18a9e7238e005e6819a,False,False,Selected,0.8096315093863982,52.79452846818115,37.542443176894245,0.43225356932572734,0.8407983316510109,39.078856349247886,28.507820765204148,0.395289121157526,0.460392770568258,5.857594261657826,3.463686652865407,0.7277461803134275,0.7036075372018891,32.57699302636229,23.171316864987933,0.5184296235988937
R05_F03_k05_Independent_ET_Physics,5,3,R05_F03,5,Independent_ET_Physics,reduced physics-retained independent ET,8,0.25,"{""model__estimator__max_depth"": 14, ""model__estimator__max_features"": 0.7, ""model__estimator__min_samples_leaf"": 1, ""model__estimator__n_estimators"": 800, ""selector__alpha"": 0.25, ""selector__n_features"": 5}",1070,845b91e7832f4a723035d9f2c2d901b487f1f9b5caf7091dcc5d33dbd252d26e,-0.4677328815175607,0.05285386128385876,0.4677328815175607,1,Selected_for_fixed_k,True,1110,0.25,5,Tsol;Tage;tage;Zn;Mg,Zn;Mg;Tsol;Tage;Cu;Ti;Fe;tage;Si;Zr;Sc;Li;Cr;Mn;Be;Ni;V,38ad2a2db381a0bc348755b09e8e8a2a945e81289053c18a9e7238e005e6819a,False,False,Selected,0.8665289985746119,44.20636870185115,29.943775262194094,0.36193827680117907,0.880973229080769,33.790169016762775,24.120965557823403,0.34179317058385433,0.5231056967757606,5.506700715686931,3.134394311476881,0.6841512458795974,0.7568693081437138,27.83441281143362,19.066378377164792,0.4626275644215436
R05_F03_k06_Native_ET_Physics,5,3,R05_F03,6,Native_ET_Physics,reduced physics-retained ExtraTrees,17,0.25,"{""model__max_depth"": null, ""model__max_features"": ""sqrt"", ""model__min_samples_leaf"": 1, ""model__n_estimators"": 500, ""selector__alpha"": 0.25, ""selector__n_features"": 6}",1071,845b91e7832f4a723035d9f2c2d901b487f1f9b5caf7091dcc5d33dbd252d26e,-0.45109430413290796,0.040233889187531034,0.45109430413290796,1,Selected_for_fixed_k,True,650,0.25,6,Tsol;Tage;tage;Zn;Mg;Cu,Zn;Mg;Tsol;Tage;Cu;Ti;Fe;tage;Si;Zr;Sc;Li;Cr;Mn;Be;Ni;V,38ad2a2db381a0bc348755b09e8e8a2a945e81289053c18a9e7238e005e6819a,False,False,Selected,0.8571627058508092,45.731157017534265,30.70152598765442,0.37442243398647196,0.8973662952663707,31.37711728660142,22.537310555555585,0.3173847516373391,0.6152365842469659,4.946263995213959,2.994271296296306,0.6145227150506017,0.7899218617880486,27.351512766449876,18.744369279835436,0.4354433002248042
R05_F03_k07_Native_ET_Physics,5,3,R05_F03,7,Native_ET_Physics,reduced physics-retained ExtraTrees,3,0.75,"{""model__max_depth"": null, ""model__max_features"": ""sqrt"", ""model__min_samples_leaf"": 1, ""model__n_estimators"": 800, ""selector__alpha"": 0.75, ""selector__n_features"": 7}",1072,845b91e7832f4a723035d9f2c2d901b487f1f9b5caf7091dcc5d33dbd252d26e,-0.4560548253691965,0.0288575262814184,0.4560548253691965,1,Selected_for_fixed_k,True,950,0.75,7,Tsol;Tage;tage;Zn;Mg;Ti;Si,Zn;Mg;Tsol;Tage;Ti;Si;Fe;Sc;Cu;Zr;Li;Cr;Be;Ni;V;Mn;tage,38ad2a2db381a0bc348755b09e8e8a2a945e81289053c18a9e7238e005e6819a,False,False,Selected,0.8551372324565796,46.05425603725244,31.247967785494104,0.3770677972195767,0.8590130285493923,36.77541048364662,26.166397800926603,0.3719893837314847,0.5774145246637418,5.183674097879767,2.980282870370383,0.6440184922698935,0.7638549285565713,29.33778020625961,20.13154948559703,0.46435855774031826
R05_F03_k08_Native_ET_Physics,5,3,R05_F03,8,Native_ET_Physics,reduced physics-retained ExtraTrees,3,0.0,"{""model__max_depth"": 14, ""model__max_features"": 1.0, ""model__min_samples_leaf"": 1, ""model__n_estimators"": 800, ""selector__alpha"": 0.0, ""selector__n_features"": 8}",1073,845b91e7832f4a723035d9f2c2d901b487f1f9b5caf7091dcc5d33dbd252d26e,-0.4569327765068326,0.09646327828020676,0.4569327765068326,1,Selected_for_fixed_k,True,1140,0.0,8,Tsol;Tage;tage;Zn;Mg;Cu;Ti;Fe,Zn;Tage;Mg;Tsol;Cu;tage;Ti;Fe;Zr;Mn;Si;Li;Cr;Sc;Ni;Be;V,38ad2a2db381a0bc348755b09e8e8a2a945e81289053c18a9e7238e005e6819a,False,False,Selected,0.8549600490074066,46.082412196463245,29.968406936891885,0.37729832490247295,0.899790178072871,31.00438944514334,22.229583244411717,0.31361454762818974,0.5925720973252693,5.089859455415512,3.0320069767724096,0.6323629824033721,0.782440774801849,27.39222036567403,18.409999052692005,0.4410919516446783
R05_F03_k09_Native_ET_Physics,5,3,R05_F03,9,Native_ET_Physics,reduced physics-retained ExtraTrees,12,0.25,"{""model__max_depth"": 14, ""model__max_features"": 0.7, ""model__min_samples_leaf"": 1, ""model__n_estimators"": 500, ""selector__alpha"": 0.25, ""selector__n_features"": 9}",1074,845b91e7832f4a723035d9f2c2d901b487f1f9b5caf7091dcc5d33dbd252d26e,-0.44481873534542127,0.04459102110804197,0.44481873534542127,1,Selected_for_fixed_k,True,810,0.25,9,Tsol;Tage;tage;Zn;Mg;Cu;Ti;Fe;Si,Zn;Mg;Tsol;Tage;Cu;Ti;Fe;tage;Si;Zr;Sc;Li;Cr;Mn;Be;Ni;V,38ad2a2db381a0bc348755b09e8e8a2a945e81289053c18a9e7238e005e6819a,False,False,Selected,0.8556367545267796,45.974784328322166,29.720535441588307,0.3764171250601268,0.904362501086643,30.288805279617293,22.114533720459608,0.3063762949685651,0.6103679465261997,4.977459614544292,2.975682148860392,0.6183984517090395,0.7901224007132074,27.080349740827913,18.270250436969437,0.43373062391257716
R05_F03_k10_Native_ET_Physics,5,3,R05_F03,10,Native_ET_Physics,reduced physics-retained ExtraTrees,10,0.25,"{""model__max_depth"": 14, ""model__max_features"": 1.0, ""model__min_samples_leaf"": 1, ""model__n_estimators"": 500, ""selector__alpha"": 0.25, ""selector__n_features"": 10}",1075,845b91e7832f4a723035d9f2c2d901b487f1f9b5caf7091dcc5d33dbd252d26e,-0.4139092089492868,0.0680026754282805,0.4139092089492868,1,Selected_for_fixed_k,True,840,0.25,10,Tsol;Tage;tage;Zn;Mg;Cu;Ti;Fe;Si;Zr,Zn;Mg;Tsol;Tage;Cu;Ti;Fe;tage;Si;Zr;Sc;Li;Cr;Mn;Be;Ni;V,38ad2a2db381a0bc348755b09e8e8a2a945e81289053c18a9e7238e005e6819a,False,False,Selected,0.8242555509892814,50.72618372471154,32.70219559359675,0.415319060695734,0.8830301161149012,33.49693477585791,24.006352666402723,0.3388270575444995,0.5999302655231975,5.043688485574479,3.1067028886555867,0.6266267115996533,0.76907197754246,29.755602328714644,19.93841704955169,0.46025760994662895
R05_F03_k11_Native_ET_Physics,5,3,R05_F03,11,Native_ET_Physics,reduced physics-retained ExtraTrees,18,0.25,"{""model__max_depth"": 14, ""model__max_features"": 1.0, ""model__min_samples_leaf"": 1, ""model__n_estimators"": 800, ""selector__alpha"": 0.25, ""selector__n_features"": 11}",1076,845b91e7832f4a723035d9f2c2d901b487f1f9b5caf7091dcc5d33dbd252d26e,-0.43954860984467564,0.08645418532833646,0.43954860984467564,1,Selected_for_fixed_k,True,1140,0.25,11,Tsol;Tage;tage;Zn;Mg;Cu;Ti;Fe;Si;Zr;Sc,Zn;Mg;Tsol;Tage;Cu;Ti;Fe;tage;Si;Zr;Sc;Li;Cr;Mn;Be;Ni;V,38ad2a2db381a0bc348755b09e8e8a2a945e81289053c18a9e7238e005e6819a,False,False,Selected,0.8357160693579413,49.04434340841463,31.413742726489087,0.4015490451117631,0.888503047659396,32.70389927112631,22.939224543552836,0.33080537172773683,0.5886206602741169,5.114481884927025,3.075047873498792,0.6354220674520468,0.7709465924304847,28.954241521489323,19.142671714513572,0.4559254947638489
R05_F03_k12_Native_ET_Physics,5,3,R05_F03,12,Native_ET_Physics,reduced physics-retained ExtraTrees,23,0.25,"{""model__max_depth"": 10, ""model__max_features"": 1.0, ""model__min_samples_leaf"": 1, ""model__n_estimators"": 500, ""selector__alpha"": 0.25, ""selector__n_features"": 12}",1077,845b91e7832f4a723035d9f2c2d901b487f1f9b5caf7091dcc5d33dbd252d26e,-0.45538221368679954,0.09050117522510227,0.45538221368679954,1,Selected_for_fixed_k,True,800,0.25,12,Tsol;Tage;tage;Zn;Mg;Cu;Ti;Fe;Si;Zr;Sc;Li,Zn;Mg;Tsol;Tage;Cu;Ti;Fe;tage;Si;Zr;Sc;Li;Cr;Mn;Be;Ni;V,38ad2a2db381a0bc348755b09e8e8a2a945e81289053c18a9e7238e005e6819a,False,False,Selected,0.8307057149660583,49.78660713425964,33.18385075028205,0.4076263064149091,0.8925449981748471,32.10564181154784,23.076851254645142,0.32475389818129413,0.5764344257198718,5.189681842369469,3.2203475758354965,0.6447648930804272,0.7665617129535924,29.02731026272565,19.827016526920897,0.45904836589221015
R05_F03_k13_Native_ET_Physics,5,3,R05_F03,13,Native_ET_Physics,reduced physics-retained ExtraTrees,10,0.0,"{""model__max_depth"": null, ""model__max_features"": 0.7, ""model__min_samples_leaf"": 1, ""model__n_estimators"": 800, ""selector__alpha"": 0.0, ""selector__n_features"": 13}",1078,845b91e7832f4a723035d9f2c2d901b487f1f9b5caf7091dcc5d33dbd252d26e,-0.4264331555310272,0.05438937330084331,0.4264331555310272,1,Selected_for_fixed_k,True,970,0.0,13,Tsol;Tage;tage;Zn;Mg;Cu;Ti;Fe;Zr;Mn;Si;Li;Cr,Zn;Tage;Mg;Tsol;Cu;tage;Ti;Fe;Zr;Mn;Si;Li;Cr;Sc;Ni;Be;V,38ad2a2db381a0bc348755b09e8e8a2a945e81289053c18a9e7238e005e6819a,False,False,Selected,0.8390553954465934,48.54333315210358,31.313440933642553,0.39744703913040896,0.899937891507238,30.981530140071545,22.220787384260145,0.3133833219615186,0.6280022211728227,4.863518583923641,2.9917402777777915,0.604242443950372,0.7889985027088846,28.129460625366253,18.8419895318935,0.4383576016807665
R05_F03_k14_Native_ET_Physics,5,3,R05_F03,14,Native_ET_Physics,reduced physics-retained ExtraTrees,21,1.0,"{""model__max_depth"": null, ""model__max_features"": 0.7, ""model__min_samples_leaf"": 1, ""model__n_estimators"": 300, ""selector__alpha"": 1.0, ""selector__n_features"": 14}",1079,845b91e7832f4a723035d9f2c2d901b487f1f9b5caf7091dcc5d33dbd252d26e,-0.43801118365561703,0.04956730602078289,0.43801118365561703,1,Selected_for_fixed_k,True,470,1.0,14,Tsol;Tage;tage;Zn;Mg;Si;Ti;Sc;Fe;Zr;Cu;Li;Cr;Be,Zn;Mg;Tsol;Si;Ti;Sc;Fe;Tage;Zr;Cu;Li;Cr;Be;Ni;V;Mn;tage,38ad2a2db381a0bc348755b09e8e8a2a945e81289053c18a9e7238e005e6819a,False,False,Selected,0.8390689279988213,48.5412922977292,30.810821913580142,0.39743032969832587,0.8989488788767829,31.134264191150592,22.136981790123354,0.3149282522502226,0.6204338301508951,4.912744239189669,2.978393209876541,0.6103582281773148,0.7861505456754999,28.19610024268982,18.642065637860014,0.4409056033752878
R05_F03_k15_Native_ET_Physics,5,3,R05_F03,15,Native_ET_Physics,reduced physics-retained ExtraTrees,12,0.5,"{""model__max_depth"": 14, ""model__max_features"": 0.7, ""model__min_samples_leaf"": 1, ""model__n_estimators"": 500, ""selector__alpha"": 0.5, ""selector__n_features"": 15}",1080,845b91e7832f4a723035d9f2c2d901b487f1f9b5caf7091dcc5d33dbd252d26e,-0.43039436185545166,0.05926111703146384,0.43039436185545166,1,Selected_for_fixed_k,True,810,0.5,15,Tsol;Tage;tage;Zn;Mg;Ti;Cu;Fe;Si;Sc;Zr;Li;Cr;Mn;Be,Zn;Mg;Tsol;Tage;Ti;Cu;Fe;Si;Sc;Zr;Li;Cr;tage;Mn;Be;Ni;V,38ad2a2db381a0bc348755b09e8e8a2a945e81289053c18a9e7238e005e6819a,False,False,Selected,0.8362986377289745,48.95730793967797,31.185407016724234,0.40083644490278436,0.8983689976338977,31.223468292606082,22.481242509310018,0.31583056654910724,0.6257304329659195,4.878346718978256,2.9745608699124055,0.6060846880808342,0.7867993561095972,28.3530409837541,18.880403465315553,0.44091723317757525
R05_F03_k16_Native_ET_Physics,5,3,R05_F03,16,Native_ET_Physics,reduced physics-retained ExtraTrees,21,1.0,"{""model__max_depth"": 14, ""model__max_features"": 0.7, ""model__min_samples_leaf"": 1, ""model__n_estimators"": 800, ""selector__alpha"": 1.0, ""selector__n_features"": 16}",1081,845b91e7832f4a723035d9f2c2d901b487f1f9b5caf7091dcc5d33dbd252d26e,-0.46771115479136355,0.11510625996091414,0.46771115479136355,1,Selected_for_fixed_k,True,1110,1.0,16,Tsol;Tage;tage;Zn;Mg;Si;Ti;Sc;Fe;Zr;Cu;Li;Cr;Be;Ni;V,Zn;Mg;Tsol;Si;Ti;Sc;Fe;Tage;Zr;Cu;Li;Cr;Be;Ni;V;Mn;tage,38ad2a2db381a0bc348755b09e8e8a2a945e81289053c18a9e7238e005e6819a,False,False,Selected,0.8396329630783954,48.45615329041483,30.85004131092806,0.39673325670859994,0.8995222544425311,31.045808856440733,22.43171075377123,0.31403351185130535,0.6194685049833617,4.918987398625662,3.000567965561913,0.6111338768872931,0.7862079075014293,28.140316515160407,18.7607733434204,0.4406335484823995
R05_F03_k17_Native_ET_Physics,5,3,R05_F03,17,Native_ET_Physics,reduced physics-retained ExtraTrees,15,0.75,"{""model__max_depth"": null, ""model__max_features"": 0.7, ""model__min_samples_leaf"": 1, ""model__n_estimators"": 300, ""selector__alpha"": 0.75, ""selector__n_features"": 17}",1082,845b91e7832f4a723035d9f2c2d901b487f1f9b5caf7091dcc5d33dbd252d26e,-0.4470773174226281,0.10514763293015873,0.4470773174226281,1,Selected_for_fixed_k,True,470,0.75,17,Tsol;Tage;tage;Zn;Mg;Ti;Si;Fe;Sc;Cu;Zr;Li;Cr;Be;Ni;V;Mn,Zn;Mg;Tsol;Tage;Ti;Si;Fe;Sc;Cu;Zr;Li;Cr;Be;Ni;V;Mn;tage,38ad2a2db381a0bc348755b09e8e8a2a945e81289053c18a9e7238e005e6819a,False,False,Selected,0.8429455708553001,47.95307663216458,30.179119444444343,0.3926143321252657,0.901081845677285,30.80392380183333,21.70945030864185,0.31158680435806674,0.6141330969034515,4.953351768711636,3.0004993827160473,0.6154032984197205,0.7860535044786788,27.903450734236518,18.296356378600745,0.4398681449676844
R05_F04_k03_Native_ET_Physics,5,4,R05_F04,3,Native_ET_Physics,reduced physics-retained ExtraTrees,20,0.25,"{""model__max_depth"": 14, ""model__max_features"": ""sqrt"", ""model__min_samples_leaf"": 1, ""model__n_estimators"": 500, ""selector__alpha"": 0.25, ""selector__n_features"": 3}",1069,cb0557c0696781dfa3a809470bfda654b05ccb7ee786a3b0be87905e0af35418,-0.573796599459648,0.048983729800407536,0.573796599459648,1,Selected_for_fixed_k,True,790,0.25,3,Tsol;Tage;tage,Zn;Tsol;Mg;Tage;Cu;Ti;Zr;tage;Fe;Si;Sc;Cr;Li;Mn;Be;Ni;V,61ba1bb7a4b914e55b0dee23389c8ca305f529b0aebe51ac2653a7cd40d83a0c,False,False,Selected,0.7677969702048133,54.17698476094706,41.75352733456639,0.47739184501609205,0.7152168009899216,52.82784011212651,40.95131886348502,0.5286865196555018,0.569679406098555,3.6339418475905187,2.8722268928048806,0.6498859084596166,0.6842310590977633,36.87958890688803,28.52569103028543,0.5519880910437368
R05_F04_k04_Independent_ET_Physics,5,4,R05_F04,4,Independent_ET_Physics,reduced physics-retained independent ET,10,1.0,"{""model__estimator__max_depth"": 14, ""model__estimator__max_features"": 1.0, ""model__estimator__min_samples_leaf"": 2, ""model__estimator__n_estimators"": 300, ""selector__alpha"": 1.0, ""selector__n_features"": 4}",1070,cb0557c0696781dfa3a809470bfda654b05ccb7ee786a3b0be87905e0af35418,-0.5341690937714617,0.06471827077260146,0.5341690937714617,1,Selected_for_fixed_k,True,740,1.0,4,Tsol;Tage;tage;Zn,Zn;Mg;Tsol;Sc;Ti;Si;Tage;Fe;Zr;Cr;Cu;Be;Li;Ni;V;tage;Mn,61ba1bb7a4b914e55b0dee23389c8ca305f529b0aebe51ac2653a7cd40d83a0c,False,False,Selected,0.8467419679045888,44.01416952514827,31.68887218737315,0.387840070634715,0.8322696126123799,40.54259543146196,29.836906678414472,0.40573916387583814,0.7121220993490505,2.972255034424481,2.2821070437617923,0.5315513412800994,0.7970445599553398,29.17633999701157,21.26929530318314,0.44171019193021754
R05_F04_k05_Native_ET_Physics,5,4,R05_F04,5,Native_ET_Physics,reduced physics-retained ExtraTrees,22,0.5,"{""model__max_depth"": 14, ""model__max_features"": 0.7, ""model__min_samples_leaf"": 1, ""model__n_estimators"": 300, ""selector__alpha"": 0.5, ""selector__n_features"": 5}",1071,cb0557c0696781dfa3a809470bfda654b05ccb7ee786a3b0be87905e0af35418,-0.4879065318114413,0.056859191831662534,0.4879065318114413,1,Selected_for_fixed_k,True,610,0.5,5,Tsol;Tage;tage;Zn;Mg,Zn;Tsol;Mg;Tage;Ti;Cu;Zr;Sc;Si;Fe;Cr;Li;Be;tage;Ni;Mn;V,61ba1bb7a4b914e55b0dee23389c8ca305f529b0aebe51ac2653a7cd40d83a0c,False,False,Selected,0.8725958157208415,40.13033039155919,27.503751343501744,0.3536168088952335,0.8645023889649657,36.4394230188983,25.032826021652834,0.36467574092043337,0.8117712120355667,2.4033937681910444,1.8361779148672739,0.4298174841357616,0.8496231389071246,26.324382392882843,18.124251760007283,0.3827033446504762
R05_F04_k06_Native_RF_Physics,5,4,R05_F04,6,Native_RF_Physics,reduced physics-retained RandomForest,15,0.25,"{""model__max_depth"": null, ""model__max_features"": ""sqrt"", ""model__min_samples_leaf"": 1, ""model__n_estimators"": 800, ""selector__alpha"": 0.25, ""selector__n_features"": 6}",1072,cb0557c0696781dfa3a809470bfda654b05ccb7ee786a3b0be87905e0af35418,-0.4485812776089288,0.01586766715299452,0.4485812776089288,1,Selected_for_fixed_k,True,950,0.25,6,Tsol;Tage;tage;Zn;Mg;Cu,Zn;Tsol;Mg;Tage;Cu;Ti;Zr;tage;Fe;Si;Sc;Cr;Li;Mn;Be;Ni;V,61ba1bb7a4b914e55b0dee23389c8ca305f529b0aebe51ac2653a7cd40d83a0c,False,False,Selected,0.869309881563147,40.64454491619309,28.99683027346068,0.3581479178473508,0.863204764252651,36.61349260603335,26.80092233327837,0.3664177815566768,0.7607979953637953,2.7093450312466576,2.058252184468683,0.4845331132994755,0.8311042137265311,26.65579418449103,19.28533493040258,0.40303293756783437
R05_F04_k07_Native_ET_Physics,5,4,R05_F04,7,Native_ET_Physics,reduced physics-retained ExtraTrees,21,0.25,"{""model__max_depth"": 10, ""model__max_features"": 1.0, ""model__min_samples_leaf"": 1, ""model__n_estimators"": 500, ""selector__alpha"": 0.25, ""selector__n_features"": 7}",1073,cb0557c0696781dfa3a809470bfda654b05ccb7ee786a3b0be87905e0af35418,-0.47928178937619037,0.0359584651633927,0.47928178937619037,1,Selected_for_fixed_k,True,800,0.25,7,Tsol;Tage;tage;Zn;Mg;Cu;Ti,Zn;Tsol;Mg;Tage;Cu;Ti;Zr;tage;Fe;Si;Sc;Cr;Li;Mn;Be;Ni;V,61ba1bb7a4b914e55b0dee23389c8ca305f529b0aebe51ac2653a7cd40d83a0c,False,False,Selected,0.8632644576249158,41.573979571606394,28.70577623435924,0.36633782592229214,0.85643350367101,37.50871823730759,25.884972990042215,0.37537695388513503,0.8160853855193055,2.375691415808631,1.8526907961483199,0.42486325833920674,0.845261115605077,27.152796408240874,18.814480006849926,0.388859346048878
R05_F04_k08_Native_ET_Physics,5,4,R05_F04,8,Native_ET_Physics,reduced physics-retained ExtraTrees,12,0.25,"{""model__max_depth"": 14, ""model__max_features"": 0.7, ""model__min_samples_leaf"": 1, ""model__n_estimators"": 500, ""selector__alpha"": 0.25, ""selector__n_features"": 8}",1074,cb0557c0696781dfa3a809470bfda654b05ccb7ee786a3b0be87905e0af35418,-0.4420059521061246,0.07518810255279197,0.4420059521061246,1,Selected_for_fixed_k,True,810,0.25,8,Tsol;Tage;tage;Zn;Mg;Cu;Ti;Zr,Zn;Tsol;Mg;Tage;Cu;Ti;Zr;tage;Fe;Si;Sc;Cr;Li;Mn;Be;Ni;V,61ba1bb7a4b914e55b0dee23389c8ca305f529b0aebe51ac2653a7cd40d83a0c,False,False,Selected,0.8619391630767219,41.774969392278024,27.826775324760867,0.3681088898111974,0.863511419761689,36.57243112992399,24.551551439045326,0.3660068495774383,0.8086407838488223,2.4232967482551775,1.8124136333716105,0.4333768878968892,0.8446971222290777,26.923565756819062,18.0635801323926,0.389164209095175
R05_F04_k09_Native_ET_Physics,5,4,R05_F04,9,Native_ET_Physics,reduced physics-retained ExtraTrees,10,0.25,"{""model__max_depth"": 14, ""model__max_features"": 1.0, ""model__min_samples_leaf"": 1, ""model__n_estimators"": 500, ""selector__alpha"": 0.25, ""selector__n_features"": 9}",1075,cb0557c0696781dfa3a809470bfda654b05ccb7ee786a3b0be87905e0af35418,-0.44600317399700884,0.06417660287307586,0.44600317399700884,1,Selected_for_fixed_k,True,840,0.25,9,Tsol;Tage;tage;Zn;Mg;Cu;Ti;Zr;Fe,Zn;Tsol;Mg;Tage;Cu;Ti;Zr;tage;Fe;Si;Sc;Cr;Li;Mn;Be;Ni;V,61ba1bb7a4b914e55b0dee23389c8ca305f529b0aebe51ac2653a7cd40d83a0c,False,False,Selected,0.8550074254858903,42.81084205672928,27.734126777698023,0.37723669868919507,0.8531350526858348,37.9371541774665,25.49135213597498,0.37966462314469945,0.7781127163238568,2.6094448024859296,1.95006675089622,0.4666671832305789,0.8287517314985272,27.785813678893902,18.391848554856406,0.40785616835482447
R05_F04_k10_Native_ET_Physics,5,4,R05_F04,10,Native_ET_Physics,reduced physics-retained ExtraTrees,3,0.25,"{""model__max_depth"": 14, ""model__max_features"": 1.0, ""model__min_samples_leaf"": 1, ""model__n_estimators"": 500, ""selector__alpha"": 0.25, ""selector__n_features"": 10}",1076,cb0557c0696781dfa3a809470bfda654b05ccb7ee786a3b0be87905e0af35418,-0.453448800356633,0.06730559610713309,0.453448800356633,1,Selected_for_fixed_k,True,840,0.25,10,Tsol;Tage;tage;Zn;Mg;Cu;Ti;Zr;Fe;Si,Zn;Tsol;Mg;Tage;Cu;Ti;Zr;tage;Fe;Si;Sc;Cr;Li;Mn;Be;Ni;V,61ba1bb7a4b914e55b0dee23389c8ca305f529b0aebe51ac2653a7cd40d83a0c,False,False,Selected,0.8474200913330148,43.91668644856282,28.441204896200958,0.3869810780939836,0.8492328762060865,38.43784202498708,26.064760438182855,0.38467536965596355,0.7625583412369872,2.6993572563642254,1.9753169265919217,0.48274692231866406,0.8197371029253627,28.351295243304705,18.827094086991913,0.4181344566895371
R05_F04_k11_Native_ET_Physics,5,4,R05_F04,11,Native_ET_Physics,reduced physics-retained ExtraTrees,23,0.25,"{""model__max_depth"": 10, ""model__max_features"": 1.0, ""model__min_samples_leaf"": 1, ""model__n_estimators"": 500, ""selector__alpha"": 0.25, ""selector__n_features"": 11}",1077,cb0557c0696781dfa3a809470bfda654b05ccb7ee786a3b0be87905e0af35418,-0.4357946308302948,0.013748515437381047,0.4357946308302948,1,Selected_for_fixed_k,True,800,0.25,11,Tsol;Tage;tage;Zn;Mg;Cu;Ti;Zr;Fe;Si;Sc,Zn;Tsol;Mg;Tage;Cu;Ti;Zr;tage;Fe;Si;Sc;Cr;Li;Mn;Be;Ni;V,61ba1bb7a4b914e55b0dee23389c8ca305f529b0aebe51ac2653a7cd40d83a0c,False,False,Selected,0.8565431515948718,42.58351749573177,27.279752192706763,0.3752335807218345,0.8478292273448109,38.61635653214897,26.954328821457548,0.38646189383145746,0.7553102859095879,2.740247338564593,2.0460516563872573,0.4900596117705864,0.8198942216164236,27.980040455481774,18.760044223517188,0.4172516954412928
R05_F04_k12_Native_RF_Physics,5,4,R05_F04,12,Native_RF_Physics,reduced physics-retained RandomForest,16,0.0,"{""model__max_depth"": 14, ""model__max_features"": ""sqrt"", ""model__min_samples_leaf"": 1, ""model__n_estimators"": 300, ""selector__alpha"": 0.0, ""selector__n_features"": 12}",1078,cb0557c0696781dfa3a809470bfda654b05ccb7ee786a3b0be87905e0af35418,-0.47410171183888733,0.017714223076151225,0.47410171183888733,1,Selected_for_fixed_k,True,590,0.0,12,Tsol;Tage;tage;Zn;Mg;Cu;Zr;Ti;Fe;Si;Mn;Cr,Zn;Tsol;Tage;Mg;Cu;tage;Zr;Ti;Fe;Si;Mn;Cr;Li;Sc;Be;Ni;V,61ba1bb7a4b914e55b0dee23389c8ca305f529b0aebe51ac2653a7cd40d83a0c,False,False,Selected,0.8546950031614859,42.85694050560692,29.016307109409883,0.3776429048237591,0.8517663264327336,38.11352423238895,26.686220610180232,0.3814296862309526,0.786597549403947,2.5590667203810904,1.9459385664849567,0.4576576814200684,0.8310196263327221,27.84317715279232,19.21615542869169,0.4055767574915934
R05_F04_k13_Native_ET_Physics,5,4,R05_F04,13,Native_ET_Physics,reduced physics-retained ExtraTrees,21,1.0,"{""model__max_depth"": null, ""model__max_features"": 0.7, ""model__min_samples_leaf"": 1, ""model__n_estimators"": 300, ""selector__alpha"": 1.0, ""selector__n_features"": 13}",1079,cb0557c0696781dfa3a809470bfda654b05ccb7ee786a3b0be87905e0af35418,-0.4460142412755167,0.04414742610126198,0.4460142412755167,1,Selected_for_fixed_k,True,470,1.0,13,Tsol;Tage;tage;Zn;Mg;Sc;Ti;Si;Fe;Zr;Cr;Cu;Be,Zn;Mg;Tsol;Sc;Ti;Si;Tage;Fe;Zr;Cr;Cu;Be;Li;Ni;V;tage;Mn,61ba1bb7a4b914e55b0dee23389c8ca305f529b0aebe51ac2653a7cd40d83a0c,False,False,Selected,0.8460431811055314,44.11439768606331,28.63246769547334,0.3887232520607934,0.8513214750335345,38.17067100877882,26.501062757201627,0.382001595479087,0.7922190510528531,2.525135982757099,1.9005447530864246,0.45158958534965565,0.8298612357306396,28.270068225866407,19.011358401920464,0.40743814429651204
R05_F04_k14_Native_ET_Physics,5,4,R05_F04,14,Native_ET_Physics,reduced physics-retained ExtraTrees,24,0.0,"{""model__max_depth"": null, ""model__max_features"": 1.0, ""model__min_samples_leaf"": 1, ""model__n_estimators"": 800, ""selector__alpha"": 0.0, ""selector__n_features"": 14}",1080,cb0557c0696781dfa3a809470bfda654b05ccb7ee786a3b0be87905e0af35418,-0.42896852844916855,0.07894053605775375,0.42896852844916855,1,Selected_for_fixed_k,True,1000,0.0,14,Tsol;Tage;tage;Zn;Mg;Cu;Zr;Ti;Fe;Si;Mn;Cr;Li;Sc,Zn;Tsol;Tage;Mg;Cu;tage;Zr;Ti;Fe;Si;Mn;Cr;Li;Sc;Be;Ni;V,61ba1bb7a4b914e55b0dee23389c8ca305f529b0aebe51ac2653a7cd40d83a0c,False,False,Selected,0.8227801790225944,47.33005795395825,30.079090084876878,0.4170587158192322,0.8298235237422,40.837151004800965,27.42176415895049,0.4086869951818919,0.771880210921595,2.6458388466458596,1.9702916666666417,0.47317581144846793,0.8081613045621298,30.271015935135026,19.823715303498002,0.4329738408165307
R05_F04_k15_Native_RF_Physics,5,4,R05_F04,15,Native_RF_Physics,reduced physics-retained RandomForest,19,0.0,"{""model__max_depth"": 10, ""model__max_features"": 0.7, ""model__min_samples_leaf"": 1, ""model__n_estimators"": 500, ""selector__alpha"": 0.0, ""selector__n_features"": 15}",1081,cb0557c0696781dfa3a809470bfda654b05ccb7ee786a3b0be87905e0af35418,-0.44293040426062846,0.04659649063405452,0.44293040426062846,1,Selected_for_fixed_k,True,770,0.0,15,Tsol;Tage;tage;Zn;Mg;Cu;Zr;Ti;Fe;Si;Mn;Cr;Li;Sc;Be,Zn;Tsol;Tage;Mg;Cu;tage;Zr;Ti;Fe;Si;Mn;Cr;Li;Sc;Be;Ni;V,61ba1bb7a4b914e55b0dee23389c8ca305f529b0aebe51ac2653a7cd40d83a0c,False,False,Selected,0.8568753105282161,42.534190144285816,29.18340453041646,0.3747989224362092,0.8409726770133719,39.476764127904254,27.874260359204953,0.3950726168199334,0.7826217352348616,2.5827951766615747,2.023586555474938,0.4619012246612492,0.8268232409254832,28.19791648295055,19.693750481698782,0.4105909213057973
R05_F04_k16_Native_ET_Physics,5,4,R05_F04,16,Native_ET_Physics,reduced physics-retained ExtraTrees,15,0.75,"{""model__max_depth"": null, ""model__max_features"": 0.7, ""model__min_samples_leaf"": 1, ""model__n_estimators"": 300, ""selector__alpha"": 0.75, ""selector__n_features"": 16}",1082,cb0557c0696781dfa3a809470bfda654b05ccb7ee786a3b0be87905e0af35418,-0.47475921174051744,0.019744388989868637,0.47475921174051744,1,Selected_for_fixed_k,True,470,0.75,16,Tsol;Tage;tage;Zn;Mg;Ti;Sc;Si;Fe;Zr;Cu;Cr;Li;Be;Ni;V,Zn;Mg;Tsol;Tage;Ti;Sc;Si;Fe;Zr;Cu;Cr;Li;Be;Ni;tage;V;Mn,61ba1bb7a4b914e55b0dee23389c8ca305f529b0aebe51ac2653a7cd40d83a0c,False,False,Selected,0.8384604582721525,45.1877078990212,29.301530092592724,0.3981809497362818,0.8413943159542967,39.424395804351064,26.751358796296223,0.3945485290158368,0.7917115049218884,2.528218174133684,1.8811396604938313,0.4521407974567362,0.8238554263827792,29.04677395916865,19.311342849794258,0.41495675873628496
R05_F04_k17_Independent_ET_Physics,5,4,R05_F04,17,Independent_ET_Physics,reduced physics-retained independent ET,12,0.25,"{""model__estimator__max_depth"": 14, ""model__estimator__max_features"": ""sqrt"", ""model__estimator__min_samples_leaf"": 1, ""model__estimator__n_estimators"": 500, ""selector__alpha"": 0.25, ""selector__n_features"": 17}",1083,cb0557c0696781dfa3a809470bfda654b05ccb7ee786a3b0be87905e0af35418,-0.44604020671928374,0.09187845412495163,0.44604020671928374,1,Selected_for_fixed_k,True,790,0.25,17,Tsol;Tage;tage;Zn;Mg;Cu;Ti;Zr;Fe;Si;Sc;Cr;Li;Mn;Be;Ni;V,Zn;Tsol;Mg;Tage;Cu;Ti;Zr;tage;Fe;Si;Sc;Cr;Li;Mn;Be;Ni;V,61ba1bb7a4b914e55b0dee23389c8ca305f529b0aebe51ac2653a7cd40d83a0c,False,False,Selected,0.832347115003514,46.03481530916018,30.648975472759542,0.40564541405147864,0.8465009980225843,38.78452265639384,27.90824889350691,0.38814485423192563,0.8054360627098438,2.443504150253765,1.8314341331358794,0.4369907337855261,0.828094725245314,29.08761403860259,20.12955283313411,0.41026033402297674
R05_F05_k03_Independent_ET_Physics,5,5,R05_F05,3,Independent_ET_Physics,reduced physics-retained independent ET,10,1.0,"{""model__estimator__max_depth"": 14, ""model__estimator__max_features"": 1.0, ""model__estimator__min_samples_leaf"": 2, ""model__estimator__n_estimators"": 300, ""selector__alpha"": 1.0, ""selector__n_features"": 3}",1070,aeef3e2f63dc9996e0892c4abb1ea5d64ca45ba8dfa6d6fd189b215fbfe89096,-0.5732244021069183,0.05451174110019924,0.5732244021069183,1,Selected_for_fixed_k,True,740,1.0,3,Tsol;Tage;tage,Zn;Mg;Tsol;Ti;Sc;Si;Fe;Zr;Tage;Cr;Cu;Li;Be;V;Ni;Mn;tage,576f5e2c783b93c4e935c088536a9e37ec2f5d6f5ded479e4c8eff02bfaf0ba3,False,False,Selected,0.8110400781094134,52.89597897189329,40.733111246874756,0.4306514415136654,0.7236420536813105,55.65919304092468,41.456709551738605,0.5208072643234224,0.5301338882545139,5.16850397026551,3.350060552376069,0.6790912217470514,0.6882720066817459,37.90789199436116,28.513293783663144,0.5435166425280463
R05_F05_k04_Native_ET_Physics,5,5,R05_F05,4,Native_ET_Physics,reduced physics-retained ExtraTrees,23,0.5,"{""model__max_depth"": 14, ""model__max_features"": ""sqrt"", ""model__min_samples_leaf"": 1, ""model__n_estimators"": 300, ""selector__alpha"": 0.5, ""selector__n_features"": 4}",1071,aeef3e2f63dc9996e0892c4abb1ea5d64ca45ba8dfa6d6fd189b215fbfe89096,-0.502371737794896,0.08723875213851637,0.502371737794896,1,Selected_for_fixed_k,True,590,0.5,4,Tsol;Tage;tage;Zn,Zn;Mg;Tsol;Tage;Ti;Fe;Zr;Cu;Sc;Si;Cr;Li;tage;Mn;Be;Ni;V,576f5e2c783b93c4e935c088536a9e37ec2f5d6f5ded479e4c8eff02bfaf0ba3,False,False,Selected,0.8729405360576465,43.3751828147672,34.72619541132114,0.35313809042127403,0.8076727539592807,46.43242155324786,32.251208062392486,0.4344716680904504,0.7383766147859663,3.856701909861672,2.586989225448566,0.5067331721034949,0.8063299682676313,31.221435425958912,23.18813089972073,0.4314476435384065
R05_F05_k05_Native_RF_Physics,5,5,R05_F05,5,Native_RF_Physics,reduced physics-retained RandomForest,15,0.25,"{""model__max_depth"": null, ""model__max_features"": ""sqrt"", ""model__min_samples_leaf"": 1, ""model__n_estimators"": 800, ""selector__alpha"": 0.25, ""selector__n_features"": 5}",1072,aeef3e2f63dc9996e0892c4abb1ea5d64ca45ba8dfa6d6fd189b215fbfe89096,-0.490202349345486,0.05076734567830917,0.490202349345486,1,Selected_for_fixed_k,True,950,0.25,5,Tsol;Tage;tage;Zn;Mg,Zn;Tsol;Mg;Tage;Cu;Ti;Fe;Zr;Si;tage;Sc;Cr;Li;Mn;Be;Ni;V,576f5e2c783b93c4e935c088536a9e37ec2f5d6f5ded479e4c8eff02bfaf0ba3,False,False,Selected,0.8101006630424743,53.027302249528866,41.65391511491416,0.43172060707061843,0.8037631037770513,46.90198898323383,35.06144527970683,0.4388654459241778,0.5562532262872013,5.02279434654246,2.933312757201643,0.659946392418555,0.7233723310355756,34.98402852643505,26.549557717274215,0.5101774818044503
R05_F05_k06_Native_ET_Physics,5,5,R05_F05,6,Native_ET_Physics,reduced physics-retained ExtraTrees,3,0.0,"{""model__max_depth"": 14, ""model__max_features"": 1.0, ""model__min_samples_leaf"": 1, ""model__n_estimators"": 800, ""selector__alpha"": 0.0, ""selector__n_features"": 6}",1073,aeef3e2f63dc9996e0892c4abb1ea5d64ca45ba8dfa6d6fd189b215fbfe89096,-0.4461642043867459,0.05676473520317348,0.4461642043867459,1,Selected_for_fixed_k,True,1140,0.0,6,Tsol;Tage;tage;Zn;Mg;Cu,Zn;Tsol;Tage;Mg;Cu;tage;Fe;Ti;Zr;Li;Mn;Si;Cr;Sc;Ni;Be;V,576f5e2c783b93c4e935c088536a9e37ec2f5d6f5ded479e4c8eff02bfaf0ba3,False,False,Selected,0.8450242894321351,47.90376266670293,36.586315820311135,0.39000742300857977,0.851184954864135,40.84363132829665,31.451249202086643,0.3821769367278491,0.780613432315065,3.5316919001667597,2.432528308677458,0.4640300135428174,0.8256075588704451,30.75969529838878,23.490031110358416,0.4120714577597488
R05_F05_k07_Native_RF_Physics,5,5,R05_F05,7,Native_RF_Physics,reduced physics-retained RandomForest,12,0.25,"{""model__max_depth"": 14, ""model__max_features"": 0.7, ""model__min_samples_leaf"": 1, ""model__n_estimators"": 500, ""selector__alpha"": 0.25, ""selector__n_features"": 7}",1074,aeef3e2f63dc9996e0892c4abb1ea5d64ca45ba8dfa6d6fd189b215fbfe89096,-0.446899942264131,0.030753587331607626,0.446899942264131,1,Selected_for_fixed_k,True,810,0.25,7,Tsol;Tage;tage;Zn;Mg;Cu;Ti,Zn;Tsol;Mg;Tage;Cu;Ti;Fe;Zr;Si;tage;Sc;Cr;Li;Mn;Be;Ni;V,576f5e2c783b93c4e935c088536a9e37ec2f5d6f5ded479e4c8eff02bfaf0ba3,False,False,Selected,0.8189818687588384,51.7724655051359,41.765255413662665,0.42150438150223846,0.8523036927528376,40.68981785254498,31.75385909004787,0.3807376924423021,0.6431297927416189,4.504358401560608,2.6990532187659273,0.5918289446424189,0.7714717847510982,32.32221391974716,25.406055907492156,0.4646903395289865
R05_F05_k08_Native_ET_Physics,5,5,R05_F05,8,Native_ET_Physics,reduced physics-retained ExtraTrees,10,0.25,"{""model__max_depth"": 14, ""model__max_features"": 1.0, ""model__min_samples_leaf"": 1, ""model__n_estimators"": 500, ""selector__alpha"": 0.25, ""selector__n_features"": 8}",1075,aeef3e2f63dc9996e0892c4abb1ea5d64ca45ba8dfa6d6fd189b215fbfe89096,-0.4589951341330498,0.05309429398931923,0.4589951341330498,1,Selected_for_fixed_k,True,840,0.25,8,Tsol;Tage;tage;Zn;Mg;Cu;Ti;Fe,Zn;Tsol;Mg;Tage;Cu;Ti;Fe;Zr;Si;tage;Sc;Cr;Li;Mn;Be;Ni;V,576f5e2c783b93c4e935c088536a9e37ec2f5d6f5ded479e4c8eff02bfaf0ba3,False,False,Selected,0.8526747767366484,46.70639660874427,35.985328563992034,0.38025909376122,0.8586402704567735,39.80739699472479,30.835296165662477,0.3724808139675217,0.7998053375128054,3.3736811893792087,2.2868045201864144,0.4432689408503792,0.8370401282354091,29.96249159761609,23.035809749946974,0.3986696161930403
R05_F05_k09_Native_ET_Physics,5,5,R05_F05,9,Native_ET_Physics,reduced physics-retained ExtraTrees,18,0.25,"{""model__max_depth"": 14, ""model__max_features"": 1.0, ""model__min_samples_leaf"": 1, ""model__n_estimators"": 800, ""selector__alpha"": 0.25, ""selector__n_features"": 9}",1076,aeef3e2f63dc9996e0892c4abb1ea5d64ca45ba8dfa6d6fd189b215fbfe89096,-0.46173597191802795,0.007518504643155283,0.46173597191802795,1,Selected_for_fixed_k,True,1140,0.25,9,Tsol;Tage;tage;Zn;Mg;Cu;Ti;Fe;Zr,Zn;Tsol;Mg;Tage;Cu;Ti;Fe;Zr;Si;tage;Sc;Cr;Li;Mn;Be;Ni;V,576f5e2c783b93c4e935c088536a9e37ec2f5d6f5ded479e4c8eff02bfaf0ba3,False,False,Selected,0.8505293749927632,47.045244951728826,37.02012455337446,0.38301782004244367,0.8652024089871364,38.87245707611464,29.996058588082338,0.36373251068256224,0.8149853988706977,3.243252745312602,2.20431456913874,0.42613191010776585,0.8435723942835324,29.720318257718688,23.073499236865178,0.39096074694425725
R05_F05_k10_Native_RF_Physics,5,5,R05_F05,10,Native_RF_Physics,reduced physics-retained RandomForest,5,0.25,"{""model__max_depth"": null, ""model__max_features"": ""sqrt"", ""model__min_samples_leaf"": 1, ""model__n_estimators"": 500, ""selector__alpha"": 0.25, ""selector__n_features"": 10}",1077,aeef3e2f63dc9996e0892c4abb1ea5d64ca45ba8dfa6d6fd189b215fbfe89096,-0.46681816064075726,0.03897135496023871,0.46681816064075726,1,Selected_for_fixed_k,True,650,0.25,10,Tsol;Tage;tage;Zn;Mg;Cu;Ti;Fe;Zr;Si,Zn;Tsol;Mg;Tage;Cu;Ti;Fe;Zr;Si;tage;Sc;Cr;Li;Mn;Be;Ni;V,576f5e2c783b93c4e935c088536a9e37ec2f5d6f5ded479e4c8eff02bfaf0ba3,False,False,Selected,0.7949119078792377,55.10716019500606,43.45655574382713,0.4486537244790199,0.8524568252490203,40.66871864770008,32.73673867269235,0.38054026559231907,0.703272962810136,4.107299313545199,2.4854799207818967,0.5396592369789647,0.7835472319794646,33.294392718750444,26.226258112433793,0.45628440901676787
R05_F05_k11_Native_ET_Physics,5,5,R05_F05,11,Native_ET_Physics,reduced physics-retained ExtraTrees,13,0.25,"{""model__max_depth"": 14, ""model__max_features"": 1.0, ""model__min_samples_leaf"": 1, ""model__n_estimators"": 500, ""selector__alpha"": 0.25, ""selector__n_features"": 11}",1078,aeef3e2f63dc9996e0892c4abb1ea5d64ca45ba8dfa6d6fd189b215fbfe89096,-0.44815003338507786,0.03160281162595881,0.44815003338507786,1,Selected_for_fixed_k,True,840,0.25,11,Tsol;Tage;tage;Zn;Mg;Cu;Ti;Fe;Zr;Si;Sc,Zn;Tsol;Mg;Tage;Cu;Ti;Fe;Zr;Si;tage;Sc;Cr;Li;Mn;Be;Ni;V,576f5e2c783b93c4e935c088536a9e37ec2f5d6f5ded479e4c8eff02bfaf0ba3,False,False,Selected,0.8525463985712598,46.72674199057616,36.12408023588911,0.3804247352368926,0.8638038968297469,39.07358576782037,29.765841316235065,0.3656144870099443,0.8309570216139841,3.1001046926045497,2.1517256983015494,0.40732364633095997,0.8491024390049969,29.633477483667022,22.680549083475242,0.38445428952593225
R05_F05_k12_Native_RF_Physics,5,5,R05_F05,12,Native_RF_Physics,reduced physics-retained RandomForest,21,1.0,"{""model__max_depth"": null, ""model__max_features"": 0.7, ""model__min_samples_leaf"": 1, ""model__n_estimators"": 300, ""selector__alpha"": 1.0, ""selector__n_features"": 12}",1079,aeef3e2f63dc9996e0892c4abb1ea5d64ca45ba8dfa6d6fd189b215fbfe89096,-0.44333991082592306,0.02970688569946958,0.44333991082592306,1,Selected_for_fixed_k,True,470,1.0,12,Tsol;Tage;tage;Zn;Mg;Ti;Sc;Si;Fe;Zr;Cr;Cu,Zn;Mg;Tsol;Ti;Sc;Si;Fe;Zr;Tage;Cr;Cu;Li;Be;V;Ni;Mn;tage,576f5e2c783b93c4e935c088536a9e37ec2f5d6f5ded479e4c8eff02bfaf0ba3,False,False,Selected,0.8020045309947692,54.1458822885752,42.65788276748969,0.4408275016895777,0.8422433484483639,42.05278540854107,33.59382523417606,0.39349108259077187,0.6679772544328125,4.344719176015861,2.5587343241720553,0.5708539009281028,0.7707417112919819,33.51446229104404,26.270147441945934,0.4683908284028175
R05_F05_k13_Native_RF_Physics,5,5,R05_F05,13,Native_RF_Physics,reduced physics-retained RandomForest,24,0.0,"{""model__max_depth"": null, ""model__max_features"": 1.0, ""model__min_samples_leaf"": 1, ""model__n_estimators"": 800, ""selector__alpha"": 0.0, ""selector__n_features"": 13}",1080,aeef3e2f63dc9996e0892c4abb1ea5d64ca45ba8dfa6d6fd189b215fbfe89096,-0.4534056910153221,0.07491349629565584,0.4534056910153221,1,Selected_for_fixed_k,True,1000,0.0,13,Tsol;Tage;tage;Zn;Mg;Cu;Fe;Ti;Zr;Li;Mn;Si;Cr,Zn;Tsol;Tage;Mg;Cu;tage;Fe;Ti;Zr;Li;Mn;Si;Cr;Sc;Ni;Be;V,576f5e2c783b93c4e935c088536a9e37ec2f5d6f5ded479e4c8eff02bfaf0ba3,False,False,Selected,0.8110935563814856,52.888493295297515,42.196754418448734,0.4305904970434177,0.8462166055404545,41.51983783738343,33.13151075892865,0.38850425199913285,0.6269586547689654,4.605282507223573,2.690336917254563,0.6050893918845385,0.7614229388969685,33.004537879968176,26.006200698210648,0.4747280469756963
R05_F05_k14_Native_RF_Physics,5,5,R05_F05,14,Native_RF_Physics,reduced physics-retained RandomForest,20,0.5,"{""model__max_depth"": 14, ""model__max_features"": 0.7, ""model__min_samples_leaf"": 1, ""model__n_estimators"": 800, ""selector__alpha"": 0.5, ""selector__n_features"": 14}",1081,aeef3e2f63dc9996e0892c4abb1ea5d64ca45ba8dfa6d6fd189b215fbfe89096,-0.4474654782026752,0.021523122034207632,0.4474654782026752,1,Selected_for_fixed_k,True,1110,0.5,14,Tsol;Tage;tage;Zn;Mg;Ti;Fe;Zr;Cu;Sc;Si;Cr;Li;Mn,Zn;Mg;Tsol;Tage;Ti;Fe;Zr;Cu;Sc;Si;Cr;Li;tage;Mn;Be;Ni;V,576f5e2c783b93c4e935c088536a9e37ec2f5d6f5ded479e4c8eff02bfaf0ba3,False,False,Selected,0.8023065295573604,54.104572710127265,42.84402442513875,0.4404911806713699,0.8511530408455737,40.848010638635124,32.86808101051991,0.38221791426475527,0.6626108666161835,4.379689659047037,2.593251839061151,0.5754486827418248,0.7720234790063726,33.11075766926981,26.101785758239938,0.46605259255931664
R05_F05_k15_Native_RF_Physics,5,5,R05_F05,15,Native_RF_Physics,reduced physics-retained RandomForest,15,0.75,"{""model__max_depth"": null, ""model__max_features"": 0.7, ""model__min_samples_leaf"": 1, ""model__n_estimators"": 300, ""selector__alpha"": 0.75, ""selector__n_features"": 15}",1082,aeef3e2f63dc9996e0892c4abb1ea5d64ca45ba8dfa6d6fd189b215fbfe89096,-0.45670626601140896,0.04583218061175492,0.45670626601140896,1,Selected_for_fixed_k,True,470,0.75,15,Tsol;Tage;tage;Zn;Mg;Ti;Fe;Sc;Si;Zr;Cu;Cr;Li;Be;Ni,Zn;Mg;Tsol;Ti;Tage;Fe;Sc;Si;Zr;Cu;Cr;Li;Be;Ni;V;Mn;tage,576f5e2c783b93c4e935c088536a9e37ec2f5d6f5ded479e4c8eff02bfaf0ba3,False,False,Selected,0.8001974439681224,54.39241337413358,42.841480461983124,0.4428346290636652,0.8459238112934544,41.559344666979655,32.74963609543411,0.38887392038129887,0.6683892699955251,4.3420226023207595,2.597567548010974,0.5704995973354825,0.7715035084190339,33.431260214477994,26.0628947018094,0.4674027155934822
R05_F05_k16_Native_RF_Physics,5,5,R05_F05,16,Native_RF_Physics,reduced physics-retained RandomForest,12,0.25,"{""model__max_depth"": 14, ""model__max_features"": ""sqrt"", ""model__min_samples_leaf"": 1, ""model__n_estimators"": 500, ""selector__alpha"": 0.25, ""selector__n_features"": 16}",1083,aeef3e2f63dc9996e0892c4abb1ea5d64ca45ba8dfa6d6fd189b215fbfe89096,-0.4686246673801263,0.02771468616493745,0.4686246673801263,1,Selected_for_fixed_k,True,790,0.25,16,Tsol;Tage;tage;Zn;Mg;Cu;Ti;Fe;Zr;Si;Sc;Cr;Li;Mn;Be;Ni,Zn;Tsol;Mg;Tage;Cu;Ti;Fe;Zr;Si;tage;Sc;Cr;Li;Mn;Be;Ni;V,576f5e2c783b93c4e935c088536a9e37ec2f5d6f5ded479e4c8eff02bfaf0ba3,False,False,Selected,0.7793128444512357,57.16449054804502,44.74577201682889,0.4654034339924184,0.8397343936131416,42.385869118575386,33.973618345634534,0.39660777197011876,0.7306586638252921,3.9131752463853697,2.4731333252552647,0.5141532200161291,0.7832353006298898,34.48784497100193,27.064174562572898,0.4587214753262221
R05_F05_k17_Native_RF_Physics,5,5,R05_F05,17,Native_RF_Physics,reduced physics-retained RandomForest,8,0.5,"{""model__max_depth"": 14, ""model__max_features"": 0.7, ""model__min_samples_leaf"": 1, ""model__n_estimators"": 500, ""selector__alpha"": 0.5, ""selector__n_features"": 17}",1084,aeef3e2f63dc9996e0892c4abb1ea5d64ca45ba8dfa6d6fd189b215fbfe89096,-0.4531039920616683,0.05001765158350014,0.4531039920616683,1,Selected_for_fixed_k,True,810,0.5,17,Tsol;Tage;tage;Zn;Mg;Ti;Fe;Zr;Cu;Sc;Si;Cr;Li;Mn;Be;Ni;V,Zn;Mg;Tsol;Tage;Ti;Fe;Zr;Cu;Sc;Si;Cr;Li;tage;Mn;Be;Ni;V,576f5e2c783b93c4e935c088536a9e37ec2f5d6f5ded479e4c8eff02bfaf0ba3,False,False,Selected,0.8041165955346312,53.856314523941016,42.35340235705691,0.4384699921457641,0.8500997445522881,40.99228369347276,32.760798448685996,0.383567888112747,0.6819128879682536,4.252563713104696,2.564463508622221,0.5587455681766832,0.7787097426850577,33.03372064350616,25.89288810478838,0.46026114947839813
