Outer_ID,Repeat,Outer_Fold,Feature_Count,Feature_Order,Feature,Mandatory,Mean_Normalized_Hybrid_Feature_Score,Selected_Alpha,Selected,Rank
R01_F01,1,1,3,1,Tsol,True,0.5134958636481454,0.0,1,1
R01_F01,1,1,3,2,Tage,True,0.48419265741596,0.0,1,2
R01_F01,1,1,3,3,tage,True,0.278386613165626,0.0,1,3
R01_F02,1,2,3,1,Tsol,True,0.4433217663364101,0.0,1,1
R01_F02,1,2,3,2,Tage,True,0.5020519364422101,0.0,1,2
R01_F02,1,2,3,3,tage,True,0.2910905242799361,0.0,1,3
R01_F03,1,3,3,1,Tsol,True,0.6426615187499387,0.5,1,1
R01_F03,1,3,3,2,Tage,True,0.4236605575263259,0.5,1,2
R01_F03,1,3,3,3,tage,True,0.1302791102721847,0.5,1,3
R01_F04,1,4,3,1,Tsol,True,0.7775937026864538,1.0,1,1
R01_F04,1,4,3,2,Tage,True,0.3918557978068861,1.0,1,2
R01_F04,1,4,3,3,tage,True,0.0,1.0,1,3
R01_F05,1,5,3,1,Tsol,True,0.5897877844614194,0.25,1,1
R01_F05,1,5,3,2,Tage,True,0.438830399150908,0.25,1,2
R01_F05,1,5,3,3,tage,True,0.2264558192794052,0.25,1,3
R02_F01,2,1,3,1,Tsol,True,0.513595600564193,0.0,1,1
R02_F01,2,1,3,2,Tage,True,0.4777957889936388,0.0,1,2
R02_F01,2,1,3,3,tage,True,0.3373205741227759,0.0,1,3
R02_F02,2,2,3,1,Tsol,True,0.6454273838907196,0.5,1,1
R02_F02,2,2,3,2,Tage,True,0.4544604326344965,0.5,1,2
R02_F02,2,2,3,3,tage,True,0.1751573539010468,0.5,1,3
R02_F03,2,3,3,1,Tsol,True,0.7767394591969177,1.0,1,1
R02_F03,2,3,3,2,Tage,True,0.3987222998035663,1.0,1,2
R02_F03,2,3,3,3,tage,True,0.0,1.0,1,3
R02_F04,2,4,3,1,Tsol,True,0.5910458854065818,0.25,1,1
R02_F04,2,4,3,2,Tage,True,0.5221083671976645,0.25,1,2
R02_F04,2,4,3,3,tage,True,0.2490569759710893,0.25,1,3
R02_F05,2,5,3,1,Tsol,True,0.4374207442816045,0.0,1,1
R02_F05,2,5,3,2,Tage,True,0.4546177095294755,0.0,1,2
R02_F05,2,5,3,3,tage,True,0.2855189871074952,0.0,1,3
R03_F01,3,1,3,1,Tsol,True,0.550987528371025,0.25,1,1
R03_F01,3,1,3,2,Tage,True,0.4195834087146857,0.25,1,2
R03_F01,3,1,3,3,tage,True,0.2096772074355151,0.25,1,3
R03_F02,3,2,3,1,Tsol,True,0.6704319984867595,0.75,1,1
R03_F02,3,2,3,2,Tage,True,0.4099430558057521,0.75,1,2
R03_F02,3,2,3,3,tage,True,0.0688029973538078,0.75,1,3
R03_F03,3,3,3,1,Tsol,True,0.5193917509611272,0.0,1,1
R03_F03,3,3,3,2,Tage,True,0.5202467506243533,0.0,1,2
R03_F03,3,3,3,3,tage,True,0.3183160169051823,0.0,1,3
R03_F04,3,4,3,1,Tsol,True,0.7479782346046556,0.75,1,1
R03_F04,3,4,3,2,Tage,True,0.4069549798492592,0.75,1,2
R03_F04,3,4,3,3,tage,True,0.0877084600833772,0.75,1,3
R03_F05,3,5,3,1,Tsol,True,0.7774760644875273,1.0,1,1
R03_F05,3,5,3,2,Tage,True,0.4298560965393799,1.0,1,2
R03_F05,3,5,3,3,tage,True,0.0,1.0,1,3
R04_F01,4,1,3,1,Tsol,True,0.7464312707830397,1.0,1,1
R04_F01,4,1,3,2,Tage,True,0.3987020903725244,1.0,1,2
R04_F01,4,1,3,3,tage,True,0.0,1.0,1,3
R04_F02,4,2,3,1,Tsol,True,0.6659689477848211,0.75,1,1
R04_F02,4,2,3,2,Tage,True,0.4717175555237832,0.75,1,2
R04_F02,4,2,3,3,tage,True,0.0652748479053132,0.75,1,3
R04_F03,4,3,3,1,Tsol,True,0.6141101999803606,0.0,1,1
R04_F03,4,3,3,2,Tage,True,0.5635795081570761,0.0,1,2
R04_F03,4,3,3,3,tage,True,0.3959071950938742,0.0,1,3
R04_F04,4,4,3,1,Tsol,True,0.4940376961758459,0.0,1,1
R04_F04,4,4,3,2,Tage,True,0.405872446726942,0.0,1,2
R04_F04,4,4,3,3,tage,True,0.2323965949138517,0.0,1,3
R04_F05,4,5,3,1,Tsol,True,0.7203530165181752,0.5,1,1
R04_F05,4,5,3,2,Tage,True,0.4740556508563135,0.5,1,2
R04_F05,4,5,3,3,tage,True,0.1564171983861622,0.5,1,3
R05_F01,5,1,3,1,Tsol,True,0.7156992008552403,0.75,1,1
R05_F01,5,1,3,2,Tage,True,0.4177866879837399,0.75,1,2
R05_F01,5,1,3,3,tage,True,0.0881384167786365,0.75,1,3
R05_F02,5,2,3,1,Tsol,True,0.7816625951291939,1.0,1,1
R05_F02,5,2,3,2,Tage,True,0.4113212529407781,1.0,1,2
R05_F02,5,2,3,3,tage,True,0.0,1.0,1,3
R05_F03,5,3,3,1,Tsol,True,0.6524728681410892,0.5,1,1
R05_F03,5,3,3,2,Tage,True,0.4722416696458024,0.5,1,2
R05_F03,5,3,3,3,tage,True,0.1731897888887065,0.5,1,3
R05_F04,5,4,3,1,Tsol,True,0.6029318175719253,0.25,1,1
R05_F04,5,4,3,2,Tage,True,0.4980521257725414,0.25,1,2
R05_F04,5,4,3,3,tage,True,0.2332143381368911,0.25,1,3
R05_F05,5,5,3,1,Tsol,True,0.7570868709052853,1.0,1,1
R05_F05,5,5,3,2,Tage,True,0.3627512889873637,1.0,1,2
R05_F05,5,5,3,3,tage,True,0.0,1.0,1,3
R01_F01,1,1,4,1,Tsol,True,0.5134958636481454,0.0,1,1
R01_F01,1,1,4,2,Tage,True,0.48419265741596,0.0,1,2
R01_F01,1,1,4,3,tage,True,0.278386613165626,0.0,1,3
R01_F01,1,1,4,4,Zn,False,1.0,0.0,1,4
R01_F02,1,2,4,1,Tsol,True,0.6119658359043367,0.5,1,1
R01_F02,1,2,4,2,Tage,True,0.4557448895622639,0.5,1,2
R01_F02,1,2,4,3,tage,True,0.145545262139968,0.5,1,3
R01_F02,1,2,4,4,Zn,False,1.0,0.5,1,4
R01_F03,1,3,4,1,Tsol,True,0.7226324950931308,0.75,1,1
R01_F03,1,3,4,2,Tage,True,0.4272896381150246,0.75,1,2
R01_F03,1,3,4,3,tage,True,0.0651395551360923,0.75,1,3
R01_F03,1,3,4,4,Zn,False,1.0,0.75,1,4
R01_F04,1,4,4,1,Tsol,True,0.6496925163747844,0.5,1,1
R01_F04,1,4,4,2,Tage,True,0.4703511957823962,0.5,1,2
R01_F04,1,4,4,3,tage,True,0.1788895375370458,0.5,1,3
R01_F04,1,4,4,4,Zn,False,1.0,0.5,1,4
R01_F05,1,5,4,1,Tsol,True,0.810756983047903,1.0,1,1
R01_F05,1,5,4,2,Tage,True,0.3509326911618696,1.0,1,2
R01_F05,1,5,4,3,tage,True,0.0,1.0,1,3
R01_F05,1,5,4,4,Zn,False,1.0,1.0,1,4
R02_F01,2,1,4,1,Tsol,True,0.633836825837871,0.5,1,1
R02_F01,2,1,4,2,Tage,True,0.3968139055061174,0.5,1,2
R02_F01,2,1,4,3,tage,True,0.1686602870613879,0.5,1,3
R02_F01,2,1,4,4,Zn,False,1.0,0.5,1,4
R02_F02,2,2,4,1,Tsol,True,0.7745215788298218,1.0,1,1
R02_F02,2,2,4,2,Tage,True,0.3901227627648085,1.0,1,2
R02_F02,2,2,4,3,tage,True,0.0,1.0,1,3
R02_F02,2,2,4,4,Zn,False,1.0,1.0,1,4
R02_F03,2,3,4,1,Tsol,True,0.4758137566491996,0.0,1,1
R02_F03,2,3,4,2,Tage,True,0.3877030898019608,0.0,1,2
R02_F03,2,3,4,3,tage,True,0.2524939744701257,0.0,1,3
R02_F03,2,3,4,4,Zn,False,1.0,0.0,1,4
R02_F04,2,4,4,1,Tsol,True,0.7095015412020815,0.75,1,1
R02_F04,2,4,4,2,Tage,True,0.4038975434305362,0.75,1,2
R02_F04,2,4,4,3,tage,True,0.0830189919903631,0.75,1,3
R02_F04,2,4,4,4,Zn,False,1.0,0.75,1,4
R02_F05,2,5,4,1,Tsol,True,0.4374207442816045,0.0,1,1
R02_F05,2,5,4,2,Tage,True,0.4546177095294755,0.0,1,2
R02_F05,2,5,4,3,tage,True,0.2855189871074952,0.0,1,3
R02_F05,2,5,4,4,Zn,False,1.0,0.0,1,4
R03_F01,3,1,4,1,Tsol,True,0.4738986606136325,0.0,1,1
R03_F01,3,1,4,2,Tage,True,0.4171743172585642,0.0,1,2
R03_F01,3,1,4,3,tage,True,0.2795696099140201,0.0,1,3
R03_F01,3,1,4,4,Zn,False,1.0,0.0,1,4
R03_F02,3,2,4,1,Tsol,True,0.5256426726919364,0.25,1,1
R03_F02,3,2,4,2,Tage,True,0.434688948846513,0.25,1,2
R03_F02,3,2,4,3,tage,True,0.2064089920614234,0.25,1,3
R03_F02,3,2,4,4,Zn,False,1.0,0.25,1,4
R03_F03,3,3,4,1,Tsol,True,0.5864218386567575,0.25,1,1
R03_F03,3,3,4,2,Tage,True,0.4780494083572426,0.25,1,2
R03_F03,3,3,4,3,tage,True,0.2387370126788867,0.25,1,3
R03_F03,3,3,4,4,Zn,False,1.0,0.25,1,4
R03_F04,3,4,4,1,Tsol,True,0.796259853000507,1.0,1,1
R03_F04,3,4,4,2,Tage,True,0.360060689068057,1.0,1,2
R03_F04,3,4,4,3,tage,True,0.0,1.0,1,3
R03_F04,3,4,4,4,Zn,False,1.0,1.0,1,4
R03_F05,3,5,4,1,Tsol,True,0.6443131284993897,0.5,1,1
R03_F05,3,5,4,2,Tage,True,0.452262417143511,0.5,1,2
R03_F05,3,5,4,3,tage,True,0.1483153428733014,0.5,1,3
R03_F05,3,5,4,4,Zn,False,1.0,0.5,1,4
R04_F01,4,1,4,1,Tsol,True,0.6853882506301614,0.75,1,1
R04_F01,4,1,4,2,Tage,True,0.4337553294389772,0.75,1,2
R04_F01,4,1,4,3,tage,True,0.089401127632683,0.75,1,3
R04_F01,4,1,4,4,Zn,False,1.0,0.75,1,4
R04_F02,4,2,4,1,Tsol,True,0.6012809304498736,0.5,1,1
R04_F02,4,2,4,2,Tage,True,0.4447216874312106,0.5,1,2
R04_F02,4,2,4,3,tage,True,0.1305496958106264,0.5,1,3
R04_F02,4,2,4,4,Zn,False,1.0,0.5,1,4
R04_F03,4,3,4,1,Tsol,True,0.6141101999803606,0.0,1,1
R04_F03,4,3,4,2,Tage,True,0.5635795081570761,0.0,1,2
R04_F03,4,3,4,3,tage,True,0.3959071950938742,0.0,1,3
R04_F03,4,3,4,4,Zn,False,1.0,0.0,1,4
R04_F04,4,4,4,1,Tsol,True,0.5647545998798256,0.25,1,1
R04_F04,4,4,4,2,Tage,True,0.3889626081571083,0.25,1,2
R04_F04,4,4,4,3,tage,True,0.1742974461853887,0.25,1,3
R04_F04,4,4,4,4,Zn,False,1.0,0.25,1,4
R04_F05,4,5,4,1,Tsol,True,0.6204655977394122,0.0,1,1
R04_F05,4,5,4,2,Tage,True,0.5923833021669049,0.0,1,2
R04_F05,4,5,4,3,tage,True,0.3128343967723245,0.0,1,3
R04_F05,4,5,4,4,Zn,False,1.0,0.0,1,4
R05_F01,5,1,4,1,Tsol,True,0.5152121305810505,0.0,1,1
R05_F01,5,1,4,2,Tage,True,0.4304393058491954,0.0,1,2
R05_F01,5,1,4,3,tage,True,0.3525536671145463,0.0,1,3
R05_F01,5,1,4,4,Zn,False,1.0,0.0,1,4
R05_F02,5,2,4,1,Tsol,True,0.7128000406713658,0.75,1,1
R05_F02,5,2,4,2,Tage,True,0.4397273741069386,0.75,1,2
R05_F02,5,2,4,3,tage,True,0.0830281282579515,0.75,1,3
R05_F02,5,2,4,4,Zn,False,1.0,0.75,1,4
R05_F03,5,3,4,1,Tsol,True,0.7686458168227843,1.0,1,1
R05_F03,5,3,4,2,Tage,True,0.3920820173269487,1.0,1,2
R05_F03,5,3,4,3,tage,True,0.0,1.0,1,3
R05_F03,5,3,4,4,Zn,False,1.0,1.0,1,4
R05_F04,5,4,4,1,Tsol,True,0.7885419400132696,1.0,1,1
R05_F04,5,4,4,2,Tage,True,0.3781859964797433,1.0,1,2
R05_F04,5,4,4,3,tage,True,0.0134971934441016,1.0,1,3
R05_F04,5,4,4,4,Zn,False,1.0,1.0,1,4
R05_F05,5,5,4,1,Tsol,True,0.6481674609452478,0.5,1,1
R05_F05,5,5,4,2,Tage,True,0.4170470055718017,0.5,1,2
R05_F05,5,5,4,3,tage,True,0.1323080727254722,0.5,1,3
R05_F05,5,5,4,4,Zn,False,1.0,0.5,1,4
R01_F01,1,1,5,1,Tsol,True,0.6476154138558118,0.5,1,1
R01_F01,1,1,5,2,Tage,True,0.4285307731653957,0.5,1,2
R01_F01,1,1,5,3,tage,True,0.139193306582813,0.5,1,3
R01_F01,1,1,5,4,Zn,False,1.0,0.5,1,4
R01_F01,1,1,5,5,Mg,False,0.6608986044525014,0.5,1,5
R01_F02,1,2,5,1,Tsol,True,0.5276438011203735,0.25,1,1
R01_F02,1,2,5,2,Tage,True,0.4788984130022369,0.25,1,2
R01_F02,1,2,5,3,tage,True,0.2183178932099521,0.25,1,3
R01_F02,1,2,5,4,Zn,False,1.0,0.25,1,4
R01_F02,1,2,5,5,Mg,False,0.5189742006010339,0.25,1,5
R01_F03,1,3,5,1,Tsol,True,0.5626905424067465,0.25,1,1
R01_F03,1,3,5,2,Tage,True,0.4200314769376272,0.25,1,2
R01_F03,1,3,5,3,tage,True,0.195418665408277,0.25,1,3
R01_F03,1,3,5,4,Zn,False,1.0,0.25,1,4
R01_F03,1,3,5,5,Mg,False,0.5647005421572561,0.25,1,5
R01_F04,1,4,5,1,Tsol,True,0.5217913300631152,0.0,1,1
R01_F04,1,4,5,2,Tage,True,0.5488465937579065,0.0,1,2
R01_F04,1,4,5,3,tage,True,0.3577790750740917,0.0,1,3
R01_F04,1,4,5,4,Zn,False,1.0,0.0,1,4
R01_F04,1,4,5,5,Mg,False,0.4538943217607033,0.0,1,5
R01_F05,1,5,5,1,Tsol,True,0.810756983047903,1.0,1,1
R01_F05,1,5,5,2,Tage,True,0.3509326911618696,1.0,1,2
R01_F05,1,5,5,3,tage,True,0.0,1.0,1,3
R01_F05,1,5,5,4,Zn,False,1.0,1.0,1,4
R01_F05,1,5,5,5,Mg,False,0.8627371056388407,1.0,1,5
R02_F01,2,1,5,1,Tsol,True,0.633836825837871,0.5,1,1
R02_F01,2,1,5,2,Tage,True,0.3968139055061174,0.5,1,2
R02_F01,2,1,5,3,tage,True,0.1686602870613879,0.5,1,3
R02_F01,2,1,5,4,Zn,False,1.0,0.5,1,4
R02_F01,2,1,5,5,Mg,False,0.6725737870737454,0.5,1,5
R02_F02,2,2,5,1,Tsol,True,0.5163331889516176,0.0,1,1
R02_F02,2,2,5,2,Tage,True,0.5187981025041845,0.0,1,2
R02_F02,2,2,5,3,tage,True,0.3503147078020937,0.0,1,3
R02_F02,2,2,5,4,Zn,False,1.0,0.0,1,4
R02_F02,2,2,5,5,Mg,False,0.4334327370803523,0.0,1,5
R02_F03,2,3,5,1,Tsol,True,0.6262766079230586,0.5,1,1
R02_F03,2,3,5,2,Tage,True,0.3932126948027635,0.5,1,2
R02_F03,2,3,5,3,tage,True,0.1262469872350628,0.5,1,3
R02_F03,2,3,5,4,Zn,False,1.0,0.5,1,4
R02_F03,2,3,5,5,Mg,False,0.6268606702945347,0.5,1,5
R02_F04,2,4,5,1,Tsol,True,0.5910458854065818,0.25,1,1
R02_F04,2,4,5,2,Tage,True,0.5221083671976645,0.25,1,2
R02_F04,2,4,5,3,tage,True,0.2490569759710893,0.25,1,3
R02_F04,2,4,5,4,Zn,False,1.0,0.25,1,4
R02_F04,2,4,5,5,Mg,False,0.5463783506060146,0.25,1,5
R02_F05,2,5,5,1,Tsol,True,0.7242662039839208,0.75,1,1
R02_F05,2,5,5,2,Tage,True,0.4895770893247518,0.75,1,2
R02_F05,2,5,5,3,tage,True,0.0713797467768738,0.75,1,3
R02_F05,2,5,5,4,Zn,False,1.0,0.75,1,4
R02_F05,2,5,5,5,Mg,False,0.7622901908010594,0.75,1,5
R03_F01,3,1,5,1,Tsol,True,0.7051652638858099,0.75,1,1
R03_F01,3,1,5,2,Tage,True,0.4244015916269287,0.75,1,2
R03_F01,3,1,5,3,tage,True,0.069892402478505,0.75,1,3
R03_F01,3,1,5,4,Zn,False,1.0,0.75,1,4
R03_F01,3,1,5,5,Mg,False,0.7354613953616355,0.75,1,5
R03_F02,3,2,5,1,Tsol,True,0.742826661384171,1.0,1,1
R03_F02,3,2,5,2,Tage,True,0.3975701092853716,1.0,1,2
R03_F02,3,2,5,3,tage,True,0.0,1.0,1,3
R03_F02,3,2,5,4,Zn,False,1.0,1.0,1,4
R03_F02,3,2,5,5,Mg,False,0.8442377234453561,1.0,1,5
R03_F03,3,3,5,1,Tsol,True,0.5864218386567575,0.25,1,1
R03_F03,3,3,5,2,Tage,True,0.4780494083572426,0.25,1,2
R03_F03,3,3,5,3,tage,True,0.2387370126788867,0.25,1,3
R03_F03,3,3,5,4,Zn,False,1.0,0.25,1,4
R03_F03,3,3,5,5,Mg,False,0.5012405978618621,0.25,1,5
R03_F04,3,4,5,1,Tsol,True,0.7479782346046556,0.75,1,1
R03_F04,3,4,5,2,Tage,True,0.4069549798492592,0.75,1,2
R03_F04,3,4,5,3,tage,True,0.0877084600833772,0.75,1,3
R03_F04,3,4,5,4,Zn,False,1.0,0.75,1,4
R03_F04,3,4,5,5,Mg,False,0.7982380699267279,0.75,1,5
R03_F05,3,5,5,1,Tsol,True,0.7108945964934584,0.75,1,1
R03_F05,3,5,5,2,Tage,True,0.4410592568414454,0.75,1,2
R03_F05,3,5,5,3,tage,True,0.0741576714366507,0.75,1,3
R03_F05,3,5,5,4,Zn,False,1.0,0.75,1,4
R03_F05,3,5,5,5,Mg,False,0.7540864526231843,0.75,1,5
R04_F01,4,1,5,1,Tsol,True,0.624345230477283,0.5,1,1
R04_F01,4,1,5,2,Tage,True,0.46880856850543,0.5,1,2
R04_F01,4,1,5,3,tage,True,0.1788022552653661,0.5,1,3
R04_F01,4,1,5,4,Zn,False,1.0,0.5,1,4
R04_F01,4,1,5,5,Mg,False,0.6401236482452348,0.5,1,5
R04_F02,4,2,5,1,Tsol,True,0.6659689477848211,0.75,1,1
R04_F02,4,2,5,2,Tage,True,0.4717175555237832,0.75,1,2
R04_F02,4,2,5,3,tage,True,0.0652748479053132,0.75,1,3
R04_F02,4,2,5,4,Zn,False,1.0,0.75,1,4
R04_F02,4,2,5,5,Mg,False,0.7541995081729873,0.75,1,5
R04_F03,4,3,5,1,Tsol,True,0.6707521736477061,0.25,1,1
R04_F03,4,3,5,2,Tage,True,0.5214818552277922,0.25,1,2
R04_F03,4,3,5,3,tage,True,0.2969303963204057,0.25,1,3
R04_F03,4,3,5,4,Zn,False,1.0,0.25,1,4
R04_F03,4,3,5,5,Mg,False,0.6104250045666156,0.25,1,5
R04_F04,4,4,5,1,Tsol,True,0.4940376961758459,0.0,1,1
R04_F04,4,4,5,2,Tage,True,0.405872446726942,0.0,1,2
R04_F04,4,4,5,3,tage,True,0.2323965949138517,0.0,1,3
R04_F04,4,4,5,4,Zn,False,1.0,0.0,1,4
R04_F04,4,4,5,5,Mg,False,0.4222149268792067,0.0,1,5
R04_F05,4,5,5,1,Tsol,True,0.6704093071287938,0.25,1,1
R04_F05,4,5,5,2,Tage,True,0.5332194765116092,0.25,1,2
R04_F05,4,5,5,3,tage,True,0.2346257975792434,0.25,1,3
R04_F05,4,5,5,4,Zn,False,1.0,0.25,1,4
R04_F05,4,5,5,5,Mg,False,0.5587073794960967,0.25,1,5
R05_F01,5,1,5,1,Tsol,True,0.7156992008552403,0.75,1,1
R05_F01,5,1,5,2,Tage,True,0.4177866879837399,0.75,1,2
R05_F01,5,1,5,3,tage,True,0.0881384167786365,0.75,1,3
R05_F01,5,1,5,4,Zn,False,1.0,0.75,1,4
R05_F01,5,1,5,5,Mg,False,0.7384422137214834,0.75,1,5
R05_F02,5,2,5,1,Tsol,True,0.7128000406713658,0.75,1,1
R05_F02,5,2,5,2,Tage,True,0.4397273741069386,0.75,1,2
R05_F02,5,2,5,3,tage,True,0.0830281282579515,0.75,1,3
R05_F02,5,2,5,4,Zn,False,1.0,0.75,1,4
R05_F02,5,2,5,5,Mg,False,0.7247001762136361,0.75,1,5
R05_F03,5,3,5,1,Tsol,True,0.5943863938002417,0.25,1,1
R05_F03,5,3,5,2,Tage,True,0.5123214958052291,0.25,1,2
R05_F03,5,3,5,3,tage,True,0.2597846833330598,0.25,1,3
R05_F03,5,3,5,4,Zn,False,1.0,0.25,1,4
R05_F03,5,3,5,5,Mg,False,0.6241133980117233,0.25,1,5
R05_F04,5,4,5,1,Tsol,True,0.6648018583857067,0.5,1,1
R05_F04,5,4,5,2,Tage,True,0.4580967493416087,0.5,1,2
R05_F04,5,4,5,3,tage,True,0.1599752899059612,0.5,1,3
R05_F04,5,4,5,4,Zn,False,1.0,0.5,1,4
R05_F04,5,4,5,5,Mg,False,0.6588622934963032,0.5,1,5
R05_F05,5,5,5,1,Tsol,True,0.5937077559652291,0.25,1,1
R05_F05,5,5,5,2,Tage,True,0.4441948638640206,0.25,1,2
R05_F05,5,5,5,3,tage,True,0.1984621090882083,0.25,1,3
R05_F05,5,5,5,4,Zn,False,1.0,0.25,1,4
R05_F05,5,5,5,5,Mg,False,0.5556415136351587,0.25,1,5
R01_F01,1,1,6,1,Tsol,True,0.5805556387519786,0.25,1,1
R01_F01,1,1,6,2,Tage,True,0.4563617152906778,0.25,1,2
R01_F01,1,1,6,3,tage,True,0.2087899598742195,0.25,1,3
R01_F01,1,1,6,4,Zn,False,1.0,0.25,1,4
R01_F01,1,1,6,5,Mg,False,0.5693696368078163,0.25,1,5
R01_F01,1,1,6,6,Cu,False,0.3035169373714433,0.25,1,6
R01_F02,1,2,6,1,Tsol,True,0.5276438011203735,0.25,1,1
R01_F02,1,2,6,2,Tage,True,0.4788984130022369,0.25,1,2
R01_F02,1,2,6,3,tage,True,0.2183178932099521,0.25,1,3
R01_F02,1,2,6,4,Zn,False,1.0,0.25,1,4
R01_F02,1,2,6,5,Mg,False,0.5189742006010339,0.25,1,5
R01_F02,1,2,6,6,Cu,False,0.3017825433688856,0.25,1,6
R01_F03,1,3,6,1,Tsol,True,0.4827195660635542,0.0,1,1
R01_F03,1,3,6,2,Tage,True,0.4164023963489285,0.0,1,2
R01_F03,1,3,6,3,tage,True,0.2605582205443694,0.0,1,3
R01_F03,1,3,6,4,Zn,False,1.0,0.0,1,4
R01_F03,1,3,6,5,Mg,False,0.4688616785882789,0.0,1,5
R01_F03,1,3,6,6,Ti,False,0.3370461480515311,0.0,1,6
R01_F04,1,4,6,1,Tsol,True,0.5217913300631152,0.0,1,1
R01_F04,1,4,6,2,Tage,True,0.5488465937579065,0.0,1,2
R01_F04,1,4,6,3,tage,True,0.3577790750740917,0.0,1,3
R01_F04,1,4,6,4,Zn,False,1.0,0.0,1,4
R01_F04,1,4,6,5,Mg,False,0.4538943217607033,0.0,1,5
R01_F04,1,4,6,6,Cu,False,0.3823939279642519,0.0,1,6
R01_F05,1,5,6,1,Tsol,True,0.5161313849325916,0.0,1,1
R01_F05,1,5,6,2,Tage,True,0.4681296351472541,0.0,1,2
R01_F05,1,5,6,3,tage,True,0.3019410923725403,0.0,1,3
R01_F05,1,5,6,4,Zn,False,1.0,0.0,1,4
R01_F05,1,5,6,5,Mg,False,0.4859842163248759,0.0,1,5
R01_F05,1,5,6,6,Cu,False,0.3674648839750202,0.0,1,6
R02_F01,2,1,6,1,Tsol,True,0.513595600564193,0.0,1,1
R02_F01,2,1,6,2,Tage,True,0.4777957889936388,0.0,1,2
R02_F01,2,1,6,3,tage,True,0.3373205741227759,0.0,1,3
R02_F01,2,1,6,4,Zn,False,1.0,0.0,1,4
R02_F01,2,1,6,5,Mg,False,0.4896805661628935,0.0,1,5
R02_F01,2,1,6,6,Ti,False,0.3184400085102931,0.0,1,6
R02_F02,2,2,6,1,Tsol,True,0.6454273838907196,0.5,1,1
R02_F02,2,2,6,2,Tage,True,0.4544604326344965,0.5,1,2
R02_F02,2,2,6,3,tage,True,0.1751573539010468,0.5,1,3
R02_F02,2,2,6,4,Zn,False,1.0,0.5,1,4
R02_F02,2,2,6,5,Mg,False,0.6282657163289508,0.5,1,5
R02_F02,2,2,6,6,Fe,False,0.3325652927520861,0.5,1,6
R02_F03,2,3,6,1,Tsol,True,0.5510451822861291,0.25,1,1
R02_F03,2,3,6,2,Tage,True,0.3904578923023621,0.25,1,2
R02_F03,2,3,6,3,tage,True,0.1893704808525942,0.25,1,3
R02_F03,2,3,6,4,Zn,False,1.0,0.25,1,4
R02_F03,2,3,6,5,Mg,False,0.521235566258515,0.25,1,5
R02_F03,2,3,6,6,Cu,False,0.3299844463819086,0.25,1,6
R02_F04,2,4,6,1,Tsol,True,0.5318180575088318,0.0,1,1
R02_F04,2,4,6,2,Tage,True,0.5812137790812287,0.0,1,2
R02_F04,2,4,6,3,tage,True,0.3320759679614524,0.0,1,3
R02_F04,2,4,6,4,Zn,False,1.0,0.0,1,4
R02_F04,2,4,6,5,Mg,False,0.4414142477962655,0.0,1,5
R02_F04,2,4,6,6,Cu,False,0.3468870580434955,0.0,1,6
R02_F05,2,5,6,1,Tsol,True,0.53303589751571,0.25,1,1
R02_F05,2,5,6,2,Tage,True,0.466270836127901,0.25,1,2
R02_F05,2,5,6,3,tage,True,0.2141392403306213,0.25,1,3
R02_F05,2,5,6,4,Zn,False,1.0,0.25,1,4
R02_F05,2,5,6,5,Mg,False,0.5552939074293727,0.25,1,5
R02_F05,2,5,6,6,Cu,False,0.3064402239347907,0.25,1,6
R03_F01,3,1,6,1,Tsol,True,0.550987528371025,0.25,1,1
R03_F01,3,1,6,2,Tage,True,0.4195834087146857,0.25,1,2
R03_F01,3,1,6,3,tage,True,0.2096772074355151,0.25,1,3
R03_F01,3,1,6,4,Zn,False,1.0,0.25,1,4
R03_F01,3,1,6,5,Mg,False,0.509883115886623,0.25,1,5
R03_F01,3,1,6,6,Cu,False,0.3228975548756905,0.25,1,6
R03_F02,3,2,6,1,Tsol,True,0.5256426726919364,0.25,1,1
R03_F02,3,2,6,2,Tage,True,0.434688948846513,0.25,1,2
R03_F02,3,2,6,3,tage,True,0.2064089920614234,0.25,1,3
R03_F02,3,2,6,4,Zn,False,1.0,0.25,1,4
R03_F02,3,2,6,5,Mg,False,0.5526535056671767,0.25,1,5
R03_F02,3,2,6,6,Cu,False,0.2972856747580132,0.25,1,6
R03_F03,3,3,6,1,Tsol,True,0.7875121017436483,1.0,1,1
R03_F03,3,3,6,2,Tage,True,0.3514573815559105,1.0,1,2
R03_F03,3,3,6,3,tage,True,0.0,1.0,1,3
R03_F03,3,3,6,4,Zn,False,1.0,1.0,1,4
R03_F03,3,3,6,5,Mg,False,0.8133355551023274,1.0,1,5
R03_F03,3,3,6,6,Ti,False,0.4420787545148333,1.0,1,6
R03_F04,3,4,6,1,Tsol,True,0.7479782346046556,0.75,1,1
R03_F04,3,4,6,2,Tage,True,0.4069549798492592,0.75,1,2
R03_F04,3,4,6,3,tage,True,0.0877084600833772,0.75,1,3
R03_F04,3,4,6,4,Zn,False,1.0,0.75,1,4
R03_F04,3,4,6,5,Mg,False,0.7982380699267279,0.75,1,5
R03_F04,3,4,6,6,Ti,False,0.4402651573847172,0.75,1,6
R03_F05,3,5,6,1,Tsol,True,0.511150192511252,0.0,1,1
R03_F05,3,5,6,2,Tage,True,0.474668737747642,0.0,1,2
R03_F05,3,5,6,3,tage,True,0.2966306857466028,0.0,1,3
R03_F05,3,5,6,4,Zn,False,1.0,0.0,1,4
R03_F05,3,5,6,5,Mg,False,0.4733023500979181,0.0,1,5
R03_F05,3,5,6,6,Cu,False,0.3060525375387758,0.0,1,6
R04_F01,4,1,6,1,Tsol,True,0.5022591901715263,0.0,1,1
R04_F01,4,1,6,2,Tage,True,0.5389150466383356,0.0,1,2
R04_F01,4,1,6,3,tage,True,0.3576045105307323,0.0,1,3
R04_F01,4,1,6,4,Zn,False,1.0,0.0,1,4
R04_F01,4,1,6,5,Mg,False,0.4516219718329783,0.0,1,5
R04_F01,4,1,6,6,Cu,False,0.3524092841714984,0.0,1,6
R04_F02,4,2,6,1,Tsol,True,0.4719048957799788,0.0,1,1
R04_F02,4,2,6,2,Tage,True,0.3907299512460655,0.0,1,2
R04_F02,4,2,6,3,tage,True,0.2610993916212529,0.0,1,3
R04_F02,4,2,6,4,Zn,False,1.0,0.0,1,4
R04_F02,4,2,6,5,Mg,False,0.4724150138234395,0.0,1,5
R04_F02,4,2,6,6,Cu,False,0.3073655148872128,0.0,1,6
R04_F03,4,3,6,1,Tsol,True,0.6707521736477061,0.25,1,1
R04_F03,4,3,6,2,Tage,True,0.5214818552277922,0.25,1,2
R04_F03,4,3,6,3,tage,True,0.2969303963204057,0.25,1,3
R04_F03,4,3,6,4,Zn,False,1.0,0.25,1,4
R04_F03,4,3,6,5,Mg,False,0.6104250045666156,0.25,1,5
R04_F03,4,3,6,6,Cu,False,0.3693901858597532,0.25,1,6
R04_F04,4,4,6,1,Tsol,True,0.5647545998798256,0.25,1,1
R04_F04,4,4,6,2,Tage,True,0.3889626081571083,0.25,1,2
R04_F04,4,4,6,3,tage,True,0.1742974461853887,0.25,1,3
R04_F04,4,4,6,4,Zn,False,1.0,0.25,1,4
R04_F04,4,4,6,5,Mg,False,0.525460048216627,0.25,1,5
R04_F04,4,4,6,6,Cu,False,0.28028319031898,0.25,1,6
R04_F05,4,5,6,1,Tsol,True,0.6204655977394122,0.0,1,1
R04_F05,4,5,6,2,Tage,True,0.5923833021669049,0.0,1,2
R04_F05,4,5,6,3,tage,True,0.3128343967723245,0.0,1,3
R04_F05,4,5,6,4,Zn,False,1.0,0.0,1,4
R04_F05,4,5,6,5,Mg,False,0.4550308862949435,0.0,1,5
R04_F05,4,5,6,6,Cu,False,0.3718657405345797,0.0,1,6
R05_F01,5,1,6,1,Tsol,True,0.5820411540057805,0.25,1,1
R05_F01,5,1,6,2,Tage,True,0.4262217665607102,0.25,1,2
R05_F01,5,1,6,3,tage,True,0.2644152503359097,0.25,1,3
R05_F01,5,1,6,4,Zn,False,1.0,0.25,1,4
R05_F01,5,1,6,5,Mg,False,0.5579068573705274,0.25,1,5
R05_F01,5,1,6,6,Cu,False,0.3387173230727959,0.25,1,6
R05_F02,5,2,6,1,Tsol,True,0.5062123772978815,0.0,1,1
R05_F02,5,2,6,2,Tage,True,0.5249457376054204,0.0,1,2
R05_F02,5,2,6,3,tage,True,0.3321125130318062,0.0,1,3
R05_F02,5,2,6,4,Zn,False,1.0,0.0,1,4
R05_F02,5,2,6,5,Mg,False,0.4090108611644472,0.0,1,5
R05_F02,5,2,6,6,Cu,False,0.2965290724600271,0.0,1,6
R05_F03,5,3,6,1,Tsol,True,0.5943863938002417,0.25,1,1
R05_F03,5,3,6,2,Tage,True,0.5123214958052291,0.25,1,2
R05_F03,5,3,6,3,tage,True,0.2597846833330598,0.25,1,3
R05_F03,5,3,6,4,Zn,False,1.0,0.25,1,4
R05_F03,5,3,6,5,Mg,False,0.6241133980117233,0.25,1,5
R05_F03,5,3,6,6,Cu,False,0.3462404561540716,0.25,1,6
R05_F04,5,4,6,1,Tsol,True,0.6029318175719253,0.25,1,1
R05_F04,5,4,6,2,Tage,True,0.4980521257725414,0.25,1,2
R05_F04,5,4,6,3,tage,True,0.2332143381368911,0.25,1,3
R05_F04,5,4,6,4,Zn,False,1.0,0.25,1,4
R05_F04,5,4,6,5,Mg,False,0.5533053323507257,0.25,1,5
R05_F04,5,4,6,6,Cu,False,0.3256268993605756,0.25,1,6
R05_F05,5,5,6,1,Tsol,True,0.5392480509852103,0.0,1,1
R05_F05,5,5,6,2,Tage,True,0.4713427221562396,0.0,1,2
R05_F05,5,5,6,3,tage,True,0.2646161454509445,0.0,1,3
R05_F05,5,5,6,4,Zn,False,1.0,0.0,1,4
R05_F05,5,5,6,5,Mg,False,0.4590058599585158,0.0,1,5
R05_F05,5,5,6,6,Cu,False,0.3198475013859235,0.0,1,6
R01_F01,1,1,7,1,Tsol,True,0.5805556387519786,0.25,1,1
R01_F01,1,1,7,2,Tage,True,0.4563617152906778,0.25,1,2
R01_F01,1,1,7,3,tage,True,0.2087899598742195,0.25,1,3
R01_F01,1,1,7,4,Zn,False,1.0,0.25,1,4
R01_F01,1,1,7,5,Mg,False,0.5693696368078163,0.25,1,5
R01_F01,1,1,7,6,Cu,False,0.3035169373714433,0.25,1,6
R01_F01,1,1,7,7,Ti,False,0.2654131313951025,0.25,1,7
R01_F02,1,2,7,1,Tsol,True,0.6119658359043367,0.5,1,1
R01_F02,1,2,7,2,Tage,True,0.4557448895622639,0.5,1,2
R01_F02,1,2,7,3,tage,True,0.145545262139968,0.5,1,3
R01_F02,1,2,7,4,Zn,False,1.0,0.5,1,4
R01_F02,1,2,7,5,Mg,False,0.6258432320530664,0.5,1,5
R01_F02,1,2,7,6,Cu,False,0.3094158384841703,0.5,1,6
R01_F02,1,2,7,7,Ti,False,0.3066758540417358,0.5,1,7
R01_F03,1,3,7,1,Tsol,True,0.4827195660635542,0.0,1,1
R01_F03,1,3,7,2,Tage,True,0.4164023963489285,0.0,1,2
R01_F03,1,3,7,3,tage,True,0.2605582205443694,0.0,1,3
R01_F03,1,3,7,4,Zn,False,1.0,0.0,1,4
R01_F03,1,3,7,5,Mg,False,0.4688616785882789,0.0,1,5
R01_F03,1,3,7,6,Ti,False,0.3370461480515311,0.0,1,6
R01_F03,1,3,7,7,Cu,False,0.3167559899258838,0.0,1,7
R01_F04,1,4,7,1,Tsol,True,0.5217913300631152,0.0,1,1
R01_F04,1,4,7,2,Tage,True,0.5488465937579065,0.0,1,2
R01_F04,1,4,7,3,tage,True,0.3577790750740917,0.0,1,3
R01_F04,1,4,7,4,Zn,False,1.0,0.0,1,4
R01_F04,1,4,7,5,Mg,False,0.4538943217607033,0.0,1,5
R01_F04,1,4,7,6,Cu,False,0.3823939279642519,0.0,1,6
R01_F04,1,4,7,7,Zr,False,0.2304564991233677,0.0,1,7
R01_F05,1,5,7,1,Tsol,True,0.5897877844614194,0.25,1,1
R01_F05,1,5,7,2,Tage,True,0.438830399150908,0.25,1,2
R01_F05,1,5,7,3,tage,True,0.2264558192794052,0.25,1,3
R01_F05,1,5,7,4,Zn,False,1.0,0.25,1,4
R01_F05,1,5,7,5,Mg,False,0.5801724386533671,0.25,1,5
R01_F05,1,5,7,6,Cu,False,0.3434517996735451,0.25,1,6
R01_F05,1,5,7,7,Ti,False,0.3258514315325981,0.25,1,7
R02_F01,2,1,7,1,Tsol,True,0.754078051111549,1.0,1,1
R02_F01,2,1,7,2,Tage,True,0.315832022018596,1.0,1,2
R02_F01,2,1,7,3,tage,True,0.0,1.0,1,3
R02_F01,2,1,7,4,Zn,False,1.0,1.0,1,4
R02_F01,2,1,7,5,Mg,False,0.8554670079845973,1.0,1,5
R02_F01,2,1,7,6,Ti,False,0.487499434195184,1.0,1,6
R02_F01,2,1,7,7,Fe,False,0.4232483697794293,1.0,1,7
R02_F02,2,2,7,1,Tsol,True,0.5163331889516176,0.0,1,1
R02_F02,2,2,7,2,Tage,True,0.5187981025041845,0.0,1,2
R02_F02,2,2,7,3,tage,True,0.3503147078020937,0.0,1,3
R02_F02,2,2,7,4,Zn,False,1.0,0.0,1,4
R02_F02,2,2,7,5,Mg,False,0.4334327370803523,0.0,1,5
R02_F02,2,2,7,6,Cu,False,0.3710239658579707,0.0,1,6
R02_F02,2,2,7,7,Fe,False,0.254809081349676,0.0,1,7
R02_F03,2,3,7,1,Tsol,True,0.4758137566491996,0.0,1,1
R02_F03,2,3,7,2,Tage,True,0.3877030898019608,0.0,1,2
R02_F03,2,3,7,3,tage,True,0.2524939744701257,0.0,1,3
R02_F03,2,3,7,4,Zn,False,1.0,0.0,1,4
R02_F03,2,3,7,5,Mg,False,0.4156104622224952,0.0,1,5
R02_F03,2,3,7,6,Cu,False,0.3386129248746707,0.0,1,6
R02_F03,2,3,7,7,Ti,False,0.2554203188927008,0.0,1,7
R02_F04,2,4,7,1,Tsol,True,0.5910458854065818,0.25,1,1
R02_F04,2,4,7,2,Tage,True,0.5221083671976645,0.25,1,2
R02_F04,2,4,7,3,tage,True,0.2490569759710893,0.25,1,3
R02_F04,2,4,7,4,Zn,False,1.0,0.25,1,4
R02_F04,2,4,7,5,Mg,False,0.5463783506060146,0.25,1,5
R02_F04,2,4,7,6,Cu,False,0.3298192829581794,0.25,1,6
R02_F04,2,4,7,7,Ti,False,0.3066544138009547,0.25,1,7
R02_F05,2,5,7,1,Tsol,True,0.53303589751571,0.25,1,1
R02_F05,2,5,7,2,Tage,True,0.466270836127901,0.25,1,2
R02_F05,2,5,7,3,tage,True,0.2141392403306213,0.25,1,3
R02_F05,2,5,7,4,Zn,False,1.0,0.25,1,4
R02_F05,2,5,7,5,Mg,False,0.5552939074293727,0.25,1,5
R02_F05,2,5,7,6,Cu,False,0.3064402239347907,0.25,1,6
R02_F05,2,5,7,7,Ti,False,0.229667769393168,0.25,1,7
R03_F01,3,1,7,1,Tsol,True,0.550987528371025,0.25,1,1
R03_F01,3,1,7,2,Tage,True,0.4195834087146857,0.25,1,2
R03_F01,3,1,7,3,tage,True,0.2096772074355151,0.25,1,3
R03_F01,3,1,7,4,Zn,False,1.0,0.25,1,4
R03_F01,3,1,7,5,Mg,False,0.509883115886623,0.25,1,5
R03_F01,3,1,7,6,Cu,False,0.3228975548756905,0.25,1,6
R03_F01,3,1,7,7,Fe,False,0.2587282719005432,0.25,1,7
R03_F02,3,2,7,1,Tsol,True,0.5256426726919364,0.25,1,1
R03_F02,3,2,7,2,Tage,True,0.434688948846513,0.25,1,2
R03_F02,3,2,7,3,tage,True,0.2064089920614234,0.25,1,3
R03_F02,3,2,7,4,Zn,False,1.0,0.25,1,4
R03_F02,3,2,7,5,Mg,False,0.5526535056671767,0.25,1,5
R03_F02,3,2,7,6,Cu,False,0.2972856747580132,0.25,1,6
R03_F02,3,2,7,7,Ti,False,0.2747872979722274,0.25,1,7
R03_F03,3,3,7,1,Tsol,True,0.720482014048018,0.75,1,1
R03_F03,3,3,7,2,Tage,True,0.3936547238230212,0.75,1,2
R03_F03,3,3,7,3,tage,True,0.0795790042262955,0.75,1,3
R03_F03,3,3,7,4,Zn,False,1.0,0.75,1,4
R03_F03,3,3,7,5,Mg,False,0.709303902688839,0.75,1,5
R03_F03,3,3,7,6,Ti,False,0.39196433765148,0.75,1,6
R03_F03,3,3,7,7,Si,False,0.3384656148077242,0.75,1,7
R03_F04,3,4,7,1,Tsol,True,0.6996966162088041,0.5,1,1
R03_F04,3,4,7,2,Tage,True,0.4538492706304615,0.5,1,2
R03_F04,3,4,7,3,tage,True,0.1754169201667544,0.5,1,3
R03_F04,3,4,7,4,Zn,False,1.0,0.5,1,4
R03_F04,3,4,7,5,Mg,False,0.6991674659302445,0.5,1,5
R03_F04,3,4,7,6,Ti,False,0.3870291667281786,0.5,1,6
R03_F04,3,4,7,7,Cu,False,0.3615163728209067,0.5,1,7
R03_F05,3,5,7,1,Tsol,True,0.511150192511252,0.0,1,1
R03_F05,3,5,7,2,Tage,True,0.474668737747642,0.0,1,2
R03_F05,3,5,7,3,tage,True,0.2966306857466028,0.0,1,3
R03_F05,3,5,7,4,Zn,False,1.0,0.0,1,4
R03_F05,3,5,7,5,Mg,False,0.4733023500979181,0.0,1,5
R03_F05,3,5,7,6,Cu,False,0.3060525375387758,0.0,1,6
R03_F05,3,5,7,7,Fe,False,0.2722013981670636,0.0,1,7
R04_F01,4,1,7,1,Tsol,True,0.5022591901715263,0.0,1,1
R04_F01,4,1,7,2,Tage,True,0.5389150466383356,0.0,1,2
R04_F01,4,1,7,3,tage,True,0.3576045105307323,0.0,1,3
R04_F01,4,1,7,4,Zn,False,1.0,0.0,1,4
R04_F01,4,1,7,5,Mg,False,0.4516219718329783,0.0,1,5
R04_F01,4,1,7,6,Cu,False,0.3524092841714984,0.0,1,6
R04_F01,4,1,7,7,Ti,False,0.2442649368827135,0.0,1,7
R04_F02,4,2,7,1,Tsol,True,0.5365929131149263,0.25,1,1
R04_F02,4,2,7,2,Tage,True,0.417725819338638,0.25,1,2
R04_F02,4,2,7,3,tage,True,0.1958245437159396,0.25,1,3
R04_F02,4,2,7,4,Zn,False,1.0,0.25,1,4
R04_F02,4,2,7,5,Mg,False,0.5663431786066221,0.25,1,5
R04_F02,4,2,7,6,Cu,False,0.31293147649913,0.25,1,6
R04_F02,4,2,7,7,Ti,False,0.2548802591967017,0.25,1,7
R04_F03,4,3,7,1,Tsol,True,0.6707521736477061,0.25,1,1
R04_F03,4,3,7,2,Tage,True,0.5214818552277922,0.25,1,2
R04_F03,4,3,7,3,tage,True,0.2969303963204057,0.25,1,3
R04_F03,4,3,7,4,Zn,False,1.0,0.25,1,4
R04_F03,4,3,7,5,Mg,False,0.6104250045666156,0.25,1,5
R04_F03,4,3,7,6,Cu,False,0.3693901858597532,0.25,1,6
R04_F03,4,3,7,7,Ti,False,0.3410599296877037,0.25,1,7
R04_F04,4,4,7,1,Tsol,True,0.5647545998798256,0.25,1,1
R04_F04,4,4,7,2,Tage,True,0.3889626081571083,0.25,1,2
R04_F04,4,4,7,3,tage,True,0.1742974461853887,0.25,1,3
R04_F04,4,4,7,4,Zn,False,1.0,0.25,1,4
R04_F04,4,4,7,5,Mg,False,0.525460048216627,0.25,1,5
R04_F04,4,4,7,6,Cu,False,0.28028319031898,0.25,1,6
R04_F04,4,4,7,7,Ti,False,0.2657988585064788,0.25,1,7
R04_F05,4,5,7,1,Tsol,True,0.6704093071287938,0.25,1,1
R04_F05,4,5,7,2,Tage,True,0.5332194765116092,0.25,1,2
R04_F05,4,5,7,3,tage,True,0.2346257975792434,0.25,1,3
R04_F05,4,5,7,4,Zn,False,1.0,0.25,1,4
R04_F05,4,5,7,5,Mg,False,0.5587073794960967,0.25,1,5
R04_F05,4,5,7,6,Cu,False,0.3460493290432939,0.25,1,6
R04_F05,4,5,7,7,Ti,False,0.3172243713860717,0.25,1,7
R05_F01,5,1,7,1,Tsol,True,0.5152121305810505,0.0,1,1
R05_F01,5,1,7,2,Tage,True,0.4304393058491954,0.0,1,2
R05_F01,5,1,7,3,tage,True,0.3525536671145463,0.0,1,3
R05_F01,5,1,7,4,Zn,False,1.0,0.0,1,4
R05_F01,5,1,7,5,Mg,False,0.4676391791950493,0.0,1,5
R05_F01,5,1,7,6,Cu,False,0.3495775651762086,0.0,1,6
R05_F01,5,1,7,7,Zr,False,0.2362216643471768,0.0,1,7
R05_F02,5,2,7,1,Tsol,True,0.5750749317557096,0.25,1,1
R05_F02,5,2,7,2,Tage,True,0.4965396164392598,0.25,1,2
R05_F02,5,2,7,3,tage,True,0.2490843847738546,0.25,1,3
R05_F02,5,2,7,4,Zn,False,1.0,0.25,1,4
R05_F02,5,2,7,5,Mg,False,0.5142406328475102,0.25,1,5
R05_F02,5,2,7,6,Cu,False,0.3065355159003968,0.25,1,6
R05_F02,5,2,7,7,Ti,False,0.3018098044773356,0.25,1,7
R05_F03,5,3,7,1,Tsol,True,0.7105593424819368,0.75,1,1
R05_F03,5,3,7,2,Tage,True,0.4321618434863755,0.75,1,2
R05_F03,5,3,7,3,tage,True,0.0865948944443532,0.75,1,3
R05_F03,5,3,7,4,Zn,False,1.0,0.75,1,4
R05_F03,5,3,7,5,Mg,False,0.791466368696227,0.75,1,5
R05_F03,5,3,7,6,Ti,False,0.4058508080446237,0.75,1,6
R05_F03,5,3,7,7,Si,False,0.3902223268053681,0.75,1,7
R05_F04,5,4,7,1,Tsol,True,0.6029318175719253,0.25,1,1
R05_F04,5,4,7,2,Tage,True,0.4980521257725414,0.25,1,2
R05_F04,5,4,7,3,tage,True,0.2332143381368911,0.25,1,3
R05_F04,5,4,7,4,Zn,False,1.0,0.25,1,4
R05_F04,5,4,7,5,Mg,False,0.5533053323507257,0.25,1,5
R05_F04,5,4,7,6,Cu,False,0.3256268993605756,0.25,1,6
R05_F04,5,4,7,7,Ti,False,0.280677678070714,0.25,1,7
R05_F05,5,5,7,1,Tsol,True,0.5937077559652291,0.25,1,1
R05_F05,5,5,7,2,Tage,True,0.4441948638640206,0.25,1,2
R05_F05,5,5,7,3,tage,True,0.1984621090882083,0.25,1,3
R05_F05,5,5,7,4,Zn,False,1.0,0.25,1,4
R05_F05,5,5,7,5,Mg,False,0.5556415136351587,0.25,1,5
R05_F05,5,5,7,6,Cu,False,0.3074977200314823,0.25,1,6
R05_F05,5,5,7,7,Ti,False,0.2999595891620772,0.25,1,7
R01_F01,1,1,8,1,Tsol,True,0.5134958636481454,0.0,1,1
R01_F01,1,1,8,2,Tage,True,0.48419265741596,0.0,1,2
R01_F01,1,1,8,3,tage,True,0.278386613165626,0.0,1,3
R01_F01,1,1,8,4,Zn,False,1.0,0.0,1,4
R01_F01,1,1,8,5,Mg,False,0.4778406691631313,0.0,1,5
R01_F01,1,1,8,6,Cu,False,0.3076720579078603,0.0,1,6
R01_F01,1,1,8,7,Fe,False,0.2228856662947742,0.0,1,7
R01_F01,1,1,8,8,Ti,False,0.2107038872011689,0.0,1,8
R01_F02,1,2,8,1,Tsol,True,0.4433217663364101,0.0,1,1
R01_F02,1,2,8,2,Tage,True,0.5020519364422101,0.0,1,2
R01_F02,1,2,8,3,tage,True,0.2910905242799361,0.0,1,3
R01_F02,1,2,8,4,Zn,False,1.0,0.0,1,4
R01_F02,1,2,8,5,Mg,False,0.4121051691490014,0.0,1,5
R01_F02,1,2,8,6,Cu,False,0.2941492482536009,0.0,1,6
R01_F02,1,2,8,7,Ti,False,0.1843312425853808,0.0,1,7
R01_F02,1,2,8,8,Fe,False,0.1652939803825845,0.0,1,8
R01_F03,1,3,8,1,Tsol,True,0.4827195660635542,0.0,1,1
R01_F03,1,3,8,2,Tage,True,0.4164023963489285,0.0,1,2
R01_F03,1,3,8,3,tage,True,0.2605582205443694,0.0,1,3
R01_F03,1,3,8,4,Zn,False,1.0,0.0,1,4
R01_F03,1,3,8,5,Mg,False,0.4688616785882789,0.0,1,5
R01_F03,1,3,8,6,Ti,False,0.3370461480515311,0.0,1,6
R01_F03,1,3,8,7,Cu,False,0.3167559899258838,0.0,1,7
R01_F03,1,3,8,8,Fe,False,0.228397069286914,0.0,1,8
R01_F04,1,4,8,1,Tsol,True,0.5217913300631152,0.0,1,1
R01_F04,1,4,8,2,Tage,True,0.5488465937579065,0.0,1,2
R01_F04,1,4,8,3,tage,True,0.3577790750740917,0.0,1,3
R01_F04,1,4,8,4,Zn,False,1.0,0.0,1,4
R01_F04,1,4,8,5,Mg,False,0.4538943217607033,0.0,1,5
R01_F04,1,4,8,6,Cu,False,0.3823939279642519,0.0,1,6
R01_F04,1,4,8,7,Zr,False,0.2304564991233677,0.0,1,7
R01_F04,1,4,8,8,Ti,False,0.2248055762301718,0.0,1,8
R01_F05,1,5,8,1,Tsol,True,0.810756983047903,1.0,1,1
R01_F05,1,5,8,2,Tage,True,0.3509326911618696,1.0,1,2
R01_F05,1,5,8,3,tage,True,0.0,1.0,1,3
R01_F05,1,5,8,4,Zn,False,1.0,1.0,1,4
R01_F05,1,5,8,5,Mg,False,0.8627371056388407,1.0,1,5
R01_F05,1,5,8,6,Sc,False,0.4825840576948875,1.0,1,6
R01_F05,1,5,8,7,Fe,False,0.4586568386507369,1.0,1,7
R01_F05,1,5,8,8,Ti,False,0.4555239566016482,1.0,1,8
R02_F01,2,1,8,1,Tsol,True,0.513595600564193,0.0,1,1
R02_F01,2,1,8,2,Tage,True,0.4777957889936388,0.0,1,2
R02_F01,2,1,8,3,tage,True,0.3373205741227759,0.0,1,3
R02_F01,2,1,8,4,Zn,False,1.0,0.0,1,4
R02_F01,2,1,8,5,Mg,False,0.4896805661628935,0.0,1,5
R02_F01,2,1,8,6,Ti,False,0.3184400085102931,0.0,1,6
R02_F01,2,1,8,7,Cu,False,0.2988527946535412,0.0,1,7
R02_F01,2,1,8,8,Fe,False,0.2379656975201113,0.0,1,8
R02_F02,2,2,8,1,Tsol,True,0.5163331889516176,0.0,1,1
R02_F02,2,2,8,2,Tage,True,0.5187981025041845,0.0,1,2
R02_F02,2,2,8,3,tage,True,0.3503147078020937,0.0,1,3
R02_F02,2,2,8,4,Zn,False,1.0,0.0,1,4
R02_F02,2,2,8,5,Mg,False,0.4334327370803523,0.0,1,5
R02_F02,2,2,8,6,Cu,False,0.3710239658579707,0.0,1,6
R02_F02,2,2,8,7,Fe,False,0.254809081349676,0.0,1,7
R02_F02,2,2,8,8,Zr,False,0.240832076374588,0.0,1,8
R02_F03,2,3,8,1,Tsol,True,0.5510451822861291,0.25,1,1
R02_F03,2,3,8,2,Tage,True,0.3904578923023621,0.25,1,2
R02_F03,2,3,8,3,tage,True,0.1893704808525942,0.25,1,3
R02_F03,2,3,8,4,Zn,False,1.0,0.25,1,4
R02_F03,2,3,8,5,Mg,False,0.521235566258515,0.25,1,5
R02_F03,2,3,8,6,Cu,False,0.3299844463819086,0.25,1,6
R02_F03,2,3,8,7,Ti,False,0.3092828522951322,0.25,1,7
R02_F03,2,3,8,8,Fe,False,0.2708035762792475,0.25,1,8
R02_F04,2,4,8,1,Tsol,True,0.5910458854065818,0.25,1,1
R02_F04,2,4,8,2,Tage,True,0.5221083671976645,0.25,1,2
R02_F04,2,4,8,3,tage,True,0.2490569759710893,0.25,1,3
R02_F04,2,4,8,4,Zn,False,1.0,0.25,1,4
R02_F04,2,4,8,5,Mg,False,0.5463783506060146,0.25,1,5
R02_F04,2,4,8,6,Cu,False,0.3298192829581794,0.25,1,6
R02_F04,2,4,8,7,Ti,False,0.3066544138009547,0.25,1,7
R02_F04,2,4,8,8,Zr,False,0.2495544187394612,0.25,1,8
R02_F05,2,5,8,1,Tsol,True,0.8198813572180262,1.0,1,1
R02_F05,2,5,8,2,Tage,True,0.5012302159231773,1.0,1,2
R02_F05,2,5,8,3,tage,True,0.0,1.0,1,3
R02_F05,2,5,8,4,Zn,False,1.0,1.0,1,4
R02_F05,2,5,8,5,Mg,False,0.8657883324869029,1.0,1,5
R02_F05,2,5,8,6,Ti,False,0.457012770292652,1.0,1,6
R02_F05,2,5,8,7,Si,False,0.4418993440835827,1.0,1,7
R02_F05,2,5,8,8,Sc,False,0.4084324922817706,1.0,1,8
R03_F01,3,1,8,1,Tsol,True,0.550987528371025,0.25,1,1
R03_F01,3,1,8,2,Tage,True,0.4195834087146857,0.25,1,2
R03_F01,3,1,8,3,tage,True,0.2096772074355151,0.25,1,3
R03_F01,3,1,8,4,Zn,False,1.0,0.25,1,4
R03_F01,3,1,8,5,Mg,False,0.509883115886623,0.25,1,5
R03_F01,3,1,8,6,Cu,False,0.3228975548756905,0.25,1,6
R03_F01,3,1,8,7,Fe,False,0.2587282719005432,0.25,1,7
R03_F01,3,1,8,8,Ti,False,0.237820894876891,0.25,1,8
R03_F02,3,2,8,1,Tsol,True,0.6704319984867595,0.75,1,1
R03_F02,3,2,8,2,Tage,True,0.4099430558057521,0.75,1,2
R03_F02,3,2,8,3,tage,True,0.0688029973538078,0.75,1,3
R03_F02,3,2,8,4,Zn,False,1.0,0.75,1,4
R03_F02,3,2,8,5,Mg,False,0.7470429841859629,0.75,1,5
R03_F02,3,2,8,6,Ti,False,0.3721780179112897,0.75,1,6
R03_F02,3,2,8,7,Fe,False,0.3567563856314967,0.75,1,7
R03_F02,3,2,8,8,Si,False,0.3317748354400816,0.75,1,8
R03_F03,3,3,8,1,Tsol,True,0.5193917509611272,0.0,1,1
R03_F03,3,3,8,2,Tage,True,0.5202467506243533,0.0,1,2
R03_F03,3,3,8,3,tage,True,0.3183160169051823,0.0,1,3
R03_F03,3,3,8,4,Zn,False,1.0,0.0,1,4
R03_F03,3,3,8,5,Mg,False,0.3972089454483737,0.0,1,5
R03_F03,3,3,8,6,Cu,False,0.2919344331003111,0.0,1,6
R03_F03,3,3,8,7,Ti,False,0.2416210870614199,0.0,1,7
R03_F03,3,3,8,8,Zr,False,0.1923237112809195,0.0,1,8
R03_F04,3,4,8,1,Tsol,True,0.6031333794171013,0.0,1,1
R03_F04,3,4,8,2,Tage,True,0.547637852192866,0.0,1,2
R03_F04,3,4,8,3,tage,True,0.3508338403335089,0.0,1,3
R03_F04,3,4,8,4,Zn,False,1.0,0.0,1,4
R03_F04,3,4,8,5,Mg,False,0.5010262579372777,0.0,1,5
R03_F04,3,4,8,6,Cu,False,0.4294946721687888,0.0,1,6
R03_F04,3,4,8,7,Ti,False,0.2805571854151015,0.0,1,7
R03_F04,3,4,8,8,Zr,False,0.2239496662576132,0.0,1,8
R03_F05,3,5,8,1,Tsol,True,0.5777316605053209,0.25,1,1
R03_F05,3,5,8,2,Tage,True,0.4634655774455765,0.25,1,2
R03_F05,3,5,8,3,tage,True,0.2224730143099521,0.25,1,3
R03_F05,3,5,8,4,Zn,False,1.0,0.25,1,4
R03_F05,3,5,8,5,Mg,False,0.5668970509396735,0.25,1,5
R03_F05,3,5,8,6,Fe,False,0.3173215777570432,0.25,1,6
R03_F05,3,5,8,7,Ti,False,0.3099399541303075,0.25,1,7
R03_F05,3,5,8,8,Cu,False,0.2983710273651705,0.25,1,8
R04_F01,4,1,8,1,Tsol,True,0.5633022103244046,0.25,1,1
R04_F01,4,1,8,2,Tage,True,0.5038618075718828,0.25,1,2
R04_F01,4,1,8,3,tage,True,0.2682033828980492,0.25,1,3
R04_F01,4,1,8,4,Zn,False,1.0,0.25,1,4
R04_F01,4,1,8,5,Mg,False,0.5458728100391066,0.25,1,5
R04_F01,4,1,8,6,Cu,False,0.3469771203977599,0.25,1,6
R04_F01,4,1,8,7,Ti,False,0.305961067529124,0.25,1,7
R04_F01,4,1,8,8,Fe,False,0.2794786521946637,0.25,1,8
R04_F02,4,2,8,1,Tsol,True,0.6012809304498736,0.5,1,1
R04_F02,4,2,8,2,Tage,True,0.4447216874312106,0.5,1,2
R04_F02,4,2,8,3,tage,True,0.1305496958106264,0.5,1,3
R04_F02,4,2,8,4,Zn,False,1.0,0.5,1,4
R04_F02,4,2,8,5,Mg,False,0.6602713433898046,0.5,1,5
R04_F02,4,2,8,6,Cu,False,0.3184974381110471,0.5,1,6
R04_F02,4,2,8,7,Ti,False,0.3006780991157764,0.5,1,7
R04_F02,4,2,8,8,Si,False,0.2894627852401635,0.5,1,8
R04_F03,4,3,8,1,Tsol,True,0.6141101999803606,0.0,1,1
R04_F03,4,3,8,2,Tage,True,0.5635795081570761,0.0,1,2
R04_F03,4,3,8,3,tage,True,0.3959071950938742,0.0,1,3
R04_F03,4,3,8,4,Zn,False,1.0,0.0,1,4
R04_F03,4,3,8,5,Mg,False,0.5250231433176534,0.0,1,5
R04_F03,4,3,8,6,Cu,False,0.391441185260272,0.0,1,6
R04_F03,4,3,8,7,Ti,False,0.2893293445902875,0.0,1,7
R04_F03,4,3,8,8,Fe,False,0.2488682515307951,0.0,1,8
R04_F04,4,4,8,1,Tsol,True,0.5647545998798256,0.25,1,1
R04_F04,4,4,8,2,Tage,True,0.3889626081571083,0.25,1,2
R04_F04,4,4,8,3,tage,True,0.1742974461853887,0.25,1,3
R04_F04,4,4,8,4,Zn,False,1.0,0.25,1,4
R04_F04,4,4,8,5,Mg,False,0.525460048216627,0.25,1,5
R04_F04,4,4,8,6,Cu,False,0.28028319031898,0.25,1,6
R04_F04,4,4,8,7,Ti,False,0.2657988585064788,0.25,1,7
R04_F04,4,4,8,8,Zr,False,0.2458751138786108,0.25,1,8
R04_F05,4,5,8,1,Tsol,True,0.6704093071287938,0.25,1,1
R04_F05,4,5,8,2,Tage,True,0.5332194765116092,0.25,1,2
R04_F05,4,5,8,3,tage,True,0.2346257975792434,0.25,1,3
R04_F05,4,5,8,4,Zn,False,1.0,0.25,1,4
R04_F05,4,5,8,5,Mg,False,0.5587073794960967,0.25,1,5
R04_F05,4,5,8,6,Cu,False,0.3460493290432939,0.25,1,6
R04_F05,4,5,8,7,Ti,False,0.3172243713860717,0.25,1,7
R04_F05,4,5,8,8,Zr,False,0.2720633904229164,0.25,1,8
R05_F01,5,1,8,1,Tsol,True,0.6488701774305103,0.5,1,1
R05_F01,5,1,8,2,Tage,True,0.4220042272722251,0.5,1,2
R05_F01,5,1,8,3,tage,True,0.1762768335572731,0.5,1,3
R05_F01,5,1,8,4,Zn,False,1.0,0.5,1,4
R05_F01,5,1,8,5,Mg,False,0.6481745355460055,0.5,1,5
R05_F01,5,1,8,6,Ti,False,0.339961579739242,0.5,1,6
R05_F01,5,1,8,7,Cu,False,0.3278570809693831,0.5,1,7
R05_F01,5,1,8,8,Fe,False,0.3217245096605096,0.5,1,8
R05_F02,5,2,8,1,Tsol,True,0.5750749317557096,0.25,1,1
R05_F02,5,2,8,2,Tage,True,0.4965396164392598,0.25,1,2
R05_F02,5,2,8,3,tage,True,0.2490843847738546,0.25,1,3
R05_F02,5,2,8,4,Zn,False,1.0,0.25,1,4
R05_F02,5,2,8,5,Mg,False,0.5142406328475102,0.25,1,5
R05_F02,5,2,8,6,Cu,False,0.3065355159003968,0.25,1,6
R05_F02,5,2,8,7,Ti,False,0.3018098044773356,0.25,1,7
R05_F02,5,2,8,8,Fe,False,0.2630691732312595,0.25,1,8
R05_F03,5,3,8,1,Tsol,True,0.5362999194593941,0.0,1,1
R05_F03,5,3,8,2,Tage,True,0.552401321964656,0.0,1,2
R05_F03,5,3,8,3,tage,True,0.3463795777774131,0.0,1,3
R05_F03,5,3,8,4,Zn,False,1.0,0.0,1,4
R05_F03,5,3,8,5,Mg,False,0.5404369126694714,0.0,1,5
R05_F03,5,3,8,6,Cu,False,0.3629753271357249,0.0,1,6
R05_F03,5,3,8,7,Ti,False,0.2672284370078847,0.0,1,7
R05_F03,5,3,8,8,Fe,False,0.2044755005330645,0.0,1,8
R05_F04,5,4,8,1,Tsol,True,0.6029318175719253,0.25,1,1
R05_F04,5,4,8,2,Tage,True,0.4980521257725414,0.25,1,2
R05_F04,5,4,8,3,tage,True,0.2332143381368911,0.25,1,3
R05_F04,5,4,8,4,Zn,False,1.0,0.25,1,4
R05_F04,5,4,8,5,Mg,False,0.5533053323507257,0.25,1,5
R05_F04,5,4,8,6,Cu,False,0.3256268993605756,0.25,1,6
R05_F04,5,4,8,7,Ti,False,0.280677678070714,0.25,1,7
R05_F04,5,4,8,8,Zr,False,0.2600970503174265,0.25,1,8
R05_F05,5,5,8,1,Tsol,True,0.5937077559652291,0.25,1,1
R05_F05,5,5,8,2,Tage,True,0.4441948638640206,0.25,1,2
R05_F05,5,5,8,3,tage,True,0.1984621090882083,0.25,1,3
R05_F05,5,5,8,4,Zn,False,1.0,0.25,1,4
R05_F05,5,5,8,5,Mg,False,0.5556415136351587,0.25,1,5
R05_F05,5,5,8,6,Cu,False,0.3074977200314823,0.25,1,6
R05_F05,5,5,8,7,Ti,False,0.2999595891620772,0.25,1,7
R05_F05,5,5,8,8,Fe,False,0.2977379613235306,0.25,1,8
R01_F01,1,1,9,1,Tsol,True,0.5134958636481454,0.0,1,1
R01_F01,1,1,9,2,Tage,True,0.48419265741596,0.0,1,2
R01_F01,1,1,9,3,tage,True,0.278386613165626,0.0,1,3
R01_F01,1,1,9,4,Zn,False,1.0,0.0,1,4
R01_F01,1,1,9,5,Mg,False,0.4778406691631313,0.0,1,5
R01_F01,1,1,9,6,Cu,False,0.3076720579078603,0.0,1,6
R01_F01,1,1,9,7,Fe,False,0.2228856662947742,0.0,1,7
R01_F01,1,1,9,8,Ti,False,0.2107038872011689,0.0,1,8
R01_F01,1,1,9,9,Zr,False,0.182144477817691,0.0,1,9
R01_F02,1,2,9,1,Tsol,True,0.6119658359043367,0.5,1,1
R01_F02,1,2,9,2,Tage,True,0.4557448895622639,0.5,1,2
R01_F02,1,2,9,3,tage,True,0.145545262139968,0.5,1,3
R01_F02,1,2,9,4,Zn,False,1.0,0.5,1,4
R01_F02,1,2,9,5,Mg,False,0.6258432320530664,0.5,1,5
R01_F02,1,2,9,6,Cu,False,0.3094158384841703,0.5,1,6
R01_F02,1,2,9,7,Ti,False,0.3066758540417358,0.5,1,7
R01_F02,1,2,9,8,Fe,False,0.2899708006013465,0.5,1,8
R01_F02,1,2,9,9,Si,False,0.2780330997903317,0.5,1,9
R01_F03,1,3,9,1,Tsol,True,0.4827195660635542,0.0,1,1
R01_F03,1,3,9,2,Tage,True,0.4164023963489285,0.0,1,2
R01_F03,1,3,9,3,tage,True,0.2605582205443694,0.0,1,3
R01_F03,1,3,9,4,Zn,False,1.0,0.0,1,4
R01_F03,1,3,9,5,Mg,False,0.4688616785882789,0.0,1,5
R01_F03,1,3,9,6,Ti,False,0.3370461480515311,0.0,1,6
R01_F03,1,3,9,7,Cu,False,0.3167559899258838,0.0,1,7
R01_F03,1,3,9,8,Fe,False,0.228397069286914,0.0,1,8
R01_F03,1,3,9,9,Zr,False,0.1810231255479263,0.0,1,9
R01_F04,1,4,9,1,Tsol,True,0.6496925163747844,0.5,1,1
R01_F04,1,4,9,2,Tage,True,0.4703511957823962,0.5,1,2
R01_F04,1,4,9,3,tage,True,0.1788895375370458,0.5,1,3
R01_F04,1,4,9,4,Zn,False,1.0,0.5,1,4
R01_F04,1,4,9,5,Mg,False,0.6517322020136376,0.5,1,5
R01_F04,1,4,9,6,Ti,False,0.331034891219466,0.5,1,6
R01_F04,1,4,9,7,Cu,False,0.3243156603064669,0.5,1,7
R01_F04,1,4,9,8,Zr,False,0.3016058798010994,0.5,1,8
R01_F04,1,4,9,9,Fe,False,0.2787339731021849,0.5,1,9
R01_F05,1,5,9,1,Tsol,True,0.5161313849325916,0.0,1,1
R01_F05,1,5,9,2,Tage,True,0.4681296351472541,0.0,1,2
R01_F05,1,5,9,3,tage,True,0.3019410923725403,0.0,1,3
R01_F05,1,5,9,4,Zn,False,1.0,0.0,1,4
R01_F05,1,5,9,5,Mg,False,0.4859842163248759,0.0,1,5
R01_F05,1,5,9,6,Cu,False,0.3674648839750202,0.0,1,6
R01_F05,1,5,9,7,Ti,False,0.2826272565095813,0.0,1,7
R01_F05,1,5,9,8,Fe,False,0.2331350576120491,0.0,1,8
R01_F05,1,5,9,9,Zr,False,0.2048247006943875,0.0,1,9
R02_F01,2,1,9,1,Tsol,True,0.513595600564193,0.0,1,1
R02_F01,2,1,9,2,Tage,True,0.4777957889936388,0.0,1,2
R02_F01,2,1,9,3,tage,True,0.3373205741227759,0.0,1,3
R02_F01,2,1,9,4,Zn,False,1.0,0.0,1,4
R02_F01,2,1,9,5,Mg,False,0.4896805661628935,0.0,1,5
R02_F01,2,1,9,6,Ti,False,0.3184400085102931,0.0,1,6
R02_F01,2,1,9,7,Cu,False,0.2988527946535412,0.0,1,7
R02_F01,2,1,9,8,Fe,False,0.2379656975201113,0.0,1,8
R02_F01,2,1,9,9,Zr,False,0.1830314629234134,0.0,1,9
R02_F02,2,2,9,1,Tsol,True,0.5808802864211686,0.25,1,1
R02_F02,2,2,9,2,Tage,True,0.4866292675693404,0.25,1,2
R02_F02,2,2,9,3,tage,True,0.2627360308515702,0.25,1,3
R02_F02,2,2,9,4,Zn,False,1.0,0.25,1,4
R02_F02,2,2,9,5,Mg,False,0.5308492267046515,0.25,1,5
R02_F02,2,2,9,6,Cu,False,0.3464727265890686,0.25,1,6
R02_F02,2,2,9,7,Fe,False,0.2936871870508811,0.25,1,7
R02_F02,2,2,9,8,Ti,False,0.274662956331944,0.25,1,8
R02_F02,2,2,9,9,Zr,False,0.2644980046102834,0.25,1,9
R02_F03,2,3,9,1,Tsol,True,0.5510451822861291,0.25,1,1
R02_F03,2,3,9,2,Tage,True,0.3904578923023621,0.25,1,2
R02_F03,2,3,9,3,tage,True,0.1893704808525942,0.25,1,3
R02_F03,2,3,9,4,Zn,False,1.0,0.25,1,4
R02_F03,2,3,9,5,Mg,False,0.521235566258515,0.25,1,5
R02_F03,2,3,9,6,Cu,False,0.3299844463819086,0.25,1,6
R02_F03,2,3,9,7,Ti,False,0.3092828522951322,0.25,1,7
R02_F03,2,3,9,8,Fe,False,0.2708035762792475,0.25,1,8
R02_F03,2,3,9,9,Zr,False,0.239781690716131,0.25,1,9
R02_F04,2,4,9,1,Tsol,True,0.5910458854065818,0.25,1,1
R02_F04,2,4,9,2,Tage,True,0.5221083671976645,0.25,1,2
R02_F04,2,4,9,3,tage,True,0.2490569759710893,0.25,1,3
R02_F04,2,4,9,4,Zn,False,1.0,0.25,1,4
R02_F04,2,4,9,5,Mg,False,0.5463783506060146,0.25,1,5
R02_F04,2,4,9,6,Cu,False,0.3298192829581794,0.25,1,6
R02_F04,2,4,9,7,Ti,False,0.3066544138009547,0.25,1,7
R02_F04,2,4,9,8,Zr,False,0.2495544187394612,0.25,1,8
R02_F04,2,4,9,9,Fe,False,0.231465447785769,0.25,1,9
R02_F05,2,5,9,1,Tsol,True,0.7242662039839208,0.75,1,1
R02_F05,2,5,9,2,Tage,True,0.4895770893247518,0.75,1,2
R02_F05,2,5,9,3,tage,True,0.0713797467768738,0.75,1,3
R02_F05,2,5,9,4,Zn,False,1.0,0.75,1,4
R02_F05,2,5,9,5,Mg,False,0.7622901908010594,0.75,1,5
R02_F05,2,5,9,6,Ti,False,0.3812311033261573,0.75,1,6
R02_F05,2,5,9,7,Si,False,0.3612662550337767,0.75,1,7
R02_F05,2,5,9,8,Cu,False,0.3566819125833077,0.75,1,8
R02_F05,2,5,9,9,Sc,False,0.3274715660887813,0.75,1,9
R03_F01,3,1,9,1,Tsol,True,0.7051652638858099,0.75,1,1
R03_F01,3,1,9,2,Tage,True,0.4244015916269287,0.75,1,2
R03_F01,3,1,9,3,tage,True,0.069892402478505,0.75,1,3
R03_F01,3,1,9,4,Zn,False,1.0,0.75,1,4
R03_F01,3,1,9,5,Mg,False,0.7354613953616355,0.75,1,5
R03_F01,3,1,9,6,Fe,False,0.3735807846979446,0.75,1,6
R03_F01,3,1,9,7,Ti,False,0.3730870821644521,0.75,1,7
R03_F01,3,1,9,8,Si,False,0.3582205584566451,0.75,1,8
R03_F01,3,1,9,9,Sc,False,0.342002855127816,0.75,1,9
R03_F02,3,2,9,1,Tsol,True,0.598037335589348,0.5,1,1
R03_F02,3,2,9,2,Tage,True,0.4223160023261326,0.5,1,2
R03_F02,3,2,9,3,tage,True,0.1376059947076156,0.5,1,3
R03_F02,3,2,9,4,Zn,False,1.0,0.5,1,4
R03_F02,3,2,9,5,Mg,False,0.6498482449265699,0.5,1,5
R03_F02,3,2,9,6,Ti,False,0.3234826579417585,0.5,1,6
R03_F02,3,2,9,7,Fe,False,0.3104603229328924,0.5,1,7
R03_F02,3,2,9,8,Cu,False,0.2866548384837249,0.5,1,8
R03_F02,3,2,9,9,Si,False,0.2607660479678196,0.5,1,9
R03_F03,3,3,9,1,Tsol,True,0.5193917509611272,0.0,1,1
R03_F03,3,3,9,2,Tage,True,0.5202467506243533,0.0,1,2
R03_F03,3,3,9,3,tage,True,0.3183160169051823,0.0,1,3
R03_F03,3,3,9,4,Zn,False,1.0,0.0,1,4
R03_F03,3,3,9,5,Mg,False,0.3972089454483737,0.0,1,5
R03_F03,3,3,9,6,Cu,False,0.2919344331003111,0.0,1,6
R03_F03,3,3,9,7,Ti,False,0.2416210870614199,0.0,1,7
R03_F03,3,3,9,8,Zr,False,0.1923237112809195,0.0,1,8
R03_F03,3,3,9,9,Fe,False,0.1777829600492031,0.0,1,9
R03_F04,3,4,9,1,Tsol,True,0.6031333794171013,0.0,1,1
R03_F04,3,4,9,2,Tage,True,0.547637852192866,0.0,1,2
R03_F04,3,4,9,3,tage,True,0.3508338403335089,0.0,1,3
R03_F04,3,4,9,4,Zn,False,1.0,0.0,1,4
R03_F04,3,4,9,5,Mg,False,0.5010262579372777,0.0,1,5
R03_F04,3,4,9,6,Cu,False,0.4294946721687888,0.0,1,6
R03_F04,3,4,9,7,Ti,False,0.2805571854151015,0.0,1,7
R03_F04,3,4,9,8,Zr,False,0.2239496662576132,0.0,1,8
R03_F04,3,4,9,9,Fe,False,0.2050758247942751,0.0,1,9
R03_F05,3,5,9,1,Tsol,True,0.5777316605053209,0.25,1,1
R03_F05,3,5,9,2,Tage,True,0.4634655774455765,0.25,1,2
R03_F05,3,5,9,3,tage,True,0.2224730143099521,0.25,1,3
R03_F05,3,5,9,4,Zn,False,1.0,0.25,1,4
R03_F05,3,5,9,5,Mg,False,0.5668970509396735,0.25,1,5
R03_F05,3,5,9,6,Fe,False,0.3173215777570432,0.25,1,6
R03_F05,3,5,9,7,Ti,False,0.3099399541303075,0.25,1,7
R03_F05,3,5,9,8,Cu,False,0.2983710273651705,0.25,1,8
R03_F05,3,5,9,9,Zr,False,0.2513827493825158,0.25,1,9
R04_F01,4,1,9,1,Tsol,True,0.5633022103244046,0.25,1,1
R04_F01,4,1,9,2,Tage,True,0.5038618075718828,0.25,1,2
R04_F01,4,1,9,3,tage,True,0.2682033828980492,0.25,1,3
R04_F01,4,1,9,4,Zn,False,1.0,0.25,1,4
R04_F01,4,1,9,5,Mg,False,0.5458728100391066,0.25,1,5
R04_F01,4,1,9,6,Cu,False,0.3469771203977599,0.25,1,6
R04_F01,4,1,9,7,Ti,False,0.305961067529124,0.25,1,7
R04_F01,4,1,9,8,Fe,False,0.2794786521946637,0.25,1,8
R04_F01,4,1,9,9,Si,False,0.2206601834803052,0.25,1,9
R04_F02,4,2,9,1,Tsol,True,0.6012809304498736,0.5,1,1
R04_F02,4,2,9,2,Tage,True,0.4447216874312106,0.5,1,2
R04_F02,4,2,9,3,tage,True,0.1305496958106264,0.5,1,3
R04_F02,4,2,9,4,Zn,False,1.0,0.5,1,4
R04_F02,4,2,9,5,Mg,False,0.6602713433898046,0.5,1,5
R04_F02,4,2,9,6,Cu,False,0.3184974381110471,0.5,1,6
R04_F02,4,2,9,7,Ti,False,0.3006780991157764,0.5,1,7
R04_F02,4,2,9,8,Si,False,0.2894627852401635,0.5,1,8
R04_F02,4,2,9,9,Fe,False,0.2709725805576747,0.5,1,9
R04_F03,4,3,9,1,Tsol,True,0.6707521736477061,0.25,1,1
R04_F03,4,3,9,2,Tage,True,0.5214818552277922,0.25,1,2
R04_F03,4,3,9,3,tage,True,0.2969303963204057,0.25,1,3
R04_F03,4,3,9,4,Zn,False,1.0,0.25,1,4
R04_F03,4,3,9,5,Mg,False,0.6104250045666156,0.25,1,5
R04_F03,4,3,9,6,Cu,False,0.3693901858597532,0.25,1,6
R04_F03,4,3,9,7,Ti,False,0.3410599296877037,0.25,1,7
R04_F03,4,3,9,8,Fe,False,0.2992383982364291,0.25,1,8
R04_F03,4,3,9,9,Zr,False,0.2909387435254043,0.25,1,9
R04_F04,4,4,9,1,Tsol,True,0.4940376961758459,0.0,1,1
R04_F04,4,4,9,2,Tage,True,0.405872446726942,0.0,1,2
R04_F04,4,4,9,3,tage,True,0.2323965949138517,0.0,1,3
R04_F04,4,4,9,4,Zn,False,1.0,0.0,1,4
R04_F04,4,4,9,5,Mg,False,0.4222149268792067,0.0,1,5
R04_F04,4,4,9,6,Cu,False,0.2895492014861791,0.0,1,6
R04_F04,4,4,9,7,Ti,False,0.2013412237070508,0.0,1,7
R04_F04,4,4,9,8,Zr,False,0.1971982896288808,0.0,1,8
R04_F04,4,4,9,9,Fe,False,0.1623625571477669,0.0,1,9
R04_F05,4,5,9,1,Tsol,True,0.6704093071287938,0.25,1,1
R04_F05,4,5,9,2,Tage,True,0.5332194765116092,0.25,1,2
R04_F05,4,5,9,3,tage,True,0.2346257975792434,0.25,1,3
R04_F05,4,5,9,4,Zn,False,1.0,0.25,1,4
R04_F05,4,5,9,5,Mg,False,0.5587073794960967,0.25,1,5
R04_F05,4,5,9,6,Cu,False,0.3460493290432939,0.25,1,6
R04_F05,4,5,9,7,Ti,False,0.3172243713860717,0.25,1,7
R04_F05,4,5,9,8,Zr,False,0.2720633904229164,0.25,1,8
R04_F05,4,5,9,9,Fe,False,0.2482777780100718,0.25,1,9
R05_F01,5,1,9,1,Tsol,True,0.5820411540057805,0.25,1,1
R05_F01,5,1,9,2,Tage,True,0.4262217665607102,0.25,1,2
R05_F01,5,1,9,3,tage,True,0.2644152503359097,0.25,1,3
R05_F01,5,1,9,4,Zn,False,1.0,0.25,1,4
R05_F01,5,1,9,5,Mg,False,0.5579068573705274,0.25,1,5
R05_F01,5,1,9,6,Cu,False,0.3387173230727959,0.25,1,6
R05_F01,5,1,9,7,Zr,False,0.2789473411584809,0.25,1,7
R05_F01,5,1,9,8,Ti,False,0.2764650591484461,0.25,1,8
R05_F01,5,1,9,9,Fe,False,0.2657297603325597,0.25,1,9
R05_F02,5,2,9,1,Tsol,True,0.5750749317557096,0.25,1,1
R05_F02,5,2,9,2,Tage,True,0.4965396164392598,0.25,1,2
R05_F02,5,2,9,3,tage,True,0.2490843847738546,0.25,1,3
R05_F02,5,2,9,4,Zn,False,1.0,0.25,1,4
R05_F02,5,2,9,5,Mg,False,0.5142406328475102,0.25,1,5
R05_F02,5,2,9,6,Cu,False,0.3065355159003968,0.25,1,6
R05_F02,5,2,9,7,Ti,False,0.3018098044773356,0.25,1,7
R05_F02,5,2,9,8,Fe,False,0.2630691732312595,0.25,1,8
R05_F02,5,2,9,9,Si,False,0.197832120431171,0.25,1,9
R05_F03,5,3,9,1,Tsol,True,0.5943863938002417,0.25,1,1
R05_F03,5,3,9,2,Tage,True,0.5123214958052291,0.25,1,2
R05_F03,5,3,9,3,tage,True,0.2597846833330598,0.25,1,3
R05_F03,5,3,9,4,Zn,False,1.0,0.25,1,4
R05_F03,5,3,9,5,Mg,False,0.6241133980117233,0.25,1,5
R05_F03,5,3,9,6,Cu,False,0.3462404561540716,0.25,1,6
R05_F03,5,3,9,7,Ti,False,0.313435894020131,0.25,1,7
R05_F03,5,3,9,8,Fe,False,0.2632675271125042,0.25,1,8
R05_F03,5,3,9,9,Si,False,0.2314706981824212,0.25,1,9
R05_F04,5,4,9,1,Tsol,True,0.6029318175719253,0.25,1,1
R05_F04,5,4,9,2,Tage,True,0.4980521257725414,0.25,1,2
R05_F04,5,4,9,3,tage,True,0.2332143381368911,0.25,1,3
R05_F04,5,4,9,4,Zn,False,1.0,0.25,1,4
R05_F04,5,4,9,5,Mg,False,0.5533053323507257,0.25,1,5
R05_F04,5,4,9,6,Cu,False,0.3256268993605756,0.25,1,6
R05_F04,5,4,9,7,Ti,False,0.280677678070714,0.25,1,7
R05_F04,5,4,9,8,Zr,False,0.2600970503174265,0.25,1,8
R05_F04,5,4,9,9,Fe,False,0.229797737846674,0.25,1,9
R05_F05,5,5,9,1,Tsol,True,0.5937077559652291,0.25,1,1
R05_F05,5,5,9,2,Tage,True,0.4441948638640206,0.25,1,2
R05_F05,5,5,9,3,tage,True,0.1984621090882083,0.25,1,3
R05_F05,5,5,9,4,Zn,False,1.0,0.25,1,4
R05_F05,5,5,9,5,Mg,False,0.5556415136351587,0.25,1,5
R05_F05,5,5,9,6,Cu,False,0.3074977200314823,0.25,1,6
R05_F05,5,5,9,7,Ti,False,0.2999595891620772,0.25,1,7
R05_F05,5,5,9,8,Fe,False,0.2977379613235306,0.25,1,8
R05_F05,5,5,9,9,Zr,False,0.2705449720079083,0.25,1,9
R01_F01,1,1,10,1,Tsol,True,0.6476154138558118,0.5,1,1
R01_F01,1,1,10,2,Tage,True,0.4285307731653957,0.5,1,2
R01_F01,1,1,10,3,tage,True,0.139193306582813,0.5,1,3
R01_F01,1,1,10,4,Zn,False,1.0,0.5,1,4
R01_F01,1,1,10,5,Mg,False,0.6608986044525014,0.5,1,5
R01_F01,1,1,10,6,Ti,False,0.320122375589036,0.5,1,6
R01_F01,1,1,10,7,Cu,False,0.2993618168350263,0.5,1,7
R01_F01,1,1,10,8,Fe,False,0.2901367696413761,0.5,1,8
R01_F01,1,1,10,9,Si,False,0.2710889052241365,0.5,1,9
R01_F01,1,1,10,10,Sc,False,0.2441644853478706,0.5,1,10
R01_F02,1,2,10,1,Tsol,True,0.6119658359043367,0.5,1,1
R01_F02,1,2,10,2,Tage,True,0.4557448895622639,0.5,1,2
R01_F02,1,2,10,3,tage,True,0.145545262139968,0.5,1,3
R01_F02,1,2,10,4,Zn,False,1.0,0.5,1,4
R01_F02,1,2,10,5,Mg,False,0.6258432320530664,0.5,1,5
R01_F02,1,2,10,6,Cu,False,0.3094158384841703,0.5,1,6
R01_F02,1,2,10,7,Ti,False,0.3066758540417358,0.5,1,7
R01_F02,1,2,10,8,Fe,False,0.2899708006013465,0.5,1,8
R01_F02,1,2,10,9,Si,False,0.2780330997903317,0.5,1,9
R01_F02,1,2,10,10,Sc,False,0.2420595114267174,0.5,1,10
R01_F03,1,3,10,1,Tsol,True,0.6426615187499387,0.5,1,1
R01_F03,1,3,10,2,Tage,True,0.4236605575263259,0.5,1,2
R01_F03,1,3,10,3,tage,True,0.1302791102721847,0.5,1,3
R01_F03,1,3,10,4,Zn,False,1.0,0.5,1,4
R01_F03,1,3,10,5,Mg,False,0.6605394057262333,0.5,1,5
R01_F03,1,3,10,6,Ti,False,0.4234254606553153,0.5,1,6
R01_F03,1,3,10,7,Fe,False,0.3310158924155975,0.5,1,7
R01_F03,1,3,10,8,Cu,False,0.3231854078961079,0.5,1,8
R01_F03,1,3,10,9,Zr,False,0.2951759724679013,0.5,1,9
R01_F03,1,3,10,10,Sc,False,0.2832225656785307,0.5,1,10
R01_F04,1,4,10,1,Tsol,True,0.5857419232189498,0.25,1,1
R01_F04,1,4,10,2,Tage,True,0.5095988947701513,0.25,1,2
R01_F04,1,4,10,3,tage,True,0.2683343063055687,0.25,1,3
R01_F04,1,4,10,4,Zn,False,1.0,0.25,1,4
R01_F04,1,4,10,5,Mg,False,0.5528132618871704,0.25,1,5
R01_F04,1,4,10,6,Cu,False,0.3533547941353595,0.25,1,6
R01_F04,1,4,10,7,Ti,False,0.277920233724819,0.25,1,7
R01_F04,1,4,10,8,Zr,False,0.2660311894622336,0.25,1,8
R01_F04,1,4,10,9,Fe,False,0.2254343900162642,0.25,1,9
R01_F04,1,4,10,10,Si,False,0.1938422862753655,0.25,1,10
R01_F05,1,5,10,1,Tsol,True,0.7371005835190751,0.75,1,1
R01_F05,1,5,10,2,Tage,True,0.3802319271582157,0.75,1,2
R01_F05,1,5,10,3,tage,True,0.075485273093135,0.75,1,3
R01_F05,1,5,10,4,Zn,False,1.0,0.75,1,4
R01_F05,1,5,10,5,Mg,False,0.7685488833103494,0.75,1,5
R01_F05,1,5,10,6,Ti,False,0.4122997815786315,0.75,1,6
R01_F05,1,5,10,7,Fe,False,0.402276393391065,0.75,1,7
R01_F05,1,5,10,8,Sc,False,0.3835126600206544,0.75,1,8
R01_F05,1,5,10,9,Si,False,0.3407667693798221,0.75,1,9
R01_F05,1,5,10,10,Zr,False,0.325275572649057,0.75,1,10
R02_F01,2,1,10,1,Tsol,True,0.5737162132010319,0.25,1,1
R02_F01,2,1,10,2,Tage,True,0.4373048472498781,0.25,1,2
R02_F01,2,1,10,3,tage,True,0.2529904305920819,0.25,1,3
R02_F01,2,1,10,4,Zn,False,1.0,0.25,1,4
R02_F01,2,1,10,5,Mg,False,0.5811271766183195,0.25,1,5
R02_F01,2,1,10,6,Ti,False,0.3607048649315158,0.25,1,6
R02_F01,2,1,10,7,Fe,False,0.2842863655849408,0.25,1,7
R02_F01,2,1,10,8,Cu,False,0.2824682343646491,0.25,1,8
R02_F01,2,1,10,9,Zr,False,0.2195423841237356,0.25,1,9
R02_F01,2,1,10,10,Si,False,0.2140800352485145,0.25,1,10
R02_F02,2,2,10,1,Tsol,True,0.5808802864211686,0.25,1,1
R02_F02,2,2,10,2,Tage,True,0.4866292675693404,0.25,1,2
R02_F02,2,2,10,3,tage,True,0.2627360308515702,0.25,1,3
R02_F02,2,2,10,4,Zn,False,1.0,0.25,1,4
R02_F02,2,2,10,5,Mg,False,0.5308492267046515,0.25,1,5
R02_F02,2,2,10,6,Cu,False,0.3464727265890686,0.25,1,6
R02_F02,2,2,10,7,Fe,False,0.2936871870508811,0.25,1,7
R02_F02,2,2,10,8,Ti,False,0.274662956331944,0.25,1,8
R02_F02,2,2,10,9,Zr,False,0.2644980046102834,0.25,1,9
R02_F02,2,2,10,10,Si,False,0.2288023063552904,0.25,1,10
R02_F03,2,3,10,1,Tsol,True,0.5510451822861291,0.25,1,1
R02_F03,2,3,10,2,Tage,True,0.3904578923023621,0.25,1,2
R02_F03,2,3,10,3,tage,True,0.1893704808525942,0.25,1,3
R02_F03,2,3,10,4,Zn,False,1.0,0.25,1,4
R02_F03,2,3,10,5,Mg,False,0.521235566258515,0.25,1,5
R02_F03,2,3,10,6,Cu,False,0.3299844463819086,0.25,1,6
R02_F03,2,3,10,7,Ti,False,0.3092828522951322,0.25,1,7
R02_F03,2,3,10,8,Fe,False,0.2708035762792475,0.25,1,8
R02_F03,2,3,10,9,Zr,False,0.239781690716131,0.25,1,9
R02_F03,2,3,10,10,Cr,False,0.2287211630735517,0.25,1,10
R02_F04,2,4,10,1,Tsol,True,0.5910458854065818,0.25,1,1
R02_F04,2,4,10,2,Tage,True,0.5221083671976645,0.25,1,2
R02_F04,2,4,10,3,tage,True,0.2490569759710893,0.25,1,3
R02_F04,2,4,10,4,Zn,False,1.0,0.25,1,4
R02_F04,2,4,10,5,Mg,False,0.5463783506060146,0.25,1,5
R02_F04,2,4,10,6,Cu,False,0.3298192829581794,0.25,1,6
R02_F04,2,4,10,7,Ti,False,0.3066544138009547,0.25,1,7
R02_F04,2,4,10,8,Zr,False,0.2495544187394612,0.25,1,8
R02_F04,2,4,10,9,Fe,False,0.231465447785769,0.25,1,9
R02_F04,2,4,10,10,Sc,False,0.1995686292283921,0.25,1,10
R02_F05,2,5,10,1,Tsol,True,0.7242662039839208,0.75,1,1
R02_F05,2,5,10,2,Tage,True,0.4895770893247518,0.75,1,2
R02_F05,2,5,10,3,tage,True,0.0713797467768738,0.75,1,3
R02_F05,2,5,10,4,Zn,False,1.0,0.75,1,4
R02_F05,2,5,10,5,Mg,False,0.7622901908010594,0.75,1,5
R02_F05,2,5,10,6,Ti,False,0.3812311033261573,0.75,1,6
R02_F05,2,5,10,7,Si,False,0.3612662550337767,0.75,1,7
R02_F05,2,5,10,8,Cu,False,0.3566819125833077,0.75,1,8
R02_F05,2,5,10,9,Sc,False,0.3274715660887813,0.75,1,9
R02_F05,2,5,10,10,Fe,False,0.3223241866297375,0.75,1,10
R03_F01,3,1,10,1,Tsol,True,0.7822541316432023,1.0,1,1
R03_F01,3,1,10,2,Tage,True,0.4268106830830502,1.0,1,2
R03_F01,3,1,10,3,tage,True,0.0,1.0,1,3
R03_F01,3,1,10,4,Zn,False,1.0,1.0,1,4
R03_F01,3,1,10,5,Mg,False,0.8482505350991416,1.0,1,5
R03_F01,3,1,10,6,Ti,False,0.4407201758082326,1.0,1,6
R03_F01,3,1,10,7,Fe,False,0.4310070410966453,1.0,1,7
R03_F01,3,1,10,8,Si,False,0.4304284316357361,1.0,1,8
R03_F01,3,1,10,9,Sc,False,0.4109890238582301,1.0,1,9
R03_F01,3,1,10,10,Cu,False,0.34779505684487,1.0,1,10
R03_F02,3,2,10,1,Tsol,True,0.4532480097945249,0.0,1,1
R03_F02,3,2,10,2,Tage,True,0.4470618953668935,0.0,1,2
R03_F02,3,2,10,3,tage,True,0.2752119894152312,0.0,1,3
R03_F02,3,2,10,4,Zn,False,1.0,0.0,1,4
R03_F02,3,2,10,5,Mg,False,0.4554587664077836,0.0,1,5
R03_F02,3,2,10,6,Cu,False,0.3079165110323015,0.0,1,6
R03_F02,3,2,10,7,Ti,False,0.2260919380026962,0.0,1,7
R03_F02,3,2,10,8,Fe,False,0.2178681975356837,0.0,1,8
R03_F02,3,2,10,9,Zr,False,0.1612842004490441,0.0,1,9
R03_F02,3,2,10,10,Cr,False,0.1376956383261683,0.0,1,10
R03_F03,3,3,10,1,Tsol,True,0.5864218386567575,0.25,1,1
R03_F03,3,3,10,2,Tage,True,0.4780494083572426,0.25,1,2
R03_F03,3,3,10,3,tage,True,0.2387370126788867,0.25,1,3
R03_F03,3,3,10,4,Zn,False,1.0,0.25,1,4
R03_F03,3,3,10,5,Mg,False,0.5012405978618621,0.25,1,5
R03_F03,3,3,10,6,Cu,False,0.2958642688215243,0.25,1,6
R03_F03,3,3,10,7,Ti,False,0.2917355039247733,0.25,1,7
R03_F03,3,3,10,8,Fe,False,0.2312300448590315,0.25,1,8
R03_F03,3,3,10,9,Zr,False,0.2228953705562465,0.25,1,9
R03_F03,3,3,10,10,Si,False,0.1966159843257132,0.25,1,10
R03_F04,3,4,10,1,Tsol,True,0.6031333794171013,0.0,1,1
R03_F04,3,4,10,2,Tage,True,0.547637852192866,0.0,1,2
R03_F04,3,4,10,3,tage,True,0.3508338403335089,0.0,1,3
R03_F04,3,4,10,4,Zn,False,1.0,0.0,1,4
R03_F04,3,4,10,5,Mg,False,0.5010262579372777,0.0,1,5
R03_F04,3,4,10,6,Cu,False,0.4294946721687888,0.0,1,6
R03_F04,3,4,10,7,Ti,False,0.2805571854151015,0.0,1,7
R03_F04,3,4,10,8,Zr,False,0.2239496662576132,0.0,1,8
R03_F04,3,4,10,9,Fe,False,0.2050758247942751,0.0,1,9
R03_F04,3,4,10,10,Si,False,0.1678987587255622,0.0,1,10
R03_F05,3,5,10,1,Tsol,True,0.5777316605053209,0.25,1,1
R03_F05,3,5,10,2,Tage,True,0.4634655774455765,0.25,1,2
R03_F05,3,5,10,3,tage,True,0.2224730143099521,0.25,1,3
R03_F05,3,5,10,4,Zn,False,1.0,0.25,1,4
R03_F05,3,5,10,5,Mg,False,0.5668970509396735,0.25,1,5
R03_F05,3,5,10,6,Fe,False,0.3173215777570432,0.25,1,6
R03_F05,3,5,10,7,Ti,False,0.3099399541303075,0.25,1,7
R03_F05,3,5,10,8,Cu,False,0.2983710273651705,0.25,1,8
R03_F05,3,5,10,9,Zr,False,0.2513827493825158,0.25,1,9
R03_F05,3,5,10,10,Si,False,0.2262602087649151,0.25,1,10
R04_F01,4,1,10,1,Tsol,True,0.5022591901715263,0.0,1,1
R04_F01,4,1,10,2,Tage,True,0.5389150466383356,0.0,1,2
R04_F01,4,1,10,3,tage,True,0.3576045105307323,0.0,1,3
R04_F01,4,1,10,4,Zn,False,1.0,0.0,1,4
R04_F01,4,1,10,5,Mg,False,0.4516219718329783,0.0,1,5
R04_F01,4,1,10,6,Cu,False,0.3524092841714984,0.0,1,6
R04_F01,4,1,10,7,Ti,False,0.2442649368827135,0.0,1,7
R04_F01,4,1,10,8,Fe,False,0.217481930527417,0.0,1,8
R04_F01,4,1,10,9,Zr,False,0.1552621735562016,0.0,1,9
R04_F01,4,1,10,10,Mn,False,0.1462878284702105,0.0,1,10
R04_F02,4,2,10,1,Tsol,True,0.6659689477848211,0.75,1,1
R04_F02,4,2,10,2,Tage,True,0.4717175555237832,0.75,1,2
R04_F02,4,2,10,3,tage,True,0.0652748479053132,0.75,1,3
R04_F02,4,2,10,4,Zn,False,1.0,0.75,1,4
R04_F02,4,2,10,5,Mg,False,0.7541995081729873,0.75,1,5
R04_F02,4,2,10,6,Si,False,0.3617289749997997,0.75,1,6
R04_F02,4,2,10,7,Ti,False,0.3464759390348511,0.75,1,7
R04_F02,4,2,10,8,Cu,False,0.3240633997229641,0.75,1,8
R04_F02,4,2,10,9,Fe,False,0.3080682919488657,0.75,1,9
R04_F02,4,2,10,10,Sc,False,0.2940599558916976,0.75,1,10
R04_F03,4,3,10,1,Tsol,True,0.6707521736477061,0.25,1,1
R04_F03,4,3,10,2,Tage,True,0.5214818552277922,0.25,1,2
R04_F03,4,3,10,3,tage,True,0.2969303963204057,0.25,1,3
R04_F03,4,3,10,4,Zn,False,1.0,0.25,1,4
R04_F03,4,3,10,5,Mg,False,0.6104250045666156,0.25,1,5
R04_F03,4,3,10,6,Cu,False,0.3693901858597532,0.25,1,6
R04_F03,4,3,10,7,Ti,False,0.3410599296877037,0.25,1,7
R04_F03,4,3,10,8,Fe,False,0.2992383982364291,0.25,1,8
R04_F03,4,3,10,9,Zr,False,0.2909387435254043,0.25,1,9
R04_F03,4,3,10,10,Si,False,0.2138785134908635,0.25,1,10
R04_F04,4,4,10,1,Tsol,True,0.6354715035838051,0.5,1,1
R04_F04,4,4,10,2,Tage,True,0.3720527695872747,0.5,1,2
R04_F04,4,4,10,3,tage,True,0.1161982974569258,0.5,1,3
R04_F04,4,4,10,4,Zn,False,1.0,0.5,1,4
R04_F04,4,4,10,5,Mg,False,0.6287051695540471,0.5,1,5
R04_F04,4,4,10,6,Ti,False,0.3302564933059068,0.5,1,6
R04_F04,4,4,10,7,Zr,False,0.2945519381283408,0.5,1,7
R04_F04,4,4,10,8,Fe,False,0.2778128271874633,0.5,1,8
R04_F04,4,4,10,9,Sc,False,0.2715615570118002,0.5,1,9
R04_F04,4,4,10,10,Cu,False,0.2710171791517809,0.5,1,10
R04_F05,4,5,10,1,Tsol,True,0.6704093071287938,0.25,1,1
R04_F05,4,5,10,2,Tage,True,0.5332194765116092,0.25,1,2
R04_F05,4,5,10,3,tage,True,0.2346257975792434,0.25,1,3
R04_F05,4,5,10,4,Zn,False,1.0,0.25,1,4
R04_F05,4,5,10,5,Mg,False,0.5587073794960967,0.25,1,5
R04_F05,4,5,10,6,Cu,False,0.3460493290432939,0.25,1,6
R04_F05,4,5,10,7,Ti,False,0.3172243713860717,0.25,1,7
R04_F05,4,5,10,8,Zr,False,0.2720633904229164,0.25,1,8
R04_F05,4,5,10,9,Fe,False,0.2482777780100718,0.25,1,9
R04_F05,4,5,10,10,Sc,False,0.2166044322797195,0.25,1,10
R05_F01,5,1,10,1,Tsol,True,0.5820411540057805,0.25,1,1
R05_F01,5,1,10,2,Tage,True,0.4262217665607102,0.25,1,2
R05_F01,5,1,10,3,tage,True,0.2644152503359097,0.25,1,3
R05_F01,5,1,10,4,Zn,False,1.0,0.25,1,4
R05_F01,5,1,10,5,Mg,False,0.5579068573705274,0.25,1,5
R05_F01,5,1,10,6,Cu,False,0.3387173230727959,0.25,1,6
R05_F01,5,1,10,7,Zr,False,0.2789473411584809,0.25,1,7
R05_F01,5,1,10,8,Ti,False,0.2764650591484461,0.25,1,8
R05_F01,5,1,10,9,Fe,False,0.2657297603325597,0.25,1,9
R05_F01,5,1,10,10,Si,False,0.2028448467037293,0.25,1,10
R05_F02,5,2,10,1,Tsol,True,0.5750749317557096,0.25,1,1
R05_F02,5,2,10,2,Tage,True,0.4965396164392598,0.25,1,2
R05_F02,5,2,10,3,tage,True,0.2490843847738546,0.25,1,3
R05_F02,5,2,10,4,Zn,False,1.0,0.25,1,4
R05_F02,5,2,10,5,Mg,False,0.5142406328475102,0.25,1,5
R05_F02,5,2,10,6,Cu,False,0.3065355159003968,0.25,1,6
R05_F02,5,2,10,7,Ti,False,0.3018098044773356,0.25,1,7
R05_F02,5,2,10,8,Fe,False,0.2630691732312595,0.25,1,8
R05_F02,5,2,10,9,Si,False,0.197832120431171,0.25,1,9
R05_F02,5,2,10,10,Zr,False,0.1883987357163495,0.25,1,10
R05_F03,5,3,10,1,Tsol,True,0.5943863938002417,0.25,1,1
R05_F03,5,3,10,2,Tage,True,0.5123214958052291,0.25,1,2
R05_F03,5,3,10,3,tage,True,0.2597846833330598,0.25,1,3
R05_F03,5,3,10,4,Zn,False,1.0,0.25,1,4
R05_F03,5,3,10,5,Mg,False,0.6241133980117233,0.25,1,5
R05_F03,5,3,10,6,Cu,False,0.3462404561540716,0.25,1,6
R05_F03,5,3,10,7,Ti,False,0.313435894020131,0.25,1,7
R05_F03,5,3,10,8,Fe,False,0.2632675271125042,0.25,1,8
R05_F03,5,3,10,9,Si,False,0.2314706981824212,0.25,1,9
R05_F03,5,3,10,10,Zr,False,0.228794561132415,0.25,1,10
R05_F04,5,4,10,1,Tsol,True,0.6029318175719253,0.25,1,1
R05_F04,5,4,10,2,Tage,True,0.4980521257725414,0.25,1,2
R05_F04,5,4,10,3,tage,True,0.2332143381368911,0.25,1,3
R05_F04,5,4,10,4,Zn,False,1.0,0.25,1,4
R05_F04,5,4,10,5,Mg,False,0.5533053323507257,0.25,1,5
R05_F04,5,4,10,6,Cu,False,0.3256268993605756,0.25,1,6
R05_F04,5,4,10,7,Ti,False,0.280677678070714,0.25,1,7
R05_F04,5,4,10,8,Zr,False,0.2600970503174265,0.25,1,8
R05_F04,5,4,10,9,Fe,False,0.229797737846674,0.25,1,9
R05_F04,5,4,10,10,Si,False,0.2211461937032117,0.25,1,10
R05_F05,5,5,10,1,Tsol,True,0.5937077559652291,0.25,1,1
R05_F05,5,5,10,2,Tage,True,0.4441948638640206,0.25,1,2
R05_F05,5,5,10,3,tage,True,0.1984621090882083,0.25,1,3
R05_F05,5,5,10,4,Zn,False,1.0,0.25,1,4
R05_F05,5,5,10,5,Mg,False,0.5556415136351587,0.25,1,5
R05_F05,5,5,10,6,Cu,False,0.3074977200314823,0.25,1,6
R05_F05,5,5,10,7,Ti,False,0.2999595891620772,0.25,1,7
R05_F05,5,5,10,8,Fe,False,0.2977379613235306,0.25,1,8
R05_F05,5,5,10,9,Zr,False,0.2705449720079083,0.25,1,9
R05_F05,5,5,10,10,Si,False,0.2023979248939119,0.25,1,10
R01_F01,1,1,11,1,Tsol,True,0.5805556387519786,0.25,1,1
R01_F01,1,1,11,2,Tage,True,0.4563617152906778,0.25,1,2
R01_F01,1,1,11,3,tage,True,0.2087899598742195,0.25,1,3
R01_F01,1,1,11,4,Zn,False,1.0,0.25,1,4
R01_F01,1,1,11,5,Mg,False,0.5693696368078163,0.25,1,5
R01_F01,1,1,11,6,Cu,False,0.3035169373714433,0.25,1,6
R01_F01,1,1,11,7,Ti,False,0.2654131313951025,0.25,1,7
R01_F01,1,1,11,8,Fe,False,0.2565112179680752,0.25,1,8
R01_F01,1,1,11,9,Si,False,0.2091789386669604,0.25,1,9
R01_F01,1,1,11,10,Zr,False,0.2064941050258356,0.25,1,10
R01_F01,1,1,11,11,Sc,False,0.174332796430578,0.25,1,11
R01_F02,1,2,11,1,Tsol,True,0.6119658359043367,0.5,1,1
R01_F02,1,2,11,2,Tage,True,0.4557448895622639,0.5,1,2
R01_F02,1,2,11,3,tage,True,0.145545262139968,0.5,1,3
R01_F02,1,2,11,4,Zn,False,1.0,0.5,1,4
R01_F02,1,2,11,5,Mg,False,0.6258432320530664,0.5,1,5
R01_F02,1,2,11,6,Cu,False,0.3094158384841703,0.5,1,6
R01_F02,1,2,11,7,Ti,False,0.3066758540417358,0.5,1,7
R01_F02,1,2,11,8,Fe,False,0.2899708006013465,0.5,1,8
R01_F02,1,2,11,9,Si,False,0.2780330997903317,0.5,1,9
R01_F02,1,2,11,10,Sc,False,0.2420595114267174,0.5,1,10
R01_F02,1,2,11,11,Zr,False,0.2285616181876844,0.5,1,11
R01_F03,1,3,11,1,Tsol,True,0.5626905424067465,0.25,1,1
R01_F03,1,3,11,2,Tage,True,0.4200314769376272,0.25,1,2
R01_F03,1,3,11,3,tage,True,0.195418665408277,0.25,1,3
R01_F03,1,3,11,4,Zn,False,1.0,0.25,1,4
R01_F03,1,3,11,5,Mg,False,0.5647005421572561,0.25,1,5
R01_F03,1,3,11,6,Ti,False,0.3802358043534232,0.25,1,6
R01_F03,1,3,11,7,Cu,False,0.3199706989109959,0.25,1,7
R01_F03,1,3,11,8,Fe,False,0.2797064808512558,0.25,1,8
R01_F03,1,3,11,9,Zr,False,0.2380995490079138,0.25,1,9
R01_F03,1,3,11,10,Si,False,0.2154166113176404,0.25,1,10
R01_F03,1,3,11,11,Sc,False,0.1931273141242595,0.25,1,11
R01_F04,1,4,11,1,Tsol,True,0.5217913300631152,0.0,1,1
R01_F04,1,4,11,2,Tage,True,0.5488465937579065,0.0,1,2
R01_F04,1,4,11,3,tage,True,0.3577790750740917,0.0,1,3
R01_F04,1,4,11,4,Zn,False,1.0,0.0,1,4
R01_F04,1,4,11,5,Mg,False,0.4538943217607033,0.0,1,5
R01_F04,1,4,11,6,Cu,False,0.3823939279642519,0.0,1,6
R01_F04,1,4,11,7,Zr,False,0.2304564991233677,0.0,1,7
R01_F04,1,4,11,8,Ti,False,0.2248055762301718,0.0,1,8
R01_F04,1,4,11,9,Fe,False,0.1721348069303434,0.0,1,9
R01_F04,1,4,11,10,Mn,False,0.158081936274897,0.0,1,10
R01_F04,1,4,11,11,Li,False,0.1425348988250692,0.0,1,11
R01_F05,1,5,11,1,Tsol,True,0.5897877844614194,0.25,1,1
R01_F05,1,5,11,2,Tage,True,0.438830399150908,0.25,1,2
R01_F05,1,5,11,3,tage,True,0.2264558192794052,0.25,1,3
R01_F05,1,5,11,4,Zn,False,1.0,0.25,1,4
R01_F05,1,5,11,5,Mg,False,0.5801724386533671,0.25,1,5
R01_F05,1,5,11,6,Cu,False,0.3434517996735451,0.25,1,6
R01_F05,1,5,11,7,Ti,False,0.3258514315325981,0.25,1,7
R01_F05,1,5,11,8,Fe,False,0.289515502871721,0.25,1,8
R01_F05,1,5,11,9,Zr,False,0.244974991345944,0.25,1,9
R01_F05,1,5,11,10,Si,False,0.2035706415349859,0.25,1,10
R01_F05,1,5,11,11,Cr,False,0.1970929032182156,0.25,1,11
R02_F01,2,1,11,1,Tsol,True,0.5737162132010319,0.25,1,1
R02_F01,2,1,11,2,Tage,True,0.4373048472498781,0.25,1,2
R02_F01,2,1,11,3,tage,True,0.2529904305920819,0.25,1,3
R02_F01,2,1,11,4,Zn,False,1.0,0.25,1,4
R02_F01,2,1,11,5,Mg,False,0.5811271766183195,0.25,1,5
R02_F01,2,1,11,6,Ti,False,0.3607048649315158,0.25,1,6
R02_F01,2,1,11,7,Fe,False,0.2842863655849408,0.25,1,7
R02_F01,2,1,11,8,Cu,False,0.2824682343646491,0.25,1,8
R02_F01,2,1,11,9,Zr,False,0.2195423841237356,0.25,1,9
R02_F01,2,1,11,10,Si,False,0.2140800352485145,0.25,1,10
R02_F01,2,1,11,11,Sc,False,0.1668224991464542,0.25,1,11
R02_F02,2,2,11,1,Tsol,True,0.5808802864211686,0.25,1,1
R02_F02,2,2,11,2,Tage,True,0.4866292675693404,0.25,1,2
R02_F02,2,2,11,3,tage,True,0.2627360308515702,0.25,1,3
R02_F02,2,2,11,4,Zn,False,1.0,0.25,1,4
R02_F02,2,2,11,5,Mg,False,0.5308492267046515,0.25,1,5
R02_F02,2,2,11,6,Cu,False,0.3464727265890686,0.25,1,6
R02_F02,2,2,11,7,Fe,False,0.2936871870508811,0.25,1,7
R02_F02,2,2,11,8,Ti,False,0.274662956331944,0.25,1,8
R02_F02,2,2,11,9,Zr,False,0.2644980046102834,0.25,1,9
R02_F02,2,2,11,10,Si,False,0.2288023063552904,0.25,1,10
R02_F02,2,2,11,11,Cr,False,0.1889642178780841,0.25,1,11
R02_F03,2,3,11,1,Tsol,True,0.6262766079230586,0.5,1,1
R02_F03,2,3,11,2,Tage,True,0.3932126948027635,0.5,1,2
R02_F03,2,3,11,3,tage,True,0.1262469872350628,0.5,1,3
R02_F03,2,3,11,4,Zn,False,1.0,0.5,1,4
R02_F03,2,3,11,5,Mg,False,0.6268606702945347,0.5,1,5
R02_F03,2,3,11,6,Ti,False,0.3631453856975637,0.5,1,6
R02_F03,2,3,11,7,Fe,False,0.3292050489045593,0.5,1,7
R02_F03,2,3,11,8,Cu,False,0.3213559678891466,0.5,1,8
R02_F03,2,3,11,9,Cr,False,0.2869969558803638,0.5,1,9
R02_F03,2,3,11,10,Si,False,0.2844235126645701,0.5,1,10
R02_F03,2,3,11,11,Zr,False,0.2842278716332234,0.5,1,11
R02_F04,2,4,11,1,Tsol,True,0.7095015412020815,0.75,1,1
R02_F04,2,4,11,2,Tage,True,0.4038975434305362,0.75,1,2
R02_F04,2,4,11,3,tage,True,0.0830189919903631,0.75,1,3
R02_F04,2,4,11,4,Zn,False,1.0,0.75,1,4
R02_F04,2,4,11,5,Mg,False,0.7563065562255127,0.75,1,5
R02_F04,2,4,11,6,Ti,False,0.3936443776224649,0.75,1,6
R02_F04,2,4,11,7,Sc,False,0.3758586266152322,0.75,1,7
R02_F04,2,4,11,8,Si,False,0.3387548663622171,0.75,1,8
R02_F04,2,4,11,9,Fe,False,0.3327101101793178,0.75,1,9
R02_F04,2,4,11,10,Zr,False,0.3131050120378634,0.75,1,10
R02_F04,2,4,11,11,Cu,False,0.2956837327875473,0.75,1,11
R02_F05,2,5,11,1,Tsol,True,0.6286510507498154,0.5,1,1
R02_F05,2,5,11,2,Tage,True,0.4779239627263264,0.5,1,2
R02_F05,2,5,11,3,tage,True,0.1427594935537476,0.5,1,3
R02_F05,2,5,11,4,Zn,False,1.0,0.5,1,4
R02_F05,2,5,11,5,Mg,False,0.658792049115216,0.5,1,5
R02_F05,2,5,11,6,Cu,False,0.3315610682590492,0.5,1,6
R02_F05,2,5,11,7,Ti,False,0.3054494363596627,0.5,1,7
R02_F05,2,5,11,8,Si,False,0.2806331659839706,0.5,1,8
R02_F05,2,5,11,9,Fe,False,0.2611000741648564,0.5,1,9
R02_F05,2,5,11,10,Zr,False,0.2604066788630407,0.5,1,10
R02_F05,2,5,11,11,Sc,False,0.246510639895792,0.5,1,11
R03_F01,3,1,11,1,Tsol,True,0.4738986606136325,0.0,1,1
R03_F01,3,1,11,2,Tage,True,0.4171743172585642,0.0,1,2
R03_F01,3,1,11,3,tage,True,0.2795696099140201,0.0,1,3
R03_F01,3,1,11,4,Zn,False,1.0,0.0,1,4
R03_F01,3,1,11,5,Mg,False,0.3970939761491169,0.0,1,5
R03_F01,3,1,11,6,Cu,False,0.3145983875526307,0.0,1,6
R03_F01,3,1,11,7,Zr,False,0.2048756485975661,0.0,1,7
R03_F01,3,1,11,8,Fe,False,0.2013020155018426,0.0,1,8
R03_F01,3,1,11,9,Ti,False,0.1701878012331105,0.0,1,9
R03_F01,3,1,11,10,Si,False,0.1415969389193722,0.0,1,10
R03_F01,3,1,11,11,Li,False,0.1407192332065917,0.0,1,11
R03_F02,3,2,11,1,Tsol,True,0.4532480097945249,0.0,1,1
R03_F02,3,2,11,2,Tage,True,0.4470618953668935,0.0,1,2
R03_F02,3,2,11,3,tage,True,0.2752119894152312,0.0,1,3
R03_F02,3,2,11,4,Zn,False,1.0,0.0,1,4
R03_F02,3,2,11,5,Mg,False,0.4554587664077836,0.0,1,5
R03_F02,3,2,11,6,Cu,False,0.3079165110323015,0.0,1,6
R03_F02,3,2,11,7,Ti,False,0.2260919380026962,0.0,1,7
R03_F02,3,2,11,8,Fe,False,0.2178681975356837,0.0,1,8
R03_F02,3,2,11,9,Zr,False,0.1612842004490441,0.0,1,9
R03_F02,3,2,11,10,Cr,False,0.1376956383261683,0.0,1,10
R03_F02,3,2,11,11,Mn,False,0.1325274192954178,0.0,1,11
R03_F03,3,3,11,1,Tsol,True,0.720482014048018,0.75,1,1
R03_F03,3,3,11,2,Tage,True,0.3936547238230212,0.75,1,2
R03_F03,3,3,11,3,tage,True,0.0795790042262955,0.75,1,3
R03_F03,3,3,11,4,Zn,False,1.0,0.75,1,4
R03_F03,3,3,11,5,Mg,False,0.709303902688839,0.75,1,5
R03_F03,3,3,11,6,Ti,False,0.39196433765148,0.75,1,6
R03_F03,3,3,11,7,Si,False,0.3384656148077242,0.75,1,7
R03_F03,3,3,11,8,Fe,False,0.3381242144786885,0.75,1,8
R03_F03,3,3,11,9,Sc,False,0.3170528283064643,0.75,1,9
R03_F03,3,3,11,10,Cu,False,0.3037239402639506,0.75,1,10
R03_F03,3,3,11,11,Zr,False,0.2840386891069008,0.75,1,11
R03_F04,3,4,11,1,Tsol,True,0.6514149978129526,0.25,1,1
R03_F04,3,4,11,2,Tage,True,0.5007435614116638,0.25,1,2
R03_F04,3,4,11,3,tage,True,0.2631253802501317,0.25,1,3
R03_F04,3,4,11,4,Zn,False,1.0,0.25,1,4
R03_F04,3,4,11,5,Mg,False,0.6000968619337611,0.25,1,5
R03_F04,3,4,11,6,Cu,False,0.3955055224948477,0.25,1,6
R03_F04,3,4,11,7,Ti,False,0.3337931760716401,0.25,1,7
R03_F04,3,4,11,8,Zr,False,0.2604445386989518,0.25,1,8
R03_F04,3,4,11,9,Fe,False,0.2464144842006211,0.25,1,9
R03_F04,3,4,11,10,Sc,False,0.2446980012815514,0.25,1,10
R03_F04,3,4,11,11,Si,False,0.2201373180339602,0.25,1,11
R03_F05,3,5,11,1,Tsol,True,0.5777316605053209,0.25,1,1
R03_F05,3,5,11,2,Tage,True,0.4634655774455765,0.25,1,2
R03_F05,3,5,11,3,tage,True,0.2224730143099521,0.25,1,3
R03_F05,3,5,11,4,Zn,False,1.0,0.25,1,4
R03_F05,3,5,11,5,Mg,False,0.5668970509396735,0.25,1,5
R03_F05,3,5,11,6,Fe,False,0.3173215777570432,0.25,1,6
R03_F05,3,5,11,7,Ti,False,0.3099399541303075,0.25,1,7
R03_F05,3,5,11,8,Cu,False,0.2983710273651705,0.25,1,8
R03_F05,3,5,11,9,Zr,False,0.2513827493825158,0.25,1,9
R03_F05,3,5,11,10,Si,False,0.2262602087649151,0.25,1,10
R03_F05,3,5,11,11,Sc,False,0.2000835132849718,0.25,1,11
R04_F01,4,1,11,1,Tsol,True,0.6853882506301614,0.75,1,1
R04_F01,4,1,11,2,Tage,True,0.4337553294389772,0.75,1,2
R04_F01,4,1,11,3,tage,True,0.089401127632683,0.75,1,3
R04_F01,4,1,11,4,Zn,False,1.0,0.75,1,4
R04_F01,4,1,11,5,Mg,False,0.7343744864513632,0.75,1,5
R04_F01,4,1,11,6,Ti,False,0.4293533288219451,0.75,1,6
R04_F01,4,1,11,7,Fe,False,0.4034720955291569,0.75,1,7
R04_F01,4,1,11,8,Si,False,0.3738280794880472,0.75,1,8
R04_F01,4,1,11,9,Cu,False,0.3361127928502828,0.75,1,9
R04_F01,4,1,11,10,Sc,False,0.3284920331013633,0.75,1,10
R04_F01,4,1,11,11,Zr,False,0.2510034537512839,0.75,1,11
R04_F02,4,2,11,1,Tsol,True,0.7306569651197685,1.0,1,1
R04_F02,4,2,11,2,Tage,True,0.4987134236163557,1.0,1,2
R04_F02,4,2,11,3,tage,True,0.0,1.0,1,3
R04_F02,4,2,11,4,Zn,False,1.0,1.0,1,4
R04_F02,4,2,11,5,Mg,False,0.8481276729561699,1.0,1,5
R04_F02,4,2,11,6,Si,False,0.4339951647594359,1.0,1,6
R04_F02,4,2,11,7,Ti,False,0.3922737789539257,1.0,1,7
R04_F02,4,2,11,8,Sc,False,0.3540210176665266,1.0,1,8
R04_F02,4,2,11,9,Fe,False,0.3451640033400567,1.0,1,9
R04_F02,4,2,11,10,Cu,False,0.3296293613348813,1.0,1,10
R04_F02,4,2,11,11,Li,False,0.262150805822981,1.0,1,11
R04_F03,4,3,11,1,Tsol,True,0.6141101999803606,0.0,1,1
R04_F03,4,3,11,2,Tage,True,0.5635795081570761,0.0,1,2
R04_F03,4,3,11,3,tage,True,0.3959071950938742,0.0,1,3
R04_F03,4,3,11,4,Zn,False,1.0,0.0,1,4
R04_F03,4,3,11,5,Mg,False,0.5250231433176534,0.0,1,5
R04_F03,4,3,11,6,Cu,False,0.391441185260272,0.0,1,6
R04_F03,4,3,11,7,Ti,False,0.2893293445902875,0.0,1,7
R04_F03,4,3,11,8,Fe,False,0.2488682515307951,0.0,1,8
R04_F03,4,3,11,9,Zr,False,0.2405453587533821,0.0,1,9
R04_F03,4,3,11,10,Mn,False,0.1768848949129,0.0,1,10
R04_F03,4,3,11,11,Cr,False,0.1604463198595307,0.0,1,11
R04_F04,4,4,11,1,Tsol,True,0.7769053109917643,1.0,1,1
R04_F04,4,4,11,2,Tage,True,0.3382330924476074,1.0,1,2
R04_F04,4,4,11,3,tage,True,0.0,1.0,1,3
R04_F04,4,4,11,4,Zn,False,1.0,1.0,1,4
R04_F04,4,4,11,5,Mg,False,0.8351954122288876,1.0,1,5
R04_F04,4,4,11,6,Ti,False,0.4591717629047628,1.0,1,6
R04_F04,4,4,11,7,Sc,False,0.4417487297813189,1.0,1,7
R04_F04,4,4,11,8,Fe,False,0.3932630972271597,1.0,1,8
R04_F04,4,4,11,9,Zr,False,0.3919055866278008,1.0,1,9
R04_F04,4,4,11,10,Si,False,0.3743872883618683,1.0,1,10
R04_F04,4,4,11,11,Cr,False,0.3418604297648486,1.0,1,11
R04_F05,4,5,11,1,Tsol,True,0.7203530165181752,0.5,1,1
R04_F05,4,5,11,2,Tage,True,0.4740556508563135,0.5,1,2
R04_F05,4,5,11,3,tage,True,0.1564171983861622,0.5,1,3
R04_F05,4,5,11,4,Zn,False,1.0,0.5,1,4
R04_F05,4,5,11,5,Mg,False,0.66238387269725,0.5,1,5
R04_F05,4,5,11,6,Ti,False,0.3534617579390003,0.5,1,6
R04_F05,4,5,11,7,Cu,False,0.3202329175520082,0.5,1,7
R04_F05,4,5,11,8,Zr,False,0.3056557615163133,0.5,1,8
R04_F05,4,5,11,9,Fe,False,0.2954197724275125,0.5,1,9
R04_F05,4,5,11,10,Sc,False,0.2953672505719945,0.5,1,10
R04_F05,4,5,11,11,Si,False,0.2802093530386118,0.5,1,11
R05_F01,5,1,11,1,Tsol,True,0.6488701774305103,0.5,1,1
R05_F01,5,1,11,2,Tage,True,0.4220042272722251,0.5,1,2
R05_F01,5,1,11,3,tage,True,0.1762768335572731,0.5,1,3
R05_F01,5,1,11,4,Zn,False,1.0,0.5,1,4
R05_F01,5,1,11,5,Mg,False,0.6481745355460055,0.5,1,5
R05_F01,5,1,11,6,Ti,False,0.339961579739242,0.5,1,6
R05_F01,5,1,11,7,Cu,False,0.3278570809693831,0.5,1,7
R05_F01,5,1,11,8,Fe,False,0.3217245096605096,0.5,1,8
R05_F01,5,1,11,9,Zr,False,0.3216730179697851,0.5,1,9
R05_F01,5,1,11,10,Sc,False,0.2874666318538036,0.5,1,10
R05_F01,5,1,11,11,Si,False,0.2804244226901735,0.5,1,11
R05_F02,5,2,11,1,Tsol,True,0.5750749317557096,0.25,1,1
R05_F02,5,2,11,2,Tage,True,0.4965396164392598,0.25,1,2
R05_F02,5,2,11,3,tage,True,0.2490843847738546,0.25,1,3
R05_F02,5,2,11,4,Zn,False,1.0,0.25,1,4
R05_F02,5,2,11,5,Mg,False,0.5142406328475102,0.25,1,5
R05_F02,5,2,11,6,Cu,False,0.3065355159003968,0.25,1,6
R05_F02,5,2,11,7,Ti,False,0.3018098044773356,0.25,1,7
R05_F02,5,2,11,8,Fe,False,0.2630691732312595,0.25,1,8
R05_F02,5,2,11,9,Si,False,0.197832120431171,0.25,1,9
R05_F02,5,2,11,10,Zr,False,0.1883987357163495,0.25,1,10
R05_F02,5,2,11,11,Cr,False,0.169126641166654,0.25,1,11
R05_F03,5,3,11,1,Tsol,True,0.5943863938002417,0.25,1,1
R05_F03,5,3,11,2,Tage,True,0.5123214958052291,0.25,1,2
R05_F03,5,3,11,3,tage,True,0.2597846833330598,0.25,1,3
R05_F03,5,3,11,4,Zn,False,1.0,0.25,1,4
R05_F03,5,3,11,5,Mg,False,0.6241133980117233,0.25,1,5
R05_F03,5,3,11,6,Cu,False,0.3462404561540716,0.25,1,6
R05_F03,5,3,11,7,Ti,False,0.313435894020131,0.25,1,7
R05_F03,5,3,11,8,Fe,False,0.2632675271125042,0.25,1,8
R05_F03,5,3,11,9,Si,False,0.2314706981824212,0.25,1,9
R05_F03,5,3,11,10,Zr,False,0.228794561132415,0.25,1,10
R05_F03,5,3,11,11,Sc,False,0.1816859737574596,0.25,1,11
R05_F04,5,4,11,1,Tsol,True,0.6029318175719253,0.25,1,1
R05_F04,5,4,11,2,Tage,True,0.4980521257725414,0.25,1,2
R05_F04,5,4,11,3,tage,True,0.2332143381368911,0.25,1,3
R05_F04,5,4,11,4,Zn,False,1.0,0.25,1,4
R05_F04,5,4,11,5,Mg,False,0.5533053323507257,0.25,1,5
R05_F04,5,4,11,6,Cu,False,0.3256268993605756,0.25,1,6
R05_F04,5,4,11,7,Ti,False,0.280677678070714,0.25,1,7
R05_F04,5,4,11,8,Zr,False,0.2600970503174265,0.25,1,8
R05_F04,5,4,11,9,Fe,False,0.229797737846674,0.25,1,9
R05_F04,5,4,11,10,Si,False,0.2211461937032117,0.25,1,10
R05_F04,5,4,11,11,Sc,False,0.2009992403256821,0.25,1,11
R05_F05,5,5,11,1,Tsol,True,0.5937077559652291,0.25,1,1
R05_F05,5,5,11,2,Tage,True,0.4441948638640206,0.25,1,2
R05_F05,5,5,11,3,tage,True,0.1984621090882083,0.25,1,3
R05_F05,5,5,11,4,Zn,False,1.0,0.25,1,4
R05_F05,5,5,11,5,Mg,False,0.5556415136351587,0.25,1,5
R05_F05,5,5,11,6,Cu,False,0.3074977200314823,0.25,1,6
R05_F05,5,5,11,7,Ti,False,0.2999595891620772,0.25,1,7
R05_F05,5,5,11,8,Fe,False,0.2977379613235306,0.25,1,8
R05_F05,5,5,11,9,Zr,False,0.2705449720079083,0.25,1,9
R05_F05,5,5,11,10,Si,False,0.2023979248939119,0.25,1,10
R05_F05,5,5,11,11,Sc,False,0.1971343642042161,0.25,1,11
R01_F01,1,1,12,1,Tsol,True,0.6476154138558118,0.5,1,1
R01_F01,1,1,12,2,Tage,True,0.4285307731653957,0.5,1,2
R01_F01,1,1,12,3,tage,True,0.139193306582813,0.5,1,3
R01_F01,1,1,12,4,Zn,False,1.0,0.5,1,4
R01_F01,1,1,12,5,Mg,False,0.6608986044525014,0.5,1,5
R01_F01,1,1,12,6,Ti,False,0.320122375589036,0.5,1,6
R01_F01,1,1,12,7,Cu,False,0.2993618168350263,0.5,1,7
R01_F01,1,1,12,8,Fe,False,0.2901367696413761,0.5,1,8
R01_F01,1,1,12,9,Si,False,0.2710889052241365,0.5,1,9
R01_F01,1,1,12,10,Sc,False,0.2441644853478706,0.5,1,10
R01_F01,1,1,12,11,Zr,False,0.2308437322339802,0.5,1,11
R01_F01,1,1,12,12,Li,False,0.2039215026773723,0.5,1,12
R01_F02,1,2,12,1,Tsol,True,0.5276438011203735,0.25,1,1
R01_F02,1,2,12,2,Tage,True,0.4788984130022369,0.25,1,2
R01_F02,1,2,12,3,tage,True,0.2183178932099521,0.25,1,3
R01_F02,1,2,12,4,Zn,False,1.0,0.25,1,4
R01_F02,1,2,12,5,Mg,False,0.5189742006010339,0.25,1,5
R01_F02,1,2,12,6,Cu,False,0.3017825433688856,0.25,1,6
R01_F02,1,2,12,7,Ti,False,0.2455035483135583,0.25,1,7
R01_F02,1,2,12,8,Fe,False,0.2276323904919655,0.25,1,8
R01_F02,1,2,12,9,Si,False,0.1967941282970135,0.25,1,9
R01_F02,1,2,12,10,Zr,False,0.1955694238854355,0.25,1,10
R01_F02,1,2,12,11,Sc,False,0.1588784830610778,0.25,1,11
R01_F02,1,2,12,12,Cr,False,0.1459908110132085,0.25,1,12
R01_F03,1,3,12,1,Tsol,True,0.7226324950931308,0.75,1,1
R01_F03,1,3,12,2,Tage,True,0.4272896381150246,0.75,1,2
R01_F03,1,3,12,3,tage,True,0.0651395551360923,0.75,1,3
R01_F03,1,3,12,4,Zn,False,1.0,0.75,1,4
R01_F03,1,3,12,5,Mg,False,0.7563782692952103,0.75,1,5
R01_F03,1,3,12,6,Ti,False,0.4666151169572073,0.75,1,6
R01_F03,1,3,12,7,Fe,False,0.3823253039799393,0.75,1,7
R01_F03,1,3,12,8,Sc,False,0.373317817232802,0.75,1,8
R01_F03,1,3,12,9,Zr,False,0.3522523959278887,0.75,1,9
R01_F03,1,3,12,10,Si,False,0.3488451789980378,0.75,1,10
R01_F03,1,3,12,11,Cu,False,0.32640011688122,0.75,1,11
R01_F03,1,3,12,12,Cr,False,0.260828172666744,0.75,1,12
R01_F04,1,4,12,1,Tsol,True,0.5857419232189498,0.25,1,1
R01_F04,1,4,12,2,Tage,True,0.5095988947701513,0.25,1,2
R01_F04,1,4,12,3,tage,True,0.2683343063055687,0.25,1,3
R01_F04,1,4,12,4,Zn,False,1.0,0.25,1,4
R01_F04,1,4,12,5,Mg,False,0.5528132618871704,0.25,1,5
R01_F04,1,4,12,6,Cu,False,0.3533547941353595,0.25,1,6
R01_F04,1,4,12,7,Ti,False,0.277920233724819,0.25,1,7
R01_F04,1,4,12,8,Zr,False,0.2660311894622336,0.25,1,8
R01_F04,1,4,12,9,Fe,False,0.2254343900162642,0.25,1,9
R01_F04,1,4,12,10,Si,False,0.1938422862753655,0.25,1,10
R01_F04,1,4,12,11,Sc,False,0.1840925145575736,0.25,1,11
R01_F04,1,4,12,12,Li,False,0.1788062502417897,0.25,1,12
R01_F05,1,5,12,1,Tsol,True,0.7371005835190751,0.75,1,1
R01_F05,1,5,12,2,Tage,True,0.3802319271582157,0.75,1,2
R01_F05,1,5,12,3,tage,True,0.075485273093135,0.75,1,3
R01_F05,1,5,12,4,Zn,False,1.0,0.75,1,4
R01_F05,1,5,12,5,Mg,False,0.7685488833103494,0.75,1,5
R01_F05,1,5,12,6,Ti,False,0.4122997815786315,0.75,1,6
R01_F05,1,5,12,7,Fe,False,0.402276393391065,0.75,1,7
R01_F05,1,5,12,8,Sc,False,0.3835126600206544,0.75,1,8
R01_F05,1,5,12,9,Si,False,0.3407667693798221,0.75,1,9
R01_F05,1,5,12,10,Zr,False,0.325275572649057,0.75,1,10
R01_F05,1,5,12,11,Cu,False,0.2954256310705951,0.75,1,11
R01_F05,1,5,12,12,Cr,False,0.2805993456431502,0.75,1,12
R02_F01,2,1,12,1,Tsol,True,0.5737162132010319,0.25,1,1
R02_F01,2,1,12,2,Tage,True,0.4373048472498781,0.25,1,2
R02_F01,2,1,12,3,tage,True,0.2529904305920819,0.25,1,3
R02_F01,2,1,12,4,Zn,False,1.0,0.25,1,4
R02_F01,2,1,12,5,Mg,False,0.5811271766183195,0.25,1,5
R02_F01,2,1,12,6,Ti,False,0.3607048649315158,0.25,1,6
R02_F01,2,1,12,7,Fe,False,0.2842863655849408,0.25,1,7
R02_F01,2,1,12,8,Cu,False,0.2824682343646491,0.25,1,8
R02_F01,2,1,12,9,Zr,False,0.2195423841237356,0.25,1,9
R02_F01,2,1,12,10,Si,False,0.2140800352485145,0.25,1,10
R02_F01,2,1,12,11,Sc,False,0.1668224991464542,0.25,1,11
R02_F01,2,1,12,12,Cr,False,0.1521152080599946,0.25,1,12
R02_F02,2,2,12,1,Tsol,True,0.7099744813602706,0.75,1,1
R02_F02,2,2,12,2,Tage,True,0.4222915976996525,0.75,1,2
R02_F02,2,2,12,3,tage,True,0.0875786769505234,0.75,1,3
R02_F02,2,2,12,4,Zn,False,1.0,0.75,1,4
R02_F02,2,2,12,5,Mg,False,0.72568220595325,0.75,1,5
R02_F02,2,2,12,6,Ti,False,0.3849492189092305,0.75,1,6
R02_F02,2,2,12,7,Fe,False,0.3714433984532912,0.75,1,7
R02_F02,2,2,12,8,Sc,False,0.3504926838580697,0.75,1,8
R02_F02,2,2,12,9,Si,False,0.3477104859270297,0.75,1,9
R02_F02,2,2,12,10,Zr,False,0.3118298610816742,0.75,1,10
R02_F02,2,2,12,11,Cu,False,0.2973702480512644,0.75,1,11
R02_F02,2,2,12,12,Cr,False,0.296361254302791,0.75,1,12
R02_F03,2,3,12,1,Tsol,True,0.7015080335599881,0.75,1,1
R02_F03,2,3,12,2,Tage,True,0.3959674973031649,0.75,1,2
R02_F03,2,3,12,3,tage,True,0.0631234936175314,0.75,1,3
R02_F03,2,3,12,4,Zn,False,1.0,0.75,1,4
R02_F03,2,3,12,5,Mg,False,0.7324857743305544,0.75,1,5
R02_F03,2,3,12,6,Ti,False,0.4170079190999951,0.75,1,6
R02_F03,2,3,12,7,Fe,False,0.3876065215298713,0.75,1,7
R02_F03,2,3,12,8,Si,False,0.3557108444709596,0.75,1,8
R02_F03,2,3,12,9,Sc,False,0.3506350522536717,0.75,1,9
R02_F03,2,3,12,10,Cr,False,0.3452727486871758,0.75,1,10
R02_F03,2,3,12,11,Zr,False,0.3286740525503158,0.75,1,11
R02_F03,2,3,12,12,Cu,False,0.3127274893963845,0.75,1,12
R02_F04,2,4,12,1,Tsol,True,0.7687293690998315,1.0,1,1
R02_F04,2,4,12,2,Tage,True,0.3447921315469719,1.0,1,2
R02_F04,2,4,12,3,tage,True,0.0,1.0,1,3
R02_F04,2,4,12,4,Zn,False,1.0,1.0,1,4
R02_F04,2,4,12,5,Mg,False,0.8612706590352617,1.0,1,5
R02_F04,2,4,12,6,Sc,False,0.4640036253086523,1.0,1,6
R02_F04,2,4,12,7,Ti,False,0.43713935953322,1.0,1,7
R02_F04,2,4,12,8,Si,False,0.4098264416657138,1.0,1,8
R02_F04,2,4,12,9,Fe,False,0.3833324413760923,1.0,1,9
R02_F04,2,4,12,10,Zr,False,0.3448803086870645,1.0,1,10
R02_F04,2,4,12,11,Cu,False,0.2786159577022312,1.0,1,11
R02_F04,2,4,12,12,Li,False,0.2700497172204784,1.0,1,12
R02_F05,2,5,12,1,Tsol,True,0.4374207442816045,0.0,1,1
R02_F05,2,5,12,2,Tage,True,0.4546177095294755,0.0,1,2
R02_F05,2,5,12,3,tage,True,0.2855189871074952,0.0,1,3
R02_F05,2,5,12,4,Zn,False,1.0,0.0,1,4
R02_F05,2,5,12,5,Mg,False,0.4517957657435292,0.0,1,5
R02_F05,2,5,12,6,Cu,False,0.2813193796105323,0.0,1,6
R02_F05,2,5,12,7,Zr,False,0.1955338453976256,0.0,1,7
R02_F05,2,5,12,8,Ti,False,0.1538861024266734,0.0,1,8
R02_F05,2,5,12,9,Fe,False,0.1386518492350942,0.0,1,9
R02_F05,2,5,12,10,Li,False,0.1337216376363817,0.0,1,10
R02_F05,2,5,12,11,Si,False,0.1193669878843585,0.0,1,11
R02_F05,2,5,12,12,Mn,False,0.1161663549596447,0.0,1,12
R03_F01,3,1,12,1,Tsol,True,0.550987528371025,0.25,1,1
R03_F01,3,1,12,2,Tage,True,0.4195834087146857,0.25,1,2
R03_F01,3,1,12,3,tage,True,0.2096772074355151,0.25,1,3
R03_F01,3,1,12,4,Zn,False,1.0,0.25,1,4
R03_F01,3,1,12,5,Mg,False,0.509883115886623,0.25,1,5
R03_F01,3,1,12,6,Cu,False,0.3228975548756905,0.25,1,6
R03_F01,3,1,12,7,Fe,False,0.2587282719005432,0.25,1,7
R03_F01,3,1,12,8,Ti,False,0.237820894876891,0.25,1,8
R03_F01,3,1,12,9,Zr,False,0.2369309855841366,0.25,1,9
R03_F01,3,1,12,10,Si,False,0.2138048120984631,0.25,1,10
R03_F01,3,1,12,11,Sc,False,0.2040305176669876,0.25,1,11
R03_F01,3,1,12,12,Li,False,0.174403945771244,0.25,1,12
R03_F02,3,2,12,1,Tsol,True,0.6704319984867595,0.75,1,1
R03_F02,3,2,12,2,Tage,True,0.4099430558057521,0.75,1,2
R03_F02,3,2,12,3,tage,True,0.0688029973538078,0.75,1,3
R03_F02,3,2,12,4,Zn,False,1.0,0.75,1,4
R03_F02,3,2,12,5,Mg,False,0.7470429841859629,0.75,1,5
R03_F02,3,2,12,6,Ti,False,0.3721780179112897,0.75,1,6
R03_F02,3,2,12,7,Fe,False,0.3567563856314967,0.75,1,7
R03_F02,3,2,12,8,Si,False,0.3317748354400816,0.75,1,8
R03_F02,3,2,12,9,Sc,False,0.327993690334349,0.75,1,9
R03_F02,3,2,12,10,Zr,False,0.2926965880555126,0.75,1,10
R03_F02,3,2,12,11,Cu,False,0.2760240022094367,0.75,1,11
R03_F02,3,2,12,12,Li,False,0.2315570483178627,0.75,1,12
R03_F03,3,3,12,1,Tsol,True,0.6534519263523877,0.5,1,1
R03_F03,3,3,12,2,Tage,True,0.4358520660901319,0.5,1,2
R03_F03,3,3,12,3,tage,True,0.1591580084525911,0.5,1,3
R03_F03,3,3,12,4,Zn,False,1.0,0.5,1,4
R03_F03,3,3,12,5,Mg,False,0.6052722502753506,0.5,1,5
R03_F03,3,3,12,6,Ti,False,0.3418499207881266,0.5,1,6
R03_F03,3,3,12,7,Cu,False,0.2997941045427374,0.5,1,7
R03_F03,3,3,12,8,Fe,False,0.28467712966886,0.5,1,8
R03_F03,3,3,12,9,Si,False,0.2675407995667187,0.5,1,9
R03_F03,3,3,12,10,Zr,False,0.2534670298315737,0.5,1,10
R03_F03,3,3,12,11,Sc,False,0.2397644314908734,0.5,1,11
R03_F03,3,3,12,12,Cr,False,0.1873622854012893,0.5,1,12
R03_F04,3,4,12,1,Tsol,True,0.6031333794171013,0.0,1,1
R03_F04,3,4,12,2,Tage,True,0.547637852192866,0.0,1,2
R03_F04,3,4,12,3,tage,True,0.3508338403335089,0.0,1,3
R03_F04,3,4,12,4,Zn,False,1.0,0.0,1,4
R03_F04,3,4,12,5,Mg,False,0.5010262579372777,0.0,1,5
R03_F04,3,4,12,6,Cu,False,0.4294946721687888,0.0,1,6
R03_F04,3,4,12,7,Ti,False,0.2805571854151015,0.0,1,7
R03_F04,3,4,12,8,Zr,False,0.2239496662576132,0.0,1,8
R03_F04,3,4,12,9,Fe,False,0.2050758247942751,0.0,1,9
R03_F04,3,4,12,10,Si,False,0.1678987587255622,0.0,1,10
R03_F04,3,4,12,11,Sc,False,0.1642295713193244,0.0,1,11
R03_F04,3,4,12,12,Cr,False,0.1617430296088672,0.0,1,12
R03_F05,3,5,12,1,Tsol,True,0.7108945964934584,0.75,1,1
R03_F05,3,5,12,2,Tage,True,0.4410592568414454,0.75,1,2
R03_F05,3,5,12,3,tage,True,0.0741576714366507,0.75,1,3
R03_F05,3,5,12,4,Zn,False,1.0,0.75,1,4
R03_F05,3,5,12,5,Mg,False,0.7540864526231843,0.75,1,5
R03_F05,3,5,12,6,Ti,False,0.4087219394806208,0.75,1,6
R03_F05,3,5,12,7,Fe,False,0.4075619369370025,0.75,1,7
R03_F05,3,5,12,8,Si,False,0.3786816512885444,0.75,1,8
R03_F05,3,5,12,9,Sc,False,0.371139095359906,0.75,1,9
R03_F05,3,5,12,10,Zr,False,0.3261738087852316,0.75,1,10
R03_F05,3,5,12,11,Cr,False,0.2974201421700231,0.75,1,11
R03_F05,3,5,12,12,Cu,False,0.2830080070179598,0.75,1,12
R04_F01,4,1,12,1,Tsol,True,0.5633022103244046,0.25,1,1
R04_F01,4,1,12,2,Tage,True,0.5038618075718828,0.25,1,2
R04_F01,4,1,12,3,tage,True,0.2682033828980492,0.25,1,3
R04_F01,4,1,12,4,Zn,False,1.0,0.25,1,4
R04_F01,4,1,12,5,Mg,False,0.5458728100391066,0.25,1,5
R04_F01,4,1,12,6,Cu,False,0.3469771203977599,0.25,1,6
R04_F01,4,1,12,7,Ti,False,0.305961067529124,0.25,1,7
R04_F01,4,1,12,8,Fe,False,0.2794786521946637,0.25,1,8
R04_F01,4,1,12,9,Si,False,0.2206601834803052,0.25,1,9
R04_F01,4,1,12,10,Zr,False,0.187175933621229,0.25,1,10
R04_F01,4,1,12,11,Sc,False,0.1736017766066618,0.25,1,11
R04_F01,4,1,12,12,Cr,False,0.159689041941405,0.25,1,12
R04_F02,4,2,12,1,Tsol,True,0.6012809304498736,0.5,1,1
R04_F02,4,2,12,2,Tage,True,0.4447216874312106,0.5,1,2
R04_F02,4,2,12,3,tage,True,0.1305496958106264,0.5,1,3
R04_F02,4,2,12,4,Zn,False,1.0,0.5,1,4
R04_F02,4,2,12,5,Mg,False,0.6602713433898046,0.5,1,5
R04_F02,4,2,12,6,Cu,False,0.3184974381110471,0.5,1,6
R04_F02,4,2,12,7,Ti,False,0.3006780991157764,0.5,1,7
R04_F02,4,2,12,8,Si,False,0.2894627852401635,0.5,1,8
R04_F02,4,2,12,9,Fe,False,0.2709725805576747,0.5,1,9
R04_F02,4,2,12,10,Sc,False,0.2340988941168684,0.5,1,10
R04_F02,4,2,12,11,Zr,False,0.2092631819493848,0.5,1,11
R04_F02,4,2,12,12,Li,False,0.2033213981045683,0.5,1,12
R04_F03,4,3,12,1,Tsol,True,0.8406780946497425,1.0,1,1
R04_F03,4,3,12,2,Tage,True,0.3951888964399408,1.0,1,2
R04_F03,4,3,12,3,tage,True,0.0,1.0,1,3
R04_F03,4,3,12,4,Zn,False,1.0,1.0,1,4
R04_F03,4,3,12,5,Mg,False,0.8666305883135023,1.0,1,5
R04_F03,4,3,12,6,Ti,False,0.4962516849799524,1.0,1,6
R04_F03,4,3,12,7,Sc,False,0.4884029047539818,1.0,1,7
R04_F03,4,3,12,8,Fe,False,0.4503488383533312,1.0,1,8
R04_F03,4,3,12,9,Zr,False,0.4421188978414706,1.0,1,9
R04_F03,4,3,12,10,Si,False,0.4029676138057531,1.0,1,10
R04_F03,4,3,12,11,Cr,False,0.3217446972237193,1.0,1,11
R04_F03,4,3,12,12,Cu,False,0.3032371876581967,1.0,1,12
R04_F04,4,4,12,1,Tsol,True,0.6354715035838051,0.5,1,1
R04_F04,4,4,12,2,Tage,True,0.3720527695872747,0.5,1,2
R04_F04,4,4,12,3,tage,True,0.1161982974569258,0.5,1,3
R04_F04,4,4,12,4,Zn,False,1.0,0.5,1,4
R04_F04,4,4,12,5,Mg,False,0.6287051695540471,0.5,1,5
R04_F04,4,4,12,6,Ti,False,0.3302564933059068,0.5,1,6
R04_F04,4,4,12,7,Zr,False,0.2945519381283408,0.5,1,7
R04_F04,4,4,12,8,Fe,False,0.2778128271874633,0.5,1,8
R04_F04,4,4,12,9,Sc,False,0.2715615570118002,0.5,1,9
R04_F04,4,4,12,10,Cu,False,0.2710171791517809,0.5,1,10
R04_F04,4,4,12,11,Si,False,0.2437196479544618,0.5,1,11
R04_F04,4,4,12,12,Cr,False,0.227823676095584,0.5,1,12
R04_F05,4,5,12,1,Tsol,True,0.7203530165181752,0.5,1,1
R04_F05,4,5,12,2,Tage,True,0.4740556508563135,0.5,1,2
R04_F05,4,5,12,3,tage,True,0.1564171983861622,0.5,1,3
R04_F05,4,5,12,4,Zn,False,1.0,0.5,1,4
R04_F05,4,5,12,5,Mg,False,0.66238387269725,0.5,1,5
R04_F05,4,5,12,6,Ti,False,0.3534617579390003,0.5,1,6
R04_F05,4,5,12,7,Cu,False,0.3202329175520082,0.5,1,7
R04_F05,4,5,12,8,Zr,False,0.3056557615163133,0.5,1,8
R04_F05,4,5,12,9,Fe,False,0.2954197724275125,0.5,1,9
R04_F05,4,5,12,10,Sc,False,0.2953672505719945,0.5,1,10
R04_F05,4,5,12,11,Si,False,0.2802093530386118,0.5,1,11
R04_F05,4,5,12,12,Cr,False,0.225939732113999,0.5,1,12
R05_F01,5,1,12,1,Tsol,True,0.6488701774305103,0.5,1,1
R05_F01,5,1,12,2,Tage,True,0.4220042272722251,0.5,1,2
R05_F01,5,1,12,3,tage,True,0.1762768335572731,0.5,1,3
R05_F01,5,1,12,4,Zn,False,1.0,0.5,1,4
R05_F01,5,1,12,5,Mg,False,0.6481745355460055,0.5,1,5
R05_F01,5,1,12,6,Ti,False,0.339961579739242,0.5,1,6
R05_F01,5,1,12,7,Cu,False,0.3278570809693831,0.5,1,7
R05_F01,5,1,12,8,Fe,False,0.3217245096605096,0.5,1,8
R05_F01,5,1,12,9,Zr,False,0.3216730179697851,0.5,1,9
R05_F01,5,1,12,10,Sc,False,0.2874666318538036,0.5,1,10
R05_F01,5,1,12,11,Si,False,0.2804244226901735,0.5,1,11
R05_F01,5,1,12,12,Cr,False,0.2249858304588081,0.5,1,12
R05_F02,5,2,12,1,Tsol,True,0.7128000406713658,0.75,1,1
R05_F02,5,2,12,2,Tage,True,0.4397273741069386,0.75,1,2
R05_F02,5,2,12,3,tage,True,0.0830281282579515,0.75,1,3
R05_F02,5,2,12,4,Zn,False,1.0,0.75,1,4
R05_F02,5,2,12,5,Mg,False,0.7247001762136361,0.75,1,5
R05_F02,5,2,12,6,Ti,False,0.4267976486694352,0.75,1,6
R05_F02,5,2,12,7,Fe,False,0.3544913738372054,0.75,1,7
R05_F02,5,2,12,8,Cu,False,0.3265484027811364,0.75,1,8
R05_F02,5,2,12,9,Si,False,0.3158643038372659,0.75,1,9
R05_F02,5,2,12,10,Sc,False,0.3133502193331135,0.75,1,10
R05_F02,5,2,12,11,Zr,False,0.2510218499768619,0.75,1,11
R05_F02,5,2,12,12,Cr,False,0.231608585941842,0.75,1,12
R05_F03,5,3,12,1,Tsol,True,0.5943863938002417,0.25,1,1
R05_F03,5,3,12,2,Tage,True,0.5123214958052291,0.25,1,2
R05_F03,5,3,12,3,tage,True,0.2597846833330598,0.25,1,3
R05_F03,5,3,12,4,Zn,False,1.0,0.25,1,4
R05_F03,5,3,12,5,Mg,False,0.6241133980117233,0.25,1,5
R05_F03,5,3,12,6,Cu,False,0.3462404561540716,0.25,1,6
R05_F03,5,3,12,7,Ti,False,0.313435894020131,0.25,1,7
R05_F03,5,3,12,8,Fe,False,0.2632675271125042,0.25,1,8
R05_F03,5,3,12,9,Si,False,0.2314706981824212,0.25,1,9
R05_F03,5,3,12,10,Zr,False,0.228794561132415,0.25,1,10
R05_F03,5,3,12,11,Sc,False,0.1816859737574596,0.25,1,11
R05_F03,5,3,12,12,Li,False,0.1692878183066822,0.25,1,12
R05_F04,5,4,12,1,Tsol,True,0.5410617767581438,0.0,1,1
R05_F04,5,4,12,2,Tage,True,0.5380075022034742,0.0,1,2
R05_F04,5,4,12,3,tage,True,0.3064533863678209,0.0,1,3
R05_F04,5,4,12,4,Zn,False,1.0,0.0,1,4
R05_F04,5,4,12,5,Mg,False,0.4477483712051481,0.0,1,5
R05_F04,5,4,12,6,Cu,False,0.3395538427479309,0.0,1,6
R05_F04,5,4,12,7,Zr,False,0.2330392153566355,0.0,1,7
R05_F04,5,4,12,8,Ti,False,0.2267204021658992,0.0,1,8
R05_F04,5,4,12,9,Fe,False,0.1822945720107204,0.0,1,9
R05_F04,5,4,12,10,Si,False,0.1634771888323639,0.0,1,10
R05_F04,5,4,12,11,Mn,False,0.1587234439537455,0.0,1,11
R05_F04,5,4,12,12,Cr,False,0.1244494300322763,0.0,1,12
R05_F05,5,5,12,1,Tsol,True,0.7570868709052853,1.0,1,1
R05_F05,5,5,12,2,Tage,True,0.3627512889873637,1.0,1,2
R05_F05,5,5,12,3,tage,True,0.0,1.0,1,3
R05_F05,5,5,12,4,Zn,False,1.0,1.0,1,4
R05_F05,5,5,12,5,Mg,False,0.8455484746650874,1.0,1,5
R05_F05,5,5,12,6,Ti,False,0.4350913476284685,1.0,1,6
R05_F05,5,5,12,7,Sc,False,0.4240513381197583,1.0,1,7
R05_F05,5,5,12,8,Si,False,0.4067651593186531,1.0,1,8
R05_F05,5,5,12,9,Fe,False,0.4051345621315207,1.0,1,9
R05_F05,5,5,12,10,Zr,False,0.3704739939325512,1.0,1,10
R05_F05,5,5,12,11,Cr,False,0.3145202569988821,1.0,1,11
R05_F05,5,5,12,12,Cu,False,0.2704483759681588,1.0,1,12
R01_F01,1,1,13,1,Tsol,True,0.5134958636481454,0.0,1,1
R01_F01,1,1,13,2,Tage,True,0.48419265741596,0.0,1,2
R01_F01,1,1,13,3,tage,True,0.278386613165626,0.0,1,3
R01_F01,1,1,13,4,Zn,False,1.0,0.0,1,4
R01_F01,1,1,13,5,Mg,False,0.4778406691631313,0.0,1,5
R01_F01,1,1,13,6,Cu,False,0.3076720579078603,0.0,1,6
R01_F01,1,1,13,7,Fe,False,0.2228856662947742,0.0,1,7
R01_F01,1,1,13,8,Ti,False,0.2107038872011689,0.0,1,8
R01_F01,1,1,13,9,Zr,False,0.182144477817691,0.0,1,9
R01_F01,1,1,13,10,Si,False,0.1472689721097844,0.0,1,10
R01_F01,1,1,13,11,Mn,False,0.1276809971996703,0.0,1,11
R01_F01,1,1,13,12,Li,False,0.1210637441520649,0.0,1,12
R01_F01,1,1,13,13,Sc,False,0.1045011075132854,0.0,1,13
R01_F02,1,2,13,1,Tsol,True,0.6962878706882999,0.75,1,1
R01_F02,1,2,13,2,Tage,True,0.4325913661222907,0.75,1,2
R01_F02,1,2,13,3,tage,True,0.072772631069984,0.75,1,3
R01_F02,1,2,13,4,Zn,False,1.0,0.75,1,4
R01_F02,1,2,13,5,Mg,False,0.7327122635050988,0.75,1,5
R01_F02,1,2,13,6,Ti,False,0.3678481597699133,0.75,1,6
R01_F02,1,2,13,7,Si,False,0.3592720712836499,0.75,1,7
R01_F02,1,2,13,8,Fe,False,0.3523092107107275,0.75,1,8
R01_F02,1,2,13,9,Sc,False,0.3252405397923571,0.75,1,9
R01_F02,1,2,13,10,Cu,False,0.317049133599455,0.75,1,10
R01_F02,1,2,13,11,Zr,False,0.2615538124899332,0.75,1,11
R01_F02,1,2,13,12,Cr,False,0.2450700062274488,0.75,1,12
R01_F02,1,2,13,13,Li,False,0.2109040916190792,0.75,1,13
R01_F03,1,3,13,1,Tsol,True,0.5626905424067465,0.25,1,1
R01_F03,1,3,13,2,Tage,True,0.4200314769376272,0.25,1,2
R01_F03,1,3,13,3,tage,True,0.195418665408277,0.25,1,3
R01_F03,1,3,13,4,Zn,False,1.0,0.25,1,4
R01_F03,1,3,13,5,Mg,False,0.5647005421572561,0.25,1,5
R01_F03,1,3,13,6,Ti,False,0.3802358043534232,0.25,1,6
R01_F03,1,3,13,7,Cu,False,0.3199706989109959,0.25,1,7
R01_F03,1,3,13,8,Fe,False,0.2797064808512558,0.25,1,8
R01_F03,1,3,13,9,Zr,False,0.2380995490079138,0.25,1,9
R01_F03,1,3,13,10,Si,False,0.2154166113176404,0.25,1,10
R01_F03,1,3,13,11,Sc,False,0.1931273141242595,0.25,1,11
R01_F03,1,3,13,12,Cr,False,0.1695660249543786,0.25,1,12
R01_F03,1,3,13,13,Mn,False,0.1363444376398964,0.25,1,13
R01_F04,1,4,13,1,Tsol,True,0.5857419232189498,0.25,1,1
R01_F04,1,4,13,2,Tage,True,0.5095988947701513,0.25,1,2
R01_F04,1,4,13,3,tage,True,0.2683343063055687,0.25,1,3
R01_F04,1,4,13,4,Zn,False,1.0,0.25,1,4
R01_F04,1,4,13,5,Mg,False,0.5528132618871704,0.25,1,5
R01_F04,1,4,13,6,Cu,False,0.3533547941353595,0.25,1,6
R01_F04,1,4,13,7,Ti,False,0.277920233724819,0.25,1,7
R01_F04,1,4,13,8,Zr,False,0.2660311894622336,0.25,1,8
R01_F04,1,4,13,9,Fe,False,0.2254343900162642,0.25,1,9
R01_F04,1,4,13,10,Si,False,0.1938422862753655,0.25,1,10
R01_F04,1,4,13,11,Sc,False,0.1840925145575736,0.25,1,11
R01_F04,1,4,13,12,Li,False,0.1788062502417897,0.25,1,12
R01_F04,1,4,13,13,Cr,False,0.1707425562060963,0.25,1,13
R01_F05,1,5,13,1,Tsol,True,0.810756983047903,1.0,1,1
R01_F05,1,5,13,2,Tage,True,0.3509326911618696,1.0,1,2
R01_F05,1,5,13,3,tage,True,0.0,1.0,1,3
R01_F05,1,5,13,4,Zn,False,1.0,1.0,1,4
R01_F05,1,5,13,5,Mg,False,0.8627371056388407,1.0,1,5
R01_F05,1,5,13,6,Sc,False,0.4825840576948875,1.0,1,6
R01_F05,1,5,13,7,Fe,False,0.4586568386507369,1.0,1,7
R01_F05,1,5,13,8,Ti,False,0.4555239566016482,1.0,1,8
R01_F05,1,5,13,9,Si,False,0.4093648333022402,1.0,1,9
R01_F05,1,5,13,10,Zr,False,0.3654258633006135,1.0,1,10
R01_F05,1,5,13,11,Cr,False,0.3223525668556175,1.0,1,11
R01_F05,1,5,13,12,Cu,False,0.2714125467691202,1.0,1,12
R01_F05,1,5,13,13,Be,False,0.2561130738919015,1.0,1,13
R02_F01,2,1,13,1,Tsol,True,0.69395743847471,0.75,1,1
R02_F01,2,1,13,2,Tage,True,0.3563229637623567,0.75,1,2
R02_F01,2,1,13,3,tage,True,0.0843301435306939,0.75,1,3
R02_F01,2,1,13,4,Zn,False,1.0,0.75,1,4
R02_F01,2,1,13,5,Mg,False,0.7640203975291713,0.75,1,5
R02_F01,2,1,13,6,Ti,False,0.4452345777739612,0.75,1,6
R02_F01,2,1,13,7,Fe,False,0.3769277017145997,0.75,1,7
R02_F01,2,1,13,8,Si,False,0.3337168904899886,0.75,1,8
R02_F01,2,1,13,9,Sc,False,0.3251799513949376,0.75,1,9
R02_F01,2,1,13,10,Zr,False,0.2925642265243801,0.75,1,10
R02_F01,2,1,13,11,Cu,False,0.2496991137868647,0.75,1,11
R02_F01,2,1,13,12,Cr,False,0.2307681682047295,0.75,1,12
R02_F01,2,1,13,13,Li,False,0.2136858704173664,0.75,1,13
R02_F02,2,2,13,1,Tsol,True,0.7099744813602706,0.75,1,1
R02_F02,2,2,13,2,Tage,True,0.4222915976996525,0.75,1,2
R02_F02,2,2,13,3,tage,True,0.0875786769505234,0.75,1,3
R02_F02,2,2,13,4,Zn,False,1.0,0.75,1,4
R02_F02,2,2,13,5,Mg,False,0.72568220595325,0.75,1,5
R02_F02,2,2,13,6,Ti,False,0.3849492189092305,0.75,1,6
R02_F02,2,2,13,7,Fe,False,0.3714433984532912,0.75,1,7
R02_F02,2,2,13,8,Sc,False,0.3504926838580697,0.75,1,8
R02_F02,2,2,13,9,Si,False,0.3477104859270297,0.75,1,9
R02_F02,2,2,13,10,Zr,False,0.3118298610816742,0.75,1,10
R02_F02,2,2,13,11,Cu,False,0.2973702480512644,0.75,1,11
R02_F02,2,2,13,12,Cr,False,0.296361254302791,0.75,1,12
R02_F02,2,2,13,13,Li,False,0.2241056362209305,0.75,1,13
R02_F03,2,3,13,1,Tsol,True,0.6262766079230586,0.5,1,1
R02_F03,2,3,13,2,Tage,True,0.3932126948027635,0.5,1,2
R02_F03,2,3,13,3,tage,True,0.1262469872350628,0.5,1,3
R02_F03,2,3,13,4,Zn,False,1.0,0.5,1,4
R02_F03,2,3,13,5,Mg,False,0.6268606702945347,0.5,1,5
R02_F03,2,3,13,6,Ti,False,0.3631453856975637,0.5,1,6
R02_F03,2,3,13,7,Fe,False,0.3292050489045593,0.5,1,7
R02_F03,2,3,13,8,Cu,False,0.3213559678891466,0.5,1,8
R02_F03,2,3,13,9,Cr,False,0.2869969558803638,0.5,1,9
R02_F03,2,3,13,10,Si,False,0.2844235126645701,0.5,1,10
R02_F03,2,3,13,11,Zr,False,0.2842278716332234,0.5,1,11
R02_F03,2,3,13,12,Sc,False,0.2651879632966749,0.5,1,12
R02_F03,2,3,13,13,Li,False,0.1539938958840492,0.5,1,13
R02_F04,2,4,13,1,Tsol,True,0.5318180575088318,0.0,1,1
R02_F04,2,4,13,2,Tage,True,0.5812137790812287,0.0,1,2
R02_F04,2,4,13,3,tage,True,0.3320759679614524,0.0,1,3
R02_F04,2,4,13,4,Zn,False,1.0,0.0,1,4
R02_F04,2,4,13,5,Mg,False,0.4414142477962655,0.0,1,5
R02_F04,2,4,13,6,Cu,False,0.3468870580434955,0.0,1,6
R02_F04,2,4,13,7,Ti,False,0.2631594318901997,0.0,1,7
R02_F04,2,4,13,8,Zr,False,0.2177791220902601,0.0,1,8
R02_F04,2,4,13,9,Fe,False,0.1808431165889946,0.0,1,9
R02_F04,2,4,13,10,Mn,False,0.1503123025175982,0.0,1,10
R02_F04,2,4,13,11,Li,False,0.1409693474377836,0.0,1,11
R02_F04,2,4,13,12,Cr,False,0.1279681636341873,0.0,1,12
R02_F04,2,4,13,13,Si,False,0.1255401404517268,0.0,1,13
R02_F05,2,5,13,1,Tsol,True,0.4374207442816045,0.0,1,1
R02_F05,2,5,13,2,Tage,True,0.4546177095294755,0.0,1,2
R02_F05,2,5,13,3,tage,True,0.2855189871074952,0.0,1,3
R02_F05,2,5,13,4,Zn,False,1.0,0.0,1,4
R02_F05,2,5,13,5,Mg,False,0.4517957657435292,0.0,1,5
R02_F05,2,5,13,6,Cu,False,0.2813193796105323,0.0,1,6
R02_F05,2,5,13,7,Zr,False,0.1955338453976256,0.0,1,7
R02_F05,2,5,13,8,Ti,False,0.1538861024266734,0.0,1,8
R02_F05,2,5,13,9,Fe,False,0.1386518492350942,0.0,1,9
R02_F05,2,5,13,10,Li,False,0.1337216376363817,0.0,1,10
R02_F05,2,5,13,11,Si,False,0.1193669878843585,0.0,1,11
R02_F05,2,5,13,12,Mn,False,0.1161663549596447,0.0,1,12
R02_F05,2,5,13,13,Cr,False,0.0877395868798124,0.0,1,13
R03_F01,3,1,13,1,Tsol,True,0.4738986606136325,0.0,1,1
R03_F01,3,1,13,2,Tage,True,0.4171743172585642,0.0,1,2
R03_F01,3,1,13,3,tage,True,0.2795696099140201,0.0,1,3
R03_F01,3,1,13,4,Zn,False,1.0,0.0,1,4
R03_F01,3,1,13,5,Mg,False,0.3970939761491169,0.0,1,5
R03_F01,3,1,13,6,Cu,False,0.3145983875526307,0.0,1,6
R03_F01,3,1,13,7,Zr,False,0.2048756485975661,0.0,1,7
R03_F01,3,1,13,8,Fe,False,0.2013020155018426,0.0,1,8
R03_F01,3,1,13,9,Ti,False,0.1701878012331105,0.0,1,9
R03_F01,3,1,13,10,Si,False,0.1415969389193722,0.0,1,10
R03_F01,3,1,13,11,Li,False,0.1407192332065917,0.0,1,11
R03_F01,3,1,13,12,Mn,False,0.1402773062091786,0.0,1,12
R03_F01,3,1,13,13,Sc,False,0.1350443489365735,0.0,1,13
R03_F02,3,2,13,1,Tsol,True,0.598037335589348,0.5,1,1
R03_F02,3,2,13,2,Tage,True,0.4223160023261326,0.5,1,2
R03_F02,3,2,13,3,tage,True,0.1376059947076156,0.5,1,3
R03_F02,3,2,13,4,Zn,False,1.0,0.5,1,4
R03_F02,3,2,13,5,Mg,False,0.6498482449265699,0.5,1,5
R03_F02,3,2,13,6,Ti,False,0.3234826579417585,0.5,1,6
R03_F02,3,2,13,7,Fe,False,0.3104603229328924,0.5,1,7
R03_F02,3,2,13,8,Cu,False,0.2866548384837249,0.5,1,8
R03_F02,3,2,13,9,Si,False,0.2607660479678196,0.5,1,9
R03_F02,3,2,13,10,Sc,False,0.2509921269452346,0.5,1,10
R03_F02,3,2,13,11,Zr,False,0.2488924588533564,0.5,1,11
R03_F02,3,2,13,12,Li,False,0.1928670527605837,0.5,1,12
R03_F02,3,2,13,13,Cr,False,0.1591765759193226,0.5,1,13
R03_F03,3,3,13,1,Tsol,True,0.720482014048018,0.75,1,1
R03_F03,3,3,13,2,Tage,True,0.3936547238230212,0.75,1,2
R03_F03,3,3,13,3,tage,True,0.0795790042262955,0.75,1,3
R03_F03,3,3,13,4,Zn,False,1.0,0.75,1,4
R03_F03,3,3,13,5,Mg,False,0.709303902688839,0.75,1,5
R03_F03,3,3,13,6,Ti,False,0.39196433765148,0.75,1,6
R03_F03,3,3,13,7,Si,False,0.3384656148077242,0.75,1,7
R03_F03,3,3,13,8,Fe,False,0.3381242144786885,0.75,1,8
R03_F03,3,3,13,9,Sc,False,0.3170528283064643,0.75,1,9
R03_F03,3,3,13,10,Cu,False,0.3037239402639506,0.75,1,10
R03_F03,3,3,13,11,Zr,False,0.2840386891069008,0.75,1,11
R03_F03,3,3,13,12,Cr,False,0.229422332920638,0.75,1,12
R03_F03,3,3,13,13,Li,False,0.2070292818234357,0.75,1,13
R03_F04,3,4,13,1,Tsol,True,0.7479782346046556,0.75,1,1
R03_F04,3,4,13,2,Tage,True,0.4069549798492592,0.75,1,2
R03_F04,3,4,13,3,tage,True,0.0877084600833772,0.75,1,3
R03_F04,3,4,13,4,Zn,False,1.0,0.75,1,4
R03_F04,3,4,13,5,Mg,False,0.7982380699267279,0.75,1,5
R03_F04,3,4,13,6,Ti,False,0.4402651573847172,0.75,1,6
R03_F04,3,4,13,7,Sc,False,0.4056348612060054,0.75,1,7
R03_F04,3,4,13,8,Zr,False,0.3334342835816289,0.75,1,8
R03_F04,3,4,13,9,Fe,False,0.3290918030133131,0.75,1,9
R03_F04,3,4,13,10,Cu,False,0.3275272231469657,0.75,1,10
R03_F04,3,4,13,11,Si,False,0.3246144366507562,0.75,1,11
R03_F04,3,4,13,12,Cr,False,0.3075607807624984,0.75,1,12
R03_F04,3,4,13,13,Li,False,0.1986361507487219,0.75,1,13
R03_F05,3,5,13,1,Tsol,True,0.5777316605053209,0.25,1,1
R03_F05,3,5,13,2,Tage,True,0.4634655774455765,0.25,1,2
R03_F05,3,5,13,3,tage,True,0.2224730143099521,0.25,1,3
R03_F05,3,5,13,4,Zn,False,1.0,0.25,1,4
R03_F05,3,5,13,5,Mg,False,0.5668970509396735,0.25,1,5
R03_F05,3,5,13,6,Fe,False,0.3173215777570432,0.25,1,6
R03_F05,3,5,13,7,Ti,False,0.3099399541303075,0.25,1,7
R03_F05,3,5,13,8,Cu,False,0.2983710273651705,0.25,1,8
R03_F05,3,5,13,9,Zr,False,0.2513827493825158,0.25,1,9
R03_F05,3,5,13,10,Si,False,0.2262602087649151,0.25,1,10
R03_F05,3,5,13,11,Sc,False,0.2000835132849718,0.25,1,11
R03_F05,3,5,13,12,Cr,False,0.1955321118267202,0.25,1,12
R03_F05,3,5,13,13,Li,False,0.1625126263346118,0.25,1,13
R04_F01,4,1,13,1,Tsol,True,0.624345230477283,0.5,1,1
R04_F01,4,1,13,2,Tage,True,0.46880856850543,0.5,1,2
R04_F01,4,1,13,3,tage,True,0.1788022552653661,0.5,1,3
R04_F01,4,1,13,4,Zn,False,1.0,0.5,1,4
R04_F01,4,1,13,5,Mg,False,0.6401236482452348,0.5,1,5
R04_F01,4,1,13,6,Ti,False,0.3676571981755345,0.5,1,6
R04_F01,4,1,13,7,Cu,False,0.3415449566240213,0.5,1,7
R04_F01,4,1,13,8,Fe,False,0.3414753738619103,0.5,1,8
R04_F01,4,1,13,9,Si,False,0.2972441314841763,0.5,1,9
R04_F01,4,1,13,10,Sc,False,0.2510469048540125,0.5,1,10
R04_F01,4,1,13,11,Zr,False,0.2190896936862565,0.5,1,11
R04_F01,4,1,13,12,Cr,False,0.1999099796451574,0.5,1,12
R04_F01,4,1,13,13,Li,False,0.172515035926045,0.5,1,13
R04_F02,4,2,13,1,Tsol,True,0.6659689477848211,0.75,1,1
R04_F02,4,2,13,2,Tage,True,0.4717175555237832,0.75,1,2
R04_F02,4,2,13,3,tage,True,0.0652748479053132,0.75,1,3
R04_F02,4,2,13,4,Zn,False,1.0,0.75,1,4
R04_F02,4,2,13,5,Mg,False,0.7541995081729873,0.75,1,5
R04_F02,4,2,13,6,Si,False,0.3617289749997997,0.75,1,6
R04_F02,4,2,13,7,Ti,False,0.3464759390348511,0.75,1,7
R04_F02,4,2,13,8,Cu,False,0.3240633997229641,0.75,1,8
R04_F02,4,2,13,9,Fe,False,0.3080682919488657,0.75,1,9
R04_F02,4,2,13,10,Sc,False,0.2940599558916976,0.75,1,10
R04_F02,4,2,13,11,Li,False,0.2327361019637746,0.75,1,11
R04_F02,4,2,13,12,Zr,False,0.2129403557667974,0.75,1,12
R04_F02,4,2,13,13,Cr,False,0.1737077947392664,0.75,1,13
R04_F03,4,3,13,1,Tsol,True,0.6141101999803606,0.0,1,1
R04_F03,4,3,13,2,Tage,True,0.5635795081570761,0.0,1,2
R04_F03,4,3,13,3,tage,True,0.3959071950938742,0.0,1,3
R04_F03,4,3,13,4,Zn,False,1.0,0.0,1,4
R04_F03,4,3,13,5,Mg,False,0.5250231433176534,0.0,1,5
R04_F03,4,3,13,6,Cu,False,0.391441185260272,0.0,1,6
R04_F03,4,3,13,7,Ti,False,0.2893293445902875,0.0,1,7
R04_F03,4,3,13,8,Fe,False,0.2488682515307951,0.0,1,8
R04_F03,4,3,13,9,Zr,False,0.2405453587533821,0.0,1,9
R04_F03,4,3,13,10,Mn,False,0.1768848949129,0.0,1,10
R04_F03,4,3,13,11,Cr,False,0.1604463198595307,0.0,1,11
R04_F03,4,3,13,12,Si,False,0.1508488133859003,0.0,1,12
R04_F03,4,3,13,13,Li,False,0.1254070070782009,0.0,1,13
R04_F04,4,4,13,1,Tsol,True,0.6354715035838051,0.5,1,1
R04_F04,4,4,13,2,Tage,True,0.3720527695872747,0.5,1,2
R04_F04,4,4,13,3,tage,True,0.1161982974569258,0.5,1,3
R04_F04,4,4,13,4,Zn,False,1.0,0.5,1,4
R04_F04,4,4,13,5,Mg,False,0.6287051695540471,0.5,1,5
R04_F04,4,4,13,6,Ti,False,0.3302564933059068,0.5,1,6
R04_F04,4,4,13,7,Zr,False,0.2945519381283408,0.5,1,7
R04_F04,4,4,13,8,Fe,False,0.2778128271874633,0.5,1,8
R04_F04,4,4,13,9,Sc,False,0.2715615570118002,0.5,1,9
R04_F04,4,4,13,10,Cu,False,0.2710171791517809,0.5,1,10
R04_F04,4,4,13,11,Si,False,0.2437196479544618,0.5,1,11
R04_F04,4,4,13,12,Cr,False,0.227823676095584,0.5,1,12
R04_F04,4,4,13,13,Li,False,0.1921411463542415,0.5,1,13
R04_F05,4,5,13,1,Tsol,True,0.7702967259075566,0.75,1,1
R04_F05,4,5,13,2,Tage,True,0.4148918252010177,0.75,1,2
R04_F05,4,5,13,3,tage,True,0.0782085991930811,0.75,1,3
R04_F05,4,5,13,4,Zn,False,1.0,0.75,1,4
R04_F05,4,5,13,5,Mg,False,0.7660603658984031,0.75,1,5
R04_F05,4,5,13,6,Ti,False,0.389699144491929,0.75,1,6
R04_F05,4,5,13,7,Sc,False,0.3741300688642695,0.75,1,7
R04_F05,4,5,13,8,Si,False,0.3459190854281753,0.75,1,8
R04_F05,4,5,13,9,Fe,False,0.3425617668449532,0.75,1,9
R04_F05,4,5,13,10,Zr,False,0.3392481326097101,0.75,1,10
R04_F05,4,5,13,11,Cu,False,0.2944165060607224,0.75,1,11
R04_F05,4,5,13,12,Cr,False,0.2727264117667459,0.75,1,12
R04_F05,4,5,13,13,Li,False,0.2154656865276267,0.75,1,13
R05_F01,5,1,13,1,Tsol,True,0.7156992008552403,0.75,1,1
R05_F01,5,1,13,2,Tage,True,0.4177866879837399,0.75,1,2
R05_F01,5,1,13,3,tage,True,0.0881384167786365,0.75,1,3
R05_F01,5,1,13,4,Zn,False,1.0,0.75,1,4
R05_F01,5,1,13,5,Mg,False,0.7384422137214834,0.75,1,5
R05_F01,5,1,13,6,Ti,False,0.403458100330038,0.75,1,6
R05_F01,5,1,13,7,Fe,False,0.3777192589884594,0.75,1,7
R05_F01,5,1,13,8,Sc,False,0.3751665086340818,0.75,1,8
R05_F01,5,1,13,9,Zr,False,0.3643986947810892,0.75,1,9
R05_F01,5,1,13,10,Si,False,0.3580039986766177,0.75,1,10
R05_F01,5,1,13,11,Cu,False,0.3169968388659704,0.75,1,11
R05_F01,5,1,13,12,Cr,False,0.2752426401091803,0.75,1,12
R05_F01,5,1,13,13,Li,False,0.23347838712577,0.75,1,13
R05_F02,5,2,13,1,Tsol,True,0.5750749317557096,0.25,1,1
R05_F02,5,2,13,2,Tage,True,0.4965396164392598,0.25,1,2
R05_F02,5,2,13,3,tage,True,0.2490843847738546,0.25,1,3
R05_F02,5,2,13,4,Zn,False,1.0,0.25,1,4
R05_F02,5,2,13,5,Mg,False,0.5142406328475102,0.25,1,5
R05_F02,5,2,13,6,Cu,False,0.3065355159003968,0.25,1,6
R05_F02,5,2,13,7,Ti,False,0.3018098044773356,0.25,1,7
R05_F02,5,2,13,8,Fe,False,0.2630691732312595,0.25,1,8
R05_F02,5,2,13,9,Si,False,0.197832120431171,0.25,1,9
R05_F02,5,2,13,10,Zr,False,0.1883987357163495,0.25,1,10
R05_F02,5,2,13,11,Cr,False,0.169126641166654,0.25,1,11
R05_F02,5,2,13,12,Sc,False,0.1643785017755888,0.25,1,12
R05_F02,5,2,13,13,Li,False,0.1244470123563599,0.25,1,13
R05_F03,5,3,13,1,Tsol,True,0.5362999194593941,0.0,1,1
R05_F03,5,3,13,2,Tage,True,0.552401321964656,0.0,1,2
R05_F03,5,3,13,3,tage,True,0.3463795777774131,0.0,1,3
R05_F03,5,3,13,4,Zn,False,1.0,0.0,1,4
R05_F03,5,3,13,5,Mg,False,0.5404369126694714,0.0,1,5
R05_F03,5,3,13,6,Cu,False,0.3629753271357249,0.0,1,6
R05_F03,5,3,13,7,Ti,False,0.2672284370078847,0.0,1,7
R05_F03,5,3,13,8,Fe,False,0.2044755005330645,0.0,1,8
R05_F03,5,3,13,9,Zr,False,0.1983773826684303,0.0,1,9
R05_F03,5,3,13,10,Mn,False,0.1608241679859811,0.0,1,10
R05_F03,5,3,13,11,Si,False,0.1520948838709477,0.0,1,11
R05_F03,5,3,13,12,Li,False,0.1346163879170092,0.0,1,12
R05_F03,5,3,13,13,Cr,False,0.1305758736960994,0.0,1,13
R05_F04,5,4,13,1,Tsol,True,0.7885419400132696,1.0,1,1
R05_F04,5,4,13,2,Tage,True,0.3781859964797433,1.0,1,2
R05_F04,5,4,13,3,tage,True,0.0134971934441016,1.0,1,3
R05_F04,5,4,13,4,Zn,False,1.0,1.0,1,4
R05_F04,5,4,13,5,Mg,False,0.8699762157874582,1.0,1,5
R05_F04,5,4,13,6,Sc,False,0.4433717471876012,1.0,1,6
R05_F04,5,4,13,7,Ti,False,0.4425495057851583,1.0,1,7
R05_F04,5,4,13,8,Si,False,0.394153208315755,1.0,1,8
R05_F04,5,4,13,9,Fe,False,0.3723072353545348,1.0,1,9
R05_F04,5,4,13,10,Zr,False,0.3412705551997995,1.0,1,10
R05_F04,5,4,13,11,Cr,False,0.2911371939709919,1.0,1,11
R05_F04,5,4,13,12,Cu,False,0.2838460691985098,1.0,1,12
R05_F04,5,4,13,13,Be,False,0.2699804669760218,1.0,1,13
R05_F05,5,5,13,1,Tsol,True,0.5392480509852103,0.0,1,1
R05_F05,5,5,13,2,Tage,True,0.4713427221562396,0.0,1,2
R05_F05,5,5,13,3,tage,True,0.2646161454509445,0.0,1,3
R05_F05,5,5,13,4,Zn,False,1.0,0.0,1,4
R05_F05,5,5,13,5,Mg,False,0.4590058599585158,0.0,1,5
R05_F05,5,5,13,6,Cu,False,0.3198475013859235,0.0,1,6
R05_F05,5,5,13,7,Fe,False,0.2619390943875339,0.0,1,7
R05_F05,5,5,13,8,Ti,False,0.2549156696732801,0.0,1,8
R05_F05,5,5,13,9,Zr,False,0.2372352980330273,0.0,1,9
R05_F05,5,5,13,10,Li,False,0.1429367497991578,0.0,1,10
R05_F05,5,5,13,11,Mn,False,0.1378803684396271,0.0,1,11
R05_F05,5,5,13,12,Si,False,0.1342755134189982,0.0,1,12
R05_F05,5,5,13,13,Cr,False,0.1325475692939183,0.0,1,13
R01_F01,1,1,14,1,Tsol,True,0.714675188959645,0.75,1,1
R01_F01,1,1,14,2,Tage,True,0.4006998310401135,0.75,1,2
R01_F01,1,1,14,3,tage,True,0.0695966532914065,0.75,1,3
R01_F01,1,1,14,4,Zn,False,1.0,0.75,1,4
R01_F01,1,1,14,5,Mg,False,0.7524275720971864,0.75,1,5
R01_F01,1,1,14,6,Ti,False,0.3748316197829695,0.75,1,6
R01_F01,1,1,14,7,Si,False,0.3329988717813125,0.75,1,7
R01_F01,1,1,14,8,Fe,False,0.3237623213146769,0.75,1,8
R01_F01,1,1,14,9,Sc,False,0.3139961742651632,0.75,1,9
R01_F01,1,1,14,10,Cu,False,0.2952066962986093,0.75,1,10
R01_F01,1,1,14,11,Zr,False,0.2551933594421248,0.75,1,11
R01_F01,1,1,14,12,Li,False,0.245350381940026,0.75,1,12
R01_F01,1,1,14,13,Cr,False,0.1702910838973723,0.75,1,13
R01_F01,1,1,14,14,Be,False,0.1217147712578487,0.75,1,14
R01_F02,1,2,14,1,Tsol,True,0.5276438011203735,0.25,1,1
R01_F02,1,2,14,2,Tage,True,0.4788984130022369,0.25,1,2
R01_F02,1,2,14,3,tage,True,0.2183178932099521,0.25,1,3
R01_F02,1,2,14,4,Zn,False,1.0,0.25,1,4
R01_F02,1,2,14,5,Mg,False,0.5189742006010339,0.25,1,5
R01_F02,1,2,14,6,Cu,False,0.3017825433688856,0.25,1,6
R01_F02,1,2,14,7,Ti,False,0.2455035483135583,0.25,1,7
R01_F02,1,2,14,8,Fe,False,0.2276323904919655,0.25,1,8
R01_F02,1,2,14,9,Si,False,0.1967941282970135,0.25,1,9
R01_F02,1,2,14,10,Zr,False,0.1955694238854355,0.25,1,10
R01_F02,1,2,14,11,Sc,False,0.1588784830610778,0.25,1,11
R01_F02,1,2,14,12,Cr,False,0.1459908110132085,0.25,1,12
R01_F02,1,2,14,13,Li,False,0.1404647021416571,0.25,1,13
R01_F02,1,2,14,14,Mn,False,0.1185835372494617,0.25,1,14
R01_F03,1,3,14,1,Tsol,True,0.5626905424067465,0.25,1,1
R01_F03,1,3,14,2,Tage,True,0.4200314769376272,0.25,1,2
R01_F03,1,3,14,3,tage,True,0.195418665408277,0.25,1,3
R01_F03,1,3,14,4,Zn,False,1.0,0.25,1,4
R01_F03,1,3,14,5,Mg,False,0.5647005421572561,0.25,1,5
R01_F03,1,3,14,6,Ti,False,0.3802358043534232,0.25,1,6
R01_F03,1,3,14,7,Cu,False,0.3199706989109959,0.25,1,7
R01_F03,1,3,14,8,Fe,False,0.2797064808512558,0.25,1,8
R01_F03,1,3,14,9,Zr,False,0.2380995490079138,0.25,1,9
R01_F03,1,3,14,10,Si,False,0.2154166113176404,0.25,1,10
R01_F03,1,3,14,11,Sc,False,0.1931273141242595,0.25,1,11
R01_F03,1,3,14,12,Cr,False,0.1695660249543786,0.25,1,12
R01_F03,1,3,14,13,Mn,False,0.1363444376398964,0.25,1,13
R01_F03,1,3,14,14,Li,False,0.1308889819276759,0.25,1,14
R01_F04,1,4,14,1,Tsol,True,0.7775937026864538,1.0,1,1
R01_F04,1,4,14,2,Tage,True,0.3918557978068861,1.0,1,2
R01_F04,1,4,14,3,tage,True,0.0,1.0,1,3
R01_F04,1,4,14,4,Zn,False,1.0,1.0,1,4
R01_F04,1,4,14,5,Mg,False,0.8495700822665718,1.0,1,5
R01_F04,1,4,14,6,Ti,False,0.4372642062087603,1.0,1,6
R01_F04,1,4,14,7,Si,False,0.4160002627744832,1.0,1,7
R01_F04,1,4,14,8,Sc,False,0.4076939404347217,1.0,1,8
R01_F04,1,4,14,9,Fe,False,0.3853331392740264,1.0,1,9
R01_F04,1,4,14,10,Zr,False,0.3727552604788312,1.0,1,10
R01_F04,1,4,14,11,Cr,False,0.3410702486179939,1.0,1,11
R01_F04,1,4,14,12,Li,False,0.2876203044919513,1.0,1,12
R01_F04,1,4,14,13,Cu,False,0.266237392648682,1.0,1,13
R01_F04,1,4,14,14,Ni,False,0.1621471280591629,1.0,1,14
R01_F05,1,5,14,1,Tsol,True,0.810756983047903,1.0,1,1
R01_F05,1,5,14,2,Tage,True,0.3509326911618696,1.0,1,2
R01_F05,1,5,14,3,tage,True,0.0,1.0,1,3
R01_F05,1,5,14,4,Zn,False,1.0,1.0,1,4
R01_F05,1,5,14,5,Mg,False,0.8627371056388407,1.0,1,5
R01_F05,1,5,14,6,Sc,False,0.4825840576948875,1.0,1,6
R01_F05,1,5,14,7,Fe,False,0.4586568386507369,1.0,1,7
R01_F05,1,5,14,8,Ti,False,0.4555239566016482,1.0,1,8
R01_F05,1,5,14,9,Si,False,0.4093648333022402,1.0,1,9
R01_F05,1,5,14,10,Zr,False,0.3654258633006135,1.0,1,10
R01_F05,1,5,14,11,Cr,False,0.3223525668556175,1.0,1,11
R01_F05,1,5,14,12,Cu,False,0.2714125467691202,1.0,1,12
R01_F05,1,5,14,13,Be,False,0.2561130738919015,1.0,1,13
R01_F05,1,5,14,14,Li,False,0.2120581500596521,1.0,1,14
R02_F01,2,1,14,1,Tsol,True,0.69395743847471,0.75,1,1
R02_F01,2,1,14,2,Tage,True,0.3563229637623567,0.75,1,2
R02_F01,2,1,14,3,tage,True,0.0843301435306939,0.75,1,3
R02_F01,2,1,14,4,Zn,False,1.0,0.75,1,4
R02_F01,2,1,14,5,Mg,False,0.7640203975291713,0.75,1,5
R02_F01,2,1,14,6,Ti,False,0.4452345777739612,0.75,1,6
R02_F01,2,1,14,7,Fe,False,0.3769277017145997,0.75,1,7
R02_F01,2,1,14,8,Si,False,0.3337168904899886,0.75,1,8
R02_F01,2,1,14,9,Sc,False,0.3251799513949376,0.75,1,9
R02_F01,2,1,14,10,Zr,False,0.2925642265243801,0.75,1,10
R02_F01,2,1,14,11,Cu,False,0.2496991137868647,0.75,1,11
R02_F01,2,1,14,12,Cr,False,0.2307681682047295,0.75,1,12
R02_F01,2,1,14,13,Li,False,0.2136858704173664,0.75,1,13
R02_F01,2,1,14,14,Be,False,0.1329340837909094,0.75,1,14
R02_F02,2,2,14,1,Tsol,True,0.5163331889516176,0.0,1,1
R02_F02,2,2,14,2,Tage,True,0.5187981025041845,0.0,1,2
R02_F02,2,2,14,3,tage,True,0.3503147078020937,0.0,1,3
R02_F02,2,2,14,4,Zn,False,1.0,0.0,1,4
R02_F02,2,2,14,5,Mg,False,0.4334327370803523,0.0,1,5
R02_F02,2,2,14,6,Cu,False,0.3710239658579707,0.0,1,6
R02_F02,2,2,14,7,Fe,False,0.254809081349676,0.0,1,7
R02_F02,2,2,14,8,Zr,False,0.240832076374588,0.0,1,8
R02_F02,2,2,14,9,Ti,False,0.2195198250433008,0.0,1,9
R02_F02,2,2,14,10,Si,False,0.1693482165694207,0.0,1,10
R02_F02,2,2,14,11,Li,False,0.1553137839231868,0.0,1,11
R02_F02,2,2,14,12,Mn,False,0.1465353652241969,0.0,1,12
R02_F02,2,2,14,13,Cr,False,0.1352656996657308,0.0,1,13
R02_F02,2,2,14,14,Sc,False,0.1003172565760978,0.0,1,14
R02_F03,2,3,14,1,Tsol,True,0.4758137566491996,0.0,1,1
R02_F03,2,3,14,2,Tage,True,0.3877030898019608,0.0,1,2
R02_F03,2,3,14,3,tage,True,0.2524939744701257,0.0,1,3
R02_F03,2,3,14,4,Zn,False,1.0,0.0,1,4
R02_F03,2,3,14,5,Mg,False,0.4156104622224952,0.0,1,5
R02_F03,2,3,14,6,Cu,False,0.3386129248746707,0.0,1,6
R02_F03,2,3,14,7,Ti,False,0.2554203188927008,0.0,1,7
R02_F03,2,3,14,8,Fe,False,0.2124021036539356,0.0,1,8
R02_F03,2,3,14,9,Zr,False,0.1953355097990386,0.0,1,9
R02_F03,2,3,14,10,Cr,False,0.1704453702667398,0.0,1,10
R02_F03,2,3,14,11,Mn,False,0.1478203761859121,0.0,1,11
R02_F03,2,3,14,12,Si,False,0.141848849051791,0.0,1,12
R02_F03,2,3,14,13,Li,False,0.1051205684674697,0.0,1,13
R02_F03,2,3,14,14,Sc,False,0.0942937853826811,0.0,1,14
R02_F04,2,4,14,1,Tsol,True,0.5318180575088318,0.0,1,1
R02_F04,2,4,14,2,Tage,True,0.5812137790812287,0.0,1,2
R02_F04,2,4,14,3,tage,True,0.3320759679614524,0.0,1,3
R02_F04,2,4,14,4,Zn,False,1.0,0.0,1,4
R02_F04,2,4,14,5,Mg,False,0.4414142477962655,0.0,1,5
R02_F04,2,4,14,6,Cu,False,0.3468870580434955,0.0,1,6
R02_F04,2,4,14,7,Ti,False,0.2631594318901997,0.0,1,7
R02_F04,2,4,14,8,Zr,False,0.2177791220902601,0.0,1,8
R02_F04,2,4,14,9,Fe,False,0.1808431165889946,0.0,1,9
R02_F04,2,4,14,10,Mn,False,0.1503123025175982,0.0,1,10
R02_F04,2,4,14,11,Li,False,0.1409693474377836,0.0,1,11
R02_F04,2,4,14,12,Cr,False,0.1279681636341873,0.0,1,12
R02_F04,2,4,14,13,Si,False,0.1255401404517268,0.0,1,13
R02_F04,2,4,14,14,Sc,False,0.111423630534972,0.0,1,14
R02_F05,2,5,14,1,Tsol,True,0.4374207442816045,0.0,1,1
R02_F05,2,5,14,2,Tage,True,0.4546177095294755,0.0,1,2
R02_F05,2,5,14,3,tage,True,0.2855189871074952,0.0,1,3
R02_F05,2,5,14,4,Zn,False,1.0,0.0,1,4
R02_F05,2,5,14,5,Mg,False,0.4517957657435292,0.0,1,5
R02_F05,2,5,14,6,Cu,False,0.2813193796105323,0.0,1,6
R02_F05,2,5,14,7,Zr,False,0.1955338453976256,0.0,1,7
R02_F05,2,5,14,8,Ti,False,0.1538861024266734,0.0,1,8
R02_F05,2,5,14,9,Fe,False,0.1386518492350942,0.0,1,9
R02_F05,2,5,14,10,Li,False,0.1337216376363817,0.0,1,10
R02_F05,2,5,14,11,Si,False,0.1193669878843585,0.0,1,11
R02_F05,2,5,14,12,Mn,False,0.1161663549596447,0.0,1,12
R02_F05,2,5,14,13,Cr,False,0.0877395868798124,0.0,1,13
R02_F05,2,5,14,14,Sc,False,0.0845887875098133,0.0,1,14
R03_F01,3,1,14,1,Tsol,True,0.4738986606136325,0.0,1,1
R03_F01,3,1,14,2,Tage,True,0.4171743172585642,0.0,1,2
R03_F01,3,1,14,3,tage,True,0.2795696099140201,0.0,1,3
R03_F01,3,1,14,4,Zn,False,1.0,0.0,1,4
R03_F01,3,1,14,5,Mg,False,0.3970939761491169,0.0,1,5
R03_F01,3,1,14,6,Cu,False,0.3145983875526307,0.0,1,6
R03_F01,3,1,14,7,Zr,False,0.2048756485975661,0.0,1,7
R03_F01,3,1,14,8,Fe,False,0.2013020155018426,0.0,1,8
R03_F01,3,1,14,9,Ti,False,0.1701878012331105,0.0,1,9
R03_F01,3,1,14,10,Si,False,0.1415969389193722,0.0,1,10
R03_F01,3,1,14,11,Li,False,0.1407192332065917,0.0,1,11
R03_F01,3,1,14,12,Mn,False,0.1402773062091786,0.0,1,12
R03_F01,3,1,14,13,Sc,False,0.1350443489365735,0.0,1,13
R03_F01,3,1,14,14,Cr,False,0.1172827276102579,0.0,1,14
R03_F02,3,2,14,1,Tsol,True,0.6704319984867595,0.75,1,1
R03_F02,3,2,14,2,Tage,True,0.4099430558057521,0.75,1,2
R03_F02,3,2,14,3,tage,True,0.0688029973538078,0.75,1,3
R03_F02,3,2,14,4,Zn,False,1.0,0.75,1,4
R03_F02,3,2,14,5,Mg,False,0.7470429841859629,0.75,1,5
R03_F02,3,2,14,6,Ti,False,0.3721780179112897,0.75,1,6
R03_F02,3,2,14,7,Fe,False,0.3567563856314967,0.75,1,7
R03_F02,3,2,14,8,Si,False,0.3317748354400816,0.75,1,8
R03_F02,3,2,14,9,Sc,False,0.327993690334349,0.75,1,9
R03_F02,3,2,14,10,Zr,False,0.2926965880555126,0.75,1,10
R03_F02,3,2,14,11,Cu,False,0.2760240022094367,0.75,1,11
R03_F02,3,2,14,12,Li,False,0.2315570483178627,0.75,1,12
R03_F02,3,2,14,13,Cr,False,0.1699170447158998,0.75,1,13
R03_F02,3,2,14,14,Be,False,0.1460296374796517,0.75,1,14
R03_F03,3,3,14,1,Tsol,True,0.720482014048018,0.75,1,1
R03_F03,3,3,14,2,Tage,True,0.3936547238230212,0.75,1,2
R03_F03,3,3,14,3,tage,True,0.0795790042262955,0.75,1,3
R03_F03,3,3,14,4,Zn,False,1.0,0.75,1,4
R03_F03,3,3,14,5,Mg,False,0.709303902688839,0.75,1,5
R03_F03,3,3,14,6,Ti,False,0.39196433765148,0.75,1,6
R03_F03,3,3,14,7,Si,False,0.3384656148077242,0.75,1,7
R03_F03,3,3,14,8,Fe,False,0.3381242144786885,0.75,1,8
R03_F03,3,3,14,9,Sc,False,0.3170528283064643,0.75,1,9
R03_F03,3,3,14,10,Cu,False,0.3037239402639506,0.75,1,10
R03_F03,3,3,14,11,Zr,False,0.2840386891069008,0.75,1,11
R03_F03,3,3,14,12,Cr,False,0.229422332920638,0.75,1,12
R03_F03,3,3,14,13,Li,False,0.2070292818234357,0.75,1,13
R03_F03,3,3,14,14,Ni,False,0.1148343332443564,0.75,1,14
R03_F04,3,4,14,1,Tsol,True,0.6514149978129526,0.25,1,1
R03_F04,3,4,14,2,Tage,True,0.5007435614116638,0.25,1,2
R03_F04,3,4,14,3,tage,True,0.2631253802501317,0.25,1,3
R03_F04,3,4,14,4,Zn,False,1.0,0.25,1,4
R03_F04,3,4,14,5,Mg,False,0.6000968619337611,0.25,1,5
R03_F04,3,4,14,6,Cu,False,0.3955055224948477,0.25,1,6
R03_F04,3,4,14,7,Ti,False,0.3337931760716401,0.25,1,7
R03_F04,3,4,14,8,Zr,False,0.2604445386989518,0.25,1,8
R03_F04,3,4,14,9,Fe,False,0.2464144842006211,0.25,1,9
R03_F04,3,4,14,10,Sc,False,0.2446980012815514,0.25,1,10
R03_F04,3,4,14,11,Si,False,0.2201373180339602,0.25,1,11
R03_F04,3,4,14,12,Cr,False,0.2103489466600775,0.25,1,12
R03_F04,3,4,14,13,Li,False,0.1530067707283984,0.25,1,13
R03_F04,3,4,14,14,Mn,False,0.1225392029004945,0.25,1,14
R03_F05,3,5,14,1,Tsol,True,0.6443131284993897,0.5,1,1
R03_F05,3,5,14,2,Tage,True,0.452262417143511,0.5,1,2
R03_F05,3,5,14,3,tage,True,0.1483153428733014,0.5,1,3
R03_F05,3,5,14,4,Zn,False,1.0,0.5,1,4
R03_F05,3,5,14,5,Mg,False,0.6604917517814288,0.5,1,5
R03_F05,3,5,14,6,Fe,False,0.3624417573470229,0.5,1,6
R03_F05,3,5,14,7,Ti,False,0.3593309468054642,0.5,1,7
R03_F05,3,5,14,8,Si,False,0.3024709300267297,0.5,1,8
R03_F05,3,5,14,9,Cu,False,0.2906895171915651,0.5,1,9
R03_F05,3,5,14,10,Zr,False,0.2887782790838737,0.5,1,10
R03_F05,3,5,14,11,Sc,False,0.2856113043224389,0.5,1,11
R03_F05,3,5,14,12,Cr,False,0.2464761269983717,0.5,1,12
R03_F05,3,5,14,13,Li,False,0.1946340139806867,0.5,1,13
R03_F05,3,5,14,14,Mn,False,0.1281957162222827,0.5,1,14
R04_F01,4,1,14,1,Tsol,True,0.7464312707830397,1.0,1,1
R04_F01,4,1,14,2,Tage,True,0.3987020903725244,1.0,1,2
R04_F01,4,1,14,3,tage,True,0.0,1.0,1,3
R04_F01,4,1,14,4,Zn,False,1.0,1.0,1,4
R04_F01,4,1,14,5,Mg,False,0.8286253246574914,1.0,1,5
R04_F01,4,1,14,6,Ti,False,0.4910494594683556,1.0,1,6
R04_F01,4,1,14,7,Fe,False,0.4654688171964035,1.0,1,7
R04_F01,4,1,14,8,Si,False,0.4504120274919182,1.0,1,8
R04_F01,4,1,14,9,Sc,False,0.4059371613487141,1.0,1,9
R04_F01,4,1,14,10,Cu,False,0.3306806290765442,1.0,1,10
R04_F01,4,1,14,11,Zr,False,0.2829172138163114,1.0,1,11
R04_F01,4,1,14,12,Cr,False,0.2803518550526621,1.0,1,12
R04_F01,4,1,14,13,Li,False,0.2275773777360288,1.0,1,13
R04_F01,4,1,14,14,Be,False,0.2078030912901428,1.0,1,14
R04_F02,4,2,14,1,Tsol,True,0.4719048957799788,0.0,1,1
R04_F02,4,2,14,2,Tage,True,0.3907299512460655,0.0,1,2
R04_F02,4,2,14,3,tage,True,0.2610993916212529,0.0,1,3
R04_F02,4,2,14,4,Zn,False,1.0,0.0,1,4
R04_F02,4,2,14,5,Mg,False,0.4724150138234395,0.0,1,5
R04_F02,4,2,14,6,Cu,False,0.3073655148872128,0.0,1,6
R04_F02,4,2,14,7,Ti,False,0.209082419277627,0.0,1,7
R04_F02,4,2,14,8,Zr,False,0.2019088343145597,0.0,1,8
R04_F02,4,2,14,9,Fe,False,0.1967811577752928,0.0,1,9
R04_F02,4,2,14,10,Si,False,0.1449304057208911,0.0,1,10
R04_F02,4,2,14,11,Li,False,0.1444919903861556,0.0,1,11
R04_F02,4,2,14,12,Mn,False,0.1396035171712693,0.0,1,12
R04_F02,4,2,14,13,Sc,False,0.1141767705672102,0.0,1,13
R04_F02,4,2,14,14,Cr,False,0.1050400489479337,0.0,1,14
R04_F03,4,3,14,1,Tsol,True,0.6707521736477061,0.25,1,1
R04_F03,4,3,14,2,Tage,True,0.5214818552277922,0.25,1,2
R04_F03,4,3,14,3,tage,True,0.2969303963204057,0.25,1,3
R04_F03,4,3,14,4,Zn,False,1.0,0.25,1,4
R04_F03,4,3,14,5,Mg,False,0.6104250045666156,0.25,1,5
R04_F03,4,3,14,6,Cu,False,0.3693901858597532,0.25,1,6
R04_F03,4,3,14,7,Ti,False,0.3410599296877037,0.25,1,7
R04_F03,4,3,14,8,Fe,False,0.2992383982364291,0.25,1,8
R04_F03,4,3,14,9,Zr,False,0.2909387435254043,0.25,1,9
R04_F03,4,3,14,10,Si,False,0.2138785134908635,0.25,1,10
R04_F03,4,3,14,11,Cr,False,0.2007709142005778,0.25,1,11
R04_F03,4,3,14,12,Sc,False,0.190654083451469,0.25,1,12
R04_F03,4,3,14,13,Li,False,0.1640333257742559,0.25,1,13
R04_F03,4,3,14,14,Mn,False,0.16282655891398,0.25,1,14
R04_F04,4,4,14,1,Tsol,True,0.6354715035838051,0.5,1,1
R04_F04,4,4,14,2,Tage,True,0.3720527695872747,0.5,1,2
R04_F04,4,4,14,3,tage,True,0.1161982974569258,0.5,1,3
R04_F04,4,4,14,4,Zn,False,1.0,0.5,1,4
R04_F04,4,4,14,5,Mg,False,0.6287051695540471,0.5,1,5
R04_F04,4,4,14,6,Ti,False,0.3302564933059068,0.5,1,6
R04_F04,4,4,14,7,Zr,False,0.2945519381283408,0.5,1,7
R04_F04,4,4,14,8,Fe,False,0.2778128271874633,0.5,1,8
R04_F04,4,4,14,9,Sc,False,0.2715615570118002,0.5,1,9
R04_F04,4,4,14,10,Cu,False,0.2710171791517809,0.5,1,10
R04_F04,4,4,14,11,Si,False,0.2437196479544618,0.5,1,11
R04_F04,4,4,14,12,Cr,False,0.227823676095584,0.5,1,12
R04_F04,4,4,14,13,Li,False,0.1921411463542415,0.5,1,13
R04_F04,4,4,14,14,Mn,False,0.1055164993291951,0.5,1,14
R04_F05,4,5,14,1,Tsol,True,0.7702967259075566,0.75,1,1
R04_F05,4,5,14,2,Tage,True,0.4148918252010177,0.75,1,2
R04_F05,4,5,14,3,tage,True,0.0782085991930811,0.75,1,3
R04_F05,4,5,14,4,Zn,False,1.0,0.75,1,4
R04_F05,4,5,14,5,Mg,False,0.7660603658984031,0.75,1,5
R04_F05,4,5,14,6,Ti,False,0.389699144491929,0.75,1,6
R04_F05,4,5,14,7,Sc,False,0.3741300688642695,0.75,1,7
R04_F05,4,5,14,8,Si,False,0.3459190854281753,0.75,1,8
R04_F05,4,5,14,9,Fe,False,0.3425617668449532,0.75,1,9
R04_F05,4,5,14,10,Zr,False,0.3392481326097101,0.75,1,10
R04_F05,4,5,14,11,Cu,False,0.2944165060607224,0.75,1,11
R04_F05,4,5,14,12,Cr,False,0.2727264117667459,0.75,1,12
R04_F05,4,5,14,13,Li,False,0.2154656865276267,0.75,1,13
R04_F05,4,5,14,14,Be,False,0.16843437073061,0.75,1,14
R05_F01,5,1,14,1,Tsol,True,0.5820411540057805,0.25,1,1
R05_F01,5,1,14,2,Tage,True,0.4262217665607102,0.25,1,2
R05_F01,5,1,14,3,tage,True,0.2644152503359097,0.25,1,3
R05_F01,5,1,14,4,Zn,False,1.0,0.25,1,4
R05_F01,5,1,14,5,Mg,False,0.5579068573705274,0.25,1,5
R05_F01,5,1,14,6,Cu,False,0.3387173230727959,0.25,1,6
R05_F01,5,1,14,7,Zr,False,0.2789473411584809,0.25,1,7
R05_F01,5,1,14,8,Ti,False,0.2764650591484461,0.25,1,8
R05_F01,5,1,14,9,Fe,False,0.2657297603325597,0.25,1,9
R05_F01,5,1,14,10,Si,False,0.2028448467037293,0.25,1,10
R05_F01,5,1,14,11,Sc,False,0.1997667550735255,0.25,1,11
R05_F01,5,1,14,12,Cr,False,0.1747290208084359,0.25,1,12
R05_F01,5,1,14,13,Li,False,0.1584881101749112,0.25,1,13
R05_F01,5,1,14,14,Mn,False,0.1405805850095929,0.25,1,14
R05_F02,5,2,14,1,Tsol,True,0.5750749317557096,0.25,1,1
R05_F02,5,2,14,2,Tage,True,0.4965396164392598,0.25,1,2
R05_F02,5,2,14,3,tage,True,0.2490843847738546,0.25,1,3
R05_F02,5,2,14,4,Zn,False,1.0,0.25,1,4
R05_F02,5,2,14,5,Mg,False,0.5142406328475102,0.25,1,5
R05_F02,5,2,14,6,Cu,False,0.3065355159003968,0.25,1,6
R05_F02,5,2,14,7,Ti,False,0.3018098044773356,0.25,1,7
R05_F02,5,2,14,8,Fe,False,0.2630691732312595,0.25,1,8
R05_F02,5,2,14,9,Si,False,0.197832120431171,0.25,1,9
R05_F02,5,2,14,10,Zr,False,0.1883987357163495,0.25,1,10
R05_F02,5,2,14,11,Cr,False,0.169126641166654,0.25,1,11
R05_F02,5,2,14,12,Sc,False,0.1643785017755888,0.25,1,12
R05_F02,5,2,14,13,Li,False,0.1244470123563599,0.25,1,13
R05_F02,5,2,14,14,Mn,False,0.1228506801174426,0.25,1,14
R05_F03,5,3,14,1,Tsol,True,0.7686458168227843,1.0,1,1
R05_F03,5,3,14,2,Tage,True,0.3920820173269487,1.0,1,2
R05_F03,5,3,14,3,tage,True,0.0,1.0,1,3
R05_F03,5,3,14,4,Zn,False,1.0,1.0,1,4
R05_F03,5,3,14,5,Mg,False,0.8751428540384789,1.0,1,5
R05_F03,5,3,14,6,Si,False,0.4695981411168416,1.0,1,6
R05_F03,5,3,14,7,Ti,False,0.4520582650568699,1.0,1,7
R05_F03,5,3,14,8,Sc,False,0.4403837397386415,1.0,1,8
R05_F03,5,3,14,9,Fe,False,0.4396436068508231,1.0,1,9
R05_F03,5,3,14,10,Zr,False,0.3200460965243693,1.0,1,10
R05_F03,5,3,14,11,Cu,False,0.2960358432091116,1.0,1,11
R05_F03,5,3,14,12,Li,False,0.2733021094757012,1.0,1,12
R05_F03,5,3,14,13,Cr,False,0.2728179050570201,1.0,1,13
R05_F03,5,3,14,14,Be,False,0.1992868452762718,1.0,1,14
R05_F04,5,4,14,1,Tsol,True,0.5410617767581438,0.0,1,1
R05_F04,5,4,14,2,Tage,True,0.5380075022034742,0.0,1,2
R05_F04,5,4,14,3,tage,True,0.3064533863678209,0.0,1,3
R05_F04,5,4,14,4,Zn,False,1.0,0.0,1,4
R05_F04,5,4,14,5,Mg,False,0.4477483712051481,0.0,1,5
R05_F04,5,4,14,6,Cu,False,0.3395538427479309,0.0,1,6
R05_F04,5,4,14,7,Zr,False,0.2330392153566355,0.0,1,7
R05_F04,5,4,14,8,Ti,False,0.2267204021658992,0.0,1,8
R05_F04,5,4,14,9,Fe,False,0.1822945720107204,0.0,1,9
R05_F04,5,4,14,10,Si,False,0.1634771888323639,0.0,1,10
R05_F04,5,4,14,11,Mn,False,0.1587234439537455,0.0,1,11
R05_F04,5,4,14,12,Cr,False,0.1244494300322763,0.0,1,12
R05_F04,5,4,14,13,Li,False,0.1234515521585388,0.0,1,13
R05_F04,5,4,14,14,Sc,False,0.1202084047050424,0.0,1,14
R05_F05,5,5,14,1,Tsol,True,0.6481674609452478,0.5,1,1
R05_F05,5,5,14,2,Tage,True,0.4170470055718017,0.5,1,2
R05_F05,5,5,14,3,tage,True,0.1323080727254722,0.5,1,3
R05_F05,5,5,14,4,Zn,False,1.0,0.5,1,4
R05_F05,5,5,14,5,Mg,False,0.6522771673118016,0.5,1,5
R05_F05,5,5,14,6,Ti,False,0.3450035086508743,0.5,1,6
R05_F05,5,5,14,7,Fe,False,0.3335368282595273,0.5,1,7
R05_F05,5,5,14,8,Zr,False,0.3038546459827893,0.5,1,8
R05_F05,5,5,14,9,Cu,False,0.2951479386770411,0.5,1,9
R05_F05,5,5,14,10,Sc,False,0.2727733555093968,0.5,1,10
R05_F05,5,5,14,11,Si,False,0.2705203363688256,0.5,1,11
R05_F05,5,5,14,12,Cr,False,0.2235339131464002,0.5,1,12
R05_F05,5,5,14,13,Li,False,0.2000238122958645,0.5,1,13
R05_F05,5,5,14,14,Mn,False,0.0961346561435694,0.5,1,14
R01_F01,1,1,15,1,Tsol,True,0.5805556387519786,0.25,1,1
R01_F01,1,1,15,2,Tage,True,0.4563617152906778,0.25,1,2
R01_F01,1,1,15,3,tage,True,0.2087899598742195,0.25,1,3
R01_F01,1,1,15,4,Zn,False,1.0,0.25,1,4
R01_F01,1,1,15,5,Mg,False,0.5693696368078163,0.25,1,5
R01_F01,1,1,15,6,Cu,False,0.3035169373714433,0.25,1,6
R01_F01,1,1,15,7,Ti,False,0.2654131313951025,0.25,1,7
R01_F01,1,1,15,8,Fe,False,0.2565112179680752,0.25,1,8
R01_F01,1,1,15,9,Si,False,0.2091789386669604,0.25,1,9
R01_F01,1,1,15,10,Zr,False,0.2064941050258356,0.25,1,10
R01_F01,1,1,15,11,Sc,False,0.174332796430578,0.25,1,11
R01_F01,1,1,15,12,Li,False,0.1624926234147186,0.25,1,12
R01_F01,1,1,15,13,Cr,False,0.1216175047317761,0.25,1,13
R01_F01,1,1,15,14,Mn,False,0.1096412077289285,0.25,1,14
R01_F01,1,1,15,15,Be,False,0.0625444982546594,0.25,1,15
R01_F02,1,2,15,1,Tsol,True,0.7806099054722633,1.0,1,1
R01_F02,1,2,15,2,Tage,True,0.4094378426823176,1.0,1,2
R01_F02,1,2,15,3,tage,True,0.0,1.0,1,3
R01_F02,1,2,15,4,Zn,False,1.0,1.0,1,4
R01_F02,1,2,15,5,Mg,False,0.8395812949571313,1.0,1,5
R01_F02,1,2,15,6,Si,False,0.4405110427769681,1.0,1,6
R01_F02,1,2,15,7,Ti,False,0.4290204654980908,1.0,1,7
R01_F02,1,2,15,8,Fe,False,0.4146476208201085,1.0,1,8
R01_F02,1,2,15,9,Sc,False,0.4084215681579968,1.0,1,9
R01_F02,1,2,15,10,Cu,False,0.3246824287147397,1.0,1,10
R01_F02,1,2,15,11,Cr,False,0.2946096038345689,1.0,1,11
R01_F02,1,2,15,12,Zr,False,0.294546006792182,1.0,1,12
R01_F02,1,2,15,13,Li,False,0.2461237863577902,1.0,1,13
R01_F02,1,2,15,14,Be,False,0.2081741453219136,1.0,1,14
R01_F02,1,2,15,15,Ni,False,0.1721656385156597,1.0,1,15
R01_F03,1,3,15,1,Tsol,True,0.802603471436323,1.0,1,1
R01_F03,1,3,15,2,Tage,True,0.4309187187037233,1.0,1,2
R01_F03,1,3,15,3,tage,True,0.0,1.0,1,3
R01_F03,1,3,15,4,Zn,False,1.0,1.0,1,4
R01_F03,1,3,15,5,Mg,False,0.8522171328641875,1.0,1,5
R01_F03,1,3,15,6,Ti,False,0.5098047732590993,1.0,1,6
R01_F03,1,3,15,7,Sc,False,0.4634130687870732,1.0,1,7
R01_F03,1,3,15,8,Fe,False,0.433634715544281,1.0,1,8
R01_F03,1,3,15,9,Si,False,0.4155594628382364,1.0,1,9
R01_F03,1,3,15,10,Zr,False,0.4093288193878762,1.0,1,10
R01_F03,1,3,15,11,Cu,False,0.329614825866332,1.0,1,11
R01_F03,1,3,15,12,Cr,False,0.3064592465229266,1.0,1,12
R01_F03,1,3,15,13,Li,False,0.236650186357446,1.0,1,13
R01_F03,1,3,15,14,Be,False,0.2038121657186389,1.0,1,14
R01_F03,1,3,15,15,V,False,0.1412039595387366,1.0,1,15
R01_F04,1,4,15,1,Tsol,True,0.5857419232189498,0.25,1,1
R01_F04,1,4,15,2,Tage,True,0.5095988947701513,0.25,1,2
R01_F04,1,4,15,3,tage,True,0.2683343063055687,0.25,1,3
R01_F04,1,4,15,4,Zn,False,1.0,0.25,1,4
R01_F04,1,4,15,5,Mg,False,0.5528132618871704,0.25,1,5
R01_F04,1,4,15,6,Cu,False,0.3533547941353595,0.25,1,6
R01_F04,1,4,15,7,Ti,False,0.277920233724819,0.25,1,7
R01_F04,1,4,15,8,Zr,False,0.2660311894622336,0.25,1,8
R01_F04,1,4,15,9,Fe,False,0.2254343900162642,0.25,1,9
R01_F04,1,4,15,10,Si,False,0.1938422862753655,0.25,1,10
R01_F04,1,4,15,11,Sc,False,0.1840925145575736,0.25,1,11
R01_F04,1,4,15,12,Li,False,0.1788062502417897,0.25,1,12
R01_F04,1,4,15,13,Cr,False,0.1707425562060963,0.25,1,13
R01_F04,1,4,15,14,Mn,False,0.1250687695210926,0.25,1,14
R01_F04,1,4,15,15,Ni,False,0.0497649027959277,0.25,1,15
R01_F05,1,5,15,1,Tsol,True,0.7371005835190751,0.75,1,1
R01_F05,1,5,15,2,Tage,True,0.3802319271582157,0.75,1,2
R01_F05,1,5,15,3,tage,True,0.075485273093135,0.75,1,3
R01_F05,1,5,15,4,Zn,False,1.0,0.75,1,4
R01_F05,1,5,15,5,Mg,False,0.7685488833103494,0.75,1,5
R01_F05,1,5,15,6,Ti,False,0.4122997815786315,0.75,1,6
R01_F05,1,5,15,7,Fe,False,0.402276393391065,0.75,1,7
R01_F05,1,5,15,8,Sc,False,0.3835126600206544,0.75,1,8
R01_F05,1,5,15,9,Si,False,0.3407667693798221,0.75,1,9
R01_F05,1,5,15,10,Zr,False,0.325275572649057,0.75,1,10
R01_F05,1,5,15,11,Cu,False,0.2954256310705951,0.75,1,11
R01_F05,1,5,15,12,Cr,False,0.2805993456431502,0.75,1,12
R01_F05,1,5,15,13,Be,False,0.1990550508150225,0.75,1,13
R01_F05,1,5,15,14,Li,False,0.1864876039888836,0.75,1,14
R01_F05,1,5,15,15,Ni,False,0.1088913052920966,0.75,1,15
R02_F01,2,1,15,1,Tsol,True,0.633836825837871,0.5,1,1
R02_F01,2,1,15,2,Tage,True,0.3968139055061174,0.5,1,2
R02_F01,2,1,15,3,tage,True,0.1686602870613879,0.5,1,3
R02_F01,2,1,15,4,Zn,False,1.0,0.5,1,4
R02_F01,2,1,15,5,Mg,False,0.6725737870737454,0.5,1,5
R02_F01,2,1,15,6,Ti,False,0.4029697213527385,0.5,1,6
R02_F01,2,1,15,7,Fe,False,0.3306070336497703,0.5,1,7
R02_F01,2,1,15,8,Si,False,0.2738984628692515,0.5,1,8
R02_F01,2,1,15,9,Cu,False,0.2660836740757569,0.5,1,9
R02_F01,2,1,15,10,Zr,False,0.2560533053240578,0.5,1,10
R02_F01,2,1,15,11,Sc,False,0.2460012252706959,0.5,1,11
R02_F01,2,1,15,12,Cr,False,0.1914416881323621,0.5,1,12
R02_F01,2,1,15,13,Li,False,0.166477026558189,0.5,1,13
R02_F01,2,1,15,14,Mn,False,0.120218717411872,0.5,1,14
R02_F01,2,1,15,15,Be,False,0.0948969356753506,0.5,1,15
R02_F02,2,2,15,1,Tsol,True,0.5163331889516176,0.0,1,1
R02_F02,2,2,15,2,Tage,True,0.5187981025041845,0.0,1,2
R02_F02,2,2,15,3,tage,True,0.3503147078020937,0.0,1,3
R02_F02,2,2,15,4,Zn,False,1.0,0.0,1,4
R02_F02,2,2,15,5,Mg,False,0.4334327370803523,0.0,1,5
R02_F02,2,2,15,6,Cu,False,0.3710239658579707,0.0,1,6
R02_F02,2,2,15,7,Fe,False,0.254809081349676,0.0,1,7
R02_F02,2,2,15,8,Zr,False,0.240832076374588,0.0,1,8
R02_F02,2,2,15,9,Ti,False,0.2195198250433008,0.0,1,9
R02_F02,2,2,15,10,Si,False,0.1693482165694207,0.0,1,10
R02_F02,2,2,15,11,Li,False,0.1553137839231868,0.0,1,11
R02_F02,2,2,15,12,Mn,False,0.1465353652241969,0.0,1,12
R02_F02,2,2,15,13,Cr,False,0.1352656996657308,0.0,1,13
R02_F02,2,2,15,14,Sc,False,0.1003172565760978,0.0,1,14
R02_F02,2,2,15,15,Ni,False,0.0456203891690509,0.0,1,15
R02_F03,2,3,15,1,Tsol,True,0.4758137566491996,0.0,1,1
R02_F03,2,3,15,2,Tage,True,0.3877030898019608,0.0,1,2
R02_F03,2,3,15,3,tage,True,0.2524939744701257,0.0,1,3
R02_F03,2,3,15,4,Zn,False,1.0,0.0,1,4
R02_F03,2,3,15,5,Mg,False,0.4156104622224952,0.0,1,5
R02_F03,2,3,15,6,Cu,False,0.3386129248746707,0.0,1,6
R02_F03,2,3,15,7,Ti,False,0.2554203188927008,0.0,1,7
R02_F03,2,3,15,8,Fe,False,0.2124021036539356,0.0,1,8
R02_F03,2,3,15,9,Zr,False,0.1953355097990386,0.0,1,9
R02_F03,2,3,15,10,Cr,False,0.1704453702667398,0.0,1,10
R02_F03,2,3,15,11,Mn,False,0.1478203761859121,0.0,1,11
R02_F03,2,3,15,12,Si,False,0.141848849051791,0.0,1,12
R02_F03,2,3,15,13,Li,False,0.1051205684674697,0.0,1,13
R02_F03,2,3,15,14,Sc,False,0.0942937853826811,0.0,1,14
R02_F03,2,3,15,15,Ni,False,0.0287621100417739,0.0,1,15
R02_F04,2,4,15,1,Tsol,True,0.7687293690998315,1.0,1,1
R02_F04,2,4,15,2,Tage,True,0.3447921315469719,1.0,1,2
R02_F04,2,4,15,3,tage,True,0.0,1.0,1,3
R02_F04,2,4,15,4,Zn,False,1.0,1.0,1,4
R02_F04,2,4,15,5,Mg,False,0.8612706590352617,1.0,1,5
R02_F04,2,4,15,6,Sc,False,0.4640036253086523,1.0,1,6
R02_F04,2,4,15,7,Ti,False,0.43713935953322,1.0,1,7
R02_F04,2,4,15,8,Si,False,0.4098264416657138,1.0,1,8
R02_F04,2,4,15,9,Fe,False,0.3833324413760923,1.0,1,9
R02_F04,2,4,15,10,Zr,False,0.3448803086870645,1.0,1,10
R02_F04,2,4,15,11,Cu,False,0.2786159577022312,1.0,1,11
R02_F04,2,4,15,12,Li,False,0.2700497172204784,1.0,1,12
R02_F04,2,4,15,13,Cr,False,0.2518672806477875,1.0,1,13
R02_F04,2,4,15,14,Be,False,0.1755539857091328,1.0,1,14
R02_F04,2,4,15,15,Ni,False,0.1603530037811411,1.0,1,15
R02_F05,2,5,15,1,Tsol,True,0.4374207442816045,0.0,1,1
R02_F05,2,5,15,2,Tage,True,0.4546177095294755,0.0,1,2
R02_F05,2,5,15,3,tage,True,0.2855189871074952,0.0,1,3
R02_F05,2,5,15,4,Zn,False,1.0,0.0,1,4
R02_F05,2,5,15,5,Mg,False,0.4517957657435292,0.0,1,5
R02_F05,2,5,15,6,Cu,False,0.2813193796105323,0.0,1,6
R02_F05,2,5,15,7,Zr,False,0.1955338453976256,0.0,1,7
R02_F05,2,5,15,8,Ti,False,0.1538861024266734,0.0,1,8
R02_F05,2,5,15,9,Fe,False,0.1386518492350942,0.0,1,9
R02_F05,2,5,15,10,Li,False,0.1337216376363817,0.0,1,10
R02_F05,2,5,15,11,Si,False,0.1193669878843585,0.0,1,11
R02_F05,2,5,15,12,Mn,False,0.1161663549596447,0.0,1,12
R02_F05,2,5,15,13,Cr,False,0.0877395868798124,0.0,1,13
R02_F05,2,5,15,14,Sc,False,0.0845887875098133,0.0,1,14
R02_F05,2,5,15,15,Be,False,0.0246816962878973,0.0,1,15
R03_F01,3,1,15,1,Tsol,True,0.550987528371025,0.25,1,1
R03_F01,3,1,15,2,Tage,True,0.4195834087146857,0.25,1,2
R03_F01,3,1,15,3,tage,True,0.2096772074355151,0.25,1,3
R03_F01,3,1,15,4,Zn,False,1.0,0.25,1,4
R03_F01,3,1,15,5,Mg,False,0.509883115886623,0.25,1,5
R03_F01,3,1,15,6,Cu,False,0.3228975548756905,0.25,1,6
R03_F01,3,1,15,7,Fe,False,0.2587282719005432,0.25,1,7
R03_F01,3,1,15,8,Ti,False,0.237820894876891,0.25,1,8
R03_F01,3,1,15,9,Zr,False,0.2369309855841366,0.25,1,9
R03_F01,3,1,15,10,Si,False,0.2138048120984631,0.25,1,10
R03_F01,3,1,15,11,Sc,False,0.2040305176669876,0.25,1,11
R03_F01,3,1,15,12,Li,False,0.174403945771244,0.25,1,12
R03_F01,3,1,15,13,Cr,False,0.1664124997843235,0.25,1,13
R03_F01,3,1,15,14,Mn,False,0.139321510462528,0.25,1,14
R03_F01,3,1,15,15,Be,False,0.0811172440837086,0.25,1,15
R03_F02,3,2,15,1,Tsol,True,0.6704319984867595,0.75,1,1
R03_F02,3,2,15,2,Tage,True,0.4099430558057521,0.75,1,2
R03_F02,3,2,15,3,tage,True,0.0688029973538078,0.75,1,3
R03_F02,3,2,15,4,Zn,False,1.0,0.75,1,4
R03_F02,3,2,15,5,Mg,False,0.7470429841859629,0.75,1,5
R03_F02,3,2,15,6,Ti,False,0.3721780179112897,0.75,1,6
R03_F02,3,2,15,7,Fe,False,0.3567563856314967,0.75,1,7
R03_F02,3,2,15,8,Si,False,0.3317748354400816,0.75,1,8
R03_F02,3,2,15,9,Sc,False,0.327993690334349,0.75,1,9
R03_F02,3,2,15,10,Zr,False,0.2926965880555126,0.75,1,10
R03_F02,3,2,15,11,Cu,False,0.2760240022094367,0.75,1,11
R03_F02,3,2,15,12,Li,False,0.2315570483178627,0.75,1,12
R03_F02,3,2,15,13,Cr,False,0.1699170447158998,0.75,1,13
R03_F02,3,2,15,14,Be,False,0.1460296374796517,0.75,1,14
R03_F02,3,2,15,15,Ni,False,0.0761284698395294,0.75,1,15
R03_F03,3,3,15,1,Tsol,True,0.5864218386567575,0.25,1,1
R03_F03,3,3,15,2,Tage,True,0.4780494083572426,0.25,1,2
R03_F03,3,3,15,3,tage,True,0.2387370126788867,0.25,1,3
R03_F03,3,3,15,4,Zn,False,1.0,0.25,1,4
R03_F03,3,3,15,5,Mg,False,0.5012405978618621,0.25,1,5
R03_F03,3,3,15,6,Cu,False,0.2958642688215243,0.25,1,6
R03_F03,3,3,15,7,Ti,False,0.2917355039247733,0.25,1,7
R03_F03,3,3,15,8,Fe,False,0.2312300448590315,0.25,1,8
R03_F03,3,3,15,9,Zr,False,0.2228953705562465,0.25,1,9
R03_F03,3,3,15,10,Si,False,0.1966159843257132,0.25,1,10
R03_F03,3,3,15,11,Sc,False,0.1624760346752824,0.25,1,11
R03_F03,3,3,15,12,Cr,False,0.1453022378819407,0.25,1,12
R03_F03,3,3,15,13,Li,False,0.1409999482594859,0.25,1,13
R03_F03,3,3,15,14,Mn,False,0.1003640645772085,0.25,1,14
R03_F03,3,3,15,15,Be,False,0.0508019301335541,0.25,1,15
R03_F04,3,4,15,1,Tsol,True,0.6996966162088041,0.5,1,1
R03_F04,3,4,15,2,Tage,True,0.4538492706304615,0.5,1,2
R03_F04,3,4,15,3,tage,True,0.1754169201667544,0.5,1,3
R03_F04,3,4,15,4,Zn,False,1.0,0.5,1,4
R03_F04,3,4,15,5,Mg,False,0.6991674659302445,0.5,1,5
R03_F04,3,4,15,6,Ti,False,0.3870291667281786,0.5,1,6
R03_F04,3,4,15,7,Cu,False,0.3615163728209067,0.5,1,7
R03_F04,3,4,15,8,Sc,False,0.3251664312437784,0.5,1,8
R03_F04,3,4,15,9,Zr,False,0.2969394111402904,0.5,1,9
R03_F04,3,4,15,10,Fe,False,0.2877531436069671,0.5,1,10
R03_F04,3,4,15,11,Si,False,0.2723758773423582,0.5,1,11
R03_F04,3,4,15,12,Cr,False,0.258954863711288,0.5,1,12
R03_F04,3,4,15,13,Li,False,0.1758214607385602,0.5,1,13
R03_F04,3,4,15,14,Be,False,0.1124916083647924,0.5,1,14
R03_F04,3,4,15,15,Mn,False,0.087966359600523,0.5,1,15
R03_F05,3,5,15,1,Tsol,True,0.7108945964934584,0.75,1,1
R03_F05,3,5,15,2,Tage,True,0.4410592568414454,0.75,1,2
R03_F05,3,5,15,3,tage,True,0.0741576714366507,0.75,1,3
R03_F05,3,5,15,4,Zn,False,1.0,0.75,1,4
R03_F05,3,5,15,5,Mg,False,0.7540864526231843,0.75,1,5
R03_F05,3,5,15,6,Ti,False,0.4087219394806208,0.75,1,6
R03_F05,3,5,15,7,Fe,False,0.4075619369370025,0.75,1,7
R03_F05,3,5,15,8,Si,False,0.3786816512885444,0.75,1,8
R03_F05,3,5,15,9,Sc,False,0.371139095359906,0.75,1,9
R03_F05,3,5,15,10,Zr,False,0.3261738087852316,0.75,1,10
R03_F05,3,5,15,11,Cr,False,0.2974201421700231,0.75,1,11
R03_F05,3,5,15,12,Cu,False,0.2830080070179598,0.75,1,12
R03_F05,3,5,15,13,Li,False,0.2267554016267616,0.75,1,13
R03_F05,3,5,15,14,Be,False,0.1616523740658113,0.75,1,14
R03_F05,3,5,15,15,Ni,False,0.1355003401133621,0.75,1,15
R04_F01,4,1,15,1,Tsol,True,0.5022591901715263,0.0,1,1
R04_F01,4,1,15,2,Tage,True,0.5389150466383356,0.0,1,2
R04_F01,4,1,15,3,tage,True,0.3576045105307323,0.0,1,3
R04_F01,4,1,15,4,Zn,False,1.0,0.0,1,4
R04_F01,4,1,15,5,Mg,False,0.4516219718329783,0.0,1,5
R04_F01,4,1,15,6,Cu,False,0.3524092841714984,0.0,1,6
R04_F01,4,1,15,7,Ti,False,0.2442649368827135,0.0,1,7
R04_F01,4,1,15,8,Fe,False,0.217481930527417,0.0,1,8
R04_F01,4,1,15,9,Zr,False,0.1552621735562016,0.0,1,9
R04_F01,4,1,15,10,Mn,False,0.1462878284702105,0.0,1,10
R04_F01,4,1,15,11,Si,False,0.1440762354764343,0.0,1,11
R04_F01,4,1,15,12,Cr,False,0.1194681042376527,0.0,1,12
R04_F01,4,1,15,13,Li,False,0.1174526941160613,0.0,1,13
R04_F01,4,1,15,14,Sc,False,0.096156648359311,0.0,1,14
R04_F01,4,1,15,15,Ni,False,0.0246152306319937,0.0,1,15
R04_F02,4,2,15,1,Tsol,True,0.5365929131149263,0.25,1,1
R04_F02,4,2,15,2,Tage,True,0.417725819338638,0.25,1,2
R04_F02,4,2,15,3,tage,True,0.1958245437159396,0.25,1,3
R04_F02,4,2,15,4,Zn,False,1.0,0.25,1,4
R04_F02,4,2,15,5,Mg,False,0.5663431786066221,0.25,1,5
R04_F02,4,2,15,6,Cu,False,0.31293147649913,0.25,1,6
R04_F02,4,2,15,7,Ti,False,0.2548802591967017,0.25,1,7
R04_F02,4,2,15,8,Fe,False,0.2338768691664837,0.25,1,8
R04_F02,4,2,15,9,Si,False,0.2171965954805273,0.25,1,9
R04_F02,4,2,15,10,Zr,False,0.2055860081319723,0.25,1,10
R04_F02,4,2,15,11,Sc,False,0.1741378323420393,0.25,1,11
R04_F02,4,2,15,12,Li,False,0.1739066942453619,0.25,1,12
R04_F02,4,2,15,13,Cr,False,0.1279292975450446,0.25,1,13
R04_F02,4,2,15,14,Mn,False,0.1108022417122353,0.25,1,14
R04_F02,4,2,15,15,Be,False,0.0654303489750567,0.25,1,15
R04_F03,4,3,15,1,Tsol,True,0.7273941473150516,0.5,1,1
R04_F03,4,3,15,2,Tage,True,0.4793842022985085,0.5,1,2
R04_F03,4,3,15,3,tage,True,0.1979535975469371,0.5,1,3
R04_F03,4,3,15,4,Zn,False,1.0,0.5,1,4
R04_F03,4,3,15,5,Mg,False,0.6958268658155778,0.5,1,5
R04_F03,4,3,15,6,Ti,False,0.3927905147851199,0.5,1,6
R04_F03,4,3,15,7,Fe,False,0.3496085449420631,0.5,1,7
R04_F03,4,3,15,8,Cu,False,0.3473391864592343,0.5,1,8
R04_F03,4,3,15,9,Zr,False,0.3413321282974264,0.5,1,9
R04_F03,4,3,15,10,Sc,False,0.2899036905523066,0.5,1,10
R04_F03,4,3,15,11,Si,False,0.2769082135958267,0.5,1,11
R04_F03,4,3,15,12,Cr,False,0.2410955085416249,0.5,1,12
R04_F03,4,3,15,13,Li,False,0.2026596444703108,0.5,1,13
R04_F03,4,3,15,14,Mn,False,0.1487682229150601,0.5,1,14
R04_F03,4,3,15,15,Be,False,0.1318013672284347,0.5,1,15
R04_F04,4,4,15,1,Tsol,True,0.7061884072877848,0.75,1,1
R04_F04,4,4,15,2,Tage,True,0.3551429310174411,0.75,1,2
R04_F04,4,4,15,3,tage,True,0.0580991487284629,0.75,1,3
R04_F04,4,4,15,4,Zn,False,1.0,0.75,1,4
R04_F04,4,4,15,5,Mg,False,0.7319502908914673,0.75,1,5
R04_F04,4,4,15,6,Ti,False,0.3947141281053348,0.75,1,6
R04_F04,4,4,15,7,Sc,False,0.3566551433965595,0.75,1,7
R04_F04,4,4,15,8,Zr,False,0.3432287623780708,0.75,1,8
R04_F04,4,4,15,9,Fe,False,0.3355379622073115,0.75,1,9
R04_F04,4,4,15,10,Si,False,0.3090534681581651,0.75,1,10
R04_F04,4,4,15,11,Cr,False,0.2848420529302163,0.75,1,11
R04_F04,4,4,15,12,Cu,False,0.2617511679845817,0.75,1,12
R04_F04,4,4,15,13,Li,False,0.2291159119081593,0.75,1,13
R04_F04,4,4,15,14,Be,False,0.1193405821706011,0.75,1,14
R04_F04,4,4,15,15,Mn,False,0.0921950167526456,0.75,1,15
R04_F05,4,5,15,1,Tsol,True,0.6704093071287938,0.25,1,1
R04_F05,4,5,15,2,Tage,True,0.5332194765116092,0.25,1,2
R04_F05,4,5,15,3,tage,True,0.2346257975792434,0.25,1,3
R04_F05,4,5,15,4,Zn,False,1.0,0.25,1,4
R04_F05,4,5,15,5,Mg,False,0.5587073794960967,0.25,1,5
R04_F05,4,5,15,6,Cu,False,0.3460493290432939,0.25,1,6
R04_F05,4,5,15,7,Ti,False,0.3172243713860717,0.25,1,7
R04_F05,4,5,15,8,Zr,False,0.2720633904229164,0.25,1,8
R04_F05,4,5,15,9,Fe,False,0.2482777780100718,0.25,1,9
R04_F05,4,5,15,10,Sc,False,0.2166044322797195,0.25,1,10
R04_F05,4,5,15,11,Si,False,0.2144996206490483,0.25,1,11
R04_F05,4,5,15,12,Cr,False,0.1791530524612522,0.25,1,12
R04_F05,4,5,15,13,Li,False,0.1743371265448155,0.25,1,13
R04_F05,4,5,15,14,Mn,False,0.1058969067035005,0.25,1,14
R04_F05,4,5,15,15,Be,False,0.0785638747752528,0.25,1,15
R05_F01,5,1,15,1,Tsol,True,0.5820411540057805,0.25,1,1
R05_F01,5,1,15,2,Tage,True,0.4262217665607102,0.25,1,2
R05_F01,5,1,15,3,tage,True,0.2644152503359097,0.25,1,3
R05_F01,5,1,15,4,Zn,False,1.0,0.25,1,4
R05_F01,5,1,15,5,Mg,False,0.5579068573705274,0.25,1,5
R05_F01,5,1,15,6,Cu,False,0.3387173230727959,0.25,1,6
R05_F01,5,1,15,7,Zr,False,0.2789473411584809,0.25,1,7
R05_F01,5,1,15,8,Ti,False,0.2764650591484461,0.25,1,8
R05_F01,5,1,15,9,Fe,False,0.2657297603325597,0.25,1,9
R05_F01,5,1,15,10,Si,False,0.2028448467037293,0.25,1,10
R05_F01,5,1,15,11,Sc,False,0.1997667550735255,0.25,1,11
R05_F01,5,1,15,12,Cr,False,0.1747290208084359,0.25,1,12
R05_F01,5,1,15,13,Li,False,0.1584881101749112,0.25,1,13
R05_F01,5,1,15,14,Mn,False,0.1405805850095929,0.25,1,14
R05_F01,5,1,15,15,Be,False,0.0644833998806384,0.25,1,15
R05_F02,5,2,15,1,Tsol,True,0.5750749317557096,0.25,1,1
R05_F02,5,2,15,2,Tage,True,0.4965396164392598,0.25,1,2
R05_F02,5,2,15,3,tage,True,0.2490843847738546,0.25,1,3
R05_F02,5,2,15,4,Zn,False,1.0,0.25,1,4
R05_F02,5,2,15,5,Mg,False,0.5142406328475102,0.25,1,5
R05_F02,5,2,15,6,Cu,False,0.3065355159003968,0.25,1,6
R05_F02,5,2,15,7,Ti,False,0.3018098044773356,0.25,1,7
R05_F02,5,2,15,8,Fe,False,0.2630691732312595,0.25,1,8
R05_F02,5,2,15,9,Si,False,0.197832120431171,0.25,1,9
R05_F02,5,2,15,10,Zr,False,0.1883987357163495,0.25,1,10
R05_F02,5,2,15,11,Cr,False,0.169126641166654,0.25,1,11
R05_F02,5,2,15,12,Sc,False,0.1643785017755888,0.25,1,12
R05_F02,5,2,15,13,Li,False,0.1244470123563599,0.25,1,13
R05_F02,5,2,15,14,Mn,False,0.1228506801174426,0.25,1,14
R05_F02,5,2,15,15,Be,False,0.0826552703191422,0.25,1,15
R05_F03,5,3,15,1,Tsol,True,0.6524728681410892,0.5,1,1
R05_F03,5,3,15,2,Tage,True,0.4722416696458024,0.5,1,2
R05_F03,5,3,15,3,tage,True,0.1731897888887065,0.5,1,3
R05_F03,5,3,15,4,Zn,False,1.0,0.5,1,4
R05_F03,5,3,15,5,Mg,False,0.7077898833539751,0.5,1,5
R05_F03,5,3,15,6,Ti,False,0.3596433510323773,0.5,1,6
R05_F03,5,3,15,7,Cu,False,0.3295055851724183,0.5,1,7
R05_F03,5,3,15,8,Fe,False,0.3220595536919438,0.5,1,8
R05_F03,5,3,15,9,Si,False,0.3108465124938946,0.5,1,9
R05_F03,5,3,15,10,Sc,False,0.2679185624178535,0.5,1,10
R05_F03,5,3,15,11,Zr,False,0.2592117395963998,0.5,1,11
R05_F03,5,3,15,12,Li,False,0.2039592486963552,0.5,1,12
R05_F03,5,3,15,13,Cr,False,0.2016968893765597,0.5,1,13
R05_F03,5,3,15,14,Mn,False,0.1286570152154516,0.5,1,14
R05_F03,5,3,15,15,Be,False,0.1100456373819766,0.5,1,15
R05_F04,5,4,15,1,Tsol,True,0.5410617767581438,0.0,1,1
R05_F04,5,4,15,2,Tage,True,0.5380075022034742,0.0,1,2
R05_F04,5,4,15,3,tage,True,0.3064533863678209,0.0,1,3
R05_F04,5,4,15,4,Zn,False,1.0,0.0,1,4
R05_F04,5,4,15,5,Mg,False,0.4477483712051481,0.0,1,5
R05_F04,5,4,15,6,Cu,False,0.3395538427479309,0.0,1,6
R05_F04,5,4,15,7,Zr,False,0.2330392153566355,0.0,1,7
R05_F04,5,4,15,8,Ti,False,0.2267204021658992,0.0,1,8
R05_F04,5,4,15,9,Fe,False,0.1822945720107204,0.0,1,9
R05_F04,5,4,15,10,Si,False,0.1634771888323639,0.0,1,10
R05_F04,5,4,15,11,Mn,False,0.1587234439537455,0.0,1,11
R05_F04,5,4,15,12,Cr,False,0.1244494300322763,0.0,1,12
R05_F04,5,4,15,13,Li,False,0.1234515521585388,0.0,1,13
R05_F04,5,4,15,14,Sc,False,0.1202084047050424,0.0,1,14
R05_F04,5,4,15,15,Be,False,0.0627269802435906,0.0,1,15
R05_F05,5,5,15,1,Tsol,True,0.7026271659252665,0.75,1,1
R05_F05,5,5,15,2,Tage,True,0.3898991472795827,0.75,1,2
R05_F05,5,5,15,3,tage,True,0.0661540363627361,0.75,1,3
R05_F05,5,5,15,4,Zn,False,1.0,0.75,1,4
R05_F05,5,5,15,5,Mg,False,0.7489128209884445,0.75,1,5
R05_F05,5,5,15,6,Ti,False,0.3900474281396714,0.75,1,6
R05_F05,5,5,15,7,Fe,False,0.369335695195524,0.75,1,7
R05_F05,5,5,15,8,Sc,False,0.3484123468145775,0.75,1,8
R05_F05,5,5,15,9,Si,False,0.3386427478437394,0.75,1,9
R05_F05,5,5,15,10,Zr,False,0.3371643199576702,0.75,1,10
R05_F05,5,5,15,11,Cu,False,0.2827981573225999,0.75,1,11
R05_F05,5,5,15,12,Cr,False,0.2690270850726411,0.75,1,12
R05_F05,5,5,15,13,Li,False,0.2285673435442179,0.75,1,13
R05_F05,5,5,15,14,Be,False,0.0877265210935787,0.75,1,14
R05_F05,5,5,15,15,Ni,False,0.0764109596734207,0.75,1,15
R01_F01,1,1,16,1,Tsol,True,0.5805556387519786,0.25,1,1
R01_F01,1,1,16,2,Tage,True,0.4563617152906778,0.25,1,2
R01_F01,1,1,16,3,tage,True,0.2087899598742195,0.25,1,3
R01_F01,1,1,16,4,Zn,False,1.0,0.25,1,4
R01_F01,1,1,16,5,Mg,False,0.5693696368078163,0.25,1,5
R01_F01,1,1,16,6,Cu,False,0.3035169373714433,0.25,1,6
R01_F01,1,1,16,7,Ti,False,0.2654131313951025,0.25,1,7
R01_F01,1,1,16,8,Fe,False,0.2565112179680752,0.25,1,8
R01_F01,1,1,16,9,Si,False,0.2091789386669604,0.25,1,9
R01_F01,1,1,16,10,Zr,False,0.2064941050258356,0.25,1,10
R01_F01,1,1,16,11,Sc,False,0.174332796430578,0.25,1,11
R01_F01,1,1,16,12,Li,False,0.1624926234147186,0.25,1,12
R01_F01,1,1,16,13,Cr,False,0.1216175047317761,0.25,1,13
R01_F01,1,1,16,14,Mn,False,0.1096412077289285,0.25,1,14
R01_F01,1,1,16,15,Be,False,0.0625444982546594,0.25,1,15
R01_F01,1,1,16,16,Ni,False,0.0490970615351363,0.25,1,16
R01_F02,1,2,16,1,Tsol,True,0.5276438011203735,0.25,1,1
R01_F02,1,2,16,2,Tage,True,0.4788984130022369,0.25,1,2
R01_F02,1,2,16,3,tage,True,0.2183178932099521,0.25,1,3
R01_F02,1,2,16,4,Zn,False,1.0,0.25,1,4
R01_F02,1,2,16,5,Mg,False,0.5189742006010339,0.25,1,5
R01_F02,1,2,16,6,Cu,False,0.3017825433688856,0.25,1,6
R01_F02,1,2,16,7,Ti,False,0.2455035483135583,0.25,1,7
R01_F02,1,2,16,8,Fe,False,0.2276323904919655,0.25,1,8
R01_F02,1,2,16,9,Si,False,0.1967941282970135,0.25,1,9
R01_F02,1,2,16,10,Zr,False,0.1955694238854355,0.25,1,10
R01_F02,1,2,16,11,Sc,False,0.1588784830610778,0.25,1,11
R01_F02,1,2,16,12,Cr,False,0.1459908110132085,0.25,1,12
R01_F02,1,2,16,13,Li,False,0.1404647021416571,0.25,1,13
R01_F02,1,2,16,14,Mn,False,0.1185835372494617,0.25,1,14
R01_F02,1,2,16,15,Be,False,0.0586808706034124,0.25,1,15
R01_F02,1,2,16,16,Ni,False,0.0468302982367327,0.25,1,16
R01_F03,1,3,16,1,Tsol,True,0.7226324950931308,0.75,1,1
R01_F03,1,3,16,2,Tage,True,0.4272896381150246,0.75,1,2
R01_F03,1,3,16,3,tage,True,0.0651395551360923,0.75,1,3
R01_F03,1,3,16,4,Zn,False,1.0,0.75,1,4
R01_F03,1,3,16,5,Mg,False,0.7563782692952103,0.75,1,5
R01_F03,1,3,16,6,Ti,False,0.4666151169572073,0.75,1,6
R01_F03,1,3,16,7,Fe,False,0.3823253039799393,0.75,1,7
R01_F03,1,3,16,8,Sc,False,0.373317817232802,0.75,1,8
R01_F03,1,3,16,9,Zr,False,0.3522523959278887,0.75,1,9
R01_F03,1,3,16,10,Si,False,0.3488451789980378,0.75,1,10
R01_F03,1,3,16,11,Cu,False,0.32640011688122,0.75,1,11
R01_F03,1,3,16,12,Cr,False,0.260828172666744,0.75,1,12
R01_F03,1,3,16,13,Li,False,0.2013964515475227,0.75,1,13
R01_F03,1,3,16,14,Be,False,0.1574425712468085,0.75,1,14
R01_F03,1,3,16,15,Mn,False,0.1103798926411495,0.75,1,15
R01_F03,1,3,16,16,V,False,0.1059029696540525,0.75,1,16
R01_F04,1,4,16,1,Tsol,True,0.713643109530619,0.75,1,1
R01_F04,1,4,16,2,Tage,True,0.4311034967946412,0.75,1,2
R01_F04,1,4,16,3,tage,True,0.0894447687685229,0.75,1,3
R01_F04,1,4,16,4,Zn,False,1.0,0.75,1,4
R01_F04,1,4,16,5,Mg,False,0.7506511421401048,0.75,1,5
R01_F04,1,4,16,6,Ti,False,0.3841495487141132,0.75,1,6
R01_F04,1,4,16,7,Si,False,0.341947603941444,0.75,1,7
R01_F04,1,4,16,8,Zr,False,0.3371805701399653,0.75,1,8
R01_F04,1,4,16,9,Sc,False,0.3331601318090056,0.75,1,9
R01_F04,1,4,16,10,Fe,False,0.3320335561881056,0.75,1,10
R01_F04,1,4,16,11,Cu,False,0.2952765264775745,0.75,1,11
R01_F04,1,4,16,12,Cr,False,0.2842943511473613,0.75,1,12
R01_F04,1,4,16,13,Li,False,0.2513489530752308,0.75,1,13
R01_F04,1,4,16,14,Ni,False,0.1246863863047512,0.75,1,14
R01_F04,1,4,16,15,Be,False,0.117406780778906,0.75,1,15
R01_F04,1,4,16,16,V,False,0.0866876180899539,0.75,1,16
R01_F05,1,5,16,1,Tsol,True,0.6634441839902473,0.5,1,1
R01_F05,1,5,16,2,Tage,True,0.4095311631545619,0.5,1,2
R01_F05,1,5,16,3,tage,True,0.1509705461862701,0.5,1,3
R01_F05,1,5,16,4,Zn,False,1.0,0.5,1,4
R01_F05,1,5,16,5,Mg,False,0.6743606609818582,0.5,1,5
R01_F05,1,5,16,6,Ti,False,0.3690756065556148,0.5,1,6
R01_F05,1,5,16,7,Fe,False,0.345895948131393,0.5,1,7
R01_F05,1,5,16,8,Cu,False,0.3194387153720702,0.5,1,8
R01_F05,1,5,16,9,Zr,False,0.2851252819975005,0.5,1,9
R01_F05,1,5,16,10,Sc,False,0.2844412623464213,0.5,1,10
R01_F05,1,5,16,11,Si,False,0.272168705457404,0.5,1,11
R01_F05,1,5,16,12,Cr,False,0.2388461244306829,0.5,1,12
R01_F05,1,5,16,13,Li,False,0.1609170579181151,0.5,1,13
R01_F05,1,5,16,14,Be,False,0.1419970277381435,0.5,1,14
R01_F05,1,5,16,15,Mn,False,0.1040632589035076,0.5,1,15
R01_F05,1,5,16,16,Ni,False,0.0782561149565885,0.5,1,16
R02_F01,2,1,16,1,Tsol,True,0.513595600564193,0.0,1,1
R02_F01,2,1,16,2,Tage,True,0.4777957889936388,0.0,1,2
R02_F01,2,1,16,3,tage,True,0.3373205741227759,0.0,1,3
R02_F01,2,1,16,4,Zn,False,1.0,0.0,1,4
R02_F01,2,1,16,5,Mg,False,0.4896805661628935,0.0,1,5
R02_F01,2,1,16,6,Ti,False,0.3184400085102931,0.0,1,6
R02_F01,2,1,16,7,Cu,False,0.2988527946535412,0.0,1,7
R02_F01,2,1,16,8,Fe,False,0.2379656975201113,0.0,1,8
R02_F01,2,1,16,9,Zr,False,0.1830314629234134,0.0,1,9
R02_F01,2,1,16,10,Si,False,0.1542616076277774,0.0,1,10
R02_F01,2,1,16,11,Mn,False,0.1511380079845246,0.0,1,11
R02_F01,2,1,16,12,Cr,False,0.1127887279876272,0.0,1,12
R02_F01,2,1,16,13,Sc,False,0.0876437730222125,0.0,1,13
R02_F01,2,1,16,14,Li,False,0.0720593388398343,0.0,1,14
R02_F01,2,1,16,15,Ni,False,0.024645920930969,0.0,1,15
R02_F01,2,1,16,16,Be,False,0.0188226394442332,0.0,1,16
R02_F02,2,2,16,1,Tsol,True,0.5163331889516176,0.0,1,1
R02_F02,2,2,16,2,Tage,True,0.5187981025041845,0.0,1,2
R02_F02,2,2,16,3,tage,True,0.3503147078020937,0.0,1,3
R02_F02,2,2,16,4,Zn,False,1.0,0.0,1,4
R02_F02,2,2,16,5,Mg,False,0.4334327370803523,0.0,1,5
R02_F02,2,2,16,6,Cu,False,0.3710239658579707,0.0,1,6
R02_F02,2,2,16,7,Fe,False,0.254809081349676,0.0,1,7
R02_F02,2,2,16,8,Zr,False,0.240832076374588,0.0,1,8
R02_F02,2,2,16,9,Ti,False,0.2195198250433008,0.0,1,9
R02_F02,2,2,16,10,Si,False,0.1693482165694207,0.0,1,10
R02_F02,2,2,16,11,Li,False,0.1553137839231868,0.0,1,11
R02_F02,2,2,16,12,Mn,False,0.1465353652241969,0.0,1,12
R02_F02,2,2,16,13,Cr,False,0.1352656996657308,0.0,1,13
R02_F02,2,2,16,14,Sc,False,0.1003172565760978,0.0,1,14
R02_F02,2,2,16,15,Ni,False,0.0456203891690509,0.0,1,15
R02_F02,2,2,16,16,Be,False,0.0134592564094855,0.0,1,16
R02_F03,2,3,16,1,Tsol,True,0.7767394591969177,1.0,1,1
R02_F03,2,3,16,2,Tage,True,0.3987222998035663,1.0,1,2
R02_F03,2,3,16,3,tage,True,0.0,1.0,1,3
R02_F03,2,3,16,4,Zn,False,1.0,1.0,1,4
R02_F03,2,3,16,5,Mg,False,0.8381108783665743,1.0,1,5
R02_F03,2,3,16,6,Ti,False,0.4708704525024265,1.0,1,6
R02_F03,2,3,16,7,Fe,False,0.4460079941551831,1.0,1,7
R02_F03,2,3,16,8,Sc,False,0.4360821412106686,1.0,1,8
R02_F03,2,3,16,9,Si,False,0.4269981762773491,1.0,1,9
R02_F03,2,3,16,10,Cr,False,0.4035485414939877,1.0,1,10
R02_F03,2,3,16,11,Zr,False,0.3731202334674082,1.0,1,11
R02_F03,2,3,16,12,Cu,False,0.3040990109036225,1.0,1,12
R02_F03,2,3,16,13,Be,False,0.2371368543431381,1.0,1,13
R02_F03,2,3,16,14,Li,False,0.2028672233006288,1.0,1,14
R02_F03,2,3,16,15,Ni,False,0.160256230244692,1.0,1,15
R02_F03,2,3,16,16,V,False,0.1227358050755082,1.0,1,16
R02_F04,2,4,16,1,Tsol,True,0.6502737133043317,0.5,1,1
R02_F04,2,4,16,2,Tage,True,0.4630029553141003,0.5,1,2
R02_F04,2,4,16,3,tage,True,0.1660379839807262,0.5,1,3
R02_F04,2,4,16,4,Zn,False,1.0,0.5,1,4
R02_F04,2,4,16,5,Mg,False,0.6513424534157636,0.5,1,5
R02_F04,2,4,16,6,Ti,False,0.3501493957117099,0.5,1,6
R02_F04,2,4,16,7,Cu,False,0.3127515078728634,0.5,1,7
R02_F04,2,4,16,8,Sc,False,0.2877136279218122,0.5,1,8
R02_F04,2,4,16,9,Fe,False,0.2820877789825434,0.5,1,9
R02_F04,2,4,16,10,Zr,False,0.2813297153886623,0.5,1,10
R02_F04,2,4,16,11,Si,False,0.2676832910587203,0.5,1,11
R02_F04,2,4,16,12,Li,False,0.205509532329131,0.5,1,12
R02_F04,2,4,16,13,Cr,False,0.1899177221409874,0.5,1,13
R02_F04,2,4,16,14,Be,False,0.0986909353158199,0.5,1,14
R02_F04,2,4,16,15,Mn,False,0.0868623868109844,0.5,1,15
R02_F04,2,4,16,16,Ni,False,0.0833753909808285,0.5,1,16
R02_F05,2,5,16,1,Tsol,True,0.7242662039839208,0.75,1,1
R02_F05,2,5,16,2,Tage,True,0.4895770893247518,0.75,1,2
R02_F05,2,5,16,3,tage,True,0.0713797467768738,0.75,1,3
R02_F05,2,5,16,4,Zn,False,1.0,0.75,1,4
R02_F05,2,5,16,5,Mg,False,0.7622901908010594,0.75,1,5
R02_F05,2,5,16,6,Ti,False,0.3812311033261573,0.75,1,6
R02_F05,2,5,16,7,Si,False,0.3612662550337767,0.75,1,7
R02_F05,2,5,16,8,Cu,False,0.3566819125833077,0.75,1,8
R02_F05,2,5,16,9,Sc,False,0.3274715660887813,0.75,1,9
R02_F05,2,5,16,10,Fe,False,0.3223241866297375,0.75,1,10
R02_F05,2,5,16,11,Zr,False,0.2928430955957483,0.75,1,11
R02_F05,2,5,16,12,Li,False,0.2486875984112828,0.75,1,12
R02_F05,2,5,16,13,Be,False,0.1894627418426083,0.75,1,13
R02_F05,2,5,16,14,Cr,False,0.1643233754878496,0.75,1,14
R02_F05,2,5,16,15,V,False,0.1236367212978296,0.75,1,15
R02_F05,2,5,16,16,Ni,False,0.12014296133809,0.75,1,16
R03_F01,3,1,16,1,Tsol,True,0.7051652638858099,0.75,1,1
R03_F01,3,1,16,2,Tage,True,0.4244015916269287,0.75,1,2
R03_F01,3,1,16,3,tage,True,0.069892402478505,0.75,1,3
R03_F01,3,1,16,4,Zn,False,1.0,0.75,1,4
R03_F01,3,1,16,5,Mg,False,0.7354613953616355,0.75,1,5
R03_F01,3,1,16,6,Fe,False,0.3735807846979446,0.75,1,6
R03_F01,3,1,16,7,Ti,False,0.3730870821644521,0.75,1,7
R03_F01,3,1,16,8,Si,False,0.3582205584566451,0.75,1,8
R03_F01,3,1,16,9,Sc,False,0.342002855127816,0.75,1,9
R03_F01,3,1,16,10,Cu,False,0.3394958895218102,0.75,1,10
R03_F01,3,1,16,11,Zr,False,0.3010416595572776,0.75,1,11
R03_F01,3,1,16,12,Cr,False,0.2646720441324548,0.75,1,12
R03_F01,3,1,16,13,Li,False,0.2417733709005484,0.75,1,13
R03_F01,3,1,16,14,Be,False,0.1888801808700606,0.75,1,14
R03_F01,3,1,16,15,Ni,False,0.1410992662885758,0.75,1,15
R03_F01,3,1,16,16,Mn,False,0.1374099189692267,0.75,1,16
R03_F02,3,2,16,1,Tsol,True,0.5256426726919364,0.25,1,1
R03_F02,3,2,16,2,Tage,True,0.434688948846513,0.25,1,2
R03_F02,3,2,16,3,tage,True,0.2064089920614234,0.25,1,3
R03_F02,3,2,16,4,Zn,False,1.0,0.25,1,4
R03_F02,3,2,16,5,Mg,False,0.5526535056671767,0.25,1,5
R03_F02,3,2,16,6,Cu,False,0.2972856747580132,0.25,1,6
R03_F02,3,2,16,7,Ti,False,0.2747872979722274,0.25,1,7
R03_F02,3,2,16,8,Fe,False,0.2641642602342881,0.25,1,8
R03_F02,3,2,16,9,Zr,False,0.2050883296512003,0.25,1,9
R03_F02,3,2,16,10,Si,False,0.1897572604955575,0.25,1,10
R03_F02,3,2,16,11,Sc,False,0.1739905635561203,0.25,1,11
R03_F02,3,2,16,12,Li,False,0.1541770572033047,0.25,1,12
R03_F02,3,2,16,13,Cr,False,0.1484361071227455,0.25,1,13
R03_F02,3,2,16,14,Mn,False,0.1050014460089513,0.25,1,14
R03_F02,3,2,16,15,Be,False,0.0653385851195742,0.25,1,15
R03_F02,3,2,16,16,Ni,False,0.0472084491257826,0.25,1,16
R03_F03,3,3,16,1,Tsol,True,0.6534519263523877,0.5,1,1
R03_F03,3,3,16,2,Tage,True,0.4358520660901319,0.5,1,2
R03_F03,3,3,16,3,tage,True,0.1591580084525911,0.5,1,3
R03_F03,3,3,16,4,Zn,False,1.0,0.5,1,4
R03_F03,3,3,16,5,Mg,False,0.6052722502753506,0.5,1,5
R03_F03,3,3,16,6,Ti,False,0.3418499207881266,0.5,1,6
R03_F03,3,3,16,7,Cu,False,0.2997941045427374,0.5,1,7
R03_F03,3,3,16,8,Fe,False,0.28467712966886,0.5,1,8
R03_F03,3,3,16,9,Si,False,0.2675407995667187,0.5,1,9
R03_F03,3,3,16,10,Zr,False,0.2534670298315737,0.5,1,10
R03_F03,3,3,16,11,Sc,False,0.2397644314908734,0.5,1,11
R03_F03,3,3,16,12,Cr,False,0.1873622854012893,0.5,1,12
R03_F03,3,3,16,13,Li,False,0.1740146150414608,0.5,1,13
R03_F03,3,3,16,14,Mn,False,0.0829397885485402,0.5,1,14
R03_F03,3,3,16,15,Be,False,0.0814708359567848,0.5,1,15
R03_F03,3,3,16,16,Ni,False,0.0804639119284681,0.5,1,16
R03_F04,3,4,16,1,Tsol,True,0.7479782346046556,0.75,1,1
R03_F04,3,4,16,2,Tage,True,0.4069549798492592,0.75,1,2
R03_F04,3,4,16,3,tage,True,0.0877084600833772,0.75,1,3
R03_F04,3,4,16,4,Zn,False,1.0,0.75,1,4
R03_F04,3,4,16,5,Mg,False,0.7982380699267279,0.75,1,5
R03_F04,3,4,16,6,Ti,False,0.4402651573847172,0.75,1,6
R03_F04,3,4,16,7,Sc,False,0.4056348612060054,0.75,1,7
R03_F04,3,4,16,8,Zr,False,0.3334342835816289,0.75,1,8
R03_F04,3,4,16,9,Fe,False,0.3290918030133131,0.75,1,9
R03_F04,3,4,16,10,Cu,False,0.3275272231469657,0.75,1,10
R03_F04,3,4,16,11,Si,False,0.3246144366507562,0.75,1,11
R03_F04,3,4,16,12,Cr,False,0.3075607807624984,0.75,1,12
R03_F04,3,4,16,13,Li,False,0.1986361507487219,0.75,1,13
R03_F04,3,4,16,14,Be,False,0.1551059922943663,0.75,1,14
R03_F04,3,4,16,15,Ni,False,0.0856385725677433,0.75,1,15
R03_F04,3,4,16,16,V,False,0.0810203116668537,0.75,1,16
R03_F05,3,5,16,1,Tsol,True,0.6443131284993897,0.5,1,1
R03_F05,3,5,16,2,Tage,True,0.452262417143511,0.5,1,2
R03_F05,3,5,16,3,tage,True,0.1483153428733014,0.5,1,3
R03_F05,3,5,16,4,Zn,False,1.0,0.5,1,4
R03_F05,3,5,16,5,Mg,False,0.6604917517814288,0.5,1,5
R03_F05,3,5,16,6,Fe,False,0.3624417573470229,0.5,1,6
R03_F05,3,5,16,7,Ti,False,0.3593309468054642,0.5,1,7
R03_F05,3,5,16,8,Si,False,0.3024709300267297,0.5,1,8
R03_F05,3,5,16,9,Cu,False,0.2906895171915651,0.5,1,9
R03_F05,3,5,16,10,Zr,False,0.2887782790838737,0.5,1,10
R03_F05,3,5,16,11,Sc,False,0.2856113043224389,0.5,1,11
R03_F05,3,5,16,12,Cr,False,0.2464761269983717,0.5,1,12
R03_F05,3,5,16,13,Li,False,0.1946340139806867,0.5,1,13
R03_F05,3,5,16,14,Mn,False,0.1281957162222827,0.5,1,14
R03_F05,3,5,16,15,Be,False,0.1133446347997566,0.5,1,15
R03_F05,3,5,16,16,Ni,False,0.098701900276921,0.5,1,16
R04_F01,4,1,16,1,Tsol,True,0.624345230477283,0.5,1,1
R04_F01,4,1,16,2,Tage,True,0.46880856850543,0.5,1,2
R04_F01,4,1,16,3,tage,True,0.1788022552653661,0.5,1,3
R04_F01,4,1,16,4,Zn,False,1.0,0.5,1,4
R04_F01,4,1,16,5,Mg,False,0.6401236482452348,0.5,1,5
R04_F01,4,1,16,6,Ti,False,0.3676571981755345,0.5,1,6
R04_F01,4,1,16,7,Cu,False,0.3415449566240213,0.5,1,7
R04_F01,4,1,16,8,Fe,False,0.3414753738619103,0.5,1,8
R04_F01,4,1,16,9,Si,False,0.2972441314841763,0.5,1,9
R04_F01,4,1,16,10,Sc,False,0.2510469048540125,0.5,1,10
R04_F01,4,1,16,11,Zr,False,0.2190896936862565,0.5,1,11
R04_F01,4,1,16,12,Cr,False,0.1999099796451574,0.5,1,12
R04_F01,4,1,16,13,Li,False,0.172515035926045,0.5,1,13
R04_F01,4,1,16,14,Mn,False,0.1316781808827574,0.5,1,14
R04_F01,4,1,16,15,Be,False,0.1141929957688491,0.5,1,15
R04_F01,4,1,16,16,Ni,False,0.1000885626720038,0.5,1,16
R04_F02,4,2,16,1,Tsol,True,0.6012809304498736,0.5,1,1
R04_F02,4,2,16,2,Tage,True,0.4447216874312106,0.5,1,2
R04_F02,4,2,16,3,tage,True,0.1305496958106264,0.5,1,3
R04_F02,4,2,16,4,Zn,False,1.0,0.5,1,4
R04_F02,4,2,16,5,Mg,False,0.6602713433898046,0.5,1,5
R04_F02,4,2,16,6,Cu,False,0.3184974381110471,0.5,1,6
R04_F02,4,2,16,7,Ti,False,0.3006780991157764,0.5,1,7
R04_F02,4,2,16,8,Si,False,0.2894627852401635,0.5,1,8
R04_F02,4,2,16,9,Fe,False,0.2709725805576747,0.5,1,9
R04_F02,4,2,16,10,Sc,False,0.2340988941168684,0.5,1,10
R04_F02,4,2,16,11,Zr,False,0.2092631819493848,0.5,1,11
R04_F02,4,2,16,12,Li,False,0.2033213981045683,0.5,1,12
R04_F02,4,2,16,13,Cr,False,0.1508185461421555,0.5,1,13
R04_F02,4,2,16,14,Be,False,0.0940278830329592,0.5,1,14
R04_F02,4,2,16,15,Ni,False,0.0827217959974028,0.5,1,15
R04_F02,4,2,16,16,Mn,False,0.0820009662532013,0.5,1,16
R04_F03,4,3,16,1,Tsol,True,0.6707521736477061,0.25,1,1
R04_F03,4,3,16,2,Tage,True,0.5214818552277922,0.25,1,2
R04_F03,4,3,16,3,tage,True,0.2969303963204057,0.25,1,3
R04_F03,4,3,16,4,Zn,False,1.0,0.25,1,4
R04_F03,4,3,16,5,Mg,False,0.6104250045666156,0.25,1,5
R04_F03,4,3,16,6,Cu,False,0.3693901858597532,0.25,1,6
R04_F03,4,3,16,7,Ti,False,0.3410599296877037,0.25,1,7
R04_F03,4,3,16,8,Fe,False,0.2992383982364291,0.25,1,8
R04_F03,4,3,16,9,Zr,False,0.2909387435254043,0.25,1,9
R04_F03,4,3,16,10,Si,False,0.2138785134908635,0.25,1,10
R04_F03,4,3,16,11,Cr,False,0.2007709142005778,0.25,1,11
R04_F03,4,3,16,12,Sc,False,0.190654083451469,0.25,1,12
R04_F03,4,3,16,13,Li,False,0.1640333257742559,0.25,1,13
R04_F03,4,3,16,14,Mn,False,0.16282655891398,0.25,1,14
R04_F03,4,3,16,15,Ni,False,0.0760895677887711,0.25,1,15
R04_F03,4,3,16,16,Be,False,0.0731808893589404,0.25,1,16
R04_F04,4,4,16,1,Tsol,True,0.7769053109917643,1.0,1,1
R04_F04,4,4,16,2,Tage,True,0.3382330924476074,1.0,1,2
R04_F04,4,4,16,3,tage,True,0.0,1.0,1,3
R04_F04,4,4,16,4,Zn,False,1.0,1.0,1,4
R04_F04,4,4,16,5,Mg,False,0.8351954122288876,1.0,1,5
R04_F04,4,4,16,6,Ti,False,0.4591717629047628,1.0,1,6
R04_F04,4,4,16,7,Sc,False,0.4417487297813189,1.0,1,7
R04_F04,4,4,16,8,Fe,False,0.3932630972271597,1.0,1,8
R04_F04,4,4,16,9,Zr,False,0.3919055866278008,1.0,1,9
R04_F04,4,4,16,10,Si,False,0.3743872883618683,1.0,1,10
R04_F04,4,4,16,11,Cr,False,0.3418604297648486,1.0,1,11
R04_F04,4,4,16,12,Li,False,0.2660906774620772,1.0,1,12
R04_F04,4,4,16,13,Cu,False,0.2524851568173826,1.0,1,13
R04_F04,4,4,16,14,Be,False,0.1552591311064528,1.0,1,14
R04_F04,4,4,16,15,Ni,False,0.1198057273884243,1.0,1,15
R04_F04,4,4,16,16,V,False,0.0833039616789314,1.0,1,16
R04_F05,4,5,16,1,Tsol,True,0.6204655977394122,0.0,1,1
R04_F05,4,5,16,2,Tage,True,0.5923833021669049,0.0,1,2
R04_F05,4,5,16,3,tage,True,0.3128343967723245,0.0,1,3
R04_F05,4,5,16,4,Zn,False,1.0,0.0,1,4
R04_F05,4,5,16,5,Mg,False,0.4550308862949435,0.0,1,5
R04_F05,4,5,16,6,Cu,False,0.3718657405345797,0.0,1,6
R04_F05,4,5,16,7,Ti,False,0.2809869848331431,0.0,1,7
R04_F05,4,5,16,8,Zr,False,0.2384710193295195,0.0,1,8
R04_F05,4,5,16,9,Fe,False,0.2011357835926311,0.0,1,9
R04_F05,4,5,16,10,Li,False,0.1537728465534099,0.0,1,10
R04_F05,4,5,16,11,Si,False,0.1487898882594848,0.0,1,11
R04_F05,4,5,16,12,Sc,False,0.1378416139874445,0.0,1,12
R04_F05,4,5,16,13,Mn,False,0.134052964957957,0.0,1,13
R04_F05,4,5,16,14,Cr,False,0.1323663728085054,0.0,1,14
R04_F05,4,5,16,15,Be,False,0.0336286267975741,0.0,1,15
R04_F05,4,5,16,16,Ni,False,0.0057304904354335,0.0,1,16
R05_F01,5,1,16,1,Tsol,True,0.5152121305810505,0.0,1,1
R05_F01,5,1,16,2,Tage,True,0.4304393058491954,0.0,1,2
R05_F01,5,1,16,3,tage,True,0.3525536671145463,0.0,1,3
R05_F01,5,1,16,4,Zn,False,1.0,0.0,1,4
R05_F01,5,1,16,5,Mg,False,0.4676391791950493,0.0,1,5
R05_F01,5,1,16,6,Cu,False,0.3495775651762086,0.0,1,6
R05_F01,5,1,16,7,Zr,False,0.2362216643471768,0.0,1,7
R05_F01,5,1,16,8,Ti,False,0.2129685385576502,0.0,1,8
R05_F01,5,1,16,9,Fe,False,0.2097350110046098,0.0,1,9
R05_F01,5,1,16,10,Mn,False,0.1503113570066608,0.0,1,10
R05_F01,5,1,16,11,Si,False,0.1252652707172852,0.0,1,11
R05_F01,5,1,16,12,Cr,False,0.1244722111580636,0.0,1,12
R05_F01,5,1,16,13,Li,False,0.1209929716994818,0.0,1,13
R05_F01,5,1,16,14,Sc,False,0.1120668782932473,0.0,1,14
R05_F01,5,1,16,15,Ni,False,0.0145303181047294,0.0,1,15
R05_F01,5,1,16,16,Be,False,0.0130301911178788,0.0,1,16
R05_F02,5,2,16,1,Tsol,True,0.6439374862135376,0.5,1,1
R05_F02,5,2,16,2,Tage,True,0.4681334952730992,0.5,1,2
R05_F02,5,2,16,3,tage,True,0.1660562565159031,0.5,1,3
R05_F02,5,2,16,4,Zn,False,1.0,0.5,1,4
R05_F02,5,2,16,5,Mg,False,0.6194704045305732,0.5,1,5
R05_F02,5,2,16,6,Ti,False,0.3643037265733854,0.5,1,6
R05_F02,5,2,16,7,Cu,False,0.3165419593407667,0.5,1,7
R05_F02,5,2,16,8,Fe,False,0.3087802735342325,0.5,1,8
R05_F02,5,2,16,9,Si,False,0.2568482121342185,0.5,1,9
R05_F02,5,2,16,10,Sc,False,0.2388643605543512,0.5,1,10
R05_F02,5,2,16,11,Zr,False,0.2197102928466057,0.5,1,11
R05_F02,5,2,16,12,Cr,False,0.200367613554248,0.5,1,12
R05_F02,5,2,16,13,Li,False,0.159140164464244,0.5,1,13
R05_F02,5,2,16,14,Be,False,0.1175558687857562,0.5,1,14
R05_F02,5,2,16,15,Mn,False,0.1161083112196866,0.5,1,15
R05_F02,5,2,16,16,Ni,False,0.0777001907678391,0.5,1,16
R05_F03,5,3,16,1,Tsol,True,0.7686458168227843,1.0,1,1
R05_F03,5,3,16,2,Tage,True,0.3920820173269487,1.0,1,2
R05_F03,5,3,16,3,tage,True,0.0,1.0,1,3
R05_F03,5,3,16,4,Zn,False,1.0,1.0,1,4
R05_F03,5,3,16,5,Mg,False,0.8751428540384789,1.0,1,5
R05_F03,5,3,16,6,Si,False,0.4695981411168416,1.0,1,6
R05_F03,5,3,16,7,Ti,False,0.4520582650568699,1.0,1,7
R05_F03,5,3,16,8,Sc,False,0.4403837397386415,1.0,1,8
R05_F03,5,3,16,9,Fe,False,0.4396436068508231,1.0,1,9
R05_F03,5,3,16,10,Zr,False,0.3200460965243693,1.0,1,10
R05_F03,5,3,16,11,Cu,False,0.2960358432091116,1.0,1,11
R05_F03,5,3,16,12,Li,False,0.2733021094757012,1.0,1,12
R05_F03,5,3,16,13,Cr,False,0.2728179050570201,1.0,1,13
R05_F03,5,3,16,14,Be,False,0.1992868452762718,1.0,1,14
R05_F03,5,3,16,15,Ni,False,0.1793375438985807,1.0,1,15
R05_F03,5,3,16,16,V,False,0.1541634461413813,1.0,1,16
R05_F04,5,4,16,1,Tsol,True,0.7266718991994883,0.75,1,1
R05_F04,5,4,16,2,Tage,True,0.418141372910676,0.75,1,2
R05_F04,5,4,16,3,tage,True,0.0867362416750314,0.75,1,3
R05_F04,5,4,16,4,Zn,False,1.0,0.75,1,4
R05_F04,5,4,16,5,Mg,False,0.7644192546418807,0.75,1,5
R05_F04,5,4,16,6,Ti,False,0.3885922298803436,0.75,1,6
R05_F04,5,4,16,7,Sc,False,0.3625809115669615,0.75,1,7
R05_F04,5,4,16,8,Si,False,0.3364842034449072,0.75,1,8
R05_F04,5,4,16,9,Fe,False,0.3248040695185812,0.75,1,9
R05_F04,5,4,16,10,Zr,False,0.3142127202390085,0.75,1,10
R05_F04,5,4,16,11,Cu,False,0.2977730125858651,0.75,1,11
R05_F04,5,4,16,12,Cr,False,0.249465252986313,0.75,1,12
R05_F04,5,4,16,13,Li,False,0.2187525310926612,0.75,1,13
R05_F04,5,4,16,14,Be,False,0.218167095292914,0.75,1,14
R05_F04,5,4,16,15,Ni,False,0.1160729160909283,0.75,1,15
R05_F04,5,4,16,16,V,False,0.0764674077974113,0.75,1,16
R05_F05,5,5,16,1,Tsol,True,0.5937077559652291,0.25,1,1
R05_F05,5,5,16,2,Tage,True,0.4441948638640206,0.25,1,2
R05_F05,5,5,16,3,tage,True,0.1984621090882083,0.25,1,3
R05_F05,5,5,16,4,Zn,False,1.0,0.25,1,4
R05_F05,5,5,16,5,Mg,False,0.5556415136351587,0.25,1,5
R05_F05,5,5,16,6,Cu,False,0.3074977200314823,0.25,1,6
R05_F05,5,5,16,7,Ti,False,0.2999595891620772,0.25,1,7
R05_F05,5,5,16,8,Fe,False,0.2977379613235306,0.25,1,8
R05_F05,5,5,16,9,Zr,False,0.2705449720079083,0.25,1,9
R05_F05,5,5,16,10,Si,False,0.2023979248939119,0.25,1,10
R05_F05,5,5,16,11,Sc,False,0.1971343642042161,0.25,1,11
R05_F05,5,5,16,12,Cr,False,0.1780407412201592,0.25,1,12
R05_F05,5,5,16,13,Li,False,0.1714802810475112,0.25,1,13
R05_F05,5,5,16,14,Mn,False,0.1170075122915982,0.25,1,14
R05_F05,5,5,16,15,Be,False,0.0420854298205227,0.25,1,15
R05_F05,5,5,16,16,Ni,False,0.0383232562729587,0.25,1,16
R01_F01,1,1,17,1,Tsol,True,0.7817349640634782,1.0,1,1
R01_F01,1,1,17,2,Tage,True,0.3728688889148313,1.0,1,2
R01_F01,1,1,17,3,tage,True,0.0,1.0,1,3
R01_F01,1,1,17,4,Zn,False,1.0,1.0,1,4
R01_F01,1,1,17,5,Mg,False,0.8439565397418713,1.0,1,5
R01_F01,1,1,17,6,Ti,False,0.4295408639769031,1.0,1,6
R01_F01,1,1,17,7,Si,False,0.3949088383384886,1.0,1,7
R01_F01,1,1,17,8,Sc,False,0.3838278631824558,1.0,1,8
R01_F01,1,1,17,9,Fe,False,0.3573878729879779,1.0,1,9
R01_F01,1,1,17,10,Cu,False,0.2910515757621922,1.0,1,10
R01_F01,1,1,17,11,Li,False,0.2867792612026797,1.0,1,11
R01_F01,1,1,17,12,Zr,False,0.2795429866502693,1.0,1,12
R01_F01,1,1,17,13,Cr,False,0.1946278734801704,1.0,1,13
R01_F01,1,1,17,14,Be,False,0.1512999077594433,1.0,1,14
R01_F01,1,1,17,15,Ni,False,0.1343046924362786,1.0,1,15
R01_F01,1,1,17,16,Mn,False,0.0555218393167032,1.0,1,16
R01_F01,1,1,17,17,V,False,0.0301945334424279,1.0,1,17
R01_F02,1,2,17,1,Tsol,True,0.6962878706882999,0.75,1,1
R01_F02,1,2,17,2,Tage,True,0.4325913661222907,0.75,1,2
R01_F02,1,2,17,3,tage,True,0.072772631069984,0.75,1,3
R01_F02,1,2,17,4,Zn,False,1.0,0.75,1,4
R01_F02,1,2,17,5,Mg,False,0.7327122635050988,0.75,1,5
R01_F02,1,2,17,6,Ti,False,0.3678481597699133,0.75,1,6
R01_F02,1,2,17,7,Si,False,0.3592720712836499,0.75,1,7
R01_F02,1,2,17,8,Fe,False,0.3523092107107275,0.75,1,8
R01_F02,1,2,17,9,Sc,False,0.3252405397923571,0.75,1,9
R01_F02,1,2,17,10,Cu,False,0.317049133599455,0.75,1,10
R01_F02,1,2,17,11,Zr,False,0.2615538124899332,0.75,1,11
R01_F02,1,2,17,12,Cr,False,0.2450700062274488,0.75,1,12
R01_F02,1,2,17,13,Li,False,0.2109040916190792,0.75,1,13
R01_F02,1,2,17,14,Be,False,0.1583430537490799,0.75,1,14
R01_F02,1,2,17,15,Ni,False,0.1303871917560173,0.75,1,15
R01_F02,1,2,17,16,V,False,0.1146996487023954,0.75,1,16
R01_F02,1,2,17,17,Mn,False,0.1033541398668655,0.75,1,17
R01_F03,1,3,17,1,Tsol,True,0.7226324950931308,0.75,1,1
R01_F03,1,3,17,2,Tage,True,0.4272896381150246,0.75,1,2
R01_F03,1,3,17,3,tage,True,0.0651395551360923,0.75,1,3
R01_F03,1,3,17,4,Zn,False,1.0,0.75,1,4
R01_F03,1,3,17,5,Mg,False,0.7563782692952103,0.75,1,5
R01_F03,1,3,17,6,Ti,False,0.4666151169572073,0.75,1,6
R01_F03,1,3,17,7,Fe,False,0.3823253039799393,0.75,1,7
R01_F03,1,3,17,8,Sc,False,0.373317817232802,0.75,1,8
R01_F03,1,3,17,9,Zr,False,0.3522523959278887,0.75,1,9
R01_F03,1,3,17,10,Si,False,0.3488451789980378,0.75,1,10
R01_F03,1,3,17,11,Cu,False,0.32640011688122,0.75,1,11
R01_F03,1,3,17,12,Cr,False,0.260828172666744,0.75,1,12
R01_F03,1,3,17,13,Li,False,0.2013964515475227,0.75,1,13
R01_F03,1,3,17,14,Be,False,0.1574425712468085,0.75,1,14
R01_F03,1,3,17,15,Mn,False,0.1103798926411495,0.75,1,15
R01_F03,1,3,17,16,V,False,0.1059029696540525,0.75,1,16
R01_F03,1,3,17,17,Ni,False,0.0956521288801955,0.75,1,17
R01_F04,1,4,17,1,Tsol,True,0.7775937026864538,1.0,1,1
R01_F04,1,4,17,2,Tage,True,0.3918557978068861,1.0,1,2
R01_F04,1,4,17,3,tage,True,0.0,1.0,1,3
R01_F04,1,4,17,4,Zn,False,1.0,1.0,1,4
R01_F04,1,4,17,5,Mg,False,0.8495700822665718,1.0,1,5
R01_F04,1,4,17,6,Ti,False,0.4372642062087603,1.0,1,6
R01_F04,1,4,17,7,Si,False,0.4160002627744832,1.0,1,7
R01_F04,1,4,17,8,Sc,False,0.4076939404347217,1.0,1,8
R01_F04,1,4,17,9,Fe,False,0.3853331392740264,1.0,1,9
R01_F04,1,4,17,10,Zr,False,0.3727552604788312,1.0,1,10
R01_F04,1,4,17,11,Cr,False,0.3410702486179939,1.0,1,11
R01_F04,1,4,17,12,Li,False,0.2876203044919513,1.0,1,12
R01_F04,1,4,17,13,Cu,False,0.266237392648682,1.0,1,13
R01_F04,1,4,17,14,Ni,False,0.1621471280591629,1.0,1,14
R01_F04,1,4,17,15,Be,False,0.1557002913969159,1.0,1,15
R01_F04,1,4,17,16,V,False,0.1155834907866052,1.0,1,16
R01_F04,1,4,17,17,Mn,False,0.0260292692596791,1.0,1,17
R01_F05,1,5,17,1,Tsol,True,0.5161313849325916,0.0,1,1
R01_F05,1,5,17,2,Tage,True,0.4681296351472541,0.0,1,2
R01_F05,1,5,17,3,tage,True,0.3019410923725403,0.0,1,3
R01_F05,1,5,17,4,Zn,False,1.0,0.0,1,4
R01_F05,1,5,17,5,Mg,False,0.4859842163248759,0.0,1,5
R01_F05,1,5,17,6,Cu,False,0.3674648839750202,0.0,1,6
R01_F05,1,5,17,7,Ti,False,0.2826272565095813,0.0,1,7
R01_F05,1,5,17,8,Fe,False,0.2331350576120491,0.0,1,8
R01_F05,1,5,17,9,Zr,False,0.2048247006943875,0.0,1,9
R01_F05,1,5,17,10,Cr,False,0.1553396820057483,0.0,1,10
R01_F05,1,5,17,11,Mn,False,0.1465015059623052,0.0,1,11
R01_F05,1,5,17,12,Si,False,0.1349725776125678,0.0,1,12
R01_F05,1,5,17,13,Li,False,0.1097759657765781,0.0,1,13
R01_F05,1,5,17,14,Sc,False,0.086298466997955,0.0,1,14
R01_F05,1,5,17,15,Be,False,0.0278809815843854,0.0,1,15
R01_F05,1,5,17,16,Ni,False,0.0169857342855724,0.0,1,16
R01_F05,1,5,17,17,V,False,0.0,0.0,1,17
R02_F01,2,1,17,1,Tsol,True,0.513595600564193,0.0,1,1
R02_F01,2,1,17,2,Tage,True,0.4777957889936388,0.0,1,2
R02_F01,2,1,17,3,tage,True,0.3373205741227759,0.0,1,3
R02_F01,2,1,17,4,Zn,False,1.0,0.0,1,4
R02_F01,2,1,17,5,Mg,False,0.4896805661628935,0.0,1,5
R02_F01,2,1,17,6,Ti,False,0.3184400085102931,0.0,1,6
R02_F01,2,1,17,7,Cu,False,0.2988527946535412,0.0,1,7
R02_F01,2,1,17,8,Fe,False,0.2379656975201113,0.0,1,8
R02_F01,2,1,17,9,Zr,False,0.1830314629234134,0.0,1,9
R02_F01,2,1,17,10,Si,False,0.1542616076277774,0.0,1,10
R02_F01,2,1,17,11,Mn,False,0.1511380079845246,0.0,1,11
R02_F01,2,1,17,12,Cr,False,0.1127887279876272,0.0,1,12
R02_F01,2,1,17,13,Sc,False,0.0876437730222125,0.0,1,13
R02_F01,2,1,17,14,Li,False,0.0720593388398343,0.0,1,14
R02_F01,2,1,17,15,Ni,False,0.024645920930969,0.0,1,15
R02_F01,2,1,17,16,Be,False,0.0188226394442332,0.0,1,16
R02_F01,2,1,17,17,V,False,0.0,0.0,1,17
R02_F02,2,2,17,1,Tsol,True,0.7099744813602706,0.75,1,1
R02_F02,2,2,17,2,Tage,True,0.4222915976996525,0.75,1,2
R02_F02,2,2,17,3,tage,True,0.0875786769505234,0.75,1,3
R02_F02,2,2,17,4,Zn,False,1.0,0.75,1,4
R02_F02,2,2,17,5,Mg,False,0.72568220595325,0.75,1,5
R02_F02,2,2,17,6,Ti,False,0.3849492189092305,0.75,1,6
R02_F02,2,2,17,7,Fe,False,0.3714433984532912,0.75,1,7
R02_F02,2,2,17,8,Sc,False,0.3504926838580697,0.75,1,8
R02_F02,2,2,17,9,Si,False,0.3477104859270297,0.75,1,9
R02_F02,2,2,17,10,Zr,False,0.3118298610816742,0.75,1,10
R02_F02,2,2,17,11,Cu,False,0.2973702480512644,0.75,1,11
R02_F02,2,2,17,12,Cr,False,0.296361254302791,0.75,1,12
R02_F02,2,2,17,13,Li,False,0.2241056362209305,0.75,1,13
R02_F02,2,2,17,14,Ni,False,0.1106514542045698,0.75,1,14
R02_F02,2,2,17,15,Be,False,0.1051445817191435,0.75,1,15
R02_F02,2,2,17,16,Mn,False,0.0687164185552537,0.75,1,16
R02_F02,2,2,17,17,V,False,0.0378225221964966,0.75,1,17
R02_F03,2,3,17,1,Tsol,True,0.6262766079230586,0.5,1,1
R02_F03,2,3,17,2,Tage,True,0.3932126948027635,0.5,1,2
R02_F03,2,3,17,3,tage,True,0.1262469872350628,0.5,1,3
R02_F03,2,3,17,4,Zn,False,1.0,0.5,1,4
R02_F03,2,3,17,5,Mg,False,0.6268606702945347,0.5,1,5
R02_F03,2,3,17,6,Ti,False,0.3631453856975637,0.5,1,6
R02_F03,2,3,17,7,Fe,False,0.3292050489045593,0.5,1,7
R02_F03,2,3,17,8,Cu,False,0.3213559678891466,0.5,1,8
R02_F03,2,3,17,9,Cr,False,0.2869969558803638,0.5,1,9
R02_F03,2,3,17,10,Si,False,0.2844235126645701,0.5,1,10
R02_F03,2,3,17,11,Zr,False,0.2842278716332234,0.5,1,11
R02_F03,2,3,17,12,Sc,False,0.2651879632966749,0.5,1,12
R02_F03,2,3,17,13,Li,False,0.1539938958840492,0.5,1,13
R02_F03,2,3,17,14,Be,False,0.1291141478722326,0.5,1,14
R02_F03,2,3,17,15,Mn,False,0.122500796060143,0.5,1,15
R02_F03,2,3,17,16,Ni,False,0.0945091701432329,0.5,1,16
R02_F03,2,3,17,17,V,False,0.0613679025377541,0.5,1,17
R02_F04,2,4,17,1,Tsol,True,0.7095015412020815,0.75,1,1
R02_F04,2,4,17,2,Tage,True,0.4038975434305362,0.75,1,2
R02_F04,2,4,17,3,tage,True,0.0830189919903631,0.75,1,3
R02_F04,2,4,17,4,Zn,False,1.0,0.75,1,4
R02_F04,2,4,17,5,Mg,False,0.7563065562255127,0.75,1,5
R02_F04,2,4,17,6,Ti,False,0.3936443776224649,0.75,1,6
R02_F04,2,4,17,7,Sc,False,0.3758586266152322,0.75,1,7
R02_F04,2,4,17,8,Si,False,0.3387548663622171,0.75,1,8
R02_F04,2,4,17,9,Fe,False,0.3327101101793178,0.75,1,9
R02_F04,2,4,17,10,Zr,False,0.3131050120378634,0.75,1,10
R02_F04,2,4,17,11,Cu,False,0.2956837327875473,0.75,1,11
R02_F04,2,4,17,12,Li,False,0.2377796247748047,0.75,1,12
R02_F04,2,4,17,13,Cr,False,0.2208925013943874,0.75,1,13
R02_F04,2,4,17,14,Be,False,0.1371224605124764,0.75,1,14
R02_F04,2,4,17,15,Ni,False,0.1218641973809848,0.75,1,15
R02_F04,2,4,17,16,V,False,0.0799240484884001,0.75,1,16
R02_F04,2,4,17,17,Mn,False,0.0551374289576775,0.75,1,17
R02_F05,2,5,17,1,Tsol,True,0.7242662039839208,0.75,1,1
R02_F05,2,5,17,2,Tage,True,0.4895770893247518,0.75,1,2
R02_F05,2,5,17,3,tage,True,0.0713797467768738,0.75,1,3
R02_F05,2,5,17,4,Zn,False,1.0,0.75,1,4
R02_F05,2,5,17,5,Mg,False,0.7622901908010594,0.75,1,5
R02_F05,2,5,17,6,Ti,False,0.3812311033261573,0.75,1,6
R02_F05,2,5,17,7,Si,False,0.3612662550337767,0.75,1,7
R02_F05,2,5,17,8,Cu,False,0.3566819125833077,0.75,1,8
R02_F05,2,5,17,9,Sc,False,0.3274715660887813,0.75,1,9
R02_F05,2,5,17,10,Fe,False,0.3223241866297375,0.75,1,10
R02_F05,2,5,17,11,Zr,False,0.2928430955957483,0.75,1,11
R02_F05,2,5,17,12,Li,False,0.2486875984112828,0.75,1,12
R02_F05,2,5,17,13,Be,False,0.1894627418426083,0.75,1,13
R02_F05,2,5,17,14,Cr,False,0.1643233754878496,0.75,1,14
R02_F05,2,5,17,15,V,False,0.1236367212978296,0.75,1,15
R02_F05,2,5,17,16,Ni,False,0.12014296133809,0.75,1,16
R02_F05,2,5,17,17,Mn,False,0.1017214680776502,0.75,1,17
R03_F01,3,1,17,1,Tsol,True,0.4738986606136325,0.0,1,1
R03_F01,3,1,17,2,Tage,True,0.4171743172585642,0.0,1,2
R03_F01,3,1,17,3,tage,True,0.2795696099140201,0.0,1,3
R03_F01,3,1,17,4,Zn,False,1.0,0.0,1,4
R03_F01,3,1,17,5,Mg,False,0.3970939761491169,0.0,1,5
R03_F01,3,1,17,6,Cu,False,0.3145983875526307,0.0,1,6
R03_F01,3,1,17,7,Zr,False,0.2048756485975661,0.0,1,7
R03_F01,3,1,17,8,Fe,False,0.2013020155018426,0.0,1,8
R03_F01,3,1,17,9,Ti,False,0.1701878012331105,0.0,1,9
R03_F01,3,1,17,10,Si,False,0.1415969389193722,0.0,1,10
R03_F01,3,1,17,11,Li,False,0.1407192332065917,0.0,1,11
R03_F01,3,1,17,12,Mn,False,0.1402773062091786,0.0,1,12
R03_F01,3,1,17,13,Sc,False,0.1350443489365735,0.0,1,13
R03_F01,3,1,17,14,Cr,False,0.1172827276102579,0.0,1,14
R03_F01,3,1,17,15,Be,False,0.0272357756905326,0.0,1,15
R03_F01,3,1,17,16,Ni,False,0.0150873797797742,0.0,1,16
R03_F01,3,1,17,17,V,False,0.0,0.0,1,17
R03_F02,3,2,17,1,Tsol,True,0.598037335589348,0.5,1,1
R03_F02,3,2,17,2,Tage,True,0.4223160023261326,0.5,1,2
R03_F02,3,2,17,3,tage,True,0.1376059947076156,0.5,1,3
R03_F02,3,2,17,4,Zn,False,1.0,0.5,1,4
R03_F02,3,2,17,5,Mg,False,0.6498482449265699,0.5,1,5
R03_F02,3,2,17,6,Ti,False,0.3234826579417585,0.5,1,6
R03_F02,3,2,17,7,Fe,False,0.3104603229328924,0.5,1,7
R03_F02,3,2,17,8,Cu,False,0.2866548384837249,0.5,1,8
R03_F02,3,2,17,9,Si,False,0.2607660479678196,0.5,1,9
R03_F02,3,2,17,10,Sc,False,0.2509921269452346,0.5,1,10
R03_F02,3,2,17,11,Zr,False,0.2488924588533564,0.5,1,11
R03_F02,3,2,17,12,Li,False,0.1928670527605837,0.5,1,12
R03_F02,3,2,17,13,Cr,False,0.1591765759193226,0.5,1,13
R03_F02,3,2,17,14,Be,False,0.105684111299613,0.5,1,14
R03_F02,3,2,17,15,Mn,False,0.0774754727224849,0.5,1,15
R03_F02,3,2,17,16,Ni,False,0.061668459482656,0.5,1,16
R03_F02,3,2,17,17,V,False,0.0145305238687558,0.5,1,17
R03_F03,3,3,17,1,Tsol,True,0.720482014048018,0.75,1,1
R03_F03,3,3,17,2,Tage,True,0.3936547238230212,0.75,1,2
R03_F03,3,3,17,3,tage,True,0.0795790042262955,0.75,1,3
R03_F03,3,3,17,4,Zn,False,1.0,0.75,1,4
R03_F03,3,3,17,5,Mg,False,0.709303902688839,0.75,1,5
R03_F03,3,3,17,6,Ti,False,0.39196433765148,0.75,1,6
R03_F03,3,3,17,7,Si,False,0.3384656148077242,0.75,1,7
R03_F03,3,3,17,8,Fe,False,0.3381242144786885,0.75,1,8
R03_F03,3,3,17,9,Sc,False,0.3170528283064643,0.75,1,9
R03_F03,3,3,17,10,Cu,False,0.3037239402639506,0.75,1,10
R03_F03,3,3,17,11,Zr,False,0.2840386891069008,0.75,1,11
R03_F03,3,3,17,12,Cr,False,0.229422332920638,0.75,1,12
R03_F03,3,3,17,13,Li,False,0.2070292818234357,0.75,1,13
R03_F03,3,3,17,14,Ni,False,0.1148343332443564,0.75,1,14
R03_F03,3,3,17,15,Be,False,0.1121397417800155,0.75,1,15
R03_F03,3,3,17,16,V,False,0.0830700609221369,0.75,1,16
R03_F03,3,3,17,17,Mn,False,0.0655155125198719,0.75,1,17
R03_F04,3,4,17,1,Tsol,True,0.6996966162088041,0.5,1,1
R03_F04,3,4,17,2,Tage,True,0.4538492706304615,0.5,1,2
R03_F04,3,4,17,3,tage,True,0.1754169201667544,0.5,1,3
R03_F04,3,4,17,4,Zn,False,1.0,0.5,1,4
R03_F04,3,4,17,5,Mg,False,0.6991674659302445,0.5,1,5
R03_F04,3,4,17,6,Ti,False,0.3870291667281786,0.5,1,6
R03_F04,3,4,17,7,Cu,False,0.3615163728209067,0.5,1,7
R03_F04,3,4,17,8,Sc,False,0.3251664312437784,0.5,1,8
R03_F04,3,4,17,9,Zr,False,0.2969394111402904,0.5,1,9
R03_F04,3,4,17,10,Fe,False,0.2877531436069671,0.5,1,10
R03_F04,3,4,17,11,Si,False,0.2723758773423582,0.5,1,11
R03_F04,3,4,17,12,Cr,False,0.258954863711288,0.5,1,12
R03_F04,3,4,17,13,Li,False,0.1758214607385602,0.5,1,13
R03_F04,3,4,17,14,Be,False,0.1124916083647924,0.5,1,14
R03_F04,3,4,17,15,Mn,False,0.087966359600523,0.5,1,15
R03_F04,3,4,17,16,Ni,False,0.0662735956144776,0.5,1,16
R03_F04,3,4,17,17,V,False,0.0540135411112358,0.5,1,17
R03_F05,3,5,17,1,Tsol,True,0.5777316605053209,0.25,1,1
R03_F05,3,5,17,2,Tage,True,0.4634655774455765,0.25,1,2
R03_F05,3,5,17,3,tage,True,0.2224730143099521,0.25,1,3
R03_F05,3,5,17,4,Zn,False,1.0,0.25,1,4
R03_F05,3,5,17,5,Mg,False,0.5668970509396735,0.25,1,5
R03_F05,3,5,17,6,Fe,False,0.3173215777570432,0.25,1,6
R03_F05,3,5,17,7,Ti,False,0.3099399541303075,0.25,1,7
R03_F05,3,5,17,8,Cu,False,0.2983710273651705,0.25,1,8
R03_F05,3,5,17,9,Zr,False,0.2513827493825158,0.25,1,9
R03_F05,3,5,17,10,Si,False,0.2262602087649151,0.25,1,10
R03_F05,3,5,17,11,Sc,False,0.2000835132849718,0.25,1,11
R03_F05,3,5,17,12,Cr,False,0.1955321118267202,0.25,1,12
R03_F05,3,5,17,13,Li,False,0.1625126263346118,0.25,1,13
R03_F05,3,5,17,14,Mn,False,0.1457853815197781,0.25,1,14
R03_F05,3,5,17,15,Be,False,0.065036895533702,0.25,1,15
R03_F05,3,5,17,16,Ni,False,0.0619034604404798,0.25,1,16
R03_F05,3,5,17,17,V,False,0.0442090901376566,0.25,1,17
R04_F01,4,1,17,1,Tsol,True,0.5633022103244046,0.25,1,1
R04_F01,4,1,17,2,Tage,True,0.5038618075718828,0.25,1,2
R04_F01,4,1,17,3,tage,True,0.2682033828980492,0.25,1,3
R04_F01,4,1,17,4,Zn,False,1.0,0.25,1,4
R04_F01,4,1,17,5,Mg,False,0.5458728100391066,0.25,1,5
R04_F01,4,1,17,6,Cu,False,0.3469771203977599,0.25,1,6
R04_F01,4,1,17,7,Ti,False,0.305961067529124,0.25,1,7
R04_F01,4,1,17,8,Fe,False,0.2794786521946637,0.25,1,8
R04_F01,4,1,17,9,Si,False,0.2206601834803052,0.25,1,9
R04_F01,4,1,17,10,Zr,False,0.187175933621229,0.25,1,10
R04_F01,4,1,17,11,Sc,False,0.1736017766066618,0.25,1,11
R04_F01,4,1,17,12,Cr,False,0.159689041941405,0.25,1,12
R04_F01,4,1,17,13,Li,False,0.1449838650210532,0.25,1,13
R04_F01,4,1,17,14,Mn,False,0.138983004676484,0.25,1,14
R04_F01,4,1,17,15,Be,False,0.0673879480082023,0.25,1,15
R04_F01,4,1,17,16,Ni,False,0.0623518966519988,0.25,1,16
R04_F01,4,1,17,17,V,False,0.0368532419443398,0.25,1,17
R04_F02,4,2,17,1,Tsol,True,0.6012809304498736,0.5,1,1
R04_F02,4,2,17,2,Tage,True,0.4447216874312106,0.5,1,2
R04_F02,4,2,17,3,tage,True,0.1305496958106264,0.5,1,3
R04_F02,4,2,17,4,Zn,False,1.0,0.5,1,4
R04_F02,4,2,17,5,Mg,False,0.6602713433898046,0.5,1,5
R04_F02,4,2,17,6,Cu,False,0.3184974381110471,0.5,1,6
R04_F02,4,2,17,7,Ti,False,0.3006780991157764,0.5,1,7
R04_F02,4,2,17,8,Si,False,0.2894627852401635,0.5,1,8
R04_F02,4,2,17,9,Fe,False,0.2709725805576747,0.5,1,9
R04_F02,4,2,17,10,Sc,False,0.2340988941168684,0.5,1,10
R04_F02,4,2,17,11,Zr,False,0.2092631819493848,0.5,1,11
R04_F02,4,2,17,12,Li,False,0.2033213981045683,0.5,1,12
R04_F02,4,2,17,13,Cr,False,0.1508185461421555,0.5,1,13
R04_F02,4,2,17,14,Be,False,0.0940278830329592,0.5,1,14
R04_F02,4,2,17,15,Ni,False,0.0827217959974028,0.5,1,15
R04_F02,4,2,17,16,Mn,False,0.0820009662532013,0.5,1,16
R04_F02,4,2,17,17,V,False,0.0217086348561669,0.5,1,17
R04_F03,4,3,17,1,Tsol,True,0.6707521736477061,0.25,1,1
R04_F03,4,3,17,2,Tage,True,0.5214818552277922,0.25,1,2
R04_F03,4,3,17,3,tage,True,0.2969303963204057,0.25,1,3
R04_F03,4,3,17,4,Zn,False,1.0,0.25,1,4
R04_F03,4,3,17,5,Mg,False,0.6104250045666156,0.25,1,5
R04_F03,4,3,17,6,Cu,False,0.3693901858597532,0.25,1,6
R04_F03,4,3,17,7,Ti,False,0.3410599296877037,0.25,1,7
R04_F03,4,3,17,8,Fe,False,0.2992383982364291,0.25,1,8
R04_F03,4,3,17,9,Zr,False,0.2909387435254043,0.25,1,9
R04_F03,4,3,17,10,Si,False,0.2138785134908635,0.25,1,10
R04_F03,4,3,17,11,Cr,False,0.2007709142005778,0.25,1,11
R04_F03,4,3,17,12,Sc,False,0.190654083451469,0.25,1,12
R04_F03,4,3,17,13,Li,False,0.1640333257742559,0.25,1,13
R04_F03,4,3,17,14,Mn,False,0.16282655891398,0.25,1,14
R04_F03,4,3,17,15,Ni,False,0.0760895677887711,0.25,1,15
R04_F03,4,3,17,16,Be,False,0.0731808893589404,0.25,1,16
R04_F03,4,3,17,17,V,False,0.0374453978158412,0.25,1,17
R04_F04,4,4,17,1,Tsol,True,0.5647545998798256,0.25,1,1
R04_F04,4,4,17,2,Tage,True,0.3889626081571083,0.25,1,2
R04_F04,4,4,17,3,tage,True,0.1742974461853887,0.25,1,3
R04_F04,4,4,17,4,Zn,False,1.0,0.25,1,4
R04_F04,4,4,17,5,Mg,False,0.525460048216627,0.25,1,5
R04_F04,4,4,17,6,Cu,False,0.28028319031898,0.25,1,6
R04_F04,4,4,17,7,Ti,False,0.2657988585064788,0.25,1,7
R04_F04,4,4,17,8,Zr,False,0.2458751138786108,0.25,1,8
R04_F04,4,4,17,9,Fe,False,0.2200876921676151,0.25,1,9
R04_F04,4,4,17,10,Sc,False,0.1864679706270408,0.25,1,10
R04_F04,4,4,17,11,Si,False,0.1783858277507585,0.25,1,11
R04_F04,4,4,17,12,Cr,False,0.1708052992609518,0.25,1,12
R04_F04,4,4,17,13,Li,False,0.1551663808003237,0.25,1,13
R04_F04,4,4,17,14,Mn,False,0.1188379819057445,0.25,1,14
R04_F04,4,4,17,15,Be,False,0.0475034842988976,0.25,1,15
R04_F04,4,4,17,16,Ni,False,0.0352292039187311,0.25,1,16
R04_F04,4,4,17,17,V,False,0.0208259904197328,0.25,1,17
R04_F05,4,5,17,1,Tsol,True,0.6704093071287938,0.25,1,1
R04_F05,4,5,17,2,Tage,True,0.5332194765116092,0.25,1,2
R04_F05,4,5,17,3,tage,True,0.2346257975792434,0.25,1,3
R04_F05,4,5,17,4,Zn,False,1.0,0.25,1,4
R04_F05,4,5,17,5,Mg,False,0.5587073794960967,0.25,1,5
R04_F05,4,5,17,6,Cu,False,0.3460493290432939,0.25,1,6
R04_F05,4,5,17,7,Ti,False,0.3172243713860717,0.25,1,7
R04_F05,4,5,17,8,Zr,False,0.2720633904229164,0.25,1,8
R04_F05,4,5,17,9,Fe,False,0.2482777780100718,0.25,1,9
R04_F05,4,5,17,10,Sc,False,0.2166044322797195,0.25,1,10
R04_F05,4,5,17,11,Si,False,0.2144996206490483,0.25,1,11
R04_F05,4,5,17,12,Cr,False,0.1791530524612522,0.25,1,12
R04_F05,4,5,17,13,Li,False,0.1743371265448155,0.25,1,13
R04_F05,4,5,17,14,Mn,False,0.1058969067035005,0.25,1,14
R04_F05,4,5,17,15,Be,False,0.0785638747752528,0.25,1,15
R04_F05,4,5,17,16,Ni,False,0.0283915718660397,0.25,1,16
R04_F05,4,5,17,17,V,False,0.0261079072753365,0.25,1,17
R05_F01,5,1,17,1,Tsol,True,0.6488701774305103,0.5,1,1
R05_F01,5,1,17,2,Tage,True,0.4220042272722251,0.5,1,2
R05_F01,5,1,17,3,tage,True,0.1762768335572731,0.5,1,3
R05_F01,5,1,17,4,Zn,False,1.0,0.5,1,4
R05_F01,5,1,17,5,Mg,False,0.6481745355460055,0.5,1,5
R05_F01,5,1,17,6,Ti,False,0.339961579739242,0.5,1,6
R05_F01,5,1,17,7,Cu,False,0.3278570809693831,0.5,1,7
R05_F01,5,1,17,8,Fe,False,0.3217245096605096,0.5,1,8
R05_F01,5,1,17,9,Zr,False,0.3216730179697851,0.5,1,9
R05_F01,5,1,17,10,Sc,False,0.2874666318538036,0.5,1,10
R05_F01,5,1,17,11,Si,False,0.2804244226901735,0.5,1,11
R05_F01,5,1,17,12,Cr,False,0.2249858304588081,0.5,1,12
R05_F01,5,1,17,13,Li,False,0.1959832486503406,0.5,1,13
R05_F01,5,1,17,14,Mn,False,0.130849813012525,0.5,1,14
R05_F01,5,1,17,15,Be,False,0.115936608643398,0.5,1,15
R05_F01,5,1,17,16,Ni,False,0.0868769702555827,0.5,1,16
R05_F01,5,1,17,17,V,False,0.0777687459487845,0.5,1,17
R05_F02,5,2,17,1,Tsol,True,0.7128000406713658,0.75,1,1
R05_F02,5,2,17,2,Tage,True,0.4397273741069386,0.75,1,2
R05_F02,5,2,17,3,tage,True,0.0830281282579515,0.75,1,3
R05_F02,5,2,17,4,Zn,False,1.0,0.75,1,4
R05_F02,5,2,17,5,Mg,False,0.7247001762136361,0.75,1,5
R05_F02,5,2,17,6,Ti,False,0.4267976486694352,0.75,1,6
R05_F02,5,2,17,7,Fe,False,0.3544913738372054,0.75,1,7
R05_F02,5,2,17,8,Cu,False,0.3265484027811364,0.75,1,8
R05_F02,5,2,17,9,Si,False,0.3158643038372659,0.75,1,9
R05_F02,5,2,17,10,Sc,False,0.3133502193331135,0.75,1,10
R05_F02,5,2,17,11,Zr,False,0.2510218499768619,0.75,1,11
R05_F02,5,2,17,12,Cr,False,0.231608585941842,0.75,1,12
R05_F02,5,2,17,13,Li,False,0.193833316572128,0.75,1,13
R05_F02,5,2,17,14,Be,False,0.1524564672523702,0.75,1,14
R05_F02,5,2,17,15,Mn,False,0.1093659423219306,0.75,1,15
R05_F02,5,2,17,16,Ni,False,0.0995994531109286,0.75,1,16
R05_F02,5,2,17,17,V,False,0.0206169541514001,0.75,1,17
R05_F03,5,3,17,1,Tsol,True,0.7105593424819368,0.75,1,1
R05_F03,5,3,17,2,Tage,True,0.4321618434863755,0.75,1,2
R05_F03,5,3,17,3,tage,True,0.0865948944443532,0.75,1,3
R05_F03,5,3,17,4,Zn,False,1.0,0.75,1,4
R05_F03,5,3,17,5,Mg,False,0.791466368696227,0.75,1,5
R05_F03,5,3,17,6,Ti,False,0.4058508080446237,0.75,1,6
R05_F03,5,3,17,7,Si,False,0.3902223268053681,0.75,1,7
R05_F03,5,3,17,8,Fe,False,0.3808515802713835,0.75,1,8
R05_F03,5,3,17,9,Sc,False,0.3541511510782475,0.75,1,9
R05_F03,5,3,17,10,Cu,False,0.3127707141907649,0.75,1,10
R05_F03,5,3,17,11,Zr,False,0.2896289180603846,0.75,1,11
R05_F03,5,3,17,12,Li,False,0.2386306790860282,0.75,1,12
R05_F03,5,3,17,13,Cr,False,0.2372573972167899,0.75,1,13
R05_F03,5,3,17,14,Be,False,0.1546662413291242,0.75,1,14
R05_F03,5,3,17,15,Ni,False,0.1401484524658582,0.75,1,15
R05_F03,5,3,17,16,V,False,0.115622584606036,0.75,1,16
R05_F03,5,3,17,17,Mn,False,0.1125734388301868,0.75,1,17
R05_F04,5,4,17,1,Tsol,True,0.6029318175719253,0.25,1,1
R05_F04,5,4,17,2,Tage,True,0.4980521257725414,0.25,1,2
R05_F04,5,4,17,3,tage,True,0.2332143381368911,0.25,1,3
R05_F04,5,4,17,4,Zn,False,1.0,0.25,1,4
R05_F04,5,4,17,5,Mg,False,0.5533053323507257,0.25,1,5
R05_F04,5,4,17,6,Cu,False,0.3256268993605756,0.25,1,6
R05_F04,5,4,17,7,Ti,False,0.280677678070714,0.25,1,7
R05_F04,5,4,17,8,Zr,False,0.2600970503174265,0.25,1,8
R05_F04,5,4,17,9,Fe,False,0.229797737846674,0.25,1,9
R05_F04,5,4,17,10,Si,False,0.2211461937032117,0.25,1,10
R05_F04,5,4,17,11,Sc,False,0.2009992403256821,0.25,1,11
R05_F04,5,4,17,12,Cr,False,0.1661213710169552,0.25,1,12
R05_F04,5,4,17,13,Li,False,0.1552185451365796,0.25,1,13
R05_F04,5,4,17,14,Mn,False,0.1190425829653091,0.25,1,14
R05_F04,5,4,17,15,Be,False,0.1145403519266984,0.25,1,15
R05_F04,5,4,17,16,Ni,False,0.0465249397380016,0.25,1,16
R05_F04,5,4,17,17,V,False,0.0254891359324704,0.25,1,17
R05_F05,5,5,17,1,Tsol,True,0.6481674609452478,0.5,1,1
R05_F05,5,5,17,2,Tage,True,0.4170470055718017,0.5,1,2
R05_F05,5,5,17,3,tage,True,0.1323080727254722,0.5,1,3
R05_F05,5,5,17,4,Zn,False,1.0,0.5,1,4
R05_F05,5,5,17,5,Mg,False,0.6522771673118016,0.5,1,5
R05_F05,5,5,17,6,Ti,False,0.3450035086508743,0.5,1,6
R05_F05,5,5,17,7,Fe,False,0.3335368282595273,0.5,1,7
R05_F05,5,5,17,8,Zr,False,0.3038546459827893,0.5,1,8
R05_F05,5,5,17,9,Cu,False,0.2951479386770411,0.5,1,9
R05_F05,5,5,17,10,Sc,False,0.2727733555093968,0.5,1,10
R05_F05,5,5,17,11,Si,False,0.2705203363688256,0.5,1,11
R05_F05,5,5,17,12,Cr,False,0.2235339131464002,0.5,1,12
R05_F05,5,5,17,13,Li,False,0.2000238122958645,0.5,1,13
R05_F05,5,5,17,14,Mn,False,0.0961346561435694,0.5,1,14
R05_F05,5,5,17,15,Be,False,0.0649059754570507,0.5,1,15
R05_F05,5,5,17,16,Ni,False,0.0573671079731897,0.5,1,16
R05_F05,5,5,17,17,V,False,0.0503081445338815,0.5,1,17
