Run_ID,Repeat,Outer_Fold,Outer_ID,Feature_Count,Model_Family,Candidate_Number,Inner_Fold,Alpha,Params,Derived_Seed,Inner_Training_Index_Hash,Inner_Validation_Index_Hash,Inner_Primary_Score,Inner_NRMSE,Search_Stage
final_k12_K12_FINAL_k12_Native_ET_Physics,0,0,K12_FINAL,12,Native_ET_Physics,1,1,0.75,"{""model__max_depth"": 6, ""model__max_features"": ""sqrt"", ""model__min_samples_leaf"": 4, ""model__n_estimators"": 500, ""selector__alpha"": 0.75, ""selector__n_features"": 12}",72043,63aa6fefba64a6074d0d9ff897ce987281e5ac90c2d08dcb781ac0056c1c5cae,00487d5a1bfc80244f5e1aac4616000df0555f6d828c513709ef326e7a15245b,-0.6257658197221895,0.6257658197221895,final_k12
final_k12_K12_FINAL_k12_Native_ET_Physics,0,0,K12_FINAL,12,Native_ET_Physics,1,2,0.75,"{""model__max_depth"": 6, ""model__max_features"": ""sqrt"", ""model__min_samples_leaf"": 4, ""model__n_estimators"": 500, ""selector__alpha"": 0.75, ""selector__n_features"": 12}",72043,11d650d51b733d713e5f12a34674e439bc73d8ed3458306fb90be98d7ffd8c8e,183aefcb8f2fa4b7904c22725f7dd41376802f4e63953556f751878b9132f13e,-0.5528081663369379,0.5528081663369379,final_k12
final_k12_K12_FINAL_k12_Native_ET_Physics,0,0,K12_FINAL,12,Native_ET_Physics,1,3,0.75,"{""model__max_depth"": 6, ""model__max_features"": ""sqrt"", ""model__min_samples_leaf"": 4, ""model__n_estimators"": 500, ""selector__alpha"": 0.75, ""selector__n_features"": 12}",72043,3365a8da0cb673ae6f81d21a9b60c2b001f5fadb6e903ee627a246ac8f56488f,f70281ff9e2d63699ac597b6d7b2efaa1d3c535ba8d5eeee2b64b89b316a06d0,-0.5957335302110103,0.5957335302110103,final_k12
final_k12_K12_FINAL_k12_Native_ET_Physics,0,0,K12_FINAL,12,Native_ET_Physics,1,4,0.75,"{""model__max_depth"": 6, ""model__max_features"": ""sqrt"", ""model__min_samples_leaf"": 4, ""model__n_estimators"": 500, ""selector__alpha"": 0.75, ""selector__n_features"": 12}",72043,ff59dad4f15ca6423b54f522febfc7595b575efba699f5a710505cb059b813aa,3498d416c0e50ca57ab8c168fdeeff46b99bbbb55cb1dc07a75709d162de5611,-0.5452110099828077,0.5452110099828077,final_k12
final_k12_K12_FINAL_k12_Native_ET_Physics,0,0,K12_FINAL,12,Native_ET_Physics,1,5,0.75,"{""model__max_depth"": 6, ""model__max_features"": ""sqrt"", ""model__min_samples_leaf"": 4, ""model__n_estimators"": 500, ""selector__alpha"": 0.75, ""selector__n_features"": 12}",72043,b73532caf058356af99850fc9cee7a377bdaf0cdc14055fab95af0117ee61de4,07065de2bef741f3cb587e277a0fcb85f93673c30d01852668a7519054b3fc3e,-0.604689031054165,0.604689031054165,final_k12
final_k12_K12_FINAL_k12_Native_ET_Physics,0,0,K12_FINAL,12,Native_ET_Physics,2,1,0.5,"{""model__max_depth"": 14, ""model__max_features"": 1.0, ""model__min_samples_leaf"": 1, ""model__n_estimators"": 500, ""selector__alpha"": 0.5, ""selector__n_features"": 12}",72043,63aa6fefba64a6074d0d9ff897ce987281e5ac90c2d08dcb781ac0056c1c5cae,00487d5a1bfc80244f5e1aac4616000df0555f6d828c513709ef326e7a15245b,-0.4773636401095947,0.4773636401095947,final_k12
final_k12_K12_FINAL_k12_Native_ET_Physics,0,0,K12_FINAL,12,Native_ET_Physics,2,2,0.5,"{""model__max_depth"": 14, ""model__max_features"": 1.0, ""model__min_samples_leaf"": 1, ""model__n_estimators"": 500, ""selector__alpha"": 0.5, ""selector__n_features"": 12}",72043,11d650d51b733d713e5f12a34674e439bc73d8ed3458306fb90be98d7ffd8c8e,183aefcb8f2fa4b7904c22725f7dd41376802f4e63953556f751878b9132f13e,-0.41685300866565494,0.41685300866565494,final_k12
final_k12_K12_FINAL_k12_Native_ET_Physics,0,0,K12_FINAL,12,Native_ET_Physics,2,3,0.5,"{""model__max_depth"": 14, ""model__max_features"": 1.0, ""model__min_samples_leaf"": 1, ""model__n_estimators"": 500, ""selector__alpha"": 0.5, ""selector__n_features"": 12}",72043,3365a8da0cb673ae6f81d21a9b60c2b001f5fadb6e903ee627a246ac8f56488f,f70281ff9e2d63699ac597b6d7b2efaa1d3c535ba8d5eeee2b64b89b316a06d0,-0.4062784654387131,0.4062784654387131,final_k12
final_k12_K12_FINAL_k12_Native_ET_Physics,0,0,K12_FINAL,12,Native_ET_Physics,2,4,0.5,"{""model__max_depth"": 14, ""model__max_features"": 1.0, ""model__min_samples_leaf"": 1, ""model__n_estimators"": 500, ""selector__alpha"": 0.5, ""selector__n_features"": 12}",72043,ff59dad4f15ca6423b54f522febfc7595b575efba699f5a710505cb059b813aa,3498d416c0e50ca57ab8c168fdeeff46b99bbbb55cb1dc07a75709d162de5611,-0.397579602323719,0.397579602323719,final_k12
final_k12_K12_FINAL_k12_Native_ET_Physics,0,0,K12_FINAL,12,Native_ET_Physics,2,5,0.5,"{""model__max_depth"": 14, ""model__max_features"": 1.0, ""model__min_samples_leaf"": 1, ""model__n_estimators"": 500, ""selector__alpha"": 0.5, ""selector__n_features"": 12}",72043,b73532caf058356af99850fc9cee7a377bdaf0cdc14055fab95af0117ee61de4,07065de2bef741f3cb587e277a0fcb85f93673c30d01852668a7519054b3fc3e,-0.3520932304963121,0.3520932304963121,final_k12
final_k12_K12_FINAL_k12_Native_ET_Physics,0,0,K12_FINAL,12,Native_ET_Physics,3,1,0.25,"{""model__max_depth"": 10, ""model__max_features"": 1.0, ""model__min_samples_leaf"": 2, ""model__n_estimators"": 500, ""selector__alpha"": 0.25, ""selector__n_features"": 12}",72043,63aa6fefba64a6074d0d9ff897ce987281e5ac90c2d08dcb781ac0056c1c5cae,00487d5a1bfc80244f5e1aac4616000df0555f6d828c513709ef326e7a15245b,-0.47634234101282874,0.47634234101282874,final_k12
final_k12_K12_FINAL_k12_Native_ET_Physics,0,0,K12_FINAL,12,Native_ET_Physics,3,2,0.25,"{""model__max_depth"": 10, ""model__max_features"": 1.0, ""model__min_samples_leaf"": 2, ""model__n_estimators"": 500, ""selector__alpha"": 0.25, ""selector__n_features"": 12}",72043,11d650d51b733d713e5f12a34674e439bc73d8ed3458306fb90be98d7ffd8c8e,183aefcb8f2fa4b7904c22725f7dd41376802f4e63953556f751878b9132f13e,-0.42864964418759927,0.42864964418759927,final_k12
final_k12_K12_FINAL_k12_Native_ET_Physics,0,0,K12_FINAL,12,Native_ET_Physics,3,3,0.25,"{""model__max_depth"": 10, ""model__max_features"": 1.0, ""model__min_samples_leaf"": 2, ""model__n_estimators"": 500, ""selector__alpha"": 0.25, ""selector__n_features"": 12}",72043,3365a8da0cb673ae6f81d21a9b60c2b001f5fadb6e903ee627a246ac8f56488f,f70281ff9e2d63699ac597b6d7b2efaa1d3c535ba8d5eeee2b64b89b316a06d0,-0.46888604332793804,0.46888604332793804,final_k12
final_k12_K12_FINAL_k12_Native_ET_Physics,0,0,K12_FINAL,12,Native_ET_Physics,3,4,0.25,"{""model__max_depth"": 10, ""model__max_features"": 1.0, ""model__min_samples_leaf"": 2, ""model__n_estimators"": 500, ""selector__alpha"": 0.25, ""selector__n_features"": 12}",72043,ff59dad4f15ca6423b54f522febfc7595b575efba699f5a710505cb059b813aa,3498d416c0e50ca57ab8c168fdeeff46b99bbbb55cb1dc07a75709d162de5611,-0.43699001943939725,0.43699001943939725,final_k12
final_k12_K12_FINAL_k12_Native_ET_Physics,0,0,K12_FINAL,12,Native_ET_Physics,3,5,0.25,"{""model__max_depth"": 10, ""model__max_features"": 1.0, ""model__min_samples_leaf"": 2, ""model__n_estimators"": 500, ""selector__alpha"": 0.25, ""selector__n_features"": 12}",72043,b73532caf058356af99850fc9cee7a377bdaf0cdc14055fab95af0117ee61de4,07065de2bef741f3cb587e277a0fcb85f93673c30d01852668a7519054b3fc3e,-0.37958949211215537,0.37958949211215537,final_k12
final_k12_K12_FINAL_k12_Native_ET_Physics,0,0,K12_FINAL,12,Native_ET_Physics,4,1,0.0,"{""model__max_depth"": 10, ""model__max_features"": ""sqrt"", ""model__min_samples_leaf"": 4, ""model__n_estimators"": 800, ""selector__alpha"": 0.0, ""selector__n_features"": 12}",72043,63aa6fefba64a6074d0d9ff897ce987281e5ac90c2d08dcb781ac0056c1c5cae,00487d5a1bfc80244f5e1aac4616000df0555f6d828c513709ef326e7a15245b,-0.5822564759723178,0.5822564759723178,final_k12
final_k12_K12_FINAL_k12_Native_ET_Physics,0,0,K12_FINAL,12,Native_ET_Physics,4,2,0.0,"{""model__max_depth"": 10, ""model__max_features"": ""sqrt"", ""model__min_samples_leaf"": 4, ""model__n_estimators"": 800, ""selector__alpha"": 0.0, ""selector__n_features"": 12}",72043,11d650d51b733d713e5f12a34674e439bc73d8ed3458306fb90be98d7ffd8c8e,183aefcb8f2fa4b7904c22725f7dd41376802f4e63953556f751878b9132f13e,-0.5233491955595522,0.5233491955595522,final_k12
final_k12_K12_FINAL_k12_Native_ET_Physics,0,0,K12_FINAL,12,Native_ET_Physics,4,3,0.0,"{""model__max_depth"": 10, ""model__max_features"": ""sqrt"", ""model__min_samples_leaf"": 4, ""model__n_estimators"": 800, ""selector__alpha"": 0.0, ""selector__n_features"": 12}",72043,3365a8da0cb673ae6f81d21a9b60c2b001f5fadb6e903ee627a246ac8f56488f,f70281ff9e2d63699ac597b6d7b2efaa1d3c535ba8d5eeee2b64b89b316a06d0,-0.5589418847181643,0.5589418847181643,final_k12
final_k12_K12_FINAL_k12_Native_ET_Physics,0,0,K12_FINAL,12,Native_ET_Physics,4,4,0.0,"{""model__max_depth"": 10, ""model__max_features"": ""sqrt"", ""model__min_samples_leaf"": 4, ""model__n_estimators"": 800, ""selector__alpha"": 0.0, ""selector__n_features"": 12}",72043,ff59dad4f15ca6423b54f522febfc7595b575efba699f5a710505cb059b813aa,3498d416c0e50ca57ab8c168fdeeff46b99bbbb55cb1dc07a75709d162de5611,-0.5198333237043155,0.5198333237043155,final_k12
final_k12_K12_FINAL_k12_Native_ET_Physics,0,0,K12_FINAL,12,Native_ET_Physics,4,5,0.0,"{""model__max_depth"": 10, ""model__max_features"": ""sqrt"", ""model__min_samples_leaf"": 4, ""model__n_estimators"": 800, ""selector__alpha"": 0.0, ""selector__n_features"": 12}",72043,b73532caf058356af99850fc9cee7a377bdaf0cdc14055fab95af0117ee61de4,07065de2bef741f3cb587e277a0fcb85f93673c30d01852668a7519054b3fc3e,-0.56879149369398,0.56879149369398,final_k12
final_k12_K12_FINAL_k12_Native_ET_Physics,0,0,K12_FINAL,12,Native_ET_Physics,5,1,0.5,"{""model__max_depth"": null, ""model__max_features"": 1.0, ""model__min_samples_leaf"": 2, ""model__n_estimators"": 500, ""selector__alpha"": 0.5, ""selector__n_features"": 12}",72043,63aa6fefba64a6074d0d9ff897ce987281e5ac90c2d08dcb781ac0056c1c5cae,00487d5a1bfc80244f5e1aac4616000df0555f6d828c513709ef326e7a15245b,-0.4887175514286093,0.4887175514286093,final_k12
final_k12_K12_FINAL_k12_Native_ET_Physics,0,0,K12_FINAL,12,Native_ET_Physics,5,2,0.5,"{""model__max_depth"": null, ""model__max_features"": 1.0, ""model__min_samples_leaf"": 2, ""model__n_estimators"": 500, ""selector__alpha"": 0.5, ""selector__n_features"": 12}",72043,11d650d51b733d713e5f12a34674e439bc73d8ed3458306fb90be98d7ffd8c8e,183aefcb8f2fa4b7904c22725f7dd41376802f4e63953556f751878b9132f13e,-0.4262430984929086,0.4262430984929086,final_k12
final_k12_K12_FINAL_k12_Native_ET_Physics,0,0,K12_FINAL,12,Native_ET_Physics,5,3,0.5,"{""model__max_depth"": null, ""model__max_features"": 1.0, ""model__min_samples_leaf"": 2, ""model__n_estimators"": 500, ""selector__alpha"": 0.5, ""selector__n_features"": 12}",72043,3365a8da0cb673ae6f81d21a9b60c2b001f5fadb6e903ee627a246ac8f56488f,f70281ff9e2d63699ac597b6d7b2efaa1d3c535ba8d5eeee2b64b89b316a06d0,-0.44891602327682695,0.44891602327682695,final_k12
final_k12_K12_FINAL_k12_Native_ET_Physics,0,0,K12_FINAL,12,Native_ET_Physics,5,4,0.5,"{""model__max_depth"": null, ""model__max_features"": 1.0, ""model__min_samples_leaf"": 2, ""model__n_estimators"": 500, ""selector__alpha"": 0.5, ""selector__n_features"": 12}",72043,ff59dad4f15ca6423b54f522febfc7595b575efba699f5a710505cb059b813aa,3498d416c0e50ca57ab8c168fdeeff46b99bbbb55cb1dc07a75709d162de5611,-0.44356360131602374,0.44356360131602374,final_k12
final_k12_K12_FINAL_k12_Native_ET_Physics,0,0,K12_FINAL,12,Native_ET_Physics,5,5,0.5,"{""model__max_depth"": null, ""model__max_features"": 1.0, ""model__min_samples_leaf"": 2, ""model__n_estimators"": 500, ""selector__alpha"": 0.5, ""selector__n_features"": 12}",72043,b73532caf058356af99850fc9cee7a377bdaf0cdc14055fab95af0117ee61de4,07065de2bef741f3cb587e277a0fcb85f93673c30d01852668a7519054b3fc3e,-0.3744077372650858,0.3744077372650858,final_k12
final_k12_K12_FINAL_k12_Native_ET_Physics,0,0,K12_FINAL,12,Native_ET_Physics,6,1,1.0,"{""model__max_depth"": null, ""model__max_features"": 0.7, ""model__min_samples_leaf"": 4, ""model__n_estimators"": 300, ""selector__alpha"": 1.0, ""selector__n_features"": 12}",72043,63aa6fefba64a6074d0d9ff897ce987281e5ac90c2d08dcb781ac0056c1c5cae,00487d5a1bfc80244f5e1aac4616000df0555f6d828c513709ef326e7a15245b,-0.5602342277771659,0.5602342277771659,final_k12
final_k12_K12_FINAL_k12_Native_ET_Physics,0,0,K12_FINAL,12,Native_ET_Physics,6,2,1.0,"{""model__max_depth"": null, ""model__max_features"": 0.7, ""model__min_samples_leaf"": 4, ""model__n_estimators"": 300, ""selector__alpha"": 1.0, ""selector__n_features"": 12}",72043,11d650d51b733d713e5f12a34674e439bc73d8ed3458306fb90be98d7ffd8c8e,183aefcb8f2fa4b7904c22725f7dd41376802f4e63953556f751878b9132f13e,-0.46095135148003036,0.46095135148003036,final_k12
final_k12_K12_FINAL_k12_Native_ET_Physics,0,0,K12_FINAL,12,Native_ET_Physics,6,3,1.0,"{""model__max_depth"": null, ""model__max_features"": 0.7, ""model__min_samples_leaf"": 4, ""model__n_estimators"": 300, ""selector__alpha"": 1.0, ""selector__n_features"": 12}",72043,3365a8da0cb673ae6f81d21a9b60c2b001f5fadb6e903ee627a246ac8f56488f,f70281ff9e2d63699ac597b6d7b2efaa1d3c535ba8d5eeee2b64b89b316a06d0,-0.49276608562441454,0.49276608562441454,final_k12
final_k12_K12_FINAL_k12_Native_ET_Physics,0,0,K12_FINAL,12,Native_ET_Physics,6,4,1.0,"{""model__max_depth"": null, ""model__max_features"": 0.7, ""model__min_samples_leaf"": 4, ""model__n_estimators"": 300, ""selector__alpha"": 1.0, ""selector__n_features"": 12}",72043,ff59dad4f15ca6423b54f522febfc7595b575efba699f5a710505cb059b813aa,3498d416c0e50ca57ab8c168fdeeff46b99bbbb55cb1dc07a75709d162de5611,-0.45975099279771353,0.45975099279771353,final_k12
final_k12_K12_FINAL_k12_Native_ET_Physics,0,0,K12_FINAL,12,Native_ET_Physics,6,5,1.0,"{""model__max_depth"": null, ""model__max_features"": 0.7, ""model__min_samples_leaf"": 4, ""model__n_estimators"": 300, ""selector__alpha"": 1.0, ""selector__n_features"": 12}",72043,b73532caf058356af99850fc9cee7a377bdaf0cdc14055fab95af0117ee61de4,07065de2bef741f3cb587e277a0fcb85f93673c30d01852668a7519054b3fc3e,-0.5017602687124221,0.5017602687124221,final_k12
final_k12_K12_FINAL_k12_Native_ET_Physics,0,0,K12_FINAL,12,Native_ET_Physics,7,1,0.25,"{""model__max_depth"": 6, ""model__max_features"": 0.7, ""model__min_samples_leaf"": 4, ""model__n_estimators"": 300, ""selector__alpha"": 0.25, ""selector__n_features"": 12}",72043,63aa6fefba64a6074d0d9ff897ce987281e5ac90c2d08dcb781ac0056c1c5cae,00487d5a1bfc80244f5e1aac4616000df0555f6d828c513709ef326e7a15245b,-0.5736576096167924,0.5736576096167924,final_k12
final_k12_K12_FINAL_k12_Native_ET_Physics,0,0,K12_FINAL,12,Native_ET_Physics,7,2,0.25,"{""model__max_depth"": 6, ""model__max_features"": 0.7, ""model__min_samples_leaf"": 4, ""model__n_estimators"": 300, ""selector__alpha"": 0.25, ""selector__n_features"": 12}",72043,11d650d51b733d713e5f12a34674e439bc73d8ed3458306fb90be98d7ffd8c8e,183aefcb8f2fa4b7904c22725f7dd41376802f4e63953556f751878b9132f13e,-0.49004990803259174,0.49004990803259174,final_k12
final_k12_K12_FINAL_k12_Native_ET_Physics,0,0,K12_FINAL,12,Native_ET_Physics,7,3,0.25,"{""model__max_depth"": 6, ""model__max_features"": 0.7, ""model__min_samples_leaf"": 4, ""model__n_estimators"": 300, ""selector__alpha"": 0.25, ""selector__n_features"": 12}",72043,3365a8da0cb673ae6f81d21a9b60c2b001f5fadb6e903ee627a246ac8f56488f,f70281ff9e2d63699ac597b6d7b2efaa1d3c535ba8d5eeee2b64b89b316a06d0,-0.5152616332650061,0.5152616332650061,final_k12
final_k12_K12_FINAL_k12_Native_ET_Physics,0,0,K12_FINAL,12,Native_ET_Physics,7,4,0.25,"{""model__max_depth"": 6, ""model__max_features"": 0.7, ""model__min_samples_leaf"": 4, ""model__n_estimators"": 300, ""selector__alpha"": 0.25, ""selector__n_features"": 12}",72043,ff59dad4f15ca6423b54f522febfc7595b575efba699f5a710505cb059b813aa,3498d416c0e50ca57ab8c168fdeeff46b99bbbb55cb1dc07a75709d162de5611,-0.4775084576920594,0.4775084576920594,final_k12
final_k12_K12_FINAL_k12_Native_ET_Physics,0,0,K12_FINAL,12,Native_ET_Physics,7,5,0.25,"{""model__max_depth"": 6, ""model__max_features"": 0.7, ""model__min_samples_leaf"": 4, ""model__n_estimators"": 300, ""selector__alpha"": 0.25, ""selector__n_features"": 12}",72043,b73532caf058356af99850fc9cee7a377bdaf0cdc14055fab95af0117ee61de4,07065de2bef741f3cb587e277a0fcb85f93673c30d01852668a7519054b3fc3e,-0.5323058924693319,0.5323058924693319,final_k12
final_k12_K12_FINAL_k12_Native_ET_Physics,0,0,K12_FINAL,12,Native_ET_Physics,8,1,0.0,"{""model__max_depth"": 14, ""model__max_features"": 0.7, ""model__min_samples_leaf"": 2, ""model__n_estimators"": 300, ""selector__alpha"": 0.0, ""selector__n_features"": 12}",72043,63aa6fefba64a6074d0d9ff897ce987281e5ac90c2d08dcb781ac0056c1c5cae,00487d5a1bfc80244f5e1aac4616000df0555f6d828c513709ef326e7a15245b,-0.4766464928769694,0.4766464928769694,final_k12
final_k12_K12_FINAL_k12_Native_ET_Physics,0,0,K12_FINAL,12,Native_ET_Physics,8,2,0.0,"{""model__max_depth"": 14, ""model__max_features"": 0.7, ""model__min_samples_leaf"": 2, ""model__n_estimators"": 300, ""selector__alpha"": 0.0, ""selector__n_features"": 12}",72043,11d650d51b733d713e5f12a34674e439bc73d8ed3458306fb90be98d7ffd8c8e,183aefcb8f2fa4b7904c22725f7dd41376802f4e63953556f751878b9132f13e,-0.4418371634698485,0.4418371634698485,final_k12
final_k12_K12_FINAL_k12_Native_ET_Physics,0,0,K12_FINAL,12,Native_ET_Physics,8,3,0.0,"{""model__max_depth"": 14, ""model__max_features"": 0.7, ""model__min_samples_leaf"": 2, ""model__n_estimators"": 300, ""selector__alpha"": 0.0, ""selector__n_features"": 12}",72043,3365a8da0cb673ae6f81d21a9b60c2b001f5fadb6e903ee627a246ac8f56488f,f70281ff9e2d63699ac597b6d7b2efaa1d3c535ba8d5eeee2b64b89b316a06d0,-0.467193610934326,0.467193610934326,final_k12
final_k12_K12_FINAL_k12_Native_ET_Physics,0,0,K12_FINAL,12,Native_ET_Physics,8,4,0.0,"{""model__max_depth"": 14, ""model__max_features"": 0.7, ""model__min_samples_leaf"": 2, ""model__n_estimators"": 300, ""selector__alpha"": 0.0, ""selector__n_features"": 12}",72043,ff59dad4f15ca6423b54f522febfc7595b575efba699f5a710505cb059b813aa,3498d416c0e50ca57ab8c168fdeeff46b99bbbb55cb1dc07a75709d162de5611,-0.4554749388461441,0.4554749388461441,final_k12
final_k12_K12_FINAL_k12_Native_ET_Physics,0,0,K12_FINAL,12,Native_ET_Physics,8,5,0.0,"{""model__max_depth"": 14, ""model__max_features"": 0.7, ""model__min_samples_leaf"": 2, ""model__n_estimators"": 300, ""selector__alpha"": 0.0, ""selector__n_features"": 12}",72043,b73532caf058356af99850fc9cee7a377bdaf0cdc14055fab95af0117ee61de4,07065de2bef741f3cb587e277a0fcb85f93673c30d01852668a7519054b3fc3e,-0.39649675913978094,0.39649675913978094,final_k12
final_k12_K12_FINAL_k12_Native_ET_Physics,0,0,K12_FINAL,12,Native_ET_Physics,9,1,0.5,"{""model__max_depth"": 10, ""model__max_features"": ""sqrt"", ""model__min_samples_leaf"": 4, ""model__n_estimators"": 800, ""selector__alpha"": 0.5, ""selector__n_features"": 12}",72043,63aa6fefba64a6074d0d9ff897ce987281e5ac90c2d08dcb781ac0056c1c5cae,00487d5a1bfc80244f5e1aac4616000df0555f6d828c513709ef326e7a15245b,-0.6027020377532125,0.6027020377532125,final_k12
final_k12_K12_FINAL_k12_Native_ET_Physics,0,0,K12_FINAL,12,Native_ET_Physics,9,2,0.5,"{""model__max_depth"": 10, ""model__max_features"": ""sqrt"", ""model__min_samples_leaf"": 4, ""model__n_estimators"": 800, ""selector__alpha"": 0.5, ""selector__n_features"": 12}",72043,11d650d51b733d713e5f12a34674e439bc73d8ed3458306fb90be98d7ffd8c8e,183aefcb8f2fa4b7904c22725f7dd41376802f4e63953556f751878b9132f13e,-0.5154476111926188,0.5154476111926188,final_k12
final_k12_K12_FINAL_k12_Native_ET_Physics,0,0,K12_FINAL,12,Native_ET_Physics,9,3,0.5,"{""model__max_depth"": 10, ""model__max_features"": ""sqrt"", ""model__min_samples_leaf"": 4, ""model__n_estimators"": 800, ""selector__alpha"": 0.5, ""selector__n_features"": 12}",72043,3365a8da0cb673ae6f81d21a9b60c2b001f5fadb6e903ee627a246ac8f56488f,f70281ff9e2d63699ac597b6d7b2efaa1d3c535ba8d5eeee2b64b89b316a06d0,-0.5666562014540639,0.5666562014540639,final_k12
final_k12_K12_FINAL_k12_Native_ET_Physics,0,0,K12_FINAL,12,Native_ET_Physics,9,4,0.5,"{""model__max_depth"": 10, ""model__max_features"": ""sqrt"", ""model__min_samples_leaf"": 4, ""model__n_estimators"": 800, ""selector__alpha"": 0.5, ""selector__n_features"": 12}",72043,ff59dad4f15ca6423b54f522febfc7595b575efba699f5a710505cb059b813aa,3498d416c0e50ca57ab8c168fdeeff46b99bbbb55cb1dc07a75709d162de5611,-0.521237798376576,0.521237798376576,final_k12
final_k12_K12_FINAL_k12_Native_ET_Physics,0,0,K12_FINAL,12,Native_ET_Physics,9,5,0.5,"{""model__max_depth"": 10, ""model__max_features"": ""sqrt"", ""model__min_samples_leaf"": 4, ""model__n_estimators"": 800, ""selector__alpha"": 0.5, ""selector__n_features"": 12}",72043,b73532caf058356af99850fc9cee7a377bdaf0cdc14055fab95af0117ee61de4,07065de2bef741f3cb587e277a0fcb85f93673c30d01852668a7519054b3fc3e,-0.5784348345099485,0.5784348345099485,final_k12
final_k12_K12_FINAL_k12_Native_ET_Physics,0,0,K12_FINAL,12,Native_ET_Physics,10,1,0.25,"{""model__max_depth"": null, ""model__max_features"": 0.7, ""model__min_samples_leaf"": 1, ""model__n_estimators"": 800, ""selector__alpha"": 0.25, ""selector__n_features"": 12}",72043,63aa6fefba64a6074d0d9ff897ce987281e5ac90c2d08dcb781ac0056c1c5cae,00487d5a1bfc80244f5e1aac4616000df0555f6d828c513709ef326e7a15245b,-0.45080177783335523,0.45080177783335523,final_k12
final_k12_K12_FINAL_k12_Native_ET_Physics,0,0,K12_FINAL,12,Native_ET_Physics,10,2,0.25,"{""model__max_depth"": null, ""model__max_features"": 0.7, ""model__min_samples_leaf"": 1, ""model__n_estimators"": 800, ""selector__alpha"": 0.25, ""selector__n_features"": 12}",72043,11d650d51b733d713e5f12a34674e439bc73d8ed3458306fb90be98d7ffd8c8e,183aefcb8f2fa4b7904c22725f7dd41376802f4e63953556f751878b9132f13e,-0.40491544365887416,0.40491544365887416,final_k12
final_k12_K12_FINAL_k12_Native_ET_Physics,0,0,K12_FINAL,12,Native_ET_Physics,10,3,0.25,"{""model__max_depth"": null, ""model__max_features"": 0.7, ""model__min_samples_leaf"": 1, ""model__n_estimators"": 800, ""selector__alpha"": 0.25, ""selector__n_features"": 12}",72043,3365a8da0cb673ae6f81d21a9b60c2b001f5fadb6e903ee627a246ac8f56488f,f70281ff9e2d63699ac597b6d7b2efaa1d3c535ba8d5eeee2b64b89b316a06d0,-0.41556518765223927,0.41556518765223927,final_k12
final_k12_K12_FINAL_k12_Native_ET_Physics,0,0,K12_FINAL,12,Native_ET_Physics,10,4,0.25,"{""model__max_depth"": null, ""model__max_features"": 0.7, ""model__min_samples_leaf"": 1, ""model__n_estimators"": 800, ""selector__alpha"": 0.25, ""selector__n_features"": 12}",72043,ff59dad4f15ca6423b54f522febfc7595b575efba699f5a710505cb059b813aa,3498d416c0e50ca57ab8c168fdeeff46b99bbbb55cb1dc07a75709d162de5611,-0.39731183681043225,0.39731183681043225,final_k12
final_k12_K12_FINAL_k12_Native_ET_Physics,0,0,K12_FINAL,12,Native_ET_Physics,10,5,0.25,"{""model__max_depth"": null, ""model__max_features"": 0.7, ""model__min_samples_leaf"": 1, ""model__n_estimators"": 800, ""selector__alpha"": 0.25, ""selector__n_features"": 12}",72043,b73532caf058356af99850fc9cee7a377bdaf0cdc14055fab95af0117ee61de4,07065de2bef741f3cb587e277a0fcb85f93673c30d01852668a7519054b3fc3e,-0.3685206836029038,0.3685206836029038,final_k12
final_k12_K12_FINAL_k12_Native_ET_Physics,0,0,K12_FINAL,12,Native_ET_Physics,11,1,0.75,"{""model__max_depth"": 6, ""model__max_features"": ""sqrt"", ""model__min_samples_leaf"": 2, ""model__n_estimators"": 800, ""selector__alpha"": 0.75, ""selector__n_features"": 12}",72043,63aa6fefba64a6074d0d9ff897ce987281e5ac90c2d08dcb781ac0056c1c5cae,00487d5a1bfc80244f5e1aac4616000df0555f6d828c513709ef326e7a15245b,-0.5904027423333332,0.5904027423333332,final_k12
final_k12_K12_FINAL_k12_Native_ET_Physics,0,0,K12_FINAL,12,Native_ET_Physics,11,2,0.75,"{""model__max_depth"": 6, ""model__max_features"": ""sqrt"", ""model__min_samples_leaf"": 2, ""model__n_estimators"": 800, ""selector__alpha"": 0.75, ""selector__n_features"": 12}",72043,11d650d51b733d713e5f12a34674e439bc73d8ed3458306fb90be98d7ffd8c8e,183aefcb8f2fa4b7904c22725f7dd41376802f4e63953556f751878b9132f13e,-0.5266291333701658,0.5266291333701658,final_k12
final_k12_K12_FINAL_k12_Native_ET_Physics,0,0,K12_FINAL,12,Native_ET_Physics,11,3,0.75,"{""model__max_depth"": 6, ""model__max_features"": ""sqrt"", ""model__min_samples_leaf"": 2, ""model__n_estimators"": 800, ""selector__alpha"": 0.75, ""selector__n_features"": 12}",72043,3365a8da0cb673ae6f81d21a9b60c2b001f5fadb6e903ee627a246ac8f56488f,f70281ff9e2d63699ac597b6d7b2efaa1d3c535ba8d5eeee2b64b89b316a06d0,-0.555665214162317,0.555665214162317,final_k12
final_k12_K12_FINAL_k12_Native_ET_Physics,0,0,K12_FINAL,12,Native_ET_Physics,11,4,0.75,"{""model__max_depth"": 6, ""model__max_features"": ""sqrt"", ""model__min_samples_leaf"": 2, ""model__n_estimators"": 800, ""selector__alpha"": 0.75, ""selector__n_features"": 12}",72043,ff59dad4f15ca6423b54f522febfc7595b575efba699f5a710505cb059b813aa,3498d416c0e50ca57ab8c168fdeeff46b99bbbb55cb1dc07a75709d162de5611,-0.5170953032897511,0.5170953032897511,final_k12
final_k12_K12_FINAL_k12_Native_ET_Physics,0,0,K12_FINAL,12,Native_ET_Physics,11,5,0.75,"{""model__max_depth"": 6, ""model__max_features"": ""sqrt"", ""model__min_samples_leaf"": 2, ""model__n_estimators"": 800, ""selector__alpha"": 0.75, ""selector__n_features"": 12}",72043,b73532caf058356af99850fc9cee7a377bdaf0cdc14055fab95af0117ee61de4,07065de2bef741f3cb587e277a0fcb85f93673c30d01852668a7519054b3fc3e,-0.5524196187983714,0.5524196187983714,final_k12
final_k12_K12_FINAL_k12_Native_ET_Physics,0,0,K12_FINAL,12,Native_ET_Physics,12,1,0.25,"{""model__max_depth"": 6, ""model__max_features"": 1.0, ""model__min_samples_leaf"": 1, ""model__n_estimators"": 800, ""selector__alpha"": 0.25, ""selector__n_features"": 12}",72043,63aa6fefba64a6074d0d9ff897ce987281e5ac90c2d08dcb781ac0056c1c5cae,00487d5a1bfc80244f5e1aac4616000df0555f6d828c513709ef326e7a15245b,-0.5203486790558937,0.5203486790558937,final_k12
final_k12_K12_FINAL_k12_Native_ET_Physics,0,0,K12_FINAL,12,Native_ET_Physics,12,2,0.25,"{""model__max_depth"": 6, ""model__max_features"": 1.0, ""model__min_samples_leaf"": 1, ""model__n_estimators"": 800, ""selector__alpha"": 0.25, ""selector__n_features"": 12}",72043,11d650d51b733d713e5f12a34674e439bc73d8ed3458306fb90be98d7ffd8c8e,183aefcb8f2fa4b7904c22725f7dd41376802f4e63953556f751878b9132f13e,-0.46014233794530357,0.46014233794530357,final_k12
final_k12_K12_FINAL_k12_Native_ET_Physics,0,0,K12_FINAL,12,Native_ET_Physics,12,3,0.25,"{""model__max_depth"": 6, ""model__max_features"": 1.0, ""model__min_samples_leaf"": 1, ""model__n_estimators"": 800, ""selector__alpha"": 0.25, ""selector__n_features"": 12}",72043,3365a8da0cb673ae6f81d21a9b60c2b001f5fadb6e903ee627a246ac8f56488f,f70281ff9e2d63699ac597b6d7b2efaa1d3c535ba8d5eeee2b64b89b316a06d0,-0.4827103065596132,0.4827103065596132,final_k12
final_k12_K12_FINAL_k12_Native_ET_Physics,0,0,K12_FINAL,12,Native_ET_Physics,12,4,0.25,"{""model__max_depth"": 6, ""model__max_features"": 1.0, ""model__min_samples_leaf"": 1, ""model__n_estimators"": 800, ""selector__alpha"": 0.25, ""selector__n_features"": 12}",72043,ff59dad4f15ca6423b54f522febfc7595b575efba699f5a710505cb059b813aa,3498d416c0e50ca57ab8c168fdeeff46b99bbbb55cb1dc07a75709d162de5611,-0.4829510802922055,0.4829510802922055,final_k12
final_k12_K12_FINAL_k12_Native_ET_Physics,0,0,K12_FINAL,12,Native_ET_Physics,12,5,0.25,"{""model__max_depth"": 6, ""model__max_features"": 1.0, ""model__min_samples_leaf"": 1, ""model__n_estimators"": 800, ""selector__alpha"": 0.25, ""selector__n_features"": 12}",72043,b73532caf058356af99850fc9cee7a377bdaf0cdc14055fab95af0117ee61de4,07065de2bef741f3cb587e277a0fcb85f93673c30d01852668a7519054b3fc3e,-0.43040777929014057,0.43040777929014057,final_k12
final_k12_K12_FINAL_k12_Native_ET_Physics,0,0,K12_FINAL,12,Native_ET_Physics,13,1,0.0,"{""model__max_depth"": null, ""model__max_features"": 0.7, ""model__min_samples_leaf"": 2, ""model__n_estimators"": 800, ""selector__alpha"": 0.0, ""selector__n_features"": 12}",72043,63aa6fefba64a6074d0d9ff897ce987281e5ac90c2d08dcb781ac0056c1c5cae,00487d5a1bfc80244f5e1aac4616000df0555f6d828c513709ef326e7a15245b,-0.47362018308499576,0.47362018308499576,final_k12
final_k12_K12_FINAL_k12_Native_ET_Physics,0,0,K12_FINAL,12,Native_ET_Physics,13,2,0.0,"{""model__max_depth"": null, ""model__max_features"": 0.7, ""model__min_samples_leaf"": 2, ""model__n_estimators"": 800, ""selector__alpha"": 0.0, ""selector__n_features"": 12}",72043,11d650d51b733d713e5f12a34674e439bc73d8ed3458306fb90be98d7ffd8c8e,183aefcb8f2fa4b7904c22725f7dd41376802f4e63953556f751878b9132f13e,-0.4388591637542045,0.4388591637542045,final_k12
final_k12_K12_FINAL_k12_Native_ET_Physics,0,0,K12_FINAL,12,Native_ET_Physics,13,3,0.0,"{""model__max_depth"": null, ""model__max_features"": 0.7, ""model__min_samples_leaf"": 2, ""model__n_estimators"": 800, ""selector__alpha"": 0.0, ""selector__n_features"": 12}",72043,3365a8da0cb673ae6f81d21a9b60c2b001f5fadb6e903ee627a246ac8f56488f,f70281ff9e2d63699ac597b6d7b2efaa1d3c535ba8d5eeee2b64b89b316a06d0,-0.4652389879130255,0.4652389879130255,final_k12
final_k12_K12_FINAL_k12_Native_ET_Physics,0,0,K12_FINAL,12,Native_ET_Physics,13,4,0.0,"{""model__max_depth"": null, ""model__max_features"": 0.7, ""model__min_samples_leaf"": 2, ""model__n_estimators"": 800, ""selector__alpha"": 0.0, ""selector__n_features"": 12}",72043,ff59dad4f15ca6423b54f522febfc7595b575efba699f5a710505cb059b813aa,3498d416c0e50ca57ab8c168fdeeff46b99bbbb55cb1dc07a75709d162de5611,-0.4546572383560646,0.4546572383560646,final_k12
final_k12_K12_FINAL_k12_Native_ET_Physics,0,0,K12_FINAL,12,Native_ET_Physics,13,5,0.0,"{""model__max_depth"": null, ""model__max_features"": 0.7, ""model__min_samples_leaf"": 2, ""model__n_estimators"": 800, ""selector__alpha"": 0.0, ""selector__n_features"": 12}",72043,b73532caf058356af99850fc9cee7a377bdaf0cdc14055fab95af0117ee61de4,07065de2bef741f3cb587e277a0fcb85f93673c30d01852668a7519054b3fc3e,-0.39600516087981785,0.39600516087981785,final_k12
final_k12_K12_FINAL_k12_Native_ET_Physics,0,0,K12_FINAL,12,Native_ET_Physics,14,1,1.0,"{""model__max_depth"": null, ""model__max_features"": ""sqrt"", ""model__min_samples_leaf"": 1, ""model__n_estimators"": 500, ""selector__alpha"": 1.0, ""selector__n_features"": 12}",72043,63aa6fefba64a6074d0d9ff897ce987281e5ac90c2d08dcb781ac0056c1c5cae,00487d5a1bfc80244f5e1aac4616000df0555f6d828c513709ef326e7a15245b,-0.45811299894279084,0.45811299894279084,final_k12
final_k12_K12_FINAL_k12_Native_ET_Physics,0,0,K12_FINAL,12,Native_ET_Physics,14,2,1.0,"{""model__max_depth"": null, ""model__max_features"": ""sqrt"", ""model__min_samples_leaf"": 1, ""model__n_estimators"": 500, ""selector__alpha"": 1.0, ""selector__n_features"": 12}",72043,11d650d51b733d713e5f12a34674e439bc73d8ed3458306fb90be98d7ffd8c8e,183aefcb8f2fa4b7904c22725f7dd41376802f4e63953556f751878b9132f13e,-0.40579000190202463,0.40579000190202463,final_k12
final_k12_K12_FINAL_k12_Native_ET_Physics,0,0,K12_FINAL,12,Native_ET_Physics,14,3,1.0,"{""model__max_depth"": null, ""model__max_features"": ""sqrt"", ""model__min_samples_leaf"": 1, ""model__n_estimators"": 500, ""selector__alpha"": 1.0, ""selector__n_features"": 12}",72043,3365a8da0cb673ae6f81d21a9b60c2b001f5fadb6e903ee627a246ac8f56488f,f70281ff9e2d63699ac597b6d7b2efaa1d3c535ba8d5eeee2b64b89b316a06d0,-0.4058000347667856,0.4058000347667856,final_k12
final_k12_K12_FINAL_k12_Native_ET_Physics,0,0,K12_FINAL,12,Native_ET_Physics,14,4,1.0,"{""model__max_depth"": null, ""model__max_features"": ""sqrt"", ""model__min_samples_leaf"": 1, ""model__n_estimators"": 500, ""selector__alpha"": 1.0, ""selector__n_features"": 12}",72043,ff59dad4f15ca6423b54f522febfc7595b575efba699f5a710505cb059b813aa,3498d416c0e50ca57ab8c168fdeeff46b99bbbb55cb1dc07a75709d162de5611,-0.4000824112844749,0.4000824112844749,final_k12
final_k12_K12_FINAL_k12_Native_ET_Physics,0,0,K12_FINAL,12,Native_ET_Physics,14,5,1.0,"{""model__max_depth"": null, ""model__max_features"": ""sqrt"", ""model__min_samples_leaf"": 1, ""model__n_estimators"": 500, ""selector__alpha"": 1.0, ""selector__n_features"": 12}",72043,b73532caf058356af99850fc9cee7a377bdaf0cdc14055fab95af0117ee61de4,07065de2bef741f3cb587e277a0fcb85f93673c30d01852668a7519054b3fc3e,-0.4244084818133158,0.4244084818133158,final_k12
final_k12_K12_FINAL_k12_Native_ET_Physics,0,0,K12_FINAL,12,Native_ET_Physics,15,1,0.5,"{""model__max_depth"": 6, ""model__max_features"": ""sqrt"", ""model__min_samples_leaf"": 4, ""model__n_estimators"": 500, ""selector__alpha"": 0.5, ""selector__n_features"": 12}",72043,63aa6fefba64a6074d0d9ff897ce987281e5ac90c2d08dcb781ac0056c1c5cae,00487d5a1bfc80244f5e1aac4616000df0555f6d828c513709ef326e7a15245b,-0.6232008048364133,0.6232008048364133,final_k12
final_k12_K12_FINAL_k12_Native_ET_Physics,0,0,K12_FINAL,12,Native_ET_Physics,15,2,0.5,"{""model__max_depth"": 6, ""model__max_features"": ""sqrt"", ""model__min_samples_leaf"": 4, ""model__n_estimators"": 500, ""selector__alpha"": 0.5, ""selector__n_features"": 12}",72043,11d650d51b733d713e5f12a34674e439bc73d8ed3458306fb90be98d7ffd8c8e,183aefcb8f2fa4b7904c22725f7dd41376802f4e63953556f751878b9132f13e,-0.5507652569693045,0.5507652569693045,final_k12
final_k12_K12_FINAL_k12_Native_ET_Physics,0,0,K12_FINAL,12,Native_ET_Physics,15,3,0.5,"{""model__max_depth"": 6, ""model__max_features"": ""sqrt"", ""model__min_samples_leaf"": 4, ""model__n_estimators"": 500, ""selector__alpha"": 0.5, ""selector__n_features"": 12}",72043,3365a8da0cb673ae6f81d21a9b60c2b001f5fadb6e903ee627a246ac8f56488f,f70281ff9e2d63699ac597b6d7b2efaa1d3c535ba8d5eeee2b64b89b316a06d0,-0.5937436344470041,0.5937436344470041,final_k12
final_k12_K12_FINAL_k12_Native_ET_Physics,0,0,K12_FINAL,12,Native_ET_Physics,15,4,0.5,"{""model__max_depth"": 6, ""model__max_features"": ""sqrt"", ""model__min_samples_leaf"": 4, ""model__n_estimators"": 500, ""selector__alpha"": 0.5, ""selector__n_features"": 12}",72043,ff59dad4f15ca6423b54f522febfc7595b575efba699f5a710505cb059b813aa,3498d416c0e50ca57ab8c168fdeeff46b99bbbb55cb1dc07a75709d162de5611,-0.5464793379052412,0.5464793379052412,final_k12
final_k12_K12_FINAL_k12_Native_ET_Physics,0,0,K12_FINAL,12,Native_ET_Physics,15,5,0.5,"{""model__max_depth"": 6, ""model__max_features"": ""sqrt"", ""model__min_samples_leaf"": 4, ""model__n_estimators"": 500, ""selector__alpha"": 0.5, ""selector__n_features"": 12}",72043,b73532caf058356af99850fc9cee7a377bdaf0cdc14055fab95af0117ee61de4,07065de2bef741f3cb587e277a0fcb85f93673c30d01852668a7519054b3fc3e,-0.5992342968865301,0.5992342968865301,final_k12
final_k12_K12_FINAL_k12_Native_ET_Physics,0,0,K12_FINAL,12,Native_ET_Physics,16,1,0.75,"{""model__max_depth"": 10, ""model__max_features"": 0.7, ""model__min_samples_leaf"": 4, ""model__n_estimators"": 800, ""selector__alpha"": 0.75, ""selector__n_features"": 12}",72043,63aa6fefba64a6074d0d9ff897ce987281e5ac90c2d08dcb781ac0056c1c5cae,00487d5a1bfc80244f5e1aac4616000df0555f6d828c513709ef326e7a15245b,-0.5576932056874729,0.5576932056874729,final_k12
final_k12_K12_FINAL_k12_Native_ET_Physics,0,0,K12_FINAL,12,Native_ET_Physics,16,2,0.75,"{""model__max_depth"": 10, ""model__max_features"": 0.7, ""model__min_samples_leaf"": 4, ""model__n_estimators"": 800, ""selector__alpha"": 0.75, ""selector__n_features"": 12}",72043,11d650d51b733d713e5f12a34674e439bc73d8ed3458306fb90be98d7ffd8c8e,183aefcb8f2fa4b7904c22725f7dd41376802f4e63953556f751878b9132f13e,-0.461925406224265,0.461925406224265,final_k12
final_k12_K12_FINAL_k12_Native_ET_Physics,0,0,K12_FINAL,12,Native_ET_Physics,16,3,0.75,"{""model__max_depth"": 10, ""model__max_features"": 0.7, ""model__min_samples_leaf"": 4, ""model__n_estimators"": 800, ""selector__alpha"": 0.75, ""selector__n_features"": 12}",72043,3365a8da0cb673ae6f81d21a9b60c2b001f5fadb6e903ee627a246ac8f56488f,f70281ff9e2d63699ac597b6d7b2efaa1d3c535ba8d5eeee2b64b89b316a06d0,-0.4937119094872415,0.4937119094872415,final_k12
final_k12_K12_FINAL_k12_Native_ET_Physics,0,0,K12_FINAL,12,Native_ET_Physics,16,4,0.75,"{""model__max_depth"": 10, ""model__max_features"": 0.7, ""model__min_samples_leaf"": 4, ""model__n_estimators"": 800, ""selector__alpha"": 0.75, ""selector__n_features"": 12}",72043,ff59dad4f15ca6423b54f522febfc7595b575efba699f5a710505cb059b813aa,3498d416c0e50ca57ab8c168fdeeff46b99bbbb55cb1dc07a75709d162de5611,-0.4614967972775756,0.4614967972775756,final_k12
final_k12_K12_FINAL_k12_Native_ET_Physics,0,0,K12_FINAL,12,Native_ET_Physics,16,5,0.75,"{""model__max_depth"": 10, ""model__max_features"": 0.7, ""model__min_samples_leaf"": 4, ""model__n_estimators"": 800, ""selector__alpha"": 0.75, ""selector__n_features"": 12}",72043,b73532caf058356af99850fc9cee7a377bdaf0cdc14055fab95af0117ee61de4,07065de2bef741f3cb587e277a0fcb85f93673c30d01852668a7519054b3fc3e,-0.5066331880118785,0.5066331880118785,final_k12
final_k12_K12_FINAL_k12_Native_ET_Physics,0,0,K12_FINAL,12,Native_ET_Physics,17,1,0.75,"{""model__max_depth"": 14, ""model__max_features"": 1.0, ""model__min_samples_leaf"": 1, ""model__n_estimators"": 500, ""selector__alpha"": 0.75, ""selector__n_features"": 12}",72043,63aa6fefba64a6074d0d9ff897ce987281e5ac90c2d08dcb781ac0056c1c5cae,00487d5a1bfc80244f5e1aac4616000df0555f6d828c513709ef326e7a15245b,-0.47341192367430246,0.47341192367430246,final_k12
final_k12_K12_FINAL_k12_Native_ET_Physics,0,0,K12_FINAL,12,Native_ET_Physics,17,2,0.75,"{""model__max_depth"": 14, ""model__max_features"": 1.0, ""model__min_samples_leaf"": 1, ""model__n_estimators"": 500, ""selector__alpha"": 0.75, ""selector__n_features"": 12}",72043,11d650d51b733d713e5f12a34674e439bc73d8ed3458306fb90be98d7ffd8c8e,183aefcb8f2fa4b7904c22725f7dd41376802f4e63953556f751878b9132f13e,-0.41720122665399056,0.41720122665399056,final_k12
final_k12_K12_FINAL_k12_Native_ET_Physics,0,0,K12_FINAL,12,Native_ET_Physics,17,3,0.75,"{""model__max_depth"": 14, ""model__max_features"": 1.0, ""model__min_samples_leaf"": 1, ""model__n_estimators"": 500, ""selector__alpha"": 0.75, ""selector__n_features"": 12}",72043,3365a8da0cb673ae6f81d21a9b60c2b001f5fadb6e903ee627a246ac8f56488f,f70281ff9e2d63699ac597b6d7b2efaa1d3c535ba8d5eeee2b64b89b316a06d0,-0.40127412475872487,0.40127412475872487,final_k12
final_k12_K12_FINAL_k12_Native_ET_Physics,0,0,K12_FINAL,12,Native_ET_Physics,17,4,0.75,"{""model__max_depth"": 14, ""model__max_features"": 1.0, ""model__min_samples_leaf"": 1, ""model__n_estimators"": 500, ""selector__alpha"": 0.75, ""selector__n_features"": 12}",72043,ff59dad4f15ca6423b54f522febfc7595b575efba699f5a710505cb059b813aa,3498d416c0e50ca57ab8c168fdeeff46b99bbbb55cb1dc07a75709d162de5611,-0.40219345092742315,0.40219345092742315,final_k12
final_k12_K12_FINAL_k12_Native_ET_Physics,0,0,K12_FINAL,12,Native_ET_Physics,17,5,0.75,"{""model__max_depth"": 14, ""model__max_features"": 1.0, ""model__min_samples_leaf"": 1, ""model__n_estimators"": 500, ""selector__alpha"": 0.75, ""selector__n_features"": 12}",72043,b73532caf058356af99850fc9cee7a377bdaf0cdc14055fab95af0117ee61de4,07065de2bef741f3cb587e277a0fcb85f93673c30d01852668a7519054b3fc3e,-0.35540721220130217,0.35540721220130217,final_k12
final_k12_K12_FINAL_k12_Native_ET_Physics,0,0,K12_FINAL,12,Native_ET_Physics,18,1,0.5,"{""model__max_depth"": 10, ""model__max_features"": 0.7, ""model__min_samples_leaf"": 1, ""model__n_estimators"": 300, ""selector__alpha"": 0.5, ""selector__n_features"": 12}",72043,63aa6fefba64a6074d0d9ff897ce987281e5ac90c2d08dcb781ac0056c1c5cae,00487d5a1bfc80244f5e1aac4616000df0555f6d828c513709ef326e7a15245b,-0.47647739170055897,0.47647739170055897,final_k12
final_k12_K12_FINAL_k12_Native_ET_Physics,0,0,K12_FINAL,12,Native_ET_Physics,18,2,0.5,"{""model__max_depth"": 10, ""model__max_features"": 0.7, ""model__min_samples_leaf"": 1, ""model__n_estimators"": 300, ""selector__alpha"": 0.5, ""selector__n_features"": 12}",72043,11d650d51b733d713e5f12a34674e439bc73d8ed3458306fb90be98d7ffd8c8e,183aefcb8f2fa4b7904c22725f7dd41376802f4e63953556f751878b9132f13e,-0.4120317738969122,0.4120317738969122,final_k12
final_k12_K12_FINAL_k12_Native_ET_Physics,0,0,K12_FINAL,12,Native_ET_Physics,18,3,0.5,"{""model__max_depth"": 10, ""model__max_features"": 0.7, ""model__min_samples_leaf"": 1, ""model__n_estimators"": 300, ""selector__alpha"": 0.5, ""selector__n_features"": 12}",72043,3365a8da0cb673ae6f81d21a9b60c2b001f5fadb6e903ee627a246ac8f56488f,f70281ff9e2d63699ac597b6d7b2efaa1d3c535ba8d5eeee2b64b89b316a06d0,-0.4052571242563728,0.4052571242563728,final_k12
final_k12_K12_FINAL_k12_Native_ET_Physics,0,0,K12_FINAL,12,Native_ET_Physics,18,4,0.5,"{""model__max_depth"": 10, ""model__max_features"": 0.7, ""model__min_samples_leaf"": 1, ""model__n_estimators"": 300, ""selector__alpha"": 0.5, ""selector__n_features"": 12}",72043,ff59dad4f15ca6423b54f522febfc7595b575efba699f5a710505cb059b813aa,3498d416c0e50ca57ab8c168fdeeff46b99bbbb55cb1dc07a75709d162de5611,-0.4179570633020074,0.4179570633020074,final_k12
final_k12_K12_FINAL_k12_Native_ET_Physics,0,0,K12_FINAL,12,Native_ET_Physics,18,5,0.5,"{""model__max_depth"": 10, ""model__max_features"": 0.7, ""model__min_samples_leaf"": 1, ""model__n_estimators"": 300, ""selector__alpha"": 0.5, ""selector__n_features"": 12}",72043,b73532caf058356af99850fc9cee7a377bdaf0cdc14055fab95af0117ee61de4,07065de2bef741f3cb587e277a0fcb85f93673c30d01852668a7519054b3fc3e,-0.37092958186089664,0.37092958186089664,final_k12
final_k12_K12_FINAL_k12_Native_ET_Physics,0,0,K12_FINAL,12,Native_ET_Physics,19,1,1.0,"{""model__max_depth"": 10, ""model__max_features"": 0.7, ""model__min_samples_leaf"": 2, ""model__n_estimators"": 300, ""selector__alpha"": 1.0, ""selector__n_features"": 12}",72043,63aa6fefba64a6074d0d9ff897ce987281e5ac90c2d08dcb781ac0056c1c5cae,00487d5a1bfc80244f5e1aac4616000df0555f6d828c513709ef326e7a15245b,-0.49442463784010987,0.49442463784010987,final_k12
final_k12_K12_FINAL_k12_Native_ET_Physics,0,0,K12_FINAL,12,Native_ET_Physics,19,2,1.0,"{""model__max_depth"": 10, ""model__max_features"": 0.7, ""model__min_samples_leaf"": 2, ""model__n_estimators"": 300, ""selector__alpha"": 1.0, ""selector__n_features"": 12}",72043,11d650d51b733d713e5f12a34674e439bc73d8ed3458306fb90be98d7ffd8c8e,183aefcb8f2fa4b7904c22725f7dd41376802f4e63953556f751878b9132f13e,-0.4310385649839514,0.4310385649839514,final_k12
final_k12_K12_FINAL_k12_Native_ET_Physics,0,0,K12_FINAL,12,Native_ET_Physics,19,3,1.0,"{""model__max_depth"": 10, ""model__max_features"": 0.7, ""model__min_samples_leaf"": 2, ""model__n_estimators"": 300, ""selector__alpha"": 1.0, ""selector__n_features"": 12}",72043,3365a8da0cb673ae6f81d21a9b60c2b001f5fadb6e903ee627a246ac8f56488f,f70281ff9e2d63699ac597b6d7b2efaa1d3c535ba8d5eeee2b64b89b316a06d0,-0.45148196059448636,0.45148196059448636,final_k12
final_k12_K12_FINAL_k12_Native_ET_Physics,0,0,K12_FINAL,12,Native_ET_Physics,19,4,1.0,"{""model__max_depth"": 10, ""model__max_features"": 0.7, ""model__min_samples_leaf"": 2, ""model__n_estimators"": 300, ""selector__alpha"": 1.0, ""selector__n_features"": 12}",72043,ff59dad4f15ca6423b54f522febfc7595b575efba699f5a710505cb059b813aa,3498d416c0e50ca57ab8c168fdeeff46b99bbbb55cb1dc07a75709d162de5611,-0.4520421001962161,0.4520421001962161,final_k12
final_k12_K12_FINAL_k12_Native_ET_Physics,0,0,K12_FINAL,12,Native_ET_Physics,19,5,1.0,"{""model__max_depth"": 10, ""model__max_features"": 0.7, ""model__min_samples_leaf"": 2, ""model__n_estimators"": 300, ""selector__alpha"": 1.0, ""selector__n_features"": 12}",72043,b73532caf058356af99850fc9cee7a377bdaf0cdc14055fab95af0117ee61de4,07065de2bef741f3cb587e277a0fcb85f93673c30d01852668a7519054b3fc3e,-0.4113973820639842,0.4113973820639842,final_k12
final_k12_K12_FINAL_k12_Native_ET_Physics,0,0,K12_FINAL,12,Native_ET_Physics,20,1,0.5,"{""model__max_depth"": null, ""model__max_features"": 0.7, ""model__min_samples_leaf"": 1, ""model__n_estimators"": 500, ""selector__alpha"": 0.5, ""selector__n_features"": 12}",72043,63aa6fefba64a6074d0d9ff897ce987281e5ac90c2d08dcb781ac0056c1c5cae,00487d5a1bfc80244f5e1aac4616000df0555f6d828c513709ef326e7a15245b,-0.4698618810419976,0.4698618810419976,final_k12
final_k12_K12_FINAL_k12_Native_ET_Physics,0,0,K12_FINAL,12,Native_ET_Physics,20,2,0.5,"{""model__max_depth"": null, ""model__max_features"": 0.7, ""model__min_samples_leaf"": 1, ""model__n_estimators"": 500, ""selector__alpha"": 0.5, ""selector__n_features"": 12}",72043,11d650d51b733d713e5f12a34674e439bc73d8ed3458306fb90be98d7ffd8c8e,183aefcb8f2fa4b7904c22725f7dd41376802f4e63953556f751878b9132f13e,-0.4100903294514915,0.4100903294514915,final_k12
final_k12_K12_FINAL_k12_Native_ET_Physics,0,0,K12_FINAL,12,Native_ET_Physics,20,3,0.5,"{""model__max_depth"": null, ""model__max_features"": 0.7, ""model__min_samples_leaf"": 1, ""model__n_estimators"": 500, ""selector__alpha"": 0.5, ""selector__n_features"": 12}",72043,3365a8da0cb673ae6f81d21a9b60c2b001f5fadb6e903ee627a246ac8f56488f,f70281ff9e2d63699ac597b6d7b2efaa1d3c535ba8d5eeee2b64b89b316a06d0,-0.40015864921161376,0.40015864921161376,final_k12
final_k12_K12_FINAL_k12_Native_ET_Physics,0,0,K12_FINAL,12,Native_ET_Physics,20,4,0.5,"{""model__max_depth"": null, ""model__max_features"": 0.7, ""model__min_samples_leaf"": 1, ""model__n_estimators"": 500, ""selector__alpha"": 0.5, ""selector__n_features"": 12}",72043,ff59dad4f15ca6423b54f522febfc7595b575efba699f5a710505cb059b813aa,3498d416c0e50ca57ab8c168fdeeff46b99bbbb55cb1dc07a75709d162de5611,-0.39825487845774504,0.39825487845774504,final_k12
final_k12_K12_FINAL_k12_Native_ET_Physics,0,0,K12_FINAL,12,Native_ET_Physics,20,5,0.5,"{""model__max_depth"": null, ""model__max_features"": 0.7, ""model__min_samples_leaf"": 1, ""model__n_estimators"": 500, ""selector__alpha"": 0.5, ""selector__n_features"": 12}",72043,b73532caf058356af99850fc9cee7a377bdaf0cdc14055fab95af0117ee61de4,07065de2bef741f3cb587e277a0fcb85f93673c30d01852668a7519054b3fc3e,-0.36989069952238696,0.36989069952238696,final_k12
final_k12_K12_FINAL_k12_Native_ET_Physics,0,0,K12_FINAL,12,Native_ET_Physics,21,1,0.5,"{""model__max_depth"": 10, ""model__max_features"": 0.7, ""model__min_samples_leaf"": 2, ""model__n_estimators"": 800, ""selector__alpha"": 0.5, ""selector__n_features"": 12}",72043,63aa6fefba64a6074d0d9ff897ce987281e5ac90c2d08dcb781ac0056c1c5cae,00487d5a1bfc80244f5e1aac4616000df0555f6d828c513709ef326e7a15245b,-0.4912707726402099,0.4912707726402099,final_k12
final_k12_K12_FINAL_k12_Native_ET_Physics,0,0,K12_FINAL,12,Native_ET_Physics,21,2,0.5,"{""model__max_depth"": 10, ""model__max_features"": 0.7, ""model__min_samples_leaf"": 2, ""model__n_estimators"": 800, ""selector__alpha"": 0.5, ""selector__n_features"": 12}",72043,11d650d51b733d713e5f12a34674e439bc73d8ed3458306fb90be98d7ffd8c8e,183aefcb8f2fa4b7904c22725f7dd41376802f4e63953556f751878b9132f13e,-0.4298707781518803,0.4298707781518803,final_k12
final_k12_K12_FINAL_k12_Native_ET_Physics,0,0,K12_FINAL,12,Native_ET_Physics,21,3,0.5,"{""model__max_depth"": 10, ""model__max_features"": 0.7, ""model__min_samples_leaf"": 2, ""model__n_estimators"": 800, ""selector__alpha"": 0.5, ""selector__n_features"": 12}",72043,3365a8da0cb673ae6f81d21a9b60c2b001f5fadb6e903ee627a246ac8f56488f,f70281ff9e2d63699ac597b6d7b2efaa1d3c535ba8d5eeee2b64b89b316a06d0,-0.4516939443828929,0.4516939443828929,final_k12
final_k12_K12_FINAL_k12_Native_ET_Physics,0,0,K12_FINAL,12,Native_ET_Physics,21,4,0.5,"{""model__max_depth"": 10, ""model__max_features"": 0.7, ""model__min_samples_leaf"": 2, ""model__n_estimators"": 800, ""selector__alpha"": 0.5, ""selector__n_features"": 12}",72043,ff59dad4f15ca6423b54f522febfc7595b575efba699f5a710505cb059b813aa,3498d416c0e50ca57ab8c168fdeeff46b99bbbb55cb1dc07a75709d162de5611,-0.4529775784657371,0.4529775784657371,final_k12
final_k12_K12_FINAL_k12_Native_ET_Physics,0,0,K12_FINAL,12,Native_ET_Physics,21,5,0.5,"{""model__max_depth"": 10, ""model__max_features"": 0.7, ""model__min_samples_leaf"": 2, ""model__n_estimators"": 800, ""selector__alpha"": 0.5, ""selector__n_features"": 12}",72043,b73532caf058356af99850fc9cee7a377bdaf0cdc14055fab95af0117ee61de4,07065de2bef741f3cb587e277a0fcb85f93673c30d01852668a7519054b3fc3e,-0.4028330432889254,0.4028330432889254,final_k12
final_k12_K12_FINAL_k12_Native_ET_Physics,0,0,K12_FINAL,12,Native_ET_Physics,22,1,0.75,"{""model__max_depth"": 14, ""model__max_features"": 0.7, ""model__min_samples_leaf"": 2, ""model__n_estimators"": 800, ""selector__alpha"": 0.75, ""selector__n_features"": 12}",72043,63aa6fefba64a6074d0d9ff897ce987281e5ac90c2d08dcb781ac0056c1c5cae,00487d5a1bfc80244f5e1aac4616000df0555f6d828c513709ef326e7a15245b,-0.49321991172774654,0.49321991172774654,final_k12
final_k12_K12_FINAL_k12_Native_ET_Physics,0,0,K12_FINAL,12,Native_ET_Physics,22,2,0.75,"{""model__max_depth"": 14, ""model__max_features"": 0.7, ""model__min_samples_leaf"": 2, ""model__n_estimators"": 800, ""selector__alpha"": 0.75, ""selector__n_features"": 12}",72043,11d650d51b733d713e5f12a34674e439bc73d8ed3458306fb90be98d7ffd8c8e,183aefcb8f2fa4b7904c22725f7dd41376802f4e63953556f751878b9132f13e,-0.42666130182880363,0.42666130182880363,final_k12
final_k12_K12_FINAL_k12_Native_ET_Physics,0,0,K12_FINAL,12,Native_ET_Physics,22,3,0.75,"{""model__max_depth"": 14, ""model__max_features"": 0.7, ""model__min_samples_leaf"": 2, ""model__n_estimators"": 800, ""selector__alpha"": 0.75, ""selector__n_features"": 12}",72043,3365a8da0cb673ae6f81d21a9b60c2b001f5fadb6e903ee627a246ac8f56488f,f70281ff9e2d63699ac597b6d7b2efaa1d3c535ba8d5eeee2b64b89b316a06d0,-0.45139508518062516,0.45139508518062516,final_k12
final_k12_K12_FINAL_k12_Native_ET_Physics,0,0,K12_FINAL,12,Native_ET_Physics,22,4,0.75,"{""model__max_depth"": 14, ""model__max_features"": 0.7, ""model__min_samples_leaf"": 2, ""model__n_estimators"": 800, ""selector__alpha"": 0.75, ""selector__n_features"": 12}",72043,ff59dad4f15ca6423b54f522febfc7595b575efba699f5a710505cb059b813aa,3498d416c0e50ca57ab8c168fdeeff46b99bbbb55cb1dc07a75709d162de5611,-0.4500331829796131,0.4500331829796131,final_k12
final_k12_K12_FINAL_k12_Native_ET_Physics,0,0,K12_FINAL,12,Native_ET_Physics,22,5,0.75,"{""model__max_depth"": 14, ""model__max_features"": 0.7, ""model__min_samples_leaf"": 2, ""model__n_estimators"": 800, ""selector__alpha"": 0.75, ""selector__n_features"": 12}",72043,b73532caf058356af99850fc9cee7a377bdaf0cdc14055fab95af0117ee61de4,07065de2bef741f3cb587e277a0fcb85f93673c30d01852668a7519054b3fc3e,-0.405923107743015,0.405923107743015,final_k12
final_k12_K12_FINAL_k12_Native_ET_Physics,0,0,K12_FINAL,12,Native_ET_Physics,23,1,1.0,"{""model__max_depth"": 6, ""model__max_features"": 1.0, ""model__min_samples_leaf"": 4, ""model__n_estimators"": 500, ""selector__alpha"": 1.0, ""selector__n_features"": 12}",72043,63aa6fefba64a6074d0d9ff897ce987281e5ac90c2d08dcb781ac0056c1c5cae,00487d5a1bfc80244f5e1aac4616000df0555f6d828c513709ef326e7a15245b,-0.5720765967420581,0.5720765967420581,final_k12
final_k12_K12_FINAL_k12_Native_ET_Physics,0,0,K12_FINAL,12,Native_ET_Physics,23,2,1.0,"{""model__max_depth"": 6, ""model__max_features"": 1.0, ""model__min_samples_leaf"": 4, ""model__n_estimators"": 500, ""selector__alpha"": 1.0, ""selector__n_features"": 12}",72043,11d650d51b733d713e5f12a34674e439bc73d8ed3458306fb90be98d7ffd8c8e,183aefcb8f2fa4b7904c22725f7dd41376802f4e63953556f751878b9132f13e,-0.47799551075690944,0.47799551075690944,final_k12
final_k12_K12_FINAL_k12_Native_ET_Physics,0,0,K12_FINAL,12,Native_ET_Physics,23,3,1.0,"{""model__max_depth"": 6, ""model__max_features"": 1.0, ""model__min_samples_leaf"": 4, ""model__n_estimators"": 500, ""selector__alpha"": 1.0, ""selector__n_features"": 12}",72043,3365a8da0cb673ae6f81d21a9b60c2b001f5fadb6e903ee627a246ac8f56488f,f70281ff9e2d63699ac597b6d7b2efaa1d3c535ba8d5eeee2b64b89b316a06d0,-0.494666431691517,0.494666431691517,final_k12
final_k12_K12_FINAL_k12_Native_ET_Physics,0,0,K12_FINAL,12,Native_ET_Physics,23,4,1.0,"{""model__max_depth"": 6, ""model__max_features"": 1.0, ""model__min_samples_leaf"": 4, ""model__n_estimators"": 500, ""selector__alpha"": 1.0, ""selector__n_features"": 12}",72043,ff59dad4f15ca6423b54f522febfc7595b575efba699f5a710505cb059b813aa,3498d416c0e50ca57ab8c168fdeeff46b99bbbb55cb1dc07a75709d162de5611,-0.46726365330280145,0.46726365330280145,final_k12
final_k12_K12_FINAL_k12_Native_ET_Physics,0,0,K12_FINAL,12,Native_ET_Physics,23,5,1.0,"{""model__max_depth"": 6, ""model__max_features"": 1.0, ""model__min_samples_leaf"": 4, ""model__n_estimators"": 500, ""selector__alpha"": 1.0, ""selector__n_features"": 12}",72043,b73532caf058356af99850fc9cee7a377bdaf0cdc14055fab95af0117ee61de4,07065de2bef741f3cb587e277a0fcb85f93673c30d01852668a7519054b3fc3e,-0.49919272641840173,0.49919272641840173,final_k12
final_k12_K12_FINAL_k12_Native_ET_Physics,0,0,K12_FINAL,12,Native_ET_Physics,24,1,0.25,"{""model__max_depth"": 6, ""model__max_features"": 1.0, ""model__min_samples_leaf"": 2, ""model__n_estimators"": 300, ""selector__alpha"": 0.25, ""selector__n_features"": 12}",72043,63aa6fefba64a6074d0d9ff897ce987281e5ac90c2d08dcb781ac0056c1c5cae,00487d5a1bfc80244f5e1aac4616000df0555f6d828c513709ef326e7a15245b,-0.5239064379775824,0.5239064379775824,final_k12
final_k12_K12_FINAL_k12_Native_ET_Physics,0,0,K12_FINAL,12,Native_ET_Physics,24,2,0.25,"{""model__max_depth"": 6, ""model__max_features"": 1.0, ""model__min_samples_leaf"": 2, ""model__n_estimators"": 300, ""selector__alpha"": 0.25, ""selector__n_features"": 12}",72043,11d650d51b733d713e5f12a34674e439bc73d8ed3458306fb90be98d7ffd8c8e,183aefcb8f2fa4b7904c22725f7dd41376802f4e63953556f751878b9132f13e,-0.46823506469440845,0.46823506469440845,final_k12
final_k12_K12_FINAL_k12_Native_ET_Physics,0,0,K12_FINAL,12,Native_ET_Physics,24,3,0.25,"{""model__max_depth"": 6, ""model__max_features"": 1.0, ""model__min_samples_leaf"": 2, ""model__n_estimators"": 300, ""selector__alpha"": 0.25, ""selector__n_features"": 12}",72043,3365a8da0cb673ae6f81d21a9b60c2b001f5fadb6e903ee627a246ac8f56488f,f70281ff9e2d63699ac597b6d7b2efaa1d3c535ba8d5eeee2b64b89b316a06d0,-0.48647069214405175,0.48647069214405175,final_k12
final_k12_K12_FINAL_k12_Native_ET_Physics,0,0,K12_FINAL,12,Native_ET_Physics,24,4,0.25,"{""model__max_depth"": 6, ""model__max_features"": 1.0, ""model__min_samples_leaf"": 2, ""model__n_estimators"": 300, ""selector__alpha"": 0.25, ""selector__n_features"": 12}",72043,ff59dad4f15ca6423b54f522febfc7595b575efba699f5a710505cb059b813aa,3498d416c0e50ca57ab8c168fdeeff46b99bbbb55cb1dc07a75709d162de5611,-0.4744852445180448,0.4744852445180448,final_k12
final_k12_K12_FINAL_k12_Native_ET_Physics,0,0,K12_FINAL,12,Native_ET_Physics,24,5,0.25,"{""model__max_depth"": 6, ""model__max_features"": 1.0, ""model__min_samples_leaf"": 2, ""model__n_estimators"": 300, ""selector__alpha"": 0.25, ""selector__n_features"": 12}",72043,b73532caf058356af99850fc9cee7a377bdaf0cdc14055fab95af0117ee61de4,07065de2bef741f3cb587e277a0fcb85f93673c30d01852668a7519054b3fc3e,-0.4373815483811241,0.4373815483811241,final_k12
final_k12_K12_FINAL_k12_Native_RF_Physics,0,0,K12_FINAL,12,Native_RF_Physics,1,1,0.75,"{""model__max_depth"": 6, ""model__max_features"": ""sqrt"", ""model__min_samples_leaf"": 4, ""model__n_estimators"": 500, ""selector__alpha"": 0.75, ""selector__n_features"": 12}",72043,63aa6fefba64a6074d0d9ff897ce987281e5ac90c2d08dcb781ac0056c1c5cae,00487d5a1bfc80244f5e1aac4616000df0555f6d828c513709ef326e7a15245b,-0.5479184262266047,0.5479184262266047,final_k12
final_k12_K12_FINAL_k12_Native_RF_Physics,0,0,K12_FINAL,12,Native_RF_Physics,1,2,0.75,"{""model__max_depth"": 6, ""model__max_features"": ""sqrt"", ""model__min_samples_leaf"": 4, ""model__n_estimators"": 500, ""selector__alpha"": 0.75, ""selector__n_features"": 12}",72043,11d650d51b733d713e5f12a34674e439bc73d8ed3458306fb90be98d7ffd8c8e,183aefcb8f2fa4b7904c22725f7dd41376802f4e63953556f751878b9132f13e,-0.492856289258486,0.492856289258486,final_k12
final_k12_K12_FINAL_k12_Native_RF_Physics,0,0,K12_FINAL,12,Native_RF_Physics,1,3,0.75,"{""model__max_depth"": 6, ""model__max_features"": ""sqrt"", ""model__min_samples_leaf"": 4, ""model__n_estimators"": 500, ""selector__alpha"": 0.75, ""selector__n_features"": 12}",72043,3365a8da0cb673ae6f81d21a9b60c2b001f5fadb6e903ee627a246ac8f56488f,f70281ff9e2d63699ac597b6d7b2efaa1d3c535ba8d5eeee2b64b89b316a06d0,-0.5359128730861286,0.5359128730861286,final_k12
final_k12_K12_FINAL_k12_Native_RF_Physics,0,0,K12_FINAL,12,Native_RF_Physics,1,4,0.75,"{""model__max_depth"": 6, ""model__max_features"": ""sqrt"", ""model__min_samples_leaf"": 4, ""model__n_estimators"": 500, ""selector__alpha"": 0.75, ""selector__n_features"": 12}",72043,ff59dad4f15ca6423b54f522febfc7595b575efba699f5a710505cb059b813aa,3498d416c0e50ca57ab8c168fdeeff46b99bbbb55cb1dc07a75709d162de5611,-0.4692285545889591,0.4692285545889591,final_k12
final_k12_K12_FINAL_k12_Native_RF_Physics,0,0,K12_FINAL,12,Native_RF_Physics,1,5,0.75,"{""model__max_depth"": 6, ""model__max_features"": ""sqrt"", ""model__min_samples_leaf"": 4, ""model__n_estimators"": 500, ""selector__alpha"": 0.75, ""selector__n_features"": 12}",72043,b73532caf058356af99850fc9cee7a377bdaf0cdc14055fab95af0117ee61de4,07065de2bef741f3cb587e277a0fcb85f93673c30d01852668a7519054b3fc3e,-0.5360484753178801,0.5360484753178801,final_k12
final_k12_K12_FINAL_k12_Native_RF_Physics,0,0,K12_FINAL,12,Native_RF_Physics,2,1,0.5,"{""model__max_depth"": 14, ""model__max_features"": 1.0, ""model__min_samples_leaf"": 1, ""model__n_estimators"": 500, ""selector__alpha"": 0.5, ""selector__n_features"": 12}",72043,63aa6fefba64a6074d0d9ff897ce987281e5ac90c2d08dcb781ac0056c1c5cae,00487d5a1bfc80244f5e1aac4616000df0555f6d828c513709ef326e7a15245b,-0.4625848509054755,0.4625848509054755,final_k12
final_k12_K12_FINAL_k12_Native_RF_Physics,0,0,K12_FINAL,12,Native_RF_Physics,2,2,0.5,"{""model__max_depth"": 14, ""model__max_features"": 1.0, ""model__min_samples_leaf"": 1, ""model__n_estimators"": 500, ""selector__alpha"": 0.5, ""selector__n_features"": 12}",72043,11d650d51b733d713e5f12a34674e439bc73d8ed3458306fb90be98d7ffd8c8e,183aefcb8f2fa4b7904c22725f7dd41376802f4e63953556f751878b9132f13e,-0.38910544558549126,0.38910544558549126,final_k12
final_k12_K12_FINAL_k12_Native_RF_Physics,0,0,K12_FINAL,12,Native_RF_Physics,2,3,0.5,"{""model__max_depth"": 14, ""model__max_features"": 1.0, ""model__min_samples_leaf"": 1, ""model__n_estimators"": 500, ""selector__alpha"": 0.5, ""selector__n_features"": 12}",72043,3365a8da0cb673ae6f81d21a9b60c2b001f5fadb6e903ee627a246ac8f56488f,f70281ff9e2d63699ac597b6d7b2efaa1d3c535ba8d5eeee2b64b89b316a06d0,-0.4642400378147287,0.4642400378147287,final_k12
final_k12_K12_FINAL_k12_Native_RF_Physics,0,0,K12_FINAL,12,Native_RF_Physics,2,4,0.5,"{""model__max_depth"": 14, ""model__max_features"": 1.0, ""model__min_samples_leaf"": 1, ""model__n_estimators"": 500, ""selector__alpha"": 0.5, ""selector__n_features"": 12}",72043,ff59dad4f15ca6423b54f522febfc7595b575efba699f5a710505cb059b813aa,3498d416c0e50ca57ab8c168fdeeff46b99bbbb55cb1dc07a75709d162de5611,-0.3647163376502574,0.3647163376502574,final_k12
final_k12_K12_FINAL_k12_Native_RF_Physics,0,0,K12_FINAL,12,Native_RF_Physics,2,5,0.5,"{""model__max_depth"": 14, ""model__max_features"": 1.0, ""model__min_samples_leaf"": 1, ""model__n_estimators"": 500, ""selector__alpha"": 0.5, ""selector__n_features"": 12}",72043,b73532caf058356af99850fc9cee7a377bdaf0cdc14055fab95af0117ee61de4,07065de2bef741f3cb587e277a0fcb85f93673c30d01852668a7519054b3fc3e,-0.39316969065216395,0.39316969065216395,final_k12
final_k12_K12_FINAL_k12_Native_RF_Physics,0,0,K12_FINAL,12,Native_RF_Physics,3,1,0.25,"{""model__max_depth"": 10, ""model__max_features"": 1.0, ""model__min_samples_leaf"": 2, ""model__n_estimators"": 500, ""selector__alpha"": 0.25, ""selector__n_features"": 12}",72043,63aa6fefba64a6074d0d9ff897ce987281e5ac90c2d08dcb781ac0056c1c5cae,00487d5a1bfc80244f5e1aac4616000df0555f6d828c513709ef326e7a15245b,-0.4856441633527693,0.4856441633527693,final_k12
final_k12_K12_FINAL_k12_Native_RF_Physics,0,0,K12_FINAL,12,Native_RF_Physics,3,2,0.25,"{""model__max_depth"": 10, ""model__max_features"": 1.0, ""model__min_samples_leaf"": 2, ""model__n_estimators"": 500, ""selector__alpha"": 0.25, ""selector__n_features"": 12}",72043,11d650d51b733d713e5f12a34674e439bc73d8ed3458306fb90be98d7ffd8c8e,183aefcb8f2fa4b7904c22725f7dd41376802f4e63953556f751878b9132f13e,-0.4233740081247291,0.4233740081247291,final_k12
final_k12_K12_FINAL_k12_Native_RF_Physics,0,0,K12_FINAL,12,Native_RF_Physics,3,3,0.25,"{""model__max_depth"": 10, ""model__max_features"": 1.0, ""model__min_samples_leaf"": 2, ""model__n_estimators"": 500, ""selector__alpha"": 0.25, ""selector__n_features"": 12}",72043,3365a8da0cb673ae6f81d21a9b60c2b001f5fadb6e903ee627a246ac8f56488f,f70281ff9e2d63699ac597b6d7b2efaa1d3c535ba8d5eeee2b64b89b316a06d0,-0.4861976389756603,0.4861976389756603,final_k12
final_k12_K12_FINAL_k12_Native_RF_Physics,0,0,K12_FINAL,12,Native_RF_Physics,3,4,0.25,"{""model__max_depth"": 10, ""model__max_features"": 1.0, ""model__min_samples_leaf"": 2, ""model__n_estimators"": 500, ""selector__alpha"": 0.25, ""selector__n_features"": 12}",72043,ff59dad4f15ca6423b54f522febfc7595b575efba699f5a710505cb059b813aa,3498d416c0e50ca57ab8c168fdeeff46b99bbbb55cb1dc07a75709d162de5611,-0.385850061266386,0.385850061266386,final_k12
final_k12_K12_FINAL_k12_Native_RF_Physics,0,0,K12_FINAL,12,Native_RF_Physics,3,5,0.25,"{""model__max_depth"": 10, ""model__max_features"": 1.0, ""model__min_samples_leaf"": 2, ""model__n_estimators"": 500, ""selector__alpha"": 0.25, ""selector__n_features"": 12}",72043,b73532caf058356af99850fc9cee7a377bdaf0cdc14055fab95af0117ee61de4,07065de2bef741f3cb587e277a0fcb85f93673c30d01852668a7519054b3fc3e,-0.4272022297589821,0.4272022297589821,final_k12
final_k12_K12_FINAL_k12_Native_RF_Physics,0,0,K12_FINAL,12,Native_RF_Physics,4,1,0.0,"{""model__max_depth"": 10, ""model__max_features"": ""sqrt"", ""model__min_samples_leaf"": 4, ""model__n_estimators"": 800, ""selector__alpha"": 0.0, ""selector__n_features"": 12}",72043,63aa6fefba64a6074d0d9ff897ce987281e5ac90c2d08dcb781ac0056c1c5cae,00487d5a1bfc80244f5e1aac4616000df0555f6d828c513709ef326e7a15245b,-0.526963488511382,0.526963488511382,final_k12
final_k12_K12_FINAL_k12_Native_RF_Physics,0,0,K12_FINAL,12,Native_RF_Physics,4,2,0.0,"{""model__max_depth"": 10, ""model__max_features"": ""sqrt"", ""model__min_samples_leaf"": 4, ""model__n_estimators"": 800, ""selector__alpha"": 0.0, ""selector__n_features"": 12}",72043,11d650d51b733d713e5f12a34674e439bc73d8ed3458306fb90be98d7ffd8c8e,183aefcb8f2fa4b7904c22725f7dd41376802f4e63953556f751878b9132f13e,-0.4859453964366256,0.4859453964366256,final_k12
final_k12_K12_FINAL_k12_Native_RF_Physics,0,0,K12_FINAL,12,Native_RF_Physics,4,3,0.0,"{""model__max_depth"": 10, ""model__max_features"": ""sqrt"", ""model__min_samples_leaf"": 4, ""model__n_estimators"": 800, ""selector__alpha"": 0.0, ""selector__n_features"": 12}",72043,3365a8da0cb673ae6f81d21a9b60c2b001f5fadb6e903ee627a246ac8f56488f,f70281ff9e2d63699ac597b6d7b2efaa1d3c535ba8d5eeee2b64b89b316a06d0,-0.5243377524596798,0.5243377524596798,final_k12
final_k12_K12_FINAL_k12_Native_RF_Physics,0,0,K12_FINAL,12,Native_RF_Physics,4,4,0.0,"{""model__max_depth"": 10, ""model__max_features"": ""sqrt"", ""model__min_samples_leaf"": 4, ""model__n_estimators"": 800, ""selector__alpha"": 0.0, ""selector__n_features"": 12}",72043,ff59dad4f15ca6423b54f522febfc7595b575efba699f5a710505cb059b813aa,3498d416c0e50ca57ab8c168fdeeff46b99bbbb55cb1dc07a75709d162de5611,-0.45825666622637495,0.45825666622637495,final_k12
final_k12_K12_FINAL_k12_Native_RF_Physics,0,0,K12_FINAL,12,Native_RF_Physics,4,5,0.0,"{""model__max_depth"": 10, ""model__max_features"": ""sqrt"", ""model__min_samples_leaf"": 4, ""model__n_estimators"": 800, ""selector__alpha"": 0.0, ""selector__n_features"": 12}",72043,b73532caf058356af99850fc9cee7a377bdaf0cdc14055fab95af0117ee61de4,07065de2bef741f3cb587e277a0fcb85f93673c30d01852668a7519054b3fc3e,-0.5157556569704926,0.5157556569704926,final_k12
final_k12_K12_FINAL_k12_Native_RF_Physics,0,0,K12_FINAL,12,Native_RF_Physics,5,1,0.5,"{""model__max_depth"": null, ""model__max_features"": 1.0, ""model__min_samples_leaf"": 2, ""model__n_estimators"": 500, ""selector__alpha"": 0.5, ""selector__n_features"": 12}",72043,63aa6fefba64a6074d0d9ff897ce987281e5ac90c2d08dcb781ac0056c1c5cae,00487d5a1bfc80244f5e1aac4616000df0555f6d828c513709ef326e7a15245b,-0.48615068292062663,0.48615068292062663,final_k12
final_k12_K12_FINAL_k12_Native_RF_Physics,0,0,K12_FINAL,12,Native_RF_Physics,5,2,0.5,"{""model__max_depth"": null, ""model__max_features"": 1.0, ""model__min_samples_leaf"": 2, ""model__n_estimators"": 500, ""selector__alpha"": 0.5, ""selector__n_features"": 12}",72043,11d650d51b733d713e5f12a34674e439bc73d8ed3458306fb90be98d7ffd8c8e,183aefcb8f2fa4b7904c22725f7dd41376802f4e63953556f751878b9132f13e,-0.424794985453756,0.424794985453756,final_k12
final_k12_K12_FINAL_k12_Native_RF_Physics,0,0,K12_FINAL,12,Native_RF_Physics,5,3,0.5,"{""model__max_depth"": null, ""model__max_features"": 1.0, ""model__min_samples_leaf"": 2, ""model__n_estimators"": 500, ""selector__alpha"": 0.5, ""selector__n_features"": 12}",72043,3365a8da0cb673ae6f81d21a9b60c2b001f5fadb6e903ee627a246ac8f56488f,f70281ff9e2d63699ac597b6d7b2efaa1d3c535ba8d5eeee2b64b89b316a06d0,-0.4772757847595754,0.4772757847595754,final_k12
final_k12_K12_FINAL_k12_Native_RF_Physics,0,0,K12_FINAL,12,Native_RF_Physics,5,4,0.5,"{""model__max_depth"": null, ""model__max_features"": 1.0, ""model__min_samples_leaf"": 2, ""model__n_estimators"": 500, ""selector__alpha"": 0.5, ""selector__n_features"": 12}",72043,ff59dad4f15ca6423b54f522febfc7595b575efba699f5a710505cb059b813aa,3498d416c0e50ca57ab8c168fdeeff46b99bbbb55cb1dc07a75709d162de5611,-0.385405422787877,0.385405422787877,final_k12
final_k12_K12_FINAL_k12_Native_RF_Physics,0,0,K12_FINAL,12,Native_RF_Physics,5,5,0.5,"{""model__max_depth"": null, ""model__max_features"": 1.0, ""model__min_samples_leaf"": 2, ""model__n_estimators"": 500, ""selector__alpha"": 0.5, ""selector__n_features"": 12}",72043,b73532caf058356af99850fc9cee7a377bdaf0cdc14055fab95af0117ee61de4,07065de2bef741f3cb587e277a0fcb85f93673c30d01852668a7519054b3fc3e,-0.42429510056996794,0.42429510056996794,final_k12
final_k12_K12_FINAL_k12_Native_RF_Physics,0,0,K12_FINAL,12,Native_RF_Physics,6,1,1.0,"{""model__max_depth"": null, ""model__max_features"": 0.7, ""model__min_samples_leaf"": 4, ""model__n_estimators"": 300, ""selector__alpha"": 1.0, ""selector__n_features"": 12}",72043,63aa6fefba64a6074d0d9ff897ce987281e5ac90c2d08dcb781ac0056c1c5cae,00487d5a1bfc80244f5e1aac4616000df0555f6d828c513709ef326e7a15245b,-0.5360203832225233,0.5360203832225233,final_k12
final_k12_K12_FINAL_k12_Native_RF_Physics,0,0,K12_FINAL,12,Native_RF_Physics,6,2,1.0,"{""model__max_depth"": null, ""model__max_features"": 0.7, ""model__min_samples_leaf"": 4, ""model__n_estimators"": 300, ""selector__alpha"": 1.0, ""selector__n_features"": 12}",72043,11d650d51b733d713e5f12a34674e439bc73d8ed3458306fb90be98d7ffd8c8e,183aefcb8f2fa4b7904c22725f7dd41376802f4e63953556f751878b9132f13e,-0.46192693858110845,0.46192693858110845,final_k12
final_k12_K12_FINAL_k12_Native_RF_Physics,0,0,K12_FINAL,12,Native_RF_Physics,6,3,1.0,"{""model__max_depth"": null, ""model__max_features"": 0.7, ""model__min_samples_leaf"": 4, ""model__n_estimators"": 300, ""selector__alpha"": 1.0, ""selector__n_features"": 12}",72043,3365a8da0cb673ae6f81d21a9b60c2b001f5fadb6e903ee627a246ac8f56488f,f70281ff9e2d63699ac597b6d7b2efaa1d3c535ba8d5eeee2b64b89b316a06d0,-0.5134251946961764,0.5134251946961764,final_k12
final_k12_K12_FINAL_k12_Native_RF_Physics,0,0,K12_FINAL,12,Native_RF_Physics,6,4,1.0,"{""model__max_depth"": null, ""model__max_features"": 0.7, ""model__min_samples_leaf"": 4, ""model__n_estimators"": 300, ""selector__alpha"": 1.0, ""selector__n_features"": 12}",72043,ff59dad4f15ca6423b54f522febfc7595b575efba699f5a710505cb059b813aa,3498d416c0e50ca57ab8c168fdeeff46b99bbbb55cb1dc07a75709d162de5611,-0.41675083289215326,0.41675083289215326,final_k12
final_k12_K12_FINAL_k12_Native_RF_Physics,0,0,K12_FINAL,12,Native_RF_Physics,6,5,1.0,"{""model__max_depth"": null, ""model__max_features"": 0.7, ""model__min_samples_leaf"": 4, ""model__n_estimators"": 300, ""selector__alpha"": 1.0, ""selector__n_features"": 12}",72043,b73532caf058356af99850fc9cee7a377bdaf0cdc14055fab95af0117ee61de4,07065de2bef741f3cb587e277a0fcb85f93673c30d01852668a7519054b3fc3e,-0.4948383295742909,0.4948383295742909,final_k12
final_k12_K12_FINAL_k12_Native_RF_Physics,0,0,K12_FINAL,12,Native_RF_Physics,7,1,0.25,"{""model__max_depth"": 6, ""model__max_features"": 0.7, ""model__min_samples_leaf"": 4, ""model__n_estimators"": 300, ""selector__alpha"": 0.25, ""selector__n_features"": 12}",72043,63aa6fefba64a6074d0d9ff897ce987281e5ac90c2d08dcb781ac0056c1c5cae,00487d5a1bfc80244f5e1aac4616000df0555f6d828c513709ef326e7a15245b,-0.5361039931153243,0.5361039931153243,final_k12
final_k12_K12_FINAL_k12_Native_RF_Physics,0,0,K12_FINAL,12,Native_RF_Physics,7,2,0.25,"{""model__max_depth"": 6, ""model__max_features"": 0.7, ""model__min_samples_leaf"": 4, ""model__n_estimators"": 300, ""selector__alpha"": 0.25, ""selector__n_features"": 12}",72043,11d650d51b733d713e5f12a34674e439bc73d8ed3458306fb90be98d7ffd8c8e,183aefcb8f2fa4b7904c22725f7dd41376802f4e63953556f751878b9132f13e,-0.480157699829528,0.480157699829528,final_k12
final_k12_K12_FINAL_k12_Native_RF_Physics,0,0,K12_FINAL,12,Native_RF_Physics,7,3,0.25,"{""model__max_depth"": 6, ""model__max_features"": 0.7, ""model__min_samples_leaf"": 4, ""model__n_estimators"": 300, ""selector__alpha"": 0.25, ""selector__n_features"": 12}",72043,3365a8da0cb673ae6f81d21a9b60c2b001f5fadb6e903ee627a246ac8f56488f,f70281ff9e2d63699ac597b6d7b2efaa1d3c535ba8d5eeee2b64b89b316a06d0,-0.5213484397842029,0.5213484397842029,final_k12
final_k12_K12_FINAL_k12_Native_RF_Physics,0,0,K12_FINAL,12,Native_RF_Physics,7,4,0.25,"{""model__max_depth"": 6, ""model__max_features"": 0.7, ""model__min_samples_leaf"": 4, ""model__n_estimators"": 300, ""selector__alpha"": 0.25, ""selector__n_features"": 12}",72043,ff59dad4f15ca6423b54f522febfc7595b575efba699f5a710505cb059b813aa,3498d416c0e50ca57ab8c168fdeeff46b99bbbb55cb1dc07a75709d162de5611,-0.4241791950622553,0.4241791950622553,final_k12
final_k12_K12_FINAL_k12_Native_RF_Physics,0,0,K12_FINAL,12,Native_RF_Physics,7,5,0.25,"{""model__max_depth"": 6, ""model__max_features"": 0.7, ""model__min_samples_leaf"": 4, ""model__n_estimators"": 300, ""selector__alpha"": 0.25, ""selector__n_features"": 12}",72043,b73532caf058356af99850fc9cee7a377bdaf0cdc14055fab95af0117ee61de4,07065de2bef741f3cb587e277a0fcb85f93673c30d01852668a7519054b3fc3e,-0.5059540451230232,0.5059540451230232,final_k12
final_k12_K12_FINAL_k12_Native_RF_Physics,0,0,K12_FINAL,12,Native_RF_Physics,8,1,0.0,"{""model__max_depth"": 14, ""model__max_features"": 0.7, ""model__min_samples_leaf"": 2, ""model__n_estimators"": 300, ""selector__alpha"": 0.0, ""selector__n_features"": 12}",72043,63aa6fefba64a6074d0d9ff897ce987281e5ac90c2d08dcb781ac0056c1c5cae,00487d5a1bfc80244f5e1aac4616000df0555f6d828c513709ef326e7a15245b,-0.48727856806689057,0.48727856806689057,final_k12
final_k12_K12_FINAL_k12_Native_RF_Physics,0,0,K12_FINAL,12,Native_RF_Physics,8,2,0.0,"{""model__max_depth"": 14, ""model__max_features"": 0.7, ""model__min_samples_leaf"": 2, ""model__n_estimators"": 300, ""selector__alpha"": 0.0, ""selector__n_features"": 12}",72043,11d650d51b733d713e5f12a34674e439bc73d8ed3458306fb90be98d7ffd8c8e,183aefcb8f2fa4b7904c22725f7dd41376802f4e63953556f751878b9132f13e,-0.4301903951271086,0.4301903951271086,final_k12
final_k12_K12_FINAL_k12_Native_RF_Physics,0,0,K12_FINAL,12,Native_RF_Physics,8,3,0.0,"{""model__max_depth"": 14, ""model__max_features"": 0.7, ""model__min_samples_leaf"": 2, ""model__n_estimators"": 300, ""selector__alpha"": 0.0, ""selector__n_features"": 12}",72043,3365a8da0cb673ae6f81d21a9b60c2b001f5fadb6e903ee627a246ac8f56488f,f70281ff9e2d63699ac597b6d7b2efaa1d3c535ba8d5eeee2b64b89b316a06d0,-0.4735452112801127,0.4735452112801127,final_k12
final_k12_K12_FINAL_k12_Native_RF_Physics,0,0,K12_FINAL,12,Native_RF_Physics,8,4,0.0,"{""model__max_depth"": 14, ""model__max_features"": 0.7, ""model__min_samples_leaf"": 2, ""model__n_estimators"": 300, ""selector__alpha"": 0.0, ""selector__n_features"": 12}",72043,ff59dad4f15ca6423b54f522febfc7595b575efba699f5a710505cb059b813aa,3498d416c0e50ca57ab8c168fdeeff46b99bbbb55cb1dc07a75709d162de5611,-0.3863080576547,0.3863080576547,final_k12
final_k12_K12_FINAL_k12_Native_RF_Physics,0,0,K12_FINAL,12,Native_RF_Physics,8,5,0.0,"{""model__max_depth"": 14, ""model__max_features"": 0.7, ""model__min_samples_leaf"": 2, ""model__n_estimators"": 300, ""selector__alpha"": 0.0, ""selector__n_features"": 12}",72043,b73532caf058356af99850fc9cee7a377bdaf0cdc14055fab95af0117ee61de4,07065de2bef741f3cb587e277a0fcb85f93673c30d01852668a7519054b3fc3e,-0.41970899776765275,0.41970899776765275,final_k12
final_k12_K12_FINAL_k12_Native_RF_Physics,0,0,K12_FINAL,12,Native_RF_Physics,9,1,0.5,"{""model__max_depth"": 10, ""model__max_features"": ""sqrt"", ""model__min_samples_leaf"": 4, ""model__n_estimators"": 800, ""selector__alpha"": 0.5, ""selector__n_features"": 12}",72043,63aa6fefba64a6074d0d9ff897ce987281e5ac90c2d08dcb781ac0056c1c5cae,00487d5a1bfc80244f5e1aac4616000df0555f6d828c513709ef326e7a15245b,-0.5399770219388275,0.5399770219388275,final_k12
final_k12_K12_FINAL_k12_Native_RF_Physics,0,0,K12_FINAL,12,Native_RF_Physics,9,2,0.5,"{""model__max_depth"": 10, ""model__max_features"": ""sqrt"", ""model__min_samples_leaf"": 4, ""model__n_estimators"": 800, ""selector__alpha"": 0.5, ""selector__n_features"": 12}",72043,11d650d51b733d713e5f12a34674e439bc73d8ed3458306fb90be98d7ffd8c8e,183aefcb8f2fa4b7904c22725f7dd41376802f4e63953556f751878b9132f13e,-0.4854058475766198,0.4854058475766198,final_k12
final_k12_K12_FINAL_k12_Native_RF_Physics,0,0,K12_FINAL,12,Native_RF_Physics,9,3,0.5,"{""model__max_depth"": 10, ""model__max_features"": ""sqrt"", ""model__min_samples_leaf"": 4, ""model__n_estimators"": 800, ""selector__alpha"": 0.5, ""selector__n_features"": 12}",72043,3365a8da0cb673ae6f81d21a9b60c2b001f5fadb6e903ee627a246ac8f56488f,f70281ff9e2d63699ac597b6d7b2efaa1d3c535ba8d5eeee2b64b89b316a06d0,-0.5261833041519556,0.5261833041519556,final_k12
final_k12_K12_FINAL_k12_Native_RF_Physics,0,0,K12_FINAL,12,Native_RF_Physics,9,4,0.5,"{""model__max_depth"": 10, ""model__max_features"": ""sqrt"", ""model__min_samples_leaf"": 4, ""model__n_estimators"": 800, ""selector__alpha"": 0.5, ""selector__n_features"": 12}",72043,ff59dad4f15ca6423b54f522febfc7595b575efba699f5a710505cb059b813aa,3498d416c0e50ca57ab8c168fdeeff46b99bbbb55cb1dc07a75709d162de5611,-0.4589305581492121,0.4589305581492121,final_k12
final_k12_K12_FINAL_k12_Native_RF_Physics,0,0,K12_FINAL,12,Native_RF_Physics,9,5,0.5,"{""model__max_depth"": 10, ""model__max_features"": ""sqrt"", ""model__min_samples_leaf"": 4, ""model__n_estimators"": 800, ""selector__alpha"": 0.5, ""selector__n_features"": 12}",72043,b73532caf058356af99850fc9cee7a377bdaf0cdc14055fab95af0117ee61de4,07065de2bef741f3cb587e277a0fcb85f93673c30d01852668a7519054b3fc3e,-0.5204763164295839,0.5204763164295839,final_k12
final_k12_K12_FINAL_k12_Native_RF_Physics,0,0,K12_FINAL,12,Native_RF_Physics,10,1,0.25,"{""model__max_depth"": null, ""model__max_features"": 0.7, ""model__min_samples_leaf"": 1, ""model__n_estimators"": 800, ""selector__alpha"": 0.25, ""selector__n_features"": 12}",72043,63aa6fefba64a6074d0d9ff897ce987281e5ac90c2d08dcb781ac0056c1c5cae,00487d5a1bfc80244f5e1aac4616000df0555f6d828c513709ef326e7a15245b,-0.4582753076863668,0.4582753076863668,final_k12
final_k12_K12_FINAL_k12_Native_RF_Physics,0,0,K12_FINAL,12,Native_RF_Physics,10,2,0.25,"{""model__max_depth"": null, ""model__max_features"": 0.7, ""model__min_samples_leaf"": 1, ""model__n_estimators"": 800, ""selector__alpha"": 0.25, ""selector__n_features"": 12}",72043,11d650d51b733d713e5f12a34674e439bc73d8ed3458306fb90be98d7ffd8c8e,183aefcb8f2fa4b7904c22725f7dd41376802f4e63953556f751878b9132f13e,-0.3944366469836796,0.3944366469836796,final_k12
final_k12_K12_FINAL_k12_Native_RF_Physics,0,0,K12_FINAL,12,Native_RF_Physics,10,3,0.25,"{""model__max_depth"": null, ""model__max_features"": 0.7, ""model__min_samples_leaf"": 1, ""model__n_estimators"": 800, ""selector__alpha"": 0.25, ""selector__n_features"": 12}",72043,3365a8da0cb673ae6f81d21a9b60c2b001f5fadb6e903ee627a246ac8f56488f,f70281ff9e2d63699ac597b6d7b2efaa1d3c535ba8d5eeee2b64b89b316a06d0,-0.44975262267346644,0.44975262267346644,final_k12
final_k12_K12_FINAL_k12_Native_RF_Physics,0,0,K12_FINAL,12,Native_RF_Physics,10,4,0.25,"{""model__max_depth"": null, ""model__max_features"": 0.7, ""model__min_samples_leaf"": 1, ""model__n_estimators"": 800, ""selector__alpha"": 0.25, ""selector__n_features"": 12}",72043,ff59dad4f15ca6423b54f522febfc7595b575efba699f5a710505cb059b813aa,3498d416c0e50ca57ab8c168fdeeff46b99bbbb55cb1dc07a75709d162de5611,-0.35612471083823455,0.35612471083823455,final_k12
final_k12_K12_FINAL_k12_Native_RF_Physics,0,0,K12_FINAL,12,Native_RF_Physics,10,5,0.25,"{""model__max_depth"": null, ""model__max_features"": 0.7, ""model__min_samples_leaf"": 1, ""model__n_estimators"": 800, ""selector__alpha"": 0.25, ""selector__n_features"": 12}",72043,b73532caf058356af99850fc9cee7a377bdaf0cdc14055fab95af0117ee61de4,07065de2bef741f3cb587e277a0fcb85f93673c30d01852668a7519054b3fc3e,-0.39164442645243863,0.39164442645243863,final_k12
final_k12_K12_FINAL_k12_Native_RF_Physics,0,0,K12_FINAL,12,Native_RF_Physics,11,1,0.75,"{""model__max_depth"": 6, ""model__max_features"": ""sqrt"", ""model__min_samples_leaf"": 2, ""model__n_estimators"": 800, ""selector__alpha"": 0.75, ""selector__n_features"": 12}",72043,63aa6fefba64a6074d0d9ff897ce987281e5ac90c2d08dcb781ac0056c1c5cae,00487d5a1bfc80244f5e1aac4616000df0555f6d828c513709ef326e7a15245b,-0.5298041687013466,0.5298041687013466,final_k12
final_k12_K12_FINAL_k12_Native_RF_Physics,0,0,K12_FINAL,12,Native_RF_Physics,11,2,0.75,"{""model__max_depth"": 6, ""model__max_features"": ""sqrt"", ""model__min_samples_leaf"": 2, ""model__n_estimators"": 800, ""selector__alpha"": 0.75, ""selector__n_features"": 12}",72043,11d650d51b733d713e5f12a34674e439bc73d8ed3458306fb90be98d7ffd8c8e,183aefcb8f2fa4b7904c22725f7dd41376802f4e63953556f751878b9132f13e,-0.4757345099553196,0.4757345099553196,final_k12
final_k12_K12_FINAL_k12_Native_RF_Physics,0,0,K12_FINAL,12,Native_RF_Physics,11,3,0.75,"{""model__max_depth"": 6, ""model__max_features"": ""sqrt"", ""model__min_samples_leaf"": 2, ""model__n_estimators"": 800, ""selector__alpha"": 0.75, ""selector__n_features"": 12}",72043,3365a8da0cb673ae6f81d21a9b60c2b001f5fadb6e903ee627a246ac8f56488f,f70281ff9e2d63699ac597b6d7b2efaa1d3c535ba8d5eeee2b64b89b316a06d0,-0.5039236718949851,0.5039236718949851,final_k12
final_k12_K12_FINAL_k12_Native_RF_Physics,0,0,K12_FINAL,12,Native_RF_Physics,11,4,0.75,"{""model__max_depth"": 6, ""model__max_features"": ""sqrt"", ""model__min_samples_leaf"": 2, ""model__n_estimators"": 800, ""selector__alpha"": 0.75, ""selector__n_features"": 12}",72043,ff59dad4f15ca6423b54f522febfc7595b575efba699f5a710505cb059b813aa,3498d416c0e50ca57ab8c168fdeeff46b99bbbb55cb1dc07a75709d162de5611,-0.4437010738217615,0.4437010738217615,final_k12
final_k12_K12_FINAL_k12_Native_RF_Physics,0,0,K12_FINAL,12,Native_RF_Physics,11,5,0.75,"{""model__max_depth"": 6, ""model__max_features"": ""sqrt"", ""model__min_samples_leaf"": 2, ""model__n_estimators"": 800, ""selector__alpha"": 0.75, ""selector__n_features"": 12}",72043,b73532caf058356af99850fc9cee7a377bdaf0cdc14055fab95af0117ee61de4,07065de2bef741f3cb587e277a0fcb85f93673c30d01852668a7519054b3fc3e,-0.4871229249018234,0.4871229249018234,final_k12
final_k12_K12_FINAL_k12_Native_RF_Physics,0,0,K12_FINAL,12,Native_RF_Physics,12,1,0.25,"{""model__max_depth"": 6, ""model__max_features"": 1.0, ""model__min_samples_leaf"": 1, ""model__n_estimators"": 800, ""selector__alpha"": 0.25, ""selector__n_features"": 12}",72043,63aa6fefba64a6074d0d9ff897ce987281e5ac90c2d08dcb781ac0056c1c5cae,00487d5a1bfc80244f5e1aac4616000df0555f6d828c513709ef326e7a15245b,-0.4911423729859899,0.4911423729859899,final_k12
final_k12_K12_FINAL_k12_Native_RF_Physics,0,0,K12_FINAL,12,Native_RF_Physics,12,2,0.25,"{""model__max_depth"": 6, ""model__max_features"": 1.0, ""model__min_samples_leaf"": 1, ""model__n_estimators"": 800, ""selector__alpha"": 0.25, ""selector__n_features"": 12}",72043,11d650d51b733d713e5f12a34674e439bc73d8ed3458306fb90be98d7ffd8c8e,183aefcb8f2fa4b7904c22725f7dd41376802f4e63953556f751878b9132f13e,-0.4501398466565782,0.4501398466565782,final_k12
final_k12_K12_FINAL_k12_Native_RF_Physics,0,0,K12_FINAL,12,Native_RF_Physics,12,3,0.25,"{""model__max_depth"": 6, ""model__max_features"": 1.0, ""model__min_samples_leaf"": 1, ""model__n_estimators"": 800, ""selector__alpha"": 0.25, ""selector__n_features"": 12}",72043,3365a8da0cb673ae6f81d21a9b60c2b001f5fadb6e903ee627a246ac8f56488f,f70281ff9e2d63699ac597b6d7b2efaa1d3c535ba8d5eeee2b64b89b316a06d0,-0.4979776576462531,0.4979776576462531,final_k12
final_k12_K12_FINAL_k12_Native_RF_Physics,0,0,K12_FINAL,12,Native_RF_Physics,12,4,0.25,"{""model__max_depth"": 6, ""model__max_features"": 1.0, ""model__min_samples_leaf"": 1, ""model__n_estimators"": 800, ""selector__alpha"": 0.25, ""selector__n_features"": 12}",72043,ff59dad4f15ca6423b54f522febfc7595b575efba699f5a710505cb059b813aa,3498d416c0e50ca57ab8c168fdeeff46b99bbbb55cb1dc07a75709d162de5611,-0.4081089051038041,0.4081089051038041,final_k12
final_k12_K12_FINAL_k12_Native_RF_Physics,0,0,K12_FINAL,12,Native_RF_Physics,12,5,0.25,"{""model__max_depth"": 6, ""model__max_features"": 1.0, ""model__min_samples_leaf"": 1, ""model__n_estimators"": 800, ""selector__alpha"": 0.25, ""selector__n_features"": 12}",72043,b73532caf058356af99850fc9cee7a377bdaf0cdc14055fab95af0117ee61de4,07065de2bef741f3cb587e277a0fcb85f93673c30d01852668a7519054b3fc3e,-0.46723012015207493,0.46723012015207493,final_k12
final_k12_K12_FINAL_k12_Native_RF_Physics,0,0,K12_FINAL,12,Native_RF_Physics,13,1,0.0,"{""model__max_depth"": null, ""model__max_features"": 0.7, ""model__min_samples_leaf"": 2, ""model__n_estimators"": 800, ""selector__alpha"": 0.0, ""selector__n_features"": 12}",72043,63aa6fefba64a6074d0d9ff897ce987281e5ac90c2d08dcb781ac0056c1c5cae,00487d5a1bfc80244f5e1aac4616000df0555f6d828c513709ef326e7a15245b,-0.4813659124456162,0.4813659124456162,final_k12
final_k12_K12_FINAL_k12_Native_RF_Physics,0,0,K12_FINAL,12,Native_RF_Physics,13,2,0.0,"{""model__max_depth"": null, ""model__max_features"": 0.7, ""model__min_samples_leaf"": 2, ""model__n_estimators"": 800, ""selector__alpha"": 0.0, ""selector__n_features"": 12}",72043,11d650d51b733d713e5f12a34674e439bc73d8ed3458306fb90be98d7ffd8c8e,183aefcb8f2fa4b7904c22725f7dd41376802f4e63953556f751878b9132f13e,-0.4292004646578676,0.4292004646578676,final_k12
final_k12_K12_FINAL_k12_Native_RF_Physics,0,0,K12_FINAL,12,Native_RF_Physics,13,3,0.0,"{""model__max_depth"": null, ""model__max_features"": 0.7, ""model__min_samples_leaf"": 2, ""model__n_estimators"": 800, ""selector__alpha"": 0.0, ""selector__n_features"": 12}",72043,3365a8da0cb673ae6f81d21a9b60c2b001f5fadb6e903ee627a246ac8f56488f,f70281ff9e2d63699ac597b6d7b2efaa1d3c535ba8d5eeee2b64b89b316a06d0,-0.4769268087773469,0.4769268087773469,final_k12
final_k12_K12_FINAL_k12_Native_RF_Physics,0,0,K12_FINAL,12,Native_RF_Physics,13,4,0.0,"{""model__max_depth"": null, ""model__max_features"": 0.7, ""model__min_samples_leaf"": 2, ""model__n_estimators"": 800, ""selector__alpha"": 0.0, ""selector__n_features"": 12}",72043,ff59dad4f15ca6423b54f522febfc7595b575efba699f5a710505cb059b813aa,3498d416c0e50ca57ab8c168fdeeff46b99bbbb55cb1dc07a75709d162de5611,-0.38604915532187034,0.38604915532187034,final_k12
final_k12_K12_FINAL_k12_Native_RF_Physics,0,0,K12_FINAL,12,Native_RF_Physics,13,5,0.0,"{""model__max_depth"": null, ""model__max_features"": 0.7, ""model__min_samples_leaf"": 2, ""model__n_estimators"": 800, ""selector__alpha"": 0.0, ""selector__n_features"": 12}",72043,b73532caf058356af99850fc9cee7a377bdaf0cdc14055fab95af0117ee61de4,07065de2bef741f3cb587e277a0fcb85f93673c30d01852668a7519054b3fc3e,-0.4254570582491461,0.4254570582491461,final_k12
final_k12_K12_FINAL_k12_Native_RF_Physics,0,0,K12_FINAL,12,Native_RF_Physics,14,1,1.0,"{""model__max_depth"": null, ""model__max_features"": ""sqrt"", ""model__min_samples_leaf"": 1, ""model__n_estimators"": 500, ""selector__alpha"": 1.0, ""selector__n_features"": 12}",72043,63aa6fefba64a6074d0d9ff897ce987281e5ac90c2d08dcb781ac0056c1c5cae,00487d5a1bfc80244f5e1aac4616000df0555f6d828c513709ef326e7a15245b,-0.46780877848137287,0.46780877848137287,final_k12
final_k12_K12_FINAL_k12_Native_RF_Physics,0,0,K12_FINAL,12,Native_RF_Physics,14,2,1.0,"{""model__max_depth"": null, ""model__max_features"": ""sqrt"", ""model__min_samples_leaf"": 1, ""model__n_estimators"": 500, ""selector__alpha"": 1.0, ""selector__n_features"": 12}",72043,11d650d51b733d713e5f12a34674e439bc73d8ed3458306fb90be98d7ffd8c8e,183aefcb8f2fa4b7904c22725f7dd41376802f4e63953556f751878b9132f13e,-0.41216176313719277,0.41216176313719277,final_k12
final_k12_K12_FINAL_k12_Native_RF_Physics,0,0,K12_FINAL,12,Native_RF_Physics,14,3,1.0,"{""model__max_depth"": null, ""model__max_features"": ""sqrt"", ""model__min_samples_leaf"": 1, ""model__n_estimators"": 500, ""selector__alpha"": 1.0, ""selector__n_features"": 12}",72043,3365a8da0cb673ae6f81d21a9b60c2b001f5fadb6e903ee627a246ac8f56488f,f70281ff9e2d63699ac597b6d7b2efaa1d3c535ba8d5eeee2b64b89b316a06d0,-0.44172111509153295,0.44172111509153295,final_k12
final_k12_K12_FINAL_k12_Native_RF_Physics,0,0,K12_FINAL,12,Native_RF_Physics,14,4,1.0,"{""model__max_depth"": null, ""model__max_features"": ""sqrt"", ""model__min_samples_leaf"": 1, ""model__n_estimators"": 500, ""selector__alpha"": 1.0, ""selector__n_features"": 12}",72043,ff59dad4f15ca6423b54f522febfc7595b575efba699f5a710505cb059b813aa,3498d416c0e50ca57ab8c168fdeeff46b99bbbb55cb1dc07a75709d162de5611,-0.3809169533727578,0.3809169533727578,final_k12
final_k12_K12_FINAL_k12_Native_RF_Physics,0,0,K12_FINAL,12,Native_RF_Physics,14,5,1.0,"{""model__max_depth"": null, ""model__max_features"": ""sqrt"", ""model__min_samples_leaf"": 1, ""model__n_estimators"": 500, ""selector__alpha"": 1.0, ""selector__n_features"": 12}",72043,b73532caf058356af99850fc9cee7a377bdaf0cdc14055fab95af0117ee61de4,07065de2bef741f3cb587e277a0fcb85f93673c30d01852668a7519054b3fc3e,-0.41155326735097875,0.41155326735097875,final_k12
final_k12_K12_FINAL_k12_Native_RF_Physics,0,0,K12_FINAL,12,Native_RF_Physics,15,1,0.5,"{""model__max_depth"": 6, ""model__max_features"": ""sqrt"", ""model__min_samples_leaf"": 4, ""model__n_estimators"": 500, ""selector__alpha"": 0.5, ""selector__n_features"": 12}",72043,63aa6fefba64a6074d0d9ff897ce987281e5ac90c2d08dcb781ac0056c1c5cae,00487d5a1bfc80244f5e1aac4616000df0555f6d828c513709ef326e7a15245b,-0.5502429389870657,0.5502429389870657,final_k12
final_k12_K12_FINAL_k12_Native_RF_Physics,0,0,K12_FINAL,12,Native_RF_Physics,15,2,0.5,"{""model__max_depth"": 6, ""model__max_features"": ""sqrt"", ""model__min_samples_leaf"": 4, ""model__n_estimators"": 500, ""selector__alpha"": 0.5, ""selector__n_features"": 12}",72043,11d650d51b733d713e5f12a34674e439bc73d8ed3458306fb90be98d7ffd8c8e,183aefcb8f2fa4b7904c22725f7dd41376802f4e63953556f751878b9132f13e,-0.4933009481268726,0.4933009481268726,final_k12
final_k12_K12_FINAL_k12_Native_RF_Physics,0,0,K12_FINAL,12,Native_RF_Physics,15,3,0.5,"{""model__max_depth"": 6, ""model__max_features"": ""sqrt"", ""model__min_samples_leaf"": 4, ""model__n_estimators"": 500, ""selector__alpha"": 0.5, ""selector__n_features"": 12}",72043,3365a8da0cb673ae6f81d21a9b60c2b001f5fadb6e903ee627a246ac8f56488f,f70281ff9e2d63699ac597b6d7b2efaa1d3c535ba8d5eeee2b64b89b316a06d0,-0.5322400313300598,0.5322400313300598,final_k12
final_k12_K12_FINAL_k12_Native_RF_Physics,0,0,K12_FINAL,12,Native_RF_Physics,15,4,0.5,"{""model__max_depth"": 6, ""model__max_features"": ""sqrt"", ""model__min_samples_leaf"": 4, ""model__n_estimators"": 500, ""selector__alpha"": 0.5, ""selector__n_features"": 12}",72043,ff59dad4f15ca6423b54f522febfc7595b575efba699f5a710505cb059b813aa,3498d416c0e50ca57ab8c168fdeeff46b99bbbb55cb1dc07a75709d162de5611,-0.4664064580946003,0.4664064580946003,final_k12
final_k12_K12_FINAL_k12_Native_RF_Physics,0,0,K12_FINAL,12,Native_RF_Physics,15,5,0.5,"{""model__max_depth"": 6, ""model__max_features"": ""sqrt"", ""model__min_samples_leaf"": 4, ""model__n_estimators"": 500, ""selector__alpha"": 0.5, ""selector__n_features"": 12}",72043,b73532caf058356af99850fc9cee7a377bdaf0cdc14055fab95af0117ee61de4,07065de2bef741f3cb587e277a0fcb85f93673c30d01852668a7519054b3fc3e,-0.5282996182837797,0.5282996182837797,final_k12
final_k12_K12_FINAL_k12_Native_RF_Physics,0,0,K12_FINAL,12,Native_RF_Physics,16,1,0.75,"{""model__max_depth"": 10, ""model__max_features"": 0.7, ""model__min_samples_leaf"": 4, ""model__n_estimators"": 800, ""selector__alpha"": 0.75, ""selector__n_features"": 12}",72043,63aa6fefba64a6074d0d9ff897ce987281e5ac90c2d08dcb781ac0056c1c5cae,00487d5a1bfc80244f5e1aac4616000df0555f6d828c513709ef326e7a15245b,-0.5247366192481194,0.5247366192481194,final_k12
final_k12_K12_FINAL_k12_Native_RF_Physics,0,0,K12_FINAL,12,Native_RF_Physics,16,2,0.75,"{""model__max_depth"": 10, ""model__max_features"": 0.7, ""model__min_samples_leaf"": 4, ""model__n_estimators"": 800, ""selector__alpha"": 0.75, ""selector__n_features"": 12}",72043,11d650d51b733d713e5f12a34674e439bc73d8ed3458306fb90be98d7ffd8c8e,183aefcb8f2fa4b7904c22725f7dd41376802f4e63953556f751878b9132f13e,-0.46321568919366046,0.46321568919366046,final_k12
final_k12_K12_FINAL_k12_Native_RF_Physics,0,0,K12_FINAL,12,Native_RF_Physics,16,3,0.75,"{""model__max_depth"": 10, ""model__max_features"": 0.7, ""model__min_samples_leaf"": 4, ""model__n_estimators"": 800, ""selector__alpha"": 0.75, ""selector__n_features"": 12}",72043,3365a8da0cb673ae6f81d21a9b60c2b001f5fadb6e903ee627a246ac8f56488f,f70281ff9e2d63699ac597b6d7b2efaa1d3c535ba8d5eeee2b64b89b316a06d0,-0.51345249748773,0.51345249748773,final_k12
final_k12_K12_FINAL_k12_Native_RF_Physics,0,0,K12_FINAL,12,Native_RF_Physics,16,4,0.75,"{""model__max_depth"": 10, ""model__max_features"": 0.7, ""model__min_samples_leaf"": 4, ""model__n_estimators"": 800, ""selector__alpha"": 0.75, ""selector__n_features"": 12}",72043,ff59dad4f15ca6423b54f522febfc7595b575efba699f5a710505cb059b813aa,3498d416c0e50ca57ab8c168fdeeff46b99bbbb55cb1dc07a75709d162de5611,-0.4158912343374083,0.4158912343374083,final_k12
final_k12_K12_FINAL_k12_Native_RF_Physics,0,0,K12_FINAL,12,Native_RF_Physics,16,5,0.75,"{""model__max_depth"": 10, ""model__max_features"": 0.7, ""model__min_samples_leaf"": 4, ""model__n_estimators"": 800, ""selector__alpha"": 0.75, ""selector__n_features"": 12}",72043,b73532caf058356af99850fc9cee7a377bdaf0cdc14055fab95af0117ee61de4,07065de2bef741f3cb587e277a0fcb85f93673c30d01852668a7519054b3fc3e,-0.49534386063843794,0.49534386063843794,final_k12
final_k12_K12_FINAL_k12_Native_RF_Physics,0,0,K12_FINAL,12,Native_RF_Physics,17,1,0.75,"{""model__max_depth"": 14, ""model__max_features"": 1.0, ""model__min_samples_leaf"": 1, ""model__n_estimators"": 500, ""selector__alpha"": 0.75, ""selector__n_features"": 12}",72043,63aa6fefba64a6074d0d9ff897ce987281e5ac90c2d08dcb781ac0056c1c5cae,00487d5a1bfc80244f5e1aac4616000df0555f6d828c513709ef326e7a15245b,-0.4613488078964377,0.4613488078964377,final_k12
final_k12_K12_FINAL_k12_Native_RF_Physics,0,0,K12_FINAL,12,Native_RF_Physics,17,2,0.75,"{""model__max_depth"": 14, ""model__max_features"": 1.0, ""model__min_samples_leaf"": 1, ""model__n_estimators"": 500, ""selector__alpha"": 0.75, ""selector__n_features"": 12}",72043,11d650d51b733d713e5f12a34674e439bc73d8ed3458306fb90be98d7ffd8c8e,183aefcb8f2fa4b7904c22725f7dd41376802f4e63953556f751878b9132f13e,-0.3886456641099352,0.3886456641099352,final_k12
final_k12_K12_FINAL_k12_Native_RF_Physics,0,0,K12_FINAL,12,Native_RF_Physics,17,3,0.75,"{""model__max_depth"": 14, ""model__max_features"": 1.0, ""model__min_samples_leaf"": 1, ""model__n_estimators"": 500, ""selector__alpha"": 0.75, ""selector__n_features"": 12}",72043,3365a8da0cb673ae6f81d21a9b60c2b001f5fadb6e903ee627a246ac8f56488f,f70281ff9e2d63699ac597b6d7b2efaa1d3c535ba8d5eeee2b64b89b316a06d0,-0.46005537261712287,0.46005537261712287,final_k12
final_k12_K12_FINAL_k12_Native_RF_Physics,0,0,K12_FINAL,12,Native_RF_Physics,17,4,0.75,"{""model__max_depth"": 14, ""model__max_features"": 1.0, ""model__min_samples_leaf"": 1, ""model__n_estimators"": 500, ""selector__alpha"": 0.75, ""selector__n_features"": 12}",72043,ff59dad4f15ca6423b54f522febfc7595b575efba699f5a710505cb059b813aa,3498d416c0e50ca57ab8c168fdeeff46b99bbbb55cb1dc07a75709d162de5611,-0.36525057563104274,0.36525057563104274,final_k12
final_k12_K12_FINAL_k12_Native_RF_Physics,0,0,K12_FINAL,12,Native_RF_Physics,17,5,0.75,"{""model__max_depth"": 14, ""model__max_features"": 1.0, ""model__min_samples_leaf"": 1, ""model__n_estimators"": 500, ""selector__alpha"": 0.75, ""selector__n_features"": 12}",72043,b73532caf058356af99850fc9cee7a377bdaf0cdc14055fab95af0117ee61de4,07065de2bef741f3cb587e277a0fcb85f93673c30d01852668a7519054b3fc3e,-0.3951769335298893,0.3951769335298893,final_k12
final_k12_K12_FINAL_k12_Native_RF_Physics,0,0,K12_FINAL,12,Native_RF_Physics,18,1,0.5,"{""model__max_depth"": 10, ""model__max_features"": 0.7, ""model__min_samples_leaf"": 1, ""model__n_estimators"": 300, ""selector__alpha"": 0.5, ""selector__n_features"": 12}",72043,63aa6fefba64a6074d0d9ff897ce987281e5ac90c2d08dcb781ac0056c1c5cae,00487d5a1bfc80244f5e1aac4616000df0555f6d828c513709ef326e7a15245b,-0.475849357352903,0.475849357352903,final_k12
final_k12_K12_FINAL_k12_Native_RF_Physics,0,0,K12_FINAL,12,Native_RF_Physics,18,2,0.5,"{""model__max_depth"": 10, ""model__max_features"": 0.7, ""model__min_samples_leaf"": 1, ""model__n_estimators"": 300, ""selector__alpha"": 0.5, ""selector__n_features"": 12}",72043,11d650d51b733d713e5f12a34674e439bc73d8ed3458306fb90be98d7ffd8c8e,183aefcb8f2fa4b7904c22725f7dd41376802f4e63953556f751878b9132f13e,-0.39716508766077707,0.39716508766077707,final_k12
final_k12_K12_FINAL_k12_Native_RF_Physics,0,0,K12_FINAL,12,Native_RF_Physics,18,3,0.5,"{""model__max_depth"": 10, ""model__max_features"": 0.7, ""model__min_samples_leaf"": 1, ""model__n_estimators"": 300, ""selector__alpha"": 0.5, ""selector__n_features"": 12}",72043,3365a8da0cb673ae6f81d21a9b60c2b001f5fadb6e903ee627a246ac8f56488f,f70281ff9e2d63699ac597b6d7b2efaa1d3c535ba8d5eeee2b64b89b316a06d0,-0.4485155199363957,0.4485155199363957,final_k12
final_k12_K12_FINAL_k12_Native_RF_Physics,0,0,K12_FINAL,12,Native_RF_Physics,18,4,0.5,"{""model__max_depth"": 10, ""model__max_features"": 0.7, ""model__min_samples_leaf"": 1, ""model__n_estimators"": 300, ""selector__alpha"": 0.5, ""selector__n_features"": 12}",72043,ff59dad4f15ca6423b54f522febfc7595b575efba699f5a710505cb059b813aa,3498d416c0e50ca57ab8c168fdeeff46b99bbbb55cb1dc07a75709d162de5611,-0.3700100385019384,0.3700100385019384,final_k12
final_k12_K12_FINAL_k12_Native_RF_Physics,0,0,K12_FINAL,12,Native_RF_Physics,18,5,0.5,"{""model__max_depth"": 10, ""model__max_features"": 0.7, ""model__min_samples_leaf"": 1, ""model__n_estimators"": 300, ""selector__alpha"": 0.5, ""selector__n_features"": 12}",72043,b73532caf058356af99850fc9cee7a377bdaf0cdc14055fab95af0117ee61de4,07065de2bef741f3cb587e277a0fcb85f93673c30d01852668a7519054b3fc3e,-0.40064302938507407,0.40064302938507407,final_k12
final_k12_K12_FINAL_k12_Native_RF_Physics,0,0,K12_FINAL,12,Native_RF_Physics,19,1,1.0,"{""model__max_depth"": 10, ""model__max_features"": 0.7, ""model__min_samples_leaf"": 2, ""model__n_estimators"": 300, ""selector__alpha"": 1.0, ""selector__n_features"": 12}",72043,63aa6fefba64a6074d0d9ff897ce987281e5ac90c2d08dcb781ac0056c1c5cae,00487d5a1bfc80244f5e1aac4616000df0555f6d828c513709ef326e7a15245b,-0.504691286622501,0.504691286622501,final_k12
final_k12_K12_FINAL_k12_Native_RF_Physics,0,0,K12_FINAL,12,Native_RF_Physics,19,2,1.0,"{""model__max_depth"": 10, ""model__max_features"": 0.7, ""model__min_samples_leaf"": 2, ""model__n_estimators"": 300, ""selector__alpha"": 1.0, ""selector__n_features"": 12}",72043,11d650d51b733d713e5f12a34674e439bc73d8ed3458306fb90be98d7ffd8c8e,183aefcb8f2fa4b7904c22725f7dd41376802f4e63953556f751878b9132f13e,-0.4277082287584948,0.4277082287584948,final_k12
final_k12_K12_FINAL_k12_Native_RF_Physics,0,0,K12_FINAL,12,Native_RF_Physics,19,3,1.0,"{""model__max_depth"": 10, ""model__max_features"": 0.7, ""model__min_samples_leaf"": 2, ""model__n_estimators"": 300, ""selector__alpha"": 1.0, ""selector__n_features"": 12}",72043,3365a8da0cb673ae6f81d21a9b60c2b001f5fadb6e903ee627a246ac8f56488f,f70281ff9e2d63699ac597b6d7b2efaa1d3c535ba8d5eeee2b64b89b316a06d0,-0.47475268507046503,0.47475268507046503,final_k12
final_k12_K12_FINAL_k12_Native_RF_Physics,0,0,K12_FINAL,12,Native_RF_Physics,19,4,1.0,"{""model__max_depth"": 10, ""model__max_features"": 0.7, ""model__min_samples_leaf"": 2, ""model__n_estimators"": 300, ""selector__alpha"": 1.0, ""selector__n_features"": 12}",72043,ff59dad4f15ca6423b54f522febfc7595b575efba699f5a710505cb059b813aa,3498d416c0e50ca57ab8c168fdeeff46b99bbbb55cb1dc07a75709d162de5611,-0.39137066949770777,0.39137066949770777,final_k12
final_k12_K12_FINAL_k12_Native_RF_Physics,0,0,K12_FINAL,12,Native_RF_Physics,19,5,1.0,"{""model__max_depth"": 10, ""model__max_features"": 0.7, ""model__min_samples_leaf"": 2, ""model__n_estimators"": 300, ""selector__alpha"": 1.0, ""selector__n_features"": 12}",72043,b73532caf058356af99850fc9cee7a377bdaf0cdc14055fab95af0117ee61de4,07065de2bef741f3cb587e277a0fcb85f93673c30d01852668a7519054b3fc3e,-0.42936773901549596,0.42936773901549596,final_k12
final_k12_K12_FINAL_k12_Native_RF_Physics,0,0,K12_FINAL,12,Native_RF_Physics,20,1,0.5,"{""model__max_depth"": null, ""model__max_features"": 0.7, ""model__min_samples_leaf"": 1, ""model__n_estimators"": 500, ""selector__alpha"": 0.5, ""selector__n_features"": 12}",72043,63aa6fefba64a6074d0d9ff897ce987281e5ac90c2d08dcb781ac0056c1c5cae,00487d5a1bfc80244f5e1aac4616000df0555f6d828c513709ef326e7a15245b,-0.4641136793797342,0.4641136793797342,final_k12
final_k12_K12_FINAL_k12_Native_RF_Physics,0,0,K12_FINAL,12,Native_RF_Physics,20,2,0.5,"{""model__max_depth"": null, ""model__max_features"": 0.7, ""model__min_samples_leaf"": 1, ""model__n_estimators"": 500, ""selector__alpha"": 0.5, ""selector__n_features"": 12}",72043,11d650d51b733d713e5f12a34674e439bc73d8ed3458306fb90be98d7ffd8c8e,183aefcb8f2fa4b7904c22725f7dd41376802f4e63953556f751878b9132f13e,-0.39404934857071433,0.39404934857071433,final_k12
final_k12_K12_FINAL_k12_Native_RF_Physics,0,0,K12_FINAL,12,Native_RF_Physics,20,3,0.5,"{""model__max_depth"": null, ""model__max_features"": 0.7, ""model__min_samples_leaf"": 1, ""model__n_estimators"": 500, ""selector__alpha"": 0.5, ""selector__n_features"": 12}",72043,3365a8da0cb673ae6f81d21a9b60c2b001f5fadb6e903ee627a246ac8f56488f,f70281ff9e2d63699ac597b6d7b2efaa1d3c535ba8d5eeee2b64b89b316a06d0,-0.44549616715842233,0.44549616715842233,final_k12
final_k12_K12_FINAL_k12_Native_RF_Physics,0,0,K12_FINAL,12,Native_RF_Physics,20,4,0.5,"{""model__max_depth"": null, ""model__max_features"": 0.7, ""model__min_samples_leaf"": 1, ""model__n_estimators"": 500, ""selector__alpha"": 0.5, ""selector__n_features"": 12}",72043,ff59dad4f15ca6423b54f522febfc7595b575efba699f5a710505cb059b813aa,3498d416c0e50ca57ab8c168fdeeff46b99bbbb55cb1dc07a75709d162de5611,-0.3593840368484162,0.3593840368484162,final_k12
final_k12_K12_FINAL_k12_Native_RF_Physics,0,0,K12_FINAL,12,Native_RF_Physics,20,5,0.5,"{""model__max_depth"": null, ""model__max_features"": 0.7, ""model__min_samples_leaf"": 1, ""model__n_estimators"": 500, ""selector__alpha"": 0.5, ""selector__n_features"": 12}",72043,b73532caf058356af99850fc9cee7a377bdaf0cdc14055fab95af0117ee61de4,07065de2bef741f3cb587e277a0fcb85f93673c30d01852668a7519054b3fc3e,-0.39018594410962065,0.39018594410962065,final_k12
final_k12_K12_FINAL_k12_Native_RF_Physics,0,0,K12_FINAL,12,Native_RF_Physics,21,1,0.5,"{""model__max_depth"": 10, ""model__max_features"": 0.7, ""model__min_samples_leaf"": 2, ""model__n_estimators"": 800, ""selector__alpha"": 0.5, ""selector__n_features"": 12}",72043,63aa6fefba64a6074d0d9ff897ce987281e5ac90c2d08dcb781ac0056c1c5cae,00487d5a1bfc80244f5e1aac4616000df0555f6d828c513709ef326e7a15245b,-0.4936821057587692,0.4936821057587692,final_k12
final_k12_K12_FINAL_k12_Native_RF_Physics,0,0,K12_FINAL,12,Native_RF_Physics,21,2,0.5,"{""model__max_depth"": 10, ""model__max_features"": 0.7, ""model__min_samples_leaf"": 2, ""model__n_estimators"": 800, ""selector__alpha"": 0.5, ""selector__n_features"": 12}",72043,11d650d51b733d713e5f12a34674e439bc73d8ed3458306fb90be98d7ffd8c8e,183aefcb8f2fa4b7904c22725f7dd41376802f4e63953556f751878b9132f13e,-0.4254847095952032,0.4254847095952032,final_k12
final_k12_K12_FINAL_k12_Native_RF_Physics,0,0,K12_FINAL,12,Native_RF_Physics,21,3,0.5,"{""model__max_depth"": 10, ""model__max_features"": 0.7, ""model__min_samples_leaf"": 2, ""model__n_estimators"": 800, ""selector__alpha"": 0.5, ""selector__n_features"": 12}",72043,3365a8da0cb673ae6f81d21a9b60c2b001f5fadb6e903ee627a246ac8f56488f,f70281ff9e2d63699ac597b6d7b2efaa1d3c535ba8d5eeee2b64b89b316a06d0,-0.4746319839854906,0.4746319839854906,final_k12
final_k12_K12_FINAL_k12_Native_RF_Physics,0,0,K12_FINAL,12,Native_RF_Physics,21,4,0.5,"{""model__max_depth"": 10, ""model__max_features"": 0.7, ""model__min_samples_leaf"": 2, ""model__n_estimators"": 800, ""selector__alpha"": 0.5, ""selector__n_features"": 12}",72043,ff59dad4f15ca6423b54f522febfc7595b575efba699f5a710505cb059b813aa,3498d416c0e50ca57ab8c168fdeeff46b99bbbb55cb1dc07a75709d162de5611,-0.38456525695044963,0.38456525695044963,final_k12
final_k12_K12_FINAL_k12_Native_RF_Physics,0,0,K12_FINAL,12,Native_RF_Physics,21,5,0.5,"{""model__max_depth"": 10, ""model__max_features"": 0.7, ""model__min_samples_leaf"": 2, ""model__n_estimators"": 800, ""selector__alpha"": 0.5, ""selector__n_features"": 12}",72043,b73532caf058356af99850fc9cee7a377bdaf0cdc14055fab95af0117ee61de4,07065de2bef741f3cb587e277a0fcb85f93673c30d01852668a7519054b3fc3e,-0.42639667181511465,0.42639667181511465,final_k12
final_k12_K12_FINAL_k12_Native_RF_Physics,0,0,K12_FINAL,12,Native_RF_Physics,22,1,0.75,"{""model__max_depth"": 14, ""model__max_features"": 0.7, ""model__min_samples_leaf"": 2, ""model__n_estimators"": 800, ""selector__alpha"": 0.75, ""selector__n_features"": 12}",72043,63aa6fefba64a6074d0d9ff897ce987281e5ac90c2d08dcb781ac0056c1c5cae,00487d5a1bfc80244f5e1aac4616000df0555f6d828c513709ef326e7a15245b,-0.4927040491640442,0.4927040491640442,final_k12
final_k12_K12_FINAL_k12_Native_RF_Physics,0,0,K12_FINAL,12,Native_RF_Physics,22,2,0.75,"{""model__max_depth"": 14, ""model__max_features"": 0.7, ""model__min_samples_leaf"": 2, ""model__n_estimators"": 800, ""selector__alpha"": 0.75, ""selector__n_features"": 12}",72043,11d650d51b733d713e5f12a34674e439bc73d8ed3458306fb90be98d7ffd8c8e,183aefcb8f2fa4b7904c22725f7dd41376802f4e63953556f751878b9132f13e,-0.4261061258263326,0.4261061258263326,final_k12
final_k12_K12_FINAL_k12_Native_RF_Physics,0,0,K12_FINAL,12,Native_RF_Physics,22,3,0.75,"{""model__max_depth"": 14, ""model__max_features"": 0.7, ""model__min_samples_leaf"": 2, ""model__n_estimators"": 800, ""selector__alpha"": 0.75, ""selector__n_features"": 12}",72043,3365a8da0cb673ae6f81d21a9b60c2b001f5fadb6e903ee627a246ac8f56488f,f70281ff9e2d63699ac597b6d7b2efaa1d3c535ba8d5eeee2b64b89b316a06d0,-0.47527908501807553,0.47527908501807553,final_k12
final_k12_K12_FINAL_k12_Native_RF_Physics,0,0,K12_FINAL,12,Native_RF_Physics,22,4,0.75,"{""model__max_depth"": 14, ""model__max_features"": 0.7, ""model__min_samples_leaf"": 2, ""model__n_estimators"": 800, ""selector__alpha"": 0.75, ""selector__n_features"": 12}",72043,ff59dad4f15ca6423b54f522febfc7595b575efba699f5a710505cb059b813aa,3498d416c0e50ca57ab8c168fdeeff46b99bbbb55cb1dc07a75709d162de5611,-0.3834826586295224,0.3834826586295224,final_k12
final_k12_K12_FINAL_k12_Native_RF_Physics,0,0,K12_FINAL,12,Native_RF_Physics,22,5,0.75,"{""model__max_depth"": 14, ""model__max_features"": 0.7, ""model__min_samples_leaf"": 2, ""model__n_estimators"": 800, ""selector__alpha"": 0.75, ""selector__n_features"": 12}",72043,b73532caf058356af99850fc9cee7a377bdaf0cdc14055fab95af0117ee61de4,07065de2bef741f3cb587e277a0fcb85f93673c30d01852668a7519054b3fc3e,-0.42310065117797174,0.42310065117797174,final_k12
final_k12_K12_FINAL_k12_Native_RF_Physics,0,0,K12_FINAL,12,Native_RF_Physics,23,1,1.0,"{""model__max_depth"": 6, ""model__max_features"": 1.0, ""model__min_samples_leaf"": 4, ""model__n_estimators"": 500, ""selector__alpha"": 1.0, ""selector__n_features"": 12}",72043,63aa6fefba64a6074d0d9ff897ce987281e5ac90c2d08dcb781ac0056c1c5cae,00487d5a1bfc80244f5e1aac4616000df0555f6d828c513709ef326e7a15245b,-0.5361914496849914,0.5361914496849914,final_k12
final_k12_K12_FINAL_k12_Native_RF_Physics,0,0,K12_FINAL,12,Native_RF_Physics,23,2,1.0,"{""model__max_depth"": 6, ""model__max_features"": 1.0, ""model__min_samples_leaf"": 4, ""model__n_estimators"": 500, ""selector__alpha"": 1.0, ""selector__n_features"": 12}",72043,11d650d51b733d713e5f12a34674e439bc73d8ed3458306fb90be98d7ffd8c8e,183aefcb8f2fa4b7904c22725f7dd41376802f4e63953556f751878b9132f13e,-0.4756260980139337,0.4756260980139337,final_k12
final_k12_K12_FINAL_k12_Native_RF_Physics,0,0,K12_FINAL,12,Native_RF_Physics,23,3,1.0,"{""model__max_depth"": 6, ""model__max_features"": 1.0, ""model__min_samples_leaf"": 4, ""model__n_estimators"": 500, ""selector__alpha"": 1.0, ""selector__n_features"": 12}",72043,3365a8da0cb673ae6f81d21a9b60c2b001f5fadb6e903ee627a246ac8f56488f,f70281ff9e2d63699ac597b6d7b2efaa1d3c535ba8d5eeee2b64b89b316a06d0,-0.5234837721754803,0.5234837721754803,final_k12
final_k12_K12_FINAL_k12_Native_RF_Physics,0,0,K12_FINAL,12,Native_RF_Physics,23,4,1.0,"{""model__max_depth"": 6, ""model__max_features"": 1.0, ""model__min_samples_leaf"": 4, ""model__n_estimators"": 500, ""selector__alpha"": 1.0, ""selector__n_features"": 12}",72043,ff59dad4f15ca6423b54f522febfc7595b575efba699f5a710505cb059b813aa,3498d416c0e50ca57ab8c168fdeeff46b99bbbb55cb1dc07a75709d162de5611,-0.42606410837319814,0.42606410837319814,final_k12
final_k12_K12_FINAL_k12_Native_RF_Physics,0,0,K12_FINAL,12,Native_RF_Physics,23,5,1.0,"{""model__max_depth"": 6, ""model__max_features"": 1.0, ""model__min_samples_leaf"": 4, ""model__n_estimators"": 500, ""selector__alpha"": 1.0, ""selector__n_features"": 12}",72043,b73532caf058356af99850fc9cee7a377bdaf0cdc14055fab95af0117ee61de4,07065de2bef741f3cb587e277a0fcb85f93673c30d01852668a7519054b3fc3e,-0.5007093834242491,0.5007093834242491,final_k12
final_k12_K12_FINAL_k12_Native_RF_Physics,0,0,K12_FINAL,12,Native_RF_Physics,24,1,0.25,"{""model__max_depth"": 6, ""model__max_features"": 1.0, ""model__min_samples_leaf"": 2, ""model__n_estimators"": 300, ""selector__alpha"": 0.25, ""selector__n_features"": 12}",72043,63aa6fefba64a6074d0d9ff897ce987281e5ac90c2d08dcb781ac0056c1c5cae,00487d5a1bfc80244f5e1aac4616000df0555f6d828c513709ef326e7a15245b,-0.5087104515583706,0.5087104515583706,final_k12
final_k12_K12_FINAL_k12_Native_RF_Physics,0,0,K12_FINAL,12,Native_RF_Physics,24,2,0.25,"{""model__max_depth"": 6, ""model__max_features"": 1.0, ""model__min_samples_leaf"": 2, ""model__n_estimators"": 300, ""selector__alpha"": 0.25, ""selector__n_features"": 12}",72043,11d650d51b733d713e5f12a34674e439bc73d8ed3458306fb90be98d7ffd8c8e,183aefcb8f2fa4b7904c22725f7dd41376802f4e63953556f751878b9132f13e,-0.4635688765183031,0.4635688765183031,final_k12
final_k12_K12_FINAL_k12_Native_RF_Physics,0,0,K12_FINAL,12,Native_RF_Physics,24,3,0.25,"{""model__max_depth"": 6, ""model__max_features"": 1.0, ""model__min_samples_leaf"": 2, ""model__n_estimators"": 300, ""selector__alpha"": 0.25, ""selector__n_features"": 12}",72043,3365a8da0cb673ae6f81d21a9b60c2b001f5fadb6e903ee627a246ac8f56488f,f70281ff9e2d63699ac597b6d7b2efaa1d3c535ba8d5eeee2b64b89b316a06d0,-0.5054575693433931,0.5054575693433931,final_k12
final_k12_K12_FINAL_k12_Native_RF_Physics,0,0,K12_FINAL,12,Native_RF_Physics,24,4,0.25,"{""model__max_depth"": 6, ""model__max_features"": 1.0, ""model__min_samples_leaf"": 2, ""model__n_estimators"": 300, ""selector__alpha"": 0.25, ""selector__n_features"": 12}",72043,ff59dad4f15ca6423b54f522febfc7595b575efba699f5a710505cb059b813aa,3498d416c0e50ca57ab8c168fdeeff46b99bbbb55cb1dc07a75709d162de5611,-0.4134085116115009,0.4134085116115009,final_k12
final_k12_K12_FINAL_k12_Native_RF_Physics,0,0,K12_FINAL,12,Native_RF_Physics,24,5,0.25,"{""model__max_depth"": 6, ""model__max_features"": 1.0, ""model__min_samples_leaf"": 2, ""model__n_estimators"": 300, ""selector__alpha"": 0.25, ""selector__n_features"": 12}",72043,b73532caf058356af99850fc9cee7a377bdaf0cdc14055fab95af0117ee61de4,07065de2bef741f3cb587e277a0fcb85f93673c30d01852668a7519054b3fc3e,-0.46301708409818243,0.46301708409818243,final_k12
final_k12_K12_FINAL_k12_Independent_ET_Physics,0,0,K12_FINAL,12,Independent_ET_Physics,1,1,0.75,"{""model__estimator__max_depth"": 6, ""model__estimator__max_features"": ""sqrt"", ""model__estimator__min_samples_leaf"": 4, ""model__estimator__n_estimators"": 500, ""selector__alpha"": 0.75, ""selector__n_features"": 12}",72043,63aa6fefba64a6074d0d9ff897ce987281e5ac90c2d08dcb781ac0056c1c5cae,00487d5a1bfc80244f5e1aac4616000df0555f6d828c513709ef326e7a15245b,-0.6163744462696286,0.6163744462696286,final_k12
final_k12_K12_FINAL_k12_Independent_ET_Physics,0,0,K12_FINAL,12,Independent_ET_Physics,1,2,0.75,"{""model__estimator__max_depth"": 6, ""model__estimator__max_features"": ""sqrt"", ""model__estimator__min_samples_leaf"": 4, ""model__estimator__n_estimators"": 500, ""selector__alpha"": 0.75, ""selector__n_features"": 12}",72043,11d650d51b733d713e5f12a34674e439bc73d8ed3458306fb90be98d7ffd8c8e,183aefcb8f2fa4b7904c22725f7dd41376802f4e63953556f751878b9132f13e,-0.5397564122500962,0.5397564122500962,final_k12
final_k12_K12_FINAL_k12_Independent_ET_Physics,0,0,K12_FINAL,12,Independent_ET_Physics,1,3,0.75,"{""model__estimator__max_depth"": 6, ""model__estimator__max_features"": ""sqrt"", ""model__estimator__min_samples_leaf"": 4, ""model__estimator__n_estimators"": 500, ""selector__alpha"": 0.75, ""selector__n_features"": 12}",72043,3365a8da0cb673ae6f81d21a9b60c2b001f5fadb6e903ee627a246ac8f56488f,f70281ff9e2d63699ac597b6d7b2efaa1d3c535ba8d5eeee2b64b89b316a06d0,-0.5878225593787638,0.5878225593787638,final_k12
final_k12_K12_FINAL_k12_Independent_ET_Physics,0,0,K12_FINAL,12,Independent_ET_Physics,1,4,0.75,"{""model__estimator__max_depth"": 6, ""model__estimator__max_features"": ""sqrt"", ""model__estimator__min_samples_leaf"": 4, ""model__estimator__n_estimators"": 500, ""selector__alpha"": 0.75, ""selector__n_features"": 12}",72043,ff59dad4f15ca6423b54f522febfc7595b575efba699f5a710505cb059b813aa,3498d416c0e50ca57ab8c168fdeeff46b99bbbb55cb1dc07a75709d162de5611,-0.546898204096517,0.546898204096517,final_k12
final_k12_K12_FINAL_k12_Independent_ET_Physics,0,0,K12_FINAL,12,Independent_ET_Physics,1,5,0.75,"{""model__estimator__max_depth"": 6, ""model__estimator__max_features"": ""sqrt"", ""model__estimator__min_samples_leaf"": 4, ""model__estimator__n_estimators"": 500, ""selector__alpha"": 0.75, ""selector__n_features"": 12}",72043,b73532caf058356af99850fc9cee7a377bdaf0cdc14055fab95af0117ee61de4,07065de2bef741f3cb587e277a0fcb85f93673c30d01852668a7519054b3fc3e,-0.5910405889515811,0.5910405889515811,final_k12
final_k12_K12_FINAL_k12_Independent_ET_Physics,0,0,K12_FINAL,12,Independent_ET_Physics,2,1,0.5,"{""model__estimator__max_depth"": 14, ""model__estimator__max_features"": 1.0, ""model__estimator__min_samples_leaf"": 1, ""model__estimator__n_estimators"": 500, ""selector__alpha"": 0.5, ""selector__n_features"": 12}",72043,63aa6fefba64a6074d0d9ff897ce987281e5ac90c2d08dcb781ac0056c1c5cae,00487d5a1bfc80244f5e1aac4616000df0555f6d828c513709ef326e7a15245b,-0.49457574807575416,0.49457574807575416,final_k12
final_k12_K12_FINAL_k12_Independent_ET_Physics,0,0,K12_FINAL,12,Independent_ET_Physics,2,2,0.5,"{""model__estimator__max_depth"": 14, ""model__estimator__max_features"": 1.0, ""model__estimator__min_samples_leaf"": 1, ""model__estimator__n_estimators"": 500, ""selector__alpha"": 0.5, ""selector__n_features"": 12}",72043,11d650d51b733d713e5f12a34674e439bc73d8ed3458306fb90be98d7ffd8c8e,183aefcb8f2fa4b7904c22725f7dd41376802f4e63953556f751878b9132f13e,-0.4000081301698086,0.4000081301698086,final_k12
final_k12_K12_FINAL_k12_Independent_ET_Physics,0,0,K12_FINAL,12,Independent_ET_Physics,2,3,0.5,"{""model__estimator__max_depth"": 14, ""model__estimator__max_features"": 1.0, ""model__estimator__min_samples_leaf"": 1, ""model__estimator__n_estimators"": 500, ""selector__alpha"": 0.5, ""selector__n_features"": 12}",72043,3365a8da0cb673ae6f81d21a9b60c2b001f5fadb6e903ee627a246ac8f56488f,f70281ff9e2d63699ac597b6d7b2efaa1d3c535ba8d5eeee2b64b89b316a06d0,-0.4074884163707749,0.4074884163707749,final_k12
final_k12_K12_FINAL_k12_Independent_ET_Physics,0,0,K12_FINAL,12,Independent_ET_Physics,2,4,0.5,"{""model__estimator__max_depth"": 14, ""model__estimator__max_features"": 1.0, ""model__estimator__min_samples_leaf"": 1, ""model__estimator__n_estimators"": 500, ""selector__alpha"": 0.5, ""selector__n_features"": 12}",72043,ff59dad4f15ca6423b54f522febfc7595b575efba699f5a710505cb059b813aa,3498d416c0e50ca57ab8c168fdeeff46b99bbbb55cb1dc07a75709d162de5611,-0.4065466415925976,0.4065466415925976,final_k12
final_k12_K12_FINAL_k12_Independent_ET_Physics,0,0,K12_FINAL,12,Independent_ET_Physics,2,5,0.5,"{""model__estimator__max_depth"": 14, ""model__estimator__max_features"": 1.0, ""model__estimator__min_samples_leaf"": 1, ""model__estimator__n_estimators"": 500, ""selector__alpha"": 0.5, ""selector__n_features"": 12}",72043,b73532caf058356af99850fc9cee7a377bdaf0cdc14055fab95af0117ee61de4,07065de2bef741f3cb587e277a0fcb85f93673c30d01852668a7519054b3fc3e,-0.36768386388329516,0.36768386388329516,final_k12
final_k12_K12_FINAL_k12_Independent_ET_Physics,0,0,K12_FINAL,12,Independent_ET_Physics,3,1,0.25,"{""model__estimator__max_depth"": 10, ""model__estimator__max_features"": 1.0, ""model__estimator__min_samples_leaf"": 2, ""model__estimator__n_estimators"": 500, ""selector__alpha"": 0.25, ""selector__n_features"": 12}",72043,63aa6fefba64a6074d0d9ff897ce987281e5ac90c2d08dcb781ac0056c1c5cae,00487d5a1bfc80244f5e1aac4616000df0555f6d828c513709ef326e7a15245b,-0.4974355181660786,0.4974355181660786,final_k12
final_k12_K12_FINAL_k12_Independent_ET_Physics,0,0,K12_FINAL,12,Independent_ET_Physics,3,2,0.25,"{""model__estimator__max_depth"": 10, ""model__estimator__max_features"": 1.0, ""model__estimator__min_samples_leaf"": 2, ""model__estimator__n_estimators"": 500, ""selector__alpha"": 0.25, ""selector__n_features"": 12}",72043,11d650d51b733d713e5f12a34674e439bc73d8ed3458306fb90be98d7ffd8c8e,183aefcb8f2fa4b7904c22725f7dd41376802f4e63953556f751878b9132f13e,-0.42737502686476514,0.42737502686476514,final_k12
final_k12_K12_FINAL_k12_Independent_ET_Physics,0,0,K12_FINAL,12,Independent_ET_Physics,3,3,0.25,"{""model__estimator__max_depth"": 10, ""model__estimator__max_features"": 1.0, ""model__estimator__min_samples_leaf"": 2, ""model__estimator__n_estimators"": 500, ""selector__alpha"": 0.25, ""selector__n_features"": 12}",72043,3365a8da0cb673ae6f81d21a9b60c2b001f5fadb6e903ee627a246ac8f56488f,f70281ff9e2d63699ac597b6d7b2efaa1d3c535ba8d5eeee2b64b89b316a06d0,-0.46950724767973684,0.46950724767973684,final_k12
final_k12_K12_FINAL_k12_Independent_ET_Physics,0,0,K12_FINAL,12,Independent_ET_Physics,3,4,0.25,"{""model__estimator__max_depth"": 10, ""model__estimator__max_features"": 1.0, ""model__estimator__min_samples_leaf"": 2, ""model__estimator__n_estimators"": 500, ""selector__alpha"": 0.25, ""selector__n_features"": 12}",72043,ff59dad4f15ca6423b54f522febfc7595b575efba699f5a710505cb059b813aa,3498d416c0e50ca57ab8c168fdeeff46b99bbbb55cb1dc07a75709d162de5611,-0.45732312612286735,0.45732312612286735,final_k12
final_k12_K12_FINAL_k12_Independent_ET_Physics,0,0,K12_FINAL,12,Independent_ET_Physics,3,5,0.25,"{""model__estimator__max_depth"": 10, ""model__estimator__max_features"": 1.0, ""model__estimator__min_samples_leaf"": 2, ""model__estimator__n_estimators"": 500, ""selector__alpha"": 0.25, ""selector__n_features"": 12}",72043,b73532caf058356af99850fc9cee7a377bdaf0cdc14055fab95af0117ee61de4,07065de2bef741f3cb587e277a0fcb85f93673c30d01852668a7519054b3fc3e,-0.39574563543637353,0.39574563543637353,final_k12
final_k12_K12_FINAL_k12_Independent_ET_Physics,0,0,K12_FINAL,12,Independent_ET_Physics,4,1,0.0,"{""model__estimator__max_depth"": 10, ""model__estimator__max_features"": ""sqrt"", ""model__estimator__min_samples_leaf"": 4, ""model__estimator__n_estimators"": 800, ""selector__alpha"": 0.0, ""selector__n_features"": 12}",72043,63aa6fefba64a6074d0d9ff897ce987281e5ac90c2d08dcb781ac0056c1c5cae,00487d5a1bfc80244f5e1aac4616000df0555f6d828c513709ef326e7a15245b,-0.578057941736851,0.578057941736851,final_k12
final_k12_K12_FINAL_k12_Independent_ET_Physics,0,0,K12_FINAL,12,Independent_ET_Physics,4,2,0.0,"{""model__estimator__max_depth"": 10, ""model__estimator__max_features"": ""sqrt"", ""model__estimator__min_samples_leaf"": 4, ""model__estimator__n_estimators"": 800, ""selector__alpha"": 0.0, ""selector__n_features"": 12}",72043,11d650d51b733d713e5f12a34674e439bc73d8ed3458306fb90be98d7ffd8c8e,183aefcb8f2fa4b7904c22725f7dd41376802f4e63953556f751878b9132f13e,-0.5118312001558426,0.5118312001558426,final_k12
final_k12_K12_FINAL_k12_Independent_ET_Physics,0,0,K12_FINAL,12,Independent_ET_Physics,4,3,0.0,"{""model__estimator__max_depth"": 10, ""model__estimator__max_features"": ""sqrt"", ""model__estimator__min_samples_leaf"": 4, ""model__estimator__n_estimators"": 800, ""selector__alpha"": 0.0, ""selector__n_features"": 12}",72043,3365a8da0cb673ae6f81d21a9b60c2b001f5fadb6e903ee627a246ac8f56488f,f70281ff9e2d63699ac597b6d7b2efaa1d3c535ba8d5eeee2b64b89b316a06d0,-0.551267716825575,0.551267716825575,final_k12
final_k12_K12_FINAL_k12_Independent_ET_Physics,0,0,K12_FINAL,12,Independent_ET_Physics,4,4,0.0,"{""model__estimator__max_depth"": 10, ""model__estimator__max_features"": ""sqrt"", ""model__estimator__min_samples_leaf"": 4, ""model__estimator__n_estimators"": 800, ""selector__alpha"": 0.0, ""selector__n_features"": 12}",72043,ff59dad4f15ca6423b54f522febfc7595b575efba699f5a710505cb059b813aa,3498d416c0e50ca57ab8c168fdeeff46b99bbbb55cb1dc07a75709d162de5611,-0.5240021543424533,0.5240021543424533,final_k12
final_k12_K12_FINAL_k12_Independent_ET_Physics,0,0,K12_FINAL,12,Independent_ET_Physics,4,5,0.0,"{""model__estimator__max_depth"": 10, ""model__estimator__max_features"": ""sqrt"", ""model__estimator__min_samples_leaf"": 4, ""model__estimator__n_estimators"": 800, ""selector__alpha"": 0.0, ""selector__n_features"": 12}",72043,b73532caf058356af99850fc9cee7a377bdaf0cdc14055fab95af0117ee61de4,07065de2bef741f3cb587e277a0fcb85f93673c30d01852668a7519054b3fc3e,-0.5565686010722725,0.5565686010722725,final_k12
final_k12_K12_FINAL_k12_Independent_ET_Physics,0,0,K12_FINAL,12,Independent_ET_Physics,5,1,0.5,"{""model__estimator__max_depth"": null, ""model__estimator__max_features"": 1.0, ""model__estimator__min_samples_leaf"": 2, ""model__estimator__n_estimators"": 500, ""selector__alpha"": 0.5, ""selector__n_features"": 12}",72043,63aa6fefba64a6074d0d9ff897ce987281e5ac90c2d08dcb781ac0056c1c5cae,00487d5a1bfc80244f5e1aac4616000df0555f6d828c513709ef326e7a15245b,-0.5061815519228482,0.5061815519228482,final_k12
final_k12_K12_FINAL_k12_Independent_ET_Physics,0,0,K12_FINAL,12,Independent_ET_Physics,5,2,0.5,"{""model__estimator__max_depth"": null, ""model__estimator__max_features"": 1.0, ""model__estimator__min_samples_leaf"": 2, ""model__estimator__n_estimators"": 500, ""selector__alpha"": 0.5, ""selector__n_features"": 12}",72043,11d650d51b733d713e5f12a34674e439bc73d8ed3458306fb90be98d7ffd8c8e,183aefcb8f2fa4b7904c22725f7dd41376802f4e63953556f751878b9132f13e,-0.4258457318527326,0.4258457318527326,final_k12
final_k12_K12_FINAL_k12_Independent_ET_Physics,0,0,K12_FINAL,12,Independent_ET_Physics,5,3,0.5,"{""model__estimator__max_depth"": null, ""model__estimator__max_features"": 1.0, ""model__estimator__min_samples_leaf"": 2, ""model__estimator__n_estimators"": 500, ""selector__alpha"": 0.5, ""selector__n_features"": 12}",72043,3365a8da0cb673ae6f81d21a9b60c2b001f5fadb6e903ee627a246ac8f56488f,f70281ff9e2d63699ac597b6d7b2efaa1d3c535ba8d5eeee2b64b89b316a06d0,-0.453817132006314,0.453817132006314,final_k12
final_k12_K12_FINAL_k12_Independent_ET_Physics,0,0,K12_FINAL,12,Independent_ET_Physics,5,4,0.5,"{""model__estimator__max_depth"": null, ""model__estimator__max_features"": 1.0, ""model__estimator__min_samples_leaf"": 2, ""model__estimator__n_estimators"": 500, ""selector__alpha"": 0.5, ""selector__n_features"": 12}",72043,ff59dad4f15ca6423b54f522febfc7595b575efba699f5a710505cb059b813aa,3498d416c0e50ca57ab8c168fdeeff46b99bbbb55cb1dc07a75709d162de5611,-0.45853620381894333,0.45853620381894333,final_k12
final_k12_K12_FINAL_k12_Independent_ET_Physics,0,0,K12_FINAL,12,Independent_ET_Physics,5,5,0.5,"{""model__estimator__max_depth"": null, ""model__estimator__max_features"": 1.0, ""model__estimator__min_samples_leaf"": 2, ""model__estimator__n_estimators"": 500, ""selector__alpha"": 0.5, ""selector__n_features"": 12}",72043,b73532caf058356af99850fc9cee7a377bdaf0cdc14055fab95af0117ee61de4,07065de2bef741f3cb587e277a0fcb85f93673c30d01852668a7519054b3fc3e,-0.3948037977821075,0.3948037977821075,final_k12
final_k12_K12_FINAL_k12_Independent_ET_Physics,0,0,K12_FINAL,12,Independent_ET_Physics,6,1,1.0,"{""model__estimator__max_depth"": null, ""model__estimator__max_features"": 0.7, ""model__estimator__min_samples_leaf"": 4, ""model__estimator__n_estimators"": 300, ""selector__alpha"": 1.0, ""selector__n_features"": 12}",72043,63aa6fefba64a6074d0d9ff897ce987281e5ac90c2d08dcb781ac0056c1c5cae,00487d5a1bfc80244f5e1aac4616000df0555f6d828c513709ef326e7a15245b,-0.550679284738886,0.550679284738886,final_k12
final_k12_K12_FINAL_k12_Independent_ET_Physics,0,0,K12_FINAL,12,Independent_ET_Physics,6,2,1.0,"{""model__estimator__max_depth"": null, ""model__estimator__max_features"": 0.7, ""model__estimator__min_samples_leaf"": 4, ""model__estimator__n_estimators"": 300, ""selector__alpha"": 1.0, ""selector__n_features"": 12}",72043,11d650d51b733d713e5f12a34674e439bc73d8ed3458306fb90be98d7ffd8c8e,183aefcb8f2fa4b7904c22725f7dd41376802f4e63953556f751878b9132f13e,-0.45019503386766974,0.45019503386766974,final_k12
final_k12_K12_FINAL_k12_Independent_ET_Physics,0,0,K12_FINAL,12,Independent_ET_Physics,6,3,1.0,"{""model__estimator__max_depth"": null, ""model__estimator__max_features"": 0.7, ""model__estimator__min_samples_leaf"": 4, ""model__estimator__n_estimators"": 300, ""selector__alpha"": 1.0, ""selector__n_features"": 12}",72043,3365a8da0cb673ae6f81d21a9b60c2b001f5fadb6e903ee627a246ac8f56488f,f70281ff9e2d63699ac597b6d7b2efaa1d3c535ba8d5eeee2b64b89b316a06d0,-0.4832719270818077,0.4832719270818077,final_k12
final_k12_K12_FINAL_k12_Independent_ET_Physics,0,0,K12_FINAL,12,Independent_ET_Physics,6,4,1.0,"{""model__estimator__max_depth"": null, ""model__estimator__max_features"": 0.7, ""model__estimator__min_samples_leaf"": 4, ""model__estimator__n_estimators"": 300, ""selector__alpha"": 1.0, ""selector__n_features"": 12}",72043,ff59dad4f15ca6423b54f522febfc7595b575efba699f5a710505cb059b813aa,3498d416c0e50ca57ab8c168fdeeff46b99bbbb55cb1dc07a75709d162de5611,-0.4801194949885583,0.4801194949885583,final_k12
final_k12_K12_FINAL_k12_Independent_ET_Physics,0,0,K12_FINAL,12,Independent_ET_Physics,6,5,1.0,"{""model__estimator__max_depth"": null, ""model__estimator__max_features"": 0.7, ""model__estimator__min_samples_leaf"": 4, ""model__estimator__n_estimators"": 300, ""selector__alpha"": 1.0, ""selector__n_features"": 12}",72043,b73532caf058356af99850fc9cee7a377bdaf0cdc14055fab95af0117ee61de4,07065de2bef741f3cb587e277a0fcb85f93673c30d01852668a7519054b3fc3e,-0.4966682157440197,0.4966682157440197,final_k12
final_k12_K12_FINAL_k12_Independent_ET_Physics,0,0,K12_FINAL,12,Independent_ET_Physics,7,1,0.25,"{""model__estimator__max_depth"": 6, ""model__estimator__max_features"": 0.7, ""model__estimator__min_samples_leaf"": 4, ""model__estimator__n_estimators"": 300, ""selector__alpha"": 0.25, ""selector__n_features"": 12}",72043,63aa6fefba64a6074d0d9ff897ce987281e5ac90c2d08dcb781ac0056c1c5cae,00487d5a1bfc80244f5e1aac4616000df0555f6d828c513709ef326e7a15245b,-0.5659827660488829,0.5659827660488829,final_k12
final_k12_K12_FINAL_k12_Independent_ET_Physics,0,0,K12_FINAL,12,Independent_ET_Physics,7,2,0.25,"{""model__estimator__max_depth"": 6, ""model__estimator__max_features"": 0.7, ""model__estimator__min_samples_leaf"": 4, ""model__estimator__n_estimators"": 300, ""selector__alpha"": 0.25, ""selector__n_features"": 12}",72043,11d650d51b733d713e5f12a34674e439bc73d8ed3458306fb90be98d7ffd8c8e,183aefcb8f2fa4b7904c22725f7dd41376802f4e63953556f751878b9132f13e,-0.46376679144437677,0.46376679144437677,final_k12
final_k12_K12_FINAL_k12_Independent_ET_Physics,0,0,K12_FINAL,12,Independent_ET_Physics,7,3,0.25,"{""model__estimator__max_depth"": 6, ""model__estimator__max_features"": 0.7, ""model__estimator__min_samples_leaf"": 4, ""model__estimator__n_estimators"": 300, ""selector__alpha"": 0.25, ""selector__n_features"": 12}",72043,3365a8da0cb673ae6f81d21a9b60c2b001f5fadb6e903ee627a246ac8f56488f,f70281ff9e2d63699ac597b6d7b2efaa1d3c535ba8d5eeee2b64b89b316a06d0,-0.5081939885553036,0.5081939885553036,final_k12
final_k12_K12_FINAL_k12_Independent_ET_Physics,0,0,K12_FINAL,12,Independent_ET_Physics,7,4,0.25,"{""model__estimator__max_depth"": 6, ""model__estimator__max_features"": 0.7, ""model__estimator__min_samples_leaf"": 4, ""model__estimator__n_estimators"": 300, ""selector__alpha"": 0.25, ""selector__n_features"": 12}",72043,ff59dad4f15ca6423b54f522febfc7595b575efba699f5a710505cb059b813aa,3498d416c0e50ca57ab8c168fdeeff46b99bbbb55cb1dc07a75709d162de5611,-0.49660850582230437,0.49660850582230437,final_k12
final_k12_K12_FINAL_k12_Independent_ET_Physics,0,0,K12_FINAL,12,Independent_ET_Physics,7,5,0.25,"{""model__estimator__max_depth"": 6, ""model__estimator__max_features"": 0.7, ""model__estimator__min_samples_leaf"": 4, ""model__estimator__n_estimators"": 300, ""selector__alpha"": 0.25, ""selector__n_features"": 12}",72043,b73532caf058356af99850fc9cee7a377bdaf0cdc14055fab95af0117ee61de4,07065de2bef741f3cb587e277a0fcb85f93673c30d01852668a7519054b3fc3e,-0.5155532633759864,0.5155532633759864,final_k12
final_k12_K12_FINAL_k12_Independent_ET_Physics,0,0,K12_FINAL,12,Independent_ET_Physics,8,1,0.0,"{""model__estimator__max_depth"": 14, ""model__estimator__max_features"": 0.7, ""model__estimator__min_samples_leaf"": 2, ""model__estimator__n_estimators"": 300, ""selector__alpha"": 0.0, ""selector__n_features"": 12}",72043,63aa6fefba64a6074d0d9ff897ce987281e5ac90c2d08dcb781ac0056c1c5cae,00487d5a1bfc80244f5e1aac4616000df0555f6d828c513709ef326e7a15245b,-0.48131629078495825,0.48131629078495825,final_k12
final_k12_K12_FINAL_k12_Independent_ET_Physics,0,0,K12_FINAL,12,Independent_ET_Physics,8,2,0.0,"{""model__estimator__max_depth"": 14, ""model__estimator__max_features"": 0.7, ""model__estimator__min_samples_leaf"": 2, ""model__estimator__n_estimators"": 300, ""selector__alpha"": 0.0, ""selector__n_features"": 12}",72043,11d650d51b733d713e5f12a34674e439bc73d8ed3458306fb90be98d7ffd8c8e,183aefcb8f2fa4b7904c22725f7dd41376802f4e63953556f751878b9132f13e,-0.4289310009651543,0.4289310009651543,final_k12
final_k12_K12_FINAL_k12_Independent_ET_Physics,0,0,K12_FINAL,12,Independent_ET_Physics,8,3,0.0,"{""model__estimator__max_depth"": 14, ""model__estimator__max_features"": 0.7, ""model__estimator__min_samples_leaf"": 2, ""model__estimator__n_estimators"": 300, ""selector__alpha"": 0.0, ""selector__n_features"": 12}",72043,3365a8da0cb673ae6f81d21a9b60c2b001f5fadb6e903ee627a246ac8f56488f,f70281ff9e2d63699ac597b6d7b2efaa1d3c535ba8d5eeee2b64b89b316a06d0,-0.4622873156404639,0.4622873156404639,final_k12
final_k12_K12_FINAL_k12_Independent_ET_Physics,0,0,K12_FINAL,12,Independent_ET_Physics,8,4,0.0,"{""model__estimator__max_depth"": 14, ""model__estimator__max_features"": 0.7, ""model__estimator__min_samples_leaf"": 2, ""model__estimator__n_estimators"": 300, ""selector__alpha"": 0.0, ""selector__n_features"": 12}",72043,ff59dad4f15ca6423b54f522febfc7595b575efba699f5a710505cb059b813aa,3498d416c0e50ca57ab8c168fdeeff46b99bbbb55cb1dc07a75709d162de5611,-0.4600210568633134,0.4600210568633134,final_k12
final_k12_K12_FINAL_k12_Independent_ET_Physics,0,0,K12_FINAL,12,Independent_ET_Physics,8,5,0.0,"{""model__estimator__max_depth"": 14, ""model__estimator__max_features"": 0.7, ""model__estimator__min_samples_leaf"": 2, ""model__estimator__n_estimators"": 300, ""selector__alpha"": 0.0, ""selector__n_features"": 12}",72043,b73532caf058356af99850fc9cee7a377bdaf0cdc14055fab95af0117ee61de4,07065de2bef741f3cb587e277a0fcb85f93673c30d01852668a7519054b3fc3e,-0.4092525448684808,0.4092525448684808,final_k12
final_k12_K12_FINAL_k12_Independent_ET_Physics,0,0,K12_FINAL,12,Independent_ET_Physics,9,1,0.5,"{""model__estimator__max_depth"": 10, ""model__estimator__max_features"": ""sqrt"", ""model__estimator__min_samples_leaf"": 4, ""model__estimator__n_estimators"": 800, ""selector__alpha"": 0.5, ""selector__n_features"": 12}",72043,63aa6fefba64a6074d0d9ff897ce987281e5ac90c2d08dcb781ac0056c1c5cae,00487d5a1bfc80244f5e1aac4616000df0555f6d828c513709ef326e7a15245b,-0.5974548777912272,0.5974548777912272,final_k12
final_k12_K12_FINAL_k12_Independent_ET_Physics,0,0,K12_FINAL,12,Independent_ET_Physics,9,2,0.5,"{""model__estimator__max_depth"": 10, ""model__estimator__max_features"": ""sqrt"", ""model__estimator__min_samples_leaf"": 4, ""model__estimator__n_estimators"": 800, ""selector__alpha"": 0.5, ""selector__n_features"": 12}",72043,11d650d51b733d713e5f12a34674e439bc73d8ed3458306fb90be98d7ffd8c8e,183aefcb8f2fa4b7904c22725f7dd41376802f4e63953556f751878b9132f13e,-0.506163539276648,0.506163539276648,final_k12
final_k12_K12_FINAL_k12_Independent_ET_Physics,0,0,K12_FINAL,12,Independent_ET_Physics,9,3,0.5,"{""model__estimator__max_depth"": 10, ""model__estimator__max_features"": ""sqrt"", ""model__estimator__min_samples_leaf"": 4, ""model__estimator__n_estimators"": 800, ""selector__alpha"": 0.5, ""selector__n_features"": 12}",72043,3365a8da0cb673ae6f81d21a9b60c2b001f5fadb6e903ee627a246ac8f56488f,f70281ff9e2d63699ac597b6d7b2efaa1d3c535ba8d5eeee2b64b89b316a06d0,-0.5571110718087687,0.5571110718087687,final_k12
final_k12_K12_FINAL_k12_Independent_ET_Physics,0,0,K12_FINAL,12,Independent_ET_Physics,9,4,0.5,"{""model__estimator__max_depth"": 10, ""model__estimator__max_features"": ""sqrt"", ""model__estimator__min_samples_leaf"": 4, ""model__estimator__n_estimators"": 800, ""selector__alpha"": 0.5, ""selector__n_features"": 12}",72043,ff59dad4f15ca6423b54f522febfc7595b575efba699f5a710505cb059b813aa,3498d416c0e50ca57ab8c168fdeeff46b99bbbb55cb1dc07a75709d162de5611,-0.5266799797703423,0.5266799797703423,final_k12
final_k12_K12_FINAL_k12_Independent_ET_Physics,0,0,K12_FINAL,12,Independent_ET_Physics,9,5,0.5,"{""model__estimator__max_depth"": 10, ""model__estimator__max_features"": ""sqrt"", ""model__estimator__min_samples_leaf"": 4, ""model__estimator__n_estimators"": 800, ""selector__alpha"": 0.5, ""selector__n_features"": 12}",72043,b73532caf058356af99850fc9cee7a377bdaf0cdc14055fab95af0117ee61de4,07065de2bef741f3cb587e277a0fcb85f93673c30d01852668a7519054b3fc3e,-0.5678218364114757,0.5678218364114757,final_k12
final_k12_K12_FINAL_k12_Independent_ET_Physics,0,0,K12_FINAL,12,Independent_ET_Physics,10,1,0.25,"{""model__estimator__max_depth"": null, ""model__estimator__max_features"": 0.7, ""model__estimator__min_samples_leaf"": 1, ""model__estimator__n_estimators"": 800, ""selector__alpha"": 0.25, ""selector__n_features"": 12}",72043,63aa6fefba64a6074d0d9ff897ce987281e5ac90c2d08dcb781ac0056c1c5cae,00487d5a1bfc80244f5e1aac4616000df0555f6d828c513709ef326e7a15245b,-0.4560623132508091,0.4560623132508091,final_k12
final_k12_K12_FINAL_k12_Independent_ET_Physics,0,0,K12_FINAL,12,Independent_ET_Physics,10,2,0.25,"{""model__estimator__max_depth"": null, ""model__estimator__max_features"": 0.7, ""model__estimator__min_samples_leaf"": 1, ""model__estimator__n_estimators"": 800, ""selector__alpha"": 0.25, ""selector__n_features"": 12}",72043,11d650d51b733d713e5f12a34674e439bc73d8ed3458306fb90be98d7ffd8c8e,183aefcb8f2fa4b7904c22725f7dd41376802f4e63953556f751878b9132f13e,-0.38675793403833003,0.38675793403833003,final_k12
final_k12_K12_FINAL_k12_Independent_ET_Physics,0,0,K12_FINAL,12,Independent_ET_Physics,10,3,0.25,"{""model__estimator__max_depth"": null, ""model__estimator__max_features"": 0.7, ""model__estimator__min_samples_leaf"": 1, ""model__estimator__n_estimators"": 800, ""selector__alpha"": 0.25, ""selector__n_features"": 12}",72043,3365a8da0cb673ae6f81d21a9b60c2b001f5fadb6e903ee627a246ac8f56488f,f70281ff9e2d63699ac597b6d7b2efaa1d3c535ba8d5eeee2b64b89b316a06d0,-0.41832415418999275,0.41832415418999275,final_k12
final_k12_K12_FINAL_k12_Independent_ET_Physics,0,0,K12_FINAL,12,Independent_ET_Physics,10,4,0.25,"{""model__estimator__max_depth"": null, ""model__estimator__max_features"": 0.7, ""model__estimator__min_samples_leaf"": 1, ""model__estimator__n_estimators"": 800, ""selector__alpha"": 0.25, ""selector__n_features"": 12}",72043,ff59dad4f15ca6423b54f522febfc7595b575efba699f5a710505cb059b813aa,3498d416c0e50ca57ab8c168fdeeff46b99bbbb55cb1dc07a75709d162de5611,-0.40578440897473106,0.40578440897473106,final_k12
final_k12_K12_FINAL_k12_Independent_ET_Physics,0,0,K12_FINAL,12,Independent_ET_Physics,10,5,0.25,"{""model__estimator__max_depth"": null, ""model__estimator__max_features"": 0.7, ""model__estimator__min_samples_leaf"": 1, ""model__estimator__n_estimators"": 800, ""selector__alpha"": 0.25, ""selector__n_features"": 12}",72043,b73532caf058356af99850fc9cee7a377bdaf0cdc14055fab95af0117ee61de4,07065de2bef741f3cb587e277a0fcb85f93673c30d01852668a7519054b3fc3e,-0.37527843958342033,0.37527843958342033,final_k12
final_k12_K12_FINAL_k12_Independent_ET_Physics,0,0,K12_FINAL,12,Independent_ET_Physics,11,1,0.75,"{""model__estimator__max_depth"": 6, ""model__estimator__max_features"": ""sqrt"", ""model__estimator__min_samples_leaf"": 2, ""model__estimator__n_estimators"": 800, ""selector__alpha"": 0.75, ""selector__n_features"": 12}",72043,63aa6fefba64a6074d0d9ff897ce987281e5ac90c2d08dcb781ac0056c1c5cae,00487d5a1bfc80244f5e1aac4616000df0555f6d828c513709ef326e7a15245b,-0.584249698189388,0.584249698189388,final_k12
final_k12_K12_FINAL_k12_Independent_ET_Physics,0,0,K12_FINAL,12,Independent_ET_Physics,11,2,0.75,"{""model__estimator__max_depth"": 6, ""model__estimator__max_features"": ""sqrt"", ""model__estimator__min_samples_leaf"": 2, ""model__estimator__n_estimators"": 800, ""selector__alpha"": 0.75, ""selector__n_features"": 12}",72043,11d650d51b733d713e5f12a34674e439bc73d8ed3458306fb90be98d7ffd8c8e,183aefcb8f2fa4b7904c22725f7dd41376802f4e63953556f751878b9132f13e,-0.5080459246692949,0.5080459246692949,final_k12
final_k12_K12_FINAL_k12_Independent_ET_Physics,0,0,K12_FINAL,12,Independent_ET_Physics,11,3,0.75,"{""model__estimator__max_depth"": 6, ""model__estimator__max_features"": ""sqrt"", ""model__estimator__min_samples_leaf"": 2, ""model__estimator__n_estimators"": 800, ""selector__alpha"": 0.75, ""selector__n_features"": 12}",72043,3365a8da0cb673ae6f81d21a9b60c2b001f5fadb6e903ee627a246ac8f56488f,f70281ff9e2d63699ac597b6d7b2efaa1d3c535ba8d5eeee2b64b89b316a06d0,-0.5454119465403134,0.5454119465403134,final_k12
final_k12_K12_FINAL_k12_Independent_ET_Physics,0,0,K12_FINAL,12,Independent_ET_Physics,11,4,0.75,"{""model__estimator__max_depth"": 6, ""model__estimator__max_features"": ""sqrt"", ""model__estimator__min_samples_leaf"": 2, ""model__estimator__n_estimators"": 800, ""selector__alpha"": 0.75, ""selector__n_features"": 12}",72043,ff59dad4f15ca6423b54f522febfc7595b575efba699f5a710505cb059b813aa,3498d416c0e50ca57ab8c168fdeeff46b99bbbb55cb1dc07a75709d162de5611,-0.5234785661348954,0.5234785661348954,final_k12
final_k12_K12_FINAL_k12_Independent_ET_Physics,0,0,K12_FINAL,12,Independent_ET_Physics,11,5,0.75,"{""model__estimator__max_depth"": 6, ""model__estimator__max_features"": ""sqrt"", ""model__estimator__min_samples_leaf"": 2, ""model__estimator__n_estimators"": 800, ""selector__alpha"": 0.75, ""selector__n_features"": 12}",72043,b73532caf058356af99850fc9cee7a377bdaf0cdc14055fab95af0117ee61de4,07065de2bef741f3cb587e277a0fcb85f93673c30d01852668a7519054b3fc3e,-0.5426073549678928,0.5426073549678928,final_k12
final_k12_K12_FINAL_k12_Independent_ET_Physics,0,0,K12_FINAL,12,Independent_ET_Physics,12,1,0.25,"{""model__estimator__max_depth"": 6, ""model__estimator__max_features"": 1.0, ""model__estimator__min_samples_leaf"": 1, ""model__estimator__n_estimators"": 800, ""selector__alpha"": 0.25, ""selector__n_features"": 12}",72043,63aa6fefba64a6074d0d9ff897ce987281e5ac90c2d08dcb781ac0056c1c5cae,00487d5a1bfc80244f5e1aac4616000df0555f6d828c513709ef326e7a15245b,-0.5258832507489958,0.5258832507489958,final_k12
final_k12_K12_FINAL_k12_Independent_ET_Physics,0,0,K12_FINAL,12,Independent_ET_Physics,12,2,0.25,"{""model__estimator__max_depth"": 6, ""model__estimator__max_features"": 1.0, ""model__estimator__min_samples_leaf"": 1, ""model__estimator__n_estimators"": 800, ""selector__alpha"": 0.25, ""selector__n_features"": 12}",72043,11d650d51b733d713e5f12a34674e439bc73d8ed3458306fb90be98d7ffd8c8e,183aefcb8f2fa4b7904c22725f7dd41376802f4e63953556f751878b9132f13e,-0.4289673345136113,0.4289673345136113,final_k12
final_k12_K12_FINAL_k12_Independent_ET_Physics,0,0,K12_FINAL,12,Independent_ET_Physics,12,3,0.25,"{""model__estimator__max_depth"": 6, ""model__estimator__max_features"": 1.0, ""model__estimator__min_samples_leaf"": 1, ""model__estimator__n_estimators"": 800, ""selector__alpha"": 0.25, ""selector__n_features"": 12}",72043,3365a8da0cb673ae6f81d21a9b60c2b001f5fadb6e903ee627a246ac8f56488f,f70281ff9e2d63699ac597b6d7b2efaa1d3c535ba8d5eeee2b64b89b316a06d0,-0.48236318362254726,0.48236318362254726,final_k12
final_k12_K12_FINAL_k12_Independent_ET_Physics,0,0,K12_FINAL,12,Independent_ET_Physics,12,4,0.25,"{""model__estimator__max_depth"": 6, ""model__estimator__max_features"": 1.0, ""model__estimator__min_samples_leaf"": 1, ""model__estimator__n_estimators"": 800, ""selector__alpha"": 0.25, ""selector__n_features"": 12}",72043,ff59dad4f15ca6423b54f522febfc7595b575efba699f5a710505cb059b813aa,3498d416c0e50ca57ab8c168fdeeff46b99bbbb55cb1dc07a75709d162de5611,-0.4850498769412737,0.4850498769412737,final_k12
final_k12_K12_FINAL_k12_Independent_ET_Physics,0,0,K12_FINAL,12,Independent_ET_Physics,12,5,0.25,"{""model__estimator__max_depth"": 6, ""model__estimator__max_features"": 1.0, ""model__estimator__min_samples_leaf"": 1, ""model__estimator__n_estimators"": 800, ""selector__alpha"": 0.25, ""selector__n_features"": 12}",72043,b73532caf058356af99850fc9cee7a377bdaf0cdc14055fab95af0117ee61de4,07065de2bef741f3cb587e277a0fcb85f93673c30d01852668a7519054b3fc3e,-0.4124253240285731,0.4124253240285731,final_k12
final_k12_K12_FINAL_k12_Independent_ET_Physics,0,0,K12_FINAL,12,Independent_ET_Physics,13,1,0.0,"{""model__estimator__max_depth"": null, ""model__estimator__max_features"": 0.7, ""model__estimator__min_samples_leaf"": 2, ""model__estimator__n_estimators"": 800, ""selector__alpha"": 0.0, ""selector__n_features"": 12}",72043,63aa6fefba64a6074d0d9ff897ce987281e5ac90c2d08dcb781ac0056c1c5cae,00487d5a1bfc80244f5e1aac4616000df0555f6d828c513709ef326e7a15245b,-0.4775837434784076,0.4775837434784076,final_k12
final_k12_K12_FINAL_k12_Independent_ET_Physics,0,0,K12_FINAL,12,Independent_ET_Physics,13,2,0.0,"{""model__estimator__max_depth"": null, ""model__estimator__max_features"": 0.7, ""model__estimator__min_samples_leaf"": 2, ""model__estimator__n_estimators"": 800, ""selector__alpha"": 0.0, ""selector__n_features"": 12}",72043,11d650d51b733d713e5f12a34674e439bc73d8ed3458306fb90be98d7ffd8c8e,183aefcb8f2fa4b7904c22725f7dd41376802f4e63953556f751878b9132f13e,-0.42867397018985504,0.42867397018985504,final_k12
final_k12_K12_FINAL_k12_Independent_ET_Physics,0,0,K12_FINAL,12,Independent_ET_Physics,13,3,0.0,"{""model__estimator__max_depth"": null, ""model__estimator__max_features"": 0.7, ""model__estimator__min_samples_leaf"": 2, ""model__estimator__n_estimators"": 800, ""selector__alpha"": 0.0, ""selector__n_features"": 12}",72043,3365a8da0cb673ae6f81d21a9b60c2b001f5fadb6e903ee627a246ac8f56488f,f70281ff9e2d63699ac597b6d7b2efaa1d3c535ba8d5eeee2b64b89b316a06d0,-0.461570261696952,0.461570261696952,final_k12
final_k12_K12_FINAL_k12_Independent_ET_Physics,0,0,K12_FINAL,12,Independent_ET_Physics,13,4,0.0,"{""model__estimator__max_depth"": null, ""model__estimator__max_features"": 0.7, ""model__estimator__min_samples_leaf"": 2, ""model__estimator__n_estimators"": 800, ""selector__alpha"": 0.0, ""selector__n_features"": 12}",72043,ff59dad4f15ca6423b54f522febfc7595b575efba699f5a710505cb059b813aa,3498d416c0e50ca57ab8c168fdeeff46b99bbbb55cb1dc07a75709d162de5611,-0.4622251048119588,0.4622251048119588,final_k12
final_k12_K12_FINAL_k12_Independent_ET_Physics,0,0,K12_FINAL,12,Independent_ET_Physics,13,5,0.0,"{""model__estimator__max_depth"": null, ""model__estimator__max_features"": 0.7, ""model__estimator__min_samples_leaf"": 2, ""model__estimator__n_estimators"": 800, ""selector__alpha"": 0.0, ""selector__n_features"": 12}",72043,b73532caf058356af99850fc9cee7a377bdaf0cdc14055fab95af0117ee61de4,07065de2bef741f3cb587e277a0fcb85f93673c30d01852668a7519054b3fc3e,-0.4069210333981559,0.4069210333981559,final_k12
final_k12_K12_FINAL_k12_Independent_ET_Physics,0,0,K12_FINAL,12,Independent_ET_Physics,14,1,1.0,"{""model__estimator__max_depth"": null, ""model__estimator__max_features"": ""sqrt"", ""model__estimator__min_samples_leaf"": 1, ""model__estimator__n_estimators"": 500, ""selector__alpha"": 1.0, ""selector__n_features"": 12}",72043,63aa6fefba64a6074d0d9ff897ce987281e5ac90c2d08dcb781ac0056c1c5cae,00487d5a1bfc80244f5e1aac4616000df0555f6d828c513709ef326e7a15245b,-0.4580507397199635,0.4580507397199635,final_k12
final_k12_K12_FINAL_k12_Independent_ET_Physics,0,0,K12_FINAL,12,Independent_ET_Physics,14,2,1.0,"{""model__estimator__max_depth"": null, ""model__estimator__max_features"": ""sqrt"", ""model__estimator__min_samples_leaf"": 1, ""model__estimator__n_estimators"": 500, ""selector__alpha"": 1.0, ""selector__n_features"": 12}",72043,11d650d51b733d713e5f12a34674e439bc73d8ed3458306fb90be98d7ffd8c8e,183aefcb8f2fa4b7904c22725f7dd41376802f4e63953556f751878b9132f13e,-0.3994696549964485,0.3994696549964485,final_k12
final_k12_K12_FINAL_k12_Independent_ET_Physics,0,0,K12_FINAL,12,Independent_ET_Physics,14,3,1.0,"{""model__estimator__max_depth"": null, ""model__estimator__max_features"": ""sqrt"", ""model__estimator__min_samples_leaf"": 1, ""model__estimator__n_estimators"": 500, ""selector__alpha"": 1.0, ""selector__n_features"": 12}",72043,3365a8da0cb673ae6f81d21a9b60c2b001f5fadb6e903ee627a246ac8f56488f,f70281ff9e2d63699ac597b6d7b2efaa1d3c535ba8d5eeee2b64b89b316a06d0,-0.4055263663927551,0.4055263663927551,final_k12
final_k12_K12_FINAL_k12_Independent_ET_Physics,0,0,K12_FINAL,12,Independent_ET_Physics,14,4,1.0,"{""model__estimator__max_depth"": null, ""model__estimator__max_features"": ""sqrt"", ""model__estimator__min_samples_leaf"": 1, ""model__estimator__n_estimators"": 500, ""selector__alpha"": 1.0, ""selector__n_features"": 12}",72043,ff59dad4f15ca6423b54f522febfc7595b575efba699f5a710505cb059b813aa,3498d416c0e50ca57ab8c168fdeeff46b99bbbb55cb1dc07a75709d162de5611,-0.40693961574617005,0.40693961574617005,final_k12
final_k12_K12_FINAL_k12_Independent_ET_Physics,0,0,K12_FINAL,12,Independent_ET_Physics,14,5,1.0,"{""model__estimator__max_depth"": null, ""model__estimator__max_features"": ""sqrt"", ""model__estimator__min_samples_leaf"": 1, ""model__estimator__n_estimators"": 500, ""selector__alpha"": 1.0, ""selector__n_features"": 12}",72043,b73532caf058356af99850fc9cee7a377bdaf0cdc14055fab95af0117ee61de4,07065de2bef741f3cb587e277a0fcb85f93673c30d01852668a7519054b3fc3e,-0.4242897727704024,0.4242897727704024,final_k12
final_k12_K12_FINAL_k12_Independent_ET_Physics,0,0,K12_FINAL,12,Independent_ET_Physics,15,1,0.5,"{""model__estimator__max_depth"": 6, ""model__estimator__max_features"": ""sqrt"", ""model__estimator__min_samples_leaf"": 4, ""model__estimator__n_estimators"": 500, ""selector__alpha"": 0.5, ""selector__n_features"": 12}",72043,63aa6fefba64a6074d0d9ff897ce987281e5ac90c2d08dcb781ac0056c1c5cae,00487d5a1bfc80244f5e1aac4616000df0555f6d828c513709ef326e7a15245b,-0.615114158047875,0.615114158047875,final_k12
final_k12_K12_FINAL_k12_Independent_ET_Physics,0,0,K12_FINAL,12,Independent_ET_Physics,15,2,0.5,"{""model__estimator__max_depth"": 6, ""model__estimator__max_features"": ""sqrt"", ""model__estimator__min_samples_leaf"": 4, ""model__estimator__n_estimators"": 500, ""selector__alpha"": 0.5, ""selector__n_features"": 12}",72043,11d650d51b733d713e5f12a34674e439bc73d8ed3458306fb90be98d7ffd8c8e,183aefcb8f2fa4b7904c22725f7dd41376802f4e63953556f751878b9132f13e,-0.539245581872199,0.539245581872199,final_k12
final_k12_K12_FINAL_k12_Independent_ET_Physics,0,0,K12_FINAL,12,Independent_ET_Physics,15,3,0.5,"{""model__estimator__max_depth"": 6, ""model__estimator__max_features"": ""sqrt"", ""model__estimator__min_samples_leaf"": 4, ""model__estimator__n_estimators"": 500, ""selector__alpha"": 0.5, ""selector__n_features"": 12}",72043,3365a8da0cb673ae6f81d21a9b60c2b001f5fadb6e903ee627a246ac8f56488f,f70281ff9e2d63699ac597b6d7b2efaa1d3c535ba8d5eeee2b64b89b316a06d0,-0.5873483979412581,0.5873483979412581,final_k12
final_k12_K12_FINAL_k12_Independent_ET_Physics,0,0,K12_FINAL,12,Independent_ET_Physics,15,4,0.5,"{""model__estimator__max_depth"": 6, ""model__estimator__max_features"": ""sqrt"", ""model__estimator__min_samples_leaf"": 4, ""model__estimator__n_estimators"": 500, ""selector__alpha"": 0.5, ""selector__n_features"": 12}",72043,ff59dad4f15ca6423b54f522febfc7595b575efba699f5a710505cb059b813aa,3498d416c0e50ca57ab8c168fdeeff46b99bbbb55cb1dc07a75709d162de5611,-0.5476137677364901,0.5476137677364901,final_k12
final_k12_K12_FINAL_k12_Independent_ET_Physics,0,0,K12_FINAL,12,Independent_ET_Physics,15,5,0.5,"{""model__estimator__max_depth"": 6, ""model__estimator__max_features"": ""sqrt"", ""model__estimator__min_samples_leaf"": 4, ""model__estimator__n_estimators"": 500, ""selector__alpha"": 0.5, ""selector__n_features"": 12}",72043,b73532caf058356af99850fc9cee7a377bdaf0cdc14055fab95af0117ee61de4,07065de2bef741f3cb587e277a0fcb85f93673c30d01852668a7519054b3fc3e,-0.5872044110003789,0.5872044110003789,final_k12
final_k12_K12_FINAL_k12_Independent_ET_Physics,0,0,K12_FINAL,12,Independent_ET_Physics,16,1,0.75,"{""model__estimator__max_depth"": 10, ""model__estimator__max_features"": 0.7, ""model__estimator__min_samples_leaf"": 4, ""model__estimator__n_estimators"": 800, ""selector__alpha"": 0.75, ""selector__n_features"": 12}",72043,63aa6fefba64a6074d0d9ff897ce987281e5ac90c2d08dcb781ac0056c1c5cae,00487d5a1bfc80244f5e1aac4616000df0555f6d828c513709ef326e7a15245b,-0.5480203077548486,0.5480203077548486,final_k12
final_k12_K12_FINAL_k12_Independent_ET_Physics,0,0,K12_FINAL,12,Independent_ET_Physics,16,2,0.75,"{""model__estimator__max_depth"": 10, ""model__estimator__max_features"": 0.7, ""model__estimator__min_samples_leaf"": 4, ""model__estimator__n_estimators"": 800, ""selector__alpha"": 0.75, ""selector__n_features"": 12}",72043,11d650d51b733d713e5f12a34674e439bc73d8ed3458306fb90be98d7ffd8c8e,183aefcb8f2fa4b7904c22725f7dd41376802f4e63953556f751878b9132f13e,-0.4469863768804796,0.4469863768804796,final_k12
final_k12_K12_FINAL_k12_Independent_ET_Physics,0,0,K12_FINAL,12,Independent_ET_Physics,16,3,0.75,"{""model__estimator__max_depth"": 10, ""model__estimator__max_features"": 0.7, ""model__estimator__min_samples_leaf"": 4, ""model__estimator__n_estimators"": 800, ""selector__alpha"": 0.75, ""selector__n_features"": 12}",72043,3365a8da0cb673ae6f81d21a9b60c2b001f5fadb6e903ee627a246ac8f56488f,f70281ff9e2d63699ac597b6d7b2efaa1d3c535ba8d5eeee2b64b89b316a06d0,-0.48548302148687544,0.48548302148687544,final_k12
final_k12_K12_FINAL_k12_Independent_ET_Physics,0,0,K12_FINAL,12,Independent_ET_Physics,16,4,0.75,"{""model__estimator__max_depth"": 10, ""model__estimator__max_features"": 0.7, ""model__estimator__min_samples_leaf"": 4, ""model__estimator__n_estimators"": 800, ""selector__alpha"": 0.75, ""selector__n_features"": 12}",72043,ff59dad4f15ca6423b54f522febfc7595b575efba699f5a710505cb059b813aa,3498d416c0e50ca57ab8c168fdeeff46b99bbbb55cb1dc07a75709d162de5611,-0.4791353238296822,0.4791353238296822,final_k12
final_k12_K12_FINAL_k12_Independent_ET_Physics,0,0,K12_FINAL,12,Independent_ET_Physics,16,5,0.75,"{""model__estimator__max_depth"": 10, ""model__estimator__max_features"": 0.7, ""model__estimator__min_samples_leaf"": 4, ""model__estimator__n_estimators"": 800, ""selector__alpha"": 0.75, ""selector__n_features"": 12}",72043,b73532caf058356af99850fc9cee7a377bdaf0cdc14055fab95af0117ee61de4,07065de2bef741f3cb587e277a0fcb85f93673c30d01852668a7519054b3fc3e,-0.49647140946876595,0.49647140946876595,final_k12
final_k12_K12_FINAL_k12_Independent_ET_Physics,0,0,K12_FINAL,12,Independent_ET_Physics,17,1,0.75,"{""model__estimator__max_depth"": 14, ""model__estimator__max_features"": 1.0, ""model__estimator__min_samples_leaf"": 1, ""model__estimator__n_estimators"": 500, ""selector__alpha"": 0.75, ""selector__n_features"": 12}",72043,63aa6fefba64a6074d0d9ff897ce987281e5ac90c2d08dcb781ac0056c1c5cae,00487d5a1bfc80244f5e1aac4616000df0555f6d828c513709ef326e7a15245b,-0.49300839235757543,0.49300839235757543,final_k12
final_k12_K12_FINAL_k12_Independent_ET_Physics,0,0,K12_FINAL,12,Independent_ET_Physics,17,2,0.75,"{""model__estimator__max_depth"": 14, ""model__estimator__max_features"": 1.0, ""model__estimator__min_samples_leaf"": 1, ""model__estimator__n_estimators"": 500, ""selector__alpha"": 0.75, ""selector__n_features"": 12}",72043,11d650d51b733d713e5f12a34674e439bc73d8ed3458306fb90be98d7ffd8c8e,183aefcb8f2fa4b7904c22725f7dd41376802f4e63953556f751878b9132f13e,-0.39336575423784553,0.39336575423784553,final_k12
final_k12_K12_FINAL_k12_Independent_ET_Physics,0,0,K12_FINAL,12,Independent_ET_Physics,17,3,0.75,"{""model__estimator__max_depth"": 14, ""model__estimator__max_features"": 1.0, ""model__estimator__min_samples_leaf"": 1, ""model__estimator__n_estimators"": 500, ""selector__alpha"": 0.75, ""selector__n_features"": 12}",72043,3365a8da0cb673ae6f81d21a9b60c2b001f5fadb6e903ee627a246ac8f56488f,f70281ff9e2d63699ac597b6d7b2efaa1d3c535ba8d5eeee2b64b89b316a06d0,-0.41030484251542226,0.41030484251542226,final_k12
final_k12_K12_FINAL_k12_Independent_ET_Physics,0,0,K12_FINAL,12,Independent_ET_Physics,17,4,0.75,"{""model__estimator__max_depth"": 14, ""model__estimator__max_features"": 1.0, ""model__estimator__min_samples_leaf"": 1, ""model__estimator__n_estimators"": 500, ""selector__alpha"": 0.75, ""selector__n_features"": 12}",72043,ff59dad4f15ca6423b54f522febfc7595b575efba699f5a710505cb059b813aa,3498d416c0e50ca57ab8c168fdeeff46b99bbbb55cb1dc07a75709d162de5611,-0.40510884969784966,0.40510884969784966,final_k12
final_k12_K12_FINAL_k12_Independent_ET_Physics,0,0,K12_FINAL,12,Independent_ET_Physics,17,5,0.75,"{""model__estimator__max_depth"": 14, ""model__estimator__max_features"": 1.0, ""model__estimator__min_samples_leaf"": 1, ""model__estimator__n_estimators"": 500, ""selector__alpha"": 0.75, ""selector__n_features"": 12}",72043,b73532caf058356af99850fc9cee7a377bdaf0cdc14055fab95af0117ee61de4,07065de2bef741f3cb587e277a0fcb85f93673c30d01852668a7519054b3fc3e,-0.3687084803065727,0.3687084803065727,final_k12
final_k12_K12_FINAL_k12_Independent_ET_Physics,0,0,K12_FINAL,12,Independent_ET_Physics,18,1,0.5,"{""model__estimator__max_depth"": 10, ""model__estimator__max_features"": 0.7, ""model__estimator__min_samples_leaf"": 1, ""model__estimator__n_estimators"": 300, ""selector__alpha"": 0.5, ""selector__n_features"": 12}",72043,63aa6fefba64a6074d0d9ff897ce987281e5ac90c2d08dcb781ac0056c1c5cae,00487d5a1bfc80244f5e1aac4616000df0555f6d828c513709ef326e7a15245b,-0.4899578970654022,0.4899578970654022,final_k12
final_k12_K12_FINAL_k12_Independent_ET_Physics,0,0,K12_FINAL,12,Independent_ET_Physics,18,2,0.5,"{""model__estimator__max_depth"": 10, ""model__estimator__max_features"": 0.7, ""model__estimator__min_samples_leaf"": 1, ""model__estimator__n_estimators"": 300, ""selector__alpha"": 0.5, ""selector__n_features"": 12}",72043,11d650d51b733d713e5f12a34674e439bc73d8ed3458306fb90be98d7ffd8c8e,183aefcb8f2fa4b7904c22725f7dd41376802f4e63953556f751878b9132f13e,-0.3916257587591949,0.3916257587591949,final_k12
final_k12_K12_FINAL_k12_Independent_ET_Physics,0,0,K12_FINAL,12,Independent_ET_Physics,18,3,0.5,"{""model__estimator__max_depth"": 10, ""model__estimator__max_features"": 0.7, ""model__estimator__min_samples_leaf"": 1, ""model__estimator__n_estimators"": 300, ""selector__alpha"": 0.5, ""selector__n_features"": 12}",72043,3365a8da0cb673ae6f81d21a9b60c2b001f5fadb6e903ee627a246ac8f56488f,f70281ff9e2d63699ac597b6d7b2efaa1d3c535ba8d5eeee2b64b89b316a06d0,-0.4155468882022307,0.4155468882022307,final_k12
final_k12_K12_FINAL_k12_Independent_ET_Physics,0,0,K12_FINAL,12,Independent_ET_Physics,18,4,0.5,"{""model__estimator__max_depth"": 10, ""model__estimator__max_features"": 0.7, ""model__estimator__min_samples_leaf"": 1, ""model__estimator__n_estimators"": 300, ""selector__alpha"": 0.5, ""selector__n_features"": 12}",72043,ff59dad4f15ca6423b54f522febfc7595b575efba699f5a710505cb059b813aa,3498d416c0e50ca57ab8c168fdeeff46b99bbbb55cb1dc07a75709d162de5611,-0.42751854775882253,0.42751854775882253,final_k12
final_k12_K12_FINAL_k12_Independent_ET_Physics,0,0,K12_FINAL,12,Independent_ET_Physics,18,5,0.5,"{""model__estimator__max_depth"": 10, ""model__estimator__max_features"": 0.7, ""model__estimator__min_samples_leaf"": 1, ""model__estimator__n_estimators"": 300, ""selector__alpha"": 0.5, ""selector__n_features"": 12}",72043,b73532caf058356af99850fc9cee7a377bdaf0cdc14055fab95af0117ee61de4,07065de2bef741f3cb587e277a0fcb85f93673c30d01852668a7519054b3fc3e,-0.3757001812243326,0.3757001812243326,final_k12
final_k12_K12_FINAL_k12_Independent_ET_Physics,0,0,K12_FINAL,12,Independent_ET_Physics,19,1,1.0,"{""model__estimator__max_depth"": 10, ""model__estimator__max_features"": 0.7, ""model__estimator__min_samples_leaf"": 2, ""model__estimator__n_estimators"": 300, ""selector__alpha"": 1.0, ""selector__n_features"": 12}",72043,63aa6fefba64a6074d0d9ff897ce987281e5ac90c2d08dcb781ac0056c1c5cae,00487d5a1bfc80244f5e1aac4616000df0555f6d828c513709ef326e7a15245b,-0.5072065958840261,0.5072065958840261,final_k12
final_k12_K12_FINAL_k12_Independent_ET_Physics,0,0,K12_FINAL,12,Independent_ET_Physics,19,2,1.0,"{""model__estimator__max_depth"": 10, ""model__estimator__max_features"": 0.7, ""model__estimator__min_samples_leaf"": 2, ""model__estimator__n_estimators"": 300, ""selector__alpha"": 1.0, ""selector__n_features"": 12}",72043,11d650d51b733d713e5f12a34674e439bc73d8ed3458306fb90be98d7ffd8c8e,183aefcb8f2fa4b7904c22725f7dd41376802f4e63953556f751878b9132f13e,-0.42962246760811323,0.42962246760811323,final_k12
final_k12_K12_FINAL_k12_Independent_ET_Physics,0,0,K12_FINAL,12,Independent_ET_Physics,19,3,1.0,"{""model__estimator__max_depth"": 10, ""model__estimator__max_features"": 0.7, ""model__estimator__min_samples_leaf"": 2, ""model__estimator__n_estimators"": 300, ""selector__alpha"": 1.0, ""selector__n_features"": 12}",72043,3365a8da0cb673ae6f81d21a9b60c2b001f5fadb6e903ee627a246ac8f56488f,f70281ff9e2d63699ac597b6d7b2efaa1d3c535ba8d5eeee2b64b89b316a06d0,-0.45275742680444314,0.45275742680444314,final_k12
final_k12_K12_FINAL_k12_Independent_ET_Physics,0,0,K12_FINAL,12,Independent_ET_Physics,19,4,1.0,"{""model__estimator__max_depth"": 10, ""model__estimator__max_features"": 0.7, ""model__estimator__min_samples_leaf"": 2, ""model__estimator__n_estimators"": 300, ""selector__alpha"": 1.0, ""selector__n_features"": 12}",72043,ff59dad4f15ca6423b54f522febfc7595b575efba699f5a710505cb059b813aa,3498d416c0e50ca57ab8c168fdeeff46b99bbbb55cb1dc07a75709d162de5611,-0.46808627991696145,0.46808627991696145,final_k12
final_k12_K12_FINAL_k12_Independent_ET_Physics,0,0,K12_FINAL,12,Independent_ET_Physics,19,5,1.0,"{""model__estimator__max_depth"": 10, ""model__estimator__max_features"": 0.7, ""model__estimator__min_samples_leaf"": 2, ""model__estimator__n_estimators"": 300, ""selector__alpha"": 1.0, ""selector__n_features"": 12}",72043,b73532caf058356af99850fc9cee7a377bdaf0cdc14055fab95af0117ee61de4,07065de2bef741f3cb587e277a0fcb85f93673c30d01852668a7519054b3fc3e,-0.4165411532995463,0.4165411532995463,final_k12
final_k12_K12_FINAL_k12_Independent_ET_Physics,0,0,K12_FINAL,12,Independent_ET_Physics,20,1,0.5,"{""model__estimator__max_depth"": null, ""model__estimator__max_features"": 0.7, ""model__estimator__min_samples_leaf"": 1, ""model__estimator__n_estimators"": 500, ""selector__alpha"": 0.5, ""selector__n_features"": 12}",72043,63aa6fefba64a6074d0d9ff897ce987281e5ac90c2d08dcb781ac0056c1c5cae,00487d5a1bfc80244f5e1aac4616000df0555f6d828c513709ef326e7a15245b,-0.48468694610917734,0.48468694610917734,final_k12
final_k12_K12_FINAL_k12_Independent_ET_Physics,0,0,K12_FINAL,12,Independent_ET_Physics,20,2,0.5,"{""model__estimator__max_depth"": null, ""model__estimator__max_features"": 0.7, ""model__estimator__min_samples_leaf"": 1, ""model__estimator__n_estimators"": 500, ""selector__alpha"": 0.5, ""selector__n_features"": 12}",72043,11d650d51b733d713e5f12a34674e439bc73d8ed3458306fb90be98d7ffd8c8e,183aefcb8f2fa4b7904c22725f7dd41376802f4e63953556f751878b9132f13e,-0.3883592851149129,0.3883592851149129,final_k12
final_k12_K12_FINAL_k12_Independent_ET_Physics,0,0,K12_FINAL,12,Independent_ET_Physics,20,3,0.5,"{""model__estimator__max_depth"": null, ""model__estimator__max_features"": 0.7, ""model__estimator__min_samples_leaf"": 1, ""model__estimator__n_estimators"": 500, ""selector__alpha"": 0.5, ""selector__n_features"": 12}",72043,3365a8da0cb673ae6f81d21a9b60c2b001f5fadb6e903ee627a246ac8f56488f,f70281ff9e2d63699ac597b6d7b2efaa1d3c535ba8d5eeee2b64b89b316a06d0,-0.4033279404299906,0.4033279404299906,final_k12
final_k12_K12_FINAL_k12_Independent_ET_Physics,0,0,K12_FINAL,12,Independent_ET_Physics,20,4,0.5,"{""model__estimator__max_depth"": null, ""model__estimator__max_features"": 0.7, ""model__estimator__min_samples_leaf"": 1, ""model__estimator__n_estimators"": 500, ""selector__alpha"": 0.5, ""selector__n_features"": 12}",72043,ff59dad4f15ca6423b54f522febfc7595b575efba699f5a710505cb059b813aa,3498d416c0e50ca57ab8c168fdeeff46b99bbbb55cb1dc07a75709d162de5611,-0.40287103500241916,0.40287103500241916,final_k12
final_k12_K12_FINAL_k12_Independent_ET_Physics,0,0,K12_FINAL,12,Independent_ET_Physics,20,5,0.5,"{""model__estimator__max_depth"": null, ""model__estimator__max_features"": 0.7, ""model__estimator__min_samples_leaf"": 1, ""model__estimator__n_estimators"": 500, ""selector__alpha"": 0.5, ""selector__n_features"": 12}",72043,b73532caf058356af99850fc9cee7a377bdaf0cdc14055fab95af0117ee61de4,07065de2bef741f3cb587e277a0fcb85f93673c30d01852668a7519054b3fc3e,-0.37669655455253787,0.37669655455253787,final_k12
final_k12_K12_FINAL_k12_Independent_ET_Physics,0,0,K12_FINAL,12,Independent_ET_Physics,21,1,0.5,"{""model__estimator__max_depth"": 10, ""model__estimator__max_features"": 0.7, ""model__estimator__min_samples_leaf"": 2, ""model__estimator__n_estimators"": 800, ""selector__alpha"": 0.5, ""selector__n_features"": 12}",72043,63aa6fefba64a6074d0d9ff897ce987281e5ac90c2d08dcb781ac0056c1c5cae,00487d5a1bfc80244f5e1aac4616000df0555f6d828c513709ef326e7a15245b,-0.5016949704590107,0.5016949704590107,final_k12
final_k12_K12_FINAL_k12_Independent_ET_Physics,0,0,K12_FINAL,12,Independent_ET_Physics,21,2,0.5,"{""model__estimator__max_depth"": 10, ""model__estimator__max_features"": 0.7, ""model__estimator__min_samples_leaf"": 2, ""model__estimator__n_estimators"": 800, ""selector__alpha"": 0.5, ""selector__n_features"": 12}",72043,11d650d51b733d713e5f12a34674e439bc73d8ed3458306fb90be98d7ffd8c8e,183aefcb8f2fa4b7904c22725f7dd41376802f4e63953556f751878b9132f13e,-0.4272729144795058,0.4272729144795058,final_k12
final_k12_K12_FINAL_k12_Independent_ET_Physics,0,0,K12_FINAL,12,Independent_ET_Physics,21,3,0.5,"{""model__estimator__max_depth"": 10, ""model__estimator__max_features"": 0.7, ""model__estimator__min_samples_leaf"": 2, ""model__estimator__n_estimators"": 800, ""selector__alpha"": 0.5, ""selector__n_features"": 12}",72043,3365a8da0cb673ae6f81d21a9b60c2b001f5fadb6e903ee627a246ac8f56488f,f70281ff9e2d63699ac597b6d7b2efaa1d3c535ba8d5eeee2b64b89b316a06d0,-0.4525100526039134,0.4525100526039134,final_k12
final_k12_K12_FINAL_k12_Independent_ET_Physics,0,0,K12_FINAL,12,Independent_ET_Physics,21,4,0.5,"{""model__estimator__max_depth"": 10, ""model__estimator__max_features"": 0.7, ""model__estimator__min_samples_leaf"": 2, ""model__estimator__n_estimators"": 800, ""selector__alpha"": 0.5, ""selector__n_features"": 12}",72043,ff59dad4f15ca6423b54f522febfc7595b575efba699f5a710505cb059b813aa,3498d416c0e50ca57ab8c168fdeeff46b99bbbb55cb1dc07a75709d162de5611,-0.4657632474168771,0.4657632474168771,final_k12
final_k12_K12_FINAL_k12_Independent_ET_Physics,0,0,K12_FINAL,12,Independent_ET_Physics,21,5,0.5,"{""model__estimator__max_depth"": 10, ""model__estimator__max_features"": 0.7, ""model__estimator__min_samples_leaf"": 2, ""model__estimator__n_estimators"": 800, ""selector__alpha"": 0.5, ""selector__n_features"": 12}",72043,b73532caf058356af99850fc9cee7a377bdaf0cdc14055fab95af0117ee61de4,07065de2bef741f3cb587e277a0fcb85f93673c30d01852668a7519054b3fc3e,-0.41708590514807836,0.41708590514807836,final_k12
final_k12_K12_FINAL_k12_Independent_ET_Physics,0,0,K12_FINAL,12,Independent_ET_Physics,22,1,0.75,"{""model__estimator__max_depth"": 14, ""model__estimator__max_features"": 0.7, ""model__estimator__min_samples_leaf"": 2, ""model__estimator__n_estimators"": 800, ""selector__alpha"": 0.75, ""selector__n_features"": 12}",72043,63aa6fefba64a6074d0d9ff897ce987281e5ac90c2d08dcb781ac0056c1c5cae,00487d5a1bfc80244f5e1aac4616000df0555f6d828c513709ef326e7a15245b,-0.49989161593847414,0.49989161593847414,final_k12
final_k12_K12_FINAL_k12_Independent_ET_Physics,0,0,K12_FINAL,12,Independent_ET_Physics,22,2,0.75,"{""model__estimator__max_depth"": 14, ""model__estimator__max_features"": 0.7, ""model__estimator__min_samples_leaf"": 2, ""model__estimator__n_estimators"": 800, ""selector__alpha"": 0.75, ""selector__n_features"": 12}",72043,11d650d51b733d713e5f12a34674e439bc73d8ed3458306fb90be98d7ffd8c8e,183aefcb8f2fa4b7904c22725f7dd41376802f4e63953556f751878b9132f13e,-0.42661764342925856,0.42661764342925856,final_k12
final_k12_K12_FINAL_k12_Independent_ET_Physics,0,0,K12_FINAL,12,Independent_ET_Physics,22,3,0.75,"{""model__estimator__max_depth"": 14, ""model__estimator__max_features"": 0.7, ""model__estimator__min_samples_leaf"": 2, ""model__estimator__n_estimators"": 800, ""selector__alpha"": 0.75, ""selector__n_features"": 12}",72043,3365a8da0cb673ae6f81d21a9b60c2b001f5fadb6e903ee627a246ac8f56488f,f70281ff9e2d63699ac597b6d7b2efaa1d3c535ba8d5eeee2b64b89b316a06d0,-0.45493820411556146,0.45493820411556146,final_k12
final_k12_K12_FINAL_k12_Independent_ET_Physics,0,0,K12_FINAL,12,Independent_ET_Physics,22,4,0.75,"{""model__estimator__max_depth"": 14, ""model__estimator__max_features"": 0.7, ""model__estimator__min_samples_leaf"": 2, ""model__estimator__n_estimators"": 800, ""selector__alpha"": 0.75, ""selector__n_features"": 12}",72043,ff59dad4f15ca6423b54f522febfc7595b575efba699f5a710505cb059b813aa,3498d416c0e50ca57ab8c168fdeeff46b99bbbb55cb1dc07a75709d162de5611,-0.46303670902638183,0.46303670902638183,final_k12
final_k12_K12_FINAL_k12_Independent_ET_Physics,0,0,K12_FINAL,12,Independent_ET_Physics,22,5,0.75,"{""model__estimator__max_depth"": 14, ""model__estimator__max_features"": 0.7, ""model__estimator__min_samples_leaf"": 2, ""model__estimator__n_estimators"": 800, ""selector__alpha"": 0.75, ""selector__n_features"": 12}",72043,b73532caf058356af99850fc9cee7a377bdaf0cdc14055fab95af0117ee61de4,07065de2bef741f3cb587e277a0fcb85f93673c30d01852668a7519054b3fc3e,-0.41306024034336747,0.41306024034336747,final_k12
final_k12_K12_FINAL_k12_Independent_ET_Physics,0,0,K12_FINAL,12,Independent_ET_Physics,23,1,1.0,"{""model__estimator__max_depth"": 6, ""model__estimator__max_features"": 1.0, ""model__estimator__min_samples_leaf"": 4, ""model__estimator__n_estimators"": 500, ""selector__alpha"": 1.0, ""selector__n_features"": 12}",72043,63aa6fefba64a6074d0d9ff897ce987281e5ac90c2d08dcb781ac0056c1c5cae,00487d5a1bfc80244f5e1aac4616000df0555f6d828c513709ef326e7a15245b,-0.570370755090456,0.570370755090456,final_k12
final_k12_K12_FINAL_k12_Independent_ET_Physics,0,0,K12_FINAL,12,Independent_ET_Physics,23,2,1.0,"{""model__estimator__max_depth"": 6, ""model__estimator__max_features"": 1.0, ""model__estimator__min_samples_leaf"": 4, ""model__estimator__n_estimators"": 500, ""selector__alpha"": 1.0, ""selector__n_features"": 12}",72043,11d650d51b733d713e5f12a34674e439bc73d8ed3458306fb90be98d7ffd8c8e,183aefcb8f2fa4b7904c22725f7dd41376802f4e63953556f751878b9132f13e,-0.4572475046795596,0.4572475046795596,final_k12
final_k12_K12_FINAL_k12_Independent_ET_Physics,0,0,K12_FINAL,12,Independent_ET_Physics,23,3,1.0,"{""model__estimator__max_depth"": 6, ""model__estimator__max_features"": 1.0, ""model__estimator__min_samples_leaf"": 4, ""model__estimator__n_estimators"": 500, ""selector__alpha"": 1.0, ""selector__n_features"": 12}",72043,3365a8da0cb673ae6f81d21a9b60c2b001f5fadb6e903ee627a246ac8f56488f,f70281ff9e2d63699ac597b6d7b2efaa1d3c535ba8d5eeee2b64b89b316a06d0,-0.48848816398367595,0.48848816398367595,final_k12
final_k12_K12_FINAL_k12_Independent_ET_Physics,0,0,K12_FINAL,12,Independent_ET_Physics,23,4,1.0,"{""model__estimator__max_depth"": 6, ""model__estimator__max_features"": 1.0, ""model__estimator__min_samples_leaf"": 4, ""model__estimator__n_estimators"": 500, ""selector__alpha"": 1.0, ""selector__n_features"": 12}",72043,ff59dad4f15ca6423b54f522febfc7595b575efba699f5a710505cb059b813aa,3498d416c0e50ca57ab8c168fdeeff46b99bbbb55cb1dc07a75709d162de5611,-0.4853107701087116,0.4853107701087116,final_k12
final_k12_K12_FINAL_k12_Independent_ET_Physics,0,0,K12_FINAL,12,Independent_ET_Physics,23,5,1.0,"{""model__estimator__max_depth"": 6, ""model__estimator__max_features"": 1.0, ""model__estimator__min_samples_leaf"": 4, ""model__estimator__n_estimators"": 500, ""selector__alpha"": 1.0, ""selector__n_features"": 12}",72043,b73532caf058356af99850fc9cee7a377bdaf0cdc14055fab95af0117ee61de4,07065de2bef741f3cb587e277a0fcb85f93673c30d01852668a7519054b3fc3e,-0.4824944696349472,0.4824944696349472,final_k12
final_k12_K12_FINAL_k12_Independent_ET_Physics,0,0,K12_FINAL,12,Independent_ET_Physics,24,1,0.25,"{""model__estimator__max_depth"": 6, ""model__estimator__max_features"": 1.0, ""model__estimator__min_samples_leaf"": 2, ""model__estimator__n_estimators"": 300, ""selector__alpha"": 0.25, ""selector__n_features"": 12}",72043,63aa6fefba64a6074d0d9ff897ce987281e5ac90c2d08dcb781ac0056c1c5cae,00487d5a1bfc80244f5e1aac4616000df0555f6d828c513709ef326e7a15245b,-0.5369314559369361,0.5369314559369361,final_k12
final_k12_K12_FINAL_k12_Independent_ET_Physics,0,0,K12_FINAL,12,Independent_ET_Physics,24,2,0.25,"{""model__estimator__max_depth"": 6, ""model__estimator__max_features"": 1.0, ""model__estimator__min_samples_leaf"": 2, ""model__estimator__n_estimators"": 300, ""selector__alpha"": 0.25, ""selector__n_features"": 12}",72043,11d650d51b733d713e5f12a34674e439bc73d8ed3458306fb90be98d7ffd8c8e,183aefcb8f2fa4b7904c22725f7dd41376802f4e63953556f751878b9132f13e,-0.45497873247149717,0.45497873247149717,final_k12
final_k12_K12_FINAL_k12_Independent_ET_Physics,0,0,K12_FINAL,12,Independent_ET_Physics,24,3,0.25,"{""model__estimator__max_depth"": 6, ""model__estimator__max_features"": 1.0, ""model__estimator__min_samples_leaf"": 2, ""model__estimator__n_estimators"": 300, ""selector__alpha"": 0.25, ""selector__n_features"": 12}",72043,3365a8da0cb673ae6f81d21a9b60c2b001f5fadb6e903ee627a246ac8f56488f,f70281ff9e2d63699ac597b6d7b2efaa1d3c535ba8d5eeee2b64b89b316a06d0,-0.48969171187627186,0.48969171187627186,final_k12
final_k12_K12_FINAL_k12_Independent_ET_Physics,0,0,K12_FINAL,12,Independent_ET_Physics,24,4,0.25,"{""model__estimator__max_depth"": 6, ""model__estimator__max_features"": 1.0, ""model__estimator__min_samples_leaf"": 2, ""model__estimator__n_estimators"": 300, ""selector__alpha"": 0.25, ""selector__n_features"": 12}",72043,ff59dad4f15ca6423b54f522febfc7595b575efba699f5a710505cb059b813aa,3498d416c0e50ca57ab8c168fdeeff46b99bbbb55cb1dc07a75709d162de5611,-0.4859805045550096,0.4859805045550096,final_k12
final_k12_K12_FINAL_k12_Independent_ET_Physics,0,0,K12_FINAL,12,Independent_ET_Physics,24,5,0.25,"{""model__estimator__max_depth"": 6, ""model__estimator__max_features"": 1.0, ""model__estimator__min_samples_leaf"": 2, ""model__estimator__n_estimators"": 300, ""selector__alpha"": 0.25, ""selector__n_features"": 12}",72043,b73532caf058356af99850fc9cee7a377bdaf0cdc14055fab95af0117ee61de4,07065de2bef741f3cb587e277a0fcb85f93673c30d01852668a7519054b3fc3e,-0.42549304408773675,0.42549304408773675,final_k12
final_k12_K12_FINAL_k12_RegressorChain_ET_Physics,0,0,K12_FINAL,12,RegressorChain_ET_Physics,1,1,0.75,"{""model__base_estimator__max_depth"": 6, ""model__base_estimator__max_features"": ""sqrt"", ""model__base_estimator__min_samples_leaf"": 4, ""model__base_estimator__n_estimators"": 500, ""selector__alpha"": 0.75, ""selector__n_features"": 12}",72043,63aa6fefba64a6074d0d9ff897ce987281e5ac90c2d08dcb781ac0056c1c5cae,00487d5a1bfc80244f5e1aac4616000df0555f6d828c513709ef326e7a15245b,-0.6220391827679425,0.6220391827679425,final_k12
final_k12_K12_FINAL_k12_RegressorChain_ET_Physics,0,0,K12_FINAL,12,RegressorChain_ET_Physics,1,2,0.75,"{""model__base_estimator__max_depth"": 6, ""model__base_estimator__max_features"": ""sqrt"", ""model__base_estimator__min_samples_leaf"": 4, ""model__base_estimator__n_estimators"": 500, ""selector__alpha"": 0.75, ""selector__n_features"": 12}",72043,11d650d51b733d713e5f12a34674e439bc73d8ed3458306fb90be98d7ffd8c8e,183aefcb8f2fa4b7904c22725f7dd41376802f4e63953556f751878b9132f13e,-0.5547154858026292,0.5547154858026292,final_k12
final_k12_K12_FINAL_k12_RegressorChain_ET_Physics,0,0,K12_FINAL,12,RegressorChain_ET_Physics,1,3,0.75,"{""model__base_estimator__max_depth"": 6, ""model__base_estimator__max_features"": ""sqrt"", ""model__base_estimator__min_samples_leaf"": 4, ""model__base_estimator__n_estimators"": 500, ""selector__alpha"": 0.75, ""selector__n_features"": 12}",72043,3365a8da0cb673ae6f81d21a9b60c2b001f5fadb6e903ee627a246ac8f56488f,f70281ff9e2d63699ac597b6d7b2efaa1d3c535ba8d5eeee2b64b89b316a06d0,-0.5977264200968997,0.5977264200968997,final_k12
final_k12_K12_FINAL_k12_RegressorChain_ET_Physics,0,0,K12_FINAL,12,RegressorChain_ET_Physics,1,4,0.75,"{""model__base_estimator__max_depth"": 6, ""model__base_estimator__max_features"": ""sqrt"", ""model__base_estimator__min_samples_leaf"": 4, ""model__base_estimator__n_estimators"": 500, ""selector__alpha"": 0.75, ""selector__n_features"": 12}",72043,ff59dad4f15ca6423b54f522febfc7595b575efba699f5a710505cb059b813aa,3498d416c0e50ca57ab8c168fdeeff46b99bbbb55cb1dc07a75709d162de5611,-0.554835579741875,0.554835579741875,final_k12
final_k12_K12_FINAL_k12_RegressorChain_ET_Physics,0,0,K12_FINAL,12,RegressorChain_ET_Physics,1,5,0.75,"{""model__base_estimator__max_depth"": 6, ""model__base_estimator__max_features"": ""sqrt"", ""model__base_estimator__min_samples_leaf"": 4, ""model__base_estimator__n_estimators"": 500, ""selector__alpha"": 0.75, ""selector__n_features"": 12}",72043,b73532caf058356af99850fc9cee7a377bdaf0cdc14055fab95af0117ee61de4,07065de2bef741f3cb587e277a0fcb85f93673c30d01852668a7519054b3fc3e,-0.5978612886747059,0.5978612886747059,final_k12
final_k12_K12_FINAL_k12_RegressorChain_ET_Physics,0,0,K12_FINAL,12,RegressorChain_ET_Physics,2,1,0.5,"{""model__base_estimator__max_depth"": 14, ""model__base_estimator__max_features"": 1.0, ""model__base_estimator__min_samples_leaf"": 1, ""model__base_estimator__n_estimators"": 500, ""selector__alpha"": 0.5, ""selector__n_features"": 12}",72043,63aa6fefba64a6074d0d9ff897ce987281e5ac90c2d08dcb781ac0056c1c5cae,00487d5a1bfc80244f5e1aac4616000df0555f6d828c513709ef326e7a15245b,-0.4934547708021307,0.4934547708021307,final_k12
final_k12_K12_FINAL_k12_RegressorChain_ET_Physics,0,0,K12_FINAL,12,RegressorChain_ET_Physics,2,2,0.5,"{""model__base_estimator__max_depth"": 14, ""model__base_estimator__max_features"": 1.0, ""model__base_estimator__min_samples_leaf"": 1, ""model__base_estimator__n_estimators"": 500, ""selector__alpha"": 0.5, ""selector__n_features"": 12}",72043,11d650d51b733d713e5f12a34674e439bc73d8ed3458306fb90be98d7ffd8c8e,183aefcb8f2fa4b7904c22725f7dd41376802f4e63953556f751878b9132f13e,-0.3939812510215052,0.3939812510215052,final_k12
final_k12_K12_FINAL_k12_RegressorChain_ET_Physics,0,0,K12_FINAL,12,RegressorChain_ET_Physics,2,3,0.5,"{""model__base_estimator__max_depth"": 14, ""model__base_estimator__max_features"": 1.0, ""model__base_estimator__min_samples_leaf"": 1, ""model__base_estimator__n_estimators"": 500, ""selector__alpha"": 0.5, ""selector__n_features"": 12}",72043,3365a8da0cb673ae6f81d21a9b60c2b001f5fadb6e903ee627a246ac8f56488f,f70281ff9e2d63699ac597b6d7b2efaa1d3c535ba8d5eeee2b64b89b316a06d0,-0.43285837136435107,0.43285837136435107,final_k12
final_k12_K12_FINAL_k12_RegressorChain_ET_Physics,0,0,K12_FINAL,12,RegressorChain_ET_Physics,2,4,0.5,"{""model__base_estimator__max_depth"": 14, ""model__base_estimator__max_features"": 1.0, ""model__base_estimator__min_samples_leaf"": 1, ""model__base_estimator__n_estimators"": 500, ""selector__alpha"": 0.5, ""selector__n_features"": 12}",72043,ff59dad4f15ca6423b54f522febfc7595b575efba699f5a710505cb059b813aa,3498d416c0e50ca57ab8c168fdeeff46b99bbbb55cb1dc07a75709d162de5611,-0.42466902816970303,0.42466902816970303,final_k12
final_k12_K12_FINAL_k12_RegressorChain_ET_Physics,0,0,K12_FINAL,12,RegressorChain_ET_Physics,2,5,0.5,"{""model__base_estimator__max_depth"": 14, ""model__base_estimator__max_features"": 1.0, ""model__base_estimator__min_samples_leaf"": 1, ""model__base_estimator__n_estimators"": 500, ""selector__alpha"": 0.5, ""selector__n_features"": 12}",72043,b73532caf058356af99850fc9cee7a377bdaf0cdc14055fab95af0117ee61de4,07065de2bef741f3cb587e277a0fcb85f93673c30d01852668a7519054b3fc3e,-0.3644662523578072,0.3644662523578072,final_k12
final_k12_K12_FINAL_k12_RegressorChain_ET_Physics,0,0,K12_FINAL,12,RegressorChain_ET_Physics,3,1,0.25,"{""model__base_estimator__max_depth"": 10, ""model__base_estimator__max_features"": 1.0, ""model__base_estimator__min_samples_leaf"": 2, ""model__base_estimator__n_estimators"": 500, ""selector__alpha"": 0.25, ""selector__n_features"": 12}",72043,63aa6fefba64a6074d0d9ff897ce987281e5ac90c2d08dcb781ac0056c1c5cae,00487d5a1bfc80244f5e1aac4616000df0555f6d828c513709ef326e7a15245b,-0.4725465041752626,0.4725465041752626,final_k12
final_k12_K12_FINAL_k12_RegressorChain_ET_Physics,0,0,K12_FINAL,12,RegressorChain_ET_Physics,3,2,0.25,"{""model__base_estimator__max_depth"": 10, ""model__base_estimator__max_features"": 1.0, ""model__base_estimator__min_samples_leaf"": 2, ""model__base_estimator__n_estimators"": 500, ""selector__alpha"": 0.25, ""selector__n_features"": 12}",72043,11d650d51b733d713e5f12a34674e439bc73d8ed3458306fb90be98d7ffd8c8e,183aefcb8f2fa4b7904c22725f7dd41376802f4e63953556f751878b9132f13e,-0.4042320626492118,0.4042320626492118,final_k12
final_k12_K12_FINAL_k12_RegressorChain_ET_Physics,0,0,K12_FINAL,12,RegressorChain_ET_Physics,3,3,0.25,"{""model__base_estimator__max_depth"": 10, ""model__base_estimator__max_features"": 1.0, ""model__base_estimator__min_samples_leaf"": 2, ""model__base_estimator__n_estimators"": 500, ""selector__alpha"": 0.25, ""selector__n_features"": 12}",72043,3365a8da0cb673ae6f81d21a9b60c2b001f5fadb6e903ee627a246ac8f56488f,f70281ff9e2d63699ac597b6d7b2efaa1d3c535ba8d5eeee2b64b89b316a06d0,-0.47464904538061653,0.47464904538061653,final_k12
final_k12_K12_FINAL_k12_RegressorChain_ET_Physics,0,0,K12_FINAL,12,RegressorChain_ET_Physics,3,4,0.25,"{""model__base_estimator__max_depth"": 10, ""model__base_estimator__max_features"": 1.0, ""model__base_estimator__min_samples_leaf"": 2, ""model__base_estimator__n_estimators"": 500, ""selector__alpha"": 0.25, ""selector__n_features"": 12}",72043,ff59dad4f15ca6423b54f522febfc7595b575efba699f5a710505cb059b813aa,3498d416c0e50ca57ab8c168fdeeff46b99bbbb55cb1dc07a75709d162de5611,-0.4606419022931652,0.4606419022931652,final_k12
final_k12_K12_FINAL_k12_RegressorChain_ET_Physics,0,0,K12_FINAL,12,RegressorChain_ET_Physics,3,5,0.25,"{""model__base_estimator__max_depth"": 10, ""model__base_estimator__max_features"": 1.0, ""model__base_estimator__min_samples_leaf"": 2, ""model__base_estimator__n_estimators"": 500, ""selector__alpha"": 0.25, ""selector__n_features"": 12}",72043,b73532caf058356af99850fc9cee7a377bdaf0cdc14055fab95af0117ee61de4,07065de2bef741f3cb587e277a0fcb85f93673c30d01852668a7519054b3fc3e,-0.37933267057019054,0.37933267057019054,final_k12
final_k12_K12_FINAL_k12_RegressorChain_ET_Physics,0,0,K12_FINAL,12,RegressorChain_ET_Physics,4,1,0.0,"{""model__base_estimator__max_depth"": 10, ""model__base_estimator__max_features"": ""sqrt"", ""model__base_estimator__min_samples_leaf"": 4, ""model__base_estimator__n_estimators"": 800, ""selector__alpha"": 0.0, ""selector__n_features"": 12}",72043,63aa6fefba64a6074d0d9ff897ce987281e5ac90c2d08dcb781ac0056c1c5cae,00487d5a1bfc80244f5e1aac4616000df0555f6d828c513709ef326e7a15245b,-0.5847249439583598,0.5847249439583598,final_k12
final_k12_K12_FINAL_k12_RegressorChain_ET_Physics,0,0,K12_FINAL,12,RegressorChain_ET_Physics,4,2,0.0,"{""model__base_estimator__max_depth"": 10, ""model__base_estimator__max_features"": ""sqrt"", ""model__base_estimator__min_samples_leaf"": 4, ""model__base_estimator__n_estimators"": 800, ""selector__alpha"": 0.0, ""selector__n_features"": 12}",72043,11d650d51b733d713e5f12a34674e439bc73d8ed3458306fb90be98d7ffd8c8e,183aefcb8f2fa4b7904c22725f7dd41376802f4e63953556f751878b9132f13e,-0.5222270687351741,0.5222270687351741,final_k12
final_k12_K12_FINAL_k12_RegressorChain_ET_Physics,0,0,K12_FINAL,12,RegressorChain_ET_Physics,4,3,0.0,"{""model__base_estimator__max_depth"": 10, ""model__base_estimator__max_features"": ""sqrt"", ""model__base_estimator__min_samples_leaf"": 4, ""model__base_estimator__n_estimators"": 800, ""selector__alpha"": 0.0, ""selector__n_features"": 12}",72043,3365a8da0cb673ae6f81d21a9b60c2b001f5fadb6e903ee627a246ac8f56488f,f70281ff9e2d63699ac597b6d7b2efaa1d3c535ba8d5eeee2b64b89b316a06d0,-0.5582468774067465,0.5582468774067465,final_k12
final_k12_K12_FINAL_k12_RegressorChain_ET_Physics,0,0,K12_FINAL,12,RegressorChain_ET_Physics,4,4,0.0,"{""model__base_estimator__max_depth"": 10, ""model__base_estimator__max_features"": ""sqrt"", ""model__base_estimator__min_samples_leaf"": 4, ""model__base_estimator__n_estimators"": 800, ""selector__alpha"": 0.0, ""selector__n_features"": 12}",72043,ff59dad4f15ca6423b54f522febfc7595b575efba699f5a710505cb059b813aa,3498d416c0e50ca57ab8c168fdeeff46b99bbbb55cb1dc07a75709d162de5611,-0.5299742319707659,0.5299742319707659,final_k12
final_k12_K12_FINAL_k12_RegressorChain_ET_Physics,0,0,K12_FINAL,12,RegressorChain_ET_Physics,4,5,0.0,"{""model__base_estimator__max_depth"": 10, ""model__base_estimator__max_features"": ""sqrt"", ""model__base_estimator__min_samples_leaf"": 4, ""model__base_estimator__n_estimators"": 800, ""selector__alpha"": 0.0, ""selector__n_features"": 12}",72043,b73532caf058356af99850fc9cee7a377bdaf0cdc14055fab95af0117ee61de4,07065de2bef741f3cb587e277a0fcb85f93673c30d01852668a7519054b3fc3e,-0.5581789549970061,0.5581789549970061,final_k12
final_k12_K12_FINAL_k12_RegressorChain_ET_Physics,0,0,K12_FINAL,12,RegressorChain_ET_Physics,5,1,0.5,"{""model__base_estimator__max_depth"": null, ""model__base_estimator__max_features"": 1.0, ""model__base_estimator__min_samples_leaf"": 2, ""model__base_estimator__n_estimators"": 500, ""selector__alpha"": 0.5, ""selector__n_features"": 12}",72043,63aa6fefba64a6074d0d9ff897ce987281e5ac90c2d08dcb781ac0056c1c5cae,00487d5a1bfc80244f5e1aac4616000df0555f6d828c513709ef326e7a15245b,-0.4812033454636285,0.4812033454636285,final_k12
final_k12_K12_FINAL_k12_RegressorChain_ET_Physics,0,0,K12_FINAL,12,RegressorChain_ET_Physics,5,2,0.5,"{""model__base_estimator__max_depth"": null, ""model__base_estimator__max_features"": 1.0, ""model__base_estimator__min_samples_leaf"": 2, ""model__base_estimator__n_estimators"": 500, ""selector__alpha"": 0.5, ""selector__n_features"": 12}",72043,11d650d51b733d713e5f12a34674e439bc73d8ed3458306fb90be98d7ffd8c8e,183aefcb8f2fa4b7904c22725f7dd41376802f4e63953556f751878b9132f13e,-0.40534403147137926,0.40534403147137926,final_k12
final_k12_K12_FINAL_k12_RegressorChain_ET_Physics,0,0,K12_FINAL,12,RegressorChain_ET_Physics,5,3,0.5,"{""model__base_estimator__max_depth"": null, ""model__base_estimator__max_features"": 1.0, ""model__base_estimator__min_samples_leaf"": 2, ""model__base_estimator__n_estimators"": 500, ""selector__alpha"": 0.5, ""selector__n_features"": 12}",72043,3365a8da0cb673ae6f81d21a9b60c2b001f5fadb6e903ee627a246ac8f56488f,f70281ff9e2d63699ac597b6d7b2efaa1d3c535ba8d5eeee2b64b89b316a06d0,-0.4601982100269881,0.4601982100269881,final_k12
final_k12_K12_FINAL_k12_RegressorChain_ET_Physics,0,0,K12_FINAL,12,RegressorChain_ET_Physics,5,4,0.5,"{""model__base_estimator__max_depth"": null, ""model__base_estimator__max_features"": 1.0, ""model__base_estimator__min_samples_leaf"": 2, ""model__base_estimator__n_estimators"": 500, ""selector__alpha"": 0.5, ""selector__n_features"": 12}",72043,ff59dad4f15ca6423b54f522febfc7595b575efba699f5a710505cb059b813aa,3498d416c0e50ca57ab8c168fdeeff46b99bbbb55cb1dc07a75709d162de5611,-0.46240776421942115,0.46240776421942115,final_k12
final_k12_K12_FINAL_k12_RegressorChain_ET_Physics,0,0,K12_FINAL,12,RegressorChain_ET_Physics,5,5,0.5,"{""model__base_estimator__max_depth"": null, ""model__base_estimator__max_features"": 1.0, ""model__base_estimator__min_samples_leaf"": 2, ""model__base_estimator__n_estimators"": 500, ""selector__alpha"": 0.5, ""selector__n_features"": 12}",72043,b73532caf058356af99850fc9cee7a377bdaf0cdc14055fab95af0117ee61de4,07065de2bef741f3cb587e277a0fcb85f93673c30d01852668a7519054b3fc3e,-0.37562095793781075,0.37562095793781075,final_k12
final_k12_K12_FINAL_k12_RegressorChain_ET_Physics,0,0,K12_FINAL,12,RegressorChain_ET_Physics,6,1,1.0,"{""model__base_estimator__max_depth"": null, ""model__base_estimator__max_features"": 0.7, ""model__base_estimator__min_samples_leaf"": 4, ""model__base_estimator__n_estimators"": 300, ""selector__alpha"": 1.0, ""selector__n_features"": 12}",72043,63aa6fefba64a6074d0d9ff897ce987281e5ac90c2d08dcb781ac0056c1c5cae,00487d5a1bfc80244f5e1aac4616000df0555f6d828c513709ef326e7a15245b,-0.5475733270804135,0.5475733270804135,final_k12
final_k12_K12_FINAL_k12_RegressorChain_ET_Physics,0,0,K12_FINAL,12,RegressorChain_ET_Physics,6,2,1.0,"{""model__base_estimator__max_depth"": null, ""model__base_estimator__max_features"": 0.7, ""model__base_estimator__min_samples_leaf"": 4, ""model__base_estimator__n_estimators"": 300, ""selector__alpha"": 1.0, ""selector__n_features"": 12}",72043,11d650d51b733d713e5f12a34674e439bc73d8ed3458306fb90be98d7ffd8c8e,183aefcb8f2fa4b7904c22725f7dd41376802f4e63953556f751878b9132f13e,-0.44622109133954363,0.44622109133954363,final_k12
final_k12_K12_FINAL_k12_RegressorChain_ET_Physics,0,0,K12_FINAL,12,RegressorChain_ET_Physics,6,3,1.0,"{""model__base_estimator__max_depth"": null, ""model__base_estimator__max_features"": 0.7, ""model__base_estimator__min_samples_leaf"": 4, ""model__base_estimator__n_estimators"": 300, ""selector__alpha"": 1.0, ""selector__n_features"": 12}",72043,3365a8da0cb673ae6f81d21a9b60c2b001f5fadb6e903ee627a246ac8f56488f,f70281ff9e2d63699ac597b6d7b2efaa1d3c535ba8d5eeee2b64b89b316a06d0,-0.4929521639235226,0.4929521639235226,final_k12
final_k12_K12_FINAL_k12_RegressorChain_ET_Physics,0,0,K12_FINAL,12,RegressorChain_ET_Physics,6,4,1.0,"{""model__base_estimator__max_depth"": null, ""model__base_estimator__max_features"": 0.7, ""model__base_estimator__min_samples_leaf"": 4, ""model__base_estimator__n_estimators"": 300, ""selector__alpha"": 1.0, ""selector__n_features"": 12}",72043,ff59dad4f15ca6423b54f522febfc7595b575efba699f5a710505cb059b813aa,3498d416c0e50ca57ab8c168fdeeff46b99bbbb55cb1dc07a75709d162de5611,-0.4831488586672574,0.4831488586672574,final_k12
final_k12_K12_FINAL_k12_RegressorChain_ET_Physics,0,0,K12_FINAL,12,RegressorChain_ET_Physics,6,5,1.0,"{""model__base_estimator__max_depth"": null, ""model__base_estimator__max_features"": 0.7, ""model__base_estimator__min_samples_leaf"": 4, ""model__base_estimator__n_estimators"": 300, ""selector__alpha"": 1.0, ""selector__n_features"": 12}",72043,b73532caf058356af99850fc9cee7a377bdaf0cdc14055fab95af0117ee61de4,07065de2bef741f3cb587e277a0fcb85f93673c30d01852668a7519054b3fc3e,-0.4968628224331626,0.4968628224331626,final_k12
final_k12_K12_FINAL_k12_RegressorChain_ET_Physics,0,0,K12_FINAL,12,RegressorChain_ET_Physics,7,1,0.25,"{""model__base_estimator__max_depth"": 6, ""model__base_estimator__max_features"": 0.7, ""model__base_estimator__min_samples_leaf"": 4, ""model__base_estimator__n_estimators"": 300, ""selector__alpha"": 0.25, ""selector__n_features"": 12}",72043,63aa6fefba64a6074d0d9ff897ce987281e5ac90c2d08dcb781ac0056c1c5cae,00487d5a1bfc80244f5e1aac4616000df0555f6d828c513709ef326e7a15245b,-0.5586737940854914,0.5586737940854914,final_k12
final_k12_K12_FINAL_k12_RegressorChain_ET_Physics,0,0,K12_FINAL,12,RegressorChain_ET_Physics,7,2,0.25,"{""model__base_estimator__max_depth"": 6, ""model__base_estimator__max_features"": 0.7, ""model__base_estimator__min_samples_leaf"": 4, ""model__base_estimator__n_estimators"": 300, ""selector__alpha"": 0.25, ""selector__n_features"": 12}",72043,11d650d51b733d713e5f12a34674e439bc73d8ed3458306fb90be98d7ffd8c8e,183aefcb8f2fa4b7904c22725f7dd41376802f4e63953556f751878b9132f13e,-0.46790620532988897,0.46790620532988897,final_k12
final_k12_K12_FINAL_k12_RegressorChain_ET_Physics,0,0,K12_FINAL,12,RegressorChain_ET_Physics,7,3,0.25,"{""model__base_estimator__max_depth"": 6, ""model__base_estimator__max_features"": 0.7, ""model__base_estimator__min_samples_leaf"": 4, ""model__base_estimator__n_estimators"": 300, ""selector__alpha"": 0.25, ""selector__n_features"": 12}",72043,3365a8da0cb673ae6f81d21a9b60c2b001f5fadb6e903ee627a246ac8f56488f,f70281ff9e2d63699ac597b6d7b2efaa1d3c535ba8d5eeee2b64b89b316a06d0,-0.5158048595876631,0.5158048595876631,final_k12
final_k12_K12_FINAL_k12_RegressorChain_ET_Physics,0,0,K12_FINAL,12,RegressorChain_ET_Physics,7,4,0.25,"{""model__base_estimator__max_depth"": 6, ""model__base_estimator__max_features"": 0.7, ""model__base_estimator__min_samples_leaf"": 4, ""model__base_estimator__n_estimators"": 300, ""selector__alpha"": 0.25, ""selector__n_features"": 12}",72043,ff59dad4f15ca6423b54f522febfc7595b575efba699f5a710505cb059b813aa,3498d416c0e50ca57ab8c168fdeeff46b99bbbb55cb1dc07a75709d162de5611,-0.501845146169657,0.501845146169657,final_k12
final_k12_K12_FINAL_k12_RegressorChain_ET_Physics,0,0,K12_FINAL,12,RegressorChain_ET_Physics,7,5,0.25,"{""model__base_estimator__max_depth"": 6, ""model__base_estimator__max_features"": 0.7, ""model__base_estimator__min_samples_leaf"": 4, ""model__base_estimator__n_estimators"": 300, ""selector__alpha"": 0.25, ""selector__n_features"": 12}",72043,b73532caf058356af99850fc9cee7a377bdaf0cdc14055fab95af0117ee61de4,07065de2bef741f3cb587e277a0fcb85f93673c30d01852668a7519054b3fc3e,-0.5090331998815546,0.5090331998815546,final_k12
final_k12_K12_FINAL_k12_RegressorChain_ET_Physics,0,0,K12_FINAL,12,RegressorChain_ET_Physics,8,1,0.0,"{""model__base_estimator__max_depth"": 14, ""model__base_estimator__max_features"": 0.7, ""model__base_estimator__min_samples_leaf"": 2, ""model__base_estimator__n_estimators"": 300, ""selector__alpha"": 0.0, ""selector__n_features"": 12}",72043,63aa6fefba64a6074d0d9ff897ce987281e5ac90c2d08dcb781ac0056c1c5cae,00487d5a1bfc80244f5e1aac4616000df0555f6d828c513709ef326e7a15245b,-0.46824553360412,0.46824553360412,final_k12
final_k12_K12_FINAL_k12_RegressorChain_ET_Physics,0,0,K12_FINAL,12,RegressorChain_ET_Physics,8,2,0.0,"{""model__base_estimator__max_depth"": 14, ""model__base_estimator__max_features"": 0.7, ""model__base_estimator__min_samples_leaf"": 2, ""model__base_estimator__n_estimators"": 300, ""selector__alpha"": 0.0, ""selector__n_features"": 12}",72043,11d650d51b733d713e5f12a34674e439bc73d8ed3458306fb90be98d7ffd8c8e,183aefcb8f2fa4b7904c22725f7dd41376802f4e63953556f751878b9132f13e,-0.42426313664152365,0.42426313664152365,final_k12
final_k12_K12_FINAL_k12_RegressorChain_ET_Physics,0,0,K12_FINAL,12,RegressorChain_ET_Physics,8,3,0.0,"{""model__base_estimator__max_depth"": 14, ""model__base_estimator__max_features"": 0.7, ""model__base_estimator__min_samples_leaf"": 2, ""model__base_estimator__n_estimators"": 300, ""selector__alpha"": 0.0, ""selector__n_features"": 12}",72043,3365a8da0cb673ae6f81d21a9b60c2b001f5fadb6e903ee627a246ac8f56488f,f70281ff9e2d63699ac597b6d7b2efaa1d3c535ba8d5eeee2b64b89b316a06d0,-0.47460289598705724,0.47460289598705724,final_k12
final_k12_K12_FINAL_k12_RegressorChain_ET_Physics,0,0,K12_FINAL,12,RegressorChain_ET_Physics,8,4,0.0,"{""model__base_estimator__max_depth"": 14, ""model__base_estimator__max_features"": 0.7, ""model__base_estimator__min_samples_leaf"": 2, ""model__base_estimator__n_estimators"": 300, ""selector__alpha"": 0.0, ""selector__n_features"": 12}",72043,ff59dad4f15ca6423b54f522febfc7595b575efba699f5a710505cb059b813aa,3498d416c0e50ca57ab8c168fdeeff46b99bbbb55cb1dc07a75709d162de5611,-0.4706411933299684,0.4706411933299684,final_k12
final_k12_K12_FINAL_k12_RegressorChain_ET_Physics,0,0,K12_FINAL,12,RegressorChain_ET_Physics,8,5,0.0,"{""model__base_estimator__max_depth"": 14, ""model__base_estimator__max_features"": 0.7, ""model__base_estimator__min_samples_leaf"": 2, ""model__base_estimator__n_estimators"": 300, ""selector__alpha"": 0.0, ""selector__n_features"": 12}",72043,b73532caf058356af99850fc9cee7a377bdaf0cdc14055fab95af0117ee61de4,07065de2bef741f3cb587e277a0fcb85f93673c30d01852668a7519054b3fc3e,-0.39642922329379177,0.39642922329379177,final_k12
final_k12_K12_FINAL_k12_RegressorChain_ET_Physics,0,0,K12_FINAL,12,RegressorChain_ET_Physics,9,1,0.5,"{""model__base_estimator__max_depth"": 10, ""model__base_estimator__max_features"": ""sqrt"", ""model__base_estimator__min_samples_leaf"": 4, ""model__base_estimator__n_estimators"": 800, ""selector__alpha"": 0.5, ""selector__n_features"": 12}",72043,63aa6fefba64a6074d0d9ff897ce987281e5ac90c2d08dcb781ac0056c1c5cae,00487d5a1bfc80244f5e1aac4616000df0555f6d828c513709ef326e7a15245b,-0.6026232571078985,0.6026232571078985,final_k12
final_k12_K12_FINAL_k12_RegressorChain_ET_Physics,0,0,K12_FINAL,12,RegressorChain_ET_Physics,9,2,0.5,"{""model__base_estimator__max_depth"": 10, ""model__base_estimator__max_features"": ""sqrt"", ""model__base_estimator__min_samples_leaf"": 4, ""model__base_estimator__n_estimators"": 800, ""selector__alpha"": 0.5, ""selector__n_features"": 12}",72043,11d650d51b733d713e5f12a34674e439bc73d8ed3458306fb90be98d7ffd8c8e,183aefcb8f2fa4b7904c22725f7dd41376802f4e63953556f751878b9132f13e,-0.5196442711752088,0.5196442711752088,final_k12
final_k12_K12_FINAL_k12_RegressorChain_ET_Physics,0,0,K12_FINAL,12,RegressorChain_ET_Physics,9,3,0.5,"{""model__base_estimator__max_depth"": 10, ""model__base_estimator__max_features"": ""sqrt"", ""model__base_estimator__min_samples_leaf"": 4, ""model__base_estimator__n_estimators"": 800, ""selector__alpha"": 0.5, ""selector__n_features"": 12}",72043,3365a8da0cb673ae6f81d21a9b60c2b001f5fadb6e903ee627a246ac8f56488f,f70281ff9e2d63699ac597b6d7b2efaa1d3c535ba8d5eeee2b64b89b316a06d0,-0.5661383504648974,0.5661383504648974,final_k12
final_k12_K12_FINAL_k12_RegressorChain_ET_Physics,0,0,K12_FINAL,12,RegressorChain_ET_Physics,9,4,0.5,"{""model__base_estimator__max_depth"": 10, ""model__base_estimator__max_features"": ""sqrt"", ""model__base_estimator__min_samples_leaf"": 4, ""model__base_estimator__n_estimators"": 800, ""selector__alpha"": 0.5, ""selector__n_features"": 12}",72043,ff59dad4f15ca6423b54f522febfc7595b575efba699f5a710505cb059b813aa,3498d416c0e50ca57ab8c168fdeeff46b99bbbb55cb1dc07a75709d162de5611,-0.5305098875534816,0.5305098875534816,final_k12
final_k12_K12_FINAL_k12_RegressorChain_ET_Physics,0,0,K12_FINAL,12,RegressorChain_ET_Physics,9,5,0.5,"{""model__base_estimator__max_depth"": 10, ""model__base_estimator__max_features"": ""sqrt"", ""model__base_estimator__min_samples_leaf"": 4, ""model__base_estimator__n_estimators"": 800, ""selector__alpha"": 0.5, ""selector__n_features"": 12}",72043,b73532caf058356af99850fc9cee7a377bdaf0cdc14055fab95af0117ee61de4,07065de2bef741f3cb587e277a0fcb85f93673c30d01852668a7519054b3fc3e,-0.5703877519021917,0.5703877519021917,final_k12
final_k12_K12_FINAL_k12_RegressorChain_ET_Physics,0,0,K12_FINAL,12,RegressorChain_ET_Physics,10,1,0.25,"{""model__base_estimator__max_depth"": null, ""model__base_estimator__max_features"": 0.7, ""model__base_estimator__min_samples_leaf"": 1, ""model__base_estimator__n_estimators"": 800, ""selector__alpha"": 0.25, ""selector__n_features"": 12}",72043,63aa6fefba64a6074d0d9ff897ce987281e5ac90c2d08dcb781ac0056c1c5cae,00487d5a1bfc80244f5e1aac4616000df0555f6d828c513709ef326e7a15245b,-0.46207238202415885,0.46207238202415885,final_k12
final_k12_K12_FINAL_k12_RegressorChain_ET_Physics,0,0,K12_FINAL,12,RegressorChain_ET_Physics,10,2,0.25,"{""model__base_estimator__max_depth"": null, ""model__base_estimator__max_features"": 0.7, ""model__base_estimator__min_samples_leaf"": 1, ""model__base_estimator__n_estimators"": 800, ""selector__alpha"": 0.25, ""selector__n_features"": 12}",72043,11d650d51b733d713e5f12a34674e439bc73d8ed3458306fb90be98d7ffd8c8e,183aefcb8f2fa4b7904c22725f7dd41376802f4e63953556f751878b9132f13e,-0.3913818423618125,0.3913818423618125,final_k12
final_k12_K12_FINAL_k12_RegressorChain_ET_Physics,0,0,K12_FINAL,12,RegressorChain_ET_Physics,10,3,0.25,"{""model__base_estimator__max_depth"": null, ""model__base_estimator__max_features"": 0.7, ""model__base_estimator__min_samples_leaf"": 1, ""model__base_estimator__n_estimators"": 800, ""selector__alpha"": 0.25, ""selector__n_features"": 12}",72043,3365a8da0cb673ae6f81d21a9b60c2b001f5fadb6e903ee627a246ac8f56488f,f70281ff9e2d63699ac597b6d7b2efaa1d3c535ba8d5eeee2b64b89b316a06d0,-0.4349830571646618,0.4349830571646618,final_k12
final_k12_K12_FINAL_k12_RegressorChain_ET_Physics,0,0,K12_FINAL,12,RegressorChain_ET_Physics,10,4,0.25,"{""model__base_estimator__max_depth"": null, ""model__base_estimator__max_features"": 0.7, ""model__base_estimator__min_samples_leaf"": 1, ""model__base_estimator__n_estimators"": 800, ""selector__alpha"": 0.25, ""selector__n_features"": 12}",72043,ff59dad4f15ca6423b54f522febfc7595b575efba699f5a710505cb059b813aa,3498d416c0e50ca57ab8c168fdeeff46b99bbbb55cb1dc07a75709d162de5611,-0.41968364773680245,0.41968364773680245,final_k12
final_k12_K12_FINAL_k12_RegressorChain_ET_Physics,0,0,K12_FINAL,12,RegressorChain_ET_Physics,10,5,0.25,"{""model__base_estimator__max_depth"": null, ""model__base_estimator__max_features"": 0.7, ""model__base_estimator__min_samples_leaf"": 1, ""model__base_estimator__n_estimators"": 800, ""selector__alpha"": 0.25, ""selector__n_features"": 12}",72043,b73532caf058356af99850fc9cee7a377bdaf0cdc14055fab95af0117ee61de4,07065de2bef741f3cb587e277a0fcb85f93673c30d01852668a7519054b3fc3e,-0.3695531621864918,0.3695531621864918,final_k12
final_k12_K12_FINAL_k12_RegressorChain_ET_Physics,0,0,K12_FINAL,12,RegressorChain_ET_Physics,11,1,0.75,"{""model__base_estimator__max_depth"": 6, ""model__base_estimator__max_features"": ""sqrt"", ""model__base_estimator__min_samples_leaf"": 2, ""model__base_estimator__n_estimators"": 800, ""selector__alpha"": 0.75, ""selector__n_features"": 12}",72043,63aa6fefba64a6074d0d9ff897ce987281e5ac90c2d08dcb781ac0056c1c5cae,00487d5a1bfc80244f5e1aac4616000df0555f6d828c513709ef326e7a15245b,-0.5934883889762358,0.5934883889762358,final_k12
final_k12_K12_FINAL_k12_RegressorChain_ET_Physics,0,0,K12_FINAL,12,RegressorChain_ET_Physics,11,2,0.75,"{""model__base_estimator__max_depth"": 6, ""model__base_estimator__max_features"": ""sqrt"", ""model__base_estimator__min_samples_leaf"": 2, ""model__base_estimator__n_estimators"": 800, ""selector__alpha"": 0.75, ""selector__n_features"": 12}",72043,11d650d51b733d713e5f12a34674e439bc73d8ed3458306fb90be98d7ffd8c8e,183aefcb8f2fa4b7904c22725f7dd41376802f4e63953556f751878b9132f13e,-0.5300340314079994,0.5300340314079994,final_k12
final_k12_K12_FINAL_k12_RegressorChain_ET_Physics,0,0,K12_FINAL,12,RegressorChain_ET_Physics,11,3,0.75,"{""model__base_estimator__max_depth"": 6, ""model__base_estimator__max_features"": ""sqrt"", ""model__base_estimator__min_samples_leaf"": 2, ""model__base_estimator__n_estimators"": 800, ""selector__alpha"": 0.75, ""selector__n_features"": 12}",72043,3365a8da0cb673ae6f81d21a9b60c2b001f5fadb6e903ee627a246ac8f56488f,f70281ff9e2d63699ac597b6d7b2efaa1d3c535ba8d5eeee2b64b89b316a06d0,-0.56065442021088,0.56065442021088,final_k12
final_k12_K12_FINAL_k12_RegressorChain_ET_Physics,0,0,K12_FINAL,12,RegressorChain_ET_Physics,11,4,0.75,"{""model__base_estimator__max_depth"": 6, ""model__base_estimator__max_features"": ""sqrt"", ""model__base_estimator__min_samples_leaf"": 2, ""model__base_estimator__n_estimators"": 800, ""selector__alpha"": 0.75, ""selector__n_features"": 12}",72043,ff59dad4f15ca6423b54f522febfc7595b575efba699f5a710505cb059b813aa,3498d416c0e50ca57ab8c168fdeeff46b99bbbb55cb1dc07a75709d162de5611,-0.5294250970424406,0.5294250970424406,final_k12
final_k12_K12_FINAL_k12_RegressorChain_ET_Physics,0,0,K12_FINAL,12,RegressorChain_ET_Physics,11,5,0.75,"{""model__base_estimator__max_depth"": 6, ""model__base_estimator__max_features"": ""sqrt"", ""model__base_estimator__min_samples_leaf"": 2, ""model__base_estimator__n_estimators"": 800, ""selector__alpha"": 0.75, ""selector__n_features"": 12}",72043,b73532caf058356af99850fc9cee7a377bdaf0cdc14055fab95af0117ee61de4,07065de2bef741f3cb587e277a0fcb85f93673c30d01852668a7519054b3fc3e,-0.5480830778683362,0.5480830778683362,final_k12
final_k12_K12_FINAL_k12_RegressorChain_ET_Physics,0,0,K12_FINAL,12,RegressorChain_ET_Physics,12,1,0.25,"{""model__base_estimator__max_depth"": 6, ""model__base_estimator__max_features"": 1.0, ""model__base_estimator__min_samples_leaf"": 1, ""model__base_estimator__n_estimators"": 800, ""selector__alpha"": 0.25, ""selector__n_features"": 12}",72043,63aa6fefba64a6074d0d9ff897ce987281e5ac90c2d08dcb781ac0056c1c5cae,00487d5a1bfc80244f5e1aac4616000df0555f6d828c513709ef326e7a15245b,-0.5131957724714652,0.5131957724714652,final_k12
final_k12_K12_FINAL_k12_RegressorChain_ET_Physics,0,0,K12_FINAL,12,RegressorChain_ET_Physics,12,2,0.25,"{""model__base_estimator__max_depth"": 6, ""model__base_estimator__max_features"": 1.0, ""model__base_estimator__min_samples_leaf"": 1, ""model__base_estimator__n_estimators"": 800, ""selector__alpha"": 0.25, ""selector__n_features"": 12}",72043,11d650d51b733d713e5f12a34674e439bc73d8ed3458306fb90be98d7ffd8c8e,183aefcb8f2fa4b7904c22725f7dd41376802f4e63953556f751878b9132f13e,-0.4313900446673171,0.4313900446673171,final_k12
final_k12_K12_FINAL_k12_RegressorChain_ET_Physics,0,0,K12_FINAL,12,RegressorChain_ET_Physics,12,3,0.25,"{""model__base_estimator__max_depth"": 6, ""model__base_estimator__max_features"": 1.0, ""model__base_estimator__min_samples_leaf"": 1, ""model__base_estimator__n_estimators"": 800, ""selector__alpha"": 0.25, ""selector__n_features"": 12}",72043,3365a8da0cb673ae6f81d21a9b60c2b001f5fadb6e903ee627a246ac8f56488f,f70281ff9e2d63699ac597b6d7b2efaa1d3c535ba8d5eeee2b64b89b316a06d0,-0.4987448988711467,0.4987448988711467,final_k12
final_k12_K12_FINAL_k12_RegressorChain_ET_Physics,0,0,K12_FINAL,12,RegressorChain_ET_Physics,12,4,0.25,"{""model__base_estimator__max_depth"": 6, ""model__base_estimator__max_features"": 1.0, ""model__base_estimator__min_samples_leaf"": 1, ""model__base_estimator__n_estimators"": 800, ""selector__alpha"": 0.25, ""selector__n_features"": 12}",72043,ff59dad4f15ca6423b54f522febfc7595b575efba699f5a710505cb059b813aa,3498d416c0e50ca57ab8c168fdeeff46b99bbbb55cb1dc07a75709d162de5611,-0.4995929571947602,0.4995929571947602,final_k12
final_k12_K12_FINAL_k12_RegressorChain_ET_Physics,0,0,K12_FINAL,12,RegressorChain_ET_Physics,12,5,0.25,"{""model__base_estimator__max_depth"": 6, ""model__base_estimator__max_features"": 1.0, ""model__base_estimator__min_samples_leaf"": 1, ""model__base_estimator__n_estimators"": 800, ""selector__alpha"": 0.25, ""selector__n_features"": 12}",72043,b73532caf058356af99850fc9cee7a377bdaf0cdc14055fab95af0117ee61de4,07065de2bef741f3cb587e277a0fcb85f93673c30d01852668a7519054b3fc3e,-0.41195494688585255,0.41195494688585255,final_k12
final_k12_K12_FINAL_k12_RegressorChain_ET_Physics,0,0,K12_FINAL,12,RegressorChain_ET_Physics,13,1,0.0,"{""model__base_estimator__max_depth"": null, ""model__base_estimator__max_features"": 0.7, ""model__base_estimator__min_samples_leaf"": 2, ""model__base_estimator__n_estimators"": 800, ""selector__alpha"": 0.0, ""selector__n_features"": 12}",72043,63aa6fefba64a6074d0d9ff897ce987281e5ac90c2d08dcb781ac0056c1c5cae,00487d5a1bfc80244f5e1aac4616000df0555f6d828c513709ef326e7a15245b,-0.46546593755388405,0.46546593755388405,final_k12
final_k12_K12_FINAL_k12_RegressorChain_ET_Physics,0,0,K12_FINAL,12,RegressorChain_ET_Physics,13,2,0.0,"{""model__base_estimator__max_depth"": null, ""model__base_estimator__max_features"": 0.7, ""model__base_estimator__min_samples_leaf"": 2, ""model__base_estimator__n_estimators"": 800, ""selector__alpha"": 0.0, ""selector__n_features"": 12}",72043,11d650d51b733d713e5f12a34674e439bc73d8ed3458306fb90be98d7ffd8c8e,183aefcb8f2fa4b7904c22725f7dd41376802f4e63953556f751878b9132f13e,-0.41871590353376026,0.41871590353376026,final_k12
final_k12_K12_FINAL_k12_RegressorChain_ET_Physics,0,0,K12_FINAL,12,RegressorChain_ET_Physics,13,3,0.0,"{""model__base_estimator__max_depth"": null, ""model__base_estimator__max_features"": 0.7, ""model__base_estimator__min_samples_leaf"": 2, ""model__base_estimator__n_estimators"": 800, ""selector__alpha"": 0.0, ""selector__n_features"": 12}",72043,3365a8da0cb673ae6f81d21a9b60c2b001f5fadb6e903ee627a246ac8f56488f,f70281ff9e2d63699ac597b6d7b2efaa1d3c535ba8d5eeee2b64b89b316a06d0,-0.4725732209692238,0.4725732209692238,final_k12
final_k12_K12_FINAL_k12_RegressorChain_ET_Physics,0,0,K12_FINAL,12,RegressorChain_ET_Physics,13,4,0.0,"{""model__base_estimator__max_depth"": null, ""model__base_estimator__max_features"": 0.7, ""model__base_estimator__min_samples_leaf"": 2, ""model__base_estimator__n_estimators"": 800, ""selector__alpha"": 0.0, ""selector__n_features"": 12}",72043,ff59dad4f15ca6423b54f522febfc7595b575efba699f5a710505cb059b813aa,3498d416c0e50ca57ab8c168fdeeff46b99bbbb55cb1dc07a75709d162de5611,-0.469637729923493,0.469637729923493,final_k12
final_k12_K12_FINAL_k12_RegressorChain_ET_Physics,0,0,K12_FINAL,12,RegressorChain_ET_Physics,13,5,0.0,"{""model__base_estimator__max_depth"": null, ""model__base_estimator__max_features"": 0.7, ""model__base_estimator__min_samples_leaf"": 2, ""model__base_estimator__n_estimators"": 800, ""selector__alpha"": 0.0, ""selector__n_features"": 12}",72043,b73532caf058356af99850fc9cee7a377bdaf0cdc14055fab95af0117ee61de4,07065de2bef741f3cb587e277a0fcb85f93673c30d01852668a7519054b3fc3e,-0.39033658538853305,0.39033658538853305,final_k12
final_k12_K12_FINAL_k12_RegressorChain_ET_Physics,0,0,K12_FINAL,12,RegressorChain_ET_Physics,14,1,1.0,"{""model__base_estimator__max_depth"": null, ""model__base_estimator__max_features"": ""sqrt"", ""model__base_estimator__min_samples_leaf"": 1, ""model__base_estimator__n_estimators"": 500, ""selector__alpha"": 1.0, ""selector__n_features"": 12}",72043,63aa6fefba64a6074d0d9ff897ce987281e5ac90c2d08dcb781ac0056c1c5cae,00487d5a1bfc80244f5e1aac4616000df0555f6d828c513709ef326e7a15245b,-0.46126724470530805,0.46126724470530805,final_k12
final_k12_K12_FINAL_k12_RegressorChain_ET_Physics,0,0,K12_FINAL,12,RegressorChain_ET_Physics,14,2,1.0,"{""model__base_estimator__max_depth"": null, ""model__base_estimator__max_features"": ""sqrt"", ""model__base_estimator__min_samples_leaf"": 1, ""model__base_estimator__n_estimators"": 500, ""selector__alpha"": 1.0, ""selector__n_features"": 12}",72043,11d650d51b733d713e5f12a34674e439bc73d8ed3458306fb90be98d7ffd8c8e,183aefcb8f2fa4b7904c22725f7dd41376802f4e63953556f751878b9132f13e,-0.4135265371352661,0.4135265371352661,final_k12
final_k12_K12_FINAL_k12_RegressorChain_ET_Physics,0,0,K12_FINAL,12,RegressorChain_ET_Physics,14,3,1.0,"{""model__base_estimator__max_depth"": null, ""model__base_estimator__max_features"": ""sqrt"", ""model__base_estimator__min_samples_leaf"": 1, ""model__base_estimator__n_estimators"": 500, ""selector__alpha"": 1.0, ""selector__n_features"": 12}",72043,3365a8da0cb673ae6f81d21a9b60c2b001f5fadb6e903ee627a246ac8f56488f,f70281ff9e2d63699ac597b6d7b2efaa1d3c535ba8d5eeee2b64b89b316a06d0,-0.4312574823147283,0.4312574823147283,final_k12
final_k12_K12_FINAL_k12_RegressorChain_ET_Physics,0,0,K12_FINAL,12,RegressorChain_ET_Physics,14,4,1.0,"{""model__base_estimator__max_depth"": null, ""model__base_estimator__max_features"": ""sqrt"", ""model__base_estimator__min_samples_leaf"": 1, ""model__base_estimator__n_estimators"": 500, ""selector__alpha"": 1.0, ""selector__n_features"": 12}",72043,ff59dad4f15ca6423b54f522febfc7595b575efba699f5a710505cb059b813aa,3498d416c0e50ca57ab8c168fdeeff46b99bbbb55cb1dc07a75709d162de5611,-0.41381513652830454,0.41381513652830454,final_k12
final_k12_K12_FINAL_k12_RegressorChain_ET_Physics,0,0,K12_FINAL,12,RegressorChain_ET_Physics,14,5,1.0,"{""model__base_estimator__max_depth"": null, ""model__base_estimator__max_features"": ""sqrt"", ""model__base_estimator__min_samples_leaf"": 1, ""model__base_estimator__n_estimators"": 500, ""selector__alpha"": 1.0, ""selector__n_features"": 12}",72043,b73532caf058356af99850fc9cee7a377bdaf0cdc14055fab95af0117ee61de4,07065de2bef741f3cb587e277a0fcb85f93673c30d01852668a7519054b3fc3e,-0.41849483261055637,0.41849483261055637,final_k12
final_k12_K12_FINAL_k12_RegressorChain_ET_Physics,0,0,K12_FINAL,12,RegressorChain_ET_Physics,15,1,0.5,"{""model__base_estimator__max_depth"": 6, ""model__base_estimator__max_features"": ""sqrt"", ""model__base_estimator__min_samples_leaf"": 4, ""model__base_estimator__n_estimators"": 500, ""selector__alpha"": 0.5, ""selector__n_features"": 12}",72043,63aa6fefba64a6074d0d9ff897ce987281e5ac90c2d08dcb781ac0056c1c5cae,00487d5a1bfc80244f5e1aac4616000df0555f6d828c513709ef326e7a15245b,-0.6231192023164297,0.6231192023164297,final_k12
final_k12_K12_FINAL_k12_RegressorChain_ET_Physics,0,0,K12_FINAL,12,RegressorChain_ET_Physics,15,2,0.5,"{""model__base_estimator__max_depth"": 6, ""model__base_estimator__max_features"": ""sqrt"", ""model__base_estimator__min_samples_leaf"": 4, ""model__base_estimator__n_estimators"": 500, ""selector__alpha"": 0.5, ""selector__n_features"": 12}",72043,11d650d51b733d713e5f12a34674e439bc73d8ed3458306fb90be98d7ffd8c8e,183aefcb8f2fa4b7904c22725f7dd41376802f4e63953556f751878b9132f13e,-0.557721428779251,0.557721428779251,final_k12
final_k12_K12_FINAL_k12_RegressorChain_ET_Physics,0,0,K12_FINAL,12,RegressorChain_ET_Physics,15,3,0.5,"{""model__base_estimator__max_depth"": 6, ""model__base_estimator__max_features"": ""sqrt"", ""model__base_estimator__min_samples_leaf"": 4, ""model__base_estimator__n_estimators"": 500, ""selector__alpha"": 0.5, ""selector__n_features"": 12}",72043,3365a8da0cb673ae6f81d21a9b60c2b001f5fadb6e903ee627a246ac8f56488f,f70281ff9e2d63699ac597b6d7b2efaa1d3c535ba8d5eeee2b64b89b316a06d0,-0.5985472566444971,0.5985472566444971,final_k12
final_k12_K12_FINAL_k12_RegressorChain_ET_Physics,0,0,K12_FINAL,12,RegressorChain_ET_Physics,15,4,0.5,"{""model__base_estimator__max_depth"": 6, ""model__base_estimator__max_features"": ""sqrt"", ""model__base_estimator__min_samples_leaf"": 4, ""model__base_estimator__n_estimators"": 500, ""selector__alpha"": 0.5, ""selector__n_features"": 12}",72043,ff59dad4f15ca6423b54f522febfc7595b575efba699f5a710505cb059b813aa,3498d416c0e50ca57ab8c168fdeeff46b99bbbb55cb1dc07a75709d162de5611,-0.55944484591895,0.55944484591895,final_k12
final_k12_K12_FINAL_k12_RegressorChain_ET_Physics,0,0,K12_FINAL,12,RegressorChain_ET_Physics,15,5,0.5,"{""model__base_estimator__max_depth"": 6, ""model__base_estimator__max_features"": ""sqrt"", ""model__base_estimator__min_samples_leaf"": 4, ""model__base_estimator__n_estimators"": 500, ""selector__alpha"": 0.5, ""selector__n_features"": 12}",72043,b73532caf058356af99850fc9cee7a377bdaf0cdc14055fab95af0117ee61de4,07065de2bef741f3cb587e277a0fcb85f93673c30d01852668a7519054b3fc3e,-0.5975538460235569,0.5975538460235569,final_k12
final_k12_K12_FINAL_k12_RegressorChain_ET_Physics,0,0,K12_FINAL,12,RegressorChain_ET_Physics,16,1,0.75,"{""model__base_estimator__max_depth"": 10, ""model__base_estimator__max_features"": 0.7, ""model__base_estimator__min_samples_leaf"": 4, ""model__base_estimator__n_estimators"": 800, ""selector__alpha"": 0.75, ""selector__n_features"": 12}",72043,63aa6fefba64a6074d0d9ff897ce987281e5ac90c2d08dcb781ac0056c1c5cae,00487d5a1bfc80244f5e1aac4616000df0555f6d828c513709ef326e7a15245b,-0.5436569304564686,0.5436569304564686,final_k12
final_k12_K12_FINAL_k12_RegressorChain_ET_Physics,0,0,K12_FINAL,12,RegressorChain_ET_Physics,16,2,0.75,"{""model__base_estimator__max_depth"": 10, ""model__base_estimator__max_features"": 0.7, ""model__base_estimator__min_samples_leaf"": 4, ""model__base_estimator__n_estimators"": 800, ""selector__alpha"": 0.75, ""selector__n_features"": 12}",72043,11d650d51b733d713e5f12a34674e439bc73d8ed3458306fb90be98d7ffd8c8e,183aefcb8f2fa4b7904c22725f7dd41376802f4e63953556f751878b9132f13e,-0.4467778483018912,0.4467778483018912,final_k12
final_k12_K12_FINAL_k12_RegressorChain_ET_Physics,0,0,K12_FINAL,12,RegressorChain_ET_Physics,16,3,0.75,"{""model__base_estimator__max_depth"": 10, ""model__base_estimator__max_features"": 0.7, ""model__base_estimator__min_samples_leaf"": 4, ""model__base_estimator__n_estimators"": 800, ""selector__alpha"": 0.75, ""selector__n_features"": 12}",72043,3365a8da0cb673ae6f81d21a9b60c2b001f5fadb6e903ee627a246ac8f56488f,f70281ff9e2d63699ac597b6d7b2efaa1d3c535ba8d5eeee2b64b89b316a06d0,-0.49257822917074395,0.49257822917074395,final_k12
final_k12_K12_FINAL_k12_RegressorChain_ET_Physics,0,0,K12_FINAL,12,RegressorChain_ET_Physics,16,4,0.75,"{""model__base_estimator__max_depth"": 10, ""model__base_estimator__max_features"": 0.7, ""model__base_estimator__min_samples_leaf"": 4, ""model__base_estimator__n_estimators"": 800, ""selector__alpha"": 0.75, ""selector__n_features"": 12}",72043,ff59dad4f15ca6423b54f522febfc7595b575efba699f5a710505cb059b813aa,3498d416c0e50ca57ab8c168fdeeff46b99bbbb55cb1dc07a75709d162de5611,-0.4808808615042672,0.4808808615042672,final_k12
final_k12_K12_FINAL_k12_RegressorChain_ET_Physics,0,0,K12_FINAL,12,RegressorChain_ET_Physics,16,5,0.75,"{""model__base_estimator__max_depth"": 10, ""model__base_estimator__max_features"": 0.7, ""model__base_estimator__min_samples_leaf"": 4, ""model__base_estimator__n_estimators"": 800, ""selector__alpha"": 0.75, ""selector__n_features"": 12}",72043,b73532caf058356af99850fc9cee7a377bdaf0cdc14055fab95af0117ee61de4,07065de2bef741f3cb587e277a0fcb85f93673c30d01852668a7519054b3fc3e,-0.48791821226202003,0.48791821226202003,final_k12
final_k12_K12_FINAL_k12_RegressorChain_ET_Physics,0,0,K12_FINAL,12,RegressorChain_ET_Physics,17,1,0.75,"{""model__base_estimator__max_depth"": 14, ""model__base_estimator__max_features"": 1.0, ""model__base_estimator__min_samples_leaf"": 1, ""model__base_estimator__n_estimators"": 500, ""selector__alpha"": 0.75, ""selector__n_features"": 12}",72043,63aa6fefba64a6074d0d9ff897ce987281e5ac90c2d08dcb781ac0056c1c5cae,00487d5a1bfc80244f5e1aac4616000df0555f6d828c513709ef326e7a15245b,-0.493645368909724,0.493645368909724,final_k12
final_k12_K12_FINAL_k12_RegressorChain_ET_Physics,0,0,K12_FINAL,12,RegressorChain_ET_Physics,17,2,0.75,"{""model__base_estimator__max_depth"": 14, ""model__base_estimator__max_features"": 1.0, ""model__base_estimator__min_samples_leaf"": 1, ""model__base_estimator__n_estimators"": 500, ""selector__alpha"": 0.75, ""selector__n_features"": 12}",72043,11d650d51b733d713e5f12a34674e439bc73d8ed3458306fb90be98d7ffd8c8e,183aefcb8f2fa4b7904c22725f7dd41376802f4e63953556f751878b9132f13e,-0.38678341390004944,0.38678341390004944,final_k12
final_k12_K12_FINAL_k12_RegressorChain_ET_Physics,0,0,K12_FINAL,12,RegressorChain_ET_Physics,17,3,0.75,"{""model__base_estimator__max_depth"": 14, ""model__base_estimator__max_features"": 1.0, ""model__base_estimator__min_samples_leaf"": 1, ""model__base_estimator__n_estimators"": 500, ""selector__alpha"": 0.75, ""selector__n_features"": 12}",72043,3365a8da0cb673ae6f81d21a9b60c2b001f5fadb6e903ee627a246ac8f56488f,f70281ff9e2d63699ac597b6d7b2efaa1d3c535ba8d5eeee2b64b89b316a06d0,-0.4357534855372746,0.4357534855372746,final_k12
final_k12_K12_FINAL_k12_RegressorChain_ET_Physics,0,0,K12_FINAL,12,RegressorChain_ET_Physics,17,4,0.75,"{""model__base_estimator__max_depth"": 14, ""model__base_estimator__max_features"": 1.0, ""model__base_estimator__min_samples_leaf"": 1, ""model__base_estimator__n_estimators"": 500, ""selector__alpha"": 0.75, ""selector__n_features"": 12}",72043,ff59dad4f15ca6423b54f522febfc7595b575efba699f5a710505cb059b813aa,3498d416c0e50ca57ab8c168fdeeff46b99bbbb55cb1dc07a75709d162de5611,-0.4234092922137036,0.4234092922137036,final_k12
final_k12_K12_FINAL_k12_RegressorChain_ET_Physics,0,0,K12_FINAL,12,RegressorChain_ET_Physics,17,5,0.75,"{""model__base_estimator__max_depth"": 14, ""model__base_estimator__max_features"": 1.0, ""model__base_estimator__min_samples_leaf"": 1, ""model__base_estimator__n_estimators"": 500, ""selector__alpha"": 0.75, ""selector__n_features"": 12}",72043,b73532caf058356af99850fc9cee7a377bdaf0cdc14055fab95af0117ee61de4,07065de2bef741f3cb587e277a0fcb85f93673c30d01852668a7519054b3fc3e,-0.363823200464199,0.363823200464199,final_k12
final_k12_K12_FINAL_k12_RegressorChain_ET_Physics,0,0,K12_FINAL,12,RegressorChain_ET_Physics,18,1,0.5,"{""model__base_estimator__max_depth"": 10, ""model__base_estimator__max_features"": 0.7, ""model__base_estimator__min_samples_leaf"": 1, ""model__base_estimator__n_estimators"": 300, ""selector__alpha"": 0.5, ""selector__n_features"": 12}",72043,63aa6fefba64a6074d0d9ff897ce987281e5ac90c2d08dcb781ac0056c1c5cae,00487d5a1bfc80244f5e1aac4616000df0555f6d828c513709ef326e7a15245b,-0.48396261842326566,0.48396261842326566,final_k12
final_k12_K12_FINAL_k12_RegressorChain_ET_Physics,0,0,K12_FINAL,12,RegressorChain_ET_Physics,18,2,0.5,"{""model__base_estimator__max_depth"": 10, ""model__base_estimator__max_features"": 0.7, ""model__base_estimator__min_samples_leaf"": 1, ""model__base_estimator__n_estimators"": 300, ""selector__alpha"": 0.5, ""selector__n_features"": 12}",72043,11d650d51b733d713e5f12a34674e439bc73d8ed3458306fb90be98d7ffd8c8e,183aefcb8f2fa4b7904c22725f7dd41376802f4e63953556f751878b9132f13e,-0.39407322937347106,0.39407322937347106,final_k12
final_k12_K12_FINAL_k12_RegressorChain_ET_Physics,0,0,K12_FINAL,12,RegressorChain_ET_Physics,18,3,0.5,"{""model__base_estimator__max_depth"": 10, ""model__base_estimator__max_features"": 0.7, ""model__base_estimator__min_samples_leaf"": 1, ""model__base_estimator__n_estimators"": 300, ""selector__alpha"": 0.5, ""selector__n_features"": 12}",72043,3365a8da0cb673ae6f81d21a9b60c2b001f5fadb6e903ee627a246ac8f56488f,f70281ff9e2d63699ac597b6d7b2efaa1d3c535ba8d5eeee2b64b89b316a06d0,-0.4428585977816837,0.4428585977816837,final_k12
final_k12_K12_FINAL_k12_RegressorChain_ET_Physics,0,0,K12_FINAL,12,RegressorChain_ET_Physics,18,4,0.5,"{""model__base_estimator__max_depth"": 10, ""model__base_estimator__max_features"": 0.7, ""model__base_estimator__min_samples_leaf"": 1, ""model__base_estimator__n_estimators"": 300, ""selector__alpha"": 0.5, ""selector__n_features"": 12}",72043,ff59dad4f15ca6423b54f522febfc7595b575efba699f5a710505cb059b813aa,3498d416c0e50ca57ab8c168fdeeff46b99bbbb55cb1dc07a75709d162de5611,-0.42926126080090987,0.42926126080090987,final_k12
final_k12_K12_FINAL_k12_RegressorChain_ET_Physics,0,0,K12_FINAL,12,RegressorChain_ET_Physics,18,5,0.5,"{""model__base_estimator__max_depth"": 10, ""model__base_estimator__max_features"": 0.7, ""model__base_estimator__min_samples_leaf"": 1, ""model__base_estimator__n_estimators"": 300, ""selector__alpha"": 0.5, ""selector__n_features"": 12}",72043,b73532caf058356af99850fc9cee7a377bdaf0cdc14055fab95af0117ee61de4,07065de2bef741f3cb587e277a0fcb85f93673c30d01852668a7519054b3fc3e,-0.3613669166966014,0.3613669166966014,final_k12
final_k12_K12_FINAL_k12_RegressorChain_ET_Physics,0,0,K12_FINAL,12,RegressorChain_ET_Physics,19,1,1.0,"{""model__base_estimator__max_depth"": 10, ""model__base_estimator__max_features"": 0.7, ""model__base_estimator__min_samples_leaf"": 2, ""model__base_estimator__n_estimators"": 300, ""selector__alpha"": 1.0, ""selector__n_features"": 12}",72043,63aa6fefba64a6074d0d9ff897ce987281e5ac90c2d08dcb781ac0056c1c5cae,00487d5a1bfc80244f5e1aac4616000df0555f6d828c513709ef326e7a15245b,-0.49446794547462947,0.49446794547462947,final_k12
final_k12_K12_FINAL_k12_RegressorChain_ET_Physics,0,0,K12_FINAL,12,RegressorChain_ET_Physics,19,2,1.0,"{""model__base_estimator__max_depth"": 10, ""model__base_estimator__max_features"": 0.7, ""model__base_estimator__min_samples_leaf"": 2, ""model__base_estimator__n_estimators"": 300, ""selector__alpha"": 1.0, ""selector__n_features"": 12}",72043,11d650d51b733d713e5f12a34674e439bc73d8ed3458306fb90be98d7ffd8c8e,183aefcb8f2fa4b7904c22725f7dd41376802f4e63953556f751878b9132f13e,-0.41905251202795574,0.41905251202795574,final_k12
final_k12_K12_FINAL_k12_RegressorChain_ET_Physics,0,0,K12_FINAL,12,RegressorChain_ET_Physics,19,3,1.0,"{""model__base_estimator__max_depth"": 10, ""model__base_estimator__max_features"": 0.7, ""model__base_estimator__min_samples_leaf"": 2, ""model__base_estimator__n_estimators"": 300, ""selector__alpha"": 1.0, ""selector__n_features"": 12}",72043,3365a8da0cb673ae6f81d21a9b60c2b001f5fadb6e903ee627a246ac8f56488f,f70281ff9e2d63699ac597b6d7b2efaa1d3c535ba8d5eeee2b64b89b316a06d0,-0.4638606566737731,0.4638606566737731,final_k12
final_k12_K12_FINAL_k12_RegressorChain_ET_Physics,0,0,K12_FINAL,12,RegressorChain_ET_Physics,19,4,1.0,"{""model__base_estimator__max_depth"": 10, ""model__base_estimator__max_features"": 0.7, ""model__base_estimator__min_samples_leaf"": 2, ""model__base_estimator__n_estimators"": 300, ""selector__alpha"": 1.0, ""selector__n_features"": 12}",72043,ff59dad4f15ca6423b54f522febfc7595b575efba699f5a710505cb059b813aa,3498d416c0e50ca57ab8c168fdeeff46b99bbbb55cb1dc07a75709d162de5611,-0.4814606768255852,0.4814606768255852,final_k12
final_k12_K12_FINAL_k12_RegressorChain_ET_Physics,0,0,K12_FINAL,12,RegressorChain_ET_Physics,19,5,1.0,"{""model__base_estimator__max_depth"": 10, ""model__base_estimator__max_features"": 0.7, ""model__base_estimator__min_samples_leaf"": 2, ""model__base_estimator__n_estimators"": 300, ""selector__alpha"": 1.0, ""selector__n_features"": 12}",72043,b73532caf058356af99850fc9cee7a377bdaf0cdc14055fab95af0117ee61de4,07065de2bef741f3cb587e277a0fcb85f93673c30d01852668a7519054b3fc3e,-0.3983664226651533,0.3983664226651533,final_k12
final_k12_K12_FINAL_k12_RegressorChain_ET_Physics,0,0,K12_FINAL,12,RegressorChain_ET_Physics,20,1,0.5,"{""model__base_estimator__max_depth"": null, ""model__base_estimator__max_features"": 0.7, ""model__base_estimator__min_samples_leaf"": 1, ""model__base_estimator__n_estimators"": 500, ""selector__alpha"": 0.5, ""selector__n_features"": 12}",72043,63aa6fefba64a6074d0d9ff897ce987281e5ac90c2d08dcb781ac0056c1c5cae,00487d5a1bfc80244f5e1aac4616000df0555f6d828c513709ef326e7a15245b,-0.4833081331780725,0.4833081331780725,final_k12
final_k12_K12_FINAL_k12_RegressorChain_ET_Physics,0,0,K12_FINAL,12,RegressorChain_ET_Physics,20,2,0.5,"{""model__base_estimator__max_depth"": null, ""model__base_estimator__max_features"": 0.7, ""model__base_estimator__min_samples_leaf"": 1, ""model__base_estimator__n_estimators"": 500, ""selector__alpha"": 0.5, ""selector__n_features"": 12}",72043,11d650d51b733d713e5f12a34674e439bc73d8ed3458306fb90be98d7ffd8c8e,183aefcb8f2fa4b7904c22725f7dd41376802f4e63953556f751878b9132f13e,-0.38978717025070253,0.38978717025070253,final_k12
final_k12_K12_FINAL_k12_RegressorChain_ET_Physics,0,0,K12_FINAL,12,RegressorChain_ET_Physics,20,3,0.5,"{""model__base_estimator__max_depth"": null, ""model__base_estimator__max_features"": 0.7, ""model__base_estimator__min_samples_leaf"": 1, ""model__base_estimator__n_estimators"": 500, ""selector__alpha"": 0.5, ""selector__n_features"": 12}",72043,3365a8da0cb673ae6f81d21a9b60c2b001f5fadb6e903ee627a246ac8f56488f,f70281ff9e2d63699ac597b6d7b2efaa1d3c535ba8d5eeee2b64b89b316a06d0,-0.42950181954609273,0.42950181954609273,final_k12
final_k12_K12_FINAL_k12_RegressorChain_ET_Physics,0,0,K12_FINAL,12,RegressorChain_ET_Physics,20,4,0.5,"{""model__base_estimator__max_depth"": null, ""model__base_estimator__max_features"": 0.7, ""model__base_estimator__min_samples_leaf"": 1, ""model__base_estimator__n_estimators"": 500, ""selector__alpha"": 0.5, ""selector__n_features"": 12}",72043,ff59dad4f15ca6423b54f522febfc7595b575efba699f5a710505cb059b813aa,3498d416c0e50ca57ab8c168fdeeff46b99bbbb55cb1dc07a75709d162de5611,-0.41914052427973836,0.41914052427973836,final_k12
final_k12_K12_FINAL_k12_RegressorChain_ET_Physics,0,0,K12_FINAL,12,RegressorChain_ET_Physics,20,5,0.5,"{""model__base_estimator__max_depth"": null, ""model__base_estimator__max_features"": 0.7, ""model__base_estimator__min_samples_leaf"": 1, ""model__base_estimator__n_estimators"": 500, ""selector__alpha"": 0.5, ""selector__n_features"": 12}",72043,b73532caf058356af99850fc9cee7a377bdaf0cdc14055fab95af0117ee61de4,07065de2bef741f3cb587e277a0fcb85f93673c30d01852668a7519054b3fc3e,-0.3683937132826502,0.3683937132826502,final_k12
final_k12_K12_FINAL_k12_RegressorChain_ET_Physics,0,0,K12_FINAL,12,RegressorChain_ET_Physics,21,1,0.5,"{""model__base_estimator__max_depth"": 10, ""model__base_estimator__max_features"": 0.7, ""model__base_estimator__min_samples_leaf"": 2, ""model__base_estimator__n_estimators"": 800, ""selector__alpha"": 0.5, ""selector__n_features"": 12}",72043,63aa6fefba64a6074d0d9ff897ce987281e5ac90c2d08dcb781ac0056c1c5cae,00487d5a1bfc80244f5e1aac4616000df0555f6d828c513709ef326e7a15245b,-0.49332056165249866,0.49332056165249866,final_k12
final_k12_K12_FINAL_k12_RegressorChain_ET_Physics,0,0,K12_FINAL,12,RegressorChain_ET_Physics,21,2,0.5,"{""model__base_estimator__max_depth"": 10, ""model__base_estimator__max_features"": 0.7, ""model__base_estimator__min_samples_leaf"": 2, ""model__base_estimator__n_estimators"": 800, ""selector__alpha"": 0.5, ""selector__n_features"": 12}",72043,11d650d51b733d713e5f12a34674e439bc73d8ed3458306fb90be98d7ffd8c8e,183aefcb8f2fa4b7904c22725f7dd41376802f4e63953556f751878b9132f13e,-0.41745279244148586,0.41745279244148586,final_k12
final_k12_K12_FINAL_k12_RegressorChain_ET_Physics,0,0,K12_FINAL,12,RegressorChain_ET_Physics,21,3,0.5,"{""model__base_estimator__max_depth"": 10, ""model__base_estimator__max_features"": 0.7, ""model__base_estimator__min_samples_leaf"": 2, ""model__base_estimator__n_estimators"": 800, ""selector__alpha"": 0.5, ""selector__n_features"": 12}",72043,3365a8da0cb673ae6f81d21a9b60c2b001f5fadb6e903ee627a246ac8f56488f,f70281ff9e2d63699ac597b6d7b2efaa1d3c535ba8d5eeee2b64b89b316a06d0,-0.4606894317935492,0.4606894317935492,final_k12
final_k12_K12_FINAL_k12_RegressorChain_ET_Physics,0,0,K12_FINAL,12,RegressorChain_ET_Physics,21,4,0.5,"{""model__base_estimator__max_depth"": 10, ""model__base_estimator__max_features"": 0.7, ""model__base_estimator__min_samples_leaf"": 2, ""model__base_estimator__n_estimators"": 800, ""selector__alpha"": 0.5, ""selector__n_features"": 12}",72043,ff59dad4f15ca6423b54f522febfc7595b575efba699f5a710505cb059b813aa,3498d416c0e50ca57ab8c168fdeeff46b99bbbb55cb1dc07a75709d162de5611,-0.47382685118501117,0.47382685118501117,final_k12
final_k12_K12_FINAL_k12_RegressorChain_ET_Physics,0,0,K12_FINAL,12,RegressorChain_ET_Physics,21,5,0.5,"{""model__base_estimator__max_depth"": 10, ""model__base_estimator__max_features"": 0.7, ""model__base_estimator__min_samples_leaf"": 2, ""model__base_estimator__n_estimators"": 800, ""selector__alpha"": 0.5, ""selector__n_features"": 12}",72043,b73532caf058356af99850fc9cee7a377bdaf0cdc14055fab95af0117ee61de4,07065de2bef741f3cb587e277a0fcb85f93673c30d01852668a7519054b3fc3e,-0.39360185967518496,0.39360185967518496,final_k12
final_k12_K12_FINAL_k12_RegressorChain_ET_Physics,0,0,K12_FINAL,12,RegressorChain_ET_Physics,22,1,0.75,"{""model__base_estimator__max_depth"": 14, ""model__base_estimator__max_features"": 0.7, ""model__base_estimator__min_samples_leaf"": 2, ""model__base_estimator__n_estimators"": 800, ""selector__alpha"": 0.75, ""selector__n_features"": 12}",72043,63aa6fefba64a6074d0d9ff897ce987281e5ac90c2d08dcb781ac0056c1c5cae,00487d5a1bfc80244f5e1aac4616000df0555f6d828c513709ef326e7a15245b,-0.48616438610977086,0.48616438610977086,final_k12
final_k12_K12_FINAL_k12_RegressorChain_ET_Physics,0,0,K12_FINAL,12,RegressorChain_ET_Physics,22,2,0.75,"{""model__base_estimator__max_depth"": 14, ""model__base_estimator__max_features"": 0.7, ""model__base_estimator__min_samples_leaf"": 2, ""model__base_estimator__n_estimators"": 800, ""selector__alpha"": 0.75, ""selector__n_features"": 12}",72043,11d650d51b733d713e5f12a34674e439bc73d8ed3458306fb90be98d7ffd8c8e,183aefcb8f2fa4b7904c22725f7dd41376802f4e63953556f751878b9132f13e,-0.4124745296282412,0.4124745296282412,final_k12
final_k12_K12_FINAL_k12_RegressorChain_ET_Physics,0,0,K12_FINAL,12,RegressorChain_ET_Physics,22,3,0.75,"{""model__base_estimator__max_depth"": 14, ""model__base_estimator__max_features"": 0.7, ""model__base_estimator__min_samples_leaf"": 2, ""model__base_estimator__n_estimators"": 800, ""selector__alpha"": 0.75, ""selector__n_features"": 12}",72043,3365a8da0cb673ae6f81d21a9b60c2b001f5fadb6e903ee627a246ac8f56488f,f70281ff9e2d63699ac597b6d7b2efaa1d3c535ba8d5eeee2b64b89b316a06d0,-0.46246542735606616,0.46246542735606616,final_k12
final_k12_K12_FINAL_k12_RegressorChain_ET_Physics,0,0,K12_FINAL,12,RegressorChain_ET_Physics,22,4,0.75,"{""model__base_estimator__max_depth"": 14, ""model__base_estimator__max_features"": 0.7, ""model__base_estimator__min_samples_leaf"": 2, ""model__base_estimator__n_estimators"": 800, ""selector__alpha"": 0.75, ""selector__n_features"": 12}",72043,ff59dad4f15ca6423b54f522febfc7595b575efba699f5a710505cb059b813aa,3498d416c0e50ca57ab8c168fdeeff46b99bbbb55cb1dc07a75709d162de5611,-0.4717855144082043,0.4717855144082043,final_k12
final_k12_K12_FINAL_k12_RegressorChain_ET_Physics,0,0,K12_FINAL,12,RegressorChain_ET_Physics,22,5,0.75,"{""model__base_estimator__max_depth"": 14, ""model__base_estimator__max_features"": 0.7, ""model__base_estimator__min_samples_leaf"": 2, ""model__base_estimator__n_estimators"": 800, ""selector__alpha"": 0.75, ""selector__n_features"": 12}",72043,b73532caf058356af99850fc9cee7a377bdaf0cdc14055fab95af0117ee61de4,07065de2bef741f3cb587e277a0fcb85f93673c30d01852668a7519054b3fc3e,-0.39369428282215785,0.39369428282215785,final_k12
final_k12_K12_FINAL_k12_RegressorChain_ET_Physics,0,0,K12_FINAL,12,RegressorChain_ET_Physics,23,1,1.0,"{""model__base_estimator__max_depth"": 6, ""model__base_estimator__max_features"": 1.0, ""model__base_estimator__min_samples_leaf"": 4, ""model__base_estimator__n_estimators"": 500, ""selector__alpha"": 1.0, ""selector__n_features"": 12}",72043,63aa6fefba64a6074d0d9ff897ce987281e5ac90c2d08dcb781ac0056c1c5cae,00487d5a1bfc80244f5e1aac4616000df0555f6d828c513709ef326e7a15245b,-0.5568827365470831,0.5568827365470831,final_k12
final_k12_K12_FINAL_k12_RegressorChain_ET_Physics,0,0,K12_FINAL,12,RegressorChain_ET_Physics,23,2,1.0,"{""model__base_estimator__max_depth"": 6, ""model__base_estimator__max_features"": 1.0, ""model__base_estimator__min_samples_leaf"": 4, ""model__base_estimator__n_estimators"": 500, ""selector__alpha"": 1.0, ""selector__n_features"": 12}",72043,11d650d51b733d713e5f12a34674e439bc73d8ed3458306fb90be98d7ffd8c8e,183aefcb8f2fa4b7904c22725f7dd41376802f4e63953556f751878b9132f13e,-0.4538015988450672,0.4538015988450672,final_k12
final_k12_K12_FINAL_k12_RegressorChain_ET_Physics,0,0,K12_FINAL,12,RegressorChain_ET_Physics,23,3,1.0,"{""model__base_estimator__max_depth"": 6, ""model__base_estimator__max_features"": 1.0, ""model__base_estimator__min_samples_leaf"": 4, ""model__base_estimator__n_estimators"": 500, ""selector__alpha"": 1.0, ""selector__n_features"": 12}",72043,3365a8da0cb673ae6f81d21a9b60c2b001f5fadb6e903ee627a246ac8f56488f,f70281ff9e2d63699ac597b6d7b2efaa1d3c535ba8d5eeee2b64b89b316a06d0,-0.5024236011054231,0.5024236011054231,final_k12
final_k12_K12_FINAL_k12_RegressorChain_ET_Physics,0,0,K12_FINAL,12,RegressorChain_ET_Physics,23,4,1.0,"{""model__base_estimator__max_depth"": 6, ""model__base_estimator__max_features"": 1.0, ""model__base_estimator__min_samples_leaf"": 4, ""model__base_estimator__n_estimators"": 500, ""selector__alpha"": 1.0, ""selector__n_features"": 12}",72043,ff59dad4f15ca6423b54f522febfc7595b575efba699f5a710505cb059b813aa,3498d416c0e50ca57ab8c168fdeeff46b99bbbb55cb1dc07a75709d162de5611,-0.49101112989379986,0.49101112989379986,final_k12
final_k12_K12_FINAL_k12_RegressorChain_ET_Physics,0,0,K12_FINAL,12,RegressorChain_ET_Physics,23,5,1.0,"{""model__base_estimator__max_depth"": 6, ""model__base_estimator__max_features"": 1.0, ""model__base_estimator__min_samples_leaf"": 4, ""model__base_estimator__n_estimators"": 500, ""selector__alpha"": 1.0, ""selector__n_features"": 12}",72043,b73532caf058356af99850fc9cee7a377bdaf0cdc14055fab95af0117ee61de4,07065de2bef741f3cb587e277a0fcb85f93673c30d01852668a7519054b3fc3e,-0.4797413154166466,0.4797413154166466,final_k12
final_k12_K12_FINAL_k12_RegressorChain_ET_Physics,0,0,K12_FINAL,12,RegressorChain_ET_Physics,24,1,0.25,"{""model__base_estimator__max_depth"": 6, ""model__base_estimator__max_features"": 1.0, ""model__base_estimator__min_samples_leaf"": 2, ""model__base_estimator__n_estimators"": 300, ""selector__alpha"": 0.25, ""selector__n_features"": 12}",72043,63aa6fefba64a6074d0d9ff897ce987281e5ac90c2d08dcb781ac0056c1c5cae,00487d5a1bfc80244f5e1aac4616000df0555f6d828c513709ef326e7a15245b,-0.5180444757668589,0.5180444757668589,final_k12
final_k12_K12_FINAL_k12_RegressorChain_ET_Physics,0,0,K12_FINAL,12,RegressorChain_ET_Physics,24,2,0.25,"{""model__base_estimator__max_depth"": 6, ""model__base_estimator__max_features"": 1.0, ""model__base_estimator__min_samples_leaf"": 2, ""model__base_estimator__n_estimators"": 300, ""selector__alpha"": 0.25, ""selector__n_features"": 12}",72043,11d650d51b733d713e5f12a34674e439bc73d8ed3458306fb90be98d7ffd8c8e,183aefcb8f2fa4b7904c22725f7dd41376802f4e63953556f751878b9132f13e,-0.4464555903914181,0.4464555903914181,final_k12
final_k12_K12_FINAL_k12_RegressorChain_ET_Physics,0,0,K12_FINAL,12,RegressorChain_ET_Physics,24,3,0.25,"{""model__base_estimator__max_depth"": 6, ""model__base_estimator__max_features"": 1.0, ""model__base_estimator__min_samples_leaf"": 2, ""model__base_estimator__n_estimators"": 300, ""selector__alpha"": 0.25, ""selector__n_features"": 12}",72043,3365a8da0cb673ae6f81d21a9b60c2b001f5fadb6e903ee627a246ac8f56488f,f70281ff9e2d63699ac597b6d7b2efaa1d3c535ba8d5eeee2b64b89b316a06d0,-0.5039508026532079,0.5039508026532079,final_k12
final_k12_K12_FINAL_k12_RegressorChain_ET_Physics,0,0,K12_FINAL,12,RegressorChain_ET_Physics,24,4,0.25,"{""model__base_estimator__max_depth"": 6, ""model__base_estimator__max_features"": 1.0, ""model__base_estimator__min_samples_leaf"": 2, ""model__base_estimator__n_estimators"": 300, ""selector__alpha"": 0.25, ""selector__n_features"": 12}",72043,ff59dad4f15ca6423b54f522febfc7595b575efba699f5a710505cb059b813aa,3498d416c0e50ca57ab8c168fdeeff46b99bbbb55cb1dc07a75709d162de5611,-0.49032578071657634,0.49032578071657634,final_k12
final_k12_K12_FINAL_k12_RegressorChain_ET_Physics,0,0,K12_FINAL,12,RegressorChain_ET_Physics,24,5,0.25,"{""model__base_estimator__max_depth"": 6, ""model__base_estimator__max_features"": 1.0, ""model__base_estimator__min_samples_leaf"": 2, ""model__base_estimator__n_estimators"": 300, ""selector__alpha"": 0.25, ""selector__n_features"": 12}",72043,b73532caf058356af99850fc9cee7a377bdaf0cdc14055fab95af0117ee61de4,07065de2bef741f3cb587e277a0fcb85f93673c30d01852668a7519054b3fc3e,-0.41877416570514364,0.41877416570514364,final_k12
