Outer_ID,Repeat,Outer_Fold,Feature_Count,Feature,Selected,Mandatory,Feature_Order,Rank,Selected_Alpha,Mean_Normalized_Hybrid_Feature_Score
R01_F01,1,1,3,Si,0,False,0,,0.0,
R01_F01,1,1,3,Fe,0,False,0,,0.0,
R01_F01,1,1,3,Cu,0,False,0,,0.0,
R01_F01,1,1,3,Mn,0,False,0,,0.0,
R01_F01,1,1,3,Mg,0,False,0,,0.0,
R01_F01,1,1,3,Cr,0,False,0,,0.0,
R01_F01,1,1,3,Zn,0,False,0,,0.0,
R01_F01,1,1,3,V,0,False,0,,0.0,
R01_F01,1,1,3,Ti,0,False,0,,0.0,
R01_F01,1,1,3,Zr,0,False,0,,0.0,
R01_F01,1,1,3,Li,0,False,0,,0.0,
R01_F01,1,1,3,Ni,0,False,0,,0.0,
R01_F01,1,1,3,Be,0,False,0,,0.0,
R01_F01,1,1,3,Sc,0,False,0,,0.0,
R01_F01,1,1,3,Tsol,1,True,1,1.0,0.0,0.5134958636481454
R01_F01,1,1,3,Tage,1,True,2,2.0,0.0,0.48419265741596
R01_F01,1,1,3,tage,1,True,3,3.0,0.0,0.278386613165626
R01_F01,1,1,4,Si,0,False,0,,0.0,
R01_F01,1,1,4,Fe,0,False,0,,0.0,
R01_F01,1,1,4,Cu,0,False,0,,0.0,
R01_F01,1,1,4,Mn,0,False,0,,0.0,
R01_F01,1,1,4,Mg,0,False,0,,0.0,
R01_F01,1,1,4,Cr,0,False,0,,0.0,
R01_F01,1,1,4,Zn,1,False,4,4.0,0.0,1.0
R01_F01,1,1,4,V,0,False,0,,0.0,
R01_F01,1,1,4,Ti,0,False,0,,0.0,
R01_F01,1,1,4,Zr,0,False,0,,0.0,
R01_F01,1,1,4,Li,0,False,0,,0.0,
R01_F01,1,1,4,Ni,0,False,0,,0.0,
R01_F01,1,1,4,Be,0,False,0,,0.0,
R01_F01,1,1,4,Sc,0,False,0,,0.0,
R01_F01,1,1,4,Tsol,1,True,1,1.0,0.0,0.5134958636481454
R01_F01,1,1,4,Tage,1,True,2,2.0,0.0,0.48419265741596
R01_F01,1,1,4,tage,1,True,3,3.0,0.0,0.278386613165626
R01_F01,1,1,5,Si,0,False,0,,0.5,
R01_F01,1,1,5,Fe,0,False,0,,0.5,
R01_F01,1,1,5,Cu,0,False,0,,0.5,
R01_F01,1,1,5,Mn,0,False,0,,0.5,
R01_F01,1,1,5,Mg,1,False,5,5.0,0.5,0.6608986044525014
R01_F01,1,1,5,Cr,0,False,0,,0.5,
R01_F01,1,1,5,Zn,1,False,4,4.0,0.5,1.0
R01_F01,1,1,5,V,0,False,0,,0.5,
R01_F01,1,1,5,Ti,0,False,0,,0.5,
R01_F01,1,1,5,Zr,0,False,0,,0.5,
R01_F01,1,1,5,Li,0,False,0,,0.5,
R01_F01,1,1,5,Ni,0,False,0,,0.5,
R01_F01,1,1,5,Be,0,False,0,,0.5,
R01_F01,1,1,5,Sc,0,False,0,,0.5,
R01_F01,1,1,5,Tsol,1,True,1,1.0,0.5,0.6476154138558118
R01_F01,1,1,5,Tage,1,True,2,2.0,0.5,0.4285307731653957
R01_F01,1,1,5,tage,1,True,3,3.0,0.5,0.139193306582813
R01_F01,1,1,6,Si,0,False,0,,0.25,
R01_F01,1,1,6,Fe,0,False,0,,0.25,
R01_F01,1,1,6,Cu,1,False,6,6.0,0.25,0.3035169373714433
R01_F01,1,1,6,Mn,0,False,0,,0.25,
R01_F01,1,1,6,Mg,1,False,5,5.0,0.25,0.5693696368078163
R01_F01,1,1,6,Cr,0,False,0,,0.25,
R01_F01,1,1,6,Zn,1,False,4,4.0,0.25,1.0
R01_F01,1,1,6,V,0,False,0,,0.25,
R01_F01,1,1,6,Ti,0,False,0,,0.25,
R01_F01,1,1,6,Zr,0,False,0,,0.25,
R01_F01,1,1,6,Li,0,False,0,,0.25,
R01_F01,1,1,6,Ni,0,False,0,,0.25,
R01_F01,1,1,6,Be,0,False,0,,0.25,
R01_F01,1,1,6,Sc,0,False,0,,0.25,
R01_F01,1,1,6,Tsol,1,True,1,1.0,0.25,0.5805556387519786
R01_F01,1,1,6,Tage,1,True,2,2.0,0.25,0.4563617152906778
R01_F01,1,1,6,tage,1,True,3,3.0,0.25,0.2087899598742195
R01_F01,1,1,7,Si,0,False,0,,0.25,
R01_F01,1,1,7,Fe,0,False,0,,0.25,
R01_F01,1,1,7,Cu,1,False,6,6.0,0.25,0.3035169373714433
R01_F01,1,1,7,Mn,0,False,0,,0.25,
R01_F01,1,1,7,Mg,1,False,5,5.0,0.25,0.5693696368078163
R01_F01,1,1,7,Cr,0,False,0,,0.25,
R01_F01,1,1,7,Zn,1,False,4,4.0,0.25,1.0
R01_F01,1,1,7,V,0,False,0,,0.25,
R01_F01,1,1,7,Ti,1,False,7,7.0,0.25,0.2654131313951025
R01_F01,1,1,7,Zr,0,False,0,,0.25,
R01_F01,1,1,7,Li,0,False,0,,0.25,
R01_F01,1,1,7,Ni,0,False,0,,0.25,
R01_F01,1,1,7,Be,0,False,0,,0.25,
R01_F01,1,1,7,Sc,0,False,0,,0.25,
R01_F01,1,1,7,Tsol,1,True,1,1.0,0.25,0.5805556387519786
R01_F01,1,1,7,Tage,1,True,2,2.0,0.25,0.4563617152906778
R01_F01,1,1,7,tage,1,True,3,3.0,0.25,0.2087899598742195
R01_F01,1,1,8,Si,0,False,0,,0.0,
R01_F01,1,1,8,Fe,1,False,7,7.0,0.0,0.2228856662947742
R01_F01,1,1,8,Cu,1,False,6,6.0,0.0,0.3076720579078603
R01_F01,1,1,8,Mn,0,False,0,,0.0,
R01_F01,1,1,8,Mg,1,False,5,5.0,0.0,0.4778406691631313
R01_F01,1,1,8,Cr,0,False,0,,0.0,
R01_F01,1,1,8,Zn,1,False,4,4.0,0.0,1.0
R01_F01,1,1,8,V,0,False,0,,0.0,
R01_F01,1,1,8,Ti,1,False,8,8.0,0.0,0.2107038872011689
R01_F01,1,1,8,Zr,0,False,0,,0.0,
R01_F01,1,1,8,Li,0,False,0,,0.0,
R01_F01,1,1,8,Ni,0,False,0,,0.0,
R01_F01,1,1,8,Be,0,False,0,,0.0,
R01_F01,1,1,8,Sc,0,False,0,,0.0,
R01_F01,1,1,8,Tsol,1,True,1,1.0,0.0,0.5134958636481454
R01_F01,1,1,8,Tage,1,True,2,2.0,0.0,0.48419265741596
R01_F01,1,1,8,tage,1,True,3,3.0,0.0,0.278386613165626
R01_F01,1,1,9,Si,0,False,0,,0.0,
R01_F01,1,1,9,Fe,1,False,7,7.0,0.0,0.2228856662947742
R01_F01,1,1,9,Cu,1,False,6,6.0,0.0,0.3076720579078603
R01_F01,1,1,9,Mn,0,False,0,,0.0,
R01_F01,1,1,9,Mg,1,False,5,5.0,0.0,0.4778406691631313
R01_F01,1,1,9,Cr,0,False,0,,0.0,
R01_F01,1,1,9,Zn,1,False,4,4.0,0.0,1.0
R01_F01,1,1,9,V,0,False,0,,0.0,
R01_F01,1,1,9,Ti,1,False,8,8.0,0.0,0.2107038872011689
R01_F01,1,1,9,Zr,1,False,9,9.0,0.0,0.182144477817691
R01_F01,1,1,9,Li,0,False,0,,0.0,
R01_F01,1,1,9,Ni,0,False,0,,0.0,
R01_F01,1,1,9,Be,0,False,0,,0.0,
R01_F01,1,1,9,Sc,0,False,0,,0.0,
R01_F01,1,1,9,Tsol,1,True,1,1.0,0.0,0.5134958636481454
R01_F01,1,1,9,Tage,1,True,2,2.0,0.0,0.48419265741596
R01_F01,1,1,9,tage,1,True,3,3.0,0.0,0.278386613165626
R01_F01,1,1,10,Si,1,False,9,9.0,0.5,0.2710889052241365
R01_F01,1,1,10,Fe,1,False,8,8.0,0.5,0.2901367696413761
R01_F01,1,1,10,Cu,1,False,7,7.0,0.5,0.2993618168350263
R01_F01,1,1,10,Mn,0,False,0,,0.5,
R01_F01,1,1,10,Mg,1,False,5,5.0,0.5,0.6608986044525014
R01_F01,1,1,10,Cr,0,False,0,,0.5,
R01_F01,1,1,10,Zn,1,False,4,4.0,0.5,1.0
R01_F01,1,1,10,V,0,False,0,,0.5,
R01_F01,1,1,10,Ti,1,False,6,6.0,0.5,0.320122375589036
R01_F01,1,1,10,Zr,0,False,0,,0.5,
R01_F01,1,1,10,Li,0,False,0,,0.5,
R01_F01,1,1,10,Ni,0,False,0,,0.5,
R01_F01,1,1,10,Be,0,False,0,,0.5,
R01_F01,1,1,10,Sc,1,False,10,10.0,0.5,0.2441644853478706
R01_F01,1,1,10,Tsol,1,True,1,1.0,0.5,0.6476154138558118
R01_F01,1,1,10,Tage,1,True,2,2.0,0.5,0.4285307731653957
R01_F01,1,1,10,tage,1,True,3,3.0,0.5,0.139193306582813
R01_F01,1,1,11,Si,1,False,9,9.0,0.25,0.2091789386669604
R01_F01,1,1,11,Fe,1,False,8,8.0,0.25,0.2565112179680752
R01_F01,1,1,11,Cu,1,False,6,6.0,0.25,0.3035169373714433
R01_F01,1,1,11,Mn,0,False,0,,0.25,
R01_F01,1,1,11,Mg,1,False,5,5.0,0.25,0.5693696368078163
R01_F01,1,1,11,Cr,0,False,0,,0.25,
R01_F01,1,1,11,Zn,1,False,4,4.0,0.25,1.0
R01_F01,1,1,11,V,0,False,0,,0.25,
R01_F01,1,1,11,Ti,1,False,7,7.0,0.25,0.2654131313951025
R01_F01,1,1,11,Zr,1,False,10,10.0,0.25,0.2064941050258356
R01_F01,1,1,11,Li,0,False,0,,0.25,
R01_F01,1,1,11,Ni,0,False,0,,0.25,
R01_F01,1,1,11,Be,0,False,0,,0.25,
R01_F01,1,1,11,Sc,1,False,11,11.0,0.25,0.174332796430578
R01_F01,1,1,11,Tsol,1,True,1,1.0,0.25,0.5805556387519786
R01_F01,1,1,11,Tage,1,True,2,2.0,0.25,0.4563617152906778
R01_F01,1,1,11,tage,1,True,3,3.0,0.25,0.2087899598742195
R01_F01,1,1,12,Si,1,False,9,9.0,0.5,0.2710889052241365
R01_F01,1,1,12,Fe,1,False,8,8.0,0.5,0.2901367696413761
R01_F01,1,1,12,Cu,1,False,7,7.0,0.5,0.2993618168350263
R01_F01,1,1,12,Mn,0,False,0,,0.5,
R01_F01,1,1,12,Mg,1,False,5,5.0,0.5,0.6608986044525014
R01_F01,1,1,12,Cr,0,False,0,,0.5,
R01_F01,1,1,12,Zn,1,False,4,4.0,0.5,1.0
R01_F01,1,1,12,V,0,False,0,,0.5,
R01_F01,1,1,12,Ti,1,False,6,6.0,0.5,0.320122375589036
R01_F01,1,1,12,Zr,1,False,11,11.0,0.5,0.2308437322339802
R01_F01,1,1,12,Li,1,False,12,12.0,0.5,0.2039215026773723
R01_F01,1,1,12,Ni,0,False,0,,0.5,
R01_F01,1,1,12,Be,0,False,0,,0.5,
R01_F01,1,1,12,Sc,1,False,10,10.0,0.5,0.2441644853478706
R01_F01,1,1,12,Tsol,1,True,1,1.0,0.5,0.6476154138558118
R01_F01,1,1,12,Tage,1,True,2,2.0,0.5,0.4285307731653957
R01_F01,1,1,12,tage,1,True,3,3.0,0.5,0.139193306582813
R01_F01,1,1,13,Si,1,False,10,10.0,0.0,0.1472689721097844
R01_F01,1,1,13,Fe,1,False,7,7.0,0.0,0.2228856662947742
R01_F01,1,1,13,Cu,1,False,6,6.0,0.0,0.3076720579078603
R01_F01,1,1,13,Mn,1,False,11,11.0,0.0,0.1276809971996703
R01_F01,1,1,13,Mg,1,False,5,5.0,0.0,0.4778406691631313
R01_F01,1,1,13,Cr,0,False,0,,0.0,
R01_F01,1,1,13,Zn,1,False,4,4.0,0.0,1.0
R01_F01,1,1,13,V,0,False,0,,0.0,
R01_F01,1,1,13,Ti,1,False,8,8.0,0.0,0.2107038872011689
R01_F01,1,1,13,Zr,1,False,9,9.0,0.0,0.182144477817691
R01_F01,1,1,13,Li,1,False,12,12.0,0.0,0.1210637441520649
R01_F01,1,1,13,Ni,0,False,0,,0.0,
R01_F01,1,1,13,Be,0,False,0,,0.0,
R01_F01,1,1,13,Sc,1,False,13,13.0,0.0,0.1045011075132854
R01_F01,1,1,13,Tsol,1,True,1,1.0,0.0,0.5134958636481454
R01_F01,1,1,13,Tage,1,True,2,2.0,0.0,0.48419265741596
R01_F01,1,1,13,tage,1,True,3,3.0,0.0,0.278386613165626
R01_F01,1,1,14,Si,1,False,7,7.0,0.75,0.3329988717813125
R01_F01,1,1,14,Fe,1,False,8,8.0,0.75,0.3237623213146769
R01_F01,1,1,14,Cu,1,False,10,10.0,0.75,0.2952066962986093
R01_F01,1,1,14,Mn,0,False,0,,0.75,
R01_F01,1,1,14,Mg,1,False,5,5.0,0.75,0.7524275720971864
R01_F01,1,1,14,Cr,1,False,13,13.0,0.75,0.1702910838973723
R01_F01,1,1,14,Zn,1,False,4,4.0,0.75,1.0
R01_F01,1,1,14,V,0,False,0,,0.75,
R01_F01,1,1,14,Ti,1,False,6,6.0,0.75,0.3748316197829695
R01_F01,1,1,14,Zr,1,False,11,11.0,0.75,0.2551933594421248
R01_F01,1,1,14,Li,1,False,12,12.0,0.75,0.245350381940026
R01_F01,1,1,14,Ni,0,False,0,,0.75,
R01_F01,1,1,14,Be,1,False,14,14.0,0.75,0.1217147712578487
R01_F01,1,1,14,Sc,1,False,9,9.0,0.75,0.3139961742651632
R01_F01,1,1,14,Tsol,1,True,1,1.0,0.75,0.714675188959645
R01_F01,1,1,14,Tage,1,True,2,2.0,0.75,0.4006998310401135
R01_F01,1,1,14,tage,1,True,3,3.0,0.75,0.0695966532914065
R01_F01,1,1,15,Si,1,False,9,9.0,0.25,0.2091789386669604
R01_F01,1,1,15,Fe,1,False,8,8.0,0.25,0.2565112179680752
R01_F01,1,1,15,Cu,1,False,6,6.0,0.25,0.3035169373714433
R01_F01,1,1,15,Mn,1,False,14,14.0,0.25,0.1096412077289285
R01_F01,1,1,15,Mg,1,False,5,5.0,0.25,0.5693696368078163
R01_F01,1,1,15,Cr,1,False,13,13.0,0.25,0.1216175047317761
R01_F01,1,1,15,Zn,1,False,4,4.0,0.25,1.0
R01_F01,1,1,15,V,0,False,0,,0.25,
R01_F01,1,1,15,Ti,1,False,7,7.0,0.25,0.2654131313951025
R01_F01,1,1,15,Zr,1,False,10,10.0,0.25,0.2064941050258356
R01_F01,1,1,15,Li,1,False,12,12.0,0.25,0.1624926234147186
R01_F01,1,1,15,Ni,0,False,0,,0.25,
R01_F01,1,1,15,Be,1,False,15,15.0,0.25,0.0625444982546594
R01_F01,1,1,15,Sc,1,False,11,11.0,0.25,0.174332796430578
R01_F01,1,1,15,Tsol,1,True,1,1.0,0.25,0.5805556387519786
R01_F01,1,1,15,Tage,1,True,2,2.0,0.25,0.4563617152906778
R01_F01,1,1,15,tage,1,True,3,3.0,0.25,0.2087899598742195
R01_F01,1,1,16,Si,1,False,9,9.0,0.25,0.2091789386669604
R01_F01,1,1,16,Fe,1,False,8,8.0,0.25,0.2565112179680752
R01_F01,1,1,16,Cu,1,False,6,6.0,0.25,0.3035169373714433
R01_F01,1,1,16,Mn,1,False,14,14.0,0.25,0.1096412077289285
R01_F01,1,1,16,Mg,1,False,5,5.0,0.25,0.5693696368078163
R01_F01,1,1,16,Cr,1,False,13,13.0,0.25,0.1216175047317761
R01_F01,1,1,16,Zn,1,False,4,4.0,0.25,1.0
R01_F01,1,1,16,V,0,False,0,,0.25,
R01_F01,1,1,16,Ti,1,False,7,7.0,0.25,0.2654131313951025
R01_F01,1,1,16,Zr,1,False,10,10.0,0.25,0.2064941050258356
R01_F01,1,1,16,Li,1,False,12,12.0,0.25,0.1624926234147186
R01_F01,1,1,16,Ni,1,False,16,16.0,0.25,0.0490970615351363
R01_F01,1,1,16,Be,1,False,15,15.0,0.25,0.0625444982546594
R01_F01,1,1,16,Sc,1,False,11,11.0,0.25,0.174332796430578
R01_F01,1,1,16,Tsol,1,True,1,1.0,0.25,0.5805556387519786
R01_F01,1,1,16,Tage,1,True,2,2.0,0.25,0.4563617152906778
R01_F01,1,1,16,tage,1,True,3,3.0,0.25,0.2087899598742195
R01_F01,1,1,17,Si,1,False,7,7.0,1.0,0.3949088383384886
R01_F01,1,1,17,Fe,1,False,9,9.0,1.0,0.3573878729879779
R01_F01,1,1,17,Cu,1,False,10,10.0,1.0,0.2910515757621922
R01_F01,1,1,17,Mn,1,False,16,16.0,1.0,0.0555218393167032
R01_F01,1,1,17,Mg,1,False,5,5.0,1.0,0.8439565397418713
R01_F01,1,1,17,Cr,1,False,13,13.0,1.0,0.1946278734801704
R01_F01,1,1,17,Zn,1,False,4,4.0,1.0,1.0
R01_F01,1,1,17,V,1,False,17,17.0,1.0,0.0301945334424279
R01_F01,1,1,17,Ti,1,False,6,6.0,1.0,0.4295408639769031
R01_F01,1,1,17,Zr,1,False,12,12.0,1.0,0.2795429866502693
R01_F01,1,1,17,Li,1,False,11,11.0,1.0,0.2867792612026797
R01_F01,1,1,17,Ni,1,False,15,15.0,1.0,0.1343046924362786
R01_F01,1,1,17,Be,1,False,14,14.0,1.0,0.1512999077594433
R01_F01,1,1,17,Sc,1,False,8,8.0,1.0,0.3838278631824558
R01_F01,1,1,17,Tsol,1,True,1,1.0,1.0,0.7817349640634782
R01_F01,1,1,17,Tage,1,True,2,2.0,1.0,0.3728688889148313
R01_F01,1,1,17,tage,1,True,3,3.0,1.0,0.0
R01_F02,1,2,3,Si,0,False,0,,0.0,
R01_F02,1,2,3,Fe,0,False,0,,0.0,
R01_F02,1,2,3,Cu,0,False,0,,0.0,
R01_F02,1,2,3,Mn,0,False,0,,0.0,
R01_F02,1,2,3,Mg,0,False,0,,0.0,
R01_F02,1,2,3,Cr,0,False,0,,0.0,
R01_F02,1,2,3,Zn,0,False,0,,0.0,
R01_F02,1,2,3,V,0,False,0,,0.0,
R01_F02,1,2,3,Ti,0,False,0,,0.0,
R01_F02,1,2,3,Zr,0,False,0,,0.0,
R01_F02,1,2,3,Li,0,False,0,,0.0,
R01_F02,1,2,3,Ni,0,False,0,,0.0,
R01_F02,1,2,3,Be,0,False,0,,0.0,
R01_F02,1,2,3,Sc,0,False,0,,0.0,
R01_F02,1,2,3,Tsol,1,True,1,1.0,0.0,0.4433217663364101
R01_F02,1,2,3,Tage,1,True,2,2.0,0.0,0.5020519364422101
R01_F02,1,2,3,tage,1,True,3,3.0,0.0,0.2910905242799361
R01_F02,1,2,4,Si,0,False,0,,0.5,
R01_F02,1,2,4,Fe,0,False,0,,0.5,
R01_F02,1,2,4,Cu,0,False,0,,0.5,
R01_F02,1,2,4,Mn,0,False,0,,0.5,
R01_F02,1,2,4,Mg,0,False,0,,0.5,
R01_F02,1,2,4,Cr,0,False,0,,0.5,
R01_F02,1,2,4,Zn,1,False,4,4.0,0.5,1.0
R01_F02,1,2,4,V,0,False,0,,0.5,
R01_F02,1,2,4,Ti,0,False,0,,0.5,
R01_F02,1,2,4,Zr,0,False,0,,0.5,
R01_F02,1,2,4,Li,0,False,0,,0.5,
R01_F02,1,2,4,Ni,0,False,0,,0.5,
R01_F02,1,2,4,Be,0,False,0,,0.5,
R01_F02,1,2,4,Sc,0,False,0,,0.5,
R01_F02,1,2,4,Tsol,1,True,1,1.0,0.5,0.6119658359043367
R01_F02,1,2,4,Tage,1,True,2,2.0,0.5,0.4557448895622639
R01_F02,1,2,4,tage,1,True,3,3.0,0.5,0.145545262139968
R01_F02,1,2,5,Si,0,False,0,,0.25,
R01_F02,1,2,5,Fe,0,False,0,,0.25,
R01_F02,1,2,5,Cu,0,False,0,,0.25,
R01_F02,1,2,5,Mn,0,False,0,,0.25,
R01_F02,1,2,5,Mg,1,False,5,5.0,0.25,0.5189742006010339
R01_F02,1,2,5,Cr,0,False,0,,0.25,
R01_F02,1,2,5,Zn,1,False,4,4.0,0.25,1.0
R01_F02,1,2,5,V,0,False,0,,0.25,
R01_F02,1,2,5,Ti,0,False,0,,0.25,
R01_F02,1,2,5,Zr,0,False,0,,0.25,
R01_F02,1,2,5,Li,0,False,0,,0.25,
R01_F02,1,2,5,Ni,0,False,0,,0.25,
R01_F02,1,2,5,Be,0,False,0,,0.25,
R01_F02,1,2,5,Sc,0,False,0,,0.25,
R01_F02,1,2,5,Tsol,1,True,1,1.0,0.25,0.5276438011203735
R01_F02,1,2,5,Tage,1,True,2,2.0,0.25,0.4788984130022369
R01_F02,1,2,5,tage,1,True,3,3.0,0.25,0.2183178932099521
R01_F02,1,2,6,Si,0,False,0,,0.25,
R01_F02,1,2,6,Fe,0,False,0,,0.25,
R01_F02,1,2,6,Cu,1,False,6,6.0,0.25,0.3017825433688856
R01_F02,1,2,6,Mn,0,False,0,,0.25,
R01_F02,1,2,6,Mg,1,False,5,5.0,0.25,0.5189742006010339
R01_F02,1,2,6,Cr,0,False,0,,0.25,
R01_F02,1,2,6,Zn,1,False,4,4.0,0.25,1.0
R01_F02,1,2,6,V,0,False,0,,0.25,
R01_F02,1,2,6,Ti,0,False,0,,0.25,
R01_F02,1,2,6,Zr,0,False,0,,0.25,
R01_F02,1,2,6,Li,0,False,0,,0.25,
R01_F02,1,2,6,Ni,0,False,0,,0.25,
R01_F02,1,2,6,Be,0,False,0,,0.25,
R01_F02,1,2,6,Sc,0,False,0,,0.25,
R01_F02,1,2,6,Tsol,1,True,1,1.0,0.25,0.5276438011203735
R01_F02,1,2,6,Tage,1,True,2,2.0,0.25,0.4788984130022369
R01_F02,1,2,6,tage,1,True,3,3.0,0.25,0.2183178932099521
R01_F02,1,2,7,Si,0,False,0,,0.5,
R01_F02,1,2,7,Fe,0,False,0,,0.5,
R01_F02,1,2,7,Cu,1,False,6,6.0,0.5,0.3094158384841703
R01_F02,1,2,7,Mn,0,False,0,,0.5,
R01_F02,1,2,7,Mg,1,False,5,5.0,0.5,0.6258432320530664
R01_F02,1,2,7,Cr,0,False,0,,0.5,
R01_F02,1,2,7,Zn,1,False,4,4.0,0.5,1.0
R01_F02,1,2,7,V,0,False,0,,0.5,
R01_F02,1,2,7,Ti,1,False,7,7.0,0.5,0.3066758540417358
R01_F02,1,2,7,Zr,0,False,0,,0.5,
R01_F02,1,2,7,Li,0,False,0,,0.5,
R01_F02,1,2,7,Ni,0,False,0,,0.5,
R01_F02,1,2,7,Be,0,False,0,,0.5,
R01_F02,1,2,7,Sc,0,False,0,,0.5,
R01_F02,1,2,7,Tsol,1,True,1,1.0,0.5,0.6119658359043367
R01_F02,1,2,7,Tage,1,True,2,2.0,0.5,0.4557448895622639
R01_F02,1,2,7,tage,1,True,3,3.0,0.5,0.145545262139968
R01_F02,1,2,8,Si,0,False,0,,0.0,
R01_F02,1,2,8,Fe,1,False,8,8.0,0.0,0.1652939803825845
R01_F02,1,2,8,Cu,1,False,6,6.0,0.0,0.2941492482536009
R01_F02,1,2,8,Mn,0,False,0,,0.0,
R01_F02,1,2,8,Mg,1,False,5,5.0,0.0,0.4121051691490014
R01_F02,1,2,8,Cr,0,False,0,,0.0,
R01_F02,1,2,8,Zn,1,False,4,4.0,0.0,1.0
R01_F02,1,2,8,V,0,False,0,,0.0,
R01_F02,1,2,8,Ti,1,False,7,7.0,0.0,0.1843312425853808
R01_F02,1,2,8,Zr,0,False,0,,0.0,
R01_F02,1,2,8,Li,0,False,0,,0.0,
R01_F02,1,2,8,Ni,0,False,0,,0.0,
R01_F02,1,2,8,Be,0,False,0,,0.0,
R01_F02,1,2,8,Sc,0,False,0,,0.0,
R01_F02,1,2,8,Tsol,1,True,1,1.0,0.0,0.4433217663364101
R01_F02,1,2,8,Tage,1,True,2,2.0,0.0,0.5020519364422101
R01_F02,1,2,8,tage,1,True,3,3.0,0.0,0.2910905242799361
R01_F02,1,2,9,Si,1,False,9,9.0,0.5,0.2780330997903317
R01_F02,1,2,9,Fe,1,False,8,8.0,0.5,0.2899708006013465
R01_F02,1,2,9,Cu,1,False,6,6.0,0.5,0.3094158384841703
R01_F02,1,2,9,Mn,0,False,0,,0.5,
R01_F02,1,2,9,Mg,1,False,5,5.0,0.5,0.6258432320530664
R01_F02,1,2,9,Cr,0,False,0,,0.5,
R01_F02,1,2,9,Zn,1,False,4,4.0,0.5,1.0
R01_F02,1,2,9,V,0,False,0,,0.5,
R01_F02,1,2,9,Ti,1,False,7,7.0,0.5,0.3066758540417358
R01_F02,1,2,9,Zr,0,False,0,,0.5,
R01_F02,1,2,9,Li,0,False,0,,0.5,
R01_F02,1,2,9,Ni,0,False,0,,0.5,
R01_F02,1,2,9,Be,0,False,0,,0.5,
R01_F02,1,2,9,Sc,0,False,0,,0.5,
R01_F02,1,2,9,Tsol,1,True,1,1.0,0.5,0.6119658359043367
R01_F02,1,2,9,Tage,1,True,2,2.0,0.5,0.4557448895622639
R01_F02,1,2,9,tage,1,True,3,3.0,0.5,0.145545262139968
R01_F02,1,2,10,Si,1,False,9,9.0,0.5,0.2780330997903317
R01_F02,1,2,10,Fe,1,False,8,8.0,0.5,0.2899708006013465
R01_F02,1,2,10,Cu,1,False,6,6.0,0.5,0.3094158384841703
R01_F02,1,2,10,Mn,0,False,0,,0.5,
R01_F02,1,2,10,Mg,1,False,5,5.0,0.5,0.6258432320530664
R01_F02,1,2,10,Cr,0,False,0,,0.5,
R01_F02,1,2,10,Zn,1,False,4,4.0,0.5,1.0
R01_F02,1,2,10,V,0,False,0,,0.5,
R01_F02,1,2,10,Ti,1,False,7,7.0,0.5,0.3066758540417358
R01_F02,1,2,10,Zr,0,False,0,,0.5,
R01_F02,1,2,10,Li,0,False,0,,0.5,
R01_F02,1,2,10,Ni,0,False,0,,0.5,
R01_F02,1,2,10,Be,0,False,0,,0.5,
R01_F02,1,2,10,Sc,1,False,10,10.0,0.5,0.2420595114267174
R01_F02,1,2,10,Tsol,1,True,1,1.0,0.5,0.6119658359043367
R01_F02,1,2,10,Tage,1,True,2,2.0,0.5,0.4557448895622639
R01_F02,1,2,10,tage,1,True,3,3.0,0.5,0.145545262139968
R01_F02,1,2,11,Si,1,False,9,9.0,0.5,0.2780330997903317
R01_F02,1,2,11,Fe,1,False,8,8.0,0.5,0.2899708006013465
R01_F02,1,2,11,Cu,1,False,6,6.0,0.5,0.3094158384841703
R01_F02,1,2,11,Mn,0,False,0,,0.5,
R01_F02,1,2,11,Mg,1,False,5,5.0,0.5,0.6258432320530664
R01_F02,1,2,11,Cr,0,False,0,,0.5,
R01_F02,1,2,11,Zn,1,False,4,4.0,0.5,1.0
R01_F02,1,2,11,V,0,False,0,,0.5,
R01_F02,1,2,11,Ti,1,False,7,7.0,0.5,0.3066758540417358
R01_F02,1,2,11,Zr,1,False,11,11.0,0.5,0.2285616181876844
R01_F02,1,2,11,Li,0,False,0,,0.5,
R01_F02,1,2,11,Ni,0,False,0,,0.5,
R01_F02,1,2,11,Be,0,False,0,,0.5,
R01_F02,1,2,11,Sc,1,False,10,10.0,0.5,0.2420595114267174
R01_F02,1,2,11,Tsol,1,True,1,1.0,0.5,0.6119658359043367
R01_F02,1,2,11,Tage,1,True,2,2.0,0.5,0.4557448895622639
R01_F02,1,2,11,tage,1,True,3,3.0,0.5,0.145545262139968
R01_F02,1,2,12,Si,1,False,9,9.0,0.25,0.1967941282970135
R01_F02,1,2,12,Fe,1,False,8,8.0,0.25,0.2276323904919655
R01_F02,1,2,12,Cu,1,False,6,6.0,0.25,0.3017825433688856
R01_F02,1,2,12,Mn,0,False,0,,0.25,
R01_F02,1,2,12,Mg,1,False,5,5.0,0.25,0.5189742006010339
R01_F02,1,2,12,Cr,1,False,12,12.0,0.25,0.1459908110132085
R01_F02,1,2,12,Zn,1,False,4,4.0,0.25,1.0
R01_F02,1,2,12,V,0,False,0,,0.25,
R01_F02,1,2,12,Ti,1,False,7,7.0,0.25,0.2455035483135583
R01_F02,1,2,12,Zr,1,False,10,10.0,0.25,0.1955694238854355
R01_F02,1,2,12,Li,0,False,0,,0.25,
R01_F02,1,2,12,Ni,0,False,0,,0.25,
R01_F02,1,2,12,Be,0,False,0,,0.25,
R01_F02,1,2,12,Sc,1,False,11,11.0,0.25,0.1588784830610778
R01_F02,1,2,12,Tsol,1,True,1,1.0,0.25,0.5276438011203735
R01_F02,1,2,12,Tage,1,True,2,2.0,0.25,0.4788984130022369
R01_F02,1,2,12,tage,1,True,3,3.0,0.25,0.2183178932099521
R01_F02,1,2,13,Si,1,False,7,7.0,0.75,0.3592720712836499
R01_F02,1,2,13,Fe,1,False,8,8.0,0.75,0.3523092107107275
R01_F02,1,2,13,Cu,1,False,10,10.0,0.75,0.317049133599455
R01_F02,1,2,13,Mn,0,False,0,,0.75,
R01_F02,1,2,13,Mg,1,False,5,5.0,0.75,0.7327122635050988
R01_F02,1,2,13,Cr,1,False,12,12.0,0.75,0.2450700062274488
R01_F02,1,2,13,Zn,1,False,4,4.0,0.75,1.0
R01_F02,1,2,13,V,0,False,0,,0.75,
R01_F02,1,2,13,Ti,1,False,6,6.0,0.75,0.3678481597699133
R01_F02,1,2,13,Zr,1,False,11,11.0,0.75,0.2615538124899332
R01_F02,1,2,13,Li,1,False,13,13.0,0.75,0.2109040916190792
R01_F02,1,2,13,Ni,0,False,0,,0.75,
R01_F02,1,2,13,Be,0,False,0,,0.75,
R01_F02,1,2,13,Sc,1,False,9,9.0,0.75,0.3252405397923571
R01_F02,1,2,13,Tsol,1,True,1,1.0,0.75,0.6962878706882999
R01_F02,1,2,13,Tage,1,True,2,2.0,0.75,0.4325913661222907
R01_F02,1,2,13,tage,1,True,3,3.0,0.75,0.072772631069984
R01_F02,1,2,14,Si,1,False,9,9.0,0.25,0.1967941282970135
R01_F02,1,2,14,Fe,1,False,8,8.0,0.25,0.2276323904919655
R01_F02,1,2,14,Cu,1,False,6,6.0,0.25,0.3017825433688856
R01_F02,1,2,14,Mn,1,False,14,14.0,0.25,0.1185835372494617
R01_F02,1,2,14,Mg,1,False,5,5.0,0.25,0.5189742006010339
R01_F02,1,2,14,Cr,1,False,12,12.0,0.25,0.1459908110132085
R01_F02,1,2,14,Zn,1,False,4,4.0,0.25,1.0
R01_F02,1,2,14,V,0,False,0,,0.25,
R01_F02,1,2,14,Ti,1,False,7,7.0,0.25,0.2455035483135583
R01_F02,1,2,14,Zr,1,False,10,10.0,0.25,0.1955694238854355
R01_F02,1,2,14,Li,1,False,13,13.0,0.25,0.1404647021416571
R01_F02,1,2,14,Ni,0,False,0,,0.25,
R01_F02,1,2,14,Be,0,False,0,,0.25,
R01_F02,1,2,14,Sc,1,False,11,11.0,0.25,0.1588784830610778
R01_F02,1,2,14,Tsol,1,True,1,1.0,0.25,0.5276438011203735
R01_F02,1,2,14,Tage,1,True,2,2.0,0.25,0.4788984130022369
R01_F02,1,2,14,tage,1,True,3,3.0,0.25,0.2183178932099521
R01_F02,1,2,15,Si,1,False,6,6.0,1.0,0.4405110427769681
R01_F02,1,2,15,Fe,1,False,8,8.0,1.0,0.4146476208201085
R01_F02,1,2,15,Cu,1,False,10,10.0,1.0,0.3246824287147397
R01_F02,1,2,15,Mn,0,False,0,,1.0,
R01_F02,1,2,15,Mg,1,False,5,5.0,1.0,0.8395812949571313
R01_F02,1,2,15,Cr,1,False,11,11.0,1.0,0.2946096038345689
R01_F02,1,2,15,Zn,1,False,4,4.0,1.0,1.0
R01_F02,1,2,15,V,0,False,0,,1.0,
R01_F02,1,2,15,Ti,1,False,7,7.0,1.0,0.4290204654980908
R01_F02,1,2,15,Zr,1,False,12,12.0,1.0,0.294546006792182
R01_F02,1,2,15,Li,1,False,13,13.0,1.0,0.2461237863577902
R01_F02,1,2,15,Ni,1,False,15,15.0,1.0,0.1721656385156597
R01_F02,1,2,15,Be,1,False,14,14.0,1.0,0.2081741453219136
R01_F02,1,2,15,Sc,1,False,9,9.0,1.0,0.4084215681579968
R01_F02,1,2,15,Tsol,1,True,1,1.0,1.0,0.7806099054722633
R01_F02,1,2,15,Tage,1,True,2,2.0,1.0,0.4094378426823176
R01_F02,1,2,15,tage,1,True,3,3.0,1.0,0.0
R01_F02,1,2,16,Si,1,False,9,9.0,0.25,0.1967941282970135
R01_F02,1,2,16,Fe,1,False,8,8.0,0.25,0.2276323904919655
R01_F02,1,2,16,Cu,1,False,6,6.0,0.25,0.3017825433688856
R01_F02,1,2,16,Mn,1,False,14,14.0,0.25,0.1185835372494617
R01_F02,1,2,16,Mg,1,False,5,5.0,0.25,0.5189742006010339
R01_F02,1,2,16,Cr,1,False,12,12.0,0.25,0.1459908110132085
R01_F02,1,2,16,Zn,1,False,4,4.0,0.25,1.0
R01_F02,1,2,16,V,0,False,0,,0.25,
R01_F02,1,2,16,Ti,1,False,7,7.0,0.25,0.2455035483135583
R01_F02,1,2,16,Zr,1,False,10,10.0,0.25,0.1955694238854355
R01_F02,1,2,16,Li,1,False,13,13.0,0.25,0.1404647021416571
R01_F02,1,2,16,Ni,1,False,16,16.0,0.25,0.0468302982367327
R01_F02,1,2,16,Be,1,False,15,15.0,0.25,0.0586808706034124
R01_F02,1,2,16,Sc,1,False,11,11.0,0.25,0.1588784830610778
R01_F02,1,2,16,Tsol,1,True,1,1.0,0.25,0.5276438011203735
R01_F02,1,2,16,Tage,1,True,2,2.0,0.25,0.4788984130022369
R01_F02,1,2,16,tage,1,True,3,3.0,0.25,0.2183178932099521
R01_F02,1,2,17,Si,1,False,7,7.0,0.75,0.3592720712836499
R01_F02,1,2,17,Fe,1,False,8,8.0,0.75,0.3523092107107275
R01_F02,1,2,17,Cu,1,False,10,10.0,0.75,0.317049133599455
R01_F02,1,2,17,Mn,1,False,17,17.0,0.75,0.1033541398668655
R01_F02,1,2,17,Mg,1,False,5,5.0,0.75,0.7327122635050988
R01_F02,1,2,17,Cr,1,False,12,12.0,0.75,0.2450700062274488
R01_F02,1,2,17,Zn,1,False,4,4.0,0.75,1.0
R01_F02,1,2,17,V,1,False,16,16.0,0.75,0.1146996487023954
R01_F02,1,2,17,Ti,1,False,6,6.0,0.75,0.3678481597699133
R01_F02,1,2,17,Zr,1,False,11,11.0,0.75,0.2615538124899332
R01_F02,1,2,17,Li,1,False,13,13.0,0.75,0.2109040916190792
R01_F02,1,2,17,Ni,1,False,15,15.0,0.75,0.1303871917560173
R01_F02,1,2,17,Be,1,False,14,14.0,0.75,0.1583430537490799
R01_F02,1,2,17,Sc,1,False,9,9.0,0.75,0.3252405397923571
R01_F02,1,2,17,Tsol,1,True,1,1.0,0.75,0.6962878706882999
R01_F02,1,2,17,Tage,1,True,2,2.0,0.75,0.4325913661222907
R01_F02,1,2,17,tage,1,True,3,3.0,0.75,0.072772631069984
R01_F03,1,3,3,Si,0,False,0,,0.5,
R01_F03,1,3,3,Fe,0,False,0,,0.5,
R01_F03,1,3,3,Cu,0,False,0,,0.5,
R01_F03,1,3,3,Mn,0,False,0,,0.5,
R01_F03,1,3,3,Mg,0,False,0,,0.5,
R01_F03,1,3,3,Cr,0,False,0,,0.5,
R01_F03,1,3,3,Zn,0,False,0,,0.5,
R01_F03,1,3,3,V,0,False,0,,0.5,
R01_F03,1,3,3,Ti,0,False,0,,0.5,
R01_F03,1,3,3,Zr,0,False,0,,0.5,
R01_F03,1,3,3,Li,0,False,0,,0.5,
R01_F03,1,3,3,Ni,0,False,0,,0.5,
R01_F03,1,3,3,Be,0,False,0,,0.5,
R01_F03,1,3,3,Sc,0,False,0,,0.5,
R01_F03,1,3,3,Tsol,1,True,1,1.0,0.5,0.6426615187499387
R01_F03,1,3,3,Tage,1,True,2,2.0,0.5,0.4236605575263259
R01_F03,1,3,3,tage,1,True,3,3.0,0.5,0.1302791102721847
R01_F03,1,3,4,Si,0,False,0,,0.75,
R01_F03,1,3,4,Fe,0,False,0,,0.75,
R01_F03,1,3,4,Cu,0,False,0,,0.75,
R01_F03,1,3,4,Mn,0,False,0,,0.75,
R01_F03,1,3,4,Mg,0,False,0,,0.75,
R01_F03,1,3,4,Cr,0,False,0,,0.75,
R01_F03,1,3,4,Zn,1,False,4,4.0,0.75,1.0
R01_F03,1,3,4,V,0,False,0,,0.75,
R01_F03,1,3,4,Ti,0,False,0,,0.75,
R01_F03,1,3,4,Zr,0,False,0,,0.75,
R01_F03,1,3,4,Li,0,False,0,,0.75,
R01_F03,1,3,4,Ni,0,False,0,,0.75,
R01_F03,1,3,4,Be,0,False,0,,0.75,
R01_F03,1,3,4,Sc,0,False,0,,0.75,
R01_F03,1,3,4,Tsol,1,True,1,1.0,0.75,0.7226324950931308
R01_F03,1,3,4,Tage,1,True,2,2.0,0.75,0.4272896381150246
R01_F03,1,3,4,tage,1,True,3,3.0,0.75,0.0651395551360923
R01_F03,1,3,5,Si,0,False,0,,0.25,
R01_F03,1,3,5,Fe,0,False,0,,0.25,
R01_F03,1,3,5,Cu,0,False,0,,0.25,
R01_F03,1,3,5,Mn,0,False,0,,0.25,
R01_F03,1,3,5,Mg,1,False,5,5.0,0.25,0.5647005421572561
R01_F03,1,3,5,Cr,0,False,0,,0.25,
R01_F03,1,3,5,Zn,1,False,4,4.0,0.25,1.0
R01_F03,1,3,5,V,0,False,0,,0.25,
R01_F03,1,3,5,Ti,0,False,0,,0.25,
R01_F03,1,3,5,Zr,0,False,0,,0.25,
R01_F03,1,3,5,Li,0,False,0,,0.25,
R01_F03,1,3,5,Ni,0,False,0,,0.25,
R01_F03,1,3,5,Be,0,False,0,,0.25,
R01_F03,1,3,5,Sc,0,False,0,,0.25,
R01_F03,1,3,5,Tsol,1,True,1,1.0,0.25,0.5626905424067465
R01_F03,1,3,5,Tage,1,True,2,2.0,0.25,0.4200314769376272
R01_F03,1,3,5,tage,1,True,3,3.0,0.25,0.195418665408277
R01_F03,1,3,6,Si,0,False,0,,0.0,
R01_F03,1,3,6,Fe,0,False,0,,0.0,
R01_F03,1,3,6,Cu,0,False,0,,0.0,
R01_F03,1,3,6,Mn,0,False,0,,0.0,
R01_F03,1,3,6,Mg,1,False,5,5.0,0.0,0.4688616785882789
R01_F03,1,3,6,Cr,0,False,0,,0.0,
R01_F03,1,3,6,Zn,1,False,4,4.0,0.0,1.0
R01_F03,1,3,6,V,0,False,0,,0.0,
R01_F03,1,3,6,Ti,1,False,6,6.0,0.0,0.3370461480515311
R01_F03,1,3,6,Zr,0,False,0,,0.0,
R01_F03,1,3,6,Li,0,False,0,,0.0,
R01_F03,1,3,6,Ni,0,False,0,,0.0,
R01_F03,1,3,6,Be,0,False,0,,0.0,
R01_F03,1,3,6,Sc,0,False,0,,0.0,
R01_F03,1,3,6,Tsol,1,True,1,1.0,0.0,0.4827195660635542
R01_F03,1,3,6,Tage,1,True,2,2.0,0.0,0.4164023963489285
R01_F03,1,3,6,tage,1,True,3,3.0,0.0,0.2605582205443694
R01_F03,1,3,7,Si,0,False,0,,0.0,
R01_F03,1,3,7,Fe,0,False,0,,0.0,
R01_F03,1,3,7,Cu,1,False,7,7.0,0.0,0.3167559899258838
R01_F03,1,3,7,Mn,0,False,0,,0.0,
R01_F03,1,3,7,Mg,1,False,5,5.0,0.0,0.4688616785882789
R01_F03,1,3,7,Cr,0,False,0,,0.0,
R01_F03,1,3,7,Zn,1,False,4,4.0,0.0,1.0
R01_F03,1,3,7,V,0,False,0,,0.0,
R01_F03,1,3,7,Ti,1,False,6,6.0,0.0,0.3370461480515311
R01_F03,1,3,7,Zr,0,False,0,,0.0,
R01_F03,1,3,7,Li,0,False,0,,0.0,
R01_F03,1,3,7,Ni,0,False,0,,0.0,
R01_F03,1,3,7,Be,0,False,0,,0.0,
R01_F03,1,3,7,Sc,0,False,0,,0.0,
R01_F03,1,3,7,Tsol,1,True,1,1.0,0.0,0.4827195660635542
R01_F03,1,3,7,Tage,1,True,2,2.0,0.0,0.4164023963489285
R01_F03,1,3,7,tage,1,True,3,3.0,0.0,0.2605582205443694
R01_F03,1,3,8,Si,0,False,0,,0.0,
R01_F03,1,3,8,Fe,1,False,8,8.0,0.0,0.228397069286914
R01_F03,1,3,8,Cu,1,False,7,7.0,0.0,0.3167559899258838
R01_F03,1,3,8,Mn,0,False,0,,0.0,
R01_F03,1,3,8,Mg,1,False,5,5.0,0.0,0.4688616785882789
R01_F03,1,3,8,Cr,0,False,0,,0.0,
R01_F03,1,3,8,Zn,1,False,4,4.0,0.0,1.0
R01_F03,1,3,8,V,0,False,0,,0.0,
R01_F03,1,3,8,Ti,1,False,6,6.0,0.0,0.3370461480515311
R01_F03,1,3,8,Zr,0,False,0,,0.0,
R01_F03,1,3,8,Li,0,False,0,,0.0,
R01_F03,1,3,8,Ni,0,False,0,,0.0,
R01_F03,1,3,8,Be,0,False,0,,0.0,
R01_F03,1,3,8,Sc,0,False,0,,0.0,
R01_F03,1,3,8,Tsol,1,True,1,1.0,0.0,0.4827195660635542
R01_F03,1,3,8,Tage,1,True,2,2.0,0.0,0.4164023963489285
R01_F03,1,3,8,tage,1,True,3,3.0,0.0,0.2605582205443694
R01_F03,1,3,9,Si,0,False,0,,0.0,
R01_F03,1,3,9,Fe,1,False,8,8.0,0.0,0.228397069286914
R01_F03,1,3,9,Cu,1,False,7,7.0,0.0,0.3167559899258838
R01_F03,1,3,9,Mn,0,False,0,,0.0,
R01_F03,1,3,9,Mg,1,False,5,5.0,0.0,0.4688616785882789
R01_F03,1,3,9,Cr,0,False,0,,0.0,
R01_F03,1,3,9,Zn,1,False,4,4.0,0.0,1.0
R01_F03,1,3,9,V,0,False,0,,0.0,
R01_F03,1,3,9,Ti,1,False,6,6.0,0.0,0.3370461480515311
R01_F03,1,3,9,Zr,1,False,9,9.0,0.0,0.1810231255479263
R01_F03,1,3,9,Li,0,False,0,,0.0,
R01_F03,1,3,9,Ni,0,False,0,,0.0,
R01_F03,1,3,9,Be,0,False,0,,0.0,
R01_F03,1,3,9,Sc,0,False,0,,0.0,
R01_F03,1,3,9,Tsol,1,True,1,1.0,0.0,0.4827195660635542
R01_F03,1,3,9,Tage,1,True,2,2.0,0.0,0.4164023963489285
R01_F03,1,3,9,tage,1,True,3,3.0,0.0,0.2605582205443694
R01_F03,1,3,10,Si,0,False,0,,0.5,
R01_F03,1,3,10,Fe,1,False,7,7.0,0.5,0.3310158924155975
R01_F03,1,3,10,Cu,1,False,8,8.0,0.5,0.3231854078961079
R01_F03,1,3,10,Mn,0,False,0,,0.5,
R01_F03,1,3,10,Mg,1,False,5,5.0,0.5,0.6605394057262333
R01_F03,1,3,10,Cr,0,False,0,,0.5,
R01_F03,1,3,10,Zn,1,False,4,4.0,0.5,1.0
R01_F03,1,3,10,V,0,False,0,,0.5,
R01_F03,1,3,10,Ti,1,False,6,6.0,0.5,0.4234254606553153
R01_F03,1,3,10,Zr,1,False,9,9.0,0.5,0.2951759724679013
R01_F03,1,3,10,Li,0,False,0,,0.5,
R01_F03,1,3,10,Ni,0,False,0,,0.5,
R01_F03,1,3,10,Be,0,False,0,,0.5,
R01_F03,1,3,10,Sc,1,False,10,10.0,0.5,0.2832225656785307
R01_F03,1,3,10,Tsol,1,True,1,1.0,0.5,0.6426615187499387
R01_F03,1,3,10,Tage,1,True,2,2.0,0.5,0.4236605575263259
R01_F03,1,3,10,tage,1,True,3,3.0,0.5,0.1302791102721847
R01_F03,1,3,11,Si,1,False,10,10.0,0.25,0.2154166113176404
R01_F03,1,3,11,Fe,1,False,8,8.0,0.25,0.2797064808512558
R01_F03,1,3,11,Cu,1,False,7,7.0,0.25,0.3199706989109959
R01_F03,1,3,11,Mn,0,False,0,,0.25,
R01_F03,1,3,11,Mg,1,False,5,5.0,0.25,0.5647005421572561
R01_F03,1,3,11,Cr,0,False,0,,0.25,
R01_F03,1,3,11,Zn,1,False,4,4.0,0.25,1.0
R01_F03,1,3,11,V,0,False,0,,0.25,
R01_F03,1,3,11,Ti,1,False,6,6.0,0.25,0.3802358043534232
R01_F03,1,3,11,Zr,1,False,9,9.0,0.25,0.2380995490079138
R01_F03,1,3,11,Li,0,False,0,,0.25,
R01_F03,1,3,11,Ni,0,False,0,,0.25,
R01_F03,1,3,11,Be,0,False,0,,0.25,
R01_F03,1,3,11,Sc,1,False,11,11.0,0.25,0.1931273141242595
R01_F03,1,3,11,Tsol,1,True,1,1.0,0.25,0.5626905424067465
R01_F03,1,3,11,Tage,1,True,2,2.0,0.25,0.4200314769376272
R01_F03,1,3,11,tage,1,True,3,3.0,0.25,0.195418665408277
R01_F03,1,3,12,Si,1,False,10,10.0,0.75,0.3488451789980378
R01_F03,1,3,12,Fe,1,False,7,7.0,0.75,0.3823253039799393
R01_F03,1,3,12,Cu,1,False,11,11.0,0.75,0.32640011688122
R01_F03,1,3,12,Mn,0,False,0,,0.75,
R01_F03,1,3,12,Mg,1,False,5,5.0,0.75,0.7563782692952103
R01_F03,1,3,12,Cr,1,False,12,12.0,0.75,0.260828172666744
R01_F03,1,3,12,Zn,1,False,4,4.0,0.75,1.0
R01_F03,1,3,12,V,0,False,0,,0.75,
R01_F03,1,3,12,Ti,1,False,6,6.0,0.75,0.4666151169572073
R01_F03,1,3,12,Zr,1,False,9,9.0,0.75,0.3522523959278887
R01_F03,1,3,12,Li,0,False,0,,0.75,
R01_F03,1,3,12,Ni,0,False,0,,0.75,
R01_F03,1,3,12,Be,0,False,0,,0.75,
R01_F03,1,3,12,Sc,1,False,8,8.0,0.75,0.373317817232802
R01_F03,1,3,12,Tsol,1,True,1,1.0,0.75,0.7226324950931308
R01_F03,1,3,12,Tage,1,True,2,2.0,0.75,0.4272896381150246
R01_F03,1,3,12,tage,1,True,3,3.0,0.75,0.0651395551360923
R01_F03,1,3,13,Si,1,False,10,10.0,0.25,0.2154166113176404
R01_F03,1,3,13,Fe,1,False,8,8.0,0.25,0.2797064808512558
R01_F03,1,3,13,Cu,1,False,7,7.0,0.25,0.3199706989109959
R01_F03,1,3,13,Mn,1,False,13,13.0,0.25,0.1363444376398964
R01_F03,1,3,13,Mg,1,False,5,5.0,0.25,0.5647005421572561
R01_F03,1,3,13,Cr,1,False,12,12.0,0.25,0.1695660249543786
R01_F03,1,3,13,Zn,1,False,4,4.0,0.25,1.0
R01_F03,1,3,13,V,0,False,0,,0.25,
R01_F03,1,3,13,Ti,1,False,6,6.0,0.25,0.3802358043534232
R01_F03,1,3,13,Zr,1,False,9,9.0,0.25,0.2380995490079138
R01_F03,1,3,13,Li,0,False,0,,0.25,
R01_F03,1,3,13,Ni,0,False,0,,0.25,
R01_F03,1,3,13,Be,0,False,0,,0.25,
R01_F03,1,3,13,Sc,1,False,11,11.0,0.25,0.1931273141242595
R01_F03,1,3,13,Tsol,1,True,1,1.0,0.25,0.5626905424067465
R01_F03,1,3,13,Tage,1,True,2,2.0,0.25,0.4200314769376272
R01_F03,1,3,13,tage,1,True,3,3.0,0.25,0.195418665408277
R01_F03,1,3,14,Si,1,False,10,10.0,0.25,0.2154166113176404
R01_F03,1,3,14,Fe,1,False,8,8.0,0.25,0.2797064808512558
R01_F03,1,3,14,Cu,1,False,7,7.0,0.25,0.3199706989109959
R01_F03,1,3,14,Mn,1,False,13,13.0,0.25,0.1363444376398964
R01_F03,1,3,14,Mg,1,False,5,5.0,0.25,0.5647005421572561
R01_F03,1,3,14,Cr,1,False,12,12.0,0.25,0.1695660249543786
R01_F03,1,3,14,Zn,1,False,4,4.0,0.25,1.0
R01_F03,1,3,14,V,0,False,0,,0.25,
R01_F03,1,3,14,Ti,1,False,6,6.0,0.25,0.3802358043534232
R01_F03,1,3,14,Zr,1,False,9,9.0,0.25,0.2380995490079138
R01_F03,1,3,14,Li,1,False,14,14.0,0.25,0.1308889819276759
R01_F03,1,3,14,Ni,0,False,0,,0.25,
R01_F03,1,3,14,Be,0,False,0,,0.25,
R01_F03,1,3,14,Sc,1,False,11,11.0,0.25,0.1931273141242595
R01_F03,1,3,14,Tsol,1,True,1,1.0,0.25,0.5626905424067465
R01_F03,1,3,14,Tage,1,True,2,2.0,0.25,0.4200314769376272
R01_F03,1,3,14,tage,1,True,3,3.0,0.25,0.195418665408277
R01_F03,1,3,15,Si,1,False,9,9.0,1.0,0.4155594628382364
R01_F03,1,3,15,Fe,1,False,8,8.0,1.0,0.433634715544281
R01_F03,1,3,15,Cu,1,False,11,11.0,1.0,0.329614825866332
R01_F03,1,3,15,Mn,0,False,0,,1.0,
R01_F03,1,3,15,Mg,1,False,5,5.0,1.0,0.8522171328641875
R01_F03,1,3,15,Cr,1,False,12,12.0,1.0,0.3064592465229266
R01_F03,1,3,15,Zn,1,False,4,4.0,1.0,1.0
R01_F03,1,3,15,V,1,False,15,15.0,1.0,0.1412039595387366
R01_F03,1,3,15,Ti,1,False,6,6.0,1.0,0.5098047732590993
R01_F03,1,3,15,Zr,1,False,10,10.0,1.0,0.4093288193878762
R01_F03,1,3,15,Li,1,False,13,13.0,1.0,0.236650186357446
R01_F03,1,3,15,Ni,0,False,0,,1.0,
R01_F03,1,3,15,Be,1,False,14,14.0,1.0,0.2038121657186389
R01_F03,1,3,15,Sc,1,False,7,7.0,1.0,0.4634130687870732
R01_F03,1,3,15,Tsol,1,True,1,1.0,1.0,0.802603471436323
R01_F03,1,3,15,Tage,1,True,2,2.0,1.0,0.4309187187037233
R01_F03,1,3,15,tage,1,True,3,3.0,1.0,0.0
R01_F03,1,3,16,Si,1,False,10,10.0,0.75,0.3488451789980378
R01_F03,1,3,16,Fe,1,False,7,7.0,0.75,0.3823253039799393
R01_F03,1,3,16,Cu,1,False,11,11.0,0.75,0.32640011688122
R01_F03,1,3,16,Mn,1,False,15,15.0,0.75,0.1103798926411495
R01_F03,1,3,16,Mg,1,False,5,5.0,0.75,0.7563782692952103
R01_F03,1,3,16,Cr,1,False,12,12.0,0.75,0.260828172666744
R01_F03,1,3,16,Zn,1,False,4,4.0,0.75,1.0
R01_F03,1,3,16,V,1,False,16,16.0,0.75,0.1059029696540525
R01_F03,1,3,16,Ti,1,False,6,6.0,0.75,0.4666151169572073
R01_F03,1,3,16,Zr,1,False,9,9.0,0.75,0.3522523959278887
R01_F03,1,3,16,Li,1,False,13,13.0,0.75,0.2013964515475227
R01_F03,1,3,16,Ni,0,False,0,,0.75,
R01_F03,1,3,16,Be,1,False,14,14.0,0.75,0.1574425712468085
R01_F03,1,3,16,Sc,1,False,8,8.0,0.75,0.373317817232802
R01_F03,1,3,16,Tsol,1,True,1,1.0,0.75,0.7226324950931308
R01_F03,1,3,16,Tage,1,True,2,2.0,0.75,0.4272896381150246
R01_F03,1,3,16,tage,1,True,3,3.0,0.75,0.0651395551360923
R01_F03,1,3,17,Si,1,False,10,10.0,0.75,0.3488451789980378
R01_F03,1,3,17,Fe,1,False,7,7.0,0.75,0.3823253039799393
R01_F03,1,3,17,Cu,1,False,11,11.0,0.75,0.32640011688122
R01_F03,1,3,17,Mn,1,False,15,15.0,0.75,0.1103798926411495
R01_F03,1,3,17,Mg,1,False,5,5.0,0.75,0.7563782692952103
R01_F03,1,3,17,Cr,1,False,12,12.0,0.75,0.260828172666744
R01_F03,1,3,17,Zn,1,False,4,4.0,0.75,1.0
R01_F03,1,3,17,V,1,False,16,16.0,0.75,0.1059029696540525
R01_F03,1,3,17,Ti,1,False,6,6.0,0.75,0.4666151169572073
R01_F03,1,3,17,Zr,1,False,9,9.0,0.75,0.3522523959278887
R01_F03,1,3,17,Li,1,False,13,13.0,0.75,0.2013964515475227
R01_F03,1,3,17,Ni,1,False,17,17.0,0.75,0.0956521288801955
R01_F03,1,3,17,Be,1,False,14,14.0,0.75,0.1574425712468085
R01_F03,1,3,17,Sc,1,False,8,8.0,0.75,0.373317817232802
R01_F03,1,3,17,Tsol,1,True,1,1.0,0.75,0.7226324950931308
R01_F03,1,3,17,Tage,1,True,2,2.0,0.75,0.4272896381150246
R01_F03,1,3,17,tage,1,True,3,3.0,0.75,0.0651395551360923
R01_F04,1,4,3,Si,0,False,0,,1.0,
R01_F04,1,4,3,Fe,0,False,0,,1.0,
R01_F04,1,4,3,Cu,0,False,0,,1.0,
R01_F04,1,4,3,Mn,0,False,0,,1.0,
R01_F04,1,4,3,Mg,0,False,0,,1.0,
R01_F04,1,4,3,Cr,0,False,0,,1.0,
R01_F04,1,4,3,Zn,0,False,0,,1.0,
R01_F04,1,4,3,V,0,False,0,,1.0,
R01_F04,1,4,3,Ti,0,False,0,,1.0,
R01_F04,1,4,3,Zr,0,False,0,,1.0,
R01_F04,1,4,3,Li,0,False,0,,1.0,
R01_F04,1,4,3,Ni,0,False,0,,1.0,
R01_F04,1,4,3,Be,0,False,0,,1.0,
R01_F04,1,4,3,Sc,0,False,0,,1.0,
R01_F04,1,4,3,Tsol,1,True,1,1.0,1.0,0.7775937026864538
R01_F04,1,4,3,Tage,1,True,2,2.0,1.0,0.3918557978068861
R01_F04,1,4,3,tage,1,True,3,3.0,1.0,0.0
R01_F04,1,4,4,Si,0,False,0,,0.5,
R01_F04,1,4,4,Fe,0,False,0,,0.5,
R01_F04,1,4,4,Cu,0,False,0,,0.5,
R01_F04,1,4,4,Mn,0,False,0,,0.5,
R01_F04,1,4,4,Mg,0,False,0,,0.5,
R01_F04,1,4,4,Cr,0,False,0,,0.5,
R01_F04,1,4,4,Zn,1,False,4,4.0,0.5,1.0
R01_F04,1,4,4,V,0,False,0,,0.5,
R01_F04,1,4,4,Ti,0,False,0,,0.5,
R01_F04,1,4,4,Zr,0,False,0,,0.5,
R01_F04,1,4,4,Li,0,False,0,,0.5,
R01_F04,1,4,4,Ni,0,False,0,,0.5,
R01_F04,1,4,4,Be,0,False,0,,0.5,
R01_F04,1,4,4,Sc,0,False,0,,0.5,
R01_F04,1,4,4,Tsol,1,True,1,1.0,0.5,0.6496925163747844
R01_F04,1,4,4,Tage,1,True,2,2.0,0.5,0.4703511957823962
R01_F04,1,4,4,tage,1,True,3,3.0,0.5,0.1788895375370458
R01_F04,1,4,5,Si,0,False,0,,0.0,
R01_F04,1,4,5,Fe,0,False,0,,0.0,
R01_F04,1,4,5,Cu,0,False,0,,0.0,
R01_F04,1,4,5,Mn,0,False,0,,0.0,
R01_F04,1,4,5,Mg,1,False,5,5.0,0.0,0.4538943217607033
R01_F04,1,4,5,Cr,0,False,0,,0.0,
R01_F04,1,4,5,Zn,1,False,4,4.0,0.0,1.0
R01_F04,1,4,5,V,0,False,0,,0.0,
R01_F04,1,4,5,Ti,0,False,0,,0.0,
R01_F04,1,4,5,Zr,0,False,0,,0.0,
R01_F04,1,4,5,Li,0,False,0,,0.0,
R01_F04,1,4,5,Ni,0,False,0,,0.0,
R01_F04,1,4,5,Be,0,False,0,,0.0,
R01_F04,1,4,5,Sc,0,False,0,,0.0,
R01_F04,1,4,5,Tsol,1,True,1,1.0,0.0,0.5217913300631152
R01_F04,1,4,5,Tage,1,True,2,2.0,0.0,0.5488465937579065
R01_F04,1,4,5,tage,1,True,3,3.0,0.0,0.3577790750740917
R01_F04,1,4,6,Si,0,False,0,,0.0,
R01_F04,1,4,6,Fe,0,False,0,,0.0,
R01_F04,1,4,6,Cu,1,False,6,6.0,0.0,0.3823939279642519
R01_F04,1,4,6,Mn,0,False,0,,0.0,
R01_F04,1,4,6,Mg,1,False,5,5.0,0.0,0.4538943217607033
R01_F04,1,4,6,Cr,0,False,0,,0.0,
R01_F04,1,4,6,Zn,1,False,4,4.0,0.0,1.0
R01_F04,1,4,6,V,0,False,0,,0.0,
R01_F04,1,4,6,Ti,0,False,0,,0.0,
R01_F04,1,4,6,Zr,0,False,0,,0.0,
R01_F04,1,4,6,Li,0,False,0,,0.0,
R01_F04,1,4,6,Ni,0,False,0,,0.0,
R01_F04,1,4,6,Be,0,False,0,,0.0,
R01_F04,1,4,6,Sc,0,False,0,,0.0,
R01_F04,1,4,6,Tsol,1,True,1,1.0,0.0,0.5217913300631152
R01_F04,1,4,6,Tage,1,True,2,2.0,0.0,0.5488465937579065
R01_F04,1,4,6,tage,1,True,3,3.0,0.0,0.3577790750740917
R01_F04,1,4,7,Si,0,False,0,,0.0,
R01_F04,1,4,7,Fe,0,False,0,,0.0,
R01_F04,1,4,7,Cu,1,False,6,6.0,0.0,0.3823939279642519
R01_F04,1,4,7,Mn,0,False,0,,0.0,
R01_F04,1,4,7,Mg,1,False,5,5.0,0.0,0.4538943217607033
R01_F04,1,4,7,Cr,0,False,0,,0.0,
R01_F04,1,4,7,Zn,1,False,4,4.0,0.0,1.0
R01_F04,1,4,7,V,0,False,0,,0.0,
R01_F04,1,4,7,Ti,0,False,0,,0.0,
R01_F04,1,4,7,Zr,1,False,7,7.0,0.0,0.2304564991233677
R01_F04,1,4,7,Li,0,False,0,,0.0,
R01_F04,1,4,7,Ni,0,False,0,,0.0,
R01_F04,1,4,7,Be,0,False,0,,0.0,
R01_F04,1,4,7,Sc,0,False,0,,0.0,
R01_F04,1,4,7,Tsol,1,True,1,1.0,0.0,0.5217913300631152
R01_F04,1,4,7,Tage,1,True,2,2.0,0.0,0.5488465937579065
R01_F04,1,4,7,tage,1,True,3,3.0,0.0,0.3577790750740917
R01_F04,1,4,8,Si,0,False,0,,0.0,
R01_F04,1,4,8,Fe,0,False,0,,0.0,
R01_F04,1,4,8,Cu,1,False,6,6.0,0.0,0.3823939279642519
R01_F04,1,4,8,Mn,0,False,0,,0.0,
R01_F04,1,4,8,Mg,1,False,5,5.0,0.0,0.4538943217607033
R01_F04,1,4,8,Cr,0,False,0,,0.0,
R01_F04,1,4,8,Zn,1,False,4,4.0,0.0,1.0
R01_F04,1,4,8,V,0,False,0,,0.0,
R01_F04,1,4,8,Ti,1,False,8,8.0,0.0,0.2248055762301718
R01_F04,1,4,8,Zr,1,False,7,7.0,0.0,0.2304564991233677
R01_F04,1,4,8,Li,0,False,0,,0.0,
R01_F04,1,4,8,Ni,0,False,0,,0.0,
R01_F04,1,4,8,Be,0,False,0,,0.0,
R01_F04,1,4,8,Sc,0,False,0,,0.0,
R01_F04,1,4,8,Tsol,1,True,1,1.0,0.0,0.5217913300631152
R01_F04,1,4,8,Tage,1,True,2,2.0,0.0,0.5488465937579065
R01_F04,1,4,8,tage,1,True,3,3.0,0.0,0.3577790750740917
R01_F04,1,4,9,Si,0,False,0,,0.5,
R01_F04,1,4,9,Fe,1,False,9,9.0,0.5,0.2787339731021849
R01_F04,1,4,9,Cu,1,False,7,7.0,0.5,0.3243156603064669
R01_F04,1,4,9,Mn,0,False,0,,0.5,
R01_F04,1,4,9,Mg,1,False,5,5.0,0.5,0.6517322020136376
R01_F04,1,4,9,Cr,0,False,0,,0.5,
R01_F04,1,4,9,Zn,1,False,4,4.0,0.5,1.0
R01_F04,1,4,9,V,0,False,0,,0.5,
R01_F04,1,4,9,Ti,1,False,6,6.0,0.5,0.331034891219466
R01_F04,1,4,9,Zr,1,False,8,8.0,0.5,0.3016058798010994
R01_F04,1,4,9,Li,0,False,0,,0.5,
R01_F04,1,4,9,Ni,0,False,0,,0.5,
R01_F04,1,4,9,Be,0,False,0,,0.5,
R01_F04,1,4,9,Sc,0,False,0,,0.5,
R01_F04,1,4,9,Tsol,1,True,1,1.0,0.5,0.6496925163747844
R01_F04,1,4,9,Tage,1,True,2,2.0,0.5,0.4703511957823962
R01_F04,1,4,9,tage,1,True,3,3.0,0.5,0.1788895375370458
R01_F04,1,4,10,Si,1,False,10,10.0,0.25,0.1938422862753655
R01_F04,1,4,10,Fe,1,False,9,9.0,0.25,0.2254343900162642
R01_F04,1,4,10,Cu,1,False,6,6.0,0.25,0.3533547941353595
R01_F04,1,4,10,Mn,0,False,0,,0.25,
R01_F04,1,4,10,Mg,1,False,5,5.0,0.25,0.5528132618871704
R01_F04,1,4,10,Cr,0,False,0,,0.25,
R01_F04,1,4,10,Zn,1,False,4,4.0,0.25,1.0
R01_F04,1,4,10,V,0,False,0,,0.25,
R01_F04,1,4,10,Ti,1,False,7,7.0,0.25,0.277920233724819
R01_F04,1,4,10,Zr,1,False,8,8.0,0.25,0.2660311894622336
R01_F04,1,4,10,Li,0,False,0,,0.25,
R01_F04,1,4,10,Ni,0,False,0,,0.25,
R01_F04,1,4,10,Be,0,False,0,,0.25,
R01_F04,1,4,10,Sc,0,False,0,,0.25,
R01_F04,1,4,10,Tsol,1,True,1,1.0,0.25,0.5857419232189498
R01_F04,1,4,10,Tage,1,True,2,2.0,0.25,0.5095988947701513
R01_F04,1,4,10,tage,1,True,3,3.0,0.25,0.2683343063055687
R01_F04,1,4,11,Si,0,False,0,,0.0,
R01_F04,1,4,11,Fe,1,False,9,9.0,0.0,0.1721348069303434
R01_F04,1,4,11,Cu,1,False,6,6.0,0.0,0.3823939279642519
R01_F04,1,4,11,Mn,1,False,10,10.0,0.0,0.158081936274897
R01_F04,1,4,11,Mg,1,False,5,5.0,0.0,0.4538943217607033
R01_F04,1,4,11,Cr,0,False,0,,0.0,
R01_F04,1,4,11,Zn,1,False,4,4.0,0.0,1.0
R01_F04,1,4,11,V,0,False,0,,0.0,
R01_F04,1,4,11,Ti,1,False,8,8.0,0.0,0.2248055762301718
R01_F04,1,4,11,Zr,1,False,7,7.0,0.0,0.2304564991233677
R01_F04,1,4,11,Li,1,False,11,11.0,0.0,0.1425348988250692
R01_F04,1,4,11,Ni,0,False,0,,0.0,
R01_F04,1,4,11,Be,0,False,0,,0.0,
R01_F04,1,4,11,Sc,0,False,0,,0.0,
R01_F04,1,4,11,Tsol,1,True,1,1.0,0.0,0.5217913300631152
R01_F04,1,4,11,Tage,1,True,2,2.0,0.0,0.5488465937579065
R01_F04,1,4,11,tage,1,True,3,3.0,0.0,0.3577790750740917
R01_F04,1,4,12,Si,1,False,10,10.0,0.25,0.1938422862753655
R01_F04,1,4,12,Fe,1,False,9,9.0,0.25,0.2254343900162642
R01_F04,1,4,12,Cu,1,False,6,6.0,0.25,0.3533547941353595
R01_F04,1,4,12,Mn,0,False,0,,0.25,
R01_F04,1,4,12,Mg,1,False,5,5.0,0.25,0.5528132618871704
R01_F04,1,4,12,Cr,0,False,0,,0.25,
R01_F04,1,4,12,Zn,1,False,4,4.0,0.25,1.0
R01_F04,1,4,12,V,0,False,0,,0.25,
R01_F04,1,4,12,Ti,1,False,7,7.0,0.25,0.277920233724819
R01_F04,1,4,12,Zr,1,False,8,8.0,0.25,0.2660311894622336
R01_F04,1,4,12,Li,1,False,12,12.0,0.25,0.1788062502417897
R01_F04,1,4,12,Ni,0,False,0,,0.25,
R01_F04,1,4,12,Be,0,False,0,,0.25,
R01_F04,1,4,12,Sc,1,False,11,11.0,0.25,0.1840925145575736
R01_F04,1,4,12,Tsol,1,True,1,1.0,0.25,0.5857419232189498
R01_F04,1,4,12,Tage,1,True,2,2.0,0.25,0.5095988947701513
R01_F04,1,4,12,tage,1,True,3,3.0,0.25,0.2683343063055687
R01_F04,1,4,13,Si,1,False,10,10.0,0.25,0.1938422862753655
R01_F04,1,4,13,Fe,1,False,9,9.0,0.25,0.2254343900162642
R01_F04,1,4,13,Cu,1,False,6,6.0,0.25,0.3533547941353595
R01_F04,1,4,13,Mn,0,False,0,,0.25,
R01_F04,1,4,13,Mg,1,False,5,5.0,0.25,0.5528132618871704
R01_F04,1,4,13,Cr,1,False,13,13.0,0.25,0.1707425562060963
R01_F04,1,4,13,Zn,1,False,4,4.0,0.25,1.0
R01_F04,1,4,13,V,0,False,0,,0.25,
R01_F04,1,4,13,Ti,1,False,7,7.0,0.25,0.277920233724819
R01_F04,1,4,13,Zr,1,False,8,8.0,0.25,0.2660311894622336
R01_F04,1,4,13,Li,1,False,12,12.0,0.25,0.1788062502417897
R01_F04,1,4,13,Ni,0,False,0,,0.25,
R01_F04,1,4,13,Be,0,False,0,,0.25,
R01_F04,1,4,13,Sc,1,False,11,11.0,0.25,0.1840925145575736
R01_F04,1,4,13,Tsol,1,True,1,1.0,0.25,0.5857419232189498
R01_F04,1,4,13,Tage,1,True,2,2.0,0.25,0.5095988947701513
R01_F04,1,4,13,tage,1,True,3,3.0,0.25,0.2683343063055687
R01_F04,1,4,14,Si,1,False,7,7.0,1.0,0.4160002627744832
R01_F04,1,4,14,Fe,1,False,9,9.0,1.0,0.3853331392740264
R01_F04,1,4,14,Cu,1,False,13,13.0,1.0,0.266237392648682
R01_F04,1,4,14,Mn,0,False,0,,1.0,
R01_F04,1,4,14,Mg,1,False,5,5.0,1.0,0.8495700822665718
R01_F04,1,4,14,Cr,1,False,11,11.0,1.0,0.3410702486179939
R01_F04,1,4,14,Zn,1,False,4,4.0,1.0,1.0
R01_F04,1,4,14,V,0,False,0,,1.0,
R01_F04,1,4,14,Ti,1,False,6,6.0,1.0,0.4372642062087603
R01_F04,1,4,14,Zr,1,False,10,10.0,1.0,0.3727552604788312
R01_F04,1,4,14,Li,1,False,12,12.0,1.0,0.2876203044919513
R01_F04,1,4,14,Ni,1,False,14,14.0,1.0,0.1621471280591629
R01_F04,1,4,14,Be,0,False,0,,1.0,
R01_F04,1,4,14,Sc,1,False,8,8.0,1.0,0.4076939404347217
R01_F04,1,4,14,Tsol,1,True,1,1.0,1.0,0.7775937026864538
R01_F04,1,4,14,Tage,1,True,2,2.0,1.0,0.3918557978068861
R01_F04,1,4,14,tage,1,True,3,3.0,1.0,0.0
R01_F04,1,4,15,Si,1,False,10,10.0,0.25,0.1938422862753655
R01_F04,1,4,15,Fe,1,False,9,9.0,0.25,0.2254343900162642
R01_F04,1,4,15,Cu,1,False,6,6.0,0.25,0.3533547941353595
R01_F04,1,4,15,Mn,1,False,14,14.0,0.25,0.1250687695210926
R01_F04,1,4,15,Mg,1,False,5,5.0,0.25,0.5528132618871704
R01_F04,1,4,15,Cr,1,False,13,13.0,0.25,0.1707425562060963
R01_F04,1,4,15,Zn,1,False,4,4.0,0.25,1.0
R01_F04,1,4,15,V,0,False,0,,0.25,
R01_F04,1,4,15,Ti,1,False,7,7.0,0.25,0.277920233724819
R01_F04,1,4,15,Zr,1,False,8,8.0,0.25,0.2660311894622336
R01_F04,1,4,15,Li,1,False,12,12.0,0.25,0.1788062502417897
R01_F04,1,4,15,Ni,1,False,15,15.0,0.25,0.0497649027959277
R01_F04,1,4,15,Be,0,False,0,,0.25,
R01_F04,1,4,15,Sc,1,False,11,11.0,0.25,0.1840925145575736
R01_F04,1,4,15,Tsol,1,True,1,1.0,0.25,0.5857419232189498
R01_F04,1,4,15,Tage,1,True,2,2.0,0.25,0.5095988947701513
R01_F04,1,4,15,tage,1,True,3,3.0,0.25,0.2683343063055687
R01_F04,1,4,16,Si,1,False,7,7.0,0.75,0.341947603941444
R01_F04,1,4,16,Fe,1,False,10,10.0,0.75,0.3320335561881056
R01_F04,1,4,16,Cu,1,False,11,11.0,0.75,0.2952765264775745
R01_F04,1,4,16,Mn,0,False,0,,0.75,
R01_F04,1,4,16,Mg,1,False,5,5.0,0.75,0.7506511421401048
R01_F04,1,4,16,Cr,1,False,12,12.0,0.75,0.2842943511473613
R01_F04,1,4,16,Zn,1,False,4,4.0,0.75,1.0
R01_F04,1,4,16,V,1,False,16,16.0,0.75,0.0866876180899539
R01_F04,1,4,16,Ti,1,False,6,6.0,0.75,0.3841495487141132
R01_F04,1,4,16,Zr,1,False,8,8.0,0.75,0.3371805701399653
R01_F04,1,4,16,Li,1,False,13,13.0,0.75,0.2513489530752308
R01_F04,1,4,16,Ni,1,False,14,14.0,0.75,0.1246863863047512
R01_F04,1,4,16,Be,1,False,15,15.0,0.75,0.117406780778906
R01_F04,1,4,16,Sc,1,False,9,9.0,0.75,0.3331601318090056
R01_F04,1,4,16,Tsol,1,True,1,1.0,0.75,0.713643109530619
R01_F04,1,4,16,Tage,1,True,2,2.0,0.75,0.4311034967946412
R01_F04,1,4,16,tage,1,True,3,3.0,0.75,0.0894447687685229
R01_F04,1,4,17,Si,1,False,7,7.0,1.0,0.4160002627744832
R01_F04,1,4,17,Fe,1,False,9,9.0,1.0,0.3853331392740264
R01_F04,1,4,17,Cu,1,False,13,13.0,1.0,0.266237392648682
R01_F04,1,4,17,Mn,1,False,17,17.0,1.0,0.0260292692596791
R01_F04,1,4,17,Mg,1,False,5,5.0,1.0,0.8495700822665718
R01_F04,1,4,17,Cr,1,False,11,11.0,1.0,0.3410702486179939
R01_F04,1,4,17,Zn,1,False,4,4.0,1.0,1.0
R01_F04,1,4,17,V,1,False,16,16.0,1.0,0.1155834907866052
R01_F04,1,4,17,Ti,1,False,6,6.0,1.0,0.4372642062087603
R01_F04,1,4,17,Zr,1,False,10,10.0,1.0,0.3727552604788312
R01_F04,1,4,17,Li,1,False,12,12.0,1.0,0.2876203044919513
R01_F04,1,4,17,Ni,1,False,14,14.0,1.0,0.1621471280591629
R01_F04,1,4,17,Be,1,False,15,15.0,1.0,0.1557002913969159
R01_F04,1,4,17,Sc,1,False,8,8.0,1.0,0.4076939404347217
R01_F04,1,4,17,Tsol,1,True,1,1.0,1.0,0.7775937026864538
R01_F04,1,4,17,Tage,1,True,2,2.0,1.0,0.3918557978068861
R01_F04,1,4,17,tage,1,True,3,3.0,1.0,0.0
R01_F05,1,5,3,Si,0,False,0,,0.25,
R01_F05,1,5,3,Fe,0,False,0,,0.25,
R01_F05,1,5,3,Cu,0,False,0,,0.25,
R01_F05,1,5,3,Mn,0,False,0,,0.25,
R01_F05,1,5,3,Mg,0,False,0,,0.25,
R01_F05,1,5,3,Cr,0,False,0,,0.25,
R01_F05,1,5,3,Zn,0,False,0,,0.25,
R01_F05,1,5,3,V,0,False,0,,0.25,
R01_F05,1,5,3,Ti,0,False,0,,0.25,
R01_F05,1,5,3,Zr,0,False,0,,0.25,
R01_F05,1,5,3,Li,0,False,0,,0.25,
R01_F05,1,5,3,Ni,0,False,0,,0.25,
R01_F05,1,5,3,Be,0,False,0,,0.25,
R01_F05,1,5,3,Sc,0,False,0,,0.25,
R01_F05,1,5,3,Tsol,1,True,1,1.0,0.25,0.5897877844614194
R01_F05,1,5,3,Tage,1,True,2,2.0,0.25,0.438830399150908
R01_F05,1,5,3,tage,1,True,3,3.0,0.25,0.2264558192794052
R01_F05,1,5,4,Si,0,False,0,,1.0,
R01_F05,1,5,4,Fe,0,False,0,,1.0,
R01_F05,1,5,4,Cu,0,False,0,,1.0,
R01_F05,1,5,4,Mn,0,False,0,,1.0,
R01_F05,1,5,4,Mg,0,False,0,,1.0,
R01_F05,1,5,4,Cr,0,False,0,,1.0,
R01_F05,1,5,4,Zn,1,False,4,4.0,1.0,1.0
R01_F05,1,5,4,V,0,False,0,,1.0,
R01_F05,1,5,4,Ti,0,False,0,,1.0,
R01_F05,1,5,4,Zr,0,False,0,,1.0,
R01_F05,1,5,4,Li,0,False,0,,1.0,
R01_F05,1,5,4,Ni,0,False,0,,1.0,
R01_F05,1,5,4,Be,0,False,0,,1.0,
R01_F05,1,5,4,Sc,0,False,0,,1.0,
R01_F05,1,5,4,Tsol,1,True,1,1.0,1.0,0.810756983047903
R01_F05,1,5,4,Tage,1,True,2,2.0,1.0,0.3509326911618696
R01_F05,1,5,4,tage,1,True,3,3.0,1.0,0.0
R01_F05,1,5,5,Si,0,False,0,,1.0,
R01_F05,1,5,5,Fe,0,False,0,,1.0,
R01_F05,1,5,5,Cu,0,False,0,,1.0,
R01_F05,1,5,5,Mn,0,False,0,,1.0,
R01_F05,1,5,5,Mg,1,False,5,5.0,1.0,0.8627371056388407
R01_F05,1,5,5,Cr,0,False,0,,1.0,
R01_F05,1,5,5,Zn,1,False,4,4.0,1.0,1.0
R01_F05,1,5,5,V,0,False,0,,1.0,
R01_F05,1,5,5,Ti,0,False,0,,1.0,
R01_F05,1,5,5,Zr,0,False,0,,1.0,
R01_F05,1,5,5,Li,0,False,0,,1.0,
R01_F05,1,5,5,Ni,0,False,0,,1.0,
R01_F05,1,5,5,Be,0,False,0,,1.0,
R01_F05,1,5,5,Sc,0,False,0,,1.0,
R01_F05,1,5,5,Tsol,1,True,1,1.0,1.0,0.810756983047903
R01_F05,1,5,5,Tage,1,True,2,2.0,1.0,0.3509326911618696
R01_F05,1,5,5,tage,1,True,3,3.0,1.0,0.0
R01_F05,1,5,6,Si,0,False,0,,0.0,
R01_F05,1,5,6,Fe,0,False,0,,0.0,
R01_F05,1,5,6,Cu,1,False,6,6.0,0.0,0.3674648839750202
R01_F05,1,5,6,Mn,0,False,0,,0.0,
R01_F05,1,5,6,Mg,1,False,5,5.0,0.0,0.4859842163248759
R01_F05,1,5,6,Cr,0,False,0,,0.0,
R01_F05,1,5,6,Zn,1,False,4,4.0,0.0,1.0
R01_F05,1,5,6,V,0,False,0,,0.0,
R01_F05,1,5,6,Ti,0,False,0,,0.0,
R01_F05,1,5,6,Zr,0,False,0,,0.0,
R01_F05,1,5,6,Li,0,False,0,,0.0,
R01_F05,1,5,6,Ni,0,False,0,,0.0,
R01_F05,1,5,6,Be,0,False,0,,0.0,
R01_F05,1,5,6,Sc,0,False,0,,0.0,
R01_F05,1,5,6,Tsol,1,True,1,1.0,0.0,0.5161313849325916
R01_F05,1,5,6,Tage,1,True,2,2.0,0.0,0.4681296351472541
R01_F05,1,5,6,tage,1,True,3,3.0,0.0,0.3019410923725403
R01_F05,1,5,7,Si,0,False,0,,0.25,
R01_F05,1,5,7,Fe,0,False,0,,0.25,
R01_F05,1,5,7,Cu,1,False,6,6.0,0.25,0.3434517996735451
R01_F05,1,5,7,Mn,0,False,0,,0.25,
R01_F05,1,5,7,Mg,1,False,5,5.0,0.25,0.5801724386533671
R01_F05,1,5,7,Cr,0,False,0,,0.25,
R01_F05,1,5,7,Zn,1,False,4,4.0,0.25,1.0
R01_F05,1,5,7,V,0,False,0,,0.25,
R01_F05,1,5,7,Ti,1,False,7,7.0,0.25,0.3258514315325981
R01_F05,1,5,7,Zr,0,False,0,,0.25,
R01_F05,1,5,7,Li,0,False,0,,0.25,
R01_F05,1,5,7,Ni,0,False,0,,0.25,
R01_F05,1,5,7,Be,0,False,0,,0.25,
R01_F05,1,5,7,Sc,0,False,0,,0.25,
R01_F05,1,5,7,Tsol,1,True,1,1.0,0.25,0.5897877844614194
R01_F05,1,5,7,Tage,1,True,2,2.0,0.25,0.438830399150908
R01_F05,1,5,7,tage,1,True,3,3.0,0.25,0.2264558192794052
R01_F05,1,5,8,Si,0,False,0,,1.0,
R01_F05,1,5,8,Fe,1,False,7,7.0,1.0,0.4586568386507369
R01_F05,1,5,8,Cu,0,False,0,,1.0,
R01_F05,1,5,8,Mn,0,False,0,,1.0,
R01_F05,1,5,8,Mg,1,False,5,5.0,1.0,0.8627371056388407
R01_F05,1,5,8,Cr,0,False,0,,1.0,
R01_F05,1,5,8,Zn,1,False,4,4.0,1.0,1.0
R01_F05,1,5,8,V,0,False,0,,1.0,
R01_F05,1,5,8,Ti,1,False,8,8.0,1.0,0.4555239566016482
R01_F05,1,5,8,Zr,0,False,0,,1.0,
R01_F05,1,5,8,Li,0,False,0,,1.0,
R01_F05,1,5,8,Ni,0,False,0,,1.0,
R01_F05,1,5,8,Be,0,False,0,,1.0,
R01_F05,1,5,8,Sc,1,False,6,6.0,1.0,0.4825840576948875
R01_F05,1,5,8,Tsol,1,True,1,1.0,1.0,0.810756983047903
R01_F05,1,5,8,Tage,1,True,2,2.0,1.0,0.3509326911618696
R01_F05,1,5,8,tage,1,True,3,3.0,1.0,0.0
R01_F05,1,5,9,Si,0,False,0,,0.0,
R01_F05,1,5,9,Fe,1,False,8,8.0,0.0,0.2331350576120491
R01_F05,1,5,9,Cu,1,False,6,6.0,0.0,0.3674648839750202
R01_F05,1,5,9,Mn,0,False,0,,0.0,
R01_F05,1,5,9,Mg,1,False,5,5.0,0.0,0.4859842163248759
R01_F05,1,5,9,Cr,0,False,0,,0.0,
R01_F05,1,5,9,Zn,1,False,4,4.0,0.0,1.0
R01_F05,1,5,9,V,0,False,0,,0.0,
R01_F05,1,5,9,Ti,1,False,7,7.0,0.0,0.2826272565095813
R01_F05,1,5,9,Zr,1,False,9,9.0,0.0,0.2048247006943875
R01_F05,1,5,9,Li,0,False,0,,0.0,
R01_F05,1,5,9,Ni,0,False,0,,0.0,
R01_F05,1,5,9,Be,0,False,0,,0.0,
R01_F05,1,5,9,Sc,0,False,0,,0.0,
R01_F05,1,5,9,Tsol,1,True,1,1.0,0.0,0.5161313849325916
R01_F05,1,5,9,Tage,1,True,2,2.0,0.0,0.4681296351472541
R01_F05,1,5,9,tage,1,True,3,3.0,0.0,0.3019410923725403
R01_F05,1,5,10,Si,1,False,9,9.0,0.75,0.3407667693798221
R01_F05,1,5,10,Fe,1,False,7,7.0,0.75,0.402276393391065
R01_F05,1,5,10,Cu,0,False,0,,0.75,
R01_F05,1,5,10,Mn,0,False,0,,0.75,
R01_F05,1,5,10,Mg,1,False,5,5.0,0.75,0.7685488833103494
R01_F05,1,5,10,Cr,0,False,0,,0.75,
R01_F05,1,5,10,Zn,1,False,4,4.0,0.75,1.0
R01_F05,1,5,10,V,0,False,0,,0.75,
R01_F05,1,5,10,Ti,1,False,6,6.0,0.75,0.4122997815786315
R01_F05,1,5,10,Zr,1,False,10,10.0,0.75,0.325275572649057
R01_F05,1,5,10,Li,0,False,0,,0.75,
R01_F05,1,5,10,Ni,0,False,0,,0.75,
R01_F05,1,5,10,Be,0,False,0,,0.75,
R01_F05,1,5,10,Sc,1,False,8,8.0,0.75,0.3835126600206544
R01_F05,1,5,10,Tsol,1,True,1,1.0,0.75,0.7371005835190751
R01_F05,1,5,10,Tage,1,True,2,2.0,0.75,0.3802319271582157
R01_F05,1,5,10,tage,1,True,3,3.0,0.75,0.075485273093135
R01_F05,1,5,11,Si,1,False,10,10.0,0.25,0.2035706415349859
R01_F05,1,5,11,Fe,1,False,8,8.0,0.25,0.289515502871721
R01_F05,1,5,11,Cu,1,False,6,6.0,0.25,0.3434517996735451
R01_F05,1,5,11,Mn,0,False,0,,0.25,
R01_F05,1,5,11,Mg,1,False,5,5.0,0.25,0.5801724386533671
R01_F05,1,5,11,Cr,1,False,11,11.0,0.25,0.1970929032182156
R01_F05,1,5,11,Zn,1,False,4,4.0,0.25,1.0
R01_F05,1,5,11,V,0,False,0,,0.25,
R01_F05,1,5,11,Ti,1,False,7,7.0,0.25,0.3258514315325981
R01_F05,1,5,11,Zr,1,False,9,9.0,0.25,0.244974991345944
R01_F05,1,5,11,Li,0,False,0,,0.25,
R01_F05,1,5,11,Ni,0,False,0,,0.25,
R01_F05,1,5,11,Be,0,False,0,,0.25,
R01_F05,1,5,11,Sc,0,False,0,,0.25,
R01_F05,1,5,11,Tsol,1,True,1,1.0,0.25,0.5897877844614194
R01_F05,1,5,11,Tage,1,True,2,2.0,0.25,0.438830399150908
R01_F05,1,5,11,tage,1,True,3,3.0,0.25,0.2264558192794052
R01_F05,1,5,12,Si,1,False,9,9.0,0.75,0.3407667693798221
R01_F05,1,5,12,Fe,1,False,7,7.0,0.75,0.402276393391065
R01_F05,1,5,12,Cu,1,False,11,11.0,0.75,0.2954256310705951
R01_F05,1,5,12,Mn,0,False,0,,0.75,
R01_F05,1,5,12,Mg,1,False,5,5.0,0.75,0.7685488833103494
R01_F05,1,5,12,Cr,1,False,12,12.0,0.75,0.2805993456431502
R01_F05,1,5,12,Zn,1,False,4,4.0,0.75,1.0
R01_F05,1,5,12,V,0,False,0,,0.75,
R01_F05,1,5,12,Ti,1,False,6,6.0,0.75,0.4122997815786315
R01_F05,1,5,12,Zr,1,False,10,10.0,0.75,0.325275572649057
R01_F05,1,5,12,Li,0,False,0,,0.75,
R01_F05,1,5,12,Ni,0,False,0,,0.75,
R01_F05,1,5,12,Be,0,False,0,,0.75,
R01_F05,1,5,12,Sc,1,False,8,8.0,0.75,0.3835126600206544
R01_F05,1,5,12,Tsol,1,True,1,1.0,0.75,0.7371005835190751
R01_F05,1,5,12,Tage,1,True,2,2.0,0.75,0.3802319271582157
R01_F05,1,5,12,tage,1,True,3,3.0,0.75,0.075485273093135
R01_F05,1,5,13,Si,1,False,9,9.0,1.0,0.4093648333022402
R01_F05,1,5,13,Fe,1,False,7,7.0,1.0,0.4586568386507369
R01_F05,1,5,13,Cu,1,False,12,12.0,1.0,0.2714125467691202
R01_F05,1,5,13,Mn,0,False,0,,1.0,
R01_F05,1,5,13,Mg,1,False,5,5.0,1.0,0.8627371056388407
R01_F05,1,5,13,Cr,1,False,11,11.0,1.0,0.3223525668556175
R01_F05,1,5,13,Zn,1,False,4,4.0,1.0,1.0
R01_F05,1,5,13,V,0,False,0,,1.0,
R01_F05,1,5,13,Ti,1,False,8,8.0,1.0,0.4555239566016482
R01_F05,1,5,13,Zr,1,False,10,10.0,1.0,0.3654258633006135
R01_F05,1,5,13,Li,0,False,0,,1.0,
R01_F05,1,5,13,Ni,0,False,0,,1.0,
R01_F05,1,5,13,Be,1,False,13,13.0,1.0,0.2561130738919015
R01_F05,1,5,13,Sc,1,False,6,6.0,1.0,0.4825840576948875
R01_F05,1,5,13,Tsol,1,True,1,1.0,1.0,0.810756983047903
R01_F05,1,5,13,Tage,1,True,2,2.0,1.0,0.3509326911618696
R01_F05,1,5,13,tage,1,True,3,3.0,1.0,0.0
R01_F05,1,5,14,Si,1,False,9,9.0,1.0,0.4093648333022402
R01_F05,1,5,14,Fe,1,False,7,7.0,1.0,0.4586568386507369
R01_F05,1,5,14,Cu,1,False,12,12.0,1.0,0.2714125467691202
R01_F05,1,5,14,Mn,0,False,0,,1.0,
R01_F05,1,5,14,Mg,1,False,5,5.0,1.0,0.8627371056388407
R01_F05,1,5,14,Cr,1,False,11,11.0,1.0,0.3223525668556175
R01_F05,1,5,14,Zn,1,False,4,4.0,1.0,1.0
R01_F05,1,5,14,V,0,False,0,,1.0,
R01_F05,1,5,14,Ti,1,False,8,8.0,1.0,0.4555239566016482
R01_F05,1,5,14,Zr,1,False,10,10.0,1.0,0.3654258633006135
R01_F05,1,5,14,Li,1,False,14,14.0,1.0,0.2120581500596521
R01_F05,1,5,14,Ni,0,False,0,,1.0,
R01_F05,1,5,14,Be,1,False,13,13.0,1.0,0.2561130738919015
R01_F05,1,5,14,Sc,1,False,6,6.0,1.0,0.4825840576948875
R01_F05,1,5,14,Tsol,1,True,1,1.0,1.0,0.810756983047903
R01_F05,1,5,14,Tage,1,True,2,2.0,1.0,0.3509326911618696
R01_F05,1,5,14,tage,1,True,3,3.0,1.0,0.0
R01_F05,1,5,15,Si,1,False,9,9.0,0.75,0.3407667693798221
R01_F05,1,5,15,Fe,1,False,7,7.0,0.75,0.402276393391065
R01_F05,1,5,15,Cu,1,False,11,11.0,0.75,0.2954256310705951
R01_F05,1,5,15,Mn,0,False,0,,0.75,
R01_F05,1,5,15,Mg,1,False,5,5.0,0.75,0.7685488833103494
R01_F05,1,5,15,Cr,1,False,12,12.0,0.75,0.2805993456431502
R01_F05,1,5,15,Zn,1,False,4,4.0,0.75,1.0
R01_F05,1,5,15,V,0,False,0,,0.75,
R01_F05,1,5,15,Ti,1,False,6,6.0,0.75,0.4122997815786315
R01_F05,1,5,15,Zr,1,False,10,10.0,0.75,0.325275572649057
R01_F05,1,5,15,Li,1,False,14,14.0,0.75,0.1864876039888836
R01_F05,1,5,15,Ni,1,False,15,15.0,0.75,0.1088913052920966
R01_F05,1,5,15,Be,1,False,13,13.0,0.75,0.1990550508150225
R01_F05,1,5,15,Sc,1,False,8,8.0,0.75,0.3835126600206544
R01_F05,1,5,15,Tsol,1,True,1,1.0,0.75,0.7371005835190751
R01_F05,1,5,15,Tage,1,True,2,2.0,0.75,0.3802319271582157
R01_F05,1,5,15,tage,1,True,3,3.0,0.75,0.075485273093135
R01_F05,1,5,16,Si,1,False,11,11.0,0.5,0.272168705457404
R01_F05,1,5,16,Fe,1,False,7,7.0,0.5,0.345895948131393
R01_F05,1,5,16,Cu,1,False,8,8.0,0.5,0.3194387153720702
R01_F05,1,5,16,Mn,1,False,15,15.0,0.5,0.1040632589035076
R01_F05,1,5,16,Mg,1,False,5,5.0,0.5,0.6743606609818582
R01_F05,1,5,16,Cr,1,False,12,12.0,0.5,0.2388461244306829
R01_F05,1,5,16,Zn,1,False,4,4.0,0.5,1.0
R01_F05,1,5,16,V,0,False,0,,0.5,
R01_F05,1,5,16,Ti,1,False,6,6.0,0.5,0.3690756065556148
R01_F05,1,5,16,Zr,1,False,9,9.0,0.5,0.2851252819975005
R01_F05,1,5,16,Li,1,False,13,13.0,0.5,0.1609170579181151
R01_F05,1,5,16,Ni,1,False,16,16.0,0.5,0.0782561149565885
R01_F05,1,5,16,Be,1,False,14,14.0,0.5,0.1419970277381435
R01_F05,1,5,16,Sc,1,False,10,10.0,0.5,0.2844412623464213
R01_F05,1,5,16,Tsol,1,True,1,1.0,0.5,0.6634441839902473
R01_F05,1,5,16,Tage,1,True,2,2.0,0.5,0.4095311631545619
R01_F05,1,5,16,tage,1,True,3,3.0,0.5,0.1509705461862701
R01_F05,1,5,17,Si,1,False,12,12.0,0.0,0.1349725776125678
R01_F05,1,5,17,Fe,1,False,8,8.0,0.0,0.2331350576120491
R01_F05,1,5,17,Cu,1,False,6,6.0,0.0,0.3674648839750202
R01_F05,1,5,17,Mn,1,False,11,11.0,0.0,0.1465015059623052
R01_F05,1,5,17,Mg,1,False,5,5.0,0.0,0.4859842163248759
R01_F05,1,5,17,Cr,1,False,10,10.0,0.0,0.1553396820057483
R01_F05,1,5,17,Zn,1,False,4,4.0,0.0,1.0
R01_F05,1,5,17,V,1,False,17,17.0,0.0,0.0
R01_F05,1,5,17,Ti,1,False,7,7.0,0.0,0.2826272565095813
R01_F05,1,5,17,Zr,1,False,9,9.0,0.0,0.2048247006943875
R01_F05,1,5,17,Li,1,False,13,13.0,0.0,0.1097759657765781
R01_F05,1,5,17,Ni,1,False,16,16.0,0.0,0.0169857342855724
R01_F05,1,5,17,Be,1,False,15,15.0,0.0,0.0278809815843854
R01_F05,1,5,17,Sc,1,False,14,14.0,0.0,0.086298466997955
R01_F05,1,5,17,Tsol,1,True,1,1.0,0.0,0.5161313849325916
R01_F05,1,5,17,Tage,1,True,2,2.0,0.0,0.4681296351472541
R01_F05,1,5,17,tage,1,True,3,3.0,0.0,0.3019410923725403
R02_F01,2,1,3,Si,0,False,0,,0.0,
R02_F01,2,1,3,Fe,0,False,0,,0.0,
R02_F01,2,1,3,Cu,0,False,0,,0.0,
R02_F01,2,1,3,Mn,0,False,0,,0.0,
R02_F01,2,1,3,Mg,0,False,0,,0.0,
R02_F01,2,1,3,Cr,0,False,0,,0.0,
R02_F01,2,1,3,Zn,0,False,0,,0.0,
R02_F01,2,1,3,V,0,False,0,,0.0,
R02_F01,2,1,3,Ti,0,False,0,,0.0,
R02_F01,2,1,3,Zr,0,False,0,,0.0,
R02_F01,2,1,3,Li,0,False,0,,0.0,
R02_F01,2,1,3,Ni,0,False,0,,0.0,
R02_F01,2,1,3,Be,0,False,0,,0.0,
R02_F01,2,1,3,Sc,0,False,0,,0.0,
R02_F01,2,1,3,Tsol,1,True,1,1.0,0.0,0.513595600564193
R02_F01,2,1,3,Tage,1,True,2,2.0,0.0,0.4777957889936388
R02_F01,2,1,3,tage,1,True,3,3.0,0.0,0.3373205741227759
R02_F01,2,1,4,Si,0,False,0,,0.5,
R02_F01,2,1,4,Fe,0,False,0,,0.5,
R02_F01,2,1,4,Cu,0,False,0,,0.5,
R02_F01,2,1,4,Mn,0,False,0,,0.5,
R02_F01,2,1,4,Mg,0,False,0,,0.5,
R02_F01,2,1,4,Cr,0,False,0,,0.5,
R02_F01,2,1,4,Zn,1,False,4,4.0,0.5,1.0
R02_F01,2,1,4,V,0,False,0,,0.5,
R02_F01,2,1,4,Ti,0,False,0,,0.5,
R02_F01,2,1,4,Zr,0,False,0,,0.5,
R02_F01,2,1,4,Li,0,False,0,,0.5,
R02_F01,2,1,4,Ni,0,False,0,,0.5,
R02_F01,2,1,4,Be,0,False,0,,0.5,
R02_F01,2,1,4,Sc,0,False,0,,0.5,
R02_F01,2,1,4,Tsol,1,True,1,1.0,0.5,0.633836825837871
R02_F01,2,1,4,Tage,1,True,2,2.0,0.5,0.3968139055061174
R02_F01,2,1,4,tage,1,True,3,3.0,0.5,0.1686602870613879
R02_F01,2,1,5,Si,0,False,0,,0.5,
R02_F01,2,1,5,Fe,0,False,0,,0.5,
R02_F01,2,1,5,Cu,0,False,0,,0.5,
R02_F01,2,1,5,Mn,0,False,0,,0.5,
R02_F01,2,1,5,Mg,1,False,5,5.0,0.5,0.6725737870737454
R02_F01,2,1,5,Cr,0,False,0,,0.5,
R02_F01,2,1,5,Zn,1,False,4,4.0,0.5,1.0
R02_F01,2,1,5,V,0,False,0,,0.5,
R02_F01,2,1,5,Ti,0,False,0,,0.5,
R02_F01,2,1,5,Zr,0,False,0,,0.5,
R02_F01,2,1,5,Li,0,False,0,,0.5,
R02_F01,2,1,5,Ni,0,False,0,,0.5,
R02_F01,2,1,5,Be,0,False,0,,0.5,
R02_F01,2,1,5,Sc,0,False,0,,0.5,
R02_F01,2,1,5,Tsol,1,True,1,1.0,0.5,0.633836825837871
R02_F01,2,1,5,Tage,1,True,2,2.0,0.5,0.3968139055061174
R02_F01,2,1,5,tage,1,True,3,3.0,0.5,0.1686602870613879
R02_F01,2,1,6,Si,0,False,0,,0.0,
R02_F01,2,1,6,Fe,0,False,0,,0.0,
R02_F01,2,1,6,Cu,0,False,0,,0.0,
R02_F01,2,1,6,Mn,0,False,0,,0.0,
R02_F01,2,1,6,Mg,1,False,5,5.0,0.0,0.4896805661628935
R02_F01,2,1,6,Cr,0,False,0,,0.0,
R02_F01,2,1,6,Zn,1,False,4,4.0,0.0,1.0
R02_F01,2,1,6,V,0,False,0,,0.0,
R02_F01,2,1,6,Ti,1,False,6,6.0,0.0,0.3184400085102931
R02_F01,2,1,6,Zr,0,False,0,,0.0,
R02_F01,2,1,6,Li,0,False,0,,0.0,
R02_F01,2,1,6,Ni,0,False,0,,0.0,
R02_F01,2,1,6,Be,0,False,0,,0.0,
R02_F01,2,1,6,Sc,0,False,0,,0.0,
R02_F01,2,1,6,Tsol,1,True,1,1.0,0.0,0.513595600564193
R02_F01,2,1,6,Tage,1,True,2,2.0,0.0,0.4777957889936388
R02_F01,2,1,6,tage,1,True,3,3.0,0.0,0.3373205741227759
R02_F01,2,1,7,Si,0,False,0,,1.0,
R02_F01,2,1,7,Fe,1,False,7,7.0,1.0,0.4232483697794293
R02_F01,2,1,7,Cu,0,False,0,,1.0,
R02_F01,2,1,7,Mn,0,False,0,,1.0,
R02_F01,2,1,7,Mg,1,False,5,5.0,1.0,0.8554670079845973
R02_F01,2,1,7,Cr,0,False,0,,1.0,
R02_F01,2,1,7,Zn,1,False,4,4.0,1.0,1.0
R02_F01,2,1,7,V,0,False,0,,1.0,
R02_F01,2,1,7,Ti,1,False,6,6.0,1.0,0.487499434195184
R02_F01,2,1,7,Zr,0,False,0,,1.0,
R02_F01,2,1,7,Li,0,False,0,,1.0,
R02_F01,2,1,7,Ni,0,False,0,,1.0,
R02_F01,2,1,7,Be,0,False,0,,1.0,
R02_F01,2,1,7,Sc,0,False,0,,1.0,
R02_F01,2,1,7,Tsol,1,True,1,1.0,1.0,0.754078051111549
R02_F01,2,1,7,Tage,1,True,2,2.0,1.0,0.315832022018596
R02_F01,2,1,7,tage,1,True,3,3.0,1.0,0.0
R02_F01,2,1,8,Si,0,False,0,,0.0,
R02_F01,2,1,8,Fe,1,False,8,8.0,0.0,0.2379656975201113
R02_F01,2,1,8,Cu,1,False,7,7.0,0.0,0.2988527946535412
R02_F01,2,1,8,Mn,0,False,0,,0.0,
R02_F01,2,1,8,Mg,1,False,5,5.0,0.0,0.4896805661628935
R02_F01,2,1,8,Cr,0,False,0,,0.0,
R02_F01,2,1,8,Zn,1,False,4,4.0,0.0,1.0
R02_F01,2,1,8,V,0,False,0,,0.0,
R02_F01,2,1,8,Ti,1,False,6,6.0,0.0,0.3184400085102931
R02_F01,2,1,8,Zr,0,False,0,,0.0,
R02_F01,2,1,8,Li,0,False,0,,0.0,
R02_F01,2,1,8,Ni,0,False,0,,0.0,
R02_F01,2,1,8,Be,0,False,0,,0.0,
R02_F01,2,1,8,Sc,0,False,0,,0.0,
R02_F01,2,1,8,Tsol,1,True,1,1.0,0.0,0.513595600564193
R02_F01,2,1,8,Tage,1,True,2,2.0,0.0,0.4777957889936388
R02_F01,2,1,8,tage,1,True,3,3.0,0.0,0.3373205741227759
R02_F01,2,1,9,Si,0,False,0,,0.0,
R02_F01,2,1,9,Fe,1,False,8,8.0,0.0,0.2379656975201113
R02_F01,2,1,9,Cu,1,False,7,7.0,0.0,0.2988527946535412
R02_F01,2,1,9,Mn,0,False,0,,0.0,
R02_F01,2,1,9,Mg,1,False,5,5.0,0.0,0.4896805661628935
R02_F01,2,1,9,Cr,0,False,0,,0.0,
R02_F01,2,1,9,Zn,1,False,4,4.0,0.0,1.0
R02_F01,2,1,9,V,0,False,0,,0.0,
R02_F01,2,1,9,Ti,1,False,6,6.0,0.0,0.3184400085102931
R02_F01,2,1,9,Zr,1,False,9,9.0,0.0,0.1830314629234134
R02_F01,2,1,9,Li,0,False,0,,0.0,
R02_F01,2,1,9,Ni,0,False,0,,0.0,
R02_F01,2,1,9,Be,0,False,0,,0.0,
R02_F01,2,1,9,Sc,0,False,0,,0.0,
R02_F01,2,1,9,Tsol,1,True,1,1.0,0.0,0.513595600564193
R02_F01,2,1,9,Tage,1,True,2,2.0,0.0,0.4777957889936388
R02_F01,2,1,9,tage,1,True,3,3.0,0.0,0.3373205741227759
R02_F01,2,1,10,Si,1,False,10,10.0,0.25,0.2140800352485145
R02_F01,2,1,10,Fe,1,False,7,7.0,0.25,0.2842863655849408
R02_F01,2,1,10,Cu,1,False,8,8.0,0.25,0.2824682343646491
R02_F01,2,1,10,Mn,0,False,0,,0.25,
R02_F01,2,1,10,Mg,1,False,5,5.0,0.25,0.5811271766183195
R02_F01,2,1,10,Cr,0,False,0,,0.25,
R02_F01,2,1,10,Zn,1,False,4,4.0,0.25,1.0
R02_F01,2,1,10,V,0,False,0,,0.25,
R02_F01,2,1,10,Ti,1,False,6,6.0,0.25,0.3607048649315158
R02_F01,2,1,10,Zr,1,False,9,9.0,0.25,0.2195423841237356
R02_F01,2,1,10,Li,0,False,0,,0.25,
R02_F01,2,1,10,Ni,0,False,0,,0.25,
R02_F01,2,1,10,Be,0,False,0,,0.25,
R02_F01,2,1,10,Sc,0,False,0,,0.25,
R02_F01,2,1,10,Tsol,1,True,1,1.0,0.25,0.5737162132010319
R02_F01,2,1,10,Tage,1,True,2,2.0,0.25,0.4373048472498781
R02_F01,2,1,10,tage,1,True,3,3.0,0.25,0.2529904305920819
R02_F01,2,1,11,Si,1,False,10,10.0,0.25,0.2140800352485145
R02_F01,2,1,11,Fe,1,False,7,7.0,0.25,0.2842863655849408
R02_F01,2,1,11,Cu,1,False,8,8.0,0.25,0.2824682343646491
R02_F01,2,1,11,Mn,0,False,0,,0.25,
R02_F01,2,1,11,Mg,1,False,5,5.0,0.25,0.5811271766183195
R02_F01,2,1,11,Cr,0,False,0,,0.25,
R02_F01,2,1,11,Zn,1,False,4,4.0,0.25,1.0
R02_F01,2,1,11,V,0,False,0,,0.25,
R02_F01,2,1,11,Ti,1,False,6,6.0,0.25,0.3607048649315158
R02_F01,2,1,11,Zr,1,False,9,9.0,0.25,0.2195423841237356
R02_F01,2,1,11,Li,0,False,0,,0.25,
R02_F01,2,1,11,Ni,0,False,0,,0.25,
R02_F01,2,1,11,Be,0,False,0,,0.25,
R02_F01,2,1,11,Sc,1,False,11,11.0,0.25,0.1668224991464542
R02_F01,2,1,11,Tsol,1,True,1,1.0,0.25,0.5737162132010319
R02_F01,2,1,11,Tage,1,True,2,2.0,0.25,0.4373048472498781
R02_F01,2,1,11,tage,1,True,3,3.0,0.25,0.2529904305920819
R02_F01,2,1,12,Si,1,False,10,10.0,0.25,0.2140800352485145
R02_F01,2,1,12,Fe,1,False,7,7.0,0.25,0.2842863655849408
R02_F01,2,1,12,Cu,1,False,8,8.0,0.25,0.2824682343646491
R02_F01,2,1,12,Mn,0,False,0,,0.25,
R02_F01,2,1,12,Mg,1,False,5,5.0,0.25,0.5811271766183195
R02_F01,2,1,12,Cr,1,False,12,12.0,0.25,0.1521152080599946
R02_F01,2,1,12,Zn,1,False,4,4.0,0.25,1.0
R02_F01,2,1,12,V,0,False,0,,0.25,
R02_F01,2,1,12,Ti,1,False,6,6.0,0.25,0.3607048649315158
R02_F01,2,1,12,Zr,1,False,9,9.0,0.25,0.2195423841237356
R02_F01,2,1,12,Li,0,False,0,,0.25,
R02_F01,2,1,12,Ni,0,False,0,,0.25,
R02_F01,2,1,12,Be,0,False,0,,0.25,
R02_F01,2,1,12,Sc,1,False,11,11.0,0.25,0.1668224991464542
R02_F01,2,1,12,Tsol,1,True,1,1.0,0.25,0.5737162132010319
R02_F01,2,1,12,Tage,1,True,2,2.0,0.25,0.4373048472498781
R02_F01,2,1,12,tage,1,True,3,3.0,0.25,0.2529904305920819
R02_F01,2,1,13,Si,1,False,8,8.0,0.75,0.3337168904899886
R02_F01,2,1,13,Fe,1,False,7,7.0,0.75,0.3769277017145997
R02_F01,2,1,13,Cu,1,False,11,11.0,0.75,0.2496991137868647
R02_F01,2,1,13,Mn,0,False,0,,0.75,
R02_F01,2,1,13,Mg,1,False,5,5.0,0.75,0.7640203975291713
R02_F01,2,1,13,Cr,1,False,12,12.0,0.75,0.2307681682047295
R02_F01,2,1,13,Zn,1,False,4,4.0,0.75,1.0
R02_F01,2,1,13,V,0,False,0,,0.75,
R02_F01,2,1,13,Ti,1,False,6,6.0,0.75,0.4452345777739612
R02_F01,2,1,13,Zr,1,False,10,10.0,0.75,0.2925642265243801
R02_F01,2,1,13,Li,1,False,13,13.0,0.75,0.2136858704173664
R02_F01,2,1,13,Ni,0,False,0,,0.75,
R02_F01,2,1,13,Be,0,False,0,,0.75,
R02_F01,2,1,13,Sc,1,False,9,9.0,0.75,0.3251799513949376
R02_F01,2,1,13,Tsol,1,True,1,1.0,0.75,0.69395743847471
R02_F01,2,1,13,Tage,1,True,2,2.0,0.75,0.3563229637623567
R02_F01,2,1,13,tage,1,True,3,3.0,0.75,0.0843301435306939
R02_F01,2,1,14,Si,1,False,8,8.0,0.75,0.3337168904899886
R02_F01,2,1,14,Fe,1,False,7,7.0,0.75,0.3769277017145997
R02_F01,2,1,14,Cu,1,False,11,11.0,0.75,0.2496991137868647
R02_F01,2,1,14,Mn,0,False,0,,0.75,
R02_F01,2,1,14,Mg,1,False,5,5.0,0.75,0.7640203975291713
R02_F01,2,1,14,Cr,1,False,12,12.0,0.75,0.2307681682047295
R02_F01,2,1,14,Zn,1,False,4,4.0,0.75,1.0
R02_F01,2,1,14,V,0,False,0,,0.75,
R02_F01,2,1,14,Ti,1,False,6,6.0,0.75,0.4452345777739612
R02_F01,2,1,14,Zr,1,False,10,10.0,0.75,0.2925642265243801
R02_F01,2,1,14,Li,1,False,13,13.0,0.75,0.2136858704173664
R02_F01,2,1,14,Ni,0,False,0,,0.75,
R02_F01,2,1,14,Be,1,False,14,14.0,0.75,0.1329340837909094
R02_F01,2,1,14,Sc,1,False,9,9.0,0.75,0.3251799513949376
R02_F01,2,1,14,Tsol,1,True,1,1.0,0.75,0.69395743847471
R02_F01,2,1,14,Tage,1,True,2,2.0,0.75,0.3563229637623567
R02_F01,2,1,14,tage,1,True,3,3.0,0.75,0.0843301435306939
R02_F01,2,1,15,Si,1,False,8,8.0,0.5,0.2738984628692515
R02_F01,2,1,15,Fe,1,False,7,7.0,0.5,0.3306070336497703
R02_F01,2,1,15,Cu,1,False,9,9.0,0.5,0.2660836740757569
R02_F01,2,1,15,Mn,1,False,14,14.0,0.5,0.120218717411872
R02_F01,2,1,15,Mg,1,False,5,5.0,0.5,0.6725737870737454
R02_F01,2,1,15,Cr,1,False,12,12.0,0.5,0.1914416881323621
R02_F01,2,1,15,Zn,1,False,4,4.0,0.5,1.0
R02_F01,2,1,15,V,0,False,0,,0.5,
R02_F01,2,1,15,Ti,1,False,6,6.0,0.5,0.4029697213527385
R02_F01,2,1,15,Zr,1,False,10,10.0,0.5,0.2560533053240578
R02_F01,2,1,15,Li,1,False,13,13.0,0.5,0.166477026558189
R02_F01,2,1,15,Ni,0,False,0,,0.5,
R02_F01,2,1,15,Be,1,False,15,15.0,0.5,0.0948969356753506
R02_F01,2,1,15,Sc,1,False,11,11.0,0.5,0.2460012252706959
R02_F01,2,1,15,Tsol,1,True,1,1.0,0.5,0.633836825837871
R02_F01,2,1,15,Tage,1,True,2,2.0,0.5,0.3968139055061174
R02_F01,2,1,15,tage,1,True,3,3.0,0.5,0.1686602870613879
R02_F01,2,1,16,Si,1,False,10,10.0,0.0,0.1542616076277774
R02_F01,2,1,16,Fe,1,False,8,8.0,0.0,0.2379656975201113
R02_F01,2,1,16,Cu,1,False,7,7.0,0.0,0.2988527946535412
R02_F01,2,1,16,Mn,1,False,11,11.0,0.0,0.1511380079845246
R02_F01,2,1,16,Mg,1,False,5,5.0,0.0,0.4896805661628935
R02_F01,2,1,16,Cr,1,False,12,12.0,0.0,0.1127887279876272
R02_F01,2,1,16,Zn,1,False,4,4.0,0.0,1.0
R02_F01,2,1,16,V,0,False,0,,0.0,
R02_F01,2,1,16,Ti,1,False,6,6.0,0.0,0.3184400085102931
R02_F01,2,1,16,Zr,1,False,9,9.0,0.0,0.1830314629234134
R02_F01,2,1,16,Li,1,False,14,14.0,0.0,0.0720593388398343
R02_F01,2,1,16,Ni,1,False,15,15.0,0.0,0.024645920930969
R02_F01,2,1,16,Be,1,False,16,16.0,0.0,0.0188226394442332
R02_F01,2,1,16,Sc,1,False,13,13.0,0.0,0.0876437730222125
R02_F01,2,1,16,Tsol,1,True,1,1.0,0.0,0.513595600564193
R02_F01,2,1,16,Tage,1,True,2,2.0,0.0,0.4777957889936388
R02_F01,2,1,16,tage,1,True,3,3.0,0.0,0.3373205741227759
R02_F01,2,1,17,Si,1,False,10,10.0,0.0,0.1542616076277774
R02_F01,2,1,17,Fe,1,False,8,8.0,0.0,0.2379656975201113
R02_F01,2,1,17,Cu,1,False,7,7.0,0.0,0.2988527946535412
R02_F01,2,1,17,Mn,1,False,11,11.0,0.0,0.1511380079845246
R02_F01,2,1,17,Mg,1,False,5,5.0,0.0,0.4896805661628935
R02_F01,2,1,17,Cr,1,False,12,12.0,0.0,0.1127887279876272
R02_F01,2,1,17,Zn,1,False,4,4.0,0.0,1.0
R02_F01,2,1,17,V,1,False,17,17.0,0.0,0.0
R02_F01,2,1,17,Ti,1,False,6,6.0,0.0,0.3184400085102931
R02_F01,2,1,17,Zr,1,False,9,9.0,0.0,0.1830314629234134
R02_F01,2,1,17,Li,1,False,14,14.0,0.0,0.0720593388398343
R02_F01,2,1,17,Ni,1,False,15,15.0,0.0,0.024645920930969
R02_F01,2,1,17,Be,1,False,16,16.0,0.0,0.0188226394442332
R02_F01,2,1,17,Sc,1,False,13,13.0,0.0,0.0876437730222125
R02_F01,2,1,17,Tsol,1,True,1,1.0,0.0,0.513595600564193
R02_F01,2,1,17,Tage,1,True,2,2.0,0.0,0.4777957889936388
R02_F01,2,1,17,tage,1,True,3,3.0,0.0,0.3373205741227759
R02_F02,2,2,3,Si,0,False,0,,0.5,
R02_F02,2,2,3,Fe,0,False,0,,0.5,
R02_F02,2,2,3,Cu,0,False,0,,0.5,
R02_F02,2,2,3,Mn,0,False,0,,0.5,
R02_F02,2,2,3,Mg,0,False,0,,0.5,
R02_F02,2,2,3,Cr,0,False,0,,0.5,
R02_F02,2,2,3,Zn,0,False,0,,0.5,
R02_F02,2,2,3,V,0,False,0,,0.5,
R02_F02,2,2,3,Ti,0,False,0,,0.5,
R02_F02,2,2,3,Zr,0,False,0,,0.5,
R02_F02,2,2,3,Li,0,False,0,,0.5,
R02_F02,2,2,3,Ni,0,False,0,,0.5,
R02_F02,2,2,3,Be,0,False,0,,0.5,
R02_F02,2,2,3,Sc,0,False,0,,0.5,
R02_F02,2,2,3,Tsol,1,True,1,1.0,0.5,0.6454273838907196
R02_F02,2,2,3,Tage,1,True,2,2.0,0.5,0.4544604326344965
R02_F02,2,2,3,tage,1,True,3,3.0,0.5,0.1751573539010468
R02_F02,2,2,4,Si,0,False,0,,1.0,
R02_F02,2,2,4,Fe,0,False,0,,1.0,
R02_F02,2,2,4,Cu,0,False,0,,1.0,
R02_F02,2,2,4,Mn,0,False,0,,1.0,
R02_F02,2,2,4,Mg,0,False,0,,1.0,
R02_F02,2,2,4,Cr,0,False,0,,1.0,
R02_F02,2,2,4,Zn,1,False,4,4.0,1.0,1.0
R02_F02,2,2,4,V,0,False,0,,1.0,
R02_F02,2,2,4,Ti,0,False,0,,1.0,
R02_F02,2,2,4,Zr,0,False,0,,1.0,
R02_F02,2,2,4,Li,0,False,0,,1.0,
R02_F02,2,2,4,Ni,0,False,0,,1.0,
R02_F02,2,2,4,Be,0,False,0,,1.0,
R02_F02,2,2,4,Sc,0,False,0,,1.0,
R02_F02,2,2,4,Tsol,1,True,1,1.0,1.0,0.7745215788298218
R02_F02,2,2,4,Tage,1,True,2,2.0,1.0,0.3901227627648085
R02_F02,2,2,4,tage,1,True,3,3.0,1.0,0.0
R02_F02,2,2,5,Si,0,False,0,,0.0,
R02_F02,2,2,5,Fe,0,False,0,,0.0,
R02_F02,2,2,5,Cu,0,False,0,,0.0,
R02_F02,2,2,5,Mn,0,False,0,,0.0,
R02_F02,2,2,5,Mg,1,False,5,5.0,0.0,0.4334327370803523
R02_F02,2,2,5,Cr,0,False,0,,0.0,
R02_F02,2,2,5,Zn,1,False,4,4.0,0.0,1.0
R02_F02,2,2,5,V,0,False,0,,0.0,
R02_F02,2,2,5,Ti,0,False,0,,0.0,
R02_F02,2,2,5,Zr,0,False,0,,0.0,
R02_F02,2,2,5,Li,0,False,0,,0.0,
R02_F02,2,2,5,Ni,0,False,0,,0.0,
R02_F02,2,2,5,Be,0,False,0,,0.0,
R02_F02,2,2,5,Sc,0,False,0,,0.0,
R02_F02,2,2,5,Tsol,1,True,1,1.0,0.0,0.5163331889516176
R02_F02,2,2,5,Tage,1,True,2,2.0,0.0,0.5187981025041845
R02_F02,2,2,5,tage,1,True,3,3.0,0.0,0.3503147078020937
R02_F02,2,2,6,Si,0,False,0,,0.5,
R02_F02,2,2,6,Fe,1,False,6,6.0,0.5,0.3325652927520861
R02_F02,2,2,6,Cu,0,False,0,,0.5,
R02_F02,2,2,6,Mn,0,False,0,,0.5,
R02_F02,2,2,6,Mg,1,False,5,5.0,0.5,0.6282657163289508
R02_F02,2,2,6,Cr,0,False,0,,0.5,
R02_F02,2,2,6,Zn,1,False,4,4.0,0.5,1.0
R02_F02,2,2,6,V,0,False,0,,0.5,
R02_F02,2,2,6,Ti,0,False,0,,0.5,
R02_F02,2,2,6,Zr,0,False,0,,0.5,
R02_F02,2,2,6,Li,0,False,0,,0.5,
R02_F02,2,2,6,Ni,0,False,0,,0.5,
R02_F02,2,2,6,Be,0,False,0,,0.5,
R02_F02,2,2,6,Sc,0,False,0,,0.5,
R02_F02,2,2,6,Tsol,1,True,1,1.0,0.5,0.6454273838907196
R02_F02,2,2,6,Tage,1,True,2,2.0,0.5,0.4544604326344965
R02_F02,2,2,6,tage,1,True,3,3.0,0.5,0.1751573539010468
R02_F02,2,2,7,Si,0,False,0,,0.0,
R02_F02,2,2,7,Fe,1,False,7,7.0,0.0,0.254809081349676
R02_F02,2,2,7,Cu,1,False,6,6.0,0.0,0.3710239658579707
R02_F02,2,2,7,Mn,0,False,0,,0.0,
R02_F02,2,2,7,Mg,1,False,5,5.0,0.0,0.4334327370803523
R02_F02,2,2,7,Cr,0,False,0,,0.0,
R02_F02,2,2,7,Zn,1,False,4,4.0,0.0,1.0
R02_F02,2,2,7,V,0,False,0,,0.0,
R02_F02,2,2,7,Ti,0,False,0,,0.0,
R02_F02,2,2,7,Zr,0,False,0,,0.0,
R02_F02,2,2,7,Li,0,False,0,,0.0,
R02_F02,2,2,7,Ni,0,False,0,,0.0,
R02_F02,2,2,7,Be,0,False,0,,0.0,
R02_F02,2,2,7,Sc,0,False,0,,0.0,
R02_F02,2,2,7,Tsol,1,True,1,1.0,0.0,0.5163331889516176
R02_F02,2,2,7,Tage,1,True,2,2.0,0.0,0.5187981025041845
R02_F02,2,2,7,tage,1,True,3,3.0,0.0,0.3503147078020937
R02_F02,2,2,8,Si,0,False,0,,0.0,
R02_F02,2,2,8,Fe,1,False,7,7.0,0.0,0.254809081349676
R02_F02,2,2,8,Cu,1,False,6,6.0,0.0,0.3710239658579707
R02_F02,2,2,8,Mn,0,False,0,,0.0,
R02_F02,2,2,8,Mg,1,False,5,5.0,0.0,0.4334327370803523
R02_F02,2,2,8,Cr,0,False,0,,0.0,
R02_F02,2,2,8,Zn,1,False,4,4.0,0.0,1.0
R02_F02,2,2,8,V,0,False,0,,0.0,
R02_F02,2,2,8,Ti,0,False,0,,0.0,
R02_F02,2,2,8,Zr,1,False,8,8.0,0.0,0.240832076374588
R02_F02,2,2,8,Li,0,False,0,,0.0,
R02_F02,2,2,8,Ni,0,False,0,,0.0,
R02_F02,2,2,8,Be,0,False,0,,0.0,
R02_F02,2,2,8,Sc,0,False,0,,0.0,
R02_F02,2,2,8,Tsol,1,True,1,1.0,0.0,0.5163331889516176
R02_F02,2,2,8,Tage,1,True,2,2.0,0.0,0.5187981025041845
R02_F02,2,2,8,tage,1,True,3,3.0,0.0,0.3503147078020937
R02_F02,2,2,9,Si,0,False,0,,0.25,
R02_F02,2,2,9,Fe,1,False,7,7.0,0.25,0.2936871870508811
R02_F02,2,2,9,Cu,1,False,6,6.0,0.25,0.3464727265890686
R02_F02,2,2,9,Mn,0,False,0,,0.25,
R02_F02,2,2,9,Mg,1,False,5,5.0,0.25,0.5308492267046515
R02_F02,2,2,9,Cr,0,False,0,,0.25,
R02_F02,2,2,9,Zn,1,False,4,4.0,0.25,1.0
R02_F02,2,2,9,V,0,False,0,,0.25,
R02_F02,2,2,9,Ti,1,False,8,8.0,0.25,0.274662956331944
R02_F02,2,2,9,Zr,1,False,9,9.0,0.25,0.2644980046102834
R02_F02,2,2,9,Li,0,False,0,,0.25,
R02_F02,2,2,9,Ni,0,False,0,,0.25,
R02_F02,2,2,9,Be,0,False,0,,0.25,
R02_F02,2,2,9,Sc,0,False,0,,0.25,
R02_F02,2,2,9,Tsol,1,True,1,1.0,0.25,0.5808802864211686
R02_F02,2,2,9,Tage,1,True,2,2.0,0.25,0.4866292675693404
R02_F02,2,2,9,tage,1,True,3,3.0,0.25,0.2627360308515702
R02_F02,2,2,10,Si,1,False,10,10.0,0.25,0.2288023063552904
R02_F02,2,2,10,Fe,1,False,7,7.0,0.25,0.2936871870508811
R02_F02,2,2,10,Cu,1,False,6,6.0,0.25,0.3464727265890686
R02_F02,2,2,10,Mn,0,False,0,,0.25,
R02_F02,2,2,10,Mg,1,False,5,5.0,0.25,0.5308492267046515
R02_F02,2,2,10,Cr,0,False,0,,0.25,
R02_F02,2,2,10,Zn,1,False,4,4.0,0.25,1.0
R02_F02,2,2,10,V,0,False,0,,0.25,
R02_F02,2,2,10,Ti,1,False,8,8.0,0.25,0.274662956331944
R02_F02,2,2,10,Zr,1,False,9,9.0,0.25,0.2644980046102834
R02_F02,2,2,10,Li,0,False,0,,0.25,
R02_F02,2,2,10,Ni,0,False,0,,0.25,
R02_F02,2,2,10,Be,0,False,0,,0.25,
R02_F02,2,2,10,Sc,0,False,0,,0.25,
R02_F02,2,2,10,Tsol,1,True,1,1.0,0.25,0.5808802864211686
R02_F02,2,2,10,Tage,1,True,2,2.0,0.25,0.4866292675693404
R02_F02,2,2,10,tage,1,True,3,3.0,0.25,0.2627360308515702
R02_F02,2,2,11,Si,1,False,10,10.0,0.25,0.2288023063552904
R02_F02,2,2,11,Fe,1,False,7,7.0,0.25,0.2936871870508811
R02_F02,2,2,11,Cu,1,False,6,6.0,0.25,0.3464727265890686
R02_F02,2,2,11,Mn,0,False,0,,0.25,
R02_F02,2,2,11,Mg,1,False,5,5.0,0.25,0.5308492267046515
R02_F02,2,2,11,Cr,1,False,11,11.0,0.25,0.1889642178780841
R02_F02,2,2,11,Zn,1,False,4,4.0,0.25,1.0
R02_F02,2,2,11,V,0,False,0,,0.25,
R02_F02,2,2,11,Ti,1,False,8,8.0,0.25,0.274662956331944
R02_F02,2,2,11,Zr,1,False,9,9.0,0.25,0.2644980046102834
R02_F02,2,2,11,Li,0,False,0,,0.25,
R02_F02,2,2,11,Ni,0,False,0,,0.25,
R02_F02,2,2,11,Be,0,False,0,,0.25,
R02_F02,2,2,11,Sc,0,False,0,,0.25,
R02_F02,2,2,11,Tsol,1,True,1,1.0,0.25,0.5808802864211686
R02_F02,2,2,11,Tage,1,True,2,2.0,0.25,0.4866292675693404
R02_F02,2,2,11,tage,1,True,3,3.0,0.25,0.2627360308515702
R02_F02,2,2,12,Si,1,False,9,9.0,0.75,0.3477104859270297
R02_F02,2,2,12,Fe,1,False,7,7.0,0.75,0.3714433984532912
R02_F02,2,2,12,Cu,1,False,11,11.0,0.75,0.2973702480512644
R02_F02,2,2,12,Mn,0,False,0,,0.75,
R02_F02,2,2,12,Mg,1,False,5,5.0,0.75,0.72568220595325
R02_F02,2,2,12,Cr,1,False,12,12.0,0.75,0.296361254302791
R02_F02,2,2,12,Zn,1,False,4,4.0,0.75,1.0
R02_F02,2,2,12,V,0,False,0,,0.75,
R02_F02,2,2,12,Ti,1,False,6,6.0,0.75,0.3849492189092305
R02_F02,2,2,12,Zr,1,False,10,10.0,0.75,0.3118298610816742
R02_F02,2,2,12,Li,0,False,0,,0.75,
R02_F02,2,2,12,Ni,0,False,0,,0.75,
R02_F02,2,2,12,Be,0,False,0,,0.75,
R02_F02,2,2,12,Sc,1,False,8,8.0,0.75,0.3504926838580697
R02_F02,2,2,12,Tsol,1,True,1,1.0,0.75,0.7099744813602706
R02_F02,2,2,12,Tage,1,True,2,2.0,0.75,0.4222915976996525
R02_F02,2,2,12,tage,1,True,3,3.0,0.75,0.0875786769505234
R02_F02,2,2,13,Si,1,False,9,9.0,0.75,0.3477104859270297
R02_F02,2,2,13,Fe,1,False,7,7.0,0.75,0.3714433984532912
R02_F02,2,2,13,Cu,1,False,11,11.0,0.75,0.2973702480512644
R02_F02,2,2,13,Mn,0,False,0,,0.75,
R02_F02,2,2,13,Mg,1,False,5,5.0,0.75,0.72568220595325
R02_F02,2,2,13,Cr,1,False,12,12.0,0.75,0.296361254302791
R02_F02,2,2,13,Zn,1,False,4,4.0,0.75,1.0
R02_F02,2,2,13,V,0,False,0,,0.75,
R02_F02,2,2,13,Ti,1,False,6,6.0,0.75,0.3849492189092305
R02_F02,2,2,13,Zr,1,False,10,10.0,0.75,0.3118298610816742
R02_F02,2,2,13,Li,1,False,13,13.0,0.75,0.2241056362209305
R02_F02,2,2,13,Ni,0,False,0,,0.75,
R02_F02,2,2,13,Be,0,False,0,,0.75,
R02_F02,2,2,13,Sc,1,False,8,8.0,0.75,0.3504926838580697
R02_F02,2,2,13,Tsol,1,True,1,1.0,0.75,0.7099744813602706
R02_F02,2,2,13,Tage,1,True,2,2.0,0.75,0.4222915976996525
R02_F02,2,2,13,tage,1,True,3,3.0,0.75,0.0875786769505234
R02_F02,2,2,14,Si,1,False,10,10.0,0.0,0.1693482165694207
R02_F02,2,2,14,Fe,1,False,7,7.0,0.0,0.254809081349676
R02_F02,2,2,14,Cu,1,False,6,6.0,0.0,0.3710239658579707
R02_F02,2,2,14,Mn,1,False,12,12.0,0.0,0.1465353652241969
R02_F02,2,2,14,Mg,1,False,5,5.0,0.0,0.4334327370803523
R02_F02,2,2,14,Cr,1,False,13,13.0,0.0,0.1352656996657308
R02_F02,2,2,14,Zn,1,False,4,4.0,0.0,1.0
R02_F02,2,2,14,V,0,False,0,,0.0,
R02_F02,2,2,14,Ti,1,False,9,9.0,0.0,0.2195198250433008
R02_F02,2,2,14,Zr,1,False,8,8.0,0.0,0.240832076374588
R02_F02,2,2,14,Li,1,False,11,11.0,0.0,0.1553137839231868
R02_F02,2,2,14,Ni,0,False,0,,0.0,
R02_F02,2,2,14,Be,0,False,0,,0.0,
R02_F02,2,2,14,Sc,1,False,14,14.0,0.0,0.1003172565760978
R02_F02,2,2,14,Tsol,1,True,1,1.0,0.0,0.5163331889516176
R02_F02,2,2,14,Tage,1,True,2,2.0,0.0,0.5187981025041845
R02_F02,2,2,14,tage,1,True,3,3.0,0.0,0.3503147078020937
R02_F02,2,2,15,Si,1,False,10,10.0,0.0,0.1693482165694207
R02_F02,2,2,15,Fe,1,False,7,7.0,0.0,0.254809081349676
R02_F02,2,2,15,Cu,1,False,6,6.0,0.0,0.3710239658579707
R02_F02,2,2,15,Mn,1,False,12,12.0,0.0,0.1465353652241969
R02_F02,2,2,15,Mg,1,False,5,5.0,0.0,0.4334327370803523
R02_F02,2,2,15,Cr,1,False,13,13.0,0.0,0.1352656996657308
R02_F02,2,2,15,Zn,1,False,4,4.0,0.0,1.0
R02_F02,2,2,15,V,0,False,0,,0.0,
R02_F02,2,2,15,Ti,1,False,9,9.0,0.0,0.2195198250433008
R02_F02,2,2,15,Zr,1,False,8,8.0,0.0,0.240832076374588
R02_F02,2,2,15,Li,1,False,11,11.0,0.0,0.1553137839231868
R02_F02,2,2,15,Ni,1,False,15,15.0,0.0,0.0456203891690509
R02_F02,2,2,15,Be,0,False,0,,0.0,
R02_F02,2,2,15,Sc,1,False,14,14.0,0.0,0.1003172565760978
R02_F02,2,2,15,Tsol,1,True,1,1.0,0.0,0.5163331889516176
R02_F02,2,2,15,Tage,1,True,2,2.0,0.0,0.5187981025041845
R02_F02,2,2,15,tage,1,True,3,3.0,0.0,0.3503147078020937
R02_F02,2,2,16,Si,1,False,10,10.0,0.0,0.1693482165694207
R02_F02,2,2,16,Fe,1,False,7,7.0,0.0,0.254809081349676
R02_F02,2,2,16,Cu,1,False,6,6.0,0.0,0.3710239658579707
R02_F02,2,2,16,Mn,1,False,12,12.0,0.0,0.1465353652241969
R02_F02,2,2,16,Mg,1,False,5,5.0,0.0,0.4334327370803523
R02_F02,2,2,16,Cr,1,False,13,13.0,0.0,0.1352656996657308
R02_F02,2,2,16,Zn,1,False,4,4.0,0.0,1.0
R02_F02,2,2,16,V,0,False,0,,0.0,
R02_F02,2,2,16,Ti,1,False,9,9.0,0.0,0.2195198250433008
R02_F02,2,2,16,Zr,1,False,8,8.0,0.0,0.240832076374588
R02_F02,2,2,16,Li,1,False,11,11.0,0.0,0.1553137839231868
R02_F02,2,2,16,Ni,1,False,15,15.0,0.0,0.0456203891690509
R02_F02,2,2,16,Be,1,False,16,16.0,0.0,0.0134592564094855
R02_F02,2,2,16,Sc,1,False,14,14.0,0.0,0.1003172565760978
R02_F02,2,2,16,Tsol,1,True,1,1.0,0.0,0.5163331889516176
R02_F02,2,2,16,Tage,1,True,2,2.0,0.0,0.5187981025041845
R02_F02,2,2,16,tage,1,True,3,3.0,0.0,0.3503147078020937
R02_F02,2,2,17,Si,1,False,9,9.0,0.75,0.3477104859270297
R02_F02,2,2,17,Fe,1,False,7,7.0,0.75,0.3714433984532912
R02_F02,2,2,17,Cu,1,False,11,11.0,0.75,0.2973702480512644
R02_F02,2,2,17,Mn,1,False,16,16.0,0.75,0.0687164185552537
R02_F02,2,2,17,Mg,1,False,5,5.0,0.75,0.72568220595325
R02_F02,2,2,17,Cr,1,False,12,12.0,0.75,0.296361254302791
R02_F02,2,2,17,Zn,1,False,4,4.0,0.75,1.0
R02_F02,2,2,17,V,1,False,17,17.0,0.75,0.0378225221964966
R02_F02,2,2,17,Ti,1,False,6,6.0,0.75,0.3849492189092305
R02_F02,2,2,17,Zr,1,False,10,10.0,0.75,0.3118298610816742
R02_F02,2,2,17,Li,1,False,13,13.0,0.75,0.2241056362209305
R02_F02,2,2,17,Ni,1,False,14,14.0,0.75,0.1106514542045698
R02_F02,2,2,17,Be,1,False,15,15.0,0.75,0.1051445817191435
R02_F02,2,2,17,Sc,1,False,8,8.0,0.75,0.3504926838580697
R02_F02,2,2,17,Tsol,1,True,1,1.0,0.75,0.7099744813602706
R02_F02,2,2,17,Tage,1,True,2,2.0,0.75,0.4222915976996525
R02_F02,2,2,17,tage,1,True,3,3.0,0.75,0.0875786769505234
R02_F03,2,3,3,Si,0,False,0,,1.0,
R02_F03,2,3,3,Fe,0,False,0,,1.0,
R02_F03,2,3,3,Cu,0,False,0,,1.0,
R02_F03,2,3,3,Mn,0,False,0,,1.0,
R02_F03,2,3,3,Mg,0,False,0,,1.0,
R02_F03,2,3,3,Cr,0,False,0,,1.0,
R02_F03,2,3,3,Zn,0,False,0,,1.0,
R02_F03,2,3,3,V,0,False,0,,1.0,
R02_F03,2,3,3,Ti,0,False,0,,1.0,
R02_F03,2,3,3,Zr,0,False,0,,1.0,
R02_F03,2,3,3,Li,0,False,0,,1.0,
R02_F03,2,3,3,Ni,0,False,0,,1.0,
R02_F03,2,3,3,Be,0,False,0,,1.0,
R02_F03,2,3,3,Sc,0,False,0,,1.0,
R02_F03,2,3,3,Tsol,1,True,1,1.0,1.0,0.7767394591969177
R02_F03,2,3,3,Tage,1,True,2,2.0,1.0,0.3987222998035663
R02_F03,2,3,3,tage,1,True,3,3.0,1.0,0.0
R02_F03,2,3,4,Si,0,False,0,,0.0,
R02_F03,2,3,4,Fe,0,False,0,,0.0,
R02_F03,2,3,4,Cu,0,False,0,,0.0,
R02_F03,2,3,4,Mn,0,False,0,,0.0,
R02_F03,2,3,4,Mg,0,False,0,,0.0,
R02_F03,2,3,4,Cr,0,False,0,,0.0,
R02_F03,2,3,4,Zn,1,False,4,4.0,0.0,1.0
R02_F03,2,3,4,V,0,False,0,,0.0,
R02_F03,2,3,4,Ti,0,False,0,,0.0,
R02_F03,2,3,4,Zr,0,False,0,,0.0,
R02_F03,2,3,4,Li,0,False,0,,0.0,
R02_F03,2,3,4,Ni,0,False,0,,0.0,
R02_F03,2,3,4,Be,0,False,0,,0.0,
R02_F03,2,3,4,Sc,0,False,0,,0.0,
R02_F03,2,3,4,Tsol,1,True,1,1.0,0.0,0.4758137566491996
R02_F03,2,3,4,Tage,1,True,2,2.0,0.0,0.3877030898019608
R02_F03,2,3,4,tage,1,True,3,3.0,0.0,0.2524939744701257
R02_F03,2,3,5,Si,0,False,0,,0.5,
R02_F03,2,3,5,Fe,0,False,0,,0.5,
R02_F03,2,3,5,Cu,0,False,0,,0.5,
R02_F03,2,3,5,Mn,0,False,0,,0.5,
R02_F03,2,3,5,Mg,1,False,5,5.0,0.5,0.6268606702945347
R02_F03,2,3,5,Cr,0,False,0,,0.5,
R02_F03,2,3,5,Zn,1,False,4,4.0,0.5,1.0
R02_F03,2,3,5,V,0,False,0,,0.5,
R02_F03,2,3,5,Ti,0,False,0,,0.5,
R02_F03,2,3,5,Zr,0,False,0,,0.5,
R02_F03,2,3,5,Li,0,False,0,,0.5,
R02_F03,2,3,5,Ni,0,False,0,,0.5,
R02_F03,2,3,5,Be,0,False,0,,0.5,
R02_F03,2,3,5,Sc,0,False,0,,0.5,
R02_F03,2,3,5,Tsol,1,True,1,1.0,0.5,0.6262766079230586
R02_F03,2,3,5,Tage,1,True,2,2.0,0.5,0.3932126948027635
R02_F03,2,3,5,tage,1,True,3,3.0,0.5,0.1262469872350628
R02_F03,2,3,6,Si,0,False,0,,0.25,
R02_F03,2,3,6,Fe,0,False,0,,0.25,
R02_F03,2,3,6,Cu,1,False,6,6.0,0.25,0.3299844463819086
R02_F03,2,3,6,Mn,0,False,0,,0.25,
R02_F03,2,3,6,Mg,1,False,5,5.0,0.25,0.521235566258515
R02_F03,2,3,6,Cr,0,False,0,,0.25,
R02_F03,2,3,6,Zn,1,False,4,4.0,0.25,1.0
R02_F03,2,3,6,V,0,False,0,,0.25,
R02_F03,2,3,6,Ti,0,False,0,,0.25,
R02_F03,2,3,6,Zr,0,False,0,,0.25,
R02_F03,2,3,6,Li,0,False,0,,0.25,
R02_F03,2,3,6,Ni,0,False,0,,0.25,
R02_F03,2,3,6,Be,0,False,0,,0.25,
R02_F03,2,3,6,Sc,0,False,0,,0.25,
R02_F03,2,3,6,Tsol,1,True,1,1.0,0.25,0.5510451822861291
R02_F03,2,3,6,Tage,1,True,2,2.0,0.25,0.3904578923023621
R02_F03,2,3,6,tage,1,True,3,3.0,0.25,0.1893704808525942
R02_F03,2,3,7,Si,0,False,0,,0.0,
R02_F03,2,3,7,Fe,0,False,0,,0.0,
R02_F03,2,3,7,Cu,1,False,6,6.0,0.0,0.3386129248746707
R02_F03,2,3,7,Mn,0,False,0,,0.0,
R02_F03,2,3,7,Mg,1,False,5,5.0,0.0,0.4156104622224952
R02_F03,2,3,7,Cr,0,False,0,,0.0,
R02_F03,2,3,7,Zn,1,False,4,4.0,0.0,1.0
R02_F03,2,3,7,V,0,False,0,,0.0,
R02_F03,2,3,7,Ti,1,False,7,7.0,0.0,0.2554203188927008
R02_F03,2,3,7,Zr,0,False,0,,0.0,
R02_F03,2,3,7,Li,0,False,0,,0.0,
R02_F03,2,3,7,Ni,0,False,0,,0.0,
R02_F03,2,3,7,Be,0,False,0,,0.0,
R02_F03,2,3,7,Sc,0,False,0,,0.0,
R02_F03,2,3,7,Tsol,1,True,1,1.0,0.0,0.4758137566491996
R02_F03,2,3,7,Tage,1,True,2,2.0,0.0,0.3877030898019608
R02_F03,2,3,7,tage,1,True,3,3.0,0.0,0.2524939744701257
R02_F03,2,3,8,Si,0,False,0,,0.25,
R02_F03,2,3,8,Fe,1,False,8,8.0,0.25,0.2708035762792475
R02_F03,2,3,8,Cu,1,False,6,6.0,0.25,0.3299844463819086
R02_F03,2,3,8,Mn,0,False,0,,0.25,
R02_F03,2,3,8,Mg,1,False,5,5.0,0.25,0.521235566258515
R02_F03,2,3,8,Cr,0,False,0,,0.25,
R02_F03,2,3,8,Zn,1,False,4,4.0,0.25,1.0
R02_F03,2,3,8,V,0,False,0,,0.25,
R02_F03,2,3,8,Ti,1,False,7,7.0,0.25,0.3092828522951322
R02_F03,2,3,8,Zr,0,False,0,,0.25,
R02_F03,2,3,8,Li,0,False,0,,0.25,
R02_F03,2,3,8,Ni,0,False,0,,0.25,
R02_F03,2,3,8,Be,0,False,0,,0.25,
R02_F03,2,3,8,Sc,0,False,0,,0.25,
R02_F03,2,3,8,Tsol,1,True,1,1.0,0.25,0.5510451822861291
R02_F03,2,3,8,Tage,1,True,2,2.0,0.25,0.3904578923023621
R02_F03,2,3,8,tage,1,True,3,3.0,0.25,0.1893704808525942
R02_F03,2,3,9,Si,0,False,0,,0.25,
R02_F03,2,3,9,Fe,1,False,8,8.0,0.25,0.2708035762792475
R02_F03,2,3,9,Cu,1,False,6,6.0,0.25,0.3299844463819086
R02_F03,2,3,9,Mn,0,False,0,,0.25,
R02_F03,2,3,9,Mg,1,False,5,5.0,0.25,0.521235566258515
R02_F03,2,3,9,Cr,0,False,0,,0.25,
R02_F03,2,3,9,Zn,1,False,4,4.0,0.25,1.0
R02_F03,2,3,9,V,0,False,0,,0.25,
R02_F03,2,3,9,Ti,1,False,7,7.0,0.25,0.3092828522951322
R02_F03,2,3,9,Zr,1,False,9,9.0,0.25,0.239781690716131
R02_F03,2,3,9,Li,0,False,0,,0.25,
R02_F03,2,3,9,Ni,0,False,0,,0.25,
R02_F03,2,3,9,Be,0,False,0,,0.25,
R02_F03,2,3,9,Sc,0,False,0,,0.25,
R02_F03,2,3,9,Tsol,1,True,1,1.0,0.25,0.5510451822861291
R02_F03,2,3,9,Tage,1,True,2,2.0,0.25,0.3904578923023621
R02_F03,2,3,9,tage,1,True,3,3.0,0.25,0.1893704808525942
R02_F03,2,3,10,Si,0,False,0,,0.25,
R02_F03,2,3,10,Fe,1,False,8,8.0,0.25,0.2708035762792475
R02_F03,2,3,10,Cu,1,False,6,6.0,0.25,0.3299844463819086
R02_F03,2,3,10,Mn,0,False,0,,0.25,
R02_F03,2,3,10,Mg,1,False,5,5.0,0.25,0.521235566258515
R02_F03,2,3,10,Cr,1,False,10,10.0,0.25,0.2287211630735517
R02_F03,2,3,10,Zn,1,False,4,4.0,0.25,1.0
R02_F03,2,3,10,V,0,False,0,,0.25,
R02_F03,2,3,10,Ti,1,False,7,7.0,0.25,0.3092828522951322
R02_F03,2,3,10,Zr,1,False,9,9.0,0.25,0.239781690716131
R02_F03,2,3,10,Li,0,False,0,,0.25,
R02_F03,2,3,10,Ni,0,False,0,,0.25,
R02_F03,2,3,10,Be,0,False,0,,0.25,
R02_F03,2,3,10,Sc,0,False,0,,0.25,
R02_F03,2,3,10,Tsol,1,True,1,1.0,0.25,0.5510451822861291
R02_F03,2,3,10,Tage,1,True,2,2.0,0.25,0.3904578923023621
R02_F03,2,3,10,tage,1,True,3,3.0,0.25,0.1893704808525942
R02_F03,2,3,11,Si,1,False,10,10.0,0.5,0.2844235126645701
R02_F03,2,3,11,Fe,1,False,7,7.0,0.5,0.3292050489045593
R02_F03,2,3,11,Cu,1,False,8,8.0,0.5,0.3213559678891466
R02_F03,2,3,11,Mn,0,False,0,,0.5,
R02_F03,2,3,11,Mg,1,False,5,5.0,0.5,0.6268606702945347
R02_F03,2,3,11,Cr,1,False,9,9.0,0.5,0.2869969558803638
R02_F03,2,3,11,Zn,1,False,4,4.0,0.5,1.0
R02_F03,2,3,11,V,0,False,0,,0.5,
R02_F03,2,3,11,Ti,1,False,6,6.0,0.5,0.3631453856975637
R02_F03,2,3,11,Zr,1,False,11,11.0,0.5,0.2842278716332234
R02_F03,2,3,11,Li,0,False,0,,0.5,
R02_F03,2,3,11,Ni,0,False,0,,0.5,
R02_F03,2,3,11,Be,0,False,0,,0.5,
R02_F03,2,3,11,Sc,0,False,0,,0.5,
R02_F03,2,3,11,Tsol,1,True,1,1.0,0.5,0.6262766079230586
R02_F03,2,3,11,Tage,1,True,2,2.0,0.5,0.3932126948027635
R02_F03,2,3,11,tage,1,True,3,3.0,0.5,0.1262469872350628
R02_F03,2,3,12,Si,1,False,8,8.0,0.75,0.3557108444709596
R02_F03,2,3,12,Fe,1,False,7,7.0,0.75,0.3876065215298713
R02_F03,2,3,12,Cu,1,False,12,12.0,0.75,0.3127274893963845
R02_F03,2,3,12,Mn,0,False,0,,0.75,
R02_F03,2,3,12,Mg,1,False,5,5.0,0.75,0.7324857743305544
R02_F03,2,3,12,Cr,1,False,10,10.0,0.75,0.3452727486871758
R02_F03,2,3,12,Zn,1,False,4,4.0,0.75,1.0
R02_F03,2,3,12,V,0,False,0,,0.75,
R02_F03,2,3,12,Ti,1,False,6,6.0,0.75,0.4170079190999951
R02_F03,2,3,12,Zr,1,False,11,11.0,0.75,0.3286740525503158
R02_F03,2,3,12,Li,0,False,0,,0.75,
R02_F03,2,3,12,Ni,0,False,0,,0.75,
R02_F03,2,3,12,Be,0,False,0,,0.75,
R02_F03,2,3,12,Sc,1,False,9,9.0,0.75,0.3506350522536717
R02_F03,2,3,12,Tsol,1,True,1,1.0,0.75,0.7015080335599881
R02_F03,2,3,12,Tage,1,True,2,2.0,0.75,0.3959674973031649
R02_F03,2,3,12,tage,1,True,3,3.0,0.75,0.0631234936175314
R02_F03,2,3,13,Si,1,False,10,10.0,0.5,0.2844235126645701
R02_F03,2,3,13,Fe,1,False,7,7.0,0.5,0.3292050489045593
R02_F03,2,3,13,Cu,1,False,8,8.0,0.5,0.3213559678891466
R02_F03,2,3,13,Mn,0,False,0,,0.5,
R02_F03,2,3,13,Mg,1,False,5,5.0,0.5,0.6268606702945347
R02_F03,2,3,13,Cr,1,False,9,9.0,0.5,0.2869969558803638
R02_F03,2,3,13,Zn,1,False,4,4.0,0.5,1.0
R02_F03,2,3,13,V,0,False,0,,0.5,
R02_F03,2,3,13,Ti,1,False,6,6.0,0.5,0.3631453856975637
R02_F03,2,3,13,Zr,1,False,11,11.0,0.5,0.2842278716332234
R02_F03,2,3,13,Li,1,False,13,13.0,0.5,0.1539938958840492
R02_F03,2,3,13,Ni,0,False,0,,0.5,
R02_F03,2,3,13,Be,0,False,0,,0.5,
R02_F03,2,3,13,Sc,1,False,12,12.0,0.5,0.2651879632966749
R02_F03,2,3,13,Tsol,1,True,1,1.0,0.5,0.6262766079230586
R02_F03,2,3,13,Tage,1,True,2,2.0,0.5,0.3932126948027635
R02_F03,2,3,13,tage,1,True,3,3.0,0.5,0.1262469872350628
R02_F03,2,3,14,Si,1,False,12,12.0,0.0,0.141848849051791
R02_F03,2,3,14,Fe,1,False,8,8.0,0.0,0.2124021036539356
R02_F03,2,3,14,Cu,1,False,6,6.0,0.0,0.3386129248746707
R02_F03,2,3,14,Mn,1,False,11,11.0,0.0,0.1478203761859121
R02_F03,2,3,14,Mg,1,False,5,5.0,0.0,0.4156104622224952
R02_F03,2,3,14,Cr,1,False,10,10.0,0.0,0.1704453702667398
R02_F03,2,3,14,Zn,1,False,4,4.0,0.0,1.0
R02_F03,2,3,14,V,0,False,0,,0.0,
R02_F03,2,3,14,Ti,1,False,7,7.0,0.0,0.2554203188927008
R02_F03,2,3,14,Zr,1,False,9,9.0,0.0,0.1953355097990386
R02_F03,2,3,14,Li,1,False,13,13.0,0.0,0.1051205684674697
R02_F03,2,3,14,Ni,0,False,0,,0.0,
R02_F03,2,3,14,Be,0,False,0,,0.0,
R02_F03,2,3,14,Sc,1,False,14,14.0,0.0,0.0942937853826811
R02_F03,2,3,14,Tsol,1,True,1,1.0,0.0,0.4758137566491996
R02_F03,2,3,14,Tage,1,True,2,2.0,0.0,0.3877030898019608
R02_F03,2,3,14,tage,1,True,3,3.0,0.0,0.2524939744701257
R02_F03,2,3,15,Si,1,False,12,12.0,0.0,0.141848849051791
R02_F03,2,3,15,Fe,1,False,8,8.0,0.0,0.2124021036539356
R02_F03,2,3,15,Cu,1,False,6,6.0,0.0,0.3386129248746707
R02_F03,2,3,15,Mn,1,False,11,11.0,0.0,0.1478203761859121
R02_F03,2,3,15,Mg,1,False,5,5.0,0.0,0.4156104622224952
R02_F03,2,3,15,Cr,1,False,10,10.0,0.0,0.1704453702667398
R02_F03,2,3,15,Zn,1,False,4,4.0,0.0,1.0
R02_F03,2,3,15,V,0,False,0,,0.0,
R02_F03,2,3,15,Ti,1,False,7,7.0,0.0,0.2554203188927008
R02_F03,2,3,15,Zr,1,False,9,9.0,0.0,0.1953355097990386
R02_F03,2,3,15,Li,1,False,13,13.0,0.0,0.1051205684674697
R02_F03,2,3,15,Ni,1,False,15,15.0,0.0,0.0287621100417739
R02_F03,2,3,15,Be,0,False,0,,0.0,
R02_F03,2,3,15,Sc,1,False,14,14.0,0.0,0.0942937853826811
R02_F03,2,3,15,Tsol,1,True,1,1.0,0.0,0.4758137566491996
R02_F03,2,3,15,Tage,1,True,2,2.0,0.0,0.3877030898019608
R02_F03,2,3,15,tage,1,True,3,3.0,0.0,0.2524939744701257
R02_F03,2,3,16,Si,1,False,9,9.0,1.0,0.4269981762773491
R02_F03,2,3,16,Fe,1,False,7,7.0,1.0,0.4460079941551831
R02_F03,2,3,16,Cu,1,False,12,12.0,1.0,0.3040990109036225
R02_F03,2,3,16,Mn,0,False,0,,1.0,
R02_F03,2,3,16,Mg,1,False,5,5.0,1.0,0.8381108783665743
R02_F03,2,3,16,Cr,1,False,10,10.0,1.0,0.4035485414939877
R02_F03,2,3,16,Zn,1,False,4,4.0,1.0,1.0
R02_F03,2,3,16,V,1,False,16,16.0,1.0,0.1227358050755082
R02_F03,2,3,16,Ti,1,False,6,6.0,1.0,0.4708704525024265
R02_F03,2,3,16,Zr,1,False,11,11.0,1.0,0.3731202334674082
R02_F03,2,3,16,Li,1,False,14,14.0,1.0,0.2028672233006288
R02_F03,2,3,16,Ni,1,False,15,15.0,1.0,0.160256230244692
R02_F03,2,3,16,Be,1,False,13,13.0,1.0,0.2371368543431381
R02_F03,2,3,16,Sc,1,False,8,8.0,1.0,0.4360821412106686
R02_F03,2,3,16,Tsol,1,True,1,1.0,1.0,0.7767394591969177
R02_F03,2,3,16,Tage,1,True,2,2.0,1.0,0.3987222998035663
R02_F03,2,3,16,tage,1,True,3,3.0,1.0,0.0
R02_F03,2,3,17,Si,1,False,10,10.0,0.5,0.2844235126645701
R02_F03,2,3,17,Fe,1,False,7,7.0,0.5,0.3292050489045593
R02_F03,2,3,17,Cu,1,False,8,8.0,0.5,0.3213559678891466
R02_F03,2,3,17,Mn,1,False,15,15.0,0.5,0.122500796060143
R02_F03,2,3,17,Mg,1,False,5,5.0,0.5,0.6268606702945347
R02_F03,2,3,17,Cr,1,False,9,9.0,0.5,0.2869969558803638
R02_F03,2,3,17,Zn,1,False,4,4.0,0.5,1.0
R02_F03,2,3,17,V,1,False,17,17.0,0.5,0.0613679025377541
R02_F03,2,3,17,Ti,1,False,6,6.0,0.5,0.3631453856975637
R02_F03,2,3,17,Zr,1,False,11,11.0,0.5,0.2842278716332234
R02_F03,2,3,17,Li,1,False,13,13.0,0.5,0.1539938958840492
R02_F03,2,3,17,Ni,1,False,16,16.0,0.5,0.0945091701432329
R02_F03,2,3,17,Be,1,False,14,14.0,0.5,0.1291141478722326
R02_F03,2,3,17,Sc,1,False,12,12.0,0.5,0.2651879632966749
R02_F03,2,3,17,Tsol,1,True,1,1.0,0.5,0.6262766079230586
R02_F03,2,3,17,Tage,1,True,2,2.0,0.5,0.3932126948027635
R02_F03,2,3,17,tage,1,True,3,3.0,0.5,0.1262469872350628
R02_F04,2,4,3,Si,0,False,0,,0.25,
R02_F04,2,4,3,Fe,0,False,0,,0.25,
R02_F04,2,4,3,Cu,0,False,0,,0.25,
R02_F04,2,4,3,Mn,0,False,0,,0.25,
R02_F04,2,4,3,Mg,0,False,0,,0.25,
R02_F04,2,4,3,Cr,0,False,0,,0.25,
R02_F04,2,4,3,Zn,0,False,0,,0.25,
R02_F04,2,4,3,V,0,False,0,,0.25,
R02_F04,2,4,3,Ti,0,False,0,,0.25,
R02_F04,2,4,3,Zr,0,False,0,,0.25,
R02_F04,2,4,3,Li,0,False,0,,0.25,
R02_F04,2,4,3,Ni,0,False,0,,0.25,
R02_F04,2,4,3,Be,0,False,0,,0.25,
R02_F04,2,4,3,Sc,0,False,0,,0.25,
R02_F04,2,4,3,Tsol,1,True,1,1.0,0.25,0.5910458854065818
R02_F04,2,4,3,Tage,1,True,2,2.0,0.25,0.5221083671976645
R02_F04,2,4,3,tage,1,True,3,3.0,0.25,0.2490569759710893
R02_F04,2,4,4,Si,0,False,0,,0.75,
R02_F04,2,4,4,Fe,0,False,0,,0.75,
R02_F04,2,4,4,Cu,0,False,0,,0.75,
R02_F04,2,4,4,Mn,0,False,0,,0.75,
R02_F04,2,4,4,Mg,0,False,0,,0.75,
R02_F04,2,4,4,Cr,0,False,0,,0.75,
R02_F04,2,4,4,Zn,1,False,4,4.0,0.75,1.0
R02_F04,2,4,4,V,0,False,0,,0.75,
R02_F04,2,4,4,Ti,0,False,0,,0.75,
R02_F04,2,4,4,Zr,0,False,0,,0.75,
R02_F04,2,4,4,Li,0,False,0,,0.75,
R02_F04,2,4,4,Ni,0,False,0,,0.75,
R02_F04,2,4,4,Be,0,False,0,,0.75,
R02_F04,2,4,4,Sc,0,False,0,,0.75,
R02_F04,2,4,4,Tsol,1,True,1,1.0,0.75,0.7095015412020815
R02_F04,2,4,4,Tage,1,True,2,2.0,0.75,0.4038975434305362
R02_F04,2,4,4,tage,1,True,3,3.0,0.75,0.0830189919903631
R02_F04,2,4,5,Si,0,False,0,,0.25,
R02_F04,2,4,5,Fe,0,False,0,,0.25,
R02_F04,2,4,5,Cu,0,False,0,,0.25,
R02_F04,2,4,5,Mn,0,False,0,,0.25,
R02_F04,2,4,5,Mg,1,False,5,5.0,0.25,0.5463783506060146
R02_F04,2,4,5,Cr,0,False,0,,0.25,
R02_F04,2,4,5,Zn,1,False,4,4.0,0.25,1.0
R02_F04,2,4,5,V,0,False,0,,0.25,
R02_F04,2,4,5,Ti,0,False,0,,0.25,
R02_F04,2,4,5,Zr,0,False,0,,0.25,
R02_F04,2,4,5,Li,0,False,0,,0.25,
R02_F04,2,4,5,Ni,0,False,0,,0.25,
R02_F04,2,4,5,Be,0,False,0,,0.25,
R02_F04,2,4,5,Sc,0,False,0,,0.25,
R02_F04,2,4,5,Tsol,1,True,1,1.0,0.25,0.5910458854065818
R02_F04,2,4,5,Tage,1,True,2,2.0,0.25,0.5221083671976645
R02_F04,2,4,5,tage,1,True,3,3.0,0.25,0.2490569759710893
R02_F04,2,4,6,Si,0,False,0,,0.0,
R02_F04,2,4,6,Fe,0,False,0,,0.0,
R02_F04,2,4,6,Cu,1,False,6,6.0,0.0,0.3468870580434955
R02_F04,2,4,6,Mn,0,False,0,,0.0,
R02_F04,2,4,6,Mg,1,False,5,5.0,0.0,0.4414142477962655
R02_F04,2,4,6,Cr,0,False,0,,0.0,
R02_F04,2,4,6,Zn,1,False,4,4.0,0.0,1.0
R02_F04,2,4,6,V,0,False,0,,0.0,
R02_F04,2,4,6,Ti,0,False,0,,0.0,
R02_F04,2,4,6,Zr,0,False,0,,0.0,
R02_F04,2,4,6,Li,0,False,0,,0.0,
R02_F04,2,4,6,Ni,0,False,0,,0.0,
R02_F04,2,4,6,Be,0,False,0,,0.0,
R02_F04,2,4,6,Sc,0,False,0,,0.0,
R02_F04,2,4,6,Tsol,1,True,1,1.0,0.0,0.5318180575088318
R02_F04,2,4,6,Tage,1,True,2,2.0,0.0,0.5812137790812287
R02_F04,2,4,6,tage,1,True,3,3.0,0.0,0.3320759679614524
R02_F04,2,4,7,Si,0,False,0,,0.25,
R02_F04,2,4,7,Fe,0,False,0,,0.25,
R02_F04,2,4,7,Cu,1,False,6,6.0,0.25,0.3298192829581794
R02_F04,2,4,7,Mn,0,False,0,,0.25,
R02_F04,2,4,7,Mg,1,False,5,5.0,0.25,0.5463783506060146
R02_F04,2,4,7,Cr,0,False,0,,0.25,
R02_F04,2,4,7,Zn,1,False,4,4.0,0.25,1.0
R02_F04,2,4,7,V,0,False,0,,0.25,
R02_F04,2,4,7,Ti,1,False,7,7.0,0.25,0.3066544138009547
R02_F04,2,4,7,Zr,0,False,0,,0.25,
R02_F04,2,4,7,Li,0,False,0,,0.25,
R02_F04,2,4,7,Ni,0,False,0,,0.25,
R02_F04,2,4,7,Be,0,False,0,,0.25,
R02_F04,2,4,7,Sc,0,False,0,,0.25,
R02_F04,2,4,7,Tsol,1,True,1,1.0,0.25,0.5910458854065818
R02_F04,2,4,7,Tage,1,True,2,2.0,0.25,0.5221083671976645
R02_F04,2,4,7,tage,1,True,3,3.0,0.25,0.2490569759710893
R02_F04,2,4,8,Si,0,False,0,,0.25,
R02_F04,2,4,8,Fe,0,False,0,,0.25,
R02_F04,2,4,8,Cu,1,False,6,6.0,0.25,0.3298192829581794
R02_F04,2,4,8,Mn,0,False,0,,0.25,
R02_F04,2,4,8,Mg,1,False,5,5.0,0.25,0.5463783506060146
R02_F04,2,4,8,Cr,0,False,0,,0.25,
R02_F04,2,4,8,Zn,1,False,4,4.0,0.25,1.0
R02_F04,2,4,8,V,0,False,0,,0.25,
R02_F04,2,4,8,Ti,1,False,7,7.0,0.25,0.3066544138009547
R02_F04,2,4,8,Zr,1,False,8,8.0,0.25,0.2495544187394612
R02_F04,2,4,8,Li,0,False,0,,0.25,
R02_F04,2,4,8,Ni,0,False,0,,0.25,
R02_F04,2,4,8,Be,0,False,0,,0.25,
R02_F04,2,4,8,Sc,0,False,0,,0.25,
R02_F04,2,4,8,Tsol,1,True,1,1.0,0.25,0.5910458854065818
R02_F04,2,4,8,Tage,1,True,2,2.0,0.25,0.5221083671976645
R02_F04,2,4,8,tage,1,True,3,3.0,0.25,0.2490569759710893
R02_F04,2,4,9,Si,0,False,0,,0.25,
R02_F04,2,4,9,Fe,1,False,9,9.0,0.25,0.231465447785769
R02_F04,2,4,9,Cu,1,False,6,6.0,0.25,0.3298192829581794
R02_F04,2,4,9,Mn,0,False,0,,0.25,
R02_F04,2,4,9,Mg,1,False,5,5.0,0.25,0.5463783506060146
R02_F04,2,4,9,Cr,0,False,0,,0.25,
R02_F04,2,4,9,Zn,1,False,4,4.0,0.25,1.0
R02_F04,2,4,9,V,0,False,0,,0.25,
R02_F04,2,4,9,Ti,1,False,7,7.0,0.25,0.3066544138009547
R02_F04,2,4,9,Zr,1,False,8,8.0,0.25,0.2495544187394612
R02_F04,2,4,9,Li,0,False,0,,0.25,
R02_F04,2,4,9,Ni,0,False,0,,0.25,
R02_F04,2,4,9,Be,0,False,0,,0.25,
R02_F04,2,4,9,Sc,0,False,0,,0.25,
R02_F04,2,4,9,Tsol,1,True,1,1.0,0.25,0.5910458854065818
R02_F04,2,4,9,Tage,1,True,2,2.0,0.25,0.5221083671976645
R02_F04,2,4,9,tage,1,True,3,3.0,0.25,0.2490569759710893
R02_F04,2,4,10,Si,0,False,0,,0.25,
R02_F04,2,4,10,Fe,1,False,9,9.0,0.25,0.231465447785769
R02_F04,2,4,10,Cu,1,False,6,6.0,0.25,0.3298192829581794
R02_F04,2,4,10,Mn,0,False,0,,0.25,
R02_F04,2,4,10,Mg,1,False,5,5.0,0.25,0.5463783506060146
R02_F04,2,4,10,Cr,0,False,0,,0.25,
R02_F04,2,4,10,Zn,1,False,4,4.0,0.25,1.0
R02_F04,2,4,10,V,0,False,0,,0.25,
R02_F04,2,4,10,Ti,1,False,7,7.0,0.25,0.3066544138009547
R02_F04,2,4,10,Zr,1,False,8,8.0,0.25,0.2495544187394612
R02_F04,2,4,10,Li,0,False,0,,0.25,
R02_F04,2,4,10,Ni,0,False,0,,0.25,
R02_F04,2,4,10,Be,0,False,0,,0.25,
R02_F04,2,4,10,Sc,1,False,10,10.0,0.25,0.1995686292283921
R02_F04,2,4,10,Tsol,1,True,1,1.0,0.25,0.5910458854065818
R02_F04,2,4,10,Tage,1,True,2,2.0,0.25,0.5221083671976645
R02_F04,2,4,10,tage,1,True,3,3.0,0.25,0.2490569759710893
R02_F04,2,4,11,Si,1,False,8,8.0,0.75,0.3387548663622171
R02_F04,2,4,11,Fe,1,False,9,9.0,0.75,0.3327101101793178
R02_F04,2,4,11,Cu,1,False,11,11.0,0.75,0.2956837327875473
R02_F04,2,4,11,Mn,0,False,0,,0.75,
R02_F04,2,4,11,Mg,1,False,5,5.0,0.75,0.7563065562255127
R02_F04,2,4,11,Cr,0,False,0,,0.75,
R02_F04,2,4,11,Zn,1,False,4,4.0,0.75,1.0
R02_F04,2,4,11,V,0,False,0,,0.75,
R02_F04,2,4,11,Ti,1,False,6,6.0,0.75,0.3936443776224649
R02_F04,2,4,11,Zr,1,False,10,10.0,0.75,0.3131050120378634
R02_F04,2,4,11,Li,0,False,0,,0.75,
R02_F04,2,4,11,Ni,0,False,0,,0.75,
R02_F04,2,4,11,Be,0,False,0,,0.75,
R02_F04,2,4,11,Sc,1,False,7,7.0,0.75,0.3758586266152322
R02_F04,2,4,11,Tsol,1,True,1,1.0,0.75,0.7095015412020815
R02_F04,2,4,11,Tage,1,True,2,2.0,0.75,0.4038975434305362
R02_F04,2,4,11,tage,1,True,3,3.0,0.75,0.0830189919903631
R02_F04,2,4,12,Si,1,False,8,8.0,1.0,0.4098264416657138
R02_F04,2,4,12,Fe,1,False,9,9.0,1.0,0.3833324413760923
R02_F04,2,4,12,Cu,1,False,11,11.0,1.0,0.2786159577022312
R02_F04,2,4,12,Mn,0,False,0,,1.0,
R02_F04,2,4,12,Mg,1,False,5,5.0,1.0,0.8612706590352617
R02_F04,2,4,12,Cr,0,False,0,,1.0,
R02_F04,2,4,12,Zn,1,False,4,4.0,1.0,1.0
R02_F04,2,4,12,V,0,False,0,,1.0,
R02_F04,2,4,12,Ti,1,False,7,7.0,1.0,0.43713935953322
R02_F04,2,4,12,Zr,1,False,10,10.0,1.0,0.3448803086870645
R02_F04,2,4,12,Li,1,False,12,12.0,1.0,0.2700497172204784
R02_F04,2,4,12,Ni,0,False,0,,1.0,
R02_F04,2,4,12,Be,0,False,0,,1.0,
R02_F04,2,4,12,Sc,1,False,6,6.0,1.0,0.4640036253086523
R02_F04,2,4,12,Tsol,1,True,1,1.0,1.0,0.7687293690998315
R02_F04,2,4,12,Tage,1,True,2,2.0,1.0,0.3447921315469719
R02_F04,2,4,12,tage,1,True,3,3.0,1.0,0.0
R02_F04,2,4,13,Si,1,False,13,13.0,0.0,0.1255401404517268
R02_F04,2,4,13,Fe,1,False,9,9.0,0.0,0.1808431165889946
R02_F04,2,4,13,Cu,1,False,6,6.0,0.0,0.3468870580434955
R02_F04,2,4,13,Mn,1,False,10,10.0,0.0,0.1503123025175982
R02_F04,2,4,13,Mg,1,False,5,5.0,0.0,0.4414142477962655
R02_F04,2,4,13,Cr,1,False,12,12.0,0.0,0.1279681636341873
R02_F04,2,4,13,Zn,1,False,4,4.0,0.0,1.0
R02_F04,2,4,13,V,0,False,0,,0.0,
R02_F04,2,4,13,Ti,1,False,7,7.0,0.0,0.2631594318901997
R02_F04,2,4,13,Zr,1,False,8,8.0,0.0,0.2177791220902601
R02_F04,2,4,13,Li,1,False,11,11.0,0.0,0.1409693474377836
R02_F04,2,4,13,Ni,0,False,0,,0.0,
R02_F04,2,4,13,Be,0,False,0,,0.0,
R02_F04,2,4,13,Sc,0,False,0,,0.0,
R02_F04,2,4,13,Tsol,1,True,1,1.0,0.0,0.5318180575088318
R02_F04,2,4,13,Tage,1,True,2,2.0,0.0,0.5812137790812287
R02_F04,2,4,13,tage,1,True,3,3.0,0.0,0.3320759679614524
R02_F04,2,4,14,Si,1,False,13,13.0,0.0,0.1255401404517268
R02_F04,2,4,14,Fe,1,False,9,9.0,0.0,0.1808431165889946
R02_F04,2,4,14,Cu,1,False,6,6.0,0.0,0.3468870580434955
R02_F04,2,4,14,Mn,1,False,10,10.0,0.0,0.1503123025175982
R02_F04,2,4,14,Mg,1,False,5,5.0,0.0,0.4414142477962655
R02_F04,2,4,14,Cr,1,False,12,12.0,0.0,0.1279681636341873
R02_F04,2,4,14,Zn,1,False,4,4.0,0.0,1.0
R02_F04,2,4,14,V,0,False,0,,0.0,
R02_F04,2,4,14,Ti,1,False,7,7.0,0.0,0.2631594318901997
R02_F04,2,4,14,Zr,1,False,8,8.0,0.0,0.2177791220902601
R02_F04,2,4,14,Li,1,False,11,11.0,0.0,0.1409693474377836
R02_F04,2,4,14,Ni,0,False,0,,0.0,
R02_F04,2,4,14,Be,0,False,0,,0.0,
R02_F04,2,4,14,Sc,1,False,14,14.0,0.0,0.111423630534972
R02_F04,2,4,14,Tsol,1,True,1,1.0,0.0,0.5318180575088318
R02_F04,2,4,14,Tage,1,True,2,2.0,0.0,0.5812137790812287
R02_F04,2,4,14,tage,1,True,3,3.0,0.0,0.3320759679614524
R02_F04,2,4,15,Si,1,False,8,8.0,1.0,0.4098264416657138
R02_F04,2,4,15,Fe,1,False,9,9.0,1.0,0.3833324413760923
R02_F04,2,4,15,Cu,1,False,11,11.0,1.0,0.2786159577022312
R02_F04,2,4,15,Mn,0,False,0,,1.0,
R02_F04,2,4,15,Mg,1,False,5,5.0,1.0,0.8612706590352617
R02_F04,2,4,15,Cr,1,False,13,13.0,1.0,0.2518672806477875
R02_F04,2,4,15,Zn,1,False,4,4.0,1.0,1.0
R02_F04,2,4,15,V,0,False,0,,1.0,
R02_F04,2,4,15,Ti,1,False,7,7.0,1.0,0.43713935953322
R02_F04,2,4,15,Zr,1,False,10,10.0,1.0,0.3448803086870645
R02_F04,2,4,15,Li,1,False,12,12.0,1.0,0.2700497172204784
R02_F04,2,4,15,Ni,1,False,15,15.0,1.0,0.1603530037811411
R02_F04,2,4,15,Be,1,False,14,14.0,1.0,0.1755539857091328
R02_F04,2,4,15,Sc,1,False,6,6.0,1.0,0.4640036253086523
R02_F04,2,4,15,Tsol,1,True,1,1.0,1.0,0.7687293690998315
R02_F04,2,4,15,Tage,1,True,2,2.0,1.0,0.3447921315469719
R02_F04,2,4,15,tage,1,True,3,3.0,1.0,0.0
R02_F04,2,4,16,Si,1,False,11,11.0,0.5,0.2676832910587203
R02_F04,2,4,16,Fe,1,False,9,9.0,0.5,0.2820877789825434
R02_F04,2,4,16,Cu,1,False,7,7.0,0.5,0.3127515078728634
R02_F04,2,4,16,Mn,1,False,15,15.0,0.5,0.0868623868109844
R02_F04,2,4,16,Mg,1,False,5,5.0,0.5,0.6513424534157636
R02_F04,2,4,16,Cr,1,False,13,13.0,0.5,0.1899177221409874
R02_F04,2,4,16,Zn,1,False,4,4.0,0.5,1.0
R02_F04,2,4,16,V,0,False,0,,0.5,
R02_F04,2,4,16,Ti,1,False,6,6.0,0.5,0.3501493957117099
R02_F04,2,4,16,Zr,1,False,10,10.0,0.5,0.2813297153886623
R02_F04,2,4,16,Li,1,False,12,12.0,0.5,0.205509532329131
R02_F04,2,4,16,Ni,1,False,16,16.0,0.5,0.0833753909808285
R02_F04,2,4,16,Be,1,False,14,14.0,0.5,0.0986909353158199
R02_F04,2,4,16,Sc,1,False,8,8.0,0.5,0.2877136279218122
R02_F04,2,4,16,Tsol,1,True,1,1.0,0.5,0.6502737133043317
R02_F04,2,4,16,Tage,1,True,2,2.0,0.5,0.4630029553141003
R02_F04,2,4,16,tage,1,True,3,3.0,0.5,0.1660379839807262
R02_F04,2,4,17,Si,1,False,8,8.0,0.75,0.3387548663622171
R02_F04,2,4,17,Fe,1,False,9,9.0,0.75,0.3327101101793178
R02_F04,2,4,17,Cu,1,False,11,11.0,0.75,0.2956837327875473
R02_F04,2,4,17,Mn,1,False,17,17.0,0.75,0.0551374289576775
R02_F04,2,4,17,Mg,1,False,5,5.0,0.75,0.7563065562255127
R02_F04,2,4,17,Cr,1,False,13,13.0,0.75,0.2208925013943874
R02_F04,2,4,17,Zn,1,False,4,4.0,0.75,1.0
R02_F04,2,4,17,V,1,False,16,16.0,0.75,0.0799240484884001
R02_F04,2,4,17,Ti,1,False,6,6.0,0.75,0.3936443776224649
R02_F04,2,4,17,Zr,1,False,10,10.0,0.75,0.3131050120378634
R02_F04,2,4,17,Li,1,False,12,12.0,0.75,0.2377796247748047
R02_F04,2,4,17,Ni,1,False,15,15.0,0.75,0.1218641973809848
R02_F04,2,4,17,Be,1,False,14,14.0,0.75,0.1371224605124764
R02_F04,2,4,17,Sc,1,False,7,7.0,0.75,0.3758586266152322
R02_F04,2,4,17,Tsol,1,True,1,1.0,0.75,0.7095015412020815
R02_F04,2,4,17,Tage,1,True,2,2.0,0.75,0.4038975434305362
R02_F04,2,4,17,tage,1,True,3,3.0,0.75,0.0830189919903631
R02_F05,2,5,3,Si,0,False,0,,0.0,
R02_F05,2,5,3,Fe,0,False,0,,0.0,
R02_F05,2,5,3,Cu,0,False,0,,0.0,
R02_F05,2,5,3,Mn,0,False,0,,0.0,
R02_F05,2,5,3,Mg,0,False,0,,0.0,
R02_F05,2,5,3,Cr,0,False,0,,0.0,
R02_F05,2,5,3,Zn,0,False,0,,0.0,
R02_F05,2,5,3,V,0,False,0,,0.0,
R02_F05,2,5,3,Ti,0,False,0,,0.0,
R02_F05,2,5,3,Zr,0,False,0,,0.0,
R02_F05,2,5,3,Li,0,False,0,,0.0,
R02_F05,2,5,3,Ni,0,False,0,,0.0,
R02_F05,2,5,3,Be,0,False,0,,0.0,
R02_F05,2,5,3,Sc,0,False,0,,0.0,
R02_F05,2,5,3,Tsol,1,True,1,1.0,0.0,0.4374207442816045
R02_F05,2,5,3,Tage,1,True,2,2.0,0.0,0.4546177095294755
R02_F05,2,5,3,tage,1,True,3,3.0,0.0,0.2855189871074952
R02_F05,2,5,4,Si,0,False,0,,0.0,
R02_F05,2,5,4,Fe,0,False,0,,0.0,
R02_F05,2,5,4,Cu,0,False,0,,0.0,
R02_F05,2,5,4,Mn,0,False,0,,0.0,
R02_F05,2,5,4,Mg,0,False,0,,0.0,
R02_F05,2,5,4,Cr,0,False,0,,0.0,
R02_F05,2,5,4,Zn,1,False,4,4.0,0.0,1.0
R02_F05,2,5,4,V,0,False,0,,0.0,
R02_F05,2,5,4,Ti,0,False,0,,0.0,
R02_F05,2,5,4,Zr,0,False,0,,0.0,
R02_F05,2,5,4,Li,0,False,0,,0.0,
R02_F05,2,5,4,Ni,0,False,0,,0.0,
R02_F05,2,5,4,Be,0,False,0,,0.0,
R02_F05,2,5,4,Sc,0,False,0,,0.0,
R02_F05,2,5,4,Tsol,1,True,1,1.0,0.0,0.4374207442816045
R02_F05,2,5,4,Tage,1,True,2,2.0,0.0,0.4546177095294755
R02_F05,2,5,4,tage,1,True,3,3.0,0.0,0.2855189871074952
R02_F05,2,5,5,Si,0,False,0,,0.75,
R02_F05,2,5,5,Fe,0,False,0,,0.75,
R02_F05,2,5,5,Cu,0,False,0,,0.75,
R02_F05,2,5,5,Mn,0,False,0,,0.75,
R02_F05,2,5,5,Mg,1,False,5,5.0,0.75,0.7622901908010594
R02_F05,2,5,5,Cr,0,False,0,,0.75,
R02_F05,2,5,5,Zn,1,False,4,4.0,0.75,1.0
R02_F05,2,5,5,V,0,False,0,,0.75,
R02_F05,2,5,5,Ti,0,False,0,,0.75,
R02_F05,2,5,5,Zr,0,False,0,,0.75,
R02_F05,2,5,5,Li,0,False,0,,0.75,
R02_F05,2,5,5,Ni,0,False,0,,0.75,
R02_F05,2,5,5,Be,0,False,0,,0.75,
R02_F05,2,5,5,Sc,0,False,0,,0.75,
R02_F05,2,5,5,Tsol,1,True,1,1.0,0.75,0.7242662039839208
R02_F05,2,5,5,Tage,1,True,2,2.0,0.75,0.4895770893247518
R02_F05,2,5,5,tage,1,True,3,3.0,0.75,0.0713797467768738
R02_F05,2,5,6,Si,0,False,0,,0.25,
R02_F05,2,5,6,Fe,0,False,0,,0.25,
R02_F05,2,5,6,Cu,1,False,6,6.0,0.25,0.3064402239347907
R02_F05,2,5,6,Mn,0,False,0,,0.25,
R02_F05,2,5,6,Mg,1,False,5,5.0,0.25,0.5552939074293727
R02_F05,2,5,6,Cr,0,False,0,,0.25,
R02_F05,2,5,6,Zn,1,False,4,4.0,0.25,1.0
R02_F05,2,5,6,V,0,False,0,,0.25,
R02_F05,2,5,6,Ti,0,False,0,,0.25,
R02_F05,2,5,6,Zr,0,False,0,,0.25,
R02_F05,2,5,6,Li,0,False,0,,0.25,
R02_F05,2,5,6,Ni,0,False,0,,0.25,
R02_F05,2,5,6,Be,0,False,0,,0.25,
R02_F05,2,5,6,Sc,0,False,0,,0.25,
R02_F05,2,5,6,Tsol,1,True,1,1.0,0.25,0.53303589751571
R02_F05,2,5,6,Tage,1,True,2,2.0,0.25,0.466270836127901
R02_F05,2,5,6,tage,1,True,3,3.0,0.25,0.2141392403306213
R02_F05,2,5,7,Si,0,False,0,,0.25,
R02_F05,2,5,7,Fe,0,False,0,,0.25,
R02_F05,2,5,7,Cu,1,False,6,6.0,0.25,0.3064402239347907
R02_F05,2,5,7,Mn,0,False,0,,0.25,
R02_F05,2,5,7,Mg,1,False,5,5.0,0.25,0.5552939074293727
R02_F05,2,5,7,Cr,0,False,0,,0.25,
R02_F05,2,5,7,Zn,1,False,4,4.0,0.25,1.0
R02_F05,2,5,7,V,0,False,0,,0.25,
R02_F05,2,5,7,Ti,1,False,7,7.0,0.25,0.229667769393168
R02_F05,2,5,7,Zr,0,False,0,,0.25,
R02_F05,2,5,7,Li,0,False,0,,0.25,
R02_F05,2,5,7,Ni,0,False,0,,0.25,
R02_F05,2,5,7,Be,0,False,0,,0.25,
R02_F05,2,5,7,Sc,0,False,0,,0.25,
R02_F05,2,5,7,Tsol,1,True,1,1.0,0.25,0.53303589751571
R02_F05,2,5,7,Tage,1,True,2,2.0,0.25,0.466270836127901
R02_F05,2,5,7,tage,1,True,3,3.0,0.25,0.2141392403306213
R02_F05,2,5,8,Si,1,False,7,7.0,1.0,0.4418993440835827
R02_F05,2,5,8,Fe,0,False,0,,1.0,
R02_F05,2,5,8,Cu,0,False,0,,1.0,
R02_F05,2,5,8,Mn,0,False,0,,1.0,
R02_F05,2,5,8,Mg,1,False,5,5.0,1.0,0.8657883324869029
R02_F05,2,5,8,Cr,0,False,0,,1.0,
R02_F05,2,5,8,Zn,1,False,4,4.0,1.0,1.0
R02_F05,2,5,8,V,0,False,0,,1.0,
R02_F05,2,5,8,Ti,1,False,6,6.0,1.0,0.457012770292652
R02_F05,2,5,8,Zr,0,False,0,,1.0,
R02_F05,2,5,8,Li,0,False,0,,1.0,
R02_F05,2,5,8,Ni,0,False,0,,1.0,
R02_F05,2,5,8,Be,0,False,0,,1.0,
R02_F05,2,5,8,Sc,1,False,8,8.0,1.0,0.4084324922817706
R02_F05,2,5,8,Tsol,1,True,1,1.0,1.0,0.8198813572180262
R02_F05,2,5,8,Tage,1,True,2,2.0,1.0,0.5012302159231773
R02_F05,2,5,8,tage,1,True,3,3.0,1.0,0.0
R02_F05,2,5,9,Si,1,False,7,7.0,0.75,0.3612662550337767
R02_F05,2,5,9,Fe,0,False,0,,0.75,
R02_F05,2,5,9,Cu,1,False,8,8.0,0.75,0.3566819125833077
R02_F05,2,5,9,Mn,0,False,0,,0.75,
R02_F05,2,5,9,Mg,1,False,5,5.0,0.75,0.7622901908010594
R02_F05,2,5,9,Cr,0,False,0,,0.75,
R02_F05,2,5,9,Zn,1,False,4,4.0,0.75,1.0
R02_F05,2,5,9,V,0,False,0,,0.75,
R02_F05,2,5,9,Ti,1,False,6,6.0,0.75,0.3812311033261573
R02_F05,2,5,9,Zr,0,False,0,,0.75,
R02_F05,2,5,9,Li,0,False,0,,0.75,
R02_F05,2,5,9,Ni,0,False,0,,0.75,
R02_F05,2,5,9,Be,0,False,0,,0.75,
R02_F05,2,5,9,Sc,1,False,9,9.0,0.75,0.3274715660887813
R02_F05,2,5,9,Tsol,1,True,1,1.0,0.75,0.7242662039839208
R02_F05,2,5,9,Tage,1,True,2,2.0,0.75,0.4895770893247518
R02_F05,2,5,9,tage,1,True,3,3.0,0.75,0.0713797467768738
R02_F05,2,5,10,Si,1,False,7,7.0,0.75,0.3612662550337767
R02_F05,2,5,10,Fe,1,False,10,10.0,0.75,0.3223241866297375
R02_F05,2,5,10,Cu,1,False,8,8.0,0.75,0.3566819125833077
R02_F05,2,5,10,Mn,0,False,0,,0.75,
R02_F05,2,5,10,Mg,1,False,5,5.0,0.75,0.7622901908010594
R02_F05,2,5,10,Cr,0,False,0,,0.75,
R02_F05,2,5,10,Zn,1,False,4,4.0,0.75,1.0
R02_F05,2,5,10,V,0,False,0,,0.75,
R02_F05,2,5,10,Ti,1,False,6,6.0,0.75,0.3812311033261573
R02_F05,2,5,10,Zr,0,False,0,,0.75,
R02_F05,2,5,10,Li,0,False,0,,0.75,
R02_F05,2,5,10,Ni,0,False,0,,0.75,
R02_F05,2,5,10,Be,0,False,0,,0.75,
R02_F05,2,5,10,Sc,1,False,9,9.0,0.75,0.3274715660887813
R02_F05,2,5,10,Tsol,1,True,1,1.0,0.75,0.7242662039839208
R02_F05,2,5,10,Tage,1,True,2,2.0,0.75,0.4895770893247518
R02_F05,2,5,10,tage,1,True,3,3.0,0.75,0.0713797467768738
R02_F05,2,5,11,Si,1,False,8,8.0,0.5,0.2806331659839706
R02_F05,2,5,11,Fe,1,False,9,9.0,0.5,0.2611000741648564
R02_F05,2,5,11,Cu,1,False,6,6.0,0.5,0.3315610682590492
R02_F05,2,5,11,Mn,0,False,0,,0.5,
R02_F05,2,5,11,Mg,1,False,5,5.0,0.5,0.658792049115216
R02_F05,2,5,11,Cr,0,False,0,,0.5,
R02_F05,2,5,11,Zn,1,False,4,4.0,0.5,1.0
R02_F05,2,5,11,V,0,False,0,,0.5,
R02_F05,2,5,11,Ti,1,False,7,7.0,0.5,0.3054494363596627
R02_F05,2,5,11,Zr,1,False,10,10.0,0.5,0.2604066788630407
R02_F05,2,5,11,Li,0,False,0,,0.5,
R02_F05,2,5,11,Ni,0,False,0,,0.5,
R02_F05,2,5,11,Be,0,False,0,,0.5,
R02_F05,2,5,11,Sc,1,False,11,11.0,0.5,0.246510639895792
R02_F05,2,5,11,Tsol,1,True,1,1.0,0.5,0.6286510507498154
R02_F05,2,5,11,Tage,1,True,2,2.0,0.5,0.4779239627263264
R02_F05,2,5,11,tage,1,True,3,3.0,0.5,0.1427594935537476
R02_F05,2,5,12,Si,1,False,11,11.0,0.0,0.1193669878843585
R02_F05,2,5,12,Fe,1,False,9,9.0,0.0,0.1386518492350942
R02_F05,2,5,12,Cu,1,False,6,6.0,0.0,0.2813193796105323
R02_F05,2,5,12,Mn,1,False,12,12.0,0.0,0.1161663549596447
R02_F05,2,5,12,Mg,1,False,5,5.0,0.0,0.4517957657435292
R02_F05,2,5,12,Cr,0,False,0,,0.0,
R02_F05,2,5,12,Zn,1,False,4,4.0,0.0,1.0
R02_F05,2,5,12,V,0,False,0,,0.0,
R02_F05,2,5,12,Ti,1,False,8,8.0,0.0,0.1538861024266734
R02_F05,2,5,12,Zr,1,False,7,7.0,0.0,0.1955338453976256
R02_F05,2,5,12,Li,1,False,10,10.0,0.0,0.1337216376363817
R02_F05,2,5,12,Ni,0,False,0,,0.0,
R02_F05,2,5,12,Be,0,False,0,,0.0,
R02_F05,2,5,12,Sc,0,False,0,,0.0,
R02_F05,2,5,12,Tsol,1,True,1,1.0,0.0,0.4374207442816045
R02_F05,2,5,12,Tage,1,True,2,2.0,0.0,0.4546177095294755
R02_F05,2,5,12,tage,1,True,3,3.0,0.0,0.2855189871074952
R02_F05,2,5,13,Si,1,False,11,11.0,0.0,0.1193669878843585
R02_F05,2,5,13,Fe,1,False,9,9.0,0.0,0.1386518492350942
R02_F05,2,5,13,Cu,1,False,6,6.0,0.0,0.2813193796105323
R02_F05,2,5,13,Mn,1,False,12,12.0,0.0,0.1161663549596447
R02_F05,2,5,13,Mg,1,False,5,5.0,0.0,0.4517957657435292
R02_F05,2,5,13,Cr,1,False,13,13.0,0.0,0.0877395868798124
R02_F05,2,5,13,Zn,1,False,4,4.0,0.0,1.0
R02_F05,2,5,13,V,0,False,0,,0.0,
R02_F05,2,5,13,Ti,1,False,8,8.0,0.0,0.1538861024266734
R02_F05,2,5,13,Zr,1,False,7,7.0,0.0,0.1955338453976256
R02_F05,2,5,13,Li,1,False,10,10.0,0.0,0.1337216376363817
R02_F05,2,5,13,Ni,0,False,0,,0.0,
R02_F05,2,5,13,Be,0,False,0,,0.0,
R02_F05,2,5,13,Sc,0,False,0,,0.0,
R02_F05,2,5,13,Tsol,1,True,1,1.0,0.0,0.4374207442816045
R02_F05,2,5,13,Tage,1,True,2,2.0,0.0,0.4546177095294755
R02_F05,2,5,13,tage,1,True,3,3.0,0.0,0.2855189871074952
R02_F05,2,5,14,Si,1,False,11,11.0,0.0,0.1193669878843585
R02_F05,2,5,14,Fe,1,False,9,9.0,0.0,0.1386518492350942
R02_F05,2,5,14,Cu,1,False,6,6.0,0.0,0.2813193796105323
R02_F05,2,5,14,Mn,1,False,12,12.0,0.0,0.1161663549596447
R02_F05,2,5,14,Mg,1,False,5,5.0,0.0,0.4517957657435292
R02_F05,2,5,14,Cr,1,False,13,13.0,0.0,0.0877395868798124
R02_F05,2,5,14,Zn,1,False,4,4.0,0.0,1.0
R02_F05,2,5,14,V,0,False,0,,0.0,
R02_F05,2,5,14,Ti,1,False,8,8.0,0.0,0.1538861024266734
R02_F05,2,5,14,Zr,1,False,7,7.0,0.0,0.1955338453976256
R02_F05,2,5,14,Li,1,False,10,10.0,0.0,0.1337216376363817
R02_F05,2,5,14,Ni,0,False,0,,0.0,
R02_F05,2,5,14,Be,0,False,0,,0.0,
R02_F05,2,5,14,Sc,1,False,14,14.0,0.0,0.0845887875098133
R02_F05,2,5,14,Tsol,1,True,1,1.0,0.0,0.4374207442816045
R02_F05,2,5,14,Tage,1,True,2,2.0,0.0,0.4546177095294755
R02_F05,2,5,14,tage,1,True,3,3.0,0.0,0.2855189871074952
R02_F05,2,5,15,Si,1,False,11,11.0,0.0,0.1193669878843585
R02_F05,2,5,15,Fe,1,False,9,9.0,0.0,0.1386518492350942
R02_F05,2,5,15,Cu,1,False,6,6.0,0.0,0.2813193796105323
R02_F05,2,5,15,Mn,1,False,12,12.0,0.0,0.1161663549596447
R02_F05,2,5,15,Mg,1,False,5,5.0,0.0,0.4517957657435292
R02_F05,2,5,15,Cr,1,False,13,13.0,0.0,0.0877395868798124
R02_F05,2,5,15,Zn,1,False,4,4.0,0.0,1.0
R02_F05,2,5,15,V,0,False,0,,0.0,
R02_F05,2,5,15,Ti,1,False,8,8.0,0.0,0.1538861024266734
R02_F05,2,5,15,Zr,1,False,7,7.0,0.0,0.1955338453976256
R02_F05,2,5,15,Li,1,False,10,10.0,0.0,0.1337216376363817
R02_F05,2,5,15,Ni,0,False,0,,0.0,
R02_F05,2,5,15,Be,1,False,15,15.0,0.0,0.0246816962878973
R02_F05,2,5,15,Sc,1,False,14,14.0,0.0,0.0845887875098133
R02_F05,2,5,15,Tsol,1,True,1,1.0,0.0,0.4374207442816045
R02_F05,2,5,15,Tage,1,True,2,2.0,0.0,0.4546177095294755
R02_F05,2,5,15,tage,1,True,3,3.0,0.0,0.2855189871074952
R02_F05,2,5,16,Si,1,False,7,7.0,0.75,0.3612662550337767
R02_F05,2,5,16,Fe,1,False,10,10.0,0.75,0.3223241866297375
R02_F05,2,5,16,Cu,1,False,8,8.0,0.75,0.3566819125833077
R02_F05,2,5,16,Mn,0,False,0,,0.75,
R02_F05,2,5,16,Mg,1,False,5,5.0,0.75,0.7622901908010594
R02_F05,2,5,16,Cr,1,False,14,14.0,0.75,0.1643233754878496
R02_F05,2,5,16,Zn,1,False,4,4.0,0.75,1.0
R02_F05,2,5,16,V,1,False,15,15.0,0.75,0.1236367212978296
R02_F05,2,5,16,Ti,1,False,6,6.0,0.75,0.3812311033261573
R02_F05,2,5,16,Zr,1,False,11,11.0,0.75,0.2928430955957483
R02_F05,2,5,16,Li,1,False,12,12.0,0.75,0.2486875984112828
R02_F05,2,5,16,Ni,1,False,16,16.0,0.75,0.12014296133809
R02_F05,2,5,16,Be,1,False,13,13.0,0.75,0.1894627418426083
R02_F05,2,5,16,Sc,1,False,9,9.0,0.75,0.3274715660887813
R02_F05,2,5,16,Tsol,1,True,1,1.0,0.75,0.7242662039839208
R02_F05,2,5,16,Tage,1,True,2,2.0,0.75,0.4895770893247518
R02_F05,2,5,16,tage,1,True,3,3.0,0.75,0.0713797467768738
R02_F05,2,5,17,Si,1,False,7,7.0,0.75,0.3612662550337767
R02_F05,2,5,17,Fe,1,False,10,10.0,0.75,0.3223241866297375
R02_F05,2,5,17,Cu,1,False,8,8.0,0.75,0.3566819125833077
R02_F05,2,5,17,Mn,1,False,17,17.0,0.75,0.1017214680776502
R02_F05,2,5,17,Mg,1,False,5,5.0,0.75,0.7622901908010594
R02_F05,2,5,17,Cr,1,False,14,14.0,0.75,0.1643233754878496
R02_F05,2,5,17,Zn,1,False,4,4.0,0.75,1.0
R02_F05,2,5,17,V,1,False,15,15.0,0.75,0.1236367212978296
R02_F05,2,5,17,Ti,1,False,6,6.0,0.75,0.3812311033261573
R02_F05,2,5,17,Zr,1,False,11,11.0,0.75,0.2928430955957483
R02_F05,2,5,17,Li,1,False,12,12.0,0.75,0.2486875984112828
R02_F05,2,5,17,Ni,1,False,16,16.0,0.75,0.12014296133809
R02_F05,2,5,17,Be,1,False,13,13.0,0.75,0.1894627418426083
R02_F05,2,5,17,Sc,1,False,9,9.0,0.75,0.3274715660887813
R02_F05,2,5,17,Tsol,1,True,1,1.0,0.75,0.7242662039839208
R02_F05,2,5,17,Tage,1,True,2,2.0,0.75,0.4895770893247518
R02_F05,2,5,17,tage,1,True,3,3.0,0.75,0.0713797467768738
R03_F01,3,1,3,Si,0,False,0,,0.25,
R03_F01,3,1,3,Fe,0,False,0,,0.25,
R03_F01,3,1,3,Cu,0,False,0,,0.25,
R03_F01,3,1,3,Mn,0,False,0,,0.25,
R03_F01,3,1,3,Mg,0,False,0,,0.25,
R03_F01,3,1,3,Cr,0,False,0,,0.25,
R03_F01,3,1,3,Zn,0,False,0,,0.25,
R03_F01,3,1,3,V,0,False,0,,0.25,
R03_F01,3,1,3,Ti,0,False,0,,0.25,
R03_F01,3,1,3,Zr,0,False,0,,0.25,
R03_F01,3,1,3,Li,0,False,0,,0.25,
R03_F01,3,1,3,Ni,0,False,0,,0.25,
R03_F01,3,1,3,Be,0,False,0,,0.25,
R03_F01,3,1,3,Sc,0,False,0,,0.25,
R03_F01,3,1,3,Tsol,1,True,1,1.0,0.25,0.550987528371025
R03_F01,3,1,3,Tage,1,True,2,2.0,0.25,0.4195834087146857
R03_F01,3,1,3,tage,1,True,3,3.0,0.25,0.2096772074355151
R03_F01,3,1,4,Si,0,False,0,,0.0,
R03_F01,3,1,4,Fe,0,False,0,,0.0,
R03_F01,3,1,4,Cu,0,False,0,,0.0,
R03_F01,3,1,4,Mn,0,False,0,,0.0,
R03_F01,3,1,4,Mg,0,False,0,,0.0,
R03_F01,3,1,4,Cr,0,False,0,,0.0,
R03_F01,3,1,4,Zn,1,False,4,4.0,0.0,1.0
R03_F01,3,1,4,V,0,False,0,,0.0,
R03_F01,3,1,4,Ti,0,False,0,,0.0,
R03_F01,3,1,4,Zr,0,False,0,,0.0,
R03_F01,3,1,4,Li,0,False,0,,0.0,
R03_F01,3,1,4,Ni,0,False,0,,0.0,
R03_F01,3,1,4,Be,0,False,0,,0.0,
R03_F01,3,1,4,Sc,0,False,0,,0.0,
R03_F01,3,1,4,Tsol,1,True,1,1.0,0.0,0.4738986606136325
R03_F01,3,1,4,Tage,1,True,2,2.0,0.0,0.4171743172585642
R03_F01,3,1,4,tage,1,True,3,3.0,0.0,0.2795696099140201
R03_F01,3,1,5,Si,0,False,0,,0.75,
R03_F01,3,1,5,Fe,0,False,0,,0.75,
R03_F01,3,1,5,Cu,0,False,0,,0.75,
R03_F01,3,1,5,Mn,0,False,0,,0.75,
R03_F01,3,1,5,Mg,1,False,5,5.0,0.75,0.7354613953616355
R03_F01,3,1,5,Cr,0,False,0,,0.75,
R03_F01,3,1,5,Zn,1,False,4,4.0,0.75,1.0
R03_F01,3,1,5,V,0,False,0,,0.75,
R03_F01,3,1,5,Ti,0,False,0,,0.75,
R03_F01,3,1,5,Zr,0,False,0,,0.75,
R03_F01,3,1,5,Li,0,False,0,,0.75,
R03_F01,3,1,5,Ni,0,False,0,,0.75,
R03_F01,3,1,5,Be,0,False,0,,0.75,
R03_F01,3,1,5,Sc,0,False,0,,0.75,
R03_F01,3,1,5,Tsol,1,True,1,1.0,0.75,0.7051652638858099
R03_F01,3,1,5,Tage,1,True,2,2.0,0.75,0.4244015916269287
R03_F01,3,1,5,tage,1,True,3,3.0,0.75,0.069892402478505
R03_F01,3,1,6,Si,0,False,0,,0.25,
R03_F01,3,1,6,Fe,0,False,0,,0.25,
R03_F01,3,1,6,Cu,1,False,6,6.0,0.25,0.3228975548756905
R03_F01,3,1,6,Mn,0,False,0,,0.25,
R03_F01,3,1,6,Mg,1,False,5,5.0,0.25,0.509883115886623
R03_F01,3,1,6,Cr,0,False,0,,0.25,
R03_F01,3,1,6,Zn,1,False,4,4.0,0.25,1.0
R03_F01,3,1,6,V,0,False,0,,0.25,
R03_F01,3,1,6,Ti,0,False,0,,0.25,
R03_F01,3,1,6,Zr,0,False,0,,0.25,
R03_F01,3,1,6,Li,0,False,0,,0.25,
R03_F01,3,1,6,Ni,0,False,0,,0.25,
R03_F01,3,1,6,Be,0,False,0,,0.25,
R03_F01,3,1,6,Sc,0,False,0,,0.25,
R03_F01,3,1,6,Tsol,1,True,1,1.0,0.25,0.550987528371025
R03_F01,3,1,6,Tage,1,True,2,2.0,0.25,0.4195834087146857
R03_F01,3,1,6,tage,1,True,3,3.0,0.25,0.2096772074355151
R03_F01,3,1,7,Si,0,False,0,,0.25,
R03_F01,3,1,7,Fe,1,False,7,7.0,0.25,0.2587282719005432
R03_F01,3,1,7,Cu,1,False,6,6.0,0.25,0.3228975548756905
R03_F01,3,1,7,Mn,0,False,0,,0.25,
R03_F01,3,1,7,Mg,1,False,5,5.0,0.25,0.509883115886623
R03_F01,3,1,7,Cr,0,False,0,,0.25,
R03_F01,3,1,7,Zn,1,False,4,4.0,0.25,1.0
R03_F01,3,1,7,V,0,False,0,,0.25,
R03_F01,3,1,7,Ti,0,False,0,,0.25,
R03_F01,3,1,7,Zr,0,False,0,,0.25,
R03_F01,3,1,7,Li,0,False,0,,0.25,
R03_F01,3,1,7,Ni,0,False,0,,0.25,
R03_F01,3,1,7,Be,0,False,0,,0.25,
R03_F01,3,1,7,Sc,0,False,0,,0.25,
R03_F01,3,1,7,Tsol,1,True,1,1.0,0.25,0.550987528371025
R03_F01,3,1,7,Tage,1,True,2,2.0,0.25,0.4195834087146857
R03_F01,3,1,7,tage,1,True,3,3.0,0.25,0.2096772074355151
R03_F01,3,1,8,Si,0,False,0,,0.25,
R03_F01,3,1,8,Fe,1,False,7,7.0,0.25,0.2587282719005432
R03_F01,3,1,8,Cu,1,False,6,6.0,0.25,0.3228975548756905
R03_F01,3,1,8,Mn,0,False,0,,0.25,
R03_F01,3,1,8,Mg,1,False,5,5.0,0.25,0.509883115886623
R03_F01,3,1,8,Cr,0,False,0,,0.25,
R03_F01,3,1,8,Zn,1,False,4,4.0,0.25,1.0
R03_F01,3,1,8,V,0,False,0,,0.25,
R03_F01,3,1,8,Ti,1,False,8,8.0,0.25,0.237820894876891
R03_F01,3,1,8,Zr,0,False,0,,0.25,
R03_F01,3,1,8,Li,0,False,0,,0.25,
R03_F01,3,1,8,Ni,0,False,0,,0.25,
R03_F01,3,1,8,Be,0,False,0,,0.25,
R03_F01,3,1,8,Sc,0,False,0,,0.25,
R03_F01,3,1,8,Tsol,1,True,1,1.0,0.25,0.550987528371025
R03_F01,3,1,8,Tage,1,True,2,2.0,0.25,0.4195834087146857
R03_F01,3,1,8,tage,1,True,3,3.0,0.25,0.2096772074355151
R03_F01,3,1,9,Si,1,False,8,8.0,0.75,0.3582205584566451
R03_F01,3,1,9,Fe,1,False,6,6.0,0.75,0.3735807846979446
R03_F01,3,1,9,Cu,0,False,0,,0.75,
R03_F01,3,1,9,Mn,0,False,0,,0.75,
R03_F01,3,1,9,Mg,1,False,5,5.0,0.75,0.7354613953616355
R03_F01,3,1,9,Cr,0,False,0,,0.75,
R03_F01,3,1,9,Zn,1,False,4,4.0,0.75,1.0
R03_F01,3,1,9,V,0,False,0,,0.75,
R03_F01,3,1,9,Ti,1,False,7,7.0,0.75,0.3730870821644521
R03_F01,3,1,9,Zr,0,False,0,,0.75,
R03_F01,3,1,9,Li,0,False,0,,0.75,
R03_F01,3,1,9,Ni,0,False,0,,0.75,
R03_F01,3,1,9,Be,0,False,0,,0.75,
R03_F01,3,1,9,Sc,1,False,9,9.0,0.75,0.342002855127816
R03_F01,3,1,9,Tsol,1,True,1,1.0,0.75,0.7051652638858099
R03_F01,3,1,9,Tage,1,True,2,2.0,0.75,0.4244015916269287
R03_F01,3,1,9,tage,1,True,3,3.0,0.75,0.069892402478505
R03_F01,3,1,10,Si,1,False,8,8.0,1.0,0.4304284316357361
R03_F01,3,1,10,Fe,1,False,7,7.0,1.0,0.4310070410966453
R03_F01,3,1,10,Cu,1,False,10,10.0,1.0,0.34779505684487
R03_F01,3,1,10,Mn,0,False,0,,1.0,
R03_F01,3,1,10,Mg,1,False,5,5.0,1.0,0.8482505350991416
R03_F01,3,1,10,Cr,0,False,0,,1.0,
R03_F01,3,1,10,Zn,1,False,4,4.0,1.0,1.0
R03_F01,3,1,10,V,0,False,0,,1.0,
R03_F01,3,1,10,Ti,1,False,6,6.0,1.0,0.4407201758082326
R03_F01,3,1,10,Zr,0,False,0,,1.0,
R03_F01,3,1,10,Li,0,False,0,,1.0,
R03_F01,3,1,10,Ni,0,False,0,,1.0,
R03_F01,3,1,10,Be,0,False,0,,1.0,
R03_F01,3,1,10,Sc,1,False,9,9.0,1.0,0.4109890238582301
R03_F01,3,1,10,Tsol,1,True,1,1.0,1.0,0.7822541316432023
R03_F01,3,1,10,Tage,1,True,2,2.0,1.0,0.4268106830830502
R03_F01,3,1,10,tage,1,True,3,3.0,1.0,0.0
R03_F01,3,1,11,Si,1,False,10,10.0,0.0,0.1415969389193722
R03_F01,3,1,11,Fe,1,False,8,8.0,0.0,0.2013020155018426
R03_F01,3,1,11,Cu,1,False,6,6.0,0.0,0.3145983875526307
R03_F01,3,1,11,Mn,0,False,0,,0.0,
R03_F01,3,1,11,Mg,1,False,5,5.0,0.0,0.3970939761491169
R03_F01,3,1,11,Cr,0,False,0,,0.0,
R03_F01,3,1,11,Zn,1,False,4,4.0,0.0,1.0
R03_F01,3,1,11,V,0,False,0,,0.0,
R03_F01,3,1,11,Ti,1,False,9,9.0,0.0,0.1701878012331105
R03_F01,3,1,11,Zr,1,False,7,7.0,0.0,0.2048756485975661
R03_F01,3,1,11,Li,1,False,11,11.0,0.0,0.1407192332065917
R03_F01,3,1,11,Ni,0,False,0,,0.0,
R03_F01,3,1,11,Be,0,False,0,,0.0,
R03_F01,3,1,11,Sc,0,False,0,,0.0,
R03_F01,3,1,11,Tsol,1,True,1,1.0,0.0,0.4738986606136325
R03_F01,3,1,11,Tage,1,True,2,2.0,0.0,0.4171743172585642
R03_F01,3,1,11,tage,1,True,3,3.0,0.0,0.2795696099140201
R03_F01,3,1,12,Si,1,False,10,10.0,0.25,0.2138048120984631
R03_F01,3,1,12,Fe,1,False,7,7.0,0.25,0.2587282719005432
R03_F01,3,1,12,Cu,1,False,6,6.0,0.25,0.3228975548756905
R03_F01,3,1,12,Mn,0,False,0,,0.25,
R03_F01,3,1,12,Mg,1,False,5,5.0,0.25,0.509883115886623
R03_F01,3,1,12,Cr,0,False,0,,0.25,
R03_F01,3,1,12,Zn,1,False,4,4.0,0.25,1.0
R03_F01,3,1,12,V,0,False,0,,0.25,
R03_F01,3,1,12,Ti,1,False,8,8.0,0.25,0.237820894876891
R03_F01,3,1,12,Zr,1,False,9,9.0,0.25,0.2369309855841366
R03_F01,3,1,12,Li,1,False,12,12.0,0.25,0.174403945771244
R03_F01,3,1,12,Ni,0,False,0,,0.25,
R03_F01,3,1,12,Be,0,False,0,,0.25,
R03_F01,3,1,12,Sc,1,False,11,11.0,0.25,0.2040305176669876
R03_F01,3,1,12,Tsol,1,True,1,1.0,0.25,0.550987528371025
R03_F01,3,1,12,Tage,1,True,2,2.0,0.25,0.4195834087146857
R03_F01,3,1,12,tage,1,True,3,3.0,0.25,0.2096772074355151
R03_F01,3,1,13,Si,1,False,10,10.0,0.0,0.1415969389193722
R03_F01,3,1,13,Fe,1,False,8,8.0,0.0,0.2013020155018426
R03_F01,3,1,13,Cu,1,False,6,6.0,0.0,0.3145983875526307
R03_F01,3,1,13,Mn,1,False,12,12.0,0.0,0.1402773062091786
R03_F01,3,1,13,Mg,1,False,5,5.0,0.0,0.3970939761491169
R03_F01,3,1,13,Cr,0,False,0,,0.0,
R03_F01,3,1,13,Zn,1,False,4,4.0,0.0,1.0
R03_F01,3,1,13,V,0,False,0,,0.0,
R03_F01,3,1,13,Ti,1,False,9,9.0,0.0,0.1701878012331105
R03_F01,3,1,13,Zr,1,False,7,7.0,0.0,0.2048756485975661
R03_F01,3,1,13,Li,1,False,11,11.0,0.0,0.1407192332065917
R03_F01,3,1,13,Ni,0,False,0,,0.0,
R03_F01,3,1,13,Be,0,False,0,,0.0,
R03_F01,3,1,13,Sc,1,False,13,13.0,0.0,0.1350443489365735
R03_F01,3,1,13,Tsol,1,True,1,1.0,0.0,0.4738986606136325
R03_F01,3,1,13,Tage,1,True,2,2.0,0.0,0.4171743172585642
R03_F01,3,1,13,tage,1,True,3,3.0,0.0,0.2795696099140201
R03_F01,3,1,14,Si,1,False,10,10.0,0.0,0.1415969389193722
R03_F01,3,1,14,Fe,1,False,8,8.0,0.0,0.2013020155018426
R03_F01,3,1,14,Cu,1,False,6,6.0,0.0,0.3145983875526307
R03_F01,3,1,14,Mn,1,False,12,12.0,0.0,0.1402773062091786
R03_F01,3,1,14,Mg,1,False,5,5.0,0.0,0.3970939761491169
R03_F01,3,1,14,Cr,1,False,14,14.0,0.0,0.1172827276102579
R03_F01,3,1,14,Zn,1,False,4,4.0,0.0,1.0
R03_F01,3,1,14,V,0,False,0,,0.0,
R03_F01,3,1,14,Ti,1,False,9,9.0,0.0,0.1701878012331105
R03_F01,3,1,14,Zr,1,False,7,7.0,0.0,0.2048756485975661
R03_F01,3,1,14,Li,1,False,11,11.0,0.0,0.1407192332065917
R03_F01,3,1,14,Ni,0,False,0,,0.0,
R03_F01,3,1,14,Be,0,False,0,,0.0,
R03_F01,3,1,14,Sc,1,False,13,13.0,0.0,0.1350443489365735
R03_F01,3,1,14,Tsol,1,True,1,1.0,0.0,0.4738986606136325
R03_F01,3,1,14,Tage,1,True,2,2.0,0.0,0.4171743172585642
R03_F01,3,1,14,tage,1,True,3,3.0,0.0,0.2795696099140201
R03_F01,3,1,15,Si,1,False,10,10.0,0.25,0.2138048120984631
R03_F01,3,1,15,Fe,1,False,7,7.0,0.25,0.2587282719005432
R03_F01,3,1,15,Cu,1,False,6,6.0,0.25,0.3228975548756905
R03_F01,3,1,15,Mn,1,False,14,14.0,0.25,0.139321510462528
R03_F01,3,1,15,Mg,1,False,5,5.0,0.25,0.509883115886623
R03_F01,3,1,15,Cr,1,False,13,13.0,0.25,0.1664124997843235
R03_F01,3,1,15,Zn,1,False,4,4.0,0.25,1.0
R03_F01,3,1,15,V,0,False,0,,0.25,
R03_F01,3,1,15,Ti,1,False,8,8.0,0.25,0.237820894876891
R03_F01,3,1,15,Zr,1,False,9,9.0,0.25,0.2369309855841366
R03_F01,3,1,15,Li,1,False,12,12.0,0.25,0.174403945771244
R03_F01,3,1,15,Ni,0,False,0,,0.25,
R03_F01,3,1,15,Be,1,False,15,15.0,0.25,0.0811172440837086
R03_F01,3,1,15,Sc,1,False,11,11.0,0.25,0.2040305176669876
R03_F01,3,1,15,Tsol,1,True,1,1.0,0.25,0.550987528371025
R03_F01,3,1,15,Tage,1,True,2,2.0,0.25,0.4195834087146857
R03_F01,3,1,15,tage,1,True,3,3.0,0.25,0.2096772074355151
R03_F01,3,1,16,Si,1,False,8,8.0,0.75,0.3582205584566451
R03_F01,3,1,16,Fe,1,False,6,6.0,0.75,0.3735807846979446
R03_F01,3,1,16,Cu,1,False,10,10.0,0.75,0.3394958895218102
R03_F01,3,1,16,Mn,1,False,16,16.0,0.75,0.1374099189692267
R03_F01,3,1,16,Mg,1,False,5,5.0,0.75,0.7354613953616355
R03_F01,3,1,16,Cr,1,False,12,12.0,0.75,0.2646720441324548
R03_F01,3,1,16,Zn,1,False,4,4.0,0.75,1.0
R03_F01,3,1,16,V,0,False,0,,0.75,
R03_F01,3,1,16,Ti,1,False,7,7.0,0.75,0.3730870821644521
R03_F01,3,1,16,Zr,1,False,11,11.0,0.75,0.3010416595572776
R03_F01,3,1,16,Li,1,False,13,13.0,0.75,0.2417733709005484
R03_F01,3,1,16,Ni,1,False,15,15.0,0.75,0.1410992662885758
R03_F01,3,1,16,Be,1,False,14,14.0,0.75,0.1888801808700606
R03_F01,3,1,16,Sc,1,False,9,9.0,0.75,0.342002855127816
R03_F01,3,1,16,Tsol,1,True,1,1.0,0.75,0.7051652638858099
R03_F01,3,1,16,Tage,1,True,2,2.0,0.75,0.4244015916269287
R03_F01,3,1,16,tage,1,True,3,3.0,0.75,0.069892402478505
R03_F01,3,1,17,Si,1,False,10,10.0,0.0,0.1415969389193722
R03_F01,3,1,17,Fe,1,False,8,8.0,0.0,0.2013020155018426
R03_F01,3,1,17,Cu,1,False,6,6.0,0.0,0.3145983875526307
R03_F01,3,1,17,Mn,1,False,12,12.0,0.0,0.1402773062091786
R03_F01,3,1,17,Mg,1,False,5,5.0,0.0,0.3970939761491169
R03_F01,3,1,17,Cr,1,False,14,14.0,0.0,0.1172827276102579
R03_F01,3,1,17,Zn,1,False,4,4.0,0.0,1.0
R03_F01,3,1,17,V,1,False,17,17.0,0.0,0.0
R03_F01,3,1,17,Ti,1,False,9,9.0,0.0,0.1701878012331105
R03_F01,3,1,17,Zr,1,False,7,7.0,0.0,0.2048756485975661
R03_F01,3,1,17,Li,1,False,11,11.0,0.0,0.1407192332065917
R03_F01,3,1,17,Ni,1,False,16,16.0,0.0,0.0150873797797742
R03_F01,3,1,17,Be,1,False,15,15.0,0.0,0.0272357756905326
R03_F01,3,1,17,Sc,1,False,13,13.0,0.0,0.1350443489365735
R03_F01,3,1,17,Tsol,1,True,1,1.0,0.0,0.4738986606136325
R03_F01,3,1,17,Tage,1,True,2,2.0,0.0,0.4171743172585642
R03_F01,3,1,17,tage,1,True,3,3.0,0.0,0.2795696099140201
R03_F02,3,2,3,Si,0,False,0,,0.75,
R03_F02,3,2,3,Fe,0,False,0,,0.75,
R03_F02,3,2,3,Cu,0,False,0,,0.75,
R03_F02,3,2,3,Mn,0,False,0,,0.75,
R03_F02,3,2,3,Mg,0,False,0,,0.75,
R03_F02,3,2,3,Cr,0,False,0,,0.75,
R03_F02,3,2,3,Zn,0,False,0,,0.75,
R03_F02,3,2,3,V,0,False,0,,0.75,
R03_F02,3,2,3,Ti,0,False,0,,0.75,
R03_F02,3,2,3,Zr,0,False,0,,0.75,
R03_F02,3,2,3,Li,0,False,0,,0.75,
R03_F02,3,2,3,Ni,0,False,0,,0.75,
R03_F02,3,2,3,Be,0,False,0,,0.75,
R03_F02,3,2,3,Sc,0,False,0,,0.75,
R03_F02,3,2,3,Tsol,1,True,1,1.0,0.75,0.6704319984867595
R03_F02,3,2,3,Tage,1,True,2,2.0,0.75,0.4099430558057521
R03_F02,3,2,3,tage,1,True,3,3.0,0.75,0.0688029973538078
R03_F02,3,2,4,Si,0,False,0,,0.25,
R03_F02,3,2,4,Fe,0,False,0,,0.25,
R03_F02,3,2,4,Cu,0,False,0,,0.25,
R03_F02,3,2,4,Mn,0,False,0,,0.25,
R03_F02,3,2,4,Mg,0,False,0,,0.25,
R03_F02,3,2,4,Cr,0,False,0,,0.25,
R03_F02,3,2,4,Zn,1,False,4,4.0,0.25,1.0
R03_F02,3,2,4,V,0,False,0,,0.25,
R03_F02,3,2,4,Ti,0,False,0,,0.25,
R03_F02,3,2,4,Zr,0,False,0,,0.25,
R03_F02,3,2,4,Li,0,False,0,,0.25,
R03_F02,3,2,4,Ni,0,False,0,,0.25,
R03_F02,3,2,4,Be,0,False,0,,0.25,
R03_F02,3,2,4,Sc,0,False,0,,0.25,
R03_F02,3,2,4,Tsol,1,True,1,1.0,0.25,0.5256426726919364
R03_F02,3,2,4,Tage,1,True,2,2.0,0.25,0.434688948846513
R03_F02,3,2,4,tage,1,True,3,3.0,0.25,0.2064089920614234
R03_F02,3,2,5,Si,0,False,0,,1.0,
R03_F02,3,2,5,Fe,0,False,0,,1.0,
R03_F02,3,2,5,Cu,0,False,0,,1.0,
R03_F02,3,2,5,Mn,0,False,0,,1.0,
R03_F02,3,2,5,Mg,1,False,5,5.0,1.0,0.8442377234453561
R03_F02,3,2,5,Cr,0,False,0,,1.0,
R03_F02,3,2,5,Zn,1,False,4,4.0,1.0,1.0
R03_F02,3,2,5,V,0,False,0,,1.0,
R03_F02,3,2,5,Ti,0,False,0,,1.0,
R03_F02,3,2,5,Zr,0,False,0,,1.0,
R03_F02,3,2,5,Li,0,False,0,,1.0,
R03_F02,3,2,5,Ni,0,False,0,,1.0,
R03_F02,3,2,5,Be,0,False,0,,1.0,
R03_F02,3,2,5,Sc,0,False,0,,1.0,
R03_F02,3,2,5,Tsol,1,True,1,1.0,1.0,0.742826661384171
R03_F02,3,2,5,Tage,1,True,2,2.0,1.0,0.3975701092853716
R03_F02,3,2,5,tage,1,True,3,3.0,1.0,0.0
R03_F02,3,2,6,Si,0,False,0,,0.25,
R03_F02,3,2,6,Fe,0,False,0,,0.25,
R03_F02,3,2,6,Cu,1,False,6,6.0,0.25,0.2972856747580132
R03_F02,3,2,6,Mn,0,False,0,,0.25,
R03_F02,3,2,6,Mg,1,False,5,5.0,0.25,0.5526535056671767
R03_F02,3,2,6,Cr,0,False,0,,0.25,
R03_F02,3,2,6,Zn,1,False,4,4.0,0.25,1.0
R03_F02,3,2,6,V,0,False,0,,0.25,
R03_F02,3,2,6,Ti,0,False,0,,0.25,
R03_F02,3,2,6,Zr,0,False,0,,0.25,
R03_F02,3,2,6,Li,0,False,0,,0.25,
R03_F02,3,2,6,Ni,0,False,0,,0.25,
R03_F02,3,2,6,Be,0,False,0,,0.25,
R03_F02,3,2,6,Sc,0,False,0,,0.25,
R03_F02,3,2,6,Tsol,1,True,1,1.0,0.25,0.5256426726919364
R03_F02,3,2,6,Tage,1,True,2,2.0,0.25,0.434688948846513
R03_F02,3,2,6,tage,1,True,3,3.0,0.25,0.2064089920614234
R03_F02,3,2,7,Si,0,False,0,,0.25,
R03_F02,3,2,7,Fe,0,False,0,,0.25,
R03_F02,3,2,7,Cu,1,False,6,6.0,0.25,0.2972856747580132
R03_F02,3,2,7,Mn,0,False,0,,0.25,
R03_F02,3,2,7,Mg,1,False,5,5.0,0.25,0.5526535056671767
R03_F02,3,2,7,Cr,0,False,0,,0.25,
R03_F02,3,2,7,Zn,1,False,4,4.0,0.25,1.0
R03_F02,3,2,7,V,0,False,0,,0.25,
R03_F02,3,2,7,Ti,1,False,7,7.0,0.25,0.2747872979722274
R03_F02,3,2,7,Zr,0,False,0,,0.25,
R03_F02,3,2,7,Li,0,False,0,,0.25,
R03_F02,3,2,7,Ni,0,False,0,,0.25,
R03_F02,3,2,7,Be,0,False,0,,0.25,
R03_F02,3,2,7,Sc,0,False,0,,0.25,
R03_F02,3,2,7,Tsol,1,True,1,1.0,0.25,0.5256426726919364
R03_F02,3,2,7,Tage,1,True,2,2.0,0.25,0.434688948846513
R03_F02,3,2,7,tage,1,True,3,3.0,0.25,0.2064089920614234
R03_F02,3,2,8,Si,1,False,8,8.0,0.75,0.3317748354400816
R03_F02,3,2,8,Fe,1,False,7,7.0,0.75,0.3567563856314967
R03_F02,3,2,8,Cu,0,False,0,,0.75,
R03_F02,3,2,8,Mn,0,False,0,,0.75,
R03_F02,3,2,8,Mg,1,False,5,5.0,0.75,0.7470429841859629
R03_F02,3,2,8,Cr,0,False,0,,0.75,
R03_F02,3,2,8,Zn,1,False,4,4.0,0.75,1.0
R03_F02,3,2,8,V,0,False,0,,0.75,
R03_F02,3,2,8,Ti,1,False,6,6.0,0.75,0.3721780179112897
R03_F02,3,2,8,Zr,0,False,0,,0.75,
R03_F02,3,2,8,Li,0,False,0,,0.75,
R03_F02,3,2,8,Ni,0,False,0,,0.75,
R03_F02,3,2,8,Be,0,False,0,,0.75,
R03_F02,3,2,8,Sc,0,False,0,,0.75,
R03_F02,3,2,8,Tsol,1,True,1,1.0,0.75,0.6704319984867595
R03_F02,3,2,8,Tage,1,True,2,2.0,0.75,0.4099430558057521
R03_F02,3,2,8,tage,1,True,3,3.0,0.75,0.0688029973538078
R03_F02,3,2,9,Si,1,False,9,9.0,0.5,0.2607660479678196
R03_F02,3,2,9,Fe,1,False,7,7.0,0.5,0.3104603229328924
R03_F02,3,2,9,Cu,1,False,8,8.0,0.5,0.2866548384837249
R03_F02,3,2,9,Mn,0,False,0,,0.5,
R03_F02,3,2,9,Mg,1,False,5,5.0,0.5,0.6498482449265699
R03_F02,3,2,9,Cr,0,False,0,,0.5,
R03_F02,3,2,9,Zn,1,False,4,4.0,0.5,1.0
R03_F02,3,2,9,V,0,False,0,,0.5,
R03_F02,3,2,9,Ti,1,False,6,6.0,0.5,0.3234826579417585
R03_F02,3,2,9,Zr,0,False,0,,0.5,
R03_F02,3,2,9,Li,0,False,0,,0.5,
R03_F02,3,2,9,Ni,0,False,0,,0.5,
R03_F02,3,2,9,Be,0,False,0,,0.5,
R03_F02,3,2,9,Sc,0,False,0,,0.5,
R03_F02,3,2,9,Tsol,1,True,1,1.0,0.5,0.598037335589348
R03_F02,3,2,9,Tage,1,True,2,2.0,0.5,0.4223160023261326
R03_F02,3,2,9,tage,1,True,3,3.0,0.5,0.1376059947076156
R03_F02,3,2,10,Si,0,False,0,,0.0,
R03_F02,3,2,10,Fe,1,False,8,8.0,0.0,0.2178681975356837
R03_F02,3,2,10,Cu,1,False,6,6.0,0.0,0.3079165110323015
R03_F02,3,2,10,Mn,0,False,0,,0.0,
R03_F02,3,2,10,Mg,1,False,5,5.0,0.0,0.4554587664077836
R03_F02,3,2,10,Cr,1,False,10,10.0,0.0,0.1376956383261683
R03_F02,3,2,10,Zn,1,False,4,4.0,0.0,1.0
R03_F02,3,2,10,V,0,False,0,,0.0,
R03_F02,3,2,10,Ti,1,False,7,7.0,0.0,0.2260919380026962
R03_F02,3,2,10,Zr,1,False,9,9.0,0.0,0.1612842004490441
R03_F02,3,2,10,Li,0,False,0,,0.0,
R03_F02,3,2,10,Ni,0,False,0,,0.0,
R03_F02,3,2,10,Be,0,False,0,,0.0,
R03_F02,3,2,10,Sc,0,False,0,,0.0,
R03_F02,3,2,10,Tsol,1,True,1,1.0,0.0,0.4532480097945249
R03_F02,3,2,10,Tage,1,True,2,2.0,0.0,0.4470618953668935
R03_F02,3,2,10,tage,1,True,3,3.0,0.0,0.2752119894152312
R03_F02,3,2,11,Si,0,False,0,,0.0,
R03_F02,3,2,11,Fe,1,False,8,8.0,0.0,0.2178681975356837
R03_F02,3,2,11,Cu,1,False,6,6.0,0.0,0.3079165110323015
R03_F02,3,2,11,Mn,1,False,11,11.0,0.0,0.1325274192954178
R03_F02,3,2,11,Mg,1,False,5,5.0,0.0,0.4554587664077836
R03_F02,3,2,11,Cr,1,False,10,10.0,0.0,0.1376956383261683
R03_F02,3,2,11,Zn,1,False,4,4.0,0.0,1.0
R03_F02,3,2,11,V,0,False,0,,0.0,
R03_F02,3,2,11,Ti,1,False,7,7.0,0.0,0.2260919380026962
R03_F02,3,2,11,Zr,1,False,9,9.0,0.0,0.1612842004490441
R03_F02,3,2,11,Li,0,False,0,,0.0,
R03_F02,3,2,11,Ni,0,False,0,,0.0,
R03_F02,3,2,11,Be,0,False,0,,0.0,
R03_F02,3,2,11,Sc,0,False,0,,0.0,
R03_F02,3,2,11,Tsol,1,True,1,1.0,0.0,0.4532480097945249
R03_F02,3,2,11,Tage,1,True,2,2.0,0.0,0.4470618953668935
R03_F02,3,2,11,tage,1,True,3,3.0,0.0,0.2752119894152312
R03_F02,3,2,12,Si,1,False,8,8.0,0.75,0.3317748354400816
R03_F02,3,2,12,Fe,1,False,7,7.0,0.75,0.3567563856314967
R03_F02,3,2,12,Cu,1,False,11,11.0,0.75,0.2760240022094367
R03_F02,3,2,12,Mn,0,False,0,,0.75,
R03_F02,3,2,12,Mg,1,False,5,5.0,0.75,0.7470429841859629
R03_F02,3,2,12,Cr,0,False,0,,0.75,
R03_F02,3,2,12,Zn,1,False,4,4.0,0.75,1.0
R03_F02,3,2,12,V,0,False,0,,0.75,
R03_F02,3,2,12,Ti,1,False,6,6.0,0.75,0.3721780179112897
R03_F02,3,2,12,Zr,1,False,10,10.0,0.75,0.2926965880555126
R03_F02,3,2,12,Li,1,False,12,12.0,0.75,0.2315570483178627
R03_F02,3,2,12,Ni,0,False,0,,0.75,
R03_F02,3,2,12,Be,0,False,0,,0.75,
R03_F02,3,2,12,Sc,1,False,9,9.0,0.75,0.327993690334349
R03_F02,3,2,12,Tsol,1,True,1,1.0,0.75,0.6704319984867595
R03_F02,3,2,12,Tage,1,True,2,2.0,0.75,0.4099430558057521
R03_F02,3,2,12,tage,1,True,3,3.0,0.75,0.0688029973538078
R03_F02,3,2,13,Si,1,False,9,9.0,0.5,0.2607660479678196
R03_F02,3,2,13,Fe,1,False,7,7.0,0.5,0.3104603229328924
R03_F02,3,2,13,Cu,1,False,8,8.0,0.5,0.2866548384837249
R03_F02,3,2,13,Mn,0,False,0,,0.5,
R03_F02,3,2,13,Mg,1,False,5,5.0,0.5,0.6498482449265699
R03_F02,3,2,13,Cr,1,False,13,13.0,0.5,0.1591765759193226
R03_F02,3,2,13,Zn,1,False,4,4.0,0.5,1.0
R03_F02,3,2,13,V,0,False,0,,0.5,
R03_F02,3,2,13,Ti,1,False,6,6.0,0.5,0.3234826579417585
R03_F02,3,2,13,Zr,1,False,11,11.0,0.5,0.2488924588533564
R03_F02,3,2,13,Li,1,False,12,12.0,0.5,0.1928670527605837
R03_F02,3,2,13,Ni,0,False,0,,0.5,
R03_F02,3,2,13,Be,0,False,0,,0.5,
R03_F02,3,2,13,Sc,1,False,10,10.0,0.5,0.2509921269452346
R03_F02,3,2,13,Tsol,1,True,1,1.0,0.5,0.598037335589348
R03_F02,3,2,13,Tage,1,True,2,2.0,0.5,0.4223160023261326
R03_F02,3,2,13,tage,1,True,3,3.0,0.5,0.1376059947076156
R03_F02,3,2,14,Si,1,False,8,8.0,0.75,0.3317748354400816
R03_F02,3,2,14,Fe,1,False,7,7.0,0.75,0.3567563856314967
R03_F02,3,2,14,Cu,1,False,11,11.0,0.75,0.2760240022094367
R03_F02,3,2,14,Mn,0,False,0,,0.75,
R03_F02,3,2,14,Mg,1,False,5,5.0,0.75,0.7470429841859629
R03_F02,3,2,14,Cr,1,False,13,13.0,0.75,0.1699170447158998
R03_F02,3,2,14,Zn,1,False,4,4.0,0.75,1.0
R03_F02,3,2,14,V,0,False,0,,0.75,
R03_F02,3,2,14,Ti,1,False,6,6.0,0.75,0.3721780179112897
R03_F02,3,2,14,Zr,1,False,10,10.0,0.75,0.2926965880555126
R03_F02,3,2,14,Li,1,False,12,12.0,0.75,0.2315570483178627
R03_F02,3,2,14,Ni,0,False,0,,0.75,
R03_F02,3,2,14,Be,1,False,14,14.0,0.75,0.1460296374796517
R03_F02,3,2,14,Sc,1,False,9,9.0,0.75,0.327993690334349
R03_F02,3,2,14,Tsol,1,True,1,1.0,0.75,0.6704319984867595
R03_F02,3,2,14,Tage,1,True,2,2.0,0.75,0.4099430558057521
R03_F02,3,2,14,tage,1,True,3,3.0,0.75,0.0688029973538078
R03_F02,3,2,15,Si,1,False,8,8.0,0.75,0.3317748354400816
R03_F02,3,2,15,Fe,1,False,7,7.0,0.75,0.3567563856314967
R03_F02,3,2,15,Cu,1,False,11,11.0,0.75,0.2760240022094367
R03_F02,3,2,15,Mn,0,False,0,,0.75,
R03_F02,3,2,15,Mg,1,False,5,5.0,0.75,0.7470429841859629
R03_F02,3,2,15,Cr,1,False,13,13.0,0.75,0.1699170447158998
R03_F02,3,2,15,Zn,1,False,4,4.0,0.75,1.0
R03_F02,3,2,15,V,0,False,0,,0.75,
R03_F02,3,2,15,Ti,1,False,6,6.0,0.75,0.3721780179112897
R03_F02,3,2,15,Zr,1,False,10,10.0,0.75,0.2926965880555126
R03_F02,3,2,15,Li,1,False,12,12.0,0.75,0.2315570483178627
R03_F02,3,2,15,Ni,1,False,15,15.0,0.75,0.0761284698395294
R03_F02,3,2,15,Be,1,False,14,14.0,0.75,0.1460296374796517
R03_F02,3,2,15,Sc,1,False,9,9.0,0.75,0.327993690334349
R03_F02,3,2,15,Tsol,1,True,1,1.0,0.75,0.6704319984867595
R03_F02,3,2,15,Tage,1,True,2,2.0,0.75,0.4099430558057521
R03_F02,3,2,15,tage,1,True,3,3.0,0.75,0.0688029973538078
R03_F02,3,2,16,Si,1,False,10,10.0,0.25,0.1897572604955575
R03_F02,3,2,16,Fe,1,False,8,8.0,0.25,0.2641642602342881
R03_F02,3,2,16,Cu,1,False,6,6.0,0.25,0.2972856747580132
R03_F02,3,2,16,Mn,1,False,14,14.0,0.25,0.1050014460089513
R03_F02,3,2,16,Mg,1,False,5,5.0,0.25,0.5526535056671767
R03_F02,3,2,16,Cr,1,False,13,13.0,0.25,0.1484361071227455
R03_F02,3,2,16,Zn,1,False,4,4.0,0.25,1.0
R03_F02,3,2,16,V,0,False,0,,0.25,
R03_F02,3,2,16,Ti,1,False,7,7.0,0.25,0.2747872979722274
R03_F02,3,2,16,Zr,1,False,9,9.0,0.25,0.2050883296512003
R03_F02,3,2,16,Li,1,False,12,12.0,0.25,0.1541770572033047
R03_F02,3,2,16,Ni,1,False,16,16.0,0.25,0.0472084491257826
R03_F02,3,2,16,Be,1,False,15,15.0,0.25,0.0653385851195742
R03_F02,3,2,16,Sc,1,False,11,11.0,0.25,0.1739905635561203
R03_F02,3,2,16,Tsol,1,True,1,1.0,0.25,0.5256426726919364
R03_F02,3,2,16,Tage,1,True,2,2.0,0.25,0.434688948846513
R03_F02,3,2,16,tage,1,True,3,3.0,0.25,0.2064089920614234
R03_F02,3,2,17,Si,1,False,9,9.0,0.5,0.2607660479678196
R03_F02,3,2,17,Fe,1,False,7,7.0,0.5,0.3104603229328924
R03_F02,3,2,17,Cu,1,False,8,8.0,0.5,0.2866548384837249
R03_F02,3,2,17,Mn,1,False,15,15.0,0.5,0.0774754727224849
R03_F02,3,2,17,Mg,1,False,5,5.0,0.5,0.6498482449265699
R03_F02,3,2,17,Cr,1,False,13,13.0,0.5,0.1591765759193226
R03_F02,3,2,17,Zn,1,False,4,4.0,0.5,1.0
R03_F02,3,2,17,V,1,False,17,17.0,0.5,0.0145305238687558
R03_F02,3,2,17,Ti,1,False,6,6.0,0.5,0.3234826579417585
R03_F02,3,2,17,Zr,1,False,11,11.0,0.5,0.2488924588533564
R03_F02,3,2,17,Li,1,False,12,12.0,0.5,0.1928670527605837
R03_F02,3,2,17,Ni,1,False,16,16.0,0.5,0.061668459482656
R03_F02,3,2,17,Be,1,False,14,14.0,0.5,0.105684111299613
R03_F02,3,2,17,Sc,1,False,10,10.0,0.5,0.2509921269452346
R03_F02,3,2,17,Tsol,1,True,1,1.0,0.5,0.598037335589348
R03_F02,3,2,17,Tage,1,True,2,2.0,0.5,0.4223160023261326
R03_F02,3,2,17,tage,1,True,3,3.0,0.5,0.1376059947076156
R03_F03,3,3,3,Si,0,False,0,,0.0,
R03_F03,3,3,3,Fe,0,False,0,,0.0,
R03_F03,3,3,3,Cu,0,False,0,,0.0,
R03_F03,3,3,3,Mn,0,False,0,,0.0,
R03_F03,3,3,3,Mg,0,False,0,,0.0,
R03_F03,3,3,3,Cr,0,False,0,,0.0,
R03_F03,3,3,3,Zn,0,False,0,,0.0,
R03_F03,3,3,3,V,0,False,0,,0.0,
R03_F03,3,3,3,Ti,0,False,0,,0.0,
R03_F03,3,3,3,Zr,0,False,0,,0.0,
R03_F03,3,3,3,Li,0,False,0,,0.0,
R03_F03,3,3,3,Ni,0,False,0,,0.0,
R03_F03,3,3,3,Be,0,False,0,,0.0,
R03_F03,3,3,3,Sc,0,False,0,,0.0,
R03_F03,3,3,3,Tsol,1,True,1,1.0,0.0,0.5193917509611272
R03_F03,3,3,3,Tage,1,True,2,2.0,0.0,0.5202467506243533
R03_F03,3,3,3,tage,1,True,3,3.0,0.0,0.3183160169051823
R03_F03,3,3,4,Si,0,False,0,,0.25,
R03_F03,3,3,4,Fe,0,False,0,,0.25,
R03_F03,3,3,4,Cu,0,False,0,,0.25,
R03_F03,3,3,4,Mn,0,False,0,,0.25,
R03_F03,3,3,4,Mg,0,False,0,,0.25,
R03_F03,3,3,4,Cr,0,False,0,,0.25,
R03_F03,3,3,4,Zn,1,False,4,4.0,0.25,1.0
R03_F03,3,3,4,V,0,False,0,,0.25,
R03_F03,3,3,4,Ti,0,False,0,,0.25,
R03_F03,3,3,4,Zr,0,False,0,,0.25,
R03_F03,3,3,4,Li,0,False,0,,0.25,
R03_F03,3,3,4,Ni,0,False,0,,0.25,
R03_F03,3,3,4,Be,0,False,0,,0.25,
R03_F03,3,3,4,Sc,0,False,0,,0.25,
R03_F03,3,3,4,Tsol,1,True,1,1.0,0.25,0.5864218386567575
R03_F03,3,3,4,Tage,1,True,2,2.0,0.25,0.4780494083572426
R03_F03,3,3,4,tage,1,True,3,3.0,0.25,0.2387370126788867
R03_F03,3,3,5,Si,0,False,0,,0.25,
R03_F03,3,3,5,Fe,0,False,0,,0.25,
R03_F03,3,3,5,Cu,0,False,0,,0.25,
R03_F03,3,3,5,Mn,0,False,0,,0.25,
R03_F03,3,3,5,Mg,1,False,5,5.0,0.25,0.5012405978618621
R03_F03,3,3,5,Cr,0,False,0,,0.25,
R03_F03,3,3,5,Zn,1,False,4,4.0,0.25,1.0
R03_F03,3,3,5,V,0,False,0,,0.25,
R03_F03,3,3,5,Ti,0,False,0,,0.25,
R03_F03,3,3,5,Zr,0,False,0,,0.25,
R03_F03,3,3,5,Li,0,False,0,,0.25,
R03_F03,3,3,5,Ni,0,False,0,,0.25,
R03_F03,3,3,5,Be,0,False,0,,0.25,
R03_F03,3,3,5,Sc,0,False,0,,0.25,
R03_F03,3,3,5,Tsol,1,True,1,1.0,0.25,0.5864218386567575
R03_F03,3,3,5,Tage,1,True,2,2.0,0.25,0.4780494083572426
R03_F03,3,3,5,tage,1,True,3,3.0,0.25,0.2387370126788867
R03_F03,3,3,6,Si,0,False,0,,1.0,
R03_F03,3,3,6,Fe,0,False,0,,1.0,
R03_F03,3,3,6,Cu,0,False,0,,1.0,
R03_F03,3,3,6,Mn,0,False,0,,1.0,
R03_F03,3,3,6,Mg,1,False,5,5.0,1.0,0.8133355551023274
R03_F03,3,3,6,Cr,0,False,0,,1.0,
R03_F03,3,3,6,Zn,1,False,4,4.0,1.0,1.0
R03_F03,3,3,6,V,0,False,0,,1.0,
R03_F03,3,3,6,Ti,1,False,6,6.0,1.0,0.4420787545148333
R03_F03,3,3,6,Zr,0,False,0,,1.0,
R03_F03,3,3,6,Li,0,False,0,,1.0,
R03_F03,3,3,6,Ni,0,False,0,,1.0,
R03_F03,3,3,6,Be,0,False,0,,1.0,
R03_F03,3,3,6,Sc,0,False,0,,1.0,
R03_F03,3,3,6,Tsol,1,True,1,1.0,1.0,0.7875121017436483
R03_F03,3,3,6,Tage,1,True,2,2.0,1.0,0.3514573815559105
R03_F03,3,3,6,tage,1,True,3,3.0,1.0,0.0
R03_F03,3,3,7,Si,1,False,7,7.0,0.75,0.3384656148077242
R03_F03,3,3,7,Fe,0,False,0,,0.75,
R03_F03,3,3,7,Cu,0,False,0,,0.75,
R03_F03,3,3,7,Mn,0,False,0,,0.75,
R03_F03,3,3,7,Mg,1,False,5,5.0,0.75,0.709303902688839
R03_F03,3,3,7,Cr,0,False,0,,0.75,
R03_F03,3,3,7,Zn,1,False,4,4.0,0.75,1.0
R03_F03,3,3,7,V,0,False,0,,0.75,
R03_F03,3,3,7,Ti,1,False,6,6.0,0.75,0.39196433765148
R03_F03,3,3,7,Zr,0,False,0,,0.75,
R03_F03,3,3,7,Li,0,False,0,,0.75,
R03_F03,3,3,7,Ni,0,False,0,,0.75,
R03_F03,3,3,7,Be,0,False,0,,0.75,
R03_F03,3,3,7,Sc,0,False,0,,0.75,
R03_F03,3,3,7,Tsol,1,True,1,1.0,0.75,0.720482014048018
R03_F03,3,3,7,Tage,1,True,2,2.0,0.75,0.3936547238230212
R03_F03,3,3,7,tage,1,True,3,3.0,0.75,0.0795790042262955
R03_F03,3,3,8,Si,0,False,0,,0.0,
R03_F03,3,3,8,Fe,0,False,0,,0.0,
R03_F03,3,3,8,Cu,1,False,6,6.0,0.0,0.2919344331003111
R03_F03,3,3,8,Mn,0,False,0,,0.0,
R03_F03,3,3,8,Mg,1,False,5,5.0,0.0,0.3972089454483737
R03_F03,3,3,8,Cr,0,False,0,,0.0,
R03_F03,3,3,8,Zn,1,False,4,4.0,0.0,1.0
R03_F03,3,3,8,V,0,False,0,,0.0,
R03_F03,3,3,8,Ti,1,False,7,7.0,0.0,0.2416210870614199
R03_F03,3,3,8,Zr,1,False,8,8.0,0.0,0.1923237112809195
R03_F03,3,3,8,Li,0,False,0,,0.0,
R03_F03,3,3,8,Ni,0,False,0,,0.0,
R03_F03,3,3,8,Be,0,False,0,,0.0,
R03_F03,3,3,8,Sc,0,False,0,,0.0,
R03_F03,3,3,8,Tsol,1,True,1,1.0,0.0,0.5193917509611272
R03_F03,3,3,8,Tage,1,True,2,2.0,0.0,0.5202467506243533
R03_F03,3,3,8,tage,1,True,3,3.0,0.0,0.3183160169051823
R03_F03,3,3,9,Si,0,False,0,,0.0,
R03_F03,3,3,9,Fe,1,False,9,9.0,0.0,0.1777829600492031
R03_F03,3,3,9,Cu,1,False,6,6.0,0.0,0.2919344331003111
R03_F03,3,3,9,Mn,0,False,0,,0.0,
R03_F03,3,3,9,Mg,1,False,5,5.0,0.0,0.3972089454483737
R03_F03,3,3,9,Cr,0,False,0,,0.0,
R03_F03,3,3,9,Zn,1,False,4,4.0,0.0,1.0
R03_F03,3,3,9,V,0,False,0,,0.0,
R03_F03,3,3,9,Ti,1,False,7,7.0,0.0,0.2416210870614199
R03_F03,3,3,9,Zr,1,False,8,8.0,0.0,0.1923237112809195
R03_F03,3,3,9,Li,0,False,0,,0.0,
R03_F03,3,3,9,Ni,0,False,0,,0.0,
R03_F03,3,3,9,Be,0,False,0,,0.0,
R03_F03,3,3,9,Sc,0,False,0,,0.0,
R03_F03,3,3,9,Tsol,1,True,1,1.0,0.0,0.5193917509611272
R03_F03,3,3,9,Tage,1,True,2,2.0,0.0,0.5202467506243533
R03_F03,3,3,9,tage,1,True,3,3.0,0.0,0.3183160169051823
R03_F03,3,3,10,Si,1,False,10,10.0,0.25,0.1966159843257132
R03_F03,3,3,10,Fe,1,False,8,8.0,0.25,0.2312300448590315
R03_F03,3,3,10,Cu,1,False,6,6.0,0.25,0.2958642688215243
R03_F03,3,3,10,Mn,0,False,0,,0.25,
R03_F03,3,3,10,Mg,1,False,5,5.0,0.25,0.5012405978618621
R03_F03,3,3,10,Cr,0,False,0,,0.25,
R03_F03,3,3,10,Zn,1,False,4,4.0,0.25,1.0
R03_F03,3,3,10,V,0,False,0,,0.25,
R03_F03,3,3,10,Ti,1,False,7,7.0,0.25,0.2917355039247733
R03_F03,3,3,10,Zr,1,False,9,9.0,0.25,0.2228953705562465
R03_F03,3,3,10,Li,0,False,0,,0.25,
R03_F03,3,3,10,Ni,0,False,0,,0.25,
R03_F03,3,3,10,Be,0,False,0,,0.25,
R03_F03,3,3,10,Sc,0,False,0,,0.25,
R03_F03,3,3,10,Tsol,1,True,1,1.0,0.25,0.5864218386567575
R03_F03,3,3,10,Tage,1,True,2,2.0,0.25,0.4780494083572426
R03_F03,3,3,10,tage,1,True,3,3.0,0.25,0.2387370126788867
R03_F03,3,3,11,Si,1,False,7,7.0,0.75,0.3384656148077242
R03_F03,3,3,11,Fe,1,False,8,8.0,0.75,0.3381242144786885
R03_F03,3,3,11,Cu,1,False,10,10.0,0.75,0.3037239402639506
R03_F03,3,3,11,Mn,0,False,0,,0.75,
R03_F03,3,3,11,Mg,1,False,5,5.0,0.75,0.709303902688839
R03_F03,3,3,11,Cr,0,False,0,,0.75,
R03_F03,3,3,11,Zn,1,False,4,4.0,0.75,1.0
R03_F03,3,3,11,V,0,False,0,,0.75,
R03_F03,3,3,11,Ti,1,False,6,6.0,0.75,0.39196433765148
R03_F03,3,3,11,Zr,1,False,11,11.0,0.75,0.2840386891069008
R03_F03,3,3,11,Li,0,False,0,,0.75,
R03_F03,3,3,11,Ni,0,False,0,,0.75,
R03_F03,3,3,11,Be,0,False,0,,0.75,
R03_F03,3,3,11,Sc,1,False,9,9.0,0.75,0.3170528283064643
R03_F03,3,3,11,Tsol,1,True,1,1.0,0.75,0.720482014048018
R03_F03,3,3,11,Tage,1,True,2,2.0,0.75,0.3936547238230212
R03_F03,3,3,11,tage,1,True,3,3.0,0.75,0.0795790042262955
R03_F03,3,3,12,Si,1,False,9,9.0,0.5,0.2675407995667187
R03_F03,3,3,12,Fe,1,False,8,8.0,0.5,0.28467712966886
R03_F03,3,3,12,Cu,1,False,7,7.0,0.5,0.2997941045427374
R03_F03,3,3,12,Mn,0,False,0,,0.5,
R03_F03,3,3,12,Mg,1,False,5,5.0,0.5,0.6052722502753506
R03_F03,3,3,12,Cr,1,False,12,12.0,0.5,0.1873622854012893
R03_F03,3,3,12,Zn,1,False,4,4.0,0.5,1.0
R03_F03,3,3,12,V,0,False,0,,0.5,
R03_F03,3,3,12,Ti,1,False,6,6.0,0.5,0.3418499207881266
R03_F03,3,3,12,Zr,1,False,10,10.0,0.5,0.2534670298315737
R03_F03,3,3,12,Li,0,False,0,,0.5,
R03_F03,3,3,12,Ni,0,False,0,,0.5,
R03_F03,3,3,12,Be,0,False,0,,0.5,
R03_F03,3,3,12,Sc,1,False,11,11.0,0.5,0.2397644314908734
R03_F03,3,3,12,Tsol,1,True,1,1.0,0.5,0.6534519263523877
R03_F03,3,3,12,Tage,1,True,2,2.0,0.5,0.4358520660901319
R03_F03,3,3,12,tage,1,True,3,3.0,0.5,0.1591580084525911
R03_F03,3,3,13,Si,1,False,7,7.0,0.75,0.3384656148077242
R03_F03,3,3,13,Fe,1,False,8,8.0,0.75,0.3381242144786885
R03_F03,3,3,13,Cu,1,False,10,10.0,0.75,0.3037239402639506
R03_F03,3,3,13,Mn,0,False,0,,0.75,
R03_F03,3,3,13,Mg,1,False,5,5.0,0.75,0.709303902688839
R03_F03,3,3,13,Cr,1,False,12,12.0,0.75,0.229422332920638
R03_F03,3,3,13,Zn,1,False,4,4.0,0.75,1.0
R03_F03,3,3,13,V,0,False,0,,0.75,
R03_F03,3,3,13,Ti,1,False,6,6.0,0.75,0.39196433765148
R03_F03,3,3,13,Zr,1,False,11,11.0,0.75,0.2840386891069008
R03_F03,3,3,13,Li,1,False,13,13.0,0.75,0.2070292818234357
R03_F03,3,3,13,Ni,0,False,0,,0.75,
R03_F03,3,3,13,Be,0,False,0,,0.75,
R03_F03,3,3,13,Sc,1,False,9,9.0,0.75,0.3170528283064643
R03_F03,3,3,13,Tsol,1,True,1,1.0,0.75,0.720482014048018
R03_F03,3,3,13,Tage,1,True,2,2.0,0.75,0.3936547238230212
R03_F03,3,3,13,tage,1,True,3,3.0,0.75,0.0795790042262955
R03_F03,3,3,14,Si,1,False,7,7.0,0.75,0.3384656148077242
R03_F03,3,3,14,Fe,1,False,8,8.0,0.75,0.3381242144786885
R03_F03,3,3,14,Cu,1,False,10,10.0,0.75,0.3037239402639506
R03_F03,3,3,14,Mn,0,False,0,,0.75,
R03_F03,3,3,14,Mg,1,False,5,5.0,0.75,0.709303902688839
R03_F03,3,3,14,Cr,1,False,12,12.0,0.75,0.229422332920638
R03_F03,3,3,14,Zn,1,False,4,4.0,0.75,1.0
R03_F03,3,3,14,V,0,False,0,,0.75,
R03_F03,3,3,14,Ti,1,False,6,6.0,0.75,0.39196433765148
R03_F03,3,3,14,Zr,1,False,11,11.0,0.75,0.2840386891069008
R03_F03,3,3,14,Li,1,False,13,13.0,0.75,0.2070292818234357
R03_F03,3,3,14,Ni,1,False,14,14.0,0.75,0.1148343332443564
R03_F03,3,3,14,Be,0,False,0,,0.75,
R03_F03,3,3,14,Sc,1,False,9,9.0,0.75,0.3170528283064643
R03_F03,3,3,14,Tsol,1,True,1,1.0,0.75,0.720482014048018
R03_F03,3,3,14,Tage,1,True,2,2.0,0.75,0.3936547238230212
R03_F03,3,3,14,tage,1,True,3,3.0,0.75,0.0795790042262955
R03_F03,3,3,15,Si,1,False,10,10.0,0.25,0.1966159843257132
R03_F03,3,3,15,Fe,1,False,8,8.0,0.25,0.2312300448590315
R03_F03,3,3,15,Cu,1,False,6,6.0,0.25,0.2958642688215243
R03_F03,3,3,15,Mn,1,False,14,14.0,0.25,0.1003640645772085
R03_F03,3,3,15,Mg,1,False,5,5.0,0.25,0.5012405978618621
R03_F03,3,3,15,Cr,1,False,12,12.0,0.25,0.1453022378819407
R03_F03,3,3,15,Zn,1,False,4,4.0,0.25,1.0
R03_F03,3,3,15,V,0,False,0,,0.25,
R03_F03,3,3,15,Ti,1,False,7,7.0,0.25,0.2917355039247733
R03_F03,3,3,15,Zr,1,False,9,9.0,0.25,0.2228953705562465
R03_F03,3,3,15,Li,1,False,13,13.0,0.25,0.1409999482594859
R03_F03,3,3,15,Ni,0,False,0,,0.25,
R03_F03,3,3,15,Be,1,False,15,15.0,0.25,0.0508019301335541
R03_F03,3,3,15,Sc,1,False,11,11.0,0.25,0.1624760346752824
R03_F03,3,3,15,Tsol,1,True,1,1.0,0.25,0.5864218386567575
R03_F03,3,3,15,Tage,1,True,2,2.0,0.25,0.4780494083572426
R03_F03,3,3,15,tage,1,True,3,3.0,0.25,0.2387370126788867
R03_F03,3,3,16,Si,1,False,9,9.0,0.5,0.2675407995667187
R03_F03,3,3,16,Fe,1,False,8,8.0,0.5,0.28467712966886
R03_F03,3,3,16,Cu,1,False,7,7.0,0.5,0.2997941045427374
R03_F03,3,3,16,Mn,1,False,14,14.0,0.5,0.0829397885485402
R03_F03,3,3,16,Mg,1,False,5,5.0,0.5,0.6052722502753506
R03_F03,3,3,16,Cr,1,False,12,12.0,0.5,0.1873622854012893
R03_F03,3,3,16,Zn,1,False,4,4.0,0.5,1.0
R03_F03,3,3,16,V,0,False,0,,0.5,
R03_F03,3,3,16,Ti,1,False,6,6.0,0.5,0.3418499207881266
R03_F03,3,3,16,Zr,1,False,10,10.0,0.5,0.2534670298315737
R03_F03,3,3,16,Li,1,False,13,13.0,0.5,0.1740146150414608
R03_F03,3,3,16,Ni,1,False,16,16.0,0.5,0.0804639119284681
R03_F03,3,3,16,Be,1,False,15,15.0,0.5,0.0814708359567848
R03_F03,3,3,16,Sc,1,False,11,11.0,0.5,0.2397644314908734
R03_F03,3,3,16,Tsol,1,True,1,1.0,0.5,0.6534519263523877
R03_F03,3,3,16,Tage,1,True,2,2.0,0.5,0.4358520660901319
R03_F03,3,3,16,tage,1,True,3,3.0,0.5,0.1591580084525911
R03_F03,3,3,17,Si,1,False,7,7.0,0.75,0.3384656148077242
R03_F03,3,3,17,Fe,1,False,8,8.0,0.75,0.3381242144786885
R03_F03,3,3,17,Cu,1,False,10,10.0,0.75,0.3037239402639506
R03_F03,3,3,17,Mn,1,False,17,17.0,0.75,0.0655155125198719
R03_F03,3,3,17,Mg,1,False,5,5.0,0.75,0.709303902688839
R03_F03,3,3,17,Cr,1,False,12,12.0,0.75,0.229422332920638
R03_F03,3,3,17,Zn,1,False,4,4.0,0.75,1.0
R03_F03,3,3,17,V,1,False,16,16.0,0.75,0.0830700609221369
R03_F03,3,3,17,Ti,1,False,6,6.0,0.75,0.39196433765148
R03_F03,3,3,17,Zr,1,False,11,11.0,0.75,0.2840386891069008
R03_F03,3,3,17,Li,1,False,13,13.0,0.75,0.2070292818234357
R03_F03,3,3,17,Ni,1,False,14,14.0,0.75,0.1148343332443564
R03_F03,3,3,17,Be,1,False,15,15.0,0.75,0.1121397417800155
R03_F03,3,3,17,Sc,1,False,9,9.0,0.75,0.3170528283064643
R03_F03,3,3,17,Tsol,1,True,1,1.0,0.75,0.720482014048018
R03_F03,3,3,17,Tage,1,True,2,2.0,0.75,0.3936547238230212
R03_F03,3,3,17,tage,1,True,3,3.0,0.75,0.0795790042262955
R03_F04,3,4,3,Si,0,False,0,,0.75,
R03_F04,3,4,3,Fe,0,False,0,,0.75,
R03_F04,3,4,3,Cu,0,False,0,,0.75,
R03_F04,3,4,3,Mn,0,False,0,,0.75,
R03_F04,3,4,3,Mg,0,False,0,,0.75,
R03_F04,3,4,3,Cr,0,False,0,,0.75,
R03_F04,3,4,3,Zn,0,False,0,,0.75,
R03_F04,3,4,3,V,0,False,0,,0.75,
R03_F04,3,4,3,Ti,0,False,0,,0.75,
R03_F04,3,4,3,Zr,0,False,0,,0.75,
R03_F04,3,4,3,Li,0,False,0,,0.75,
R03_F04,3,4,3,Ni,0,False,0,,0.75,
R03_F04,3,4,3,Be,0,False,0,,0.75,
R03_F04,3,4,3,Sc,0,False,0,,0.75,
R03_F04,3,4,3,Tsol,1,True,1,1.0,0.75,0.7479782346046556
R03_F04,3,4,3,Tage,1,True,2,2.0,0.75,0.4069549798492592
R03_F04,3,4,3,tage,1,True,3,3.0,0.75,0.0877084600833772
R03_F04,3,4,4,Si,0,False,0,,1.0,
R03_F04,3,4,4,Fe,0,False,0,,1.0,
R03_F04,3,4,4,Cu,0,False,0,,1.0,
R03_F04,3,4,4,Mn,0,False,0,,1.0,
R03_F04,3,4,4,Mg,0,False,0,,1.0,
R03_F04,3,4,4,Cr,0,False,0,,1.0,
R03_F04,3,4,4,Zn,1,False,4,4.0,1.0,1.0
R03_F04,3,4,4,V,0,False,0,,1.0,
R03_F04,3,4,4,Ti,0,False,0,,1.0,
R03_F04,3,4,4,Zr,0,False,0,,1.0,
R03_F04,3,4,4,Li,0,False,0,,1.0,
R03_F04,3,4,4,Ni,0,False,0,,1.0,
R03_F04,3,4,4,Be,0,False,0,,1.0,
R03_F04,3,4,4,Sc,0,False,0,,1.0,
R03_F04,3,4,4,Tsol,1,True,1,1.0,1.0,0.796259853000507
R03_F04,3,4,4,Tage,1,True,2,2.0,1.0,0.360060689068057
R03_F04,3,4,4,tage,1,True,3,3.0,1.0,0.0
R03_F04,3,4,5,Si,0,False,0,,0.75,
R03_F04,3,4,5,Fe,0,False,0,,0.75,
R03_F04,3,4,5,Cu,0,False,0,,0.75,
R03_F04,3,4,5,Mn,0,False,0,,0.75,
R03_F04,3,4,5,Mg,1,False,5,5.0,0.75,0.7982380699267279
R03_F04,3,4,5,Cr,0,False,0,,0.75,
R03_F04,3,4,5,Zn,1,False,4,4.0,0.75,1.0
R03_F04,3,4,5,V,0,False,0,,0.75,
R03_F04,3,4,5,Ti,0,False,0,,0.75,
R03_F04,3,4,5,Zr,0,False,0,,0.75,
R03_F04,3,4,5,Li,0,False,0,,0.75,
R03_F04,3,4,5,Ni,0,False,0,,0.75,
R03_F04,3,4,5,Be,0,False,0,,0.75,
R03_F04,3,4,5,Sc,0,False,0,,0.75,
R03_F04,3,4,5,Tsol,1,True,1,1.0,0.75,0.7479782346046556
R03_F04,3,4,5,Tage,1,True,2,2.0,0.75,0.4069549798492592
R03_F04,3,4,5,tage,1,True,3,3.0,0.75,0.0877084600833772
R03_F04,3,4,6,Si,0,False,0,,0.75,
R03_F04,3,4,6,Fe,0,False,0,,0.75,
R03_F04,3,4,6,Cu,0,False,0,,0.75,
R03_F04,3,4,6,Mn,0,False,0,,0.75,
R03_F04,3,4,6,Mg,1,False,5,5.0,0.75,0.7982380699267279
R03_F04,3,4,6,Cr,0,False,0,,0.75,
R03_F04,3,4,6,Zn,1,False,4,4.0,0.75,1.0
R03_F04,3,4,6,V,0,False,0,,0.75,
R03_F04,3,4,6,Ti,1,False,6,6.0,0.75,0.4402651573847172
R03_F04,3,4,6,Zr,0,False,0,,0.75,
R03_F04,3,4,6,Li,0,False,0,,0.75,
R03_F04,3,4,6,Ni,0,False,0,,0.75,
R03_F04,3,4,6,Be,0,False,0,,0.75,
R03_F04,3,4,6,Sc,0,False,0,,0.75,
R03_F04,3,4,6,Tsol,1,True,1,1.0,0.75,0.7479782346046556
R03_F04,3,4,6,Tage,1,True,2,2.0,0.75,0.4069549798492592
R03_F04,3,4,6,tage,1,True,3,3.0,0.75,0.0877084600833772
R03_F04,3,4,7,Si,0,False,0,,0.5,
R03_F04,3,4,7,Fe,0,False,0,,0.5,
R03_F04,3,4,7,Cu,1,False,7,7.0,0.5,0.3615163728209067
R03_F04,3,4,7,Mn,0,False,0,,0.5,
R03_F04,3,4,7,Mg,1,False,5,5.0,0.5,0.6991674659302445
R03_F04,3,4,7,Cr,0,False,0,,0.5,
R03_F04,3,4,7,Zn,1,False,4,4.0,0.5,1.0
R03_F04,3,4,7,V,0,False,0,,0.5,
R03_F04,3,4,7,Ti,1,False,6,6.0,0.5,0.3870291667281786
R03_F04,3,4,7,Zr,0,False,0,,0.5,
R03_F04,3,4,7,Li,0,False,0,,0.5,
R03_F04,3,4,7,Ni,0,False,0,,0.5,
R03_F04,3,4,7,Be,0,False,0,,0.5,
R03_F04,3,4,7,Sc,0,False,0,,0.5,
R03_F04,3,4,7,Tsol,1,True,1,1.0,0.5,0.6996966162088041
R03_F04,3,4,7,Tage,1,True,2,2.0,0.5,0.4538492706304615
R03_F04,3,4,7,tage,1,True,3,3.0,0.5,0.1754169201667544
R03_F04,3,4,8,Si,0,False,0,,0.0,
R03_F04,3,4,8,Fe,0,False,0,,0.0,
R03_F04,3,4,8,Cu,1,False,6,6.0,0.0,0.4294946721687888
R03_F04,3,4,8,Mn,0,False,0,,0.0,
R03_F04,3,4,8,Mg,1,False,5,5.0,0.0,0.5010262579372777
R03_F04,3,4,8,Cr,0,False,0,,0.0,
R03_F04,3,4,8,Zn,1,False,4,4.0,0.0,1.0
R03_F04,3,4,8,V,0,False,0,,0.0,
R03_F04,3,4,8,Ti,1,False,7,7.0,0.0,0.2805571854151015
R03_F04,3,4,8,Zr,1,False,8,8.0,0.0,0.2239496662576132
R03_F04,3,4,8,Li,0,False,0,,0.0,
R03_F04,3,4,8,Ni,0,False,0,,0.0,
R03_F04,3,4,8,Be,0,False,0,,0.0,
R03_F04,3,4,8,Sc,0,False,0,,0.0,
R03_F04,3,4,8,Tsol,1,True,1,1.0,0.0,0.6031333794171013
R03_F04,3,4,8,Tage,1,True,2,2.0,0.0,0.547637852192866
R03_F04,3,4,8,tage,1,True,3,3.0,0.0,0.3508338403335089
R03_F04,3,4,9,Si,0,False,0,,0.0,
R03_F04,3,4,9,Fe,1,False,9,9.0,0.0,0.2050758247942751
R03_F04,3,4,9,Cu,1,False,6,6.0,0.0,0.4294946721687888
R03_F04,3,4,9,Mn,0,False,0,,0.0,
R03_F04,3,4,9,Mg,1,False,5,5.0,0.0,0.5010262579372777
R03_F04,3,4,9,Cr,0,False,0,,0.0,
R03_F04,3,4,9,Zn,1,False,4,4.0,0.0,1.0
R03_F04,3,4,9,V,0,False,0,,0.0,
R03_F04,3,4,9,Ti,1,False,7,7.0,0.0,0.2805571854151015
R03_F04,3,4,9,Zr,1,False,8,8.0,0.0,0.2239496662576132
R03_F04,3,4,9,Li,0,False,0,,0.0,
R03_F04,3,4,9,Ni,0,False,0,,0.0,
R03_F04,3,4,9,Be,0,False,0,,0.0,
R03_F04,3,4,9,Sc,0,False,0,,0.0,
R03_F04,3,4,9,Tsol,1,True,1,1.0,0.0,0.6031333794171013
R03_F04,3,4,9,Tage,1,True,2,2.0,0.0,0.547637852192866
R03_F04,3,4,9,tage,1,True,3,3.0,0.0,0.3508338403335089
R03_F04,3,4,10,Si,1,False,10,10.0,0.0,0.1678987587255622
R03_F04,3,4,10,Fe,1,False,9,9.0,0.0,0.2050758247942751
R03_F04,3,4,10,Cu,1,False,6,6.0,0.0,0.4294946721687888
R03_F04,3,4,10,Mn,0,False,0,,0.0,
R03_F04,3,4,10,Mg,1,False,5,5.0,0.0,0.5010262579372777
R03_F04,3,4,10,Cr,0,False,0,,0.0,
R03_F04,3,4,10,Zn,1,False,4,4.0,0.0,1.0
R03_F04,3,4,10,V,0,False,0,,0.0,
R03_F04,3,4,10,Ti,1,False,7,7.0,0.0,0.2805571854151015
R03_F04,3,4,10,Zr,1,False,8,8.0,0.0,0.2239496662576132
R03_F04,3,4,10,Li,0,False,0,,0.0,
R03_F04,3,4,10,Ni,0,False,0,,0.0,
R03_F04,3,4,10,Be,0,False,0,,0.0,
R03_F04,3,4,10,Sc,0,False,0,,0.0,
R03_F04,3,4,10,Tsol,1,True,1,1.0,0.0,0.6031333794171013
R03_F04,3,4,10,Tage,1,True,2,2.0,0.0,0.547637852192866
R03_F04,3,4,10,tage,1,True,3,3.0,0.0,0.3508338403335089
R03_F04,3,4,11,Si,1,False,11,11.0,0.25,0.2201373180339602
R03_F04,3,4,11,Fe,1,False,9,9.0,0.25,0.2464144842006211
R03_F04,3,4,11,Cu,1,False,6,6.0,0.25,0.3955055224948477
R03_F04,3,4,11,Mn,0,False,0,,0.25,
R03_F04,3,4,11,Mg,1,False,5,5.0,0.25,0.6000968619337611
R03_F04,3,4,11,Cr,0,False,0,,0.25,
R03_F04,3,4,11,Zn,1,False,4,4.0,0.25,1.0
R03_F04,3,4,11,V,0,False,0,,0.25,
R03_F04,3,4,11,Ti,1,False,7,7.0,0.25,0.3337931760716401
R03_F04,3,4,11,Zr,1,False,8,8.0,0.25,0.2604445386989518
R03_F04,3,4,11,Li,0,False,0,,0.25,
R03_F04,3,4,11,Ni,0,False,0,,0.25,
R03_F04,3,4,11,Be,0,False,0,,0.25,
R03_F04,3,4,11,Sc,1,False,10,10.0,0.25,0.2446980012815514
R03_F04,3,4,11,Tsol,1,True,1,1.0,0.25,0.6514149978129526
R03_F04,3,4,11,Tage,1,True,2,2.0,0.25,0.5007435614116638
R03_F04,3,4,11,tage,1,True,3,3.0,0.25,0.2631253802501317
R03_F04,3,4,12,Si,1,False,10,10.0,0.0,0.1678987587255622
R03_F04,3,4,12,Fe,1,False,9,9.0,0.0,0.2050758247942751
R03_F04,3,4,12,Cu,1,False,6,6.0,0.0,0.4294946721687888
R03_F04,3,4,12,Mn,0,False,0,,0.0,
R03_F04,3,4,12,Mg,1,False,5,5.0,0.0,0.5010262579372777
R03_F04,3,4,12,Cr,1,False,12,12.0,0.0,0.1617430296088672
R03_F04,3,4,12,Zn,1,False,4,4.0,0.0,1.0
R03_F04,3,4,12,V,0,False,0,,0.0,
R03_F04,3,4,12,Ti,1,False,7,7.0,0.0,0.2805571854151015
R03_F04,3,4,12,Zr,1,False,8,8.0,0.0,0.2239496662576132
R03_F04,3,4,12,Li,0,False,0,,0.0,
R03_F04,3,4,12,Ni,0,False,0,,0.0,
R03_F04,3,4,12,Be,0,False,0,,0.0,
R03_F04,3,4,12,Sc,1,False,11,11.0,0.0,0.1642295713193244
R03_F04,3,4,12,Tsol,1,True,1,1.0,0.0,0.6031333794171013
R03_F04,3,4,12,Tage,1,True,2,2.0,0.0,0.547637852192866
R03_F04,3,4,12,tage,1,True,3,3.0,0.0,0.3508338403335089
R03_F04,3,4,13,Si,1,False,11,11.0,0.75,0.3246144366507562
R03_F04,3,4,13,Fe,1,False,9,9.0,0.75,0.3290918030133131
R03_F04,3,4,13,Cu,1,False,10,10.0,0.75,0.3275272231469657
R03_F04,3,4,13,Mn,0,False,0,,0.75,
R03_F04,3,4,13,Mg,1,False,5,5.0,0.75,0.7982380699267279
R03_F04,3,4,13,Cr,1,False,12,12.0,0.75,0.3075607807624984
R03_F04,3,4,13,Zn,1,False,4,4.0,0.75,1.0
R03_F04,3,4,13,V,0,False,0,,0.75,
R03_F04,3,4,13,Ti,1,False,6,6.0,0.75,0.4402651573847172
R03_F04,3,4,13,Zr,1,False,8,8.0,0.75,0.3334342835816289
R03_F04,3,4,13,Li,1,False,13,13.0,0.75,0.1986361507487219
R03_F04,3,4,13,Ni,0,False,0,,0.75,
R03_F04,3,4,13,Be,0,False,0,,0.75,
R03_F04,3,4,13,Sc,1,False,7,7.0,0.75,0.4056348612060054
R03_F04,3,4,13,Tsol,1,True,1,1.0,0.75,0.7479782346046556
R03_F04,3,4,13,Tage,1,True,2,2.0,0.75,0.4069549798492592
R03_F04,3,4,13,tage,1,True,3,3.0,0.75,0.0877084600833772
R03_F04,3,4,14,Si,1,False,11,11.0,0.25,0.2201373180339602
R03_F04,3,4,14,Fe,1,False,9,9.0,0.25,0.2464144842006211
R03_F04,3,4,14,Cu,1,False,6,6.0,0.25,0.3955055224948477
R03_F04,3,4,14,Mn,1,False,14,14.0,0.25,0.1225392029004945
R03_F04,3,4,14,Mg,1,False,5,5.0,0.25,0.6000968619337611
R03_F04,3,4,14,Cr,1,False,12,12.0,0.25,0.2103489466600775
R03_F04,3,4,14,Zn,1,False,4,4.0,0.25,1.0
R03_F04,3,4,14,V,0,False,0,,0.25,
R03_F04,3,4,14,Ti,1,False,7,7.0,0.25,0.3337931760716401
R03_F04,3,4,14,Zr,1,False,8,8.0,0.25,0.2604445386989518
R03_F04,3,4,14,Li,1,False,13,13.0,0.25,0.1530067707283984
R03_F04,3,4,14,Ni,0,False,0,,0.25,
R03_F04,3,4,14,Be,0,False,0,,0.25,
R03_F04,3,4,14,Sc,1,False,10,10.0,0.25,0.2446980012815514
R03_F04,3,4,14,Tsol,1,True,1,1.0,0.25,0.6514149978129526
R03_F04,3,4,14,Tage,1,True,2,2.0,0.25,0.5007435614116638
R03_F04,3,4,14,tage,1,True,3,3.0,0.25,0.2631253802501317
R03_F04,3,4,15,Si,1,False,11,11.0,0.5,0.2723758773423582
R03_F04,3,4,15,Fe,1,False,10,10.0,0.5,0.2877531436069671
R03_F04,3,4,15,Cu,1,False,7,7.0,0.5,0.3615163728209067
R03_F04,3,4,15,Mn,1,False,15,15.0,0.5,0.087966359600523
R03_F04,3,4,15,Mg,1,False,5,5.0,0.5,0.6991674659302445
R03_F04,3,4,15,Cr,1,False,12,12.0,0.5,0.258954863711288
R03_F04,3,4,15,Zn,1,False,4,4.0,0.5,1.0
R03_F04,3,4,15,V,0,False,0,,0.5,
R03_F04,3,4,15,Ti,1,False,6,6.0,0.5,0.3870291667281786
R03_F04,3,4,15,Zr,1,False,9,9.0,0.5,0.2969394111402904
R03_F04,3,4,15,Li,1,False,13,13.0,0.5,0.1758214607385602
R03_F04,3,4,15,Ni,0,False,0,,0.5,
R03_F04,3,4,15,Be,1,False,14,14.0,0.5,0.1124916083647924
R03_F04,3,4,15,Sc,1,False,8,8.0,0.5,0.3251664312437784
R03_F04,3,4,15,Tsol,1,True,1,1.0,0.5,0.6996966162088041
R03_F04,3,4,15,Tage,1,True,2,2.0,0.5,0.4538492706304615
R03_F04,3,4,15,tage,1,True,3,3.0,0.5,0.1754169201667544
R03_F04,3,4,16,Si,1,False,11,11.0,0.75,0.3246144366507562
R03_F04,3,4,16,Fe,1,False,9,9.0,0.75,0.3290918030133131
R03_F04,3,4,16,Cu,1,False,10,10.0,0.75,0.3275272231469657
R03_F04,3,4,16,Mn,0,False,0,,0.75,
R03_F04,3,4,16,Mg,1,False,5,5.0,0.75,0.7982380699267279
R03_F04,3,4,16,Cr,1,False,12,12.0,0.75,0.3075607807624984
R03_F04,3,4,16,Zn,1,False,4,4.0,0.75,1.0
R03_F04,3,4,16,V,1,False,16,16.0,0.75,0.0810203116668537
R03_F04,3,4,16,Ti,1,False,6,6.0,0.75,0.4402651573847172
R03_F04,3,4,16,Zr,1,False,8,8.0,0.75,0.3334342835816289
R03_F04,3,4,16,Li,1,False,13,13.0,0.75,0.1986361507487219
R03_F04,3,4,16,Ni,1,False,15,15.0,0.75,0.0856385725677433
R03_F04,3,4,16,Be,1,False,14,14.0,0.75,0.1551059922943663
R03_F04,3,4,16,Sc,1,False,7,7.0,0.75,0.4056348612060054
R03_F04,3,4,16,Tsol,1,True,1,1.0,0.75,0.7479782346046556
R03_F04,3,4,16,Tage,1,True,2,2.0,0.75,0.4069549798492592
R03_F04,3,4,16,tage,1,True,3,3.0,0.75,0.0877084600833772
R03_F04,3,4,17,Si,1,False,11,11.0,0.5,0.2723758773423582
R03_F04,3,4,17,Fe,1,False,10,10.0,0.5,0.2877531436069671
R03_F04,3,4,17,Cu,1,False,7,7.0,0.5,0.3615163728209067
R03_F04,3,4,17,Mn,1,False,15,15.0,0.5,0.087966359600523
R03_F04,3,4,17,Mg,1,False,5,5.0,0.5,0.6991674659302445
R03_F04,3,4,17,Cr,1,False,12,12.0,0.5,0.258954863711288
R03_F04,3,4,17,Zn,1,False,4,4.0,0.5,1.0
R03_F04,3,4,17,V,1,False,17,17.0,0.5,0.0540135411112358
R03_F04,3,4,17,Ti,1,False,6,6.0,0.5,0.3870291667281786
R03_F04,3,4,17,Zr,1,False,9,9.0,0.5,0.2969394111402904
R03_F04,3,4,17,Li,1,False,13,13.0,0.5,0.1758214607385602
R03_F04,3,4,17,Ni,1,False,16,16.0,0.5,0.0662735956144776
R03_F04,3,4,17,Be,1,False,14,14.0,0.5,0.1124916083647924
R03_F04,3,4,17,Sc,1,False,8,8.0,0.5,0.3251664312437784
R03_F04,3,4,17,Tsol,1,True,1,1.0,0.5,0.6996966162088041
R03_F04,3,4,17,Tage,1,True,2,2.0,0.5,0.4538492706304615
R03_F04,3,4,17,tage,1,True,3,3.0,0.5,0.1754169201667544
R03_F05,3,5,3,Si,0,False,0,,1.0,
R03_F05,3,5,3,Fe,0,False,0,,1.0,
R03_F05,3,5,3,Cu,0,False,0,,1.0,
R03_F05,3,5,3,Mn,0,False,0,,1.0,
R03_F05,3,5,3,Mg,0,False,0,,1.0,
R03_F05,3,5,3,Cr,0,False,0,,1.0,
R03_F05,3,5,3,Zn,0,False,0,,1.0,
R03_F05,3,5,3,V,0,False,0,,1.0,
R03_F05,3,5,3,Ti,0,False,0,,1.0,
R03_F05,3,5,3,Zr,0,False,0,,1.0,
R03_F05,3,5,3,Li,0,False,0,,1.0,
R03_F05,3,5,3,Ni,0,False,0,,1.0,
R03_F05,3,5,3,Be,0,False,0,,1.0,
R03_F05,3,5,3,Sc,0,False,0,,1.0,
R03_F05,3,5,3,Tsol,1,True,1,1.0,1.0,0.7774760644875273
R03_F05,3,5,3,Tage,1,True,2,2.0,1.0,0.4298560965393799
R03_F05,3,5,3,tage,1,True,3,3.0,1.0,0.0
R03_F05,3,5,4,Si,0,False,0,,0.5,
R03_F05,3,5,4,Fe,0,False,0,,0.5,
R03_F05,3,5,4,Cu,0,False,0,,0.5,
R03_F05,3,5,4,Mn,0,False,0,,0.5,
R03_F05,3,5,4,Mg,0,False,0,,0.5,
R03_F05,3,5,4,Cr,0,False,0,,0.5,
R03_F05,3,5,4,Zn,1,False,4,4.0,0.5,1.0
R03_F05,3,5,4,V,0,False,0,,0.5,
R03_F05,3,5,4,Ti,0,False,0,,0.5,
R03_F05,3,5,4,Zr,0,False,0,,0.5,
R03_F05,3,5,4,Li,0,False,0,,0.5,
R03_F05,3,5,4,Ni,0,False,0,,0.5,
R03_F05,3,5,4,Be,0,False,0,,0.5,
R03_F05,3,5,4,Sc,0,False,0,,0.5,
R03_F05,3,5,4,Tsol,1,True,1,1.0,0.5,0.6443131284993897
R03_F05,3,5,4,Tage,1,True,2,2.0,0.5,0.452262417143511
R03_F05,3,5,4,tage,1,True,3,3.0,0.5,0.1483153428733014
R03_F05,3,5,5,Si,0,False,0,,0.75,
R03_F05,3,5,5,Fe,0,False,0,,0.75,
R03_F05,3,5,5,Cu,0,False,0,,0.75,
R03_F05,3,5,5,Mn,0,False,0,,0.75,
R03_F05,3,5,5,Mg,1,False,5,5.0,0.75,0.7540864526231843
R03_F05,3,5,5,Cr,0,False,0,,0.75,
R03_F05,3,5,5,Zn,1,False,4,4.0,0.75,1.0
R03_F05,3,5,5,V,0,False,0,,0.75,
R03_F05,3,5,5,Ti,0,False,0,,0.75,
R03_F05,3,5,5,Zr,0,False,0,,0.75,
R03_F05,3,5,5,Li,0,False,0,,0.75,
R03_F05,3,5,5,Ni,0,False,0,,0.75,
R03_F05,3,5,5,Be,0,False,0,,0.75,
R03_F05,3,5,5,Sc,0,False,0,,0.75,
R03_F05,3,5,5,Tsol,1,True,1,1.0,0.75,0.7108945964934584
R03_F05,3,5,5,Tage,1,True,2,2.0,0.75,0.4410592568414454
R03_F05,3,5,5,tage,1,True,3,3.0,0.75,0.0741576714366507
R03_F05,3,5,6,Si,0,False,0,,0.0,
R03_F05,3,5,6,Fe,0,False,0,,0.0,
R03_F05,3,5,6,Cu,1,False,6,6.0,0.0,0.3060525375387758
R03_F05,3,5,6,Mn,0,False,0,,0.0,
R03_F05,3,5,6,Mg,1,False,5,5.0,0.0,0.4733023500979181
R03_F05,3,5,6,Cr,0,False,0,,0.0,
R03_F05,3,5,6,Zn,1,False,4,4.0,0.0,1.0
R03_F05,3,5,6,V,0,False,0,,0.0,
R03_F05,3,5,6,Ti,0,False,0,,0.0,
R03_F05,3,5,6,Zr,0,False,0,,0.0,
R03_F05,3,5,6,Li,0,False,0,,0.0,
R03_F05,3,5,6,Ni,0,False,0,,0.0,
R03_F05,3,5,6,Be,0,False,0,,0.0,
R03_F05,3,5,6,Sc,0,False,0,,0.0,
R03_F05,3,5,6,Tsol,1,True,1,1.0,0.0,0.511150192511252
R03_F05,3,5,6,Tage,1,True,2,2.0,0.0,0.474668737747642
R03_F05,3,5,6,tage,1,True,3,3.0,0.0,0.2966306857466028
R03_F05,3,5,7,Si,0,False,0,,0.0,
R03_F05,3,5,7,Fe,1,False,7,7.0,0.0,0.2722013981670636
R03_F05,3,5,7,Cu,1,False,6,6.0,0.0,0.3060525375387758
R03_F05,3,5,7,Mn,0,False,0,,0.0,
R03_F05,3,5,7,Mg,1,False,5,5.0,0.0,0.4733023500979181
R03_F05,3,5,7,Cr,0,False,0,,0.0,
R03_F05,3,5,7,Zn,1,False,4,4.0,0.0,1.0
R03_F05,3,5,7,V,0,False,0,,0.0,
R03_F05,3,5,7,Ti,0,False,0,,0.0,
R03_F05,3,5,7,Zr,0,False,0,,0.0,
R03_F05,3,5,7,Li,0,False,0,,0.0,
R03_F05,3,5,7,Ni,0,False,0,,0.0,
R03_F05,3,5,7,Be,0,False,0,,0.0,
R03_F05,3,5,7,Sc,0,False,0,,0.0,
R03_F05,3,5,7,Tsol,1,True,1,1.0,0.0,0.511150192511252
R03_F05,3,5,7,Tage,1,True,2,2.0,0.0,0.474668737747642
R03_F05,3,5,7,tage,1,True,3,3.0,0.0,0.2966306857466028
R03_F05,3,5,8,Si,0,False,0,,0.25,
R03_F05,3,5,8,Fe,1,False,6,6.0,0.25,0.3173215777570432
R03_F05,3,5,8,Cu,1,False,8,8.0,0.25,0.2983710273651705
R03_F05,3,5,8,Mn,0,False,0,,0.25,
R03_F05,3,5,8,Mg,1,False,5,5.0,0.25,0.5668970509396735
R03_F05,3,5,8,Cr,0,False,0,,0.25,
R03_F05,3,5,8,Zn,1,False,4,4.0,0.25,1.0
R03_F05,3,5,8,V,0,False,0,,0.25,
R03_F05,3,5,8,Ti,1,False,7,7.0,0.25,0.3099399541303075
R03_F05,3,5,8,Zr,0,False,0,,0.25,
R03_F05,3,5,8,Li,0,False,0,,0.25,
R03_F05,3,5,8,Ni,0,False,0,,0.25,
R03_F05,3,5,8,Be,0,False,0,,0.25,
R03_F05,3,5,8,Sc,0,False,0,,0.25,
R03_F05,3,5,8,Tsol,1,True,1,1.0,0.25,0.5777316605053209
R03_F05,3,5,8,Tage,1,True,2,2.0,0.25,0.4634655774455765
R03_F05,3,5,8,tage,1,True,3,3.0,0.25,0.2224730143099521
R03_F05,3,5,9,Si,0,False,0,,0.25,
R03_F05,3,5,9,Fe,1,False,6,6.0,0.25,0.3173215777570432
R03_F05,3,5,9,Cu,1,False,8,8.0,0.25,0.2983710273651705
R03_F05,3,5,9,Mn,0,False,0,,0.25,
R03_F05,3,5,9,Mg,1,False,5,5.0,0.25,0.5668970509396735
R03_F05,3,5,9,Cr,0,False,0,,0.25,
R03_F05,3,5,9,Zn,1,False,4,4.0,0.25,1.0
R03_F05,3,5,9,V,0,False,0,,0.25,
R03_F05,3,5,9,Ti,1,False,7,7.0,0.25,0.3099399541303075
R03_F05,3,5,9,Zr,1,False,9,9.0,0.25,0.2513827493825158
R03_F05,3,5,9,Li,0,False,0,,0.25,
R03_F05,3,5,9,Ni,0,False,0,,0.25,
R03_F05,3,5,9,Be,0,False,0,,0.25,
R03_F05,3,5,9,Sc,0,False,0,,0.25,
R03_F05,3,5,9,Tsol,1,True,1,1.0,0.25,0.5777316605053209
R03_F05,3,5,9,Tage,1,True,2,2.0,0.25,0.4634655774455765
R03_F05,3,5,9,tage,1,True,3,3.0,0.25,0.2224730143099521
R03_F05,3,5,10,Si,1,False,10,10.0,0.25,0.2262602087649151
R03_F05,3,5,10,Fe,1,False,6,6.0,0.25,0.3173215777570432
R03_F05,3,5,10,Cu,1,False,8,8.0,0.25,0.2983710273651705
R03_F05,3,5,10,Mn,0,False,0,,0.25,
R03_F05,3,5,10,Mg,1,False,5,5.0,0.25,0.5668970509396735
R03_F05,3,5,10,Cr,0,False,0,,0.25,
R03_F05,3,5,10,Zn,1,False,4,4.0,0.25,1.0
R03_F05,3,5,10,V,0,False,0,,0.25,
R03_F05,3,5,10,Ti,1,False,7,7.0,0.25,0.3099399541303075
R03_F05,3,5,10,Zr,1,False,9,9.0,0.25,0.2513827493825158
R03_F05,3,5,10,Li,0,False,0,,0.25,
R03_F05,3,5,10,Ni,0,False,0,,0.25,
R03_F05,3,5,10,Be,0,False,0,,0.25,
R03_F05,3,5,10,Sc,0,False,0,,0.25,
R03_F05,3,5,10,Tsol,1,True,1,1.0,0.25,0.5777316605053209
R03_F05,3,5,10,Tage,1,True,2,2.0,0.25,0.4634655774455765
R03_F05,3,5,10,tage,1,True,3,3.0,0.25,0.2224730143099521
R03_F05,3,5,11,Si,1,False,10,10.0,0.25,0.2262602087649151
R03_F05,3,5,11,Fe,1,False,6,6.0,0.25,0.3173215777570432
R03_F05,3,5,11,Cu,1,False,8,8.0,0.25,0.2983710273651705
R03_F05,3,5,11,Mn,0,False,0,,0.25,
R03_F05,3,5,11,Mg,1,False,5,5.0,0.25,0.5668970509396735
R03_F05,3,5,11,Cr,0,False,0,,0.25,
R03_F05,3,5,11,Zn,1,False,4,4.0,0.25,1.0
R03_F05,3,5,11,V,0,False,0,,0.25,
R03_F05,3,5,11,Ti,1,False,7,7.0,0.25,0.3099399541303075
R03_F05,3,5,11,Zr,1,False,9,9.0,0.25,0.2513827493825158
R03_F05,3,5,11,Li,0,False,0,,0.25,
R03_F05,3,5,11,Ni,0,False,0,,0.25,
R03_F05,3,5,11,Be,0,False,0,,0.25,
R03_F05,3,5,11,Sc,1,False,11,11.0,0.25,0.2000835132849718
R03_F05,3,5,11,Tsol,1,True,1,1.0,0.25,0.5777316605053209
R03_F05,3,5,11,Tage,1,True,2,2.0,0.25,0.4634655774455765
R03_F05,3,5,11,tage,1,True,3,3.0,0.25,0.2224730143099521
R03_F05,3,5,12,Si,1,False,8,8.0,0.75,0.3786816512885444
R03_F05,3,5,12,Fe,1,False,7,7.0,0.75,0.4075619369370025
R03_F05,3,5,12,Cu,1,False,12,12.0,0.75,0.2830080070179598
R03_F05,3,5,12,Mn,0,False,0,,0.75,
R03_F05,3,5,12,Mg,1,False,5,5.0,0.75,0.7540864526231843
R03_F05,3,5,12,Cr,1,False,11,11.0,0.75,0.2974201421700231
R03_F05,3,5,12,Zn,1,False,4,4.0,0.75,1.0
R03_F05,3,5,12,V,0,False,0,,0.75,
R03_F05,3,5,12,Ti,1,False,6,6.0,0.75,0.4087219394806208
R03_F05,3,5,12,Zr,1,False,10,10.0,0.75,0.3261738087852316
R03_F05,3,5,12,Li,0,False,0,,0.75,
R03_F05,3,5,12,Ni,0,False,0,,0.75,
R03_F05,3,5,12,Be,0,False,0,,0.75,
R03_F05,3,5,12,Sc,1,False,9,9.0,0.75,0.371139095359906
R03_F05,3,5,12,Tsol,1,True,1,1.0,0.75,0.7108945964934584
R03_F05,3,5,12,Tage,1,True,2,2.0,0.75,0.4410592568414454
R03_F05,3,5,12,tage,1,True,3,3.0,0.75,0.0741576714366507
R03_F05,3,5,13,Si,1,False,10,10.0,0.25,0.2262602087649151
R03_F05,3,5,13,Fe,1,False,6,6.0,0.25,0.3173215777570432
R03_F05,3,5,13,Cu,1,False,8,8.0,0.25,0.2983710273651705
R03_F05,3,5,13,Mn,0,False,0,,0.25,
R03_F05,3,5,13,Mg,1,False,5,5.0,0.25,0.5668970509396735
R03_F05,3,5,13,Cr,1,False,12,12.0,0.25,0.1955321118267202
R03_F05,3,5,13,Zn,1,False,4,4.0,0.25,1.0
R03_F05,3,5,13,V,0,False,0,,0.25,
R03_F05,3,5,13,Ti,1,False,7,7.0,0.25,0.3099399541303075
R03_F05,3,5,13,Zr,1,False,9,9.0,0.25,0.2513827493825158
R03_F05,3,5,13,Li,1,False,13,13.0,0.25,0.1625126263346118
R03_F05,3,5,13,Ni,0,False,0,,0.25,
R03_F05,3,5,13,Be,0,False,0,,0.25,
R03_F05,3,5,13,Sc,1,False,11,11.0,0.25,0.2000835132849718
R03_F05,3,5,13,Tsol,1,True,1,1.0,0.25,0.5777316605053209
R03_F05,3,5,13,Tage,1,True,2,2.0,0.25,0.4634655774455765
R03_F05,3,5,13,tage,1,True,3,3.0,0.25,0.2224730143099521
R03_F05,3,5,14,Si,1,False,8,8.0,0.5,0.3024709300267297
R03_F05,3,5,14,Fe,1,False,6,6.0,0.5,0.3624417573470229
R03_F05,3,5,14,Cu,1,False,9,9.0,0.5,0.2906895171915651
R03_F05,3,5,14,Mn,1,False,14,14.0,0.5,0.1281957162222827
R03_F05,3,5,14,Mg,1,False,5,5.0,0.5,0.6604917517814288
R03_F05,3,5,14,Cr,1,False,12,12.0,0.5,0.2464761269983717
R03_F05,3,5,14,Zn,1,False,4,4.0,0.5,1.0
R03_F05,3,5,14,V,0,False,0,,0.5,
R03_F05,3,5,14,Ti,1,False,7,7.0,0.5,0.3593309468054642
R03_F05,3,5,14,Zr,1,False,10,10.0,0.5,0.2887782790838737
R03_F05,3,5,14,Li,1,False,13,13.0,0.5,0.1946340139806867
R03_F05,3,5,14,Ni,0,False,0,,0.5,
R03_F05,3,5,14,Be,0,False,0,,0.5,
R03_F05,3,5,14,Sc,1,False,11,11.0,0.5,0.2856113043224389
R03_F05,3,5,14,Tsol,1,True,1,1.0,0.5,0.6443131284993897
R03_F05,3,5,14,Tage,1,True,2,2.0,0.5,0.452262417143511
R03_F05,3,5,14,tage,1,True,3,3.0,0.5,0.1483153428733014
R03_F05,3,5,15,Si,1,False,8,8.0,0.75,0.3786816512885444
R03_F05,3,5,15,Fe,1,False,7,7.0,0.75,0.4075619369370025
R03_F05,3,5,15,Cu,1,False,12,12.0,0.75,0.2830080070179598
R03_F05,3,5,15,Mn,0,False,0,,0.75,
R03_F05,3,5,15,Mg,1,False,5,5.0,0.75,0.7540864526231843
R03_F05,3,5,15,Cr,1,False,11,11.0,0.75,0.2974201421700231
R03_F05,3,5,15,Zn,1,False,4,4.0,0.75,1.0
R03_F05,3,5,15,V,0,False,0,,0.75,
R03_F05,3,5,15,Ti,1,False,6,6.0,0.75,0.4087219394806208
R03_F05,3,5,15,Zr,1,False,10,10.0,0.75,0.3261738087852316
R03_F05,3,5,15,Li,1,False,13,13.0,0.75,0.2267554016267616
R03_F05,3,5,15,Ni,1,False,15,15.0,0.75,0.1355003401133621
R03_F05,3,5,15,Be,1,False,14,14.0,0.75,0.1616523740658113
R03_F05,3,5,15,Sc,1,False,9,9.0,0.75,0.371139095359906
R03_F05,3,5,15,Tsol,1,True,1,1.0,0.75,0.7108945964934584
R03_F05,3,5,15,Tage,1,True,2,2.0,0.75,0.4410592568414454
R03_F05,3,5,15,tage,1,True,3,3.0,0.75,0.0741576714366507
R03_F05,3,5,16,Si,1,False,8,8.0,0.5,0.3024709300267297
R03_F05,3,5,16,Fe,1,False,6,6.0,0.5,0.3624417573470229
R03_F05,3,5,16,Cu,1,False,9,9.0,0.5,0.2906895171915651
R03_F05,3,5,16,Mn,1,False,14,14.0,0.5,0.1281957162222827
R03_F05,3,5,16,Mg,1,False,5,5.0,0.5,0.6604917517814288
R03_F05,3,5,16,Cr,1,False,12,12.0,0.5,0.2464761269983717
R03_F05,3,5,16,Zn,1,False,4,4.0,0.5,1.0
R03_F05,3,5,16,V,0,False,0,,0.5,
R03_F05,3,5,16,Ti,1,False,7,7.0,0.5,0.3593309468054642
R03_F05,3,5,16,Zr,1,False,10,10.0,0.5,0.2887782790838737
R03_F05,3,5,16,Li,1,False,13,13.0,0.5,0.1946340139806867
R03_F05,3,5,16,Ni,1,False,16,16.0,0.5,0.098701900276921
R03_F05,3,5,16,Be,1,False,15,15.0,0.5,0.1133446347997566
R03_F05,3,5,16,Sc,1,False,11,11.0,0.5,0.2856113043224389
R03_F05,3,5,16,Tsol,1,True,1,1.0,0.5,0.6443131284993897
R03_F05,3,5,16,Tage,1,True,2,2.0,0.5,0.452262417143511
R03_F05,3,5,16,tage,1,True,3,3.0,0.5,0.1483153428733014
R03_F05,3,5,17,Si,1,False,10,10.0,0.25,0.2262602087649151
R03_F05,3,5,17,Fe,1,False,6,6.0,0.25,0.3173215777570432
R03_F05,3,5,17,Cu,1,False,8,8.0,0.25,0.2983710273651705
R03_F05,3,5,17,Mn,1,False,14,14.0,0.25,0.1457853815197781
R03_F05,3,5,17,Mg,1,False,5,5.0,0.25,0.5668970509396735
R03_F05,3,5,17,Cr,1,False,12,12.0,0.25,0.1955321118267202
R03_F05,3,5,17,Zn,1,False,4,4.0,0.25,1.0
R03_F05,3,5,17,V,1,False,17,17.0,0.25,0.0442090901376566
R03_F05,3,5,17,Ti,1,False,7,7.0,0.25,0.3099399541303075
R03_F05,3,5,17,Zr,1,False,9,9.0,0.25,0.2513827493825158
R03_F05,3,5,17,Li,1,False,13,13.0,0.25,0.1625126263346118
R03_F05,3,5,17,Ni,1,False,16,16.0,0.25,0.0619034604404798
R03_F05,3,5,17,Be,1,False,15,15.0,0.25,0.065036895533702
R03_F05,3,5,17,Sc,1,False,11,11.0,0.25,0.2000835132849718
R03_F05,3,5,17,Tsol,1,True,1,1.0,0.25,0.5777316605053209
R03_F05,3,5,17,Tage,1,True,2,2.0,0.25,0.4634655774455765
R03_F05,3,5,17,tage,1,True,3,3.0,0.25,0.2224730143099521
R04_F01,4,1,3,Si,0,False,0,,1.0,
R04_F01,4,1,3,Fe,0,False,0,,1.0,
R04_F01,4,1,3,Cu,0,False,0,,1.0,
R04_F01,4,1,3,Mn,0,False,0,,1.0,
R04_F01,4,1,3,Mg,0,False,0,,1.0,
R04_F01,4,1,3,Cr,0,False,0,,1.0,
R04_F01,4,1,3,Zn,0,False,0,,1.0,
R04_F01,4,1,3,V,0,False,0,,1.0,
R04_F01,4,1,3,Ti,0,False,0,,1.0,
R04_F01,4,1,3,Zr,0,False,0,,1.0,
R04_F01,4,1,3,Li,0,False,0,,1.0,
R04_F01,4,1,3,Ni,0,False,0,,1.0,
R04_F01,4,1,3,Be,0,False,0,,1.0,
R04_F01,4,1,3,Sc,0,False,0,,1.0,
R04_F01,4,1,3,Tsol,1,True,1,1.0,1.0,0.7464312707830397
R04_F01,4,1,3,Tage,1,True,2,2.0,1.0,0.3987020903725244
R04_F01,4,1,3,tage,1,True,3,3.0,1.0,0.0
R04_F01,4,1,4,Si,0,False,0,,0.75,
R04_F01,4,1,4,Fe,0,False,0,,0.75,
R04_F01,4,1,4,Cu,0,False,0,,0.75,
R04_F01,4,1,4,Mn,0,False,0,,0.75,
R04_F01,4,1,4,Mg,0,False,0,,0.75,
R04_F01,4,1,4,Cr,0,False,0,,0.75,
R04_F01,4,1,4,Zn,1,False,4,4.0,0.75,1.0
R04_F01,4,1,4,V,0,False,0,,0.75,
R04_F01,4,1,4,Ti,0,False,0,,0.75,
R04_F01,4,1,4,Zr,0,False,0,,0.75,
R04_F01,4,1,4,Li,0,False,0,,0.75,
R04_F01,4,1,4,Ni,0,False,0,,0.75,
R04_F01,4,1,4,Be,0,False,0,,0.75,
R04_F01,4,1,4,Sc,0,False,0,,0.75,
R04_F01,4,1,4,Tsol,1,True,1,1.0,0.75,0.6853882506301614
R04_F01,4,1,4,Tage,1,True,2,2.0,0.75,0.4337553294389772
R04_F01,4,1,4,tage,1,True,3,3.0,0.75,0.089401127632683
R04_F01,4,1,5,Si,0,False,0,,0.5,
R04_F01,4,1,5,Fe,0,False,0,,0.5,
R04_F01,4,1,5,Cu,0,False,0,,0.5,
R04_F01,4,1,5,Mn,0,False,0,,0.5,
R04_F01,4,1,5,Mg,1,False,5,5.0,0.5,0.6401236482452348
R04_F01,4,1,5,Cr,0,False,0,,0.5,
R04_F01,4,1,5,Zn,1,False,4,4.0,0.5,1.0
R04_F01,4,1,5,V,0,False,0,,0.5,
R04_F01,4,1,5,Ti,0,False,0,,0.5,
R04_F01,4,1,5,Zr,0,False,0,,0.5,
R04_F01,4,1,5,Li,0,False,0,,0.5,
R04_F01,4,1,5,Ni,0,False,0,,0.5,
R04_F01,4,1,5,Be,0,False,0,,0.5,
R04_F01,4,1,5,Sc,0,False,0,,0.5,
R04_F01,4,1,5,Tsol,1,True,1,1.0,0.5,0.624345230477283
R04_F01,4,1,5,Tage,1,True,2,2.0,0.5,0.46880856850543
R04_F01,4,1,5,tage,1,True,3,3.0,0.5,0.1788022552653661
R04_F01,4,1,6,Si,0,False,0,,0.0,
R04_F01,4,1,6,Fe,0,False,0,,0.0,
R04_F01,4,1,6,Cu,1,False,6,6.0,0.0,0.3524092841714984
R04_F01,4,1,6,Mn,0,False,0,,0.0,
R04_F01,4,1,6,Mg,1,False,5,5.0,0.0,0.4516219718329783
R04_F01,4,1,6,Cr,0,False,0,,0.0,
R04_F01,4,1,6,Zn,1,False,4,4.0,0.0,1.0
R04_F01,4,1,6,V,0,False,0,,0.0,
R04_F01,4,1,6,Ti,0,False,0,,0.0,
R04_F01,4,1,6,Zr,0,False,0,,0.0,
R04_F01,4,1,6,Li,0,False,0,,0.0,
R04_F01,4,1,6,Ni,0,False,0,,0.0,
R04_F01,4,1,6,Be,0,False,0,,0.0,
R04_F01,4,1,6,Sc,0,False,0,,0.0,
R04_F01,4,1,6,Tsol,1,True,1,1.0,0.0,0.5022591901715263
R04_F01,4,1,6,Tage,1,True,2,2.0,0.0,0.5389150466383356
R04_F01,4,1,6,tage,1,True,3,3.0,0.0,0.3576045105307323
R04_F01,4,1,7,Si,0,False,0,,0.0,
R04_F01,4,1,7,Fe,0,False,0,,0.0,
R04_F01,4,1,7,Cu,1,False,6,6.0,0.0,0.3524092841714984
R04_F01,4,1,7,Mn,0,False,0,,0.0,
R04_F01,4,1,7,Mg,1,False,5,5.0,0.0,0.4516219718329783
R04_F01,4,1,7,Cr,0,False,0,,0.0,
R04_F01,4,1,7,Zn,1,False,4,4.0,0.0,1.0
R04_F01,4,1,7,V,0,False,0,,0.0,
R04_F01,4,1,7,Ti,1,False,7,7.0,0.0,0.2442649368827135
R04_F01,4,1,7,Zr,0,False,0,,0.0,
R04_F01,4,1,7,Li,0,False,0,,0.0,
R04_F01,4,1,7,Ni,0,False,0,,0.0,
R04_F01,4,1,7,Be,0,False,0,,0.0,
R04_F01,4,1,7,Sc,0,False,0,,0.0,
R04_F01,4,1,7,Tsol,1,True,1,1.0,0.0,0.5022591901715263
R04_F01,4,1,7,Tage,1,True,2,2.0,0.0,0.5389150466383356
R04_F01,4,1,7,tage,1,True,3,3.0,0.0,0.3576045105307323
R04_F01,4,1,8,Si,0,False,0,,0.25,
R04_F01,4,1,8,Fe,1,False,8,8.0,0.25,0.2794786521946637
R04_F01,4,1,8,Cu,1,False,6,6.0,0.25,0.3469771203977599
R04_F01,4,1,8,Mn,0,False,0,,0.25,
R04_F01,4,1,8,Mg,1,False,5,5.0,0.25,0.5458728100391066
R04_F01,4,1,8,Cr,0,False,0,,0.25,
R04_F01,4,1,8,Zn,1,False,4,4.0,0.25,1.0
R04_F01,4,1,8,V,0,False,0,,0.25,
R04_F01,4,1,8,Ti,1,False,7,7.0,0.25,0.305961067529124
R04_F01,4,1,8,Zr,0,False,0,,0.25,
R04_F01,4,1,8,Li,0,False,0,,0.25,
R04_F01,4,1,8,Ni,0,False,0,,0.25,
R04_F01,4,1,8,Be,0,False,0,,0.25,
R04_F01,4,1,8,Sc,0,False,0,,0.25,
R04_F01,4,1,8,Tsol,1,True,1,1.0,0.25,0.5633022103244046
R04_F01,4,1,8,Tage,1,True,2,2.0,0.25,0.5038618075718828
R04_F01,4,1,8,tage,1,True,3,3.0,0.25,0.2682033828980492
R04_F01,4,1,9,Si,1,False,9,9.0,0.25,0.2206601834803052
R04_F01,4,1,9,Fe,1,False,8,8.0,0.25,0.2794786521946637
R04_F01,4,1,9,Cu,1,False,6,6.0,0.25,0.3469771203977599
R04_F01,4,1,9,Mn,0,False,0,,0.25,
R04_F01,4,1,9,Mg,1,False,5,5.0,0.25,0.5458728100391066
R04_F01,4,1,9,Cr,0,False,0,,0.25,
R04_F01,4,1,9,Zn,1,False,4,4.0,0.25,1.0
R04_F01,4,1,9,V,0,False,0,,0.25,
R04_F01,4,1,9,Ti,1,False,7,7.0,0.25,0.305961067529124
R04_F01,4,1,9,Zr,0,False,0,,0.25,
R04_F01,4,1,9,Li,0,False,0,,0.25,
R04_F01,4,1,9,Ni,0,False,0,,0.25,
R04_F01,4,1,9,Be,0,False,0,,0.25,
R04_F01,4,1,9,Sc,0,False,0,,0.25,
R04_F01,4,1,9,Tsol,1,True,1,1.0,0.25,0.5633022103244046
R04_F01,4,1,9,Tage,1,True,2,2.0,0.25,0.5038618075718828
R04_F01,4,1,9,tage,1,True,3,3.0,0.25,0.2682033828980492
R04_F01,4,1,10,Si,0,False,0,,0.0,
R04_F01,4,1,10,Fe,1,False,8,8.0,0.0,0.217481930527417
R04_F01,4,1,10,Cu,1,False,6,6.0,0.0,0.3524092841714984
R04_F01,4,1,10,Mn,1,False,10,10.0,0.0,0.1462878284702105
R04_F01,4,1,10,Mg,1,False,5,5.0,0.0,0.4516219718329783
R04_F01,4,1,10,Cr,0,False,0,,0.0,
R04_F01,4,1,10,Zn,1,False,4,4.0,0.0,1.0
R04_F01,4,1,10,V,0,False,0,,0.0,
R04_F01,4,1,10,Ti,1,False,7,7.0,0.0,0.2442649368827135
R04_F01,4,1,10,Zr,1,False,9,9.0,0.0,0.1552621735562016
R04_F01,4,1,10,Li,0,False,0,,0.0,
R04_F01,4,1,10,Ni,0,False,0,,0.0,
R04_F01,4,1,10,Be,0,False,0,,0.0,
R04_F01,4,1,10,Sc,0,False,0,,0.0,
R04_F01,4,1,10,Tsol,1,True,1,1.0,0.0,0.5022591901715263
R04_F01,4,1,10,Tage,1,True,2,2.0,0.0,0.5389150466383356
R04_F01,4,1,10,tage,1,True,3,3.0,0.0,0.3576045105307323
R04_F01,4,1,11,Si,1,False,8,8.0,0.75,0.3738280794880472
R04_F01,4,1,11,Fe,1,False,7,7.0,0.75,0.4034720955291569
R04_F01,4,1,11,Cu,1,False,9,9.0,0.75,0.3361127928502828
R04_F01,4,1,11,Mn,0,False,0,,0.75,
R04_F01,4,1,11,Mg,1,False,5,5.0,0.75,0.7343744864513632
R04_F01,4,1,11,Cr,0,False,0,,0.75,
R04_F01,4,1,11,Zn,1,False,4,4.0,0.75,1.0
R04_F01,4,1,11,V,0,False,0,,0.75,
R04_F01,4,1,11,Ti,1,False,6,6.0,0.75,0.4293533288219451
R04_F01,4,1,11,Zr,1,False,11,11.0,0.75,0.2510034537512839
R04_F01,4,1,11,Li,0,False,0,,0.75,
R04_F01,4,1,11,Ni,0,False,0,,0.75,
R04_F01,4,1,11,Be,0,False,0,,0.75,
R04_F01,4,1,11,Sc,1,False,10,10.0,0.75,0.3284920331013633
R04_F01,4,1,11,Tsol,1,True,1,1.0,0.75,0.6853882506301614
R04_F01,4,1,11,Tage,1,True,2,2.0,0.75,0.4337553294389772
R04_F01,4,1,11,tage,1,True,3,3.0,0.75,0.089401127632683
R04_F01,4,1,12,Si,1,False,9,9.0,0.25,0.2206601834803052
R04_F01,4,1,12,Fe,1,False,8,8.0,0.25,0.2794786521946637
R04_F01,4,1,12,Cu,1,False,6,6.0,0.25,0.3469771203977599
R04_F01,4,1,12,Mn,0,False,0,,0.25,
R04_F01,4,1,12,Mg,1,False,5,5.0,0.25,0.5458728100391066
R04_F01,4,1,12,Cr,1,False,12,12.0,0.25,0.159689041941405
R04_F01,4,1,12,Zn,1,False,4,4.0,0.25,1.0
R04_F01,4,1,12,V,0,False,0,,0.25,
R04_F01,4,1,12,Ti,1,False,7,7.0,0.25,0.305961067529124
R04_F01,4,1,12,Zr,1,False,10,10.0,0.25,0.187175933621229
R04_F01,4,1,12,Li,0,False,0,,0.25,
R04_F01,4,1,12,Ni,0,False,0,,0.25,
R04_F01,4,1,12,Be,0,False,0,,0.25,
R04_F01,4,1,12,Sc,1,False,11,11.0,0.25,0.1736017766066618
R04_F01,4,1,12,Tsol,1,True,1,1.0,0.25,0.5633022103244046
R04_F01,4,1,12,Tage,1,True,2,2.0,0.25,0.5038618075718828
R04_F01,4,1,12,tage,1,True,3,3.0,0.25,0.2682033828980492
R04_F01,4,1,13,Si,1,False,9,9.0,0.5,0.2972441314841763
R04_F01,4,1,13,Fe,1,False,8,8.0,0.5,0.3414753738619103
R04_F01,4,1,13,Cu,1,False,7,7.0,0.5,0.3415449566240213
R04_F01,4,1,13,Mn,0,False,0,,0.5,
R04_F01,4,1,13,Mg,1,False,5,5.0,0.5,0.6401236482452348
R04_F01,4,1,13,Cr,1,False,12,12.0,0.5,0.1999099796451574
R04_F01,4,1,13,Zn,1,False,4,4.0,0.5,1.0
R04_F01,4,1,13,V,0,False,0,,0.5,
R04_F01,4,1,13,Ti,1,False,6,6.0,0.5,0.3676571981755345
R04_F01,4,1,13,Zr,1,False,11,11.0,0.5,0.2190896936862565
R04_F01,4,1,13,Li,1,False,13,13.0,0.5,0.172515035926045
R04_F01,4,1,13,Ni,0,False,0,,0.5,
R04_F01,4,1,13,Be,0,False,0,,0.5,
R04_F01,4,1,13,Sc,1,False,10,10.0,0.5,0.2510469048540125
R04_F01,4,1,13,Tsol,1,True,1,1.0,0.5,0.624345230477283
R04_F01,4,1,13,Tage,1,True,2,2.0,0.5,0.46880856850543
R04_F01,4,1,13,tage,1,True,3,3.0,0.5,0.1788022552653661
R04_F01,4,1,14,Si,1,False,8,8.0,1.0,0.4504120274919182
R04_F01,4,1,14,Fe,1,False,7,7.0,1.0,0.4654688171964035
R04_F01,4,1,14,Cu,1,False,10,10.0,1.0,0.3306806290765442
R04_F01,4,1,14,Mn,0,False,0,,1.0,
R04_F01,4,1,14,Mg,1,False,5,5.0,1.0,0.8286253246574914
R04_F01,4,1,14,Cr,1,False,12,12.0,1.0,0.2803518550526621
R04_F01,4,1,14,Zn,1,False,4,4.0,1.0,1.0
R04_F01,4,1,14,V,0,False,0,,1.0,
R04_F01,4,1,14,Ti,1,False,6,6.0,1.0,0.4910494594683556
R04_F01,4,1,14,Zr,1,False,11,11.0,1.0,0.2829172138163114
R04_F01,4,1,14,Li,1,False,13,13.0,1.0,0.2275773777360288
R04_F01,4,1,14,Ni,0,False,0,,1.0,
R04_F01,4,1,14,Be,1,False,14,14.0,1.0,0.2078030912901428
R04_F01,4,1,14,Sc,1,False,9,9.0,1.0,0.4059371613487141
R04_F01,4,1,14,Tsol,1,True,1,1.0,1.0,0.7464312707830397
R04_F01,4,1,14,Tage,1,True,2,2.0,1.0,0.3987020903725244
R04_F01,4,1,14,tage,1,True,3,3.0,1.0,0.0
R04_F01,4,1,15,Si,1,False,11,11.0,0.0,0.1440762354764343
R04_F01,4,1,15,Fe,1,False,8,8.0,0.0,0.217481930527417
R04_F01,4,1,15,Cu,1,False,6,6.0,0.0,0.3524092841714984
R04_F01,4,1,15,Mn,1,False,10,10.0,0.0,0.1462878284702105
R04_F01,4,1,15,Mg,1,False,5,5.0,0.0,0.4516219718329783
R04_F01,4,1,15,Cr,1,False,12,12.0,0.0,0.1194681042376527
R04_F01,4,1,15,Zn,1,False,4,4.0,0.0,1.0
R04_F01,4,1,15,V,0,False,0,,0.0,
R04_F01,4,1,15,Ti,1,False,7,7.0,0.0,0.2442649368827135
R04_F01,4,1,15,Zr,1,False,9,9.0,0.0,0.1552621735562016
R04_F01,4,1,15,Li,1,False,13,13.0,0.0,0.1174526941160613
R04_F01,4,1,15,Ni,1,False,15,15.0,0.0,0.0246152306319937
R04_F01,4,1,15,Be,0,False,0,,0.0,
R04_F01,4,1,15,Sc,1,False,14,14.0,0.0,0.096156648359311
R04_F01,4,1,15,Tsol,1,True,1,1.0,0.0,0.5022591901715263
R04_F01,4,1,15,Tage,1,True,2,2.0,0.0,0.5389150466383356
R04_F01,4,1,15,tage,1,True,3,3.0,0.0,0.3576045105307323
R04_F01,4,1,16,Si,1,False,9,9.0,0.5,0.2972441314841763
R04_F01,4,1,16,Fe,1,False,8,8.0,0.5,0.3414753738619103
R04_F01,4,1,16,Cu,1,False,7,7.0,0.5,0.3415449566240213
R04_F01,4,1,16,Mn,1,False,14,14.0,0.5,0.1316781808827574
R04_F01,4,1,16,Mg,1,False,5,5.0,0.5,0.6401236482452348
R04_F01,4,1,16,Cr,1,False,12,12.0,0.5,0.1999099796451574
R04_F01,4,1,16,Zn,1,False,4,4.0,0.5,1.0
R04_F01,4,1,16,V,0,False,0,,0.5,
R04_F01,4,1,16,Ti,1,False,6,6.0,0.5,0.3676571981755345
R04_F01,4,1,16,Zr,1,False,11,11.0,0.5,0.2190896936862565
R04_F01,4,1,16,Li,1,False,13,13.0,0.5,0.172515035926045
R04_F01,4,1,16,Ni,1,False,16,16.0,0.5,0.1000885626720038
R04_F01,4,1,16,Be,1,False,15,15.0,0.5,0.1141929957688491
R04_F01,4,1,16,Sc,1,False,10,10.0,0.5,0.2510469048540125
R04_F01,4,1,16,Tsol,1,True,1,1.0,0.5,0.624345230477283
R04_F01,4,1,16,Tage,1,True,2,2.0,0.5,0.46880856850543
R04_F01,4,1,16,tage,1,True,3,3.0,0.5,0.1788022552653661
R04_F01,4,1,17,Si,1,False,9,9.0,0.25,0.2206601834803052
R04_F01,4,1,17,Fe,1,False,8,8.0,0.25,0.2794786521946637
R04_F01,4,1,17,Cu,1,False,6,6.0,0.25,0.3469771203977599
R04_F01,4,1,17,Mn,1,False,14,14.0,0.25,0.138983004676484
R04_F01,4,1,17,Mg,1,False,5,5.0,0.25,0.5458728100391066
R04_F01,4,1,17,Cr,1,False,12,12.0,0.25,0.159689041941405
R04_F01,4,1,17,Zn,1,False,4,4.0,0.25,1.0
R04_F01,4,1,17,V,1,False,17,17.0,0.25,0.0368532419443398
R04_F01,4,1,17,Ti,1,False,7,7.0,0.25,0.305961067529124
R04_F01,4,1,17,Zr,1,False,10,10.0,0.25,0.187175933621229
R04_F01,4,1,17,Li,1,False,13,13.0,0.25,0.1449838650210532
R04_F01,4,1,17,Ni,1,False,16,16.0,0.25,0.0623518966519988
R04_F01,4,1,17,Be,1,False,15,15.0,0.25,0.0673879480082023
R04_F01,4,1,17,Sc,1,False,11,11.0,0.25,0.1736017766066618
R04_F01,4,1,17,Tsol,1,True,1,1.0,0.25,0.5633022103244046
R04_F01,4,1,17,Tage,1,True,2,2.0,0.25,0.5038618075718828
R04_F01,4,1,17,tage,1,True,3,3.0,0.25,0.2682033828980492
R04_F02,4,2,3,Si,0,False,0,,0.75,
R04_F02,4,2,3,Fe,0,False,0,,0.75,
R04_F02,4,2,3,Cu,0,False,0,,0.75,
R04_F02,4,2,3,Mn,0,False,0,,0.75,
R04_F02,4,2,3,Mg,0,False,0,,0.75,
R04_F02,4,2,3,Cr,0,False,0,,0.75,
R04_F02,4,2,3,Zn,0,False,0,,0.75,
R04_F02,4,2,3,V,0,False,0,,0.75,
R04_F02,4,2,3,Ti,0,False,0,,0.75,
R04_F02,4,2,3,Zr,0,False,0,,0.75,
R04_F02,4,2,3,Li,0,False,0,,0.75,
R04_F02,4,2,3,Ni,0,False,0,,0.75,
R04_F02,4,2,3,Be,0,False,0,,0.75,
R04_F02,4,2,3,Sc,0,False,0,,0.75,
R04_F02,4,2,3,Tsol,1,True,1,1.0,0.75,0.6659689477848211
R04_F02,4,2,3,Tage,1,True,2,2.0,0.75,0.4717175555237832
R04_F02,4,2,3,tage,1,True,3,3.0,0.75,0.0652748479053132
R04_F02,4,2,4,Si,0,False,0,,0.5,
R04_F02,4,2,4,Fe,0,False,0,,0.5,
R04_F02,4,2,4,Cu,0,False,0,,0.5,
R04_F02,4,2,4,Mn,0,False,0,,0.5,
R04_F02,4,2,4,Mg,0,False,0,,0.5,
R04_F02,4,2,4,Cr,0,False,0,,0.5,
R04_F02,4,2,4,Zn,1,False,4,4.0,0.5,1.0
R04_F02,4,2,4,V,0,False,0,,0.5,
R04_F02,4,2,4,Ti,0,False,0,,0.5,
R04_F02,4,2,4,Zr,0,False,0,,0.5,
R04_F02,4,2,4,Li,0,False,0,,0.5,
R04_F02,4,2,4,Ni,0,False,0,,0.5,
R04_F02,4,2,4,Be,0,False,0,,0.5,
R04_F02,4,2,4,Sc,0,False,0,,0.5,
R04_F02,4,2,4,Tsol,1,True,1,1.0,0.5,0.6012809304498736
R04_F02,4,2,4,Tage,1,True,2,2.0,0.5,0.4447216874312106
R04_F02,4,2,4,tage,1,True,3,3.0,0.5,0.1305496958106264
R04_F02,4,2,5,Si,0,False,0,,0.75,
R04_F02,4,2,5,Fe,0,False,0,,0.75,
R04_F02,4,2,5,Cu,0,False,0,,0.75,
R04_F02,4,2,5,Mn,0,False,0,,0.75,
R04_F02,4,2,5,Mg,1,False,5,5.0,0.75,0.7541995081729873
R04_F02,4,2,5,Cr,0,False,0,,0.75,
R04_F02,4,2,5,Zn,1,False,4,4.0,0.75,1.0
R04_F02,4,2,5,V,0,False,0,,0.75,
R04_F02,4,2,5,Ti,0,False,0,,0.75,
R04_F02,4,2,5,Zr,0,False,0,,0.75,
R04_F02,4,2,5,Li,0,False,0,,0.75,
R04_F02,4,2,5,Ni,0,False,0,,0.75,
R04_F02,4,2,5,Be,0,False,0,,0.75,
R04_F02,4,2,5,Sc,0,False,0,,0.75,
R04_F02,4,2,5,Tsol,1,True,1,1.0,0.75,0.6659689477848211
R04_F02,4,2,5,Tage,1,True,2,2.0,0.75,0.4717175555237832
R04_F02,4,2,5,tage,1,True,3,3.0,0.75,0.0652748479053132
R04_F02,4,2,6,Si,0,False,0,,0.0,
R04_F02,4,2,6,Fe,0,False,0,,0.0,
R04_F02,4,2,6,Cu,1,False,6,6.0,0.0,0.3073655148872128
R04_F02,4,2,6,Mn,0,False,0,,0.0,
R04_F02,4,2,6,Mg,1,False,5,5.0,0.0,0.4724150138234395
R04_F02,4,2,6,Cr,0,False,0,,0.0,
R04_F02,4,2,6,Zn,1,False,4,4.0,0.0,1.0
R04_F02,4,2,6,V,0,False,0,,0.0,
R04_F02,4,2,6,Ti,0,False,0,,0.0,
R04_F02,4,2,6,Zr,0,False,0,,0.0,
R04_F02,4,2,6,Li,0,False,0,,0.0,
R04_F02,4,2,6,Ni,0,False,0,,0.0,
R04_F02,4,2,6,Be,0,False,0,,0.0,
R04_F02,4,2,6,Sc,0,False,0,,0.0,
R04_F02,4,2,6,Tsol,1,True,1,1.0,0.0,0.4719048957799788
R04_F02,4,2,6,Tage,1,True,2,2.0,0.0,0.3907299512460655
R04_F02,4,2,6,tage,1,True,3,3.0,0.0,0.2610993916212529
R04_F02,4,2,7,Si,0,False,0,,0.25,
R04_F02,4,2,7,Fe,0,False,0,,0.25,
R04_F02,4,2,7,Cu,1,False,6,6.0,0.25,0.31293147649913
R04_F02,4,2,7,Mn,0,False,0,,0.25,
R04_F02,4,2,7,Mg,1,False,5,5.0,0.25,0.5663431786066221
R04_F02,4,2,7,Cr,0,False,0,,0.25,
R04_F02,4,2,7,Zn,1,False,4,4.0,0.25,1.0
R04_F02,4,2,7,V,0,False,0,,0.25,
R04_F02,4,2,7,Ti,1,False,7,7.0,0.25,0.2548802591967017
R04_F02,4,2,7,Zr,0,False,0,,0.25,
R04_F02,4,2,7,Li,0,False,0,,0.25,
R04_F02,4,2,7,Ni,0,False,0,,0.25,
R04_F02,4,2,7,Be,0,False,0,,0.25,
R04_F02,4,2,7,Sc,0,False,0,,0.25,
R04_F02,4,2,7,Tsol,1,True,1,1.0,0.25,0.5365929131149263
R04_F02,4,2,7,Tage,1,True,2,2.0,0.25,0.417725819338638
R04_F02,4,2,7,tage,1,True,3,3.0,0.25,0.1958245437159396
R04_F02,4,2,8,Si,1,False,8,8.0,0.5,0.2894627852401635
R04_F02,4,2,8,Fe,0,False,0,,0.5,
R04_F02,4,2,8,Cu,1,False,6,6.0,0.5,0.3184974381110471
R04_F02,4,2,8,Mn,0,False,0,,0.5,
R04_F02,4,2,8,Mg,1,False,5,5.0,0.5,0.6602713433898046
R04_F02,4,2,8,Cr,0,False,0,,0.5,
R04_F02,4,2,8,Zn,1,False,4,4.0,0.5,1.0
R04_F02,4,2,8,V,0,False,0,,0.5,
R04_F02,4,2,8,Ti,1,False,7,7.0,0.5,0.3006780991157764
R04_F02,4,2,8,Zr,0,False,0,,0.5,
R04_F02,4,2,8,Li,0,False,0,,0.5,
R04_F02,4,2,8,Ni,0,False,0,,0.5,
R04_F02,4,2,8,Be,0,False,0,,0.5,
R04_F02,4,2,8,Sc,0,False,0,,0.5,
R04_F02,4,2,8,Tsol,1,True,1,1.0,0.5,0.6012809304498736
R04_F02,4,2,8,Tage,1,True,2,2.0,0.5,0.4447216874312106
R04_F02,4,2,8,tage,1,True,3,3.0,0.5,0.1305496958106264
R04_F02,4,2,9,Si,1,False,8,8.0,0.5,0.2894627852401635
R04_F02,4,2,9,Fe,1,False,9,9.0,0.5,0.2709725805576747
R04_F02,4,2,9,Cu,1,False,6,6.0,0.5,0.3184974381110471
R04_F02,4,2,9,Mn,0,False,0,,0.5,
R04_F02,4,2,9,Mg,1,False,5,5.0,0.5,0.6602713433898046
R04_F02,4,2,9,Cr,0,False,0,,0.5,
R04_F02,4,2,9,Zn,1,False,4,4.0,0.5,1.0
R04_F02,4,2,9,V,0,False,0,,0.5,
R04_F02,4,2,9,Ti,1,False,7,7.0,0.5,0.3006780991157764
R04_F02,4,2,9,Zr,0,False,0,,0.5,
R04_F02,4,2,9,Li,0,False,0,,0.5,
R04_F02,4,2,9,Ni,0,False,0,,0.5,
R04_F02,4,2,9,Be,0,False,0,,0.5,
R04_F02,4,2,9,Sc,0,False,0,,0.5,
R04_F02,4,2,9,Tsol,1,True,1,1.0,0.5,0.6012809304498736
R04_F02,4,2,9,Tage,1,True,2,2.0,0.5,0.4447216874312106
R04_F02,4,2,9,tage,1,True,3,3.0,0.5,0.1305496958106264
R04_F02,4,2,10,Si,1,False,6,6.0,0.75,0.3617289749997997
R04_F02,4,2,10,Fe,1,False,9,9.0,0.75,0.3080682919488657
R04_F02,4,2,10,Cu,1,False,8,8.0,0.75,0.3240633997229641
R04_F02,4,2,10,Mn,0,False,0,,0.75,
R04_F02,4,2,10,Mg,1,False,5,5.0,0.75,0.7541995081729873
R04_F02,4,2,10,Cr,0,False,0,,0.75,
R04_F02,4,2,10,Zn,1,False,4,4.0,0.75,1.0
R04_F02,4,2,10,V,0,False,0,,0.75,
R04_F02,4,2,10,Ti,1,False,7,7.0,0.75,0.3464759390348511
R04_F02,4,2,10,Zr,0,False,0,,0.75,
R04_F02,4,2,10,Li,0,False,0,,0.75,
R04_F02,4,2,10,Ni,0,False,0,,0.75,
R04_F02,4,2,10,Be,0,False,0,,0.75,
R04_F02,4,2,10,Sc,1,False,10,10.0,0.75,0.2940599558916976
R04_F02,4,2,10,Tsol,1,True,1,1.0,0.75,0.6659689477848211
R04_F02,4,2,10,Tage,1,True,2,2.0,0.75,0.4717175555237832
R04_F02,4,2,10,tage,1,True,3,3.0,0.75,0.0652748479053132
R04_F02,4,2,11,Si,1,False,6,6.0,1.0,0.4339951647594359
R04_F02,4,2,11,Fe,1,False,9,9.0,1.0,0.3451640033400567
R04_F02,4,2,11,Cu,1,False,10,10.0,1.0,0.3296293613348813
R04_F02,4,2,11,Mn,0,False,0,,1.0,
R04_F02,4,2,11,Mg,1,False,5,5.0,1.0,0.8481276729561699
R04_F02,4,2,11,Cr,0,False,0,,1.0,
R04_F02,4,2,11,Zn,1,False,4,4.0,1.0,1.0
R04_F02,4,2,11,V,0,False,0,,1.0,
R04_F02,4,2,11,Ti,1,False,7,7.0,1.0,0.3922737789539257
R04_F02,4,2,11,Zr,0,False,0,,1.0,
R04_F02,4,2,11,Li,1,False,11,11.0,1.0,0.262150805822981
R04_F02,4,2,11,Ni,0,False,0,,1.0,
R04_F02,4,2,11,Be,0,False,0,,1.0,
R04_F02,4,2,11,Sc,1,False,8,8.0,1.0,0.3540210176665266
R04_F02,4,2,11,Tsol,1,True,1,1.0,1.0,0.7306569651197685
R04_F02,4,2,11,Tage,1,True,2,2.0,1.0,0.4987134236163557
R04_F02,4,2,11,tage,1,True,3,3.0,1.0,0.0
R04_F02,4,2,12,Si,1,False,8,8.0,0.5,0.2894627852401635
R04_F02,4,2,12,Fe,1,False,9,9.0,0.5,0.2709725805576747
R04_F02,4,2,12,Cu,1,False,6,6.0,0.5,0.3184974381110471
R04_F02,4,2,12,Mn,0,False,0,,0.5,
R04_F02,4,2,12,Mg,1,False,5,5.0,0.5,0.6602713433898046
R04_F02,4,2,12,Cr,0,False,0,,0.5,
R04_F02,4,2,12,Zn,1,False,4,4.0,0.5,1.0
R04_F02,4,2,12,V,0,False,0,,0.5,
R04_F02,4,2,12,Ti,1,False,7,7.0,0.5,0.3006780991157764
R04_F02,4,2,12,Zr,1,False,11,11.0,0.5,0.2092631819493848
R04_F02,4,2,12,Li,1,False,12,12.0,0.5,0.2033213981045683
R04_F02,4,2,12,Ni,0,False,0,,0.5,
R04_F02,4,2,12,Be,0,False,0,,0.5,
R04_F02,4,2,12,Sc,1,False,10,10.0,0.5,0.2340988941168684
R04_F02,4,2,12,Tsol,1,True,1,1.0,0.5,0.6012809304498736
R04_F02,4,2,12,Tage,1,True,2,2.0,0.5,0.4447216874312106
R04_F02,4,2,12,tage,1,True,3,3.0,0.5,0.1305496958106264
R04_F02,4,2,13,Si,1,False,6,6.0,0.75,0.3617289749997997
R04_F02,4,2,13,Fe,1,False,9,9.0,0.75,0.3080682919488657
R04_F02,4,2,13,Cu,1,False,8,8.0,0.75,0.3240633997229641
R04_F02,4,2,13,Mn,0,False,0,,0.75,
R04_F02,4,2,13,Mg,1,False,5,5.0,0.75,0.7541995081729873
R04_F02,4,2,13,Cr,1,False,13,13.0,0.75,0.1737077947392664
R04_F02,4,2,13,Zn,1,False,4,4.0,0.75,1.0
R04_F02,4,2,13,V,0,False,0,,0.75,
R04_F02,4,2,13,Ti,1,False,7,7.0,0.75,0.3464759390348511
R04_F02,4,2,13,Zr,1,False,12,12.0,0.75,0.2129403557667974
R04_F02,4,2,13,Li,1,False,11,11.0,0.75,0.2327361019637746
R04_F02,4,2,13,Ni,0,False,0,,0.75,
R04_F02,4,2,13,Be,0,False,0,,0.75,
R04_F02,4,2,13,Sc,1,False,10,10.0,0.75,0.2940599558916976
R04_F02,4,2,13,Tsol,1,True,1,1.0,0.75,0.6659689477848211
R04_F02,4,2,13,Tage,1,True,2,2.0,0.75,0.4717175555237832
R04_F02,4,2,13,tage,1,True,3,3.0,0.75,0.0652748479053132
R04_F02,4,2,14,Si,1,False,10,10.0,0.0,0.1449304057208911
R04_F02,4,2,14,Fe,1,False,9,9.0,0.0,0.1967811577752928
R04_F02,4,2,14,Cu,1,False,6,6.0,0.0,0.3073655148872128
R04_F02,4,2,14,Mn,1,False,12,12.0,0.0,0.1396035171712693
R04_F02,4,2,14,Mg,1,False,5,5.0,0.0,0.4724150138234395
R04_F02,4,2,14,Cr,1,False,14,14.0,0.0,0.1050400489479337
R04_F02,4,2,14,Zn,1,False,4,4.0,0.0,1.0
R04_F02,4,2,14,V,0,False,0,,0.0,
R04_F02,4,2,14,Ti,1,False,7,7.0,0.0,0.209082419277627
R04_F02,4,2,14,Zr,1,False,8,8.0,0.0,0.2019088343145597
R04_F02,4,2,14,Li,1,False,11,11.0,0.0,0.1444919903861556
R04_F02,4,2,14,Ni,0,False,0,,0.0,
R04_F02,4,2,14,Be,0,False,0,,0.0,
R04_F02,4,2,14,Sc,1,False,13,13.0,0.0,0.1141767705672102
R04_F02,4,2,14,Tsol,1,True,1,1.0,0.0,0.4719048957799788
R04_F02,4,2,14,Tage,1,True,2,2.0,0.0,0.3907299512460655
R04_F02,4,2,14,tage,1,True,3,3.0,0.0,0.2610993916212529
R04_F02,4,2,15,Si,1,False,9,9.0,0.25,0.2171965954805273
R04_F02,4,2,15,Fe,1,False,8,8.0,0.25,0.2338768691664837
R04_F02,4,2,15,Cu,1,False,6,6.0,0.25,0.31293147649913
R04_F02,4,2,15,Mn,1,False,14,14.0,0.25,0.1108022417122353
R04_F02,4,2,15,Mg,1,False,5,5.0,0.25,0.5663431786066221
R04_F02,4,2,15,Cr,1,False,13,13.0,0.25,0.1279292975450446
R04_F02,4,2,15,Zn,1,False,4,4.0,0.25,1.0
R04_F02,4,2,15,V,0,False,0,,0.25,
R04_F02,4,2,15,Ti,1,False,7,7.0,0.25,0.2548802591967017
R04_F02,4,2,15,Zr,1,False,10,10.0,0.25,0.2055860081319723
R04_F02,4,2,15,Li,1,False,12,12.0,0.25,0.1739066942453619
R04_F02,4,2,15,Ni,0,False,0,,0.25,
R04_F02,4,2,15,Be,1,False,15,15.0,0.25,0.0654303489750567
R04_F02,4,2,15,Sc,1,False,11,11.0,0.25,0.1741378323420393
R04_F02,4,2,15,Tsol,1,True,1,1.0,0.25,0.5365929131149263
R04_F02,4,2,15,Tage,1,True,2,2.0,0.25,0.417725819338638
R04_F02,4,2,15,tage,1,True,3,3.0,0.25,0.1958245437159396
R04_F02,4,2,16,Si,1,False,8,8.0,0.5,0.2894627852401635
R04_F02,4,2,16,Fe,1,False,9,9.0,0.5,0.2709725805576747
R04_F02,4,2,16,Cu,1,False,6,6.0,0.5,0.3184974381110471
R04_F02,4,2,16,Mn,1,False,16,16.0,0.5,0.0820009662532013
R04_F02,4,2,16,Mg,1,False,5,5.0,0.5,0.6602713433898046
R04_F02,4,2,16,Cr,1,False,13,13.0,0.5,0.1508185461421555
R04_F02,4,2,16,Zn,1,False,4,4.0,0.5,1.0
R04_F02,4,2,16,V,0,False,0,,0.5,
R04_F02,4,2,16,Ti,1,False,7,7.0,0.5,0.3006780991157764
R04_F02,4,2,16,Zr,1,False,11,11.0,0.5,0.2092631819493848
R04_F02,4,2,16,Li,1,False,12,12.0,0.5,0.2033213981045683
R04_F02,4,2,16,Ni,1,False,15,15.0,0.5,0.0827217959974028
R04_F02,4,2,16,Be,1,False,14,14.0,0.5,0.0940278830329592
R04_F02,4,2,16,Sc,1,False,10,10.0,0.5,0.2340988941168684
R04_F02,4,2,16,Tsol,1,True,1,1.0,0.5,0.6012809304498736
R04_F02,4,2,16,Tage,1,True,2,2.0,0.5,0.4447216874312106
R04_F02,4,2,16,tage,1,True,3,3.0,0.5,0.1305496958106264
R04_F02,4,2,17,Si,1,False,8,8.0,0.5,0.2894627852401635
R04_F02,4,2,17,Fe,1,False,9,9.0,0.5,0.2709725805576747
R04_F02,4,2,17,Cu,1,False,6,6.0,0.5,0.3184974381110471
R04_F02,4,2,17,Mn,1,False,16,16.0,0.5,0.0820009662532013
R04_F02,4,2,17,Mg,1,False,5,5.0,0.5,0.6602713433898046
R04_F02,4,2,17,Cr,1,False,13,13.0,0.5,0.1508185461421555
R04_F02,4,2,17,Zn,1,False,4,4.0,0.5,1.0
R04_F02,4,2,17,V,1,False,17,17.0,0.5,0.0217086348561669
R04_F02,4,2,17,Ti,1,False,7,7.0,0.5,0.3006780991157764
R04_F02,4,2,17,Zr,1,False,11,11.0,0.5,0.2092631819493848
R04_F02,4,2,17,Li,1,False,12,12.0,0.5,0.2033213981045683
R04_F02,4,2,17,Ni,1,False,15,15.0,0.5,0.0827217959974028
R04_F02,4,2,17,Be,1,False,14,14.0,0.5,0.0940278830329592
R04_F02,4,2,17,Sc,1,False,10,10.0,0.5,0.2340988941168684
R04_F02,4,2,17,Tsol,1,True,1,1.0,0.5,0.6012809304498736
R04_F02,4,2,17,Tage,1,True,2,2.0,0.5,0.4447216874312106
R04_F02,4,2,17,tage,1,True,3,3.0,0.5,0.1305496958106264
R04_F03,4,3,3,Si,0,False,0,,0.0,
R04_F03,4,3,3,Fe,0,False,0,,0.0,
R04_F03,4,3,3,Cu,0,False,0,,0.0,
R04_F03,4,3,3,Mn,0,False,0,,0.0,
R04_F03,4,3,3,Mg,0,False,0,,0.0,
R04_F03,4,3,3,Cr,0,False,0,,0.0,
R04_F03,4,3,3,Zn,0,False,0,,0.0,
R04_F03,4,3,3,V,0,False,0,,0.0,
R04_F03,4,3,3,Ti,0,False,0,,0.0,
R04_F03,4,3,3,Zr,0,False,0,,0.0,
R04_F03,4,3,3,Li,0,False,0,,0.0,
R04_F03,4,3,3,Ni,0,False,0,,0.0,
R04_F03,4,3,3,Be,0,False,0,,0.0,
R04_F03,4,3,3,Sc,0,False,0,,0.0,
R04_F03,4,3,3,Tsol,1,True,1,1.0,0.0,0.6141101999803606
R04_F03,4,3,3,Tage,1,True,2,2.0,0.0,0.5635795081570761
R04_F03,4,3,3,tage,1,True,3,3.0,0.0,0.3959071950938742
R04_F03,4,3,4,Si,0,False,0,,0.0,
R04_F03,4,3,4,Fe,0,False,0,,0.0,
R04_F03,4,3,4,Cu,0,False,0,,0.0,
R04_F03,4,3,4,Mn,0,False,0,,0.0,
R04_F03,4,3,4,Mg,0,False,0,,0.0,
R04_F03,4,3,4,Cr,0,False,0,,0.0,
R04_F03,4,3,4,Zn,1,False,4,4.0,0.0,1.0
R04_F03,4,3,4,V,0,False,0,,0.0,
R04_F03,4,3,4,Ti,0,False,0,,0.0,
R04_F03,4,3,4,Zr,0,False,0,,0.0,
R04_F03,4,3,4,Li,0,False,0,,0.0,
R04_F03,4,3,4,Ni,0,False,0,,0.0,
R04_F03,4,3,4,Be,0,False,0,,0.0,
R04_F03,4,3,4,Sc,0,False,0,,0.0,
R04_F03,4,3,4,Tsol,1,True,1,1.0,0.0,0.6141101999803606
R04_F03,4,3,4,Tage,1,True,2,2.0,0.0,0.5635795081570761
R04_F03,4,3,4,tage,1,True,3,3.0,0.0,0.3959071950938742
R04_F03,4,3,5,Si,0,False,0,,0.25,
R04_F03,4,3,5,Fe,0,False,0,,0.25,
R04_F03,4,3,5,Cu,0,False,0,,0.25,
R04_F03,4,3,5,Mn,0,False,0,,0.25,
R04_F03,4,3,5,Mg,1,False,5,5.0,0.25,0.6104250045666156
R04_F03,4,3,5,Cr,0,False,0,,0.25,
R04_F03,4,3,5,Zn,1,False,4,4.0,0.25,1.0
R04_F03,4,3,5,V,0,False,0,,0.25,
R04_F03,4,3,5,Ti,0,False,0,,0.25,
R04_F03,4,3,5,Zr,0,False,0,,0.25,
R04_F03,4,3,5,Li,0,False,0,,0.25,
R04_F03,4,3,5,Ni,0,False,0,,0.25,
R04_F03,4,3,5,Be,0,False,0,,0.25,
R04_F03,4,3,5,Sc,0,False,0,,0.25,
R04_F03,4,3,5,Tsol,1,True,1,1.0,0.25,0.6707521736477061
R04_F03,4,3,5,Tage,1,True,2,2.0,0.25,0.5214818552277922
R04_F03,4,3,5,tage,1,True,3,3.0,0.25,0.2969303963204057
R04_F03,4,3,6,Si,0,False,0,,0.25,
R04_F03,4,3,6,Fe,0,False,0,,0.25,
R04_F03,4,3,6,Cu,1,False,6,6.0,0.25,0.3693901858597532
R04_F03,4,3,6,Mn,0,False,0,,0.25,
R04_F03,4,3,6,Mg,1,False,5,5.0,0.25,0.6104250045666156
R04_F03,4,3,6,Cr,0,False,0,,0.25,
R04_F03,4,3,6,Zn,1,False,4,4.0,0.25,1.0
R04_F03,4,3,6,V,0,False,0,,0.25,
R04_F03,4,3,6,Ti,0,False,0,,0.25,
R04_F03,4,3,6,Zr,0,False,0,,0.25,
R04_F03,4,3,6,Li,0,False,0,,0.25,
R04_F03,4,3,6,Ni,0,False,0,,0.25,
R04_F03,4,3,6,Be,0,False,0,,0.25,
R04_F03,4,3,6,Sc,0,False,0,,0.25,
R04_F03,4,3,6,Tsol,1,True,1,1.0,0.25,0.6707521736477061
R04_F03,4,3,6,Tage,1,True,2,2.0,0.25,0.5214818552277922
R04_F03,4,3,6,tage,1,True,3,3.0,0.25,0.2969303963204057
R04_F03,4,3,7,Si,0,False,0,,0.25,
R04_F03,4,3,7,Fe,0,False,0,,0.25,
R04_F03,4,3,7,Cu,1,False,6,6.0,0.25,0.3693901858597532
R04_F03,4,3,7,Mn,0,False,0,,0.25,
R04_F03,4,3,7,Mg,1,False,5,5.0,0.25,0.6104250045666156
R04_F03,4,3,7,Cr,0,False,0,,0.25,
R04_F03,4,3,7,Zn,1,False,4,4.0,0.25,1.0
R04_F03,4,3,7,V,0,False,0,,0.25,
R04_F03,4,3,7,Ti,1,False,7,7.0,0.25,0.3410599296877037
R04_F03,4,3,7,Zr,0,False,0,,0.25,
R04_F03,4,3,7,Li,0,False,0,,0.25,
R04_F03,4,3,7,Ni,0,False,0,,0.25,
R04_F03,4,3,7,Be,0,False,0,,0.25,
R04_F03,4,3,7,Sc,0,False,0,,0.25,
R04_F03,4,3,7,Tsol,1,True,1,1.0,0.25,0.6707521736477061
R04_F03,4,3,7,Tage,1,True,2,2.0,0.25,0.5214818552277922
R04_F03,4,3,7,tage,1,True,3,3.0,0.25,0.2969303963204057
R04_F03,4,3,8,Si,0,False,0,,0.0,
R04_F03,4,3,8,Fe,1,False,8,8.0,0.0,0.2488682515307951
R04_F03,4,3,8,Cu,1,False,6,6.0,0.0,0.391441185260272
R04_F03,4,3,8,Mn,0,False,0,,0.0,
R04_F03,4,3,8,Mg,1,False,5,5.0,0.0,0.5250231433176534
R04_F03,4,3,8,Cr,0,False,0,,0.0,
R04_F03,4,3,8,Zn,1,False,4,4.0,0.0,1.0
R04_F03,4,3,8,V,0,False,0,,0.0,
R04_F03,4,3,8,Ti,1,False,7,7.0,0.0,0.2893293445902875
R04_F03,4,3,8,Zr,0,False,0,,0.0,
R04_F03,4,3,8,Li,0,False,0,,0.0,
R04_F03,4,3,8,Ni,0,False,0,,0.0,
R04_F03,4,3,8,Be,0,False,0,,0.0,
R04_F03,4,3,8,Sc,0,False,0,,0.0,
R04_F03,4,3,8,Tsol,1,True,1,1.0,0.0,0.6141101999803606
R04_F03,4,3,8,Tage,1,True,2,2.0,0.0,0.5635795081570761
R04_F03,4,3,8,tage,1,True,3,3.0,0.0,0.3959071950938742
R04_F03,4,3,9,Si,0,False,0,,0.25,
R04_F03,4,3,9,Fe,1,False,8,8.0,0.25,0.2992383982364291
R04_F03,4,3,9,Cu,1,False,6,6.0,0.25,0.3693901858597532
R04_F03,4,3,9,Mn,0,False,0,,0.25,
R04_F03,4,3,9,Mg,1,False,5,5.0,0.25,0.6104250045666156
R04_F03,4,3,9,Cr,0,False,0,,0.25,
R04_F03,4,3,9,Zn,1,False,4,4.0,0.25,1.0
R04_F03,4,3,9,V,0,False,0,,0.25,
R04_F03,4,3,9,Ti,1,False,7,7.0,0.25,0.3410599296877037
R04_F03,4,3,9,Zr,1,False,9,9.0,0.25,0.2909387435254043
R04_F03,4,3,9,Li,0,False,0,,0.25,
R04_F03,4,3,9,Ni,0,False,0,,0.25,
R04_F03,4,3,9,Be,0,False,0,,0.25,
R04_F03,4,3,9,Sc,0,False,0,,0.25,
R04_F03,4,3,9,Tsol,1,True,1,1.0,0.25,0.6707521736477061
R04_F03,4,3,9,Tage,1,True,2,2.0,0.25,0.5214818552277922
R04_F03,4,3,9,tage,1,True,3,3.0,0.25,0.2969303963204057
R04_F03,4,3,10,Si,1,False,10,10.0,0.25,0.2138785134908635
R04_F03,4,3,10,Fe,1,False,8,8.0,0.25,0.2992383982364291
R04_F03,4,3,10,Cu,1,False,6,6.0,0.25,0.3693901858597532
R04_F03,4,3,10,Mn,0,False,0,,0.25,
R04_F03,4,3,10,Mg,1,False,5,5.0,0.25,0.6104250045666156
R04_F03,4,3,10,Cr,0,False,0,,0.25,
R04_F03,4,3,10,Zn,1,False,4,4.0,0.25,1.0
R04_F03,4,3,10,V,0,False,0,,0.25,
R04_F03,4,3,10,Ti,1,False,7,7.0,0.25,0.3410599296877037
R04_F03,4,3,10,Zr,1,False,9,9.0,0.25,0.2909387435254043
R04_F03,4,3,10,Li,0,False,0,,0.25,
R04_F03,4,3,10,Ni,0,False,0,,0.25,
R04_F03,4,3,10,Be,0,False,0,,0.25,
R04_F03,4,3,10,Sc,0,False,0,,0.25,
R04_F03,4,3,10,Tsol,1,True,1,1.0,0.25,0.6707521736477061
R04_F03,4,3,10,Tage,1,True,2,2.0,0.25,0.5214818552277922
R04_F03,4,3,10,tage,1,True,3,3.0,0.25,0.2969303963204057
R04_F03,4,3,11,Si,0,False,0,,0.0,
R04_F03,4,3,11,Fe,1,False,8,8.0,0.0,0.2488682515307951
R04_F03,4,3,11,Cu,1,False,6,6.0,0.0,0.391441185260272
R04_F03,4,3,11,Mn,1,False,10,10.0,0.0,0.1768848949129
R04_F03,4,3,11,Mg,1,False,5,5.0,0.0,0.5250231433176534
R04_F03,4,3,11,Cr,1,False,11,11.0,0.0,0.1604463198595307
R04_F03,4,3,11,Zn,1,False,4,4.0,0.0,1.0
R04_F03,4,3,11,V,0,False,0,,0.0,
R04_F03,4,3,11,Ti,1,False,7,7.0,0.0,0.2893293445902875
R04_F03,4,3,11,Zr,1,False,9,9.0,0.0,0.2405453587533821
R04_F03,4,3,11,Li,0,False,0,,0.0,
R04_F03,4,3,11,Ni,0,False,0,,0.0,
R04_F03,4,3,11,Be,0,False,0,,0.0,
R04_F03,4,3,11,Sc,0,False,0,,0.0,
R04_F03,4,3,11,Tsol,1,True,1,1.0,0.0,0.6141101999803606
R04_F03,4,3,11,Tage,1,True,2,2.0,0.0,0.5635795081570761
R04_F03,4,3,11,tage,1,True,3,3.0,0.0,0.3959071950938742
R04_F03,4,3,12,Si,1,False,10,10.0,1.0,0.4029676138057531
R04_F03,4,3,12,Fe,1,False,8,8.0,1.0,0.4503488383533312
R04_F03,4,3,12,Cu,1,False,12,12.0,1.0,0.3032371876581967
R04_F03,4,3,12,Mn,0,False,0,,1.0,
R04_F03,4,3,12,Mg,1,False,5,5.0,1.0,0.8666305883135023
R04_F03,4,3,12,Cr,1,False,11,11.0,1.0,0.3217446972237193
R04_F03,4,3,12,Zn,1,False,4,4.0,1.0,1.0
R04_F03,4,3,12,V,0,False,0,,1.0,
R04_F03,4,3,12,Ti,1,False,6,6.0,1.0,0.4962516849799524
R04_F03,4,3,12,Zr,1,False,9,9.0,1.0,0.4421188978414706
R04_F03,4,3,12,Li,0,False,0,,1.0,
R04_F03,4,3,12,Ni,0,False,0,,1.0,
R04_F03,4,3,12,Be,0,False,0,,1.0,
R04_F03,4,3,12,Sc,1,False,7,7.0,1.0,0.4884029047539818
R04_F03,4,3,12,Tsol,1,True,1,1.0,1.0,0.8406780946497425
R04_F03,4,3,12,Tage,1,True,2,2.0,1.0,0.3951888964399408
R04_F03,4,3,12,tage,1,True,3,3.0,1.0,0.0
R04_F03,4,3,13,Si,1,False,12,12.0,0.0,0.1508488133859003
R04_F03,4,3,13,Fe,1,False,8,8.0,0.0,0.2488682515307951
R04_F03,4,3,13,Cu,1,False,6,6.0,0.0,0.391441185260272
R04_F03,4,3,13,Mn,1,False,10,10.0,0.0,0.1768848949129
R04_F03,4,3,13,Mg,1,False,5,5.0,0.0,0.5250231433176534
R04_F03,4,3,13,Cr,1,False,11,11.0,0.0,0.1604463198595307
R04_F03,4,3,13,Zn,1,False,4,4.0,0.0,1.0
R04_F03,4,3,13,V,0,False,0,,0.0,
R04_F03,4,3,13,Ti,1,False,7,7.0,0.0,0.2893293445902875
R04_F03,4,3,13,Zr,1,False,9,9.0,0.0,0.2405453587533821
R04_F03,4,3,13,Li,1,False,13,13.0,0.0,0.1254070070782009
R04_F03,4,3,13,Ni,0,False,0,,0.0,
R04_F03,4,3,13,Be,0,False,0,,0.0,
R04_F03,4,3,13,Sc,0,False,0,,0.0,
R04_F03,4,3,13,Tsol,1,True,1,1.0,0.0,0.6141101999803606
R04_F03,4,3,13,Tage,1,True,2,2.0,0.0,0.5635795081570761
R04_F03,4,3,13,tage,1,True,3,3.0,0.0,0.3959071950938742
R04_F03,4,3,14,Si,1,False,10,10.0,0.25,0.2138785134908635
R04_F03,4,3,14,Fe,1,False,8,8.0,0.25,0.2992383982364291
R04_F03,4,3,14,Cu,1,False,6,6.0,0.25,0.3693901858597532
R04_F03,4,3,14,Mn,1,False,14,14.0,0.25,0.16282655891398
R04_F03,4,3,14,Mg,1,False,5,5.0,0.25,0.6104250045666156
R04_F03,4,3,14,Cr,1,False,11,11.0,0.25,0.2007709142005778
R04_F03,4,3,14,Zn,1,False,4,4.0,0.25,1.0
R04_F03,4,3,14,V,0,False,0,,0.25,
R04_F03,4,3,14,Ti,1,False,7,7.0,0.25,0.3410599296877037
R04_F03,4,3,14,Zr,1,False,9,9.0,0.25,0.2909387435254043
R04_F03,4,3,14,Li,1,False,13,13.0,0.25,0.1640333257742559
R04_F03,4,3,14,Ni,0,False,0,,0.25,
R04_F03,4,3,14,Be,0,False,0,,0.25,
R04_F03,4,3,14,Sc,1,False,12,12.0,0.25,0.190654083451469
R04_F03,4,3,14,Tsol,1,True,1,1.0,0.25,0.6707521736477061
R04_F03,4,3,14,Tage,1,True,2,2.0,0.25,0.5214818552277922
R04_F03,4,3,14,tage,1,True,3,3.0,0.25,0.2969303963204057
R04_F03,4,3,15,Si,1,False,11,11.0,0.5,0.2769082135958267
R04_F03,4,3,15,Fe,1,False,7,7.0,0.5,0.3496085449420631
R04_F03,4,3,15,Cu,1,False,8,8.0,0.5,0.3473391864592343
R04_F03,4,3,15,Mn,1,False,14,14.0,0.5,0.1487682229150601
R04_F03,4,3,15,Mg,1,False,5,5.0,0.5,0.6958268658155778
R04_F03,4,3,15,Cr,1,False,12,12.0,0.5,0.2410955085416249
R04_F03,4,3,15,Zn,1,False,4,4.0,0.5,1.0
R04_F03,4,3,15,V,0,False,0,,0.5,
R04_F03,4,3,15,Ti,1,False,6,6.0,0.5,0.3927905147851199
R04_F03,4,3,15,Zr,1,False,9,9.0,0.5,0.3413321282974264
R04_F03,4,3,15,Li,1,False,13,13.0,0.5,0.2026596444703108
R04_F03,4,3,15,Ni,0,False,0,,0.5,
R04_F03,4,3,15,Be,1,False,15,15.0,0.5,0.1318013672284347
R04_F03,4,3,15,Sc,1,False,10,10.0,0.5,0.2899036905523066
R04_F03,4,3,15,Tsol,1,True,1,1.0,0.5,0.7273941473150516
R04_F03,4,3,15,Tage,1,True,2,2.0,0.5,0.4793842022985085
R04_F03,4,3,15,tage,1,True,3,3.0,0.5,0.1979535975469371
R04_F03,4,3,16,Si,1,False,10,10.0,0.25,0.2138785134908635
R04_F03,4,3,16,Fe,1,False,8,8.0,0.25,0.2992383982364291
R04_F03,4,3,16,Cu,1,False,6,6.0,0.25,0.3693901858597532
R04_F03,4,3,16,Mn,1,False,14,14.0,0.25,0.16282655891398
R04_F03,4,3,16,Mg,1,False,5,5.0,0.25,0.6104250045666156
R04_F03,4,3,16,Cr,1,False,11,11.0,0.25,0.2007709142005778
R04_F03,4,3,16,Zn,1,False,4,4.0,0.25,1.0
R04_F03,4,3,16,V,0,False,0,,0.25,
R04_F03,4,3,16,Ti,1,False,7,7.0,0.25,0.3410599296877037
R04_F03,4,3,16,Zr,1,False,9,9.0,0.25,0.2909387435254043
R04_F03,4,3,16,Li,1,False,13,13.0,0.25,0.1640333257742559
R04_F03,4,3,16,Ni,1,False,15,15.0,0.25,0.0760895677887711
R04_F03,4,3,16,Be,1,False,16,16.0,0.25,0.0731808893589404
R04_F03,4,3,16,Sc,1,False,12,12.0,0.25,0.190654083451469
R04_F03,4,3,16,Tsol,1,True,1,1.0,0.25,0.6707521736477061
R04_F03,4,3,16,Tage,1,True,2,2.0,0.25,0.5214818552277922
R04_F03,4,3,16,tage,1,True,3,3.0,0.25,0.2969303963204057
R04_F03,4,3,17,Si,1,False,10,10.0,0.25,0.2138785134908635
R04_F03,4,3,17,Fe,1,False,8,8.0,0.25,0.2992383982364291
R04_F03,4,3,17,Cu,1,False,6,6.0,0.25,0.3693901858597532
R04_F03,4,3,17,Mn,1,False,14,14.0,0.25,0.16282655891398
R04_F03,4,3,17,Mg,1,False,5,5.0,0.25,0.6104250045666156
R04_F03,4,3,17,Cr,1,False,11,11.0,0.25,0.2007709142005778
R04_F03,4,3,17,Zn,1,False,4,4.0,0.25,1.0
R04_F03,4,3,17,V,1,False,17,17.0,0.25,0.0374453978158412
R04_F03,4,3,17,Ti,1,False,7,7.0,0.25,0.3410599296877037
R04_F03,4,3,17,Zr,1,False,9,9.0,0.25,0.2909387435254043
R04_F03,4,3,17,Li,1,False,13,13.0,0.25,0.1640333257742559
R04_F03,4,3,17,Ni,1,False,15,15.0,0.25,0.0760895677887711
R04_F03,4,3,17,Be,1,False,16,16.0,0.25,0.0731808893589404
R04_F03,4,3,17,Sc,1,False,12,12.0,0.25,0.190654083451469
R04_F03,4,3,17,Tsol,1,True,1,1.0,0.25,0.6707521736477061
R04_F03,4,3,17,Tage,1,True,2,2.0,0.25,0.5214818552277922
R04_F03,4,3,17,tage,1,True,3,3.0,0.25,0.2969303963204057
R04_F04,4,4,3,Si,0,False,0,,0.0,
R04_F04,4,4,3,Fe,0,False,0,,0.0,
R04_F04,4,4,3,Cu,0,False,0,,0.0,
R04_F04,4,4,3,Mn,0,False,0,,0.0,
R04_F04,4,4,3,Mg,0,False,0,,0.0,
R04_F04,4,4,3,Cr,0,False,0,,0.0,
R04_F04,4,4,3,Zn,0,False,0,,0.0,
R04_F04,4,4,3,V,0,False,0,,0.0,
R04_F04,4,4,3,Ti,0,False,0,,0.0,
R04_F04,4,4,3,Zr,0,False,0,,0.0,
R04_F04,4,4,3,Li,0,False,0,,0.0,
R04_F04,4,4,3,Ni,0,False,0,,0.0,
R04_F04,4,4,3,Be,0,False,0,,0.0,
R04_F04,4,4,3,Sc,0,False,0,,0.0,
R04_F04,4,4,3,Tsol,1,True,1,1.0,0.0,0.4940376961758459
R04_F04,4,4,3,Tage,1,True,2,2.0,0.0,0.405872446726942
R04_F04,4,4,3,tage,1,True,3,3.0,0.0,0.2323965949138517
R04_F04,4,4,4,Si,0,False,0,,0.25,
R04_F04,4,4,4,Fe,0,False,0,,0.25,
R04_F04,4,4,4,Cu,0,False,0,,0.25,
R04_F04,4,4,4,Mn,0,False,0,,0.25,
R04_F04,4,4,4,Mg,0,False,0,,0.25,
R04_F04,4,4,4,Cr,0,False,0,,0.25,
R04_F04,4,4,4,Zn,1,False,4,4.0,0.25,1.0
R04_F04,4,4,4,V,0,False,0,,0.25,
R04_F04,4,4,4,Ti,0,False,0,,0.25,
R04_F04,4,4,4,Zr,0,False,0,,0.25,
R04_F04,4,4,4,Li,0,False,0,,0.25,
R04_F04,4,4,4,Ni,0,False,0,,0.25,
R04_F04,4,4,4,Be,0,False,0,,0.25,
R04_F04,4,4,4,Sc,0,False,0,,0.25,
R04_F04,4,4,4,Tsol,1,True,1,1.0,0.25,0.5647545998798256
R04_F04,4,4,4,Tage,1,True,2,2.0,0.25,0.3889626081571083
R04_F04,4,4,4,tage,1,True,3,3.0,0.25,0.1742974461853887
R04_F04,4,4,5,Si,0,False,0,,0.0,
R04_F04,4,4,5,Fe,0,False,0,,0.0,
R04_F04,4,4,5,Cu,0,False,0,,0.0,
R04_F04,4,4,5,Mn,0,False,0,,0.0,
R04_F04,4,4,5,Mg,1,False,5,5.0,0.0,0.4222149268792067
R04_F04,4,4,5,Cr,0,False,0,,0.0,
R04_F04,4,4,5,Zn,1,False,4,4.0,0.0,1.0
R04_F04,4,4,5,V,0,False,0,,0.0,
R04_F04,4,4,5,Ti,0,False,0,,0.0,
R04_F04,4,4,5,Zr,0,False,0,,0.0,
R04_F04,4,4,5,Li,0,False,0,,0.0,
R04_F04,4,4,5,Ni,0,False,0,,0.0,
R04_F04,4,4,5,Be,0,False,0,,0.0,
R04_F04,4,4,5,Sc,0,False,0,,0.0,
R04_F04,4,4,5,Tsol,1,True,1,1.0,0.0,0.4940376961758459
R04_F04,4,4,5,Tage,1,True,2,2.0,0.0,0.405872446726942
R04_F04,4,4,5,tage,1,True,3,3.0,0.0,0.2323965949138517
R04_F04,4,4,6,Si,0,False,0,,0.25,
R04_F04,4,4,6,Fe,0,False,0,,0.25,
R04_F04,4,4,6,Cu,1,False,6,6.0,0.25,0.28028319031898
R04_F04,4,4,6,Mn,0,False,0,,0.25,
R04_F04,4,4,6,Mg,1,False,5,5.0,0.25,0.525460048216627
R04_F04,4,4,6,Cr,0,False,0,,0.25,
R04_F04,4,4,6,Zn,1,False,4,4.0,0.25,1.0
R04_F04,4,4,6,V,0,False,0,,0.25,
R04_F04,4,4,6,Ti,0,False,0,,0.25,
R04_F04,4,4,6,Zr,0,False,0,,0.25,
R04_F04,4,4,6,Li,0,False,0,,0.25,
R04_F04,4,4,6,Ni,0,False,0,,0.25,
R04_F04,4,4,6,Be,0,False,0,,0.25,
R04_F04,4,4,6,Sc,0,False,0,,0.25,
R04_F04,4,4,6,Tsol,1,True,1,1.0,0.25,0.5647545998798256
R04_F04,4,4,6,Tage,1,True,2,2.0,0.25,0.3889626081571083
R04_F04,4,4,6,tage,1,True,3,3.0,0.25,0.1742974461853887
R04_F04,4,4,7,Si,0,False,0,,0.25,
R04_F04,4,4,7,Fe,0,False,0,,0.25,
R04_F04,4,4,7,Cu,1,False,6,6.0,0.25,0.28028319031898
R04_F04,4,4,7,Mn,0,False,0,,0.25,
R04_F04,4,4,7,Mg,1,False,5,5.0,0.25,0.525460048216627
R04_F04,4,4,7,Cr,0,False,0,,0.25,
R04_F04,4,4,7,Zn,1,False,4,4.0,0.25,1.0
R04_F04,4,4,7,V,0,False,0,,0.25,
R04_F04,4,4,7,Ti,1,False,7,7.0,0.25,0.2657988585064788
R04_F04,4,4,7,Zr,0,False,0,,0.25,
R04_F04,4,4,7,Li,0,False,0,,0.25,
R04_F04,4,4,7,Ni,0,False,0,,0.25,
R04_F04,4,4,7,Be,0,False,0,,0.25,
R04_F04,4,4,7,Sc,0,False,0,,0.25,
R04_F04,4,4,7,Tsol,1,True,1,1.0,0.25,0.5647545998798256
R04_F04,4,4,7,Tage,1,True,2,2.0,0.25,0.3889626081571083
R04_F04,4,4,7,tage,1,True,3,3.0,0.25,0.1742974461853887
R04_F04,4,4,8,Si,0,False,0,,0.25,
R04_F04,4,4,8,Fe,0,False,0,,0.25,
R04_F04,4,4,8,Cu,1,False,6,6.0,0.25,0.28028319031898
R04_F04,4,4,8,Mn,0,False,0,,0.25,
R04_F04,4,4,8,Mg,1,False,5,5.0,0.25,0.525460048216627
R04_F04,4,4,8,Cr,0,False,0,,0.25,
R04_F04,4,4,8,Zn,1,False,4,4.0,0.25,1.0
R04_F04,4,4,8,V,0,False,0,,0.25,
R04_F04,4,4,8,Ti,1,False,7,7.0,0.25,0.2657988585064788
R04_F04,4,4,8,Zr,1,False,8,8.0,0.25,0.2458751138786108
R04_F04,4,4,8,Li,0,False,0,,0.25,
R04_F04,4,4,8,Ni,0,False,0,,0.25,
R04_F04,4,4,8,Be,0,False,0,,0.25,
R04_F04,4,4,8,Sc,0,False,0,,0.25,
R04_F04,4,4,8,Tsol,1,True,1,1.0,0.25,0.5647545998798256
R04_F04,4,4,8,Tage,1,True,2,2.0,0.25,0.3889626081571083
R04_F04,4,4,8,tage,1,True,3,3.0,0.25,0.1742974461853887
R04_F04,4,4,9,Si,0,False,0,,0.0,
R04_F04,4,4,9,Fe,1,False,9,9.0,0.0,0.1623625571477669
R04_F04,4,4,9,Cu,1,False,6,6.0,0.0,0.2895492014861791
R04_F04,4,4,9,Mn,0,False,0,,0.0,
R04_F04,4,4,9,Mg,1,False,5,5.0,0.0,0.4222149268792067
R04_F04,4,4,9,Cr,0,False,0,,0.0,
R04_F04,4,4,9,Zn,1,False,4,4.0,0.0,1.0
R04_F04,4,4,9,V,0,False,0,,0.0,
R04_F04,4,4,9,Ti,1,False,7,7.0,0.0,0.2013412237070508
R04_F04,4,4,9,Zr,1,False,8,8.0,0.0,0.1971982896288808
R04_F04,4,4,9,Li,0,False,0,,0.0,
R04_F04,4,4,9,Ni,0,False,0,,0.0,
R04_F04,4,4,9,Be,0,False,0,,0.0,
R04_F04,4,4,9,Sc,0,False,0,,0.0,
R04_F04,4,4,9,Tsol,1,True,1,1.0,0.0,0.4940376961758459
R04_F04,4,4,9,Tage,1,True,2,2.0,0.0,0.405872446726942
R04_F04,4,4,9,tage,1,True,3,3.0,0.0,0.2323965949138517
R04_F04,4,4,10,Si,0,False,0,,0.5,
R04_F04,4,4,10,Fe,1,False,8,8.0,0.5,0.2778128271874633
R04_F04,4,4,10,Cu,1,False,10,10.0,0.5,0.2710171791517809
R04_F04,4,4,10,Mn,0,False,0,,0.5,
R04_F04,4,4,10,Mg,1,False,5,5.0,0.5,0.6287051695540471
R04_F04,4,4,10,Cr,0,False,0,,0.5,
R04_F04,4,4,10,Zn,1,False,4,4.0,0.5,1.0
R04_F04,4,4,10,V,0,False,0,,0.5,
R04_F04,4,4,10,Ti,1,False,6,6.0,0.5,0.3302564933059068
R04_F04,4,4,10,Zr,1,False,7,7.0,0.5,0.2945519381283408
R04_F04,4,4,10,Li,0,False,0,,0.5,
R04_F04,4,4,10,Ni,0,False,0,,0.5,
R04_F04,4,4,10,Be,0,False,0,,0.5,
R04_F04,4,4,10,Sc,1,False,9,9.0,0.5,0.2715615570118002
R04_F04,4,4,10,Tsol,1,True,1,1.0,0.5,0.6354715035838051
R04_F04,4,4,10,Tage,1,True,2,2.0,0.5,0.3720527695872747
R04_F04,4,4,10,tage,1,True,3,3.0,0.5,0.1161982974569258
R04_F04,4,4,11,Si,1,False,10,10.0,1.0,0.3743872883618683
R04_F04,4,4,11,Fe,1,False,8,8.0,1.0,0.3932630972271597
R04_F04,4,4,11,Cu,0,False,0,,1.0,
R04_F04,4,4,11,Mn,0,False,0,,1.0,
R04_F04,4,4,11,Mg,1,False,5,5.0,1.0,0.8351954122288876
R04_F04,4,4,11,Cr,1,False,11,11.0,1.0,0.3418604297648486
R04_F04,4,4,11,Zn,1,False,4,4.0,1.0,1.0
R04_F04,4,4,11,V,0,False,0,,1.0,
R04_F04,4,4,11,Ti,1,False,6,6.0,1.0,0.4591717629047628
R04_F04,4,4,11,Zr,1,False,9,9.0,1.0,0.3919055866278008
R04_F04,4,4,11,Li,0,False,0,,1.0,
R04_F04,4,4,11,Ni,0,False,0,,1.0,
R04_F04,4,4,11,Be,0,False,0,,1.0,
R04_F04,4,4,11,Sc,1,False,7,7.0,1.0,0.4417487297813189
R04_F04,4,4,11,Tsol,1,True,1,1.0,1.0,0.7769053109917643
R04_F04,4,4,11,Tage,1,True,2,2.0,1.0,0.3382330924476074
R04_F04,4,4,11,tage,1,True,3,3.0,1.0,0.0
R04_F04,4,4,12,Si,1,False,11,11.0,0.5,0.2437196479544618
R04_F04,4,4,12,Fe,1,False,8,8.0,0.5,0.2778128271874633
R04_F04,4,4,12,Cu,1,False,10,10.0,0.5,0.2710171791517809
R04_F04,4,4,12,Mn,0,False,0,,0.5,
R04_F04,4,4,12,Mg,1,False,5,5.0,0.5,0.6287051695540471
R04_F04,4,4,12,Cr,1,False,12,12.0,0.5,0.227823676095584
R04_F04,4,4,12,Zn,1,False,4,4.0,0.5,1.0
R04_F04,4,4,12,V,0,False,0,,0.5,
R04_F04,4,4,12,Ti,1,False,6,6.0,0.5,0.3302564933059068
R04_F04,4,4,12,Zr,1,False,7,7.0,0.5,0.2945519381283408
R04_F04,4,4,12,Li,0,False,0,,0.5,
R04_F04,4,4,12,Ni,0,False,0,,0.5,
R04_F04,4,4,12,Be,0,False,0,,0.5,
R04_F04,4,4,12,Sc,1,False,9,9.0,0.5,0.2715615570118002
R04_F04,4,4,12,Tsol,1,True,1,1.0,0.5,0.6354715035838051
R04_F04,4,4,12,Tage,1,True,2,2.0,0.5,0.3720527695872747
R04_F04,4,4,12,tage,1,True,3,3.0,0.5,0.1161982974569258
R04_F04,4,4,13,Si,1,False,11,11.0,0.5,0.2437196479544618
R04_F04,4,4,13,Fe,1,False,8,8.0,0.5,0.2778128271874633
R04_F04,4,4,13,Cu,1,False,10,10.0,0.5,0.2710171791517809
R04_F04,4,4,13,Mn,0,False,0,,0.5,
R04_F04,4,4,13,Mg,1,False,5,5.0,0.5,0.6287051695540471
R04_F04,4,4,13,Cr,1,False,12,12.0,0.5,0.227823676095584
R04_F04,4,4,13,Zn,1,False,4,4.0,0.5,1.0
R04_F04,4,4,13,V,0,False,0,,0.5,
R04_F04,4,4,13,Ti,1,False,6,6.0,0.5,0.3302564933059068
R04_F04,4,4,13,Zr,1,False,7,7.0,0.5,0.2945519381283408
R04_F04,4,4,13,Li,1,False,13,13.0,0.5,0.1921411463542415
R04_F04,4,4,13,Ni,0,False,0,,0.5,
R04_F04,4,4,13,Be,0,False,0,,0.5,
R04_F04,4,4,13,Sc,1,False,9,9.0,0.5,0.2715615570118002
R04_F04,4,4,13,Tsol,1,True,1,1.0,0.5,0.6354715035838051
R04_F04,4,4,13,Tage,1,True,2,2.0,0.5,0.3720527695872747
R04_F04,4,4,13,tage,1,True,3,3.0,0.5,0.1161982974569258
R04_F04,4,4,14,Si,1,False,11,11.0,0.5,0.2437196479544618
R04_F04,4,4,14,Fe,1,False,8,8.0,0.5,0.2778128271874633
R04_F04,4,4,14,Cu,1,False,10,10.0,0.5,0.2710171791517809
R04_F04,4,4,14,Mn,1,False,14,14.0,0.5,0.1055164993291951
R04_F04,4,4,14,Mg,1,False,5,5.0,0.5,0.6287051695540471
R04_F04,4,4,14,Cr,1,False,12,12.0,0.5,0.227823676095584
R04_F04,4,4,14,Zn,1,False,4,4.0,0.5,1.0
R04_F04,4,4,14,V,0,False,0,,0.5,
R04_F04,4,4,14,Ti,1,False,6,6.0,0.5,0.3302564933059068
R04_F04,4,4,14,Zr,1,False,7,7.0,0.5,0.2945519381283408
R04_F04,4,4,14,Li,1,False,13,13.0,0.5,0.1921411463542415
R04_F04,4,4,14,Ni,0,False,0,,0.5,
R04_F04,4,4,14,Be,0,False,0,,0.5,
R04_F04,4,4,14,Sc,1,False,9,9.0,0.5,0.2715615570118002
R04_F04,4,4,14,Tsol,1,True,1,1.0,0.5,0.6354715035838051
R04_F04,4,4,14,Tage,1,True,2,2.0,0.5,0.3720527695872747
R04_F04,4,4,14,tage,1,True,3,3.0,0.5,0.1161982974569258
R04_F04,4,4,15,Si,1,False,10,10.0,0.75,0.3090534681581651
R04_F04,4,4,15,Fe,1,False,9,9.0,0.75,0.3355379622073115
R04_F04,4,4,15,Cu,1,False,12,12.0,0.75,0.2617511679845817
R04_F04,4,4,15,Mn,1,False,15,15.0,0.75,0.0921950167526456
R04_F04,4,4,15,Mg,1,False,5,5.0,0.75,0.7319502908914673
R04_F04,4,4,15,Cr,1,False,11,11.0,0.75,0.2848420529302163
R04_F04,4,4,15,Zn,1,False,4,4.0,0.75,1.0
R04_F04,4,4,15,V,0,False,0,,0.75,
R04_F04,4,4,15,Ti,1,False,6,6.0,0.75,0.3947141281053348
R04_F04,4,4,15,Zr,1,False,8,8.0,0.75,0.3432287623780708
R04_F04,4,4,15,Li,1,False,13,13.0,0.75,0.2291159119081593
R04_F04,4,4,15,Ni,0,False,0,,0.75,
R04_F04,4,4,15,Be,1,False,14,14.0,0.75,0.1193405821706011
R04_F04,4,4,15,Sc,1,False,7,7.0,0.75,0.3566551433965595
R04_F04,4,4,15,Tsol,1,True,1,1.0,0.75,0.7061884072877848
R04_F04,4,4,15,Tage,1,True,2,2.0,0.75,0.3551429310174411
R04_F04,4,4,15,tage,1,True,3,3.0,0.75,0.0580991487284629
R04_F04,4,4,16,Si,1,False,10,10.0,1.0,0.3743872883618683
R04_F04,4,4,16,Fe,1,False,8,8.0,1.0,0.3932630972271597
R04_F04,4,4,16,Cu,1,False,13,13.0,1.0,0.2524851568173826
R04_F04,4,4,16,Mn,0,False,0,,1.0,
R04_F04,4,4,16,Mg,1,False,5,5.0,1.0,0.8351954122288876
R04_F04,4,4,16,Cr,1,False,11,11.0,1.0,0.3418604297648486
R04_F04,4,4,16,Zn,1,False,4,4.0,1.0,1.0
R04_F04,4,4,16,V,1,False,16,16.0,1.0,0.0833039616789314
R04_F04,4,4,16,Ti,1,False,6,6.0,1.0,0.4591717629047628
R04_F04,4,4,16,Zr,1,False,9,9.0,1.0,0.3919055866278008
R04_F04,4,4,16,Li,1,False,12,12.0,1.0,0.2660906774620772
R04_F04,4,4,16,Ni,1,False,15,15.0,1.0,0.1198057273884243
R04_F04,4,4,16,Be,1,False,14,14.0,1.0,0.1552591311064528
R04_F04,4,4,16,Sc,1,False,7,7.0,1.0,0.4417487297813189
R04_F04,4,4,16,Tsol,1,True,1,1.0,1.0,0.7769053109917643
R04_F04,4,4,16,Tage,1,True,2,2.0,1.0,0.3382330924476074
R04_F04,4,4,16,tage,1,True,3,3.0,1.0,0.0
R04_F04,4,4,17,Si,1,False,11,11.0,0.25,0.1783858277507585
R04_F04,4,4,17,Fe,1,False,9,9.0,0.25,0.2200876921676151
R04_F04,4,4,17,Cu,1,False,6,6.0,0.25,0.28028319031898
R04_F04,4,4,17,Mn,1,False,14,14.0,0.25,0.1188379819057445
R04_F04,4,4,17,Mg,1,False,5,5.0,0.25,0.525460048216627
R04_F04,4,4,17,Cr,1,False,12,12.0,0.25,0.1708052992609518
R04_F04,4,4,17,Zn,1,False,4,4.0,0.25,1.0
R04_F04,4,4,17,V,1,False,17,17.0,0.25,0.0208259904197328
R04_F04,4,4,17,Ti,1,False,7,7.0,0.25,0.2657988585064788
R04_F04,4,4,17,Zr,1,False,8,8.0,0.25,0.2458751138786108
R04_F04,4,4,17,Li,1,False,13,13.0,0.25,0.1551663808003237
R04_F04,4,4,17,Ni,1,False,16,16.0,0.25,0.0352292039187311
R04_F04,4,4,17,Be,1,False,15,15.0,0.25,0.0475034842988976
R04_F04,4,4,17,Sc,1,False,10,10.0,0.25,0.1864679706270408
R04_F04,4,4,17,Tsol,1,True,1,1.0,0.25,0.5647545998798256
R04_F04,4,4,17,Tage,1,True,2,2.0,0.25,0.3889626081571083
R04_F04,4,4,17,tage,1,True,3,3.0,0.25,0.1742974461853887
R04_F05,4,5,3,Si,0,False,0,,0.5,
R04_F05,4,5,3,Fe,0,False,0,,0.5,
R04_F05,4,5,3,Cu,0,False,0,,0.5,
R04_F05,4,5,3,Mn,0,False,0,,0.5,
R04_F05,4,5,3,Mg,0,False,0,,0.5,
R04_F05,4,5,3,Cr,0,False,0,,0.5,
R04_F05,4,5,3,Zn,0,False,0,,0.5,
R04_F05,4,5,3,V,0,False,0,,0.5,
R04_F05,4,5,3,Ti,0,False,0,,0.5,
R04_F05,4,5,3,Zr,0,False,0,,0.5,
R04_F05,4,5,3,Li,0,False,0,,0.5,
R04_F05,4,5,3,Ni,0,False,0,,0.5,
R04_F05,4,5,3,Be,0,False,0,,0.5,
R04_F05,4,5,3,Sc,0,False,0,,0.5,
R04_F05,4,5,3,Tsol,1,True,1,1.0,0.5,0.7203530165181752
R04_F05,4,5,3,Tage,1,True,2,2.0,0.5,0.4740556508563135
R04_F05,4,5,3,tage,1,True,3,3.0,0.5,0.1564171983861622
R04_F05,4,5,4,Si,0,False,0,,0.0,
R04_F05,4,5,4,Fe,0,False,0,,0.0,
R04_F05,4,5,4,Cu,0,False,0,,0.0,
R04_F05,4,5,4,Mn,0,False,0,,0.0,
R04_F05,4,5,4,Mg,0,False,0,,0.0,
R04_F05,4,5,4,Cr,0,False,0,,0.0,
R04_F05,4,5,4,Zn,1,False,4,4.0,0.0,1.0
R04_F05,4,5,4,V,0,False,0,,0.0,
R04_F05,4,5,4,Ti,0,False,0,,0.0,
R04_F05,4,5,4,Zr,0,False,0,,0.0,
R04_F05,4,5,4,Li,0,False,0,,0.0,
R04_F05,4,5,4,Ni,0,False,0,,0.0,
R04_F05,4,5,4,Be,0,False,0,,0.0,
R04_F05,4,5,4,Sc,0,False,0,,0.0,
R04_F05,4,5,4,Tsol,1,True,1,1.0,0.0,0.6204655977394122
R04_F05,4,5,4,Tage,1,True,2,2.0,0.0,0.5923833021669049
R04_F05,4,5,4,tage,1,True,3,3.0,0.0,0.3128343967723245
R04_F05,4,5,5,Si,0,False,0,,0.25,
R04_F05,4,5,5,Fe,0,False,0,,0.25,
R04_F05,4,5,5,Cu,0,False,0,,0.25,
R04_F05,4,5,5,Mn,0,False,0,,0.25,
R04_F05,4,5,5,Mg,1,False,5,5.0,0.25,0.5587073794960967
R04_F05,4,5,5,Cr,0,False,0,,0.25,
R04_F05,4,5,5,Zn,1,False,4,4.0,0.25,1.0
R04_F05,4,5,5,V,0,False,0,,0.25,
R04_F05,4,5,5,Ti,0,False,0,,0.25,
R04_F05,4,5,5,Zr,0,False,0,,0.25,
R04_F05,4,5,5,Li,0,False,0,,0.25,
R04_F05,4,5,5,Ni,0,False,0,,0.25,
R04_F05,4,5,5,Be,0,False,0,,0.25,
R04_F05,4,5,5,Sc,0,False,0,,0.25,
R04_F05,4,5,5,Tsol,1,True,1,1.0,0.25,0.6704093071287938
R04_F05,4,5,5,Tage,1,True,2,2.0,0.25,0.5332194765116092
R04_F05,4,5,5,tage,1,True,3,3.0,0.25,0.2346257975792434
R04_F05,4,5,6,Si,0,False,0,,0.0,
R04_F05,4,5,6,Fe,0,False,0,,0.0,
R04_F05,4,5,6,Cu,1,False,6,6.0,0.0,0.3718657405345797
R04_F05,4,5,6,Mn,0,False,0,,0.0,
R04_F05,4,5,6,Mg,1,False,5,5.0,0.0,0.4550308862949435
R04_F05,4,5,6,Cr,0,False,0,,0.0,
R04_F05,4,5,6,Zn,1,False,4,4.0,0.0,1.0
R04_F05,4,5,6,V,0,False,0,,0.0,
R04_F05,4,5,6,Ti,0,False,0,,0.0,
R04_F05,4,5,6,Zr,0,False,0,,0.0,
R04_F05,4,5,6,Li,0,False,0,,0.0,
R04_F05,4,5,6,Ni,0,False,0,,0.0,
R04_F05,4,5,6,Be,0,False,0,,0.0,
R04_F05,4,5,6,Sc,0,False,0,,0.0,
R04_F05,4,5,6,Tsol,1,True,1,1.0,0.0,0.6204655977394122
R04_F05,4,5,6,Tage,1,True,2,2.0,0.0,0.5923833021669049
R04_F05,4,5,6,tage,1,True,3,3.0,0.0,0.3128343967723245
R04_F05,4,5,7,Si,0,False,0,,0.25,
R04_F05,4,5,7,Fe,0,False,0,,0.25,
R04_F05,4,5,7,Cu,1,False,6,6.0,0.25,0.3460493290432939
R04_F05,4,5,7,Mn,0,False,0,,0.25,
R04_F05,4,5,7,Mg,1,False,5,5.0,0.25,0.5587073794960967
R04_F05,4,5,7,Cr,0,False,0,,0.25,
R04_F05,4,5,7,Zn,1,False,4,4.0,0.25,1.0
R04_F05,4,5,7,V,0,False,0,,0.25,
R04_F05,4,5,7,Ti,1,False,7,7.0,0.25,0.3172243713860717
R04_F05,4,5,7,Zr,0,False,0,,0.25,
R04_F05,4,5,7,Li,0,False,0,,0.25,
R04_F05,4,5,7,Ni,0,False,0,,0.25,
R04_F05,4,5,7,Be,0,False,0,,0.25,
R04_F05,4,5,7,Sc,0,False,0,,0.25,
R04_F05,4,5,7,Tsol,1,True,1,1.0,0.25,0.6704093071287938
R04_F05,4,5,7,Tage,1,True,2,2.0,0.25,0.5332194765116092
R04_F05,4,5,7,tage,1,True,3,3.0,0.25,0.2346257975792434
R04_F05,4,5,8,Si,0,False,0,,0.25,
R04_F05,4,5,8,Fe,0,False,0,,0.25,
R04_F05,4,5,8,Cu,1,False,6,6.0,0.25,0.3460493290432939
R04_F05,4,5,8,Mn,0,False,0,,0.25,
R04_F05,4,5,8,Mg,1,False,5,5.0,0.25,0.5587073794960967
R04_F05,4,5,8,Cr,0,False,0,,0.25,
R04_F05,4,5,8,Zn,1,False,4,4.0,0.25,1.0
R04_F05,4,5,8,V,0,False,0,,0.25,
R04_F05,4,5,8,Ti,1,False,7,7.0,0.25,0.3172243713860717
R04_F05,4,5,8,Zr,1,False,8,8.0,0.25,0.2720633904229164
R04_F05,4,5,8,Li,0,False,0,,0.25,
R04_F05,4,5,8,Ni,0,False,0,,0.25,
R04_F05,4,5,8,Be,0,False,0,,0.25,
R04_F05,4,5,8,Sc,0,False,0,,0.25,
R04_F05,4,5,8,Tsol,1,True,1,1.0,0.25,0.6704093071287938
R04_F05,4,5,8,Tage,1,True,2,2.0,0.25,0.5332194765116092
R04_F05,4,5,8,tage,1,True,3,3.0,0.25,0.2346257975792434
R04_F05,4,5,9,Si,0,False,0,,0.25,
R04_F05,4,5,9,Fe,1,False,9,9.0,0.25,0.2482777780100718
R04_F05,4,5,9,Cu,1,False,6,6.0,0.25,0.3460493290432939
R04_F05,4,5,9,Mn,0,False,0,,0.25,
R04_F05,4,5,9,Mg,1,False,5,5.0,0.25,0.5587073794960967
R04_F05,4,5,9,Cr,0,False,0,,0.25,
R04_F05,4,5,9,Zn,1,False,4,4.0,0.25,1.0
R04_F05,4,5,9,V,0,False,0,,0.25,
R04_F05,4,5,9,Ti,1,False,7,7.0,0.25,0.3172243713860717
R04_F05,4,5,9,Zr,1,False,8,8.0,0.25,0.2720633904229164
R04_F05,4,5,9,Li,0,False,0,,0.25,
R04_F05,4,5,9,Ni,0,False,0,,0.25,
R04_F05,4,5,9,Be,0,False,0,,0.25,
R04_F05,4,5,9,Sc,0,False,0,,0.25,
R04_F05,4,5,9,Tsol,1,True,1,1.0,0.25,0.6704093071287938
R04_F05,4,5,9,Tage,1,True,2,2.0,0.25,0.5332194765116092
R04_F05,4,5,9,tage,1,True,3,3.0,0.25,0.2346257975792434
R04_F05,4,5,10,Si,0,False,0,,0.25,
R04_F05,4,5,10,Fe,1,False,9,9.0,0.25,0.2482777780100718
R04_F05,4,5,10,Cu,1,False,6,6.0,0.25,0.3460493290432939
R04_F05,4,5,10,Mn,0,False,0,,0.25,
R04_F05,4,5,10,Mg,1,False,5,5.0,0.25,0.5587073794960967
R04_F05,4,5,10,Cr,0,False,0,,0.25,
R04_F05,4,5,10,Zn,1,False,4,4.0,0.25,1.0
R04_F05,4,5,10,V,0,False,0,,0.25,
R04_F05,4,5,10,Ti,1,False,7,7.0,0.25,0.3172243713860717
R04_F05,4,5,10,Zr,1,False,8,8.0,0.25,0.2720633904229164
R04_F05,4,5,10,Li,0,False,0,,0.25,
R04_F05,4,5,10,Ni,0,False,0,,0.25,
R04_F05,4,5,10,Be,0,False,0,,0.25,
R04_F05,4,5,10,Sc,1,False,10,10.0,0.25,0.2166044322797195
R04_F05,4,5,10,Tsol,1,True,1,1.0,0.25,0.6704093071287938
R04_F05,4,5,10,Tage,1,True,2,2.0,0.25,0.5332194765116092
R04_F05,4,5,10,tage,1,True,3,3.0,0.25,0.2346257975792434
R04_F05,4,5,11,Si,1,False,11,11.0,0.5,0.2802093530386118
R04_F05,4,5,11,Fe,1,False,9,9.0,0.5,0.2954197724275125
R04_F05,4,5,11,Cu,1,False,7,7.0,0.5,0.3202329175520082
R04_F05,4,5,11,Mn,0,False,0,,0.5,
R04_F05,4,5,11,Mg,1,False,5,5.0,0.5,0.66238387269725
R04_F05,4,5,11,Cr,0,False,0,,0.5,
R04_F05,4,5,11,Zn,1,False,4,4.0,0.5,1.0
R04_F05,4,5,11,V,0,False,0,,0.5,
R04_F05,4,5,11,Ti,1,False,6,6.0,0.5,0.3534617579390003
R04_F05,4,5,11,Zr,1,False,8,8.0,0.5,0.3056557615163133
R04_F05,4,5,11,Li,0,False,0,,0.5,
R04_F05,4,5,11,Ni,0,False,0,,0.5,
R04_F05,4,5,11,Be,0,False,0,,0.5,
R04_F05,4,5,11,Sc,1,False,10,10.0,0.5,0.2953672505719945
R04_F05,4,5,11,Tsol,1,True,1,1.0,0.5,0.7203530165181752
R04_F05,4,5,11,Tage,1,True,2,2.0,0.5,0.4740556508563135
R04_F05,4,5,11,tage,1,True,3,3.0,0.5,0.1564171983861622
R04_F05,4,5,12,Si,1,False,11,11.0,0.5,0.2802093530386118
R04_F05,4,5,12,Fe,1,False,9,9.0,0.5,0.2954197724275125
R04_F05,4,5,12,Cu,1,False,7,7.0,0.5,0.3202329175520082
R04_F05,4,5,12,Mn,0,False,0,,0.5,
R04_F05,4,5,12,Mg,1,False,5,5.0,0.5,0.66238387269725
R04_F05,4,5,12,Cr,1,False,12,12.0,0.5,0.225939732113999
R04_F05,4,5,12,Zn,1,False,4,4.0,0.5,1.0
R04_F05,4,5,12,V,0,False,0,,0.5,
R04_F05,4,5,12,Ti,1,False,6,6.0,0.5,0.3534617579390003
R04_F05,4,5,12,Zr,1,False,8,8.0,0.5,0.3056557615163133
R04_F05,4,5,12,Li,0,False,0,,0.5,
R04_F05,4,5,12,Ni,0,False,0,,0.5,
R04_F05,4,5,12,Be,0,False,0,,0.5,
R04_F05,4,5,12,Sc,1,False,10,10.0,0.5,0.2953672505719945
R04_F05,4,5,12,Tsol,1,True,1,1.0,0.5,0.7203530165181752
R04_F05,4,5,12,Tage,1,True,2,2.0,0.5,0.4740556508563135
R04_F05,4,5,12,tage,1,True,3,3.0,0.5,0.1564171983861622
R04_F05,4,5,13,Si,1,False,8,8.0,0.75,0.3459190854281753
R04_F05,4,5,13,Fe,1,False,9,9.0,0.75,0.3425617668449532
R04_F05,4,5,13,Cu,1,False,11,11.0,0.75,0.2944165060607224
R04_F05,4,5,13,Mn,0,False,0,,0.75,
R04_F05,4,5,13,Mg,1,False,5,5.0,0.75,0.7660603658984031
R04_F05,4,5,13,Cr,1,False,12,12.0,0.75,0.2727264117667459
R04_F05,4,5,13,Zn,1,False,4,4.0,0.75,1.0
R04_F05,4,5,13,V,0,False,0,,0.75,
R04_F05,4,5,13,Ti,1,False,6,6.0,0.75,0.389699144491929
R04_F05,4,5,13,Zr,1,False,10,10.0,0.75,0.3392481326097101
R04_F05,4,5,13,Li,1,False,13,13.0,0.75,0.2154656865276267
R04_F05,4,5,13,Ni,0,False,0,,0.75,
R04_F05,4,5,13,Be,0,False,0,,0.75,
R04_F05,4,5,13,Sc,1,False,7,7.0,0.75,0.3741300688642695
R04_F05,4,5,13,Tsol,1,True,1,1.0,0.75,0.7702967259075566
R04_F05,4,5,13,Tage,1,True,2,2.0,0.75,0.4148918252010177
R04_F05,4,5,13,tage,1,True,3,3.0,0.75,0.0782085991930811
R04_F05,4,5,14,Si,1,False,8,8.0,0.75,0.3459190854281753
R04_F05,4,5,14,Fe,1,False,9,9.0,0.75,0.3425617668449532
R04_F05,4,5,14,Cu,1,False,11,11.0,0.75,0.2944165060607224
R04_F05,4,5,14,Mn,0,False,0,,0.75,
R04_F05,4,5,14,Mg,1,False,5,5.0,0.75,0.7660603658984031
R04_F05,4,5,14,Cr,1,False,12,12.0,0.75,0.2727264117667459
R04_F05,4,5,14,Zn,1,False,4,4.0,0.75,1.0
R04_F05,4,5,14,V,0,False,0,,0.75,
R04_F05,4,5,14,Ti,1,False,6,6.0,0.75,0.389699144491929
R04_F05,4,5,14,Zr,1,False,10,10.0,0.75,0.3392481326097101
R04_F05,4,5,14,Li,1,False,13,13.0,0.75,0.2154656865276267
R04_F05,4,5,14,Ni,0,False,0,,0.75,
R04_F05,4,5,14,Be,1,False,14,14.0,0.75,0.16843437073061
R04_F05,4,5,14,Sc,1,False,7,7.0,0.75,0.3741300688642695
R04_F05,4,5,14,Tsol,1,True,1,1.0,0.75,0.7702967259075566
R04_F05,4,5,14,Tage,1,True,2,2.0,0.75,0.4148918252010177
R04_F05,4,5,14,tage,1,True,3,3.0,0.75,0.0782085991930811
R04_F05,4,5,15,Si,1,False,11,11.0,0.25,0.2144996206490483
R04_F05,4,5,15,Fe,1,False,9,9.0,0.25,0.2482777780100718
R04_F05,4,5,15,Cu,1,False,6,6.0,0.25,0.3460493290432939
R04_F05,4,5,15,Mn,1,False,14,14.0,0.25,0.1058969067035005
R04_F05,4,5,15,Mg,1,False,5,5.0,0.25,0.5587073794960967
R04_F05,4,5,15,Cr,1,False,12,12.0,0.25,0.1791530524612522
R04_F05,4,5,15,Zn,1,False,4,4.0,0.25,1.0
R04_F05,4,5,15,V,0,False,0,,0.25,
R04_F05,4,5,15,Ti,1,False,7,7.0,0.25,0.3172243713860717
R04_F05,4,5,15,Zr,1,False,8,8.0,0.25,0.2720633904229164
R04_F05,4,5,15,Li,1,False,13,13.0,0.25,0.1743371265448155
R04_F05,4,5,15,Ni,0,False,0,,0.25,
R04_F05,4,5,15,Be,1,False,15,15.0,0.25,0.0785638747752528
R04_F05,4,5,15,Sc,1,False,10,10.0,0.25,0.2166044322797195
R04_F05,4,5,15,Tsol,1,True,1,1.0,0.25,0.6704093071287938
R04_F05,4,5,15,Tage,1,True,2,2.0,0.25,0.5332194765116092
R04_F05,4,5,15,tage,1,True,3,3.0,0.25,0.2346257975792434
R04_F05,4,5,16,Si,1,False,11,11.0,0.0,0.1487898882594848
R04_F05,4,5,16,Fe,1,False,9,9.0,0.0,0.2011357835926311
R04_F05,4,5,16,Cu,1,False,6,6.0,0.0,0.3718657405345797
R04_F05,4,5,16,Mn,1,False,13,13.0,0.0,0.134052964957957
R04_F05,4,5,16,Mg,1,False,5,5.0,0.0,0.4550308862949435
R04_F05,4,5,16,Cr,1,False,14,14.0,0.0,0.1323663728085054
R04_F05,4,5,16,Zn,1,False,4,4.0,0.0,1.0
R04_F05,4,5,16,V,0,False,0,,0.0,
R04_F05,4,5,16,Ti,1,False,7,7.0,0.0,0.2809869848331431
R04_F05,4,5,16,Zr,1,False,8,8.0,0.0,0.2384710193295195
R04_F05,4,5,16,Li,1,False,10,10.0,0.0,0.1537728465534099
R04_F05,4,5,16,Ni,1,False,16,16.0,0.0,0.0057304904354335
R04_F05,4,5,16,Be,1,False,15,15.0,0.0,0.0336286267975741
R04_F05,4,5,16,Sc,1,False,12,12.0,0.0,0.1378416139874445
R04_F05,4,5,16,Tsol,1,True,1,1.0,0.0,0.6204655977394122
R04_F05,4,5,16,Tage,1,True,2,2.0,0.0,0.5923833021669049
R04_F05,4,5,16,tage,1,True,3,3.0,0.0,0.3128343967723245
R04_F05,4,5,17,Si,1,False,11,11.0,0.25,0.2144996206490483
R04_F05,4,5,17,Fe,1,False,9,9.0,0.25,0.2482777780100718
R04_F05,4,5,17,Cu,1,False,6,6.0,0.25,0.3460493290432939
R04_F05,4,5,17,Mn,1,False,14,14.0,0.25,0.1058969067035005
R04_F05,4,5,17,Mg,1,False,5,5.0,0.25,0.5587073794960967
R04_F05,4,5,17,Cr,1,False,12,12.0,0.25,0.1791530524612522
R04_F05,4,5,17,Zn,1,False,4,4.0,0.25,1.0
R04_F05,4,5,17,V,1,False,17,17.0,0.25,0.0261079072753365
R04_F05,4,5,17,Ti,1,False,7,7.0,0.25,0.3172243713860717
R04_F05,4,5,17,Zr,1,False,8,8.0,0.25,0.2720633904229164
R04_F05,4,5,17,Li,1,False,13,13.0,0.25,0.1743371265448155
R04_F05,4,5,17,Ni,1,False,16,16.0,0.25,0.0283915718660397
R04_F05,4,5,17,Be,1,False,15,15.0,0.25,0.0785638747752528
R04_F05,4,5,17,Sc,1,False,10,10.0,0.25,0.2166044322797195
R04_F05,4,5,17,Tsol,1,True,1,1.0,0.25,0.6704093071287938
R04_F05,4,5,17,Tage,1,True,2,2.0,0.25,0.5332194765116092
R04_F05,4,5,17,tage,1,True,3,3.0,0.25,0.2346257975792434
R05_F01,5,1,3,Si,0,False,0,,0.75,
R05_F01,5,1,3,Fe,0,False,0,,0.75,
R05_F01,5,1,3,Cu,0,False,0,,0.75,
R05_F01,5,1,3,Mn,0,False,0,,0.75,
R05_F01,5,1,3,Mg,0,False,0,,0.75,
R05_F01,5,1,3,Cr,0,False,0,,0.75,
R05_F01,5,1,3,Zn,0,False,0,,0.75,
R05_F01,5,1,3,V,0,False,0,,0.75,
R05_F01,5,1,3,Ti,0,False,0,,0.75,
R05_F01,5,1,3,Zr,0,False,0,,0.75,
R05_F01,5,1,3,Li,0,False,0,,0.75,
R05_F01,5,1,3,Ni,0,False,0,,0.75,
R05_F01,5,1,3,Be,0,False,0,,0.75,
R05_F01,5,1,3,Sc,0,False,0,,0.75,
R05_F01,5,1,3,Tsol,1,True,1,1.0,0.75,0.7156992008552403
R05_F01,5,1,3,Tage,1,True,2,2.0,0.75,0.4177866879837399
R05_F01,5,1,3,tage,1,True,3,3.0,0.75,0.0881384167786365
R05_F01,5,1,4,Si,0,False,0,,0.0,
R05_F01,5,1,4,Fe,0,False,0,,0.0,
R05_F01,5,1,4,Cu,0,False,0,,0.0,
R05_F01,5,1,4,Mn,0,False,0,,0.0,
R05_F01,5,1,4,Mg,0,False,0,,0.0,
R05_F01,5,1,4,Cr,0,False,0,,0.0,
R05_F01,5,1,4,Zn,1,False,4,4.0,0.0,1.0
R05_F01,5,1,4,V,0,False,0,,0.0,
R05_F01,5,1,4,Ti,0,False,0,,0.0,
R05_F01,5,1,4,Zr,0,False,0,,0.0,
R05_F01,5,1,4,Li,0,False,0,,0.0,
R05_F01,5,1,4,Ni,0,False,0,,0.0,
R05_F01,5,1,4,Be,0,False,0,,0.0,
R05_F01,5,1,4,Sc,0,False,0,,0.0,
R05_F01,5,1,4,Tsol,1,True,1,1.0,0.0,0.5152121305810505
R05_F01,5,1,4,Tage,1,True,2,2.0,0.0,0.4304393058491954
R05_F01,5,1,4,tage,1,True,3,3.0,0.0,0.3525536671145463
R05_F01,5,1,5,Si,0,False,0,,0.75,
R05_F01,5,1,5,Fe,0,False,0,,0.75,
R05_F01,5,1,5,Cu,0,False,0,,0.75,
R05_F01,5,1,5,Mn,0,False,0,,0.75,
R05_F01,5,1,5,Mg,1,False,5,5.0,0.75,0.7384422137214834
R05_F01,5,1,5,Cr,0,False,0,,0.75,
R05_F01,5,1,5,Zn,1,False,4,4.0,0.75,1.0
R05_F01,5,1,5,V,0,False,0,,0.75,
R05_F01,5,1,5,Ti,0,False,0,,0.75,
R05_F01,5,1,5,Zr,0,False,0,,0.75,
R05_F01,5,1,5,Li,0,False,0,,0.75,
R05_F01,5,1,5,Ni,0,False,0,,0.75,
R05_F01,5,1,5,Be,0,False,0,,0.75,
R05_F01,5,1,5,Sc,0,False,0,,0.75,
R05_F01,5,1,5,Tsol,1,True,1,1.0,0.75,0.7156992008552403
R05_F01,5,1,5,Tage,1,True,2,2.0,0.75,0.4177866879837399
R05_F01,5,1,5,tage,1,True,3,3.0,0.75,0.0881384167786365
R05_F01,5,1,6,Si,0,False,0,,0.25,
R05_F01,5,1,6,Fe,0,False,0,,0.25,
R05_F01,5,1,6,Cu,1,False,6,6.0,0.25,0.3387173230727959
R05_F01,5,1,6,Mn,0,False,0,,0.25,
R05_F01,5,1,6,Mg,1,False,5,5.0,0.25,0.5579068573705274
R05_F01,5,1,6,Cr,0,False,0,,0.25,
R05_F01,5,1,6,Zn,1,False,4,4.0,0.25,1.0
R05_F01,5,1,6,V,0,False,0,,0.25,
R05_F01,5,1,6,Ti,0,False,0,,0.25,
R05_F01,5,1,6,Zr,0,False,0,,0.25,
R05_F01,5,1,6,Li,0,False,0,,0.25,
R05_F01,5,1,6,Ni,0,False,0,,0.25,
R05_F01,5,1,6,Be,0,False,0,,0.25,
R05_F01,5,1,6,Sc,0,False,0,,0.25,
R05_F01,5,1,6,Tsol,1,True,1,1.0,0.25,0.5820411540057805
R05_F01,5,1,6,Tage,1,True,2,2.0,0.25,0.4262217665607102
R05_F01,5,1,6,tage,1,True,3,3.0,0.25,0.2644152503359097
R05_F01,5,1,7,Si,0,False,0,,0.0,
R05_F01,5,1,7,Fe,0,False,0,,0.0,
R05_F01,5,1,7,Cu,1,False,6,6.0,0.0,0.3495775651762086
R05_F01,5,1,7,Mn,0,False,0,,0.0,
R05_F01,5,1,7,Mg,1,False,5,5.0,0.0,0.4676391791950493
R05_F01,5,1,7,Cr,0,False,0,,0.0,
R05_F01,5,1,7,Zn,1,False,4,4.0,0.0,1.0
R05_F01,5,1,7,V,0,False,0,,0.0,
R05_F01,5,1,7,Ti,0,False,0,,0.0,
R05_F01,5,1,7,Zr,1,False,7,7.0,0.0,0.2362216643471768
R05_F01,5,1,7,Li,0,False,0,,0.0,
R05_F01,5,1,7,Ni,0,False,0,,0.0,
R05_F01,5,1,7,Be,0,False,0,,0.0,
R05_F01,5,1,7,Sc,0,False,0,,0.0,
R05_F01,5,1,7,Tsol,1,True,1,1.0,0.0,0.5152121305810505
R05_F01,5,1,7,Tage,1,True,2,2.0,0.0,0.4304393058491954
R05_F01,5,1,7,tage,1,True,3,3.0,0.0,0.3525536671145463
R05_F01,5,1,8,Si,0,False,0,,0.5,
R05_F01,5,1,8,Fe,1,False,8,8.0,0.5,0.3217245096605096
R05_F01,5,1,8,Cu,1,False,7,7.0,0.5,0.3278570809693831
R05_F01,5,1,8,Mn,0,False,0,,0.5,
R05_F01,5,1,8,Mg,1,False,5,5.0,0.5,0.6481745355460055
R05_F01,5,1,8,Cr,0,False,0,,0.5,
R05_F01,5,1,8,Zn,1,False,4,4.0,0.5,1.0
R05_F01,5,1,8,V,0,False,0,,0.5,
R05_F01,5,1,8,Ti,1,False,6,6.0,0.5,0.339961579739242
R05_F01,5,1,8,Zr,0,False,0,,0.5,
R05_F01,5,1,8,Li,0,False,0,,0.5,
R05_F01,5,1,8,Ni,0,False,0,,0.5,
R05_F01,5,1,8,Be,0,False,0,,0.5,
R05_F01,5,1,8,Sc,0,False,0,,0.5,
R05_F01,5,1,8,Tsol,1,True,1,1.0,0.5,0.6488701774305103
R05_F01,5,1,8,Tage,1,True,2,2.0,0.5,0.4220042272722251
R05_F01,5,1,8,tage,1,True,3,3.0,0.5,0.1762768335572731
R05_F01,5,1,9,Si,0,False,0,,0.25,
R05_F01,5,1,9,Fe,1,False,9,9.0,0.25,0.2657297603325597
R05_F01,5,1,9,Cu,1,False,6,6.0,0.25,0.3387173230727959
R05_F01,5,1,9,Mn,0,False,0,,0.25,
R05_F01,5,1,9,Mg,1,False,5,5.0,0.25,0.5579068573705274
R05_F01,5,1,9,Cr,0,False,0,,0.25,
R05_F01,5,1,9,Zn,1,False,4,4.0,0.25,1.0
R05_F01,5,1,9,V,0,False,0,,0.25,
R05_F01,5,1,9,Ti,1,False,8,8.0,0.25,0.2764650591484461
R05_F01,5,1,9,Zr,1,False,7,7.0,0.25,0.2789473411584809
R05_F01,5,1,9,Li,0,False,0,,0.25,
R05_F01,5,1,9,Ni,0,False,0,,0.25,
R05_F01,5,1,9,Be,0,False,0,,0.25,
R05_F01,5,1,9,Sc,0,False,0,,0.25,
R05_F01,5,1,9,Tsol,1,True,1,1.0,0.25,0.5820411540057805
R05_F01,5,1,9,Tage,1,True,2,2.0,0.25,0.4262217665607102
R05_F01,5,1,9,tage,1,True,3,3.0,0.25,0.2644152503359097
R05_F01,5,1,10,Si,1,False,10,10.0,0.25,0.2028448467037293
R05_F01,5,1,10,Fe,1,False,9,9.0,0.25,0.2657297603325597
R05_F01,5,1,10,Cu,1,False,6,6.0,0.25,0.3387173230727959
R05_F01,5,1,10,Mn,0,False,0,,0.25,
R05_F01,5,1,10,Mg,1,False,5,5.0,0.25,0.5579068573705274
R05_F01,5,1,10,Cr,0,False,0,,0.25,
R05_F01,5,1,10,Zn,1,False,4,4.0,0.25,1.0
R05_F01,5,1,10,V,0,False,0,,0.25,
R05_F01,5,1,10,Ti,1,False,8,8.0,0.25,0.2764650591484461
R05_F01,5,1,10,Zr,1,False,7,7.0,0.25,0.2789473411584809
R05_F01,5,1,10,Li,0,False,0,,0.25,
R05_F01,5,1,10,Ni,0,False,0,,0.25,
R05_F01,5,1,10,Be,0,False,0,,0.25,
R05_F01,5,1,10,Sc,0,False,0,,0.25,
R05_F01,5,1,10,Tsol,1,True,1,1.0,0.25,0.5820411540057805
R05_F01,5,1,10,Tage,1,True,2,2.0,0.25,0.4262217665607102
R05_F01,5,1,10,tage,1,True,3,3.0,0.25,0.2644152503359097
R05_F01,5,1,11,Si,1,False,11,11.0,0.5,0.2804244226901735
R05_F01,5,1,11,Fe,1,False,8,8.0,0.5,0.3217245096605096
R05_F01,5,1,11,Cu,1,False,7,7.0,0.5,0.3278570809693831
R05_F01,5,1,11,Mn,0,False,0,,0.5,
R05_F01,5,1,11,Mg,1,False,5,5.0,0.5,0.6481745355460055
R05_F01,5,1,11,Cr,0,False,0,,0.5,
R05_F01,5,1,11,Zn,1,False,4,4.0,0.5,1.0
R05_F01,5,1,11,V,0,False,0,,0.5,
R05_F01,5,1,11,Ti,1,False,6,6.0,0.5,0.339961579739242
R05_F01,5,1,11,Zr,1,False,9,9.0,0.5,0.3216730179697851
R05_F01,5,1,11,Li,0,False,0,,0.5,
R05_F01,5,1,11,Ni,0,False,0,,0.5,
R05_F01,5,1,11,Be,0,False,0,,0.5,
R05_F01,5,1,11,Sc,1,False,10,10.0,0.5,0.2874666318538036
R05_F01,5,1,11,Tsol,1,True,1,1.0,0.5,0.6488701774305103
R05_F01,5,1,11,Tage,1,True,2,2.0,0.5,0.4220042272722251
R05_F01,5,1,11,tage,1,True,3,3.0,0.5,0.1762768335572731
R05_F01,5,1,12,Si,1,False,11,11.0,0.5,0.2804244226901735
R05_F01,5,1,12,Fe,1,False,8,8.0,0.5,0.3217245096605096
R05_F01,5,1,12,Cu,1,False,7,7.0,0.5,0.3278570809693831
R05_F01,5,1,12,Mn,0,False,0,,0.5,
R05_F01,5,1,12,Mg,1,False,5,5.0,0.5,0.6481745355460055
R05_F01,5,1,12,Cr,1,False,12,12.0,0.5,0.2249858304588081
R05_F01,5,1,12,Zn,1,False,4,4.0,0.5,1.0
R05_F01,5,1,12,V,0,False,0,,0.5,
R05_F01,5,1,12,Ti,1,False,6,6.0,0.5,0.339961579739242
R05_F01,5,1,12,Zr,1,False,9,9.0,0.5,0.3216730179697851
R05_F01,5,1,12,Li,0,False,0,,0.5,
R05_F01,5,1,12,Ni,0,False,0,,0.5,
R05_F01,5,1,12,Be,0,False,0,,0.5,
R05_F01,5,1,12,Sc,1,False,10,10.0,0.5,0.2874666318538036
R05_F01,5,1,12,Tsol,1,True,1,1.0,0.5,0.6488701774305103
R05_F01,5,1,12,Tage,1,True,2,2.0,0.5,0.4220042272722251
R05_F01,5,1,12,tage,1,True,3,3.0,0.5,0.1762768335572731
R05_F01,5,1,13,Si,1,False,10,10.0,0.75,0.3580039986766177
R05_F01,5,1,13,Fe,1,False,7,7.0,0.75,0.3777192589884594
R05_F01,5,1,13,Cu,1,False,11,11.0,0.75,0.3169968388659704
R05_F01,5,1,13,Mn,0,False,0,,0.75,
R05_F01,5,1,13,Mg,1,False,5,5.0,0.75,0.7384422137214834
R05_F01,5,1,13,Cr,1,False,12,12.0,0.75,0.2752426401091803
R05_F01,5,1,13,Zn,1,False,4,4.0,0.75,1.0
R05_F01,5,1,13,V,0,False,0,,0.75,
R05_F01,5,1,13,Ti,1,False,6,6.0,0.75,0.403458100330038
R05_F01,5,1,13,Zr,1,False,9,9.0,0.75,0.3643986947810892
R05_F01,5,1,13,Li,1,False,13,13.0,0.75,0.23347838712577
R05_F01,5,1,13,Ni,0,False,0,,0.75,
R05_F01,5,1,13,Be,0,False,0,,0.75,
R05_F01,5,1,13,Sc,1,False,8,8.0,0.75,0.3751665086340818
R05_F01,5,1,13,Tsol,1,True,1,1.0,0.75,0.7156992008552403
R05_F01,5,1,13,Tage,1,True,2,2.0,0.75,0.4177866879837399
R05_F01,5,1,13,tage,1,True,3,3.0,0.75,0.0881384167786365
R05_F01,5,1,14,Si,1,False,10,10.0,0.25,0.2028448467037293
R05_F01,5,1,14,Fe,1,False,9,9.0,0.25,0.2657297603325597
R05_F01,5,1,14,Cu,1,False,6,6.0,0.25,0.3387173230727959
R05_F01,5,1,14,Mn,1,False,14,14.0,0.25,0.1405805850095929
R05_F01,5,1,14,Mg,1,False,5,5.0,0.25,0.5579068573705274
R05_F01,5,1,14,Cr,1,False,12,12.0,0.25,0.1747290208084359
R05_F01,5,1,14,Zn,1,False,4,4.0,0.25,1.0
R05_F01,5,1,14,V,0,False,0,,0.25,
R05_F01,5,1,14,Ti,1,False,8,8.0,0.25,0.2764650591484461
R05_F01,5,1,14,Zr,1,False,7,7.0,0.25,0.2789473411584809
R05_F01,5,1,14,Li,1,False,13,13.0,0.25,0.1584881101749112
R05_F01,5,1,14,Ni,0,False,0,,0.25,
R05_F01,5,1,14,Be,0,False,0,,0.25,
R05_F01,5,1,14,Sc,1,False,11,11.0,0.25,0.1997667550735255
R05_F01,5,1,14,Tsol,1,True,1,1.0,0.25,0.5820411540057805
R05_F01,5,1,14,Tage,1,True,2,2.0,0.25,0.4262217665607102
R05_F01,5,1,14,tage,1,True,3,3.0,0.25,0.2644152503359097
R05_F01,5,1,15,Si,1,False,10,10.0,0.25,0.2028448467037293
R05_F01,5,1,15,Fe,1,False,9,9.0,0.25,0.2657297603325597
R05_F01,5,1,15,Cu,1,False,6,6.0,0.25,0.3387173230727959
R05_F01,5,1,15,Mn,1,False,14,14.0,0.25,0.1405805850095929
R05_F01,5,1,15,Mg,1,False,5,5.0,0.25,0.5579068573705274
R05_F01,5,1,15,Cr,1,False,12,12.0,0.25,0.1747290208084359
R05_F01,5,1,15,Zn,1,False,4,4.0,0.25,1.0
R05_F01,5,1,15,V,0,False,0,,0.25,
R05_F01,5,1,15,Ti,1,False,8,8.0,0.25,0.2764650591484461
R05_F01,5,1,15,Zr,1,False,7,7.0,0.25,0.2789473411584809
R05_F01,5,1,15,Li,1,False,13,13.0,0.25,0.1584881101749112
R05_F01,5,1,15,Ni,0,False,0,,0.25,
R05_F01,5,1,15,Be,1,False,15,15.0,0.25,0.0644833998806384
R05_F01,5,1,15,Sc,1,False,11,11.0,0.25,0.1997667550735255
R05_F01,5,1,15,Tsol,1,True,1,1.0,0.25,0.5820411540057805
R05_F01,5,1,15,Tage,1,True,2,2.0,0.25,0.4262217665607102
R05_F01,5,1,15,tage,1,True,3,3.0,0.25,0.2644152503359097
R05_F01,5,1,16,Si,1,False,11,11.0,0.0,0.1252652707172852
R05_F01,5,1,16,Fe,1,False,9,9.0,0.0,0.2097350110046098
R05_F01,5,1,16,Cu,1,False,6,6.0,0.0,0.3495775651762086
R05_F01,5,1,16,Mn,1,False,10,10.0,0.0,0.1503113570066608
R05_F01,5,1,16,Mg,1,False,5,5.0,0.0,0.4676391791950493
R05_F01,5,1,16,Cr,1,False,12,12.0,0.0,0.1244722111580636
R05_F01,5,1,16,Zn,1,False,4,4.0,0.0,1.0
R05_F01,5,1,16,V,0,False,0,,0.0,
R05_F01,5,1,16,Ti,1,False,8,8.0,0.0,0.2129685385576502
R05_F01,5,1,16,Zr,1,False,7,7.0,0.0,0.2362216643471768
R05_F01,5,1,16,Li,1,False,13,13.0,0.0,0.1209929716994818
R05_F01,5,1,16,Ni,1,False,15,15.0,0.0,0.0145303181047294
R05_F01,5,1,16,Be,1,False,16,16.0,0.0,0.0130301911178788
R05_F01,5,1,16,Sc,1,False,14,14.0,0.0,0.1120668782932473
R05_F01,5,1,16,Tsol,1,True,1,1.0,0.0,0.5152121305810505
R05_F01,5,1,16,Tage,1,True,2,2.0,0.0,0.4304393058491954
R05_F01,5,1,16,tage,1,True,3,3.0,0.0,0.3525536671145463
R05_F01,5,1,17,Si,1,False,11,11.0,0.5,0.2804244226901735
R05_F01,5,1,17,Fe,1,False,8,8.0,0.5,0.3217245096605096
R05_F01,5,1,17,Cu,1,False,7,7.0,0.5,0.3278570809693831
R05_F01,5,1,17,Mn,1,False,14,14.0,0.5,0.130849813012525
R05_F01,5,1,17,Mg,1,False,5,5.0,0.5,0.6481745355460055
R05_F01,5,1,17,Cr,1,False,12,12.0,0.5,0.2249858304588081
R05_F01,5,1,17,Zn,1,False,4,4.0,0.5,1.0
R05_F01,5,1,17,V,1,False,17,17.0,0.5,0.0777687459487845
R05_F01,5,1,17,Ti,1,False,6,6.0,0.5,0.339961579739242
R05_F01,5,1,17,Zr,1,False,9,9.0,0.5,0.3216730179697851
R05_F01,5,1,17,Li,1,False,13,13.0,0.5,0.1959832486503406
R05_F01,5,1,17,Ni,1,False,16,16.0,0.5,0.0868769702555827
R05_F01,5,1,17,Be,1,False,15,15.0,0.5,0.115936608643398
R05_F01,5,1,17,Sc,1,False,10,10.0,0.5,0.2874666318538036
R05_F01,5,1,17,Tsol,1,True,1,1.0,0.5,0.6488701774305103
R05_F01,5,1,17,Tage,1,True,2,2.0,0.5,0.4220042272722251
R05_F01,5,1,17,tage,1,True,3,3.0,0.5,0.1762768335572731
R05_F02,5,2,3,Si,0,False,0,,1.0,
R05_F02,5,2,3,Fe,0,False,0,,1.0,
R05_F02,5,2,3,Cu,0,False,0,,1.0,
R05_F02,5,2,3,Mn,0,False,0,,1.0,
R05_F02,5,2,3,Mg,0,False,0,,1.0,
R05_F02,5,2,3,Cr,0,False,0,,1.0,
R05_F02,5,2,3,Zn,0,False,0,,1.0,
R05_F02,5,2,3,V,0,False,0,,1.0,
R05_F02,5,2,3,Ti,0,False,0,,1.0,
R05_F02,5,2,3,Zr,0,False,0,,1.0,
R05_F02,5,2,3,Li,0,False,0,,1.0,
R05_F02,5,2,3,Ni,0,False,0,,1.0,
R05_F02,5,2,3,Be,0,False,0,,1.0,
R05_F02,5,2,3,Sc,0,False,0,,1.0,
R05_F02,5,2,3,Tsol,1,True,1,1.0,1.0,0.7816625951291939
R05_F02,5,2,3,Tage,1,True,2,2.0,1.0,0.4113212529407781
R05_F02,5,2,3,tage,1,True,3,3.0,1.0,0.0
R05_F02,5,2,4,Si,0,False,0,,0.75,
R05_F02,5,2,4,Fe,0,False,0,,0.75,
R05_F02,5,2,4,Cu,0,False,0,,0.75,
R05_F02,5,2,4,Mn,0,False,0,,0.75,
R05_F02,5,2,4,Mg,0,False,0,,0.75,
R05_F02,5,2,4,Cr,0,False,0,,0.75,
R05_F02,5,2,4,Zn,1,False,4,4.0,0.75,1.0
R05_F02,5,2,4,V,0,False,0,,0.75,
R05_F02,5,2,4,Ti,0,False,0,,0.75,
R05_F02,5,2,4,Zr,0,False,0,,0.75,
R05_F02,5,2,4,Li,0,False,0,,0.75,
R05_F02,5,2,4,Ni,0,False,0,,0.75,
R05_F02,5,2,4,Be,0,False,0,,0.75,
R05_F02,5,2,4,Sc,0,False,0,,0.75,
R05_F02,5,2,4,Tsol,1,True,1,1.0,0.75,0.7128000406713658
R05_F02,5,2,4,Tage,1,True,2,2.0,0.75,0.4397273741069386
R05_F02,5,2,4,tage,1,True,3,3.0,0.75,0.0830281282579515
R05_F02,5,2,5,Si,0,False,0,,0.75,
R05_F02,5,2,5,Fe,0,False,0,,0.75,
R05_F02,5,2,5,Cu,0,False,0,,0.75,
R05_F02,5,2,5,Mn,0,False,0,,0.75,
R05_F02,5,2,5,Mg,1,False,5,5.0,0.75,0.7247001762136361
R05_F02,5,2,5,Cr,0,False,0,,0.75,
R05_F02,5,2,5,Zn,1,False,4,4.0,0.75,1.0
R05_F02,5,2,5,V,0,False,0,,0.75,
R05_F02,5,2,5,Ti,0,False,0,,0.75,
R05_F02,5,2,5,Zr,0,False,0,,0.75,
R05_F02,5,2,5,Li,0,False,0,,0.75,
R05_F02,5,2,5,Ni,0,False,0,,0.75,
R05_F02,5,2,5,Be,0,False,0,,0.75,
R05_F02,5,2,5,Sc,0,False,0,,0.75,
R05_F02,5,2,5,Tsol,1,True,1,1.0,0.75,0.7128000406713658
R05_F02,5,2,5,Tage,1,True,2,2.0,0.75,0.4397273741069386
R05_F02,5,2,5,tage,1,True,3,3.0,0.75,0.0830281282579515
R05_F02,5,2,6,Si,0,False,0,,0.0,
R05_F02,5,2,6,Fe,0,False,0,,0.0,
R05_F02,5,2,6,Cu,1,False,6,6.0,0.0,0.2965290724600271
R05_F02,5,2,6,Mn,0,False,0,,0.0,
R05_F02,5,2,6,Mg,1,False,5,5.0,0.0,0.4090108611644472
R05_F02,5,2,6,Cr,0,False,0,,0.0,
R05_F02,5,2,6,Zn,1,False,4,4.0,0.0,1.0
R05_F02,5,2,6,V,0,False,0,,0.0,
R05_F02,5,2,6,Ti,0,False,0,,0.0,
R05_F02,5,2,6,Zr,0,False,0,,0.0,
R05_F02,5,2,6,Li,0,False,0,,0.0,
R05_F02,5,2,6,Ni,0,False,0,,0.0,
R05_F02,5,2,6,Be,0,False,0,,0.0,
R05_F02,5,2,6,Sc,0,False,0,,0.0,
R05_F02,5,2,6,Tsol,1,True,1,1.0,0.0,0.5062123772978815
R05_F02,5,2,6,Tage,1,True,2,2.0,0.0,0.5249457376054204
R05_F02,5,2,6,tage,1,True,3,3.0,0.0,0.3321125130318062
R05_F02,5,2,7,Si,0,False,0,,0.25,
R05_F02,5,2,7,Fe,0,False,0,,0.25,
R05_F02,5,2,7,Cu,1,False,6,6.0,0.25,0.3065355159003968
R05_F02,5,2,7,Mn,0,False,0,,0.25,
R05_F02,5,2,7,Mg,1,False,5,5.0,0.25,0.5142406328475102
R05_F02,5,2,7,Cr,0,False,0,,0.25,
R05_F02,5,2,7,Zn,1,False,4,4.0,0.25,1.0
R05_F02,5,2,7,V,0,False,0,,0.25,
R05_F02,5,2,7,Ti,1,False,7,7.0,0.25,0.3018098044773356
R05_F02,5,2,7,Zr,0,False,0,,0.25,
R05_F02,5,2,7,Li,0,False,0,,0.25,
R05_F02,5,2,7,Ni,0,False,0,,0.25,
R05_F02,5,2,7,Be,0,False,0,,0.25,
R05_F02,5,2,7,Sc,0,False,0,,0.25,
R05_F02,5,2,7,Tsol,1,True,1,1.0,0.25,0.5750749317557096
R05_F02,5,2,7,Tage,1,True,2,2.0,0.25,0.4965396164392598
R05_F02,5,2,7,tage,1,True,3,3.0,0.25,0.2490843847738546
R05_F02,5,2,8,Si,0,False,0,,0.25,
R05_F02,5,2,8,Fe,1,False,8,8.0,0.25,0.2630691732312595
R05_F02,5,2,8,Cu,1,False,6,6.0,0.25,0.3065355159003968
R05_F02,5,2,8,Mn,0,False,0,,0.25,
R05_F02,5,2,8,Mg,1,False,5,5.0,0.25,0.5142406328475102
R05_F02,5,2,8,Cr,0,False,0,,0.25,
R05_F02,5,2,8,Zn,1,False,4,4.0,0.25,1.0
R05_F02,5,2,8,V,0,False,0,,0.25,
R05_F02,5,2,8,Ti,1,False,7,7.0,0.25,0.3018098044773356
R05_F02,5,2,8,Zr,0,False,0,,0.25,
R05_F02,5,2,8,Li,0,False,0,,0.25,
R05_F02,5,2,8,Ni,0,False,0,,0.25,
R05_F02,5,2,8,Be,0,False,0,,0.25,
R05_F02,5,2,8,Sc,0,False,0,,0.25,
R05_F02,5,2,8,Tsol,1,True,1,1.0,0.25,0.5750749317557096
R05_F02,5,2,8,Tage,1,True,2,2.0,0.25,0.4965396164392598
R05_F02,5,2,8,tage,1,True,3,3.0,0.25,0.2490843847738546
R05_F02,5,2,9,Si,1,False,9,9.0,0.25,0.197832120431171
R05_F02,5,2,9,Fe,1,False,8,8.0,0.25,0.2630691732312595
R05_F02,5,2,9,Cu,1,False,6,6.0,0.25,0.3065355159003968
R05_F02,5,2,9,Mn,0,False,0,,0.25,
R05_F02,5,2,9,Mg,1,False,5,5.0,0.25,0.5142406328475102
R05_F02,5,2,9,Cr,0,False,0,,0.25,
R05_F02,5,2,9,Zn,1,False,4,4.0,0.25,1.0
R05_F02,5,2,9,V,0,False,0,,0.25,
R05_F02,5,2,9,Ti,1,False,7,7.0,0.25,0.3018098044773356
R05_F02,5,2,9,Zr,0,False,0,,0.25,
R05_F02,5,2,9,Li,0,False,0,,0.25,
R05_F02,5,2,9,Ni,0,False,0,,0.25,
R05_F02,5,2,9,Be,0,False,0,,0.25,
R05_F02,5,2,9,Sc,0,False,0,,0.25,
R05_F02,5,2,9,Tsol,1,True,1,1.0,0.25,0.5750749317557096
R05_F02,5,2,9,Tage,1,True,2,2.0,0.25,0.4965396164392598
R05_F02,5,2,9,tage,1,True,3,3.0,0.25,0.2490843847738546
R05_F02,5,2,10,Si,1,False,9,9.0,0.25,0.197832120431171
R05_F02,5,2,10,Fe,1,False,8,8.0,0.25,0.2630691732312595
R05_F02,5,2,10,Cu,1,False,6,6.0,0.25,0.3065355159003968
R05_F02,5,2,10,Mn,0,False,0,,0.25,
R05_F02,5,2,10,Mg,1,False,5,5.0,0.25,0.5142406328475102
R05_F02,5,2,10,Cr,0,False,0,,0.25,
R05_F02,5,2,10,Zn,1,False,4,4.0,0.25,1.0
R05_F02,5,2,10,V,0,False,0,,0.25,
R05_F02,5,2,10,Ti,1,False,7,7.0,0.25,0.3018098044773356
R05_F02,5,2,10,Zr,1,False,10,10.0,0.25,0.1883987357163495
R05_F02,5,2,10,Li,0,False,0,,0.25,
R05_F02,5,2,10,Ni,0,False,0,,0.25,
R05_F02,5,2,10,Be,0,False,0,,0.25,
R05_F02,5,2,10,Sc,0,False,0,,0.25,
R05_F02,5,2,10,Tsol,1,True,1,1.0,0.25,0.5750749317557096
R05_F02,5,2,10,Tage,1,True,2,2.0,0.25,0.4965396164392598
R05_F02,5,2,10,tage,1,True,3,3.0,0.25,0.2490843847738546
R05_F02,5,2,11,Si,1,False,9,9.0,0.25,0.197832120431171
R05_F02,5,2,11,Fe,1,False,8,8.0,0.25,0.2630691732312595
R05_F02,5,2,11,Cu,1,False,6,6.0,0.25,0.3065355159003968
R05_F02,5,2,11,Mn,0,False,0,,0.25,
R05_F02,5,2,11,Mg,1,False,5,5.0,0.25,0.5142406328475102
R05_F02,5,2,11,Cr,1,False,11,11.0,0.25,0.169126641166654
R05_F02,5,2,11,Zn,1,False,4,4.0,0.25,1.0
R05_F02,5,2,11,V,0,False,0,,0.25,
R05_F02,5,2,11,Ti,1,False,7,7.0,0.25,0.3018098044773356
R05_F02,5,2,11,Zr,1,False,10,10.0,0.25,0.1883987357163495
R05_F02,5,2,11,Li,0,False,0,,0.25,
R05_F02,5,2,11,Ni,0,False,0,,0.25,
R05_F02,5,2,11,Be,0,False,0,,0.25,
R05_F02,5,2,11,Sc,0,False,0,,0.25,
R05_F02,5,2,11,Tsol,1,True,1,1.0,0.25,0.5750749317557096
R05_F02,5,2,11,Tage,1,True,2,2.0,0.25,0.4965396164392598
R05_F02,5,2,11,tage,1,True,3,3.0,0.25,0.2490843847738546
R05_F02,5,2,12,Si,1,False,9,9.0,0.75,0.3158643038372659
R05_F02,5,2,12,Fe,1,False,7,7.0,0.75,0.3544913738372054
R05_F02,5,2,12,Cu,1,False,8,8.0,0.75,0.3265484027811364
R05_F02,5,2,12,Mn,0,False,0,,0.75,
R05_F02,5,2,12,Mg,1,False,5,5.0,0.75,0.7247001762136361
R05_F02,5,2,12,Cr,1,False,12,12.0,0.75,0.231608585941842
R05_F02,5,2,12,Zn,1,False,4,4.0,0.75,1.0
R05_F02,5,2,12,V,0,False,0,,0.75,
R05_F02,5,2,12,Ti,1,False,6,6.0,0.75,0.4267976486694352
R05_F02,5,2,12,Zr,1,False,11,11.0,0.75,0.2510218499768619
R05_F02,5,2,12,Li,0,False,0,,0.75,
R05_F02,5,2,12,Ni,0,False,0,,0.75,
R05_F02,5,2,12,Be,0,False,0,,0.75,
R05_F02,5,2,12,Sc,1,False,10,10.0,0.75,0.3133502193331135
R05_F02,5,2,12,Tsol,1,True,1,1.0,0.75,0.7128000406713658
R05_F02,5,2,12,Tage,1,True,2,2.0,0.75,0.4397273741069386
R05_F02,5,2,12,tage,1,True,3,3.0,0.75,0.0830281282579515
R05_F02,5,2,13,Si,1,False,9,9.0,0.25,0.197832120431171
R05_F02,5,2,13,Fe,1,False,8,8.0,0.25,0.2630691732312595
R05_F02,5,2,13,Cu,1,False,6,6.0,0.25,0.3065355159003968
R05_F02,5,2,13,Mn,0,False,0,,0.25,
R05_F02,5,2,13,Mg,1,False,5,5.0,0.25,0.5142406328475102
R05_F02,5,2,13,Cr,1,False,11,11.0,0.25,0.169126641166654
R05_F02,5,2,13,Zn,1,False,4,4.0,0.25,1.0
R05_F02,5,2,13,V,0,False,0,,0.25,
R05_F02,5,2,13,Ti,1,False,7,7.0,0.25,0.3018098044773356
R05_F02,5,2,13,Zr,1,False,10,10.0,0.25,0.1883987357163495
R05_F02,5,2,13,Li,1,False,13,13.0,0.25,0.1244470123563599
R05_F02,5,2,13,Ni,0,False,0,,0.25,
R05_F02,5,2,13,Be,0,False,0,,0.25,
R05_F02,5,2,13,Sc,1,False,12,12.0,0.25,0.1643785017755888
R05_F02,5,2,13,Tsol,1,True,1,1.0,0.25,0.5750749317557096
R05_F02,5,2,13,Tage,1,True,2,2.0,0.25,0.4965396164392598
R05_F02,5,2,13,tage,1,True,3,3.0,0.25,0.2490843847738546
R05_F02,5,2,14,Si,1,False,9,9.0,0.25,0.197832120431171
R05_F02,5,2,14,Fe,1,False,8,8.0,0.25,0.2630691732312595
R05_F02,5,2,14,Cu,1,False,6,6.0,0.25,0.3065355159003968
R05_F02,5,2,14,Mn,1,False,14,14.0,0.25,0.1228506801174426
R05_F02,5,2,14,Mg,1,False,5,5.0,0.25,0.5142406328475102
R05_F02,5,2,14,Cr,1,False,11,11.0,0.25,0.169126641166654
R05_F02,5,2,14,Zn,1,False,4,4.0,0.25,1.0
R05_F02,5,2,14,V,0,False,0,,0.25,
R05_F02,5,2,14,Ti,1,False,7,7.0,0.25,0.3018098044773356
R05_F02,5,2,14,Zr,1,False,10,10.0,0.25,0.1883987357163495
R05_F02,5,2,14,Li,1,False,13,13.0,0.25,0.1244470123563599
R05_F02,5,2,14,Ni,0,False,0,,0.25,
R05_F02,5,2,14,Be,0,False,0,,0.25,
R05_F02,5,2,14,Sc,1,False,12,12.0,0.25,0.1643785017755888
R05_F02,5,2,14,Tsol,1,True,1,1.0,0.25,0.5750749317557096
R05_F02,5,2,14,Tage,1,True,2,2.0,0.25,0.4965396164392598
R05_F02,5,2,14,tage,1,True,3,3.0,0.25,0.2490843847738546
R05_F02,5,2,15,Si,1,False,9,9.0,0.25,0.197832120431171
R05_F02,5,2,15,Fe,1,False,8,8.0,0.25,0.2630691732312595
R05_F02,5,2,15,Cu,1,False,6,6.0,0.25,0.3065355159003968
R05_F02,5,2,15,Mn,1,False,14,14.0,0.25,0.1228506801174426
R05_F02,5,2,15,Mg,1,False,5,5.0,0.25,0.5142406328475102
R05_F02,5,2,15,Cr,1,False,11,11.0,0.25,0.169126641166654
R05_F02,5,2,15,Zn,1,False,4,4.0,0.25,1.0
R05_F02,5,2,15,V,0,False,0,,0.25,
R05_F02,5,2,15,Ti,1,False,7,7.0,0.25,0.3018098044773356
R05_F02,5,2,15,Zr,1,False,10,10.0,0.25,0.1883987357163495
R05_F02,5,2,15,Li,1,False,13,13.0,0.25,0.1244470123563599
R05_F02,5,2,15,Ni,0,False,0,,0.25,
R05_F02,5,2,15,Be,1,False,15,15.0,0.25,0.0826552703191422
R05_F02,5,2,15,Sc,1,False,12,12.0,0.25,0.1643785017755888
R05_F02,5,2,15,Tsol,1,True,1,1.0,0.25,0.5750749317557096
R05_F02,5,2,15,Tage,1,True,2,2.0,0.25,0.4965396164392598
R05_F02,5,2,15,tage,1,True,3,3.0,0.25,0.2490843847738546
R05_F02,5,2,16,Si,1,False,9,9.0,0.5,0.2568482121342185
R05_F02,5,2,16,Fe,1,False,8,8.0,0.5,0.3087802735342325
R05_F02,5,2,16,Cu,1,False,7,7.0,0.5,0.3165419593407667
R05_F02,5,2,16,Mn,1,False,15,15.0,0.5,0.1161083112196866
R05_F02,5,2,16,Mg,1,False,5,5.0,0.5,0.6194704045305732
R05_F02,5,2,16,Cr,1,False,12,12.0,0.5,0.200367613554248
R05_F02,5,2,16,Zn,1,False,4,4.0,0.5,1.0
R05_F02,5,2,16,V,0,False,0,,0.5,
R05_F02,5,2,16,Ti,1,False,6,6.0,0.5,0.3643037265733854
R05_F02,5,2,16,Zr,1,False,11,11.0,0.5,0.2197102928466057
R05_F02,5,2,16,Li,1,False,13,13.0,0.5,0.159140164464244
R05_F02,5,2,16,Ni,1,False,16,16.0,0.5,0.0777001907678391
R05_F02,5,2,16,Be,1,False,14,14.0,0.5,0.1175558687857562
R05_F02,5,2,16,Sc,1,False,10,10.0,0.5,0.2388643605543512
R05_F02,5,2,16,Tsol,1,True,1,1.0,0.5,0.6439374862135376
R05_F02,5,2,16,Tage,1,True,2,2.0,0.5,0.4681334952730992
R05_F02,5,2,16,tage,1,True,3,3.0,0.5,0.1660562565159031
R05_F02,5,2,17,Si,1,False,9,9.0,0.75,0.3158643038372659
R05_F02,5,2,17,Fe,1,False,7,7.0,0.75,0.3544913738372054
R05_F02,5,2,17,Cu,1,False,8,8.0,0.75,0.3265484027811364
R05_F02,5,2,17,Mn,1,False,15,15.0,0.75,0.1093659423219306
R05_F02,5,2,17,Mg,1,False,5,5.0,0.75,0.7247001762136361
R05_F02,5,2,17,Cr,1,False,12,12.0,0.75,0.231608585941842
R05_F02,5,2,17,Zn,1,False,4,4.0,0.75,1.0
R05_F02,5,2,17,V,1,False,17,17.0,0.75,0.0206169541514001
R05_F02,5,2,17,Ti,1,False,6,6.0,0.75,0.4267976486694352
R05_F02,5,2,17,Zr,1,False,11,11.0,0.75,0.2510218499768619
R05_F02,5,2,17,Li,1,False,13,13.0,0.75,0.193833316572128
R05_F02,5,2,17,Ni,1,False,16,16.0,0.75,0.0995994531109286
R05_F02,5,2,17,Be,1,False,14,14.0,0.75,0.1524564672523702
R05_F02,5,2,17,Sc,1,False,10,10.0,0.75,0.3133502193331135
R05_F02,5,2,17,Tsol,1,True,1,1.0,0.75,0.7128000406713658
R05_F02,5,2,17,Tage,1,True,2,2.0,0.75,0.4397273741069386
R05_F02,5,2,17,tage,1,True,3,3.0,0.75,0.0830281282579515
R05_F03,5,3,3,Si,0,False,0,,0.5,
R05_F03,5,3,3,Fe,0,False,0,,0.5,
R05_F03,5,3,3,Cu,0,False,0,,0.5,
R05_F03,5,3,3,Mn,0,False,0,,0.5,
R05_F03,5,3,3,Mg,0,False,0,,0.5,
R05_F03,5,3,3,Cr,0,False,0,,0.5,
R05_F03,5,3,3,Zn,0,False,0,,0.5,
R05_F03,5,3,3,V,0,False,0,,0.5,
R05_F03,5,3,3,Ti,0,False,0,,0.5,
R05_F03,5,3,3,Zr,0,False,0,,0.5,
R05_F03,5,3,3,Li,0,False,0,,0.5,
R05_F03,5,3,3,Ni,0,False,0,,0.5,
R05_F03,5,3,3,Be,0,False,0,,0.5,
R05_F03,5,3,3,Sc,0,False,0,,0.5,
R05_F03,5,3,3,Tsol,1,True,1,1.0,0.5,0.6524728681410892
R05_F03,5,3,3,Tage,1,True,2,2.0,0.5,0.4722416696458024
R05_F03,5,3,3,tage,1,True,3,3.0,0.5,0.1731897888887065
R05_F03,5,3,4,Si,0,False,0,,1.0,
R05_F03,5,3,4,Fe,0,False,0,,1.0,
R05_F03,5,3,4,Cu,0,False,0,,1.0,
R05_F03,5,3,4,Mn,0,False,0,,1.0,
R05_F03,5,3,4,Mg,0,False,0,,1.0,
R05_F03,5,3,4,Cr,0,False,0,,1.0,
R05_F03,5,3,4,Zn,1,False,4,4.0,1.0,1.0
R05_F03,5,3,4,V,0,False,0,,1.0,
R05_F03,5,3,4,Ti,0,False,0,,1.0,
R05_F03,5,3,4,Zr,0,False,0,,1.0,
R05_F03,5,3,4,Li,0,False,0,,1.0,
R05_F03,5,3,4,Ni,0,False,0,,1.0,
R05_F03,5,3,4,Be,0,False,0,,1.0,
R05_F03,5,3,4,Sc,0,False,0,,1.0,
R05_F03,5,3,4,Tsol,1,True,1,1.0,1.0,0.7686458168227843
R05_F03,5,3,4,Tage,1,True,2,2.0,1.0,0.3920820173269487
R05_F03,5,3,4,tage,1,True,3,3.0,1.0,0.0
R05_F03,5,3,5,Si,0,False,0,,0.25,
R05_F03,5,3,5,Fe,0,False,0,,0.25,
R05_F03,5,3,5,Cu,0,False,0,,0.25,
R05_F03,5,3,5,Mn,0,False,0,,0.25,
R05_F03,5,3,5,Mg,1,False,5,5.0,0.25,0.6241133980117233
R05_F03,5,3,5,Cr,0,False,0,,0.25,
R05_F03,5,3,5,Zn,1,False,4,4.0,0.25,1.0
R05_F03,5,3,5,V,0,False,0,,0.25,
R05_F03,5,3,5,Ti,0,False,0,,0.25,
R05_F03,5,3,5,Zr,0,False,0,,0.25,
R05_F03,5,3,5,Li,0,False,0,,0.25,
R05_F03,5,3,5,Ni,0,False,0,,0.25,
R05_F03,5,3,5,Be,0,False,0,,0.25,
R05_F03,5,3,5,Sc,0,False,0,,0.25,
R05_F03,5,3,5,Tsol,1,True,1,1.0,0.25,0.5943863938002417
R05_F03,5,3,5,Tage,1,True,2,2.0,0.25,0.5123214958052291
R05_F03,5,3,5,tage,1,True,3,3.0,0.25,0.2597846833330598
R05_F03,5,3,6,Si,0,False,0,,0.25,
R05_F03,5,3,6,Fe,0,False,0,,0.25,
R05_F03,5,3,6,Cu,1,False,6,6.0,0.25,0.3462404561540716
R05_F03,5,3,6,Mn,0,False,0,,0.25,
R05_F03,5,3,6,Mg,1,False,5,5.0,0.25,0.6241133980117233
R05_F03,5,3,6,Cr,0,False,0,,0.25,
R05_F03,5,3,6,Zn,1,False,4,4.0,0.25,1.0
R05_F03,5,3,6,V,0,False,0,,0.25,
R05_F03,5,3,6,Ti,0,False,0,,0.25,
R05_F03,5,3,6,Zr,0,False,0,,0.25,
R05_F03,5,3,6,Li,0,False,0,,0.25,
R05_F03,5,3,6,Ni,0,False,0,,0.25,
R05_F03,5,3,6,Be,0,False,0,,0.25,
R05_F03,5,3,6,Sc,0,False,0,,0.25,
R05_F03,5,3,6,Tsol,1,True,1,1.0,0.25,0.5943863938002417
R05_F03,5,3,6,Tage,1,True,2,2.0,0.25,0.5123214958052291
R05_F03,5,3,6,tage,1,True,3,3.0,0.25,0.2597846833330598
R05_F03,5,3,7,Si,1,False,7,7.0,0.75,0.3902223268053681
R05_F03,5,3,7,Fe,0,False,0,,0.75,
R05_F03,5,3,7,Cu,0,False,0,,0.75,
R05_F03,5,3,7,Mn,0,False,0,,0.75,
R05_F03,5,3,7,Mg,1,False,5,5.0,0.75,0.791466368696227
R05_F03,5,3,7,Cr,0,False,0,,0.75,
R05_F03,5,3,7,Zn,1,False,4,4.0,0.75,1.0
R05_F03,5,3,7,V,0,False,0,,0.75,
R05_F03,5,3,7,Ti,1,False,6,6.0,0.75,0.4058508080446237
R05_F03,5,3,7,Zr,0,False,0,,0.75,
R05_F03,5,3,7,Li,0,False,0,,0.75,
R05_F03,5,3,7,Ni,0,False,0,,0.75,
R05_F03,5,3,7,Be,0,False,0,,0.75,
R05_F03,5,3,7,Sc,0,False,0,,0.75,
R05_F03,5,3,7,Tsol,1,True,1,1.0,0.75,0.7105593424819368
R05_F03,5,3,7,Tage,1,True,2,2.0,0.75,0.4321618434863755
R05_F03,5,3,7,tage,1,True,3,3.0,0.75,0.0865948944443532
R05_F03,5,3,8,Si,0,False,0,,0.0,
R05_F03,5,3,8,Fe,1,False,8,8.0,0.0,0.2044755005330645
R05_F03,5,3,8,Cu,1,False,6,6.0,0.0,0.3629753271357249
R05_F03,5,3,8,Mn,0,False,0,,0.0,
R05_F03,5,3,8,Mg,1,False,5,5.0,0.0,0.5404369126694714
R05_F03,5,3,8,Cr,0,False,0,,0.0,
R05_F03,5,3,8,Zn,1,False,4,4.0,0.0,1.0
R05_F03,5,3,8,V,0,False,0,,0.0,
R05_F03,5,3,8,Ti,1,False,7,7.0,0.0,0.2672284370078847
R05_F03,5,3,8,Zr,0,False,0,,0.0,
R05_F03,5,3,8,Li,0,False,0,,0.0,
R05_F03,5,3,8,Ni,0,False,0,,0.0,
R05_F03,5,3,8,Be,0,False,0,,0.0,
R05_F03,5,3,8,Sc,0,False,0,,0.0,
R05_F03,5,3,8,Tsol,1,True,1,1.0,0.0,0.5362999194593941
R05_F03,5,3,8,Tage,1,True,2,2.0,0.0,0.552401321964656
R05_F03,5,3,8,tage,1,True,3,3.0,0.0,0.3463795777774131
R05_F03,5,3,9,Si,1,False,9,9.0,0.25,0.2314706981824212
R05_F03,5,3,9,Fe,1,False,8,8.0,0.25,0.2632675271125042
R05_F03,5,3,9,Cu,1,False,6,6.0,0.25,0.3462404561540716
R05_F03,5,3,9,Mn,0,False,0,,0.25,
R05_F03,5,3,9,Mg,1,False,5,5.0,0.25,0.6241133980117233
R05_F03,5,3,9,Cr,0,False,0,,0.25,
R05_F03,5,3,9,Zn,1,False,4,4.0,0.25,1.0
R05_F03,5,3,9,V,0,False,0,,0.25,
R05_F03,5,3,9,Ti,1,False,7,7.0,0.25,0.313435894020131
R05_F03,5,3,9,Zr,0,False,0,,0.25,
R05_F03,5,3,9,Li,0,False,0,,0.25,
R05_F03,5,3,9,Ni,0,False,0,,0.25,
R05_F03,5,3,9,Be,0,False,0,,0.25,
R05_F03,5,3,9,Sc,0,False,0,,0.25,
R05_F03,5,3,9,Tsol,1,True,1,1.0,0.25,0.5943863938002417
R05_F03,5,3,9,Tage,1,True,2,2.0,0.25,0.5123214958052291
R05_F03,5,3,9,tage,1,True,3,3.0,0.25,0.2597846833330598
R05_F03,5,3,10,Si,1,False,9,9.0,0.25,0.2314706981824212
R05_F03,5,3,10,Fe,1,False,8,8.0,0.25,0.2632675271125042
R05_F03,5,3,10,Cu,1,False,6,6.0,0.25,0.3462404561540716
R05_F03,5,3,10,Mn,0,False,0,,0.25,
R05_F03,5,3,10,Mg,1,False,5,5.0,0.25,0.6241133980117233
R05_F03,5,3,10,Cr,0,False,0,,0.25,
R05_F03,5,3,10,Zn,1,False,4,4.0,0.25,1.0
R05_F03,5,3,10,V,0,False,0,,0.25,
R05_F03,5,3,10,Ti,1,False,7,7.0,0.25,0.313435894020131
R05_F03,5,3,10,Zr,1,False,10,10.0,0.25,0.228794561132415
R05_F03,5,3,10,Li,0,False,0,,0.25,
R05_F03,5,3,10,Ni,0,False,0,,0.25,
R05_F03,5,3,10,Be,0,False,0,,0.25,
R05_F03,5,3,10,Sc,0,False,0,,0.25,
R05_F03,5,3,10,Tsol,1,True,1,1.0,0.25,0.5943863938002417
R05_F03,5,3,10,Tage,1,True,2,2.0,0.25,0.5123214958052291
R05_F03,5,3,10,tage,1,True,3,3.0,0.25,0.2597846833330598
R05_F03,5,3,11,Si,1,False,9,9.0,0.25,0.2314706981824212
R05_F03,5,3,11,Fe,1,False,8,8.0,0.25,0.2632675271125042
R05_F03,5,3,11,Cu,1,False,6,6.0,0.25,0.3462404561540716
R05_F03,5,3,11,Mn,0,False,0,,0.25,
R05_F03,5,3,11,Mg,1,False,5,5.0,0.25,0.6241133980117233
R05_F03,5,3,11,Cr,0,False,0,,0.25,
R05_F03,5,3,11,Zn,1,False,4,4.0,0.25,1.0
R05_F03,5,3,11,V,0,False,0,,0.25,
R05_F03,5,3,11,Ti,1,False,7,7.0,0.25,0.313435894020131
R05_F03,5,3,11,Zr,1,False,10,10.0,0.25,0.228794561132415
R05_F03,5,3,11,Li,0,False,0,,0.25,
R05_F03,5,3,11,Ni,0,False,0,,0.25,
R05_F03,5,3,11,Be,0,False,0,,0.25,
R05_F03,5,3,11,Sc,1,False,11,11.0,0.25,0.1816859737574596
R05_F03,5,3,11,Tsol,1,True,1,1.0,0.25,0.5943863938002417
R05_F03,5,3,11,Tage,1,True,2,2.0,0.25,0.5123214958052291
R05_F03,5,3,11,tage,1,True,3,3.0,0.25,0.2597846833330598
R05_F03,5,3,12,Si,1,False,9,9.0,0.25,0.2314706981824212
R05_F03,5,3,12,Fe,1,False,8,8.0,0.25,0.2632675271125042
R05_F03,5,3,12,Cu,1,False,6,6.0,0.25,0.3462404561540716
R05_F03,5,3,12,Mn,0,False,0,,0.25,
R05_F03,5,3,12,Mg,1,False,5,5.0,0.25,0.6241133980117233
R05_F03,5,3,12,Cr,0,False,0,,0.25,
R05_F03,5,3,12,Zn,1,False,4,4.0,0.25,1.0
R05_F03,5,3,12,V,0,False,0,,0.25,
R05_F03,5,3,12,Ti,1,False,7,7.0,0.25,0.313435894020131
R05_F03,5,3,12,Zr,1,False,10,10.0,0.25,0.228794561132415
R05_F03,5,3,12,Li,1,False,12,12.0,0.25,0.1692878183066822
R05_F03,5,3,12,Ni,0,False,0,,0.25,
R05_F03,5,3,12,Be,0,False,0,,0.25,
R05_F03,5,3,12,Sc,1,False,11,11.0,0.25,0.1816859737574596
R05_F03,5,3,12,Tsol,1,True,1,1.0,0.25,0.5943863938002417
R05_F03,5,3,12,Tage,1,True,2,2.0,0.25,0.5123214958052291
R05_F03,5,3,12,tage,1,True,3,3.0,0.25,0.2597846833330598
R05_F03,5,3,13,Si,1,False,11,11.0,0.0,0.1520948838709477
R05_F03,5,3,13,Fe,1,False,8,8.0,0.0,0.2044755005330645
R05_F03,5,3,13,Cu,1,False,6,6.0,0.0,0.3629753271357249
R05_F03,5,3,13,Mn,1,False,10,10.0,0.0,0.1608241679859811
R05_F03,5,3,13,Mg,1,False,5,5.0,0.0,0.5404369126694714
R05_F03,5,3,13,Cr,1,False,13,13.0,0.0,0.1305758736960994
R05_F03,5,3,13,Zn,1,False,4,4.0,0.0,1.0
R05_F03,5,3,13,V,0,False,0,,0.0,
R05_F03,5,3,13,Ti,1,False,7,7.0,0.0,0.2672284370078847
R05_F03,5,3,13,Zr,1,False,9,9.0,0.0,0.1983773826684303
R05_F03,5,3,13,Li,1,False,12,12.0,0.0,0.1346163879170092
R05_F03,5,3,13,Ni,0,False,0,,0.0,
R05_F03,5,3,13,Be,0,False,0,,0.0,
R05_F03,5,3,13,Sc,0,False,0,,0.0,
R05_F03,5,3,13,Tsol,1,True,1,1.0,0.0,0.5362999194593941
R05_F03,5,3,13,Tage,1,True,2,2.0,0.0,0.552401321964656
R05_F03,5,3,13,tage,1,True,3,3.0,0.0,0.3463795777774131
R05_F03,5,3,14,Si,1,False,6,6.0,1.0,0.4695981411168416
R05_F03,5,3,14,Fe,1,False,9,9.0,1.0,0.4396436068508231
R05_F03,5,3,14,Cu,1,False,11,11.0,1.0,0.2960358432091116
R05_F03,5,3,14,Mn,0,False,0,,1.0,
R05_F03,5,3,14,Mg,1,False,5,5.0,1.0,0.8751428540384789
R05_F03,5,3,14,Cr,1,False,13,13.0,1.0,0.2728179050570201
R05_F03,5,3,14,Zn,1,False,4,4.0,1.0,1.0
R05_F03,5,3,14,V,0,False,0,,1.0,
R05_F03,5,3,14,Ti,1,False,7,7.0,1.0,0.4520582650568699
R05_F03,5,3,14,Zr,1,False,10,10.0,1.0,0.3200460965243693
R05_F03,5,3,14,Li,1,False,12,12.0,1.0,0.2733021094757012
R05_F03,5,3,14,Ni,0,False,0,,1.0,
R05_F03,5,3,14,Be,1,False,14,14.0,1.0,0.1992868452762718
R05_F03,5,3,14,Sc,1,False,8,8.0,1.0,0.4403837397386415
R05_F03,5,3,14,Tsol,1,True,1,1.0,1.0,0.7686458168227843
R05_F03,5,3,14,Tage,1,True,2,2.0,1.0,0.3920820173269487
R05_F03,5,3,14,tage,1,True,3,3.0,1.0,0.0
R05_F03,5,3,15,Si,1,False,9,9.0,0.5,0.3108465124938946
R05_F03,5,3,15,Fe,1,False,8,8.0,0.5,0.3220595536919438
R05_F03,5,3,15,Cu,1,False,7,7.0,0.5,0.3295055851724183
R05_F03,5,3,15,Mn,1,False,14,14.0,0.5,0.1286570152154516
R05_F03,5,3,15,Mg,1,False,5,5.0,0.5,0.7077898833539751
R05_F03,5,3,15,Cr,1,False,13,13.0,0.5,0.2016968893765597
R05_F03,5,3,15,Zn,1,False,4,4.0,0.5,1.0
R05_F03,5,3,15,V,0,False,0,,0.5,
R05_F03,5,3,15,Ti,1,False,6,6.0,0.5,0.3596433510323773
R05_F03,5,3,15,Zr,1,False,11,11.0,0.5,0.2592117395963998
R05_F03,5,3,15,Li,1,False,12,12.0,0.5,0.2039592486963552
R05_F03,5,3,15,Ni,0,False,0,,0.5,
R05_F03,5,3,15,Be,1,False,15,15.0,0.5,0.1100456373819766
R05_F03,5,3,15,Sc,1,False,10,10.0,0.5,0.2679185624178535
R05_F03,5,3,15,Tsol,1,True,1,1.0,0.5,0.6524728681410892
R05_F03,5,3,15,Tage,1,True,2,2.0,0.5,0.4722416696458024
R05_F03,5,3,15,tage,1,True,3,3.0,0.5,0.1731897888887065
R05_F03,5,3,16,Si,1,False,6,6.0,1.0,0.4695981411168416
R05_F03,5,3,16,Fe,1,False,9,9.0,1.0,0.4396436068508231
R05_F03,5,3,16,Cu,1,False,11,11.0,1.0,0.2960358432091116
R05_F03,5,3,16,Mn,0,False,0,,1.0,
R05_F03,5,3,16,Mg,1,False,5,5.0,1.0,0.8751428540384789
R05_F03,5,3,16,Cr,1,False,13,13.0,1.0,0.2728179050570201
R05_F03,5,3,16,Zn,1,False,4,4.0,1.0,1.0
R05_F03,5,3,16,V,1,False,16,16.0,1.0,0.1541634461413813
R05_F03,5,3,16,Ti,1,False,7,7.0,1.0,0.4520582650568699
R05_F03,5,3,16,Zr,1,False,10,10.0,1.0,0.3200460965243693
R05_F03,5,3,16,Li,1,False,12,12.0,1.0,0.2733021094757012
R05_F03,5,3,16,Ni,1,False,15,15.0,1.0,0.1793375438985807
R05_F03,5,3,16,Be,1,False,14,14.0,1.0,0.1992868452762718
R05_F03,5,3,16,Sc,1,False,8,8.0,1.0,0.4403837397386415
R05_F03,5,3,16,Tsol,1,True,1,1.0,1.0,0.7686458168227843
R05_F03,5,3,16,Tage,1,True,2,2.0,1.0,0.3920820173269487
R05_F03,5,3,16,tage,1,True,3,3.0,1.0,0.0
R05_F03,5,3,17,Si,1,False,7,7.0,0.75,0.3902223268053681
R05_F03,5,3,17,Fe,1,False,8,8.0,0.75,0.3808515802713835
R05_F03,5,3,17,Cu,1,False,10,10.0,0.75,0.3127707141907649
R05_F03,5,3,17,Mn,1,False,17,17.0,0.75,0.1125734388301868
R05_F03,5,3,17,Mg,1,False,5,5.0,0.75,0.791466368696227
R05_F03,5,3,17,Cr,1,False,13,13.0,0.75,0.2372573972167899
R05_F03,5,3,17,Zn,1,False,4,4.0,0.75,1.0
R05_F03,5,3,17,V,1,False,16,16.0,0.75,0.115622584606036
R05_F03,5,3,17,Ti,1,False,6,6.0,0.75,0.4058508080446237
R05_F03,5,3,17,Zr,1,False,11,11.0,0.75,0.2896289180603846
R05_F03,5,3,17,Li,1,False,12,12.0,0.75,0.2386306790860282
R05_F03,5,3,17,Ni,1,False,15,15.0,0.75,0.1401484524658582
R05_F03,5,3,17,Be,1,False,14,14.0,0.75,0.1546662413291242
R05_F03,5,3,17,Sc,1,False,9,9.0,0.75,0.3541511510782475
R05_F03,5,3,17,Tsol,1,True,1,1.0,0.75,0.7105593424819368
R05_F03,5,3,17,Tage,1,True,2,2.0,0.75,0.4321618434863755
R05_F03,5,3,17,tage,1,True,3,3.0,0.75,0.0865948944443532
R05_F04,5,4,3,Si,0,False,0,,0.25,
R05_F04,5,4,3,Fe,0,False,0,,0.25,
R05_F04,5,4,3,Cu,0,False,0,,0.25,
R05_F04,5,4,3,Mn,0,False,0,,0.25,
R05_F04,5,4,3,Mg,0,False,0,,0.25,
R05_F04,5,4,3,Cr,0,False,0,,0.25,
R05_F04,5,4,3,Zn,0,False,0,,0.25,
R05_F04,5,4,3,V,0,False,0,,0.25,
R05_F04,5,4,3,Ti,0,False,0,,0.25,
R05_F04,5,4,3,Zr,0,False,0,,0.25,
R05_F04,5,4,3,Li,0,False,0,,0.25,
R05_F04,5,4,3,Ni,0,False,0,,0.25,
R05_F04,5,4,3,Be,0,False,0,,0.25,
R05_F04,5,4,3,Sc,0,False,0,,0.25,
R05_F04,5,4,3,Tsol,1,True,1,1.0,0.25,0.6029318175719253
R05_F04,5,4,3,Tage,1,True,2,2.0,0.25,0.4980521257725414
R05_F04,5,4,3,tage,1,True,3,3.0,0.25,0.2332143381368911
R05_F04,5,4,4,Si,0,False,0,,1.0,
R05_F04,5,4,4,Fe,0,False,0,,1.0,
R05_F04,5,4,4,Cu,0,False,0,,1.0,
R05_F04,5,4,4,Mn,0,False,0,,1.0,
R05_F04,5,4,4,Mg,0,False,0,,1.0,
R05_F04,5,4,4,Cr,0,False,0,,1.0,
R05_F04,5,4,4,Zn,1,False,4,4.0,1.0,1.0
R05_F04,5,4,4,V,0,False,0,,1.0,
R05_F04,5,4,4,Ti,0,False,0,,1.0,
R05_F04,5,4,4,Zr,0,False,0,,1.0,
R05_F04,5,4,4,Li,0,False,0,,1.0,
R05_F04,5,4,4,Ni,0,False,0,,1.0,
R05_F04,5,4,4,Be,0,False,0,,1.0,
R05_F04,5,4,4,Sc,0,False,0,,1.0,
R05_F04,5,4,4,Tsol,1,True,1,1.0,1.0,0.7885419400132696
R05_F04,5,4,4,Tage,1,True,2,2.0,1.0,0.3781859964797433
R05_F04,5,4,4,tage,1,True,3,3.0,1.0,0.0134971934441016
R05_F04,5,4,5,Si,0,False,0,,0.5,
R05_F04,5,4,5,Fe,0,False,0,,0.5,
R05_F04,5,4,5,Cu,0,False,0,,0.5,
R05_F04,5,4,5,Mn,0,False,0,,0.5,
R05_F04,5,4,5,Mg,1,False,5,5.0,0.5,0.6588622934963032
R05_F04,5,4,5,Cr,0,False,0,,0.5,
R05_F04,5,4,5,Zn,1,False,4,4.0,0.5,1.0
R05_F04,5,4,5,V,0,False,0,,0.5,
R05_F04,5,4,5,Ti,0,False,0,,0.5,
R05_F04,5,4,5,Zr,0,False,0,,0.5,
R05_F04,5,4,5,Li,0,False,0,,0.5,
R05_F04,5,4,5,Ni,0,False,0,,0.5,
R05_F04,5,4,5,Be,0,False,0,,0.5,
R05_F04,5,4,5,Sc,0,False,0,,0.5,
R05_F04,5,4,5,Tsol,1,True,1,1.0,0.5,0.6648018583857067
R05_F04,5,4,5,Tage,1,True,2,2.0,0.5,0.4580967493416087
R05_F04,5,4,5,tage,1,True,3,3.0,0.5,0.1599752899059612
R05_F04,5,4,6,Si,0,False,0,,0.25,
R05_F04,5,4,6,Fe,0,False,0,,0.25,
R05_F04,5,4,6,Cu,1,False,6,6.0,0.25,0.3256268993605756
R05_F04,5,4,6,Mn,0,False,0,,0.25,
R05_F04,5,4,6,Mg,1,False,5,5.0,0.25,0.5533053323507257
R05_F04,5,4,6,Cr,0,False,0,,0.25,
R05_F04,5,4,6,Zn,1,False,4,4.0,0.25,1.0
R05_F04,5,4,6,V,0,False,0,,0.25,
R05_F04,5,4,6,Ti,0,False,0,,0.25,
R05_F04,5,4,6,Zr,0,False,0,,0.25,
R05_F04,5,4,6,Li,0,False,0,,0.25,
R05_F04,5,4,6,Ni,0,False,0,,0.25,
R05_F04,5,4,6,Be,0,False,0,,0.25,
R05_F04,5,4,6,Sc,0,False,0,,0.25,
R05_F04,5,4,6,Tsol,1,True,1,1.0,0.25,0.6029318175719253
R05_F04,5,4,6,Tage,1,True,2,2.0,0.25,0.4980521257725414
R05_F04,5,4,6,tage,1,True,3,3.0,0.25,0.2332143381368911
R05_F04,5,4,7,Si,0,False,0,,0.25,
R05_F04,5,4,7,Fe,0,False,0,,0.25,
R05_F04,5,4,7,Cu,1,False,6,6.0,0.25,0.3256268993605756
R05_F04,5,4,7,Mn,0,False,0,,0.25,
R05_F04,5,4,7,Mg,1,False,5,5.0,0.25,0.5533053323507257
R05_F04,5,4,7,Cr,0,False,0,,0.25,
R05_F04,5,4,7,Zn,1,False,4,4.0,0.25,1.0
R05_F04,5,4,7,V,0,False,0,,0.25,
R05_F04,5,4,7,Ti,1,False,7,7.0,0.25,0.280677678070714
R05_F04,5,4,7,Zr,0,False,0,,0.25,
R05_F04,5,4,7,Li,0,False,0,,0.25,
R05_F04,5,4,7,Ni,0,False,0,,0.25,
R05_F04,5,4,7,Be,0,False,0,,0.25,
R05_F04,5,4,7,Sc,0,False,0,,0.25,
R05_F04,5,4,7,Tsol,1,True,1,1.0,0.25,0.6029318175719253
R05_F04,5,4,7,Tage,1,True,2,2.0,0.25,0.4980521257725414
R05_F04,5,4,7,tage,1,True,3,3.0,0.25,0.2332143381368911
R05_F04,5,4,8,Si,0,False,0,,0.25,
R05_F04,5,4,8,Fe,0,False,0,,0.25,
R05_F04,5,4,8,Cu,1,False,6,6.0,0.25,0.3256268993605756
R05_F04,5,4,8,Mn,0,False,0,,0.25,
R05_F04,5,4,8,Mg,1,False,5,5.0,0.25,0.5533053323507257
R05_F04,5,4,8,Cr,0,False,0,,0.25,
R05_F04,5,4,8,Zn,1,False,4,4.0,0.25,1.0
R05_F04,5,4,8,V,0,False,0,,0.25,
R05_F04,5,4,8,Ti,1,False,7,7.0,0.25,0.280677678070714
R05_F04,5,4,8,Zr,1,False,8,8.0,0.25,0.2600970503174265
R05_F04,5,4,8,Li,0,False,0,,0.25,
R05_F04,5,4,8,Ni,0,False,0,,0.25,
R05_F04,5,4,8,Be,0,False,0,,0.25,
R05_F04,5,4,8,Sc,0,False,0,,0.25,
R05_F04,5,4,8,Tsol,1,True,1,1.0,0.25,0.6029318175719253
R05_F04,5,4,8,Tage,1,True,2,2.0,0.25,0.4980521257725414
R05_F04,5,4,8,tage,1,True,3,3.0,0.25,0.2332143381368911
R05_F04,5,4,9,Si,0,False,0,,0.25,
R05_F04,5,4,9,Fe,1,False,9,9.0,0.25,0.229797737846674
R05_F04,5,4,9,Cu,1,False,6,6.0,0.25,0.3256268993605756
R05_F04,5,4,9,Mn,0,False,0,,0.25,
R05_F04,5,4,9,Mg,1,False,5,5.0,0.25,0.5533053323507257
R05_F04,5,4,9,Cr,0,False,0,,0.25,
R05_F04,5,4,9,Zn,1,False,4,4.0,0.25,1.0
R05_F04,5,4,9,V,0,False,0,,0.25,
R05_F04,5,4,9,Ti,1,False,7,7.0,0.25,0.280677678070714
R05_F04,5,4,9,Zr,1,False,8,8.0,0.25,0.2600970503174265
R05_F04,5,4,9,Li,0,False,0,,0.25,
R05_F04,5,4,9,Ni,0,False,0,,0.25,
R05_F04,5,4,9,Be,0,False,0,,0.25,
R05_F04,5,4,9,Sc,0,False,0,,0.25,
R05_F04,5,4,9,Tsol,1,True,1,1.0,0.25,0.6029318175719253
R05_F04,5,4,9,Tage,1,True,2,2.0,0.25,0.4980521257725414
R05_F04,5,4,9,tage,1,True,3,3.0,0.25,0.2332143381368911
R05_F04,5,4,10,Si,1,False,10,10.0,0.25,0.2211461937032117
R05_F04,5,4,10,Fe,1,False,9,9.0,0.25,0.229797737846674
R05_F04,5,4,10,Cu,1,False,6,6.0,0.25,0.3256268993605756
R05_F04,5,4,10,Mn,0,False,0,,0.25,
R05_F04,5,4,10,Mg,1,False,5,5.0,0.25,0.5533053323507257
R05_F04,5,4,10,Cr,0,False,0,,0.25,
R05_F04,5,4,10,Zn,1,False,4,4.0,0.25,1.0
R05_F04,5,4,10,V,0,False,0,,0.25,
R05_F04,5,4,10,Ti,1,False,7,7.0,0.25,0.280677678070714
R05_F04,5,4,10,Zr,1,False,8,8.0,0.25,0.2600970503174265
R05_F04,5,4,10,Li,0,False,0,,0.25,
R05_F04,5,4,10,Ni,0,False,0,,0.25,
R05_F04,5,4,10,Be,0,False,0,,0.25,
R05_F04,5,4,10,Sc,0,False,0,,0.25,
R05_F04,5,4,10,Tsol,1,True,1,1.0,0.25,0.6029318175719253
R05_F04,5,4,10,Tage,1,True,2,2.0,0.25,0.4980521257725414
R05_F04,5,4,10,tage,1,True,3,3.0,0.25,0.2332143381368911
R05_F04,5,4,11,Si,1,False,10,10.0,0.25,0.2211461937032117
R05_F04,5,4,11,Fe,1,False,9,9.0,0.25,0.229797737846674
R05_F04,5,4,11,Cu,1,False,6,6.0,0.25,0.3256268993605756
R05_F04,5,4,11,Mn,0,False,0,,0.25,
R05_F04,5,4,11,Mg,1,False,5,5.0,0.25,0.5533053323507257
R05_F04,5,4,11,Cr,0,False,0,,0.25,
R05_F04,5,4,11,Zn,1,False,4,4.0,0.25,1.0
R05_F04,5,4,11,V,0,False,0,,0.25,
R05_F04,5,4,11,Ti,1,False,7,7.0,0.25,0.280677678070714
R05_F04,5,4,11,Zr,1,False,8,8.0,0.25,0.2600970503174265
R05_F04,5,4,11,Li,0,False,0,,0.25,
R05_F04,5,4,11,Ni,0,False,0,,0.25,
R05_F04,5,4,11,Be,0,False,0,,0.25,
R05_F04,5,4,11,Sc,1,False,11,11.0,0.25,0.2009992403256821
R05_F04,5,4,11,Tsol,1,True,1,1.0,0.25,0.6029318175719253
R05_F04,5,4,11,Tage,1,True,2,2.0,0.25,0.4980521257725414
R05_F04,5,4,11,tage,1,True,3,3.0,0.25,0.2332143381368911
R05_F04,5,4,12,Si,1,False,10,10.0,0.0,0.1634771888323639
R05_F04,5,4,12,Fe,1,False,9,9.0,0.0,0.1822945720107204
R05_F04,5,4,12,Cu,1,False,6,6.0,0.0,0.3395538427479309
R05_F04,5,4,12,Mn,1,False,11,11.0,0.0,0.1587234439537455
R05_F04,5,4,12,Mg,1,False,5,5.0,0.0,0.4477483712051481
R05_F04,5,4,12,Cr,1,False,12,12.0,0.0,0.1244494300322763
R05_F04,5,4,12,Zn,1,False,4,4.0,0.0,1.0
R05_F04,5,4,12,V,0,False,0,,0.0,
R05_F04,5,4,12,Ti,1,False,8,8.0,0.0,0.2267204021658992
R05_F04,5,4,12,Zr,1,False,7,7.0,0.0,0.2330392153566355
R05_F04,5,4,12,Li,0,False,0,,0.0,
R05_F04,5,4,12,Ni,0,False,0,,0.0,
R05_F04,5,4,12,Be,0,False,0,,0.0,
R05_F04,5,4,12,Sc,0,False,0,,0.0,
R05_F04,5,4,12,Tsol,1,True,1,1.0,0.0,0.5410617767581438
R05_F04,5,4,12,Tage,1,True,2,2.0,0.0,0.5380075022034742
R05_F04,5,4,12,tage,1,True,3,3.0,0.0,0.3064533863678209
R05_F04,5,4,13,Si,1,False,8,8.0,1.0,0.394153208315755
R05_F04,5,4,13,Fe,1,False,9,9.0,1.0,0.3723072353545348
R05_F04,5,4,13,Cu,1,False,12,12.0,1.0,0.2838460691985098
R05_F04,5,4,13,Mn,0,False,0,,1.0,
R05_F04,5,4,13,Mg,1,False,5,5.0,1.0,0.8699762157874582
R05_F04,5,4,13,Cr,1,False,11,11.0,1.0,0.2911371939709919
R05_F04,5,4,13,Zn,1,False,4,4.0,1.0,1.0
R05_F04,5,4,13,V,0,False,0,,1.0,
R05_F04,5,4,13,Ti,1,False,7,7.0,1.0,0.4425495057851583
R05_F04,5,4,13,Zr,1,False,10,10.0,1.0,0.3412705551997995
R05_F04,5,4,13,Li,0,False,0,,1.0,
R05_F04,5,4,13,Ni,0,False,0,,1.0,
R05_F04,5,4,13,Be,1,False,13,13.0,1.0,0.2699804669760218
R05_F04,5,4,13,Sc,1,False,6,6.0,1.0,0.4433717471876012
R05_F04,5,4,13,Tsol,1,True,1,1.0,1.0,0.7885419400132696
R05_F04,5,4,13,Tage,1,True,2,2.0,1.0,0.3781859964797433
R05_F04,5,4,13,tage,1,True,3,3.0,1.0,0.0134971934441016
R05_F04,5,4,14,Si,1,False,10,10.0,0.0,0.1634771888323639
R05_F04,5,4,14,Fe,1,False,9,9.0,0.0,0.1822945720107204
R05_F04,5,4,14,Cu,1,False,6,6.0,0.0,0.3395538427479309
R05_F04,5,4,14,Mn,1,False,11,11.0,0.0,0.1587234439537455
R05_F04,5,4,14,Mg,1,False,5,5.0,0.0,0.4477483712051481
R05_F04,5,4,14,Cr,1,False,12,12.0,0.0,0.1244494300322763
R05_F04,5,4,14,Zn,1,False,4,4.0,0.0,1.0
R05_F04,5,4,14,V,0,False,0,,0.0,
R05_F04,5,4,14,Ti,1,False,8,8.0,0.0,0.2267204021658992
R05_F04,5,4,14,Zr,1,False,7,7.0,0.0,0.2330392153566355
R05_F04,5,4,14,Li,1,False,13,13.0,0.0,0.1234515521585388
R05_F04,5,4,14,Ni,0,False,0,,0.0,
R05_F04,5,4,14,Be,0,False,0,,0.0,
R05_F04,5,4,14,Sc,1,False,14,14.0,0.0,0.1202084047050424
R05_F04,5,4,14,Tsol,1,True,1,1.0,0.0,0.5410617767581438
R05_F04,5,4,14,Tage,1,True,2,2.0,0.0,0.5380075022034742
R05_F04,5,4,14,tage,1,True,3,3.0,0.0,0.3064533863678209
R05_F04,5,4,15,Si,1,False,10,10.0,0.0,0.1634771888323639
R05_F04,5,4,15,Fe,1,False,9,9.0,0.0,0.1822945720107204
R05_F04,5,4,15,Cu,1,False,6,6.0,0.0,0.3395538427479309
R05_F04,5,4,15,Mn,1,False,11,11.0,0.0,0.1587234439537455
R05_F04,5,4,15,Mg,1,False,5,5.0,0.0,0.4477483712051481
R05_F04,5,4,15,Cr,1,False,12,12.0,0.0,0.1244494300322763
R05_F04,5,4,15,Zn,1,False,4,4.0,0.0,1.0
R05_F04,5,4,15,V,0,False,0,,0.0,
R05_F04,5,4,15,Ti,1,False,8,8.0,0.0,0.2267204021658992
R05_F04,5,4,15,Zr,1,False,7,7.0,0.0,0.2330392153566355
R05_F04,5,4,15,Li,1,False,13,13.0,0.0,0.1234515521585388
R05_F04,5,4,15,Ni,0,False,0,,0.0,
R05_F04,5,4,15,Be,1,False,15,15.0,0.0,0.0627269802435906
R05_F04,5,4,15,Sc,1,False,14,14.0,0.0,0.1202084047050424
R05_F04,5,4,15,Tsol,1,True,1,1.0,0.0,0.5410617767581438
R05_F04,5,4,15,Tage,1,True,2,2.0,0.0,0.5380075022034742
R05_F04,5,4,15,tage,1,True,3,3.0,0.0,0.3064533863678209
R05_F04,5,4,16,Si,1,False,8,8.0,0.75,0.3364842034449072
R05_F04,5,4,16,Fe,1,False,9,9.0,0.75,0.3248040695185812
R05_F04,5,4,16,Cu,1,False,11,11.0,0.75,0.2977730125858651
R05_F04,5,4,16,Mn,0,False,0,,0.75,
R05_F04,5,4,16,Mg,1,False,5,5.0,0.75,0.7644192546418807
R05_F04,5,4,16,Cr,1,False,12,12.0,0.75,0.249465252986313
R05_F04,5,4,16,Zn,1,False,4,4.0,0.75,1.0
R05_F04,5,4,16,V,1,False,16,16.0,0.75,0.0764674077974113
R05_F04,5,4,16,Ti,1,False,6,6.0,0.75,0.3885922298803436
R05_F04,5,4,16,Zr,1,False,10,10.0,0.75,0.3142127202390085
R05_F04,5,4,16,Li,1,False,13,13.0,0.75,0.2187525310926612
R05_F04,5,4,16,Ni,1,False,15,15.0,0.75,0.1160729160909283
R05_F04,5,4,16,Be,1,False,14,14.0,0.75,0.218167095292914
R05_F04,5,4,16,Sc,1,False,7,7.0,0.75,0.3625809115669615
R05_F04,5,4,16,Tsol,1,True,1,1.0,0.75,0.7266718991994883
R05_F04,5,4,16,Tage,1,True,2,2.0,0.75,0.418141372910676
R05_F04,5,4,16,tage,1,True,3,3.0,0.75,0.0867362416750314
R05_F04,5,4,17,Si,1,False,10,10.0,0.25,0.2211461937032117
R05_F04,5,4,17,Fe,1,False,9,9.0,0.25,0.229797737846674
R05_F04,5,4,17,Cu,1,False,6,6.0,0.25,0.3256268993605756
R05_F04,5,4,17,Mn,1,False,14,14.0,0.25,0.1190425829653091
R05_F04,5,4,17,Mg,1,False,5,5.0,0.25,0.5533053323507257
R05_F04,5,4,17,Cr,1,False,12,12.0,0.25,0.1661213710169552
R05_F04,5,4,17,Zn,1,False,4,4.0,0.25,1.0
R05_F04,5,4,17,V,1,False,17,17.0,0.25,0.0254891359324704
R05_F04,5,4,17,Ti,1,False,7,7.0,0.25,0.280677678070714
R05_F04,5,4,17,Zr,1,False,8,8.0,0.25,0.2600970503174265
R05_F04,5,4,17,Li,1,False,13,13.0,0.25,0.1552185451365796
R05_F04,5,4,17,Ni,1,False,16,16.0,0.25,0.0465249397380016
R05_F04,5,4,17,Be,1,False,15,15.0,0.25,0.1145403519266984
R05_F04,5,4,17,Sc,1,False,11,11.0,0.25,0.2009992403256821
R05_F04,5,4,17,Tsol,1,True,1,1.0,0.25,0.6029318175719253
R05_F04,5,4,17,Tage,1,True,2,2.0,0.25,0.4980521257725414
R05_F04,5,4,17,tage,1,True,3,3.0,0.25,0.2332143381368911
R05_F05,5,5,3,Si,0,False,0,,1.0,
R05_F05,5,5,3,Fe,0,False,0,,1.0,
R05_F05,5,5,3,Cu,0,False,0,,1.0,
R05_F05,5,5,3,Mn,0,False,0,,1.0,
R05_F05,5,5,3,Mg,0,False,0,,1.0,
R05_F05,5,5,3,Cr,0,False,0,,1.0,
R05_F05,5,5,3,Zn,0,False,0,,1.0,
R05_F05,5,5,3,V,0,False,0,,1.0,
R05_F05,5,5,3,Ti,0,False,0,,1.0,
R05_F05,5,5,3,Zr,0,False,0,,1.0,
R05_F05,5,5,3,Li,0,False,0,,1.0,
R05_F05,5,5,3,Ni,0,False,0,,1.0,
R05_F05,5,5,3,Be,0,False,0,,1.0,
R05_F05,5,5,3,Sc,0,False,0,,1.0,
R05_F05,5,5,3,Tsol,1,True,1,1.0,1.0,0.7570868709052853
R05_F05,5,5,3,Tage,1,True,2,2.0,1.0,0.3627512889873637
R05_F05,5,5,3,tage,1,True,3,3.0,1.0,0.0
R05_F05,5,5,4,Si,0,False,0,,0.5,
R05_F05,5,5,4,Fe,0,False,0,,0.5,
R05_F05,5,5,4,Cu,0,False,0,,0.5,
R05_F05,5,5,4,Mn,0,False,0,,0.5,
R05_F05,5,5,4,Mg,0,False,0,,0.5,
R05_F05,5,5,4,Cr,0,False,0,,0.5,
R05_F05,5,5,4,Zn,1,False,4,4.0,0.5,1.0
R05_F05,5,5,4,V,0,False,0,,0.5,
R05_F05,5,5,4,Ti,0,False,0,,0.5,
R05_F05,5,5,4,Zr,0,False,0,,0.5,
R05_F05,5,5,4,Li,0,False,0,,0.5,
R05_F05,5,5,4,Ni,0,False,0,,0.5,
R05_F05,5,5,4,Be,0,False,0,,0.5,
R05_F05,5,5,4,Sc,0,False,0,,0.5,
R05_F05,5,5,4,Tsol,1,True,1,1.0,0.5,0.6481674609452478
R05_F05,5,5,4,Tage,1,True,2,2.0,0.5,0.4170470055718017
R05_F05,5,5,4,tage,1,True,3,3.0,0.5,0.1323080727254722
R05_F05,5,5,5,Si,0,False,0,,0.25,
R05_F05,5,5,5,Fe,0,False,0,,0.25,
R05_F05,5,5,5,Cu,0,False,0,,0.25,
R05_F05,5,5,5,Mn,0,False,0,,0.25,
R05_F05,5,5,5,Mg,1,False,5,5.0,0.25,0.5556415136351587
R05_F05,5,5,5,Cr,0,False,0,,0.25,
R05_F05,5,5,5,Zn,1,False,4,4.0,0.25,1.0
R05_F05,5,5,5,V,0,False,0,,0.25,
R05_F05,5,5,5,Ti,0,False,0,,0.25,
R05_F05,5,5,5,Zr,0,False,0,,0.25,
R05_F05,5,5,5,Li,0,False,0,,0.25,
R05_F05,5,5,5,Ni,0,False,0,,0.25,
R05_F05,5,5,5,Be,0,False,0,,0.25,
R05_F05,5,5,5,Sc,0,False,0,,0.25,
R05_F05,5,5,5,Tsol,1,True,1,1.0,0.25,0.5937077559652291
R05_F05,5,5,5,Tage,1,True,2,2.0,0.25,0.4441948638640206
R05_F05,5,5,5,tage,1,True,3,3.0,0.25,0.1984621090882083
R05_F05,5,5,6,Si,0,False,0,,0.0,
R05_F05,5,5,6,Fe,0,False,0,,0.0,
R05_F05,5,5,6,Cu,1,False,6,6.0,0.0,0.3198475013859235
R05_F05,5,5,6,Mn,0,False,0,,0.0,
R05_F05,5,5,6,Mg,1,False,5,5.0,0.0,0.4590058599585158
R05_F05,5,5,6,Cr,0,False,0,,0.0,
R05_F05,5,5,6,Zn,1,False,4,4.0,0.0,1.0
R05_F05,5,5,6,V,0,False,0,,0.0,
R05_F05,5,5,6,Ti,0,False,0,,0.0,
R05_F05,5,5,6,Zr,0,False,0,,0.0,
R05_F05,5,5,6,Li,0,False,0,,0.0,
R05_F05,5,5,6,Ni,0,False,0,,0.0,
R05_F05,5,5,6,Be,0,False,0,,0.0,
R05_F05,5,5,6,Sc,0,False,0,,0.0,
R05_F05,5,5,6,Tsol,1,True,1,1.0,0.0,0.5392480509852103
R05_F05,5,5,6,Tage,1,True,2,2.0,0.0,0.4713427221562396
R05_F05,5,5,6,tage,1,True,3,3.0,0.0,0.2646161454509445
R05_F05,5,5,7,Si,0,False,0,,0.25,
R05_F05,5,5,7,Fe,0,False,0,,0.25,
R05_F05,5,5,7,Cu,1,False,6,6.0,0.25,0.3074977200314823
R05_F05,5,5,7,Mn,0,False,0,,0.25,
R05_F05,5,5,7,Mg,1,False,5,5.0,0.25,0.5556415136351587
R05_F05,5,5,7,Cr,0,False,0,,0.25,
R05_F05,5,5,7,Zn,1,False,4,4.0,0.25,1.0
R05_F05,5,5,7,V,0,False,0,,0.25,
R05_F05,5,5,7,Ti,1,False,7,7.0,0.25,0.2999595891620772
R05_F05,5,5,7,Zr,0,False,0,,0.25,
R05_F05,5,5,7,Li,0,False,0,,0.25,
R05_F05,5,5,7,Ni,0,False,0,,0.25,
R05_F05,5,5,7,Be,0,False,0,,0.25,
R05_F05,5,5,7,Sc,0,False,0,,0.25,
R05_F05,5,5,7,Tsol,1,True,1,1.0,0.25,0.5937077559652291
R05_F05,5,5,7,Tage,1,True,2,2.0,0.25,0.4441948638640206
R05_F05,5,5,7,tage,1,True,3,3.0,0.25,0.1984621090882083
R05_F05,5,5,8,Si,0,False,0,,0.25,
R05_F05,5,5,8,Fe,1,False,8,8.0,0.25,0.2977379613235306
R05_F05,5,5,8,Cu,1,False,6,6.0,0.25,0.3074977200314823
R05_F05,5,5,8,Mn,0,False,0,,0.25,
R05_F05,5,5,8,Mg,1,False,5,5.0,0.25,0.5556415136351587
R05_F05,5,5,8,Cr,0,False,0,,0.25,
R05_F05,5,5,8,Zn,1,False,4,4.0,0.25,1.0
R05_F05,5,5,8,V,0,False,0,,0.25,
R05_F05,5,5,8,Ti,1,False,7,7.0,0.25,0.2999595891620772
R05_F05,5,5,8,Zr,0,False,0,,0.25,
R05_F05,5,5,8,Li,0,False,0,,0.25,
R05_F05,5,5,8,Ni,0,False,0,,0.25,
R05_F05,5,5,8,Be,0,False,0,,0.25,
R05_F05,5,5,8,Sc,0,False,0,,0.25,
R05_F05,5,5,8,Tsol,1,True,1,1.0,0.25,0.5937077559652291
R05_F05,5,5,8,Tage,1,True,2,2.0,0.25,0.4441948638640206
R05_F05,5,5,8,tage,1,True,3,3.0,0.25,0.1984621090882083
R05_F05,5,5,9,Si,0,False,0,,0.25,
R05_F05,5,5,9,Fe,1,False,8,8.0,0.25,0.2977379613235306
R05_F05,5,5,9,Cu,1,False,6,6.0,0.25,0.3074977200314823
R05_F05,5,5,9,Mn,0,False,0,,0.25,
R05_F05,5,5,9,Mg,1,False,5,5.0,0.25,0.5556415136351587
R05_F05,5,5,9,Cr,0,False,0,,0.25,
R05_F05,5,5,9,Zn,1,False,4,4.0,0.25,1.0
R05_F05,5,5,9,V,0,False,0,,0.25,
R05_F05,5,5,9,Ti,1,False,7,7.0,0.25,0.2999595891620772
R05_F05,5,5,9,Zr,1,False,9,9.0,0.25,0.2705449720079083
R05_F05,5,5,9,Li,0,False,0,,0.25,
R05_F05,5,5,9,Ni,0,False,0,,0.25,
R05_F05,5,5,9,Be,0,False,0,,0.25,
R05_F05,5,5,9,Sc,0,False,0,,0.25,
R05_F05,5,5,9,Tsol,1,True,1,1.0,0.25,0.5937077559652291
R05_F05,5,5,9,Tage,1,True,2,2.0,0.25,0.4441948638640206
R05_F05,5,5,9,tage,1,True,3,3.0,0.25,0.1984621090882083
R05_F05,5,5,10,Si,1,False,10,10.0,0.25,0.2023979248939119
R05_F05,5,5,10,Fe,1,False,8,8.0,0.25,0.2977379613235306
R05_F05,5,5,10,Cu,1,False,6,6.0,0.25,0.3074977200314823
R05_F05,5,5,10,Mn,0,False,0,,0.25,
R05_F05,5,5,10,Mg,1,False,5,5.0,0.25,0.5556415136351587
R05_F05,5,5,10,Cr,0,False,0,,0.25,
R05_F05,5,5,10,Zn,1,False,4,4.0,0.25,1.0
R05_F05,5,5,10,V,0,False,0,,0.25,
R05_F05,5,5,10,Ti,1,False,7,7.0,0.25,0.2999595891620772
R05_F05,5,5,10,Zr,1,False,9,9.0,0.25,0.2705449720079083
R05_F05,5,5,10,Li,0,False,0,,0.25,
R05_F05,5,5,10,Ni,0,False,0,,0.25,
R05_F05,5,5,10,Be,0,False,0,,0.25,
R05_F05,5,5,10,Sc,0,False,0,,0.25,
R05_F05,5,5,10,Tsol,1,True,1,1.0,0.25,0.5937077559652291
R05_F05,5,5,10,Tage,1,True,2,2.0,0.25,0.4441948638640206
R05_F05,5,5,10,tage,1,True,3,3.0,0.25,0.1984621090882083
R05_F05,5,5,11,Si,1,False,10,10.0,0.25,0.2023979248939119
R05_F05,5,5,11,Fe,1,False,8,8.0,0.25,0.2977379613235306
R05_F05,5,5,11,Cu,1,False,6,6.0,0.25,0.3074977200314823
R05_F05,5,5,11,Mn,0,False,0,,0.25,
R05_F05,5,5,11,Mg,1,False,5,5.0,0.25,0.5556415136351587
R05_F05,5,5,11,Cr,0,False,0,,0.25,
R05_F05,5,5,11,Zn,1,False,4,4.0,0.25,1.0
R05_F05,5,5,11,V,0,False,0,,0.25,
R05_F05,5,5,11,Ti,1,False,7,7.0,0.25,0.2999595891620772
R05_F05,5,5,11,Zr,1,False,9,9.0,0.25,0.2705449720079083
R05_F05,5,5,11,Li,0,False,0,,0.25,
R05_F05,5,5,11,Ni,0,False,0,,0.25,
R05_F05,5,5,11,Be,0,False,0,,0.25,
R05_F05,5,5,11,Sc,1,False,11,11.0,0.25,0.1971343642042161
R05_F05,5,5,11,Tsol,1,True,1,1.0,0.25,0.5937077559652291
R05_F05,5,5,11,Tage,1,True,2,2.0,0.25,0.4441948638640206
R05_F05,5,5,11,tage,1,True,3,3.0,0.25,0.1984621090882083
R05_F05,5,5,12,Si,1,False,8,8.0,1.0,0.4067651593186531
R05_F05,5,5,12,Fe,1,False,9,9.0,1.0,0.4051345621315207
R05_F05,5,5,12,Cu,1,False,12,12.0,1.0,0.2704483759681588
R05_F05,5,5,12,Mn,0,False,0,,1.0,
R05_F05,5,5,12,Mg,1,False,5,5.0,1.0,0.8455484746650874
R05_F05,5,5,12,Cr,1,False,11,11.0,1.0,0.3145202569988821
R05_F05,5,5,12,Zn,1,False,4,4.0,1.0,1.0
R05_F05,5,5,12,V,0,False,0,,1.0,
R05_F05,5,5,12,Ti,1,False,6,6.0,1.0,0.4350913476284685
R05_F05,5,5,12,Zr,1,False,10,10.0,1.0,0.3704739939325512
R05_F05,5,5,12,Li,0,False,0,,1.0,
R05_F05,5,5,12,Ni,0,False,0,,1.0,
R05_F05,5,5,12,Be,0,False,0,,1.0,
R05_F05,5,5,12,Sc,1,False,7,7.0,1.0,0.4240513381197583
R05_F05,5,5,12,Tsol,1,True,1,1.0,1.0,0.7570868709052853
R05_F05,5,5,12,Tage,1,True,2,2.0,1.0,0.3627512889873637
R05_F05,5,5,12,tage,1,True,3,3.0,1.0,0.0
R05_F05,5,5,13,Si,1,False,12,12.0,0.0,0.1342755134189982
R05_F05,5,5,13,Fe,1,False,7,7.0,0.0,0.2619390943875339
R05_F05,5,5,13,Cu,1,False,6,6.0,0.0,0.3198475013859235
R05_F05,5,5,13,Mn,1,False,11,11.0,0.0,0.1378803684396271
R05_F05,5,5,13,Mg,1,False,5,5.0,0.0,0.4590058599585158
R05_F05,5,5,13,Cr,1,False,13,13.0,0.0,0.1325475692939183
R05_F05,5,5,13,Zn,1,False,4,4.0,0.0,1.0
R05_F05,5,5,13,V,0,False,0,,0.0,
R05_F05,5,5,13,Ti,1,False,8,8.0,0.0,0.2549156696732801
R05_F05,5,5,13,Zr,1,False,9,9.0,0.0,0.2372352980330273
R05_F05,5,5,13,Li,1,False,10,10.0,0.0,0.1429367497991578
R05_F05,5,5,13,Ni,0,False,0,,0.0,
R05_F05,5,5,13,Be,0,False,0,,0.0,
R05_F05,5,5,13,Sc,0,False,0,,0.0,
R05_F05,5,5,13,Tsol,1,True,1,1.0,0.0,0.5392480509852103
R05_F05,5,5,13,Tage,1,True,2,2.0,0.0,0.4713427221562396
R05_F05,5,5,13,tage,1,True,3,3.0,0.0,0.2646161454509445
R05_F05,5,5,14,Si,1,False,11,11.0,0.5,0.2705203363688256
R05_F05,5,5,14,Fe,1,False,7,7.0,0.5,0.3335368282595273
R05_F05,5,5,14,Cu,1,False,9,9.0,0.5,0.2951479386770411
R05_F05,5,5,14,Mn,1,False,14,14.0,0.5,0.0961346561435694
R05_F05,5,5,14,Mg,1,False,5,5.0,0.5,0.6522771673118016
R05_F05,5,5,14,Cr,1,False,12,12.0,0.5,0.2235339131464002
R05_F05,5,5,14,Zn,1,False,4,4.0,0.5,1.0
R05_F05,5,5,14,V,0,False,0,,0.5,
R05_F05,5,5,14,Ti,1,False,6,6.0,0.5,0.3450035086508743
R05_F05,5,5,14,Zr,1,False,8,8.0,0.5,0.3038546459827893
R05_F05,5,5,14,Li,1,False,13,13.0,0.5,0.2000238122958645
R05_F05,5,5,14,Ni,0,False,0,,0.5,
R05_F05,5,5,14,Be,0,False,0,,0.5,
R05_F05,5,5,14,Sc,1,False,10,10.0,0.5,0.2727733555093968
R05_F05,5,5,14,Tsol,1,True,1,1.0,0.5,0.6481674609452478
R05_F05,5,5,14,Tage,1,True,2,2.0,0.5,0.4170470055718017
R05_F05,5,5,14,tage,1,True,3,3.0,0.5,0.1323080727254722
R05_F05,5,5,15,Si,1,False,9,9.0,0.75,0.3386427478437394
R05_F05,5,5,15,Fe,1,False,7,7.0,0.75,0.369335695195524
R05_F05,5,5,15,Cu,1,False,11,11.0,0.75,0.2827981573225999
R05_F05,5,5,15,Mn,0,False,0,,0.75,
R05_F05,5,5,15,Mg,1,False,5,5.0,0.75,0.7489128209884445
R05_F05,5,5,15,Cr,1,False,12,12.0,0.75,0.2690270850726411
R05_F05,5,5,15,Zn,1,False,4,4.0,0.75,1.0
R05_F05,5,5,15,V,0,False,0,,0.75,
R05_F05,5,5,15,Ti,1,False,6,6.0,0.75,0.3900474281396714
R05_F05,5,5,15,Zr,1,False,10,10.0,0.75,0.3371643199576702
R05_F05,5,5,15,Li,1,False,13,13.0,0.75,0.2285673435442179
R05_F05,5,5,15,Ni,1,False,15,15.0,0.75,0.0764109596734207
R05_F05,5,5,15,Be,1,False,14,14.0,0.75,0.0877265210935787
R05_F05,5,5,15,Sc,1,False,8,8.0,0.75,0.3484123468145775
R05_F05,5,5,15,Tsol,1,True,1,1.0,0.75,0.7026271659252665
R05_F05,5,5,15,Tage,1,True,2,2.0,0.75,0.3898991472795827
R05_F05,5,5,15,tage,1,True,3,3.0,0.75,0.0661540363627361
R05_F05,5,5,16,Si,1,False,10,10.0,0.25,0.2023979248939119
R05_F05,5,5,16,Fe,1,False,8,8.0,0.25,0.2977379613235306
R05_F05,5,5,16,Cu,1,False,6,6.0,0.25,0.3074977200314823
R05_F05,5,5,16,Mn,1,False,14,14.0,0.25,0.1170075122915982
R05_F05,5,5,16,Mg,1,False,5,5.0,0.25,0.5556415136351587
R05_F05,5,5,16,Cr,1,False,12,12.0,0.25,0.1780407412201592
R05_F05,5,5,16,Zn,1,False,4,4.0,0.25,1.0
R05_F05,5,5,16,V,0,False,0,,0.25,
R05_F05,5,5,16,Ti,1,False,7,7.0,0.25,0.2999595891620772
R05_F05,5,5,16,Zr,1,False,9,9.0,0.25,0.2705449720079083
R05_F05,5,5,16,Li,1,False,13,13.0,0.25,0.1714802810475112
R05_F05,5,5,16,Ni,1,False,16,16.0,0.25,0.0383232562729587
R05_F05,5,5,16,Be,1,False,15,15.0,0.25,0.0420854298205227
R05_F05,5,5,16,Sc,1,False,11,11.0,0.25,0.1971343642042161
R05_F05,5,5,16,Tsol,1,True,1,1.0,0.25,0.5937077559652291
R05_F05,5,5,16,Tage,1,True,2,2.0,0.25,0.4441948638640206
R05_F05,5,5,16,tage,1,True,3,3.0,0.25,0.1984621090882083
R05_F05,5,5,17,Si,1,False,11,11.0,0.5,0.2705203363688256
R05_F05,5,5,17,Fe,1,False,7,7.0,0.5,0.3335368282595273
R05_F05,5,5,17,Cu,1,False,9,9.0,0.5,0.2951479386770411
R05_F05,5,5,17,Mn,1,False,14,14.0,0.5,0.0961346561435694
R05_F05,5,5,17,Mg,1,False,5,5.0,0.5,0.6522771673118016
R05_F05,5,5,17,Cr,1,False,12,12.0,0.5,0.2235339131464002
R05_F05,5,5,17,Zn,1,False,4,4.0,0.5,1.0
R05_F05,5,5,17,V,1,False,17,17.0,0.5,0.0503081445338815
R05_F05,5,5,17,Ti,1,False,6,6.0,0.5,0.3450035086508743
R05_F05,5,5,17,Zr,1,False,8,8.0,0.5,0.3038546459827893
R05_F05,5,5,17,Li,1,False,13,13.0,0.5,0.2000238122958645
R05_F05,5,5,17,Ni,1,False,16,16.0,0.5,0.0573671079731897
R05_F05,5,5,17,Be,1,False,15,15.0,0.5,0.0649059754570507
R05_F05,5,5,17,Sc,1,False,10,10.0,0.5,0.2727733555093968
R05_F05,5,5,17,Tsol,1,True,1,1.0,0.5,0.6481674609452478
R05_F05,5,5,17,Tage,1,True,2,2.0,0.5,0.4170470055718017
R05_F05,5,5,17,tage,1,True,3,3.0,0.5,0.1323080727254722
