Feature_Count,Repeat,Fold,Outer_ID,Implementation,Chain_Order,Target,R2,RMSE,MAE,NRMSE,NMAE,MAPE_Percent
,1,1,R01_F01,Separately fitted target-wise ExtraTrees,Not applicable,YS,0.8649275250130208,44.323287932640625,34.19427037037054,0.3688251847755231,0.2845390916572454,10.827397494395923
,1,1,R01_F01,Separately fitted target-wise ExtraTrees,Not applicable,UTS,0.8578517451581487,39.24883918869947,28.292712152777654,0.3784969880465814,0.27284135161323453,6.595976126131833
,1,1,R01_F01,Separately fitted target-wise ExtraTrees,Not applicable,El,0.7760659954195925,3.4124283002434312,2.3835529513888947,0.4719976269801376,0.3296864396408873,23.17385960199877
,1,1,R01_F01,Separately fitted target-wise ExtraTrees,Not applicable,Macro,0.8329484218635873,,,0.406439933267414,0.2956889609704557,
,1,1,R01_F01,MultiOutputRegressor(ExtraTreesRegressor),Not applicable,YS,0.8649275250130208,44.323287932640625,34.19427037037054,0.3688251847755231,0.2845390916572454,10.827397494395923
,1,1,R01_F01,MultiOutputRegressor(ExtraTreesRegressor),Not applicable,UTS,0.8578517451581487,39.24883918869947,28.292712152777654,0.3784969880465814,0.27284135161323453,6.595976126131833
,1,1,R01_F01,MultiOutputRegressor(ExtraTreesRegressor),Not applicable,El,0.7760659954195925,3.4124283002434312,2.3835529513888947,0.4719976269801376,0.3296864396408873,23.17385960199877
,1,1,R01_F01,MultiOutputRegressor(ExtraTreesRegressor),Not applicable,Macro,0.8329484218635873,,,0.406439933267414,0.2956889609704557,
,1,1,R01_F01,Native multi-output ExtraTreesRegressor,Not applicable,YS,0.8587744939926631,45.321587123270646,35.1861230324076,0.3771322824801188,0.29279254618214123,11.34086206946675
,1,1,R01_F01,Native multi-output ExtraTreesRegressor,Not applicable,UTS,0.861173326594811,38.7875643560005,27.830984143518297,0.37404867470924025,0.26838866805841166,6.491496761693867
,1,1,R01_F01,Native multi-output ExtraTreesRegressor,Not applicable,El,0.7187662022450552,3.824170680797531,2.6944967592592666,0.5289486921599758,0.3726953255502304,24.927964767993377
,1,1,R01_F01,Native multi-output ExtraTreesRegressor,Not applicable,Macro,0.8129046742775099,,,0.4267098831164449,0.3112921799302611,
,1,1,R01_F01,RegressorChain(ExtraTreesRegressor),YS>UTS>El,YS,0.8619537197557486,44.80855044400362,34.3217854745372,0.3728631757226318,0.2856001767899055,10.965797243951954
,1,1,R01_F01,RegressorChain(ExtraTreesRegressor),YS>UTS>El,UTS,0.8517749994247802,40.07899113373919,27.395710879629476,0.38650257540441113,0.26419110138473134,6.369190459684583
,1,1,R01_F01,RegressorChain(ExtraTreesRegressor),YS>UTS>El,El,0.7465366192575976,3.630455546549835,2.481029629629635,0.5021545515567787,0.3431691436766772,23.41407760422277
,1,1,R01_F01,RegressorChain(ExtraTreesRegressor),YS>UTS>El,Macro,0.8200884461460421,,,0.42050676756127386,0.297653473950438,
,1,1,R01_F01,RegressorChain(ExtraTreesRegressor),YS>El>UTS,YS,0.8619537197557486,44.80855044400362,34.3217854745372,0.3728631757226318,0.2856001767899055,10.965797243951954
,1,1,R01_F01,RegressorChain(ExtraTreesRegressor),YS>El>UTS,UTS,0.8520601730061783,40.04041811283428,27.19368680555544,0.3861305956838856,0.26224287807085717,6.3155886598949955
,1,1,R01_F01,RegressorChain(ExtraTreesRegressor),YS>El>UTS,El,0.7514560770274962,3.595051251916876,2.488761805555566,0.49725752762503184,0.3442386368256386,23.504847793888942
,1,1,R01_F01,RegressorChain(ExtraTreesRegressor),YS>El>UTS,Macro,0.821823323263141,,,0.41875043301051634,0.2973605638954671,
,1,1,R01_F01,RegressorChain(ExtraTreesRegressor),UTS>YS>El,YS,0.8462306711570078,47.29153380913812,36.33614467592606,0.39352470245395255,0.30236216443363806,11.554868960543605
,1,1,R01_F01,RegressorChain(ExtraTreesRegressor),UTS>YS>El,UTS,0.8567648501145103,39.39860583025881,28.30944450231471,0.379941265735089,0.2730027103701718,6.5979023745919765
,1,1,R01_F01,RegressorChain(ExtraTreesRegressor),UTS>YS>El,El,0.7488105741983905,3.6141334807448073,2.48612847222223,0.49989692864149654,0.34387440145568415,23.255844932269966
,1,1,R01_F01,RegressorChain(ExtraTreesRegressor),UTS>YS>El,Macro,0.8172686984899694,,,0.4244542989435127,0.306413092086498,
,1,1,R01_F01,RegressorChain(ExtraTreesRegressor),UTS>El>YS,YS,0.8378169740314811,48.56811407225042,37.50180092592585,0.40414744669031694,0.31206188216315944,11.927426712010801
,1,1,R01_F01,RegressorChain(ExtraTreesRegressor),UTS>El>YS,UTS,0.8567648501145103,39.39860583025881,28.30944450231471,0.379941265735089,0.2730027103701718,6.5979023745919765
,1,1,R01_F01,RegressorChain(ExtraTreesRegressor),UTS>El>YS,El,0.7682966460488134,3.4711203515271305,2.397599537037039,0.48011574888368835,0.3316293244460052,22.946985518778114
,1,1,R01_F01,RegressorChain(ExtraTreesRegressor),UTS>El>YS,Macro,0.820959490064935,,,0.42140148710303144,0.30556463899311215,
,1,1,R01_F01,RegressorChain(ExtraTreesRegressor),El>YS>UTS,YS,0.8553186637401583,45.87275208616027,35.405765046296274,0.38171866423926304,0.29462024241442597,11.32320941249696
,1,1,R01_F01,RegressorChain(ExtraTreesRegressor),El>YS>UTS,UTS,0.8460710966896619,40.842859292589914,27.754413425925772,0.39386895370670066,0.26765025676828413,6.437658473605657
,1,1,R01_F01,RegressorChain(ExtraTreesRegressor),El>YS>UTS,El,0.7807229381949443,3.3767593678138192,2.354693827160498,0.46706399908164353,0.3256947255434639,23.018957811469214
,1,1,R01_F01,RegressorChain(ExtraTreesRegressor),El>YS>UTS,Macro,0.8273708995415882,,,0.41421720567586906,0.295988408242058,
,1,1,R01_F01,RegressorChain(ExtraTreesRegressor),El>UTS>YS,YS,0.8352491646910727,48.95108844528321,37.76119537037027,0.4073342724084986,0.3142203683306872,11.971478353856378
,1,1,R01_F01,RegressorChain(ExtraTreesRegressor),El>UTS>YS,UTS,0.8522674772116748,40.012354483494946,28.50835300925918,0.3858599634970959,0.27492088864834624,6.66091707641365
,1,1,R01_F01,RegressorChain(ExtraTreesRegressor),El>UTS>YS,El,0.7807229381949443,3.3767593678138192,2.354693827160498,0.46706399908164353,0.3256947255434639,23.018957811469214
,1,1,R01_F01,RegressorChain(ExtraTreesRegressor),El>UTS>YS,Macro,0.8227465266992305,,,0.42008607832907935,0.30494532750749914,
,1,2,R01_F02,Separately fitted target-wise ExtraTrees,Not applicable,YS,0.8574821683986757,52.46546270060544,38.750849074074324,0.45511671411502347,0.3361479760580933,13.100906203374516
,1,2,R01_F02,Separately fitted target-wise ExtraTrees,Not applicable,UTS,0.8691199930570549,44.13735938345953,31.4763242091045,0.4469247931728206,0.318722050514569,7.914598071807593
,1,2,R01_F02,Separately fitted target-wise ExtraTrees,Not applicable,El,0.7473487765128046,3.9206103463090702,2.612495833333331,0.5550733300918481,0.369872707045367,20.59364306594587
,1,2,R01_F02,Separately fitted target-wise ExtraTrees,Not applicable,Macro,0.8246503126561784,,,0.4857049457932307,0.34158091120600975,
,1,2,R01_F02,MultiOutputRegressor(ExtraTreesRegressor),Not applicable,YS,0.8574821683986757,52.46546270060544,38.750849074074324,0.45511671411502347,0.3361479760580933,13.100906203374516
,1,2,R01_F02,MultiOutputRegressor(ExtraTreesRegressor),Not applicable,UTS,0.8691199930570549,44.13735938345953,31.4763242091045,0.4469247931728206,0.318722050514569,7.914598071807593
,1,2,R01_F02,MultiOutputRegressor(ExtraTreesRegressor),Not applicable,El,0.7473487765128046,3.9206103463090702,2.612495833333331,0.5550733300918481,0.369872707045367,20.59364306594587
,1,2,R01_F02,MultiOutputRegressor(ExtraTreesRegressor),Not applicable,Macro,0.8246503126561784,,,0.4857049457932307,0.34158091120600975,
,1,2,R01_F02,Native multi-output ExtraTreesRegressor,Not applicable,YS,0.84604828243545,54.529457067597306,40.34983719135826,0.4730210322303084,0.3500185526314862,13.699817075268195
,1,2,R01_F02,Native multi-output ExtraTreesRegressor,Not applicable,UTS,0.8719204408023576,43.66260111474457,31.48829320987602,0.442117499668714,0.3188432458753476,7.873580333128924
,1,2,R01_F02,Native multi-output ExtraTreesRegressor,Not applicable,El,0.7717612662888471,3.7263844026917563,2.5275344907407367,0.5275751520555156,0.3578440249789784,19.958954749003002
,1,2,R01_F02,Native multi-output ExtraTreesRegressor,Not applicable,Macro,0.829909996508885,,,0.4809045613181793,0.34223527449527075,
,1,2,R01_F02,RegressorChain(ExtraTreesRegressor),YS>UTS>El,YS,0.8608161430375656,51.84815871975605,38.40667312885831,0.44976185122212353,0.3331623886411289,13.001399555260477
,1,2,R01_F02,RegressorChain(ExtraTreesRegressor),YS>UTS>El,UTS,0.8687808919477269,44.19450082844708,32.9034467592589,0.44750339435874076,0.333172766630564,8.259475550175662
,1,2,R01_F02,RegressorChain(ExtraTreesRegressor),YS>UTS>El,El,0.7028233095287164,4.252069453928489,2.8320690586419794,0.6020007455716314,0.4009595100187404,21.83810190023127
,1,2,R01_F02,RegressorChain(ExtraTreesRegressor),YS>UTS>El,Macro,0.8108067815046697,,,0.49975533038416525,0.3557648884301445,
,1,2,R01_F02,RegressorChain(ExtraTreesRegressor),YS>El>UTS,YS,0.8608161430375656,51.84815871975605,38.40667312885831,0.44976185122212353,0.3331623886411289,13.001399555260477
,1,2,R01_F02,RegressorChain(ExtraTreesRegressor),YS>El>UTS,UTS,0.8694670299524464,44.07880399477339,32.57421226851824,0.4463318747168171,0.32983901357566847,8.322970317172935
,1,2,R01_F02,RegressorChain(ExtraTreesRegressor),YS>El>UTS,El,0.6973781813709313,4.290847673917992,2.830396373456796,0.6074908998596931,0.40072269410133887,21.55957929076839
,1,2,R01_F02,RegressorChain(ExtraTreesRegressor),YS>El>UTS,Macro,0.8092204514536477,,,0.5011948752662113,0.3545746987727121,
,1,2,R01_F02,RegressorChain(ExtraTreesRegressor),UTS>YS>El,YS,0.8602303890552306,51.95714542239655,39.00843125000011,0.45070726688101187,0.33838239747530097,13.61374839420771
,1,2,R01_F02,RegressorChain(ExtraTreesRegressor),UTS>YS>El,UTS,0.8742272761196324,43.267611904382875,31.096435455246393,0.4381179293814949,0.3148753839917334,7.804900698337587
,1,2,R01_F02,RegressorChain(ExtraTreesRegressor),UTS>YS>El,El,0.6986082998471137,4.282117923685272,2.813111342592594,0.6062549567017336,0.39827550889417707,21.55287043939704
,1,2,R01_F02,RegressorChain(ExtraTreesRegressor),UTS>YS>El,Macro,0.811021988340659,,,0.4983600509880801,0.35051109678707054,
,1,2,R01_F02,RegressorChain(ExtraTreesRegressor),UTS>El>YS,YS,0.8624307399483264,51.54655019598574,38.28863819444479,0.4471455190061905,0.3321384832234332,13.365219381296182
,1,2,R01_F02,RegressorChain(ExtraTreesRegressor),UTS>El>YS,UTS,0.8742272761196324,43.267611904382875,31.096435455246393,0.4381179293814949,0.3148753839917334,7.804900698337587
,1,2,R01_F02,RegressorChain(ExtraTreesRegressor),UTS>El>YS,El,0.7323569806281285,4.035254580364613,2.6868534722222215,0.5713044653366315,0.3804001348155558,21.12739455349228
,1,2,R01_F02,RegressorChain(ExtraTreesRegressor),UTS>El>YS,Macro,0.8230049988986957,,,0.4855226379081056,0.3424713340102408,
,1,2,R01_F02,RegressorChain(ExtraTreesRegressor),El>YS>UTS,YS,0.8620727152294164,51.61358169513016,37.73887245370384,0.44772699020767215,0.32736948730535953,12.75687788001108
,1,2,R01_F02,RegressorChain(ExtraTreesRegressor),El>YS>UTS,UTS,0.8695533815895959,44.064221829868146,31.440992824074133,0.44618421905446387,0.3183642930010299,7.894038869846577
,1,2,R01_F02,RegressorChain(ExtraTreesRegressor),El>YS>UTS,El,0.7448496722702237,3.9399530267098974,2.6626612268518497,0.5578118338131111,0.3769750379520603,20.87739963691221
,1,2,R01_F02,RegressorChain(ExtraTreesRegressor),El>YS>UTS,Macro,0.8254919230297454,,,0.48390768102508236,0.3409029394194832,
,1,2,R01_F02,RegressorChain(ExtraTreesRegressor),El>UTS>YS,YS,0.8640395137689821,51.24426387600156,37.1209678240743,0.4445233071816575,0.32200941402671074,12.80631278149583
,1,2,R01_F02,RegressorChain(ExtraTreesRegressor),El>UTS>YS,UTS,0.8750921834663744,43.118585022171814,30.694048495370023,0.4366089173010321,0.31080090578709524,7.774987727340527
,1,2,R01_F02,RegressorChain(ExtraTreesRegressor),El>UTS>YS,El,0.7448496722702237,3.9399530267098974,2.6626612268518497,0.5578118338131111,0.3769750379520603,20.87739963691221
,1,2,R01_F02,RegressorChain(ExtraTreesRegressor),El>UTS>YS,Macro,0.8279937898351934,,,0.4796480194319335,0.33659511925528873,
,1,3,R01_F03,Separately fitted target-wise ExtraTrees,Not applicable,YS,0.8548211565974962,43.68950284996516,29.07696660879657,0.3603118376373972,0.23980074361832857,10.393898372250773
,1,3,R01_F03,Separately fitted target-wise ExtraTrees,Not applicable,UTS,0.8639040461470753,37.15163261959749,26.187904629630086,0.3567681420788832,0.2514831629424455,6.821491095052135
,1,3,R01_F03,Separately fitted target-wise ExtraTrees,Not applicable,El,0.8015953720620332,3.3281956964756962,2.192454571759287,0.4645092963059892,0.30599628843615756,16.160809255188305
,1,3,R01_F03,Separately fitted target-wise ExtraTrees,Not applicable,Macro,0.8401068582688683,,,0.39386309200742314,0.2657600649989772,
,1,3,R01_F03,MultiOutputRegressor(ExtraTreesRegressor),Not applicable,YS,0.8548211565974962,43.68950284996516,29.07696660879657,0.3603118376373972,0.23980074361832857,10.393898372250773
,1,3,R01_F03,MultiOutputRegressor(ExtraTreesRegressor),Not applicable,UTS,0.8639040461470753,37.15163261959749,26.187904629630086,0.3567681420788832,0.2514831629424455,6.821491095052135
,1,3,R01_F03,MultiOutputRegressor(ExtraTreesRegressor),Not applicable,El,0.8015953720620332,3.3281956964756962,2.192454571759287,0.4645092963059892,0.30599628843615756,16.160809255188305
,1,3,R01_F03,MultiOutputRegressor(ExtraTreesRegressor),Not applicable,Macro,0.8401068582688683,,,0.39386309200742314,0.2657600649989772,
,1,3,R01_F03,Native multi-output ExtraTreesRegressor,Not applicable,YS,0.8492886488325418,44.514184186289555,29.96230497685208,0.36711306970398144,0.24710222048384592,10.79554994669059
,1,3,R01_F03,Native multi-output ExtraTreesRegressor,Not applicable,UTS,0.8779108315394775,35.18794176020844,24.747639467593007,0.33791076515833407,0.237652257280177,6.472018985659392
,1,3,R01_F03,Native multi-output ExtraTreesRegressor,Not applicable,El,0.8024036723548332,3.321409244141292,2.1879452546296507,0.46356212538043146,0.305366932497465,16.34589307098865
,1,3,R01_F03,Native multi-output ExtraTreesRegressor,Not applicable,Macro,0.8432010509089508,,,0.38952865341424897,0.263373803420496,
,1,3,R01_F03,RegressorChain(ExtraTreesRegressor),YS>UTS>El,YS,0.8579914631137366,43.209840498597565,28.779225405093026,0.35635601273684286,0.23734524119214612,10.242757105034544
,1,3,R01_F03,RegressorChain(ExtraTreesRegressor),YS>UTS>El,UTS,0.8706677940241041,36.21668028328916,26.735280324074346,0.3477897692743168,0.256739626676505,6.900482060854546
,1,3,R01_F03,RegressorChain(ExtraTreesRegressor),YS>UTS>El,El,0.800838741623445,3.3345358154401734,2.1348965277778014,0.4653941734187756,0.29796303289926085,15.290671311793488
,1,3,R01_F03,RegressorChain(ExtraTreesRegressor),YS>UTS>El,Macro,0.8431659995870953,,,0.3898466518099784,0.26401596692263735,
,1,3,R01_F03,RegressorChain(ExtraTreesRegressor),YS>El>UTS,YS,0.8579914631137366,43.209840498597565,28.779225405093026,0.35635601273684286,0.23734524119214612,10.242757105034544
,1,3,R01_F03,RegressorChain(ExtraTreesRegressor),YS>El>UTS,UTS,0.8704113013855755,36.252575096638076,26.649890972222494,0.3481344681466352,0.2559196304000174,6.862513615069189
,1,3,R01_F03,RegressorChain(ExtraTreesRegressor),YS>El>UTS,El,0.8015390710479005,3.328667881786035,2.1437120370370586,0.46457519821988924,0.2991933950462141,15.38702103348219
,1,3,R01_F03,RegressorChain(ExtraTreesRegressor),YS>El>UTS,Macro,0.8433139451824042,,,0.3896885597011224,0.2641527555461259,
,1,3,R01_F03,RegressorChain(ExtraTreesRegressor),UTS>YS>El,YS,0.8308343564290113,47.160838643886166,32.25138101851844,0.3889403020824933,0.2659804667732793,11.775094289108024
,1,3,R01_F03,RegressorChain(ExtraTreesRegressor),UTS>YS>El,UTS,0.8593492938405148,37.76819720437494,26.561382060185636,0.3626890286152841,0.25506967690192656,6.960572431684449
,1,3,R01_F03,RegressorChain(ExtraTreesRegressor),UTS>YS>El,El,0.79448921609906,3.38727349254126,2.1651182870370564,0.4727546604553339,0.30218102048379836,15.47155954995309
,1,3,R01_F03,RegressorChain(ExtraTreesRegressor),UTS>YS>El,Macro,0.8282242887895287,,,0.40812799705103714,0.2744103880530014,
,1,3,R01_F03,RegressorChain(ExtraTreesRegressor),UTS>El>YS,YS,0.8317152771635247,47.037884636216745,31.906089120370318,0.38792628769555026,0.263132808864003,11.8115498760156
,1,3,R01_F03,RegressorChain(ExtraTreesRegressor),UTS>El>YS,UTS,0.8593492938405148,37.76819720437494,26.561382060185636,0.3626890286152841,0.25506967690192656,6.960572431684449
,1,3,R01_F03,RegressorChain(ExtraTreesRegressor),UTS>El>YS,El,0.7915990948562845,3.411008141952715,2.174400000000018,0.47606725571764336,0.30347644970435317,15.648941812891135
,1,3,R01_F03,RegressorChain(ExtraTreesRegressor),UTS>El>YS,Macro,0.8275545552867746,,,0.40889419067615923,0.27389297849009425,
,1,3,R01_F03,RegressorChain(ExtraTreesRegressor),El>YS>UTS,YS,0.8549356315448327,43.67227465158004,28.519468518518604,0.3601697549078079,0.23520299934833272,10.474558548187686
,1,3,R01_F03,RegressorChain(ExtraTreesRegressor),El>YS>UTS,UTS,0.8717233868933186,36.06857952071941,26.45502361111126,0.34636755360903265,0.2540483138124714,6.851830119008458
,1,3,R01_F03,RegressorChain(ExtraTreesRegressor),El>YS>UTS,El,0.8013760040961055,3.3300351138039344,2.1964789351852096,0.46476601992643546,0.3065579604030537,16.352653145847302
,1,3,R01_F03,RegressorChain(ExtraTreesRegressor),El>YS>UTS,Macro,0.8426783408447522,,,0.3904344428144253,0.26526975785461926,
,1,3,R01_F03,RegressorChain(ExtraTreesRegressor),El>UTS>YS,YS,0.8428032025023946,45.4618687474776,29.79585439814832,0.3749287220567875,0.2457294853878546,10.988993100741224
,1,3,R01_F03,RegressorChain(ExtraTreesRegressor),El>UTS>YS,UTS,0.8750834995740534,35.59304969971158,25.15214212962983,0.3418010277585758,0.24153670738438895,6.553800667712671
,1,3,R01_F03,RegressorChain(ExtraTreesRegressor),El>UTS>YS,El,0.8013760040961055,3.3300351138039344,2.1964789351852096,0.46476601992643546,0.3065579604030537,16.352653145847302
,1,3,R01_F03,RegressorChain(ExtraTreesRegressor),El>UTS>YS,Macro,0.8397542353908513,,,0.39383192324726624,0.26460805105843244,
,1,4,R01_F04,Separately fitted target-wise ExtraTrees,Not applicable,YS,0.8983569810093639,36.91897754432662,26.996105941358266,0.3051088929625423,0.22310346997497177,8.203431761748453
,1,4,R01_F04,Separately fitted target-wise ExtraTrees,Not applicable,UTS,0.9173576990375477,29.470435493883752,19.88611643518571,0.283526266883348,0.19131839286344943,4.870529276190486
,1,4,R01_F04,Separately fitted target-wise ExtraTrees,Not applicable,El,0.7677537746554983,3.4221885891613706,2.0122996527777923,0.471988611089511,0.27753658030963335,17.075990737123924
,1,4,R01_F04,Separately fitted target-wise ExtraTrees,Not applicable,Macro,0.8611561515674699,,,0.3535412569784671,0.23065281438268484,
,1,4,R01_F04,MultiOutputRegressor(ExtraTreesRegressor),Not applicable,YS,0.8983569810093639,36.91897754432662,26.996105941358266,0.3051088929625423,0.22310346997497177,8.203431761748453
,1,4,R01_F04,MultiOutputRegressor(ExtraTreesRegressor),Not applicable,UTS,0.9173576990375477,29.470435493883752,19.88611643518571,0.283526266883348,0.19131839286344943,4.870529276190486
,1,4,R01_F04,MultiOutputRegressor(ExtraTreesRegressor),Not applicable,El,0.7677537746554983,3.4221885891613706,2.0122996527777923,0.471988611089511,0.27753658030963335,17.075990737123924
,1,4,R01_F04,MultiOutputRegressor(ExtraTreesRegressor),Not applicable,Macro,0.8611561515674699,,,0.3535412569784671,0.23065281438268484,
,1,4,R01_F04,Native multi-output ExtraTreesRegressor,Not applicable,YS,0.8987785262182869,36.84234076211733,26.774907291666903,0.30447554487612755,0.2212754216480345,8.232929027985614
,1,4,R01_F04,Native multi-output ExtraTreesRegressor,Not applicable,UTS,0.9103836992295139,30.68872600981219,21.52464726080305,0.2952470764394967,0.20708220905330485,5.297799635938522
,1,4,R01_F04,Native multi-output ExtraTreesRegressor,Not applicable,El,0.810860710258827,3.088307126985641,1.8872472222222354,0.42593964461818173,0.26028933590053754,17.234883987212935
,1,4,R01_F04,Native multi-output ExtraTreesRegressor,Not applicable,Macro,0.8733409785688759,,,0.3418874219779353,0.22954898886729228,
,1,4,R01_F04,RegressorChain(ExtraTreesRegressor),YS>UTS>El,YS,0.9020853079880574,36.23554669710194,26.605450308642336,0.2994608267623661,0.21987498111759668,8.049922960498794
,1,4,R01_F04,RegressorChain(ExtraTreesRegressor),YS>UTS>El,UTS,0.9069100271401903,31.277843708442127,22.398563888889335,0.30091480204477733,0.21548990018430328,5.525077957262078
,1,4,R01_F04,RegressorChain(ExtraTreesRegressor),YS>UTS>El,El,0.6948442513864536,3.9227477739260257,2.1677342592592717,0.5410257866365968,0.29897413762625574,18.087542104489152
,1,4,R01_F04,RegressorChain(ExtraTreesRegressor),YS>UTS>El,Macro,0.8346131955049004,,,0.38046713848124675,0.24477967297605194,
,1,4,R01_F04,RegressorChain(ExtraTreesRegressor),YS>El>UTS,YS,0.9020853079880574,36.23554669710194,26.605450308642336,0.2994608267623661,0.21987498111759668,8.049922960498794
,1,4,R01_F04,RegressorChain(ExtraTreesRegressor),YS>El>UTS,UTS,0.9057320213581425,31.4751240717661,22.55311018518569,0.3028127775583813,0.21697674398946684,5.573292006736189
,1,4,R01_F04,RegressorChain(ExtraTreesRegressor),YS>El>UTS,El,0.7206882709740114,3.7529622274171226,2.0788909722222364,0.5176089461580746,0.28672086210951603,17.343331590329587
,1,4,R01_F04,RegressorChain(ExtraTreesRegressor),YS>El>UTS,Macro,0.8428352001067371,,,0.3732941834929407,0.24119086240552648,
,1,4,R01_F04,RegressorChain(ExtraTreesRegressor),UTS>YS>El,YS,0.9060406362610068,35.49612299524413,25.82555138888897,0.29335001974358477,0.21342967542778085,7.85238480998708
,1,4,R01_F04,RegressorChain(ExtraTreesRegressor),UTS>YS>El,UTS,0.917108601100141,29.514816526102152,20.068152469136344,0.28395324355248897,0.19306970723255623,4.901329187683761
,1,4,R01_F04,RegressorChain(ExtraTreesRegressor),UTS>YS>El,El,0.7233424259290866,3.7350884348389677,2.06076458333334,0.5151437908008906,0.28422086864251805,17.412546186767507
,1,4,R01_F04,RegressorChain(ExtraTreesRegressor),UTS>YS>El,Macro,0.8488305544300783,,,0.3641490180323214,0.2302400837676184,
,1,4,R01_F04,RegressorChain(ExtraTreesRegressor),UTS>El>YS,YS,0.9072017855931935,35.27611070205875,25.423661111111088,0.2915317758030167,0.2101083402798073,7.689573151160359
,1,4,R01_F04,RegressorChain(ExtraTreesRegressor),UTS>El>YS,UTS,0.917108601100141,29.514816526102152,20.068152469136344,0.28395324355248897,0.19306970723255623,4.901329187683761
,1,4,R01_F04,RegressorChain(ExtraTreesRegressor),UTS>El>YS,El,0.7262586718719055,3.7153505095375827,2.1017351851852033,0.5124215340619445,0.289871538370308,17.68272705641708
,1,4,R01_F04,RegressorChain(ExtraTreesRegressor),UTS>El>YS,Macro,0.8501896861884134,,,0.3626355178058167,0.23101652862755717,
,1,4,R01_F04,RegressorChain(ExtraTreesRegressor),El>YS>UTS,YS,0.8880356694649352,38.74812845285724,27.256720717592774,0.3202255144370437,0.2252572643418694,8.337159040934223
,1,4,R01_F04,RegressorChain(ExtraTreesRegressor),El>YS>UTS,UTS,0.8994190936716477,32.51195803561881,23.36229629629641,0.3127878477676435,0.22476168213008885,5.689908592539062
,1,4,R01_F04,RegressorChain(ExtraTreesRegressor),El>YS>UTS,El,0.7710459680294942,3.3978464948218994,1.9973721064814964,0.4686313468713189,0.27547777155032716,16.977460821168503
,1,4,R01_F04,RegressorChain(ExtraTreesRegressor),El>YS>UTS,Macro,0.852833577055359,,,0.3672149030253354,0.2418322393407618,
,1,4,R01_F04,RegressorChain(ExtraTreesRegressor),El>UTS>YS,YS,0.8961547067052472,37.31679146260586,26.8512928240741,0.3083965399204121,0.22190669333488258,8.165438333564511
,1,4,R01_F04,RegressorChain(ExtraTreesRegressor),El>UTS>YS,UTS,0.9122687750527163,30.364242414187277,20.76680752314863,0.2921253165811631,0.19979125905164616,5.060612099363082
,1,4,R01_F04,RegressorChain(ExtraTreesRegressor),El>UTS>YS,El,0.7710459680294942,3.3978464948218994,1.9973721064814964,0.4686313468713189,0.27547777155032716,16.977460821168503
,1,4,R01_F04,RegressorChain(ExtraTreesRegressor),El>UTS>YS,Macro,0.8598231499291527,,,0.35638440112429803,0.23239190797895196,
,1,5,R01_F05,Separately fitted target-wise ExtraTrees,Not applicable,YS,0.8370010920893601,41.74762565094495,29.31151689814808,0.3360480767073942,0.23594345128406108,8.65442129048464
,1,5,R01_F05,Separately fitted target-wise ExtraTrees,Not applicable,UTS,0.7986828713719719,36.59740432423859,26.426404398147636,0.33734951128833557,0.24359472409136496,5.631044457929822
,1,5,R01_F05,Separately fitted target-wise ExtraTrees,Not applicable,El,0.6684002387253896,3.6191437819802585,2.0832074652777686,0.48665813250024725,0.2801242270921699,15.55628660681011
,1,5,R01_F05,Separately fitted target-wise ExtraTrees,Not applicable,Macro,0.7680280673955738,,,0.3866852401653256,0.253220800822532,
,1,5,R01_F05,MultiOutputRegressor(ExtraTreesRegressor),Not applicable,YS,0.8370010920893601,41.74762565094495,29.31151689814808,0.3360480767073942,0.23594345128406108,8.65442129048464
,1,5,R01_F05,MultiOutputRegressor(ExtraTreesRegressor),Not applicable,UTS,0.7986828713719719,36.59740432423859,26.426404398147636,0.33734951128833557,0.24359472409136496,5.631044457929822
,1,5,R01_F05,MultiOutputRegressor(ExtraTreesRegressor),Not applicable,El,0.6684002387253896,3.6191437819802585,2.0832074652777686,0.48665813250024725,0.2801242270921699,15.55628660681011
,1,5,R01_F05,MultiOutputRegressor(ExtraTreesRegressor),Not applicable,Macro,0.7680280673955738,,,0.3866852401653256,0.253220800822532,
,1,5,R01_F05,Native multi-output ExtraTreesRegressor,Not applicable,YS,0.8232177350947734,43.47692099198617,29.980473379629526,0.3499680629187012,0.24132822551966354,8.955233586334804
,1,5,R01_F05,Native multi-output ExtraTreesRegressor,Not applicable,UTS,0.7938543586593094,37.03369100907147,27.071880555555023,0.34137113803011243,0.24954462874363117,5.771641163044338
,1,5,R01_F05,Native multi-output ExtraTreesRegressor,Not applicable,El,0.6164179333497566,3.8924933556768786,2.1223995370370266,0.5234148354854345,0.2853942969208795,15.666367168580983
,1,5,R01_F05,Native multi-output ExtraTreesRegressor,Not applicable,Macro,0.7444966757012798,,,0.4049180121447494,0.2587557170613914,
,1,5,R01_F05,RegressorChain(ExtraTreesRegressor),YS>UTS>El,YS,0.8351355801454299,41.98584542345444,29.297761342592384,0.3379656299846709,0.23583272575377145,8.65865588436359
,1,5,R01_F05,RegressorChain(ExtraTreesRegressor),YS>UTS>El,UTS,0.7893000513469846,37.440542704087036,26.645328240740614,0.3451214373481827,0.2456127319985321,5.629905124184061
,1,5,R01_F05,RegressorChain(ExtraTreesRegressor),YS>UTS>El,El,0.6459642159485687,3.7395755599203375,2.094354861111108,0.5028523230814058,0.2816231923627692,15.65510733697329
,1,5,R01_F05,RegressorChain(ExtraTreesRegressor),YS>UTS>El,Macro,0.7567999491469943,,,0.3953131301380865,0.25435621670502423,
,1,5,R01_F05,RegressorChain(ExtraTreesRegressor),YS>El>UTS,YS,0.8351355801454299,41.98584542345444,29.297761342592384,0.3379656299846709,0.23583272575377145,8.65865588436359
,1,5,R01_F05,RegressorChain(ExtraTreesRegressor),YS>El>UTS,UTS,0.7888763854237147,37.4781656755463,26.72658935185165,0.345468240387069,0.2463617850154396,5.662137604088042
,1,5,R01_F05,RegressorChain(ExtraTreesRegressor),YS>El>UTS,El,0.6360154203468207,3.791754624046565,2.1192946759259192,0.5098687245931982,0.2849767932235886,15.64846153806648
,1,5,R01_F05,RegressorChain(ExtraTreesRegressor),YS>El>UTS,Macro,0.7533424619719883,,,0.3977675316549794,0.2557237679975999,
,1,5,R01_F05,RegressorChain(ExtraTreesRegressor),UTS>YS>El,YS,0.8358436563024463,41.8955859065927,29.54612384259264,0.33723908478424364,0.23783192305301804,8.666626759020078
,1,5,R01_F05,RegressorChain(ExtraTreesRegressor),UTS>YS>El,UTS,0.7932728223454985,37.085890194182845,26.71504305555504,0.341852302470928,0.24625535294778958,5.691546987759655
,1,5,R01_F05,RegressorChain(ExtraTreesRegressor),UTS>YS>El,El,0.63293512947818,3.807765056015307,2.142787037037025,0.5120216114061579,0.2881357582371578,15.813324873134004
,1,5,R01_F05,RegressorChain(ExtraTreesRegressor),UTS>YS>El,Macro,0.7540172027087082,,,0.3970376662204432,0.2574076780793218,
,1,5,R01_F05,RegressorChain(ExtraTreesRegressor),UTS>El>YS,YS,0.836438922694432,41.81955569244466,29.53478796296294,0.3366270785482549,0.2377406747367857,8.712286595673888
,1,5,R01_F05,RegressorChain(ExtraTreesRegressor),UTS>El>YS,UTS,0.7932728223454985,37.085890194182845,26.71504305555504,0.341852302470928,0.24625535294778958,5.691546987759655
,1,5,R01_F05,RegressorChain(ExtraTreesRegressor),UTS>El>YS,El,0.6600888544280387,3.664219108311904,2.1051469907407276,0.49271931035220734,0.28307438578520283,15.83713045211326
,1,5,R01_F05,RegressorChain(ExtraTreesRegressor),UTS>El>YS,Macro,0.7632668664893231,,,0.3903995637904634,0.2556901378232594,
,1,5,R01_F05,RegressorChain(ExtraTreesRegressor),El>YS>UTS,YS,0.8405370950582214,41.29231853409854,28.900313657407498,0.3323830759189252,0.23263346524217005,8.620571637051167
,1,5,R01_F05,RegressorChain(ExtraTreesRegressor),El>YS>UTS,UTS,0.8067751830540525,35.85431029017071,25.866497685184974,0.330499779350706,0.23843358604147563,5.524490541358974
,1,5,R01_F05,RegressorChain(ExtraTreesRegressor),El>YS>UTS,El,0.6671433295201974,3.625996369343641,2.1057962962962815,0.48757958452590666,0.283161696444332,15.80379333881085
,1,5,R01_F05,RegressorChain(ExtraTreesRegressor),El>YS>UTS,Macro,0.7714852025441571,,,0.38348747993184595,0.25140958257599255,
,1,5,R01_F05,RegressorChain(ExtraTreesRegressor),El>UTS>YS,YS,0.8332042902918234,42.231049170207356,29.89224560185194,0.3399394008569767,0.24061803483044397,8.85375467664163
,1,5,R01_F05,RegressorChain(ExtraTreesRegressor),El>UTS>YS,UTS,0.8081066738713979,35.73056269791678,26.191777083333136,0.3293590921751863,0.24143196387792698,5.601111362277612
,1,5,R01_F05,RegressorChain(ExtraTreesRegressor),El>UTS>YS,El,0.6671433295201974,3.625996369343641,2.1057962962962815,0.48757958452590666,0.283161696444332,15.80379333881085
,1,5,R01_F05,RegressorChain(ExtraTreesRegressor),El>UTS>YS,Macro,0.7694847645611396,,,0.38562602585268985,0.255070565050901,
,2,1,R02_F01,Separately fitted target-wise ExtraTrees,Not applicable,YS,0.8114630273712097,52.903934416478464,35.82561996527815,0.44079173396901417,0.29849646003060076,11.058280497170381
,2,1,R02_F01,Separately fitted target-wise ExtraTrees,Not applicable,UTS,0.8444618735246644,41.81309722047501,30.019022530865442,0.4048386249775959,0.29064720416396306,6.947472846209048
,2,1,R02_F01,Separately fitted target-wise ExtraTrees,Not applicable,El,0.5084882635673333,5.976717837421651,3.291468132716037,0.8707966487656941,0.47956077189092744,23.71189170390653
,2,1,R02_F01,Separately fitted target-wise ExtraTrees,Not applicable,Macro,0.7214710548210691,,,0.5721423359041014,0.35623481202849705,
,2,1,R02_F01,MultiOutputRegressor(ExtraTreesRegressor),Not applicable,YS,0.8114630273712097,52.903934416478464,35.82561996527815,0.44079173396901417,0.29849646003060076,11.058280497170381
,2,1,R02_F01,MultiOutputRegressor(ExtraTreesRegressor),Not applicable,UTS,0.8444618735246644,41.81309722047501,30.019022530865442,0.4048386249775959,0.29064720416396306,6.947472846209048
,2,1,R02_F01,MultiOutputRegressor(ExtraTreesRegressor),Not applicable,El,0.5084882635673333,5.976717837421651,3.291468132716037,0.8707966487656941,0.47956077189092744,23.71189170390653
,2,1,R02_F01,MultiOutputRegressor(ExtraTreesRegressor),Not applicable,Macro,0.7214710548210691,,,0.5721423359041014,0.35623481202849705,
,2,1,R02_F01,Native multi-output ExtraTreesRegressor,Not applicable,YS,0.8049622972620338,53.808265535969866,37.07920098379663,0.448326555086564,0.30894120590665214,11.482891295211914
,2,1,R02_F01,Native multi-output ExtraTreesRegressor,Not applicable,UTS,0.8428761255464192,42.02570390748297,29.71800742669862,0.40689710436685284,0.28773274556201306,6.873819197977264
,2,1,R02_F01,Native multi-output ExtraTreesRegressor,Not applicable,El,0.4950707907518057,6.057745926022541,3.3166707368827106,0.8826022902446606,0.48323274434227803,24.16875685559805
,2,1,R02_F01,Native multi-output ExtraTreesRegressor,Not applicable,Macro,0.714303071186753,,,0.5792753165660258,0.3599688986036478,
,2,1,R02_F01,RegressorChain(ExtraTreesRegressor),YS>UTS>El,YS,0.8106945749059853,53.01163959807329,35.733115162037386,0.44168912570889657,0.2977257167376736,11.045754331176818
,2,1,R02_F01,RegressorChain(ExtraTreesRegressor),YS>UTS>El,UTS,0.8281719413586174,43.94818542473985,31.041475000000354,0.4255107643377292,0.30054669210495283,7.153563951047555
,2,1,R02_F01,RegressorChain(ExtraTreesRegressor),YS>UTS>El,El,0.4946651208933588,6.0601788923630115,3.2735402777777645,0.8829567689056034,0.4769487168425767,23.593540114874955
,2,1,R02_F01,RegressorChain(ExtraTreesRegressor),YS>UTS>El,Macro,0.7111772123859872,,,0.5833855529840765,0.3584070418950677,
,2,1,R02_F01,RegressorChain(ExtraTreesRegressor),YS>El>UTS,YS,0.8106945749059853,53.01163959807329,35.733115162037386,0.44168912570889657,0.2977257167376736,11.045754331176818
,2,1,R02_F01,RegressorChain(ExtraTreesRegressor),YS>El>UTS,UTS,0.8278809113346524,43.98538781863869,31.212257638889326,0.42587096166806493,0.3022002268415282,7.184015180976331
,2,1,R02_F01,RegressorChain(ExtraTreesRegressor),YS>El>UTS,El,0.4982800838145842,6.038463943809129,3.2965106481481365,0.8797929413763121,0.48029545699051984,23.754405617355022
,2,1,R02_F01,RegressorChain(ExtraTreesRegressor),YS>El>UTS,Macro,0.7122851900184073,,,0.5824510095844245,0.36007380018990726,
,2,1,R02_F01,RegressorChain(ExtraTreesRegressor),UTS>YS>El,YS,0.8100223605100075,53.105677073784285,36.74768217592602,0.4424726391173778,0.3061790153101223,11.04429735148878
,2,1,R02_F01,RegressorChain(ExtraTreesRegressor),UTS>YS>El,UTS,0.8416411174811038,42.19054357152175,30.19828898534072,0.4084930986214605,0.29238288005880786,6.988814509048509
,2,1,R02_F01,RegressorChain(ExtraTreesRegressor),UTS>YS>El,El,0.5034451407809241,6.007301441087462,3.2198398148148044,0.8752526228142958,0.4691246594824446,23.133171989650286
,2,1,R02_F01,RegressorChain(ExtraTreesRegressor),UTS>YS>El,Macro,0.7183695395906784,,,0.575406120184378,0.35589551828379157,
,2,1,R02_F01,RegressorChain(ExtraTreesRegressor),UTS>El>YS,YS,0.8100394256348767,53.10329185790988,36.53070717592614,0.44245276567218383,0.3043711953902472,11.033233311490719
,2,1,R02_F01,RegressorChain(ExtraTreesRegressor),UTS>El>YS,UTS,0.8416411174811038,42.19054357152175,30.19828898534072,0.4084930986214605,0.29238288005880786,6.988814509048509
,2,1,R02_F01,RegressorChain(ExtraTreesRegressor),UTS>El>YS,El,0.5074600662527633,5.982965943326734,3.2693465277777713,0.8717069861500714,0.47633769528440817,23.703440407174874
,2,1,R02_F01,RegressorChain(ExtraTreesRegressor),UTS>El>YS,Macro,0.7197135364562479,,,0.5742176168145718,0.35769725691115434,
,2,1,R02_F01,RegressorChain(ExtraTreesRegressor),El>YS>UTS,YS,0.8195584507789258,51.75567538409767,34.68803522376566,0.4312245232216211,0.28901818669840423,10.79006861334334
,2,1,R02_F01,RegressorChain(ExtraTreesRegressor),El>YS>UTS,UTS,0.8372643918844037,42.7696013335709,30.192528935185603,0.41409959428320225,0.29232711067218947,7.003104671963937
,2,1,R02_F01,RegressorChain(ExtraTreesRegressor),El>YS>UTS,El,0.508882939375042,5.974317752654734,3.280477642746902,0.8704469608887294,0.4779594779878603,23.672295414824948
,2,1,R02_F01,RegressorChain(ExtraTreesRegressor),El>YS>UTS,Macro,0.7219019273461238,,,0.5719236927978509,0.3531015917861513,
,2,1,R02_F01,RegressorChain(ExtraTreesRegressor),El>UTS>YS,YS,0.8124717507188974,52.76221949308355,36.03984537037039,0.43961097553390854,0.30028137052567744,10.912834561501294
,2,1,R02_F01,RegressorChain(ExtraTreesRegressor),El>UTS>YS,UTS,0.848261376033245,41.29923215429298,29.478090933642992,0.3998633315732297,0.28540984987586127,6.772057844270384
,2,1,R02_F01,RegressorChain(ExtraTreesRegressor),El>UTS>YS,El,0.508882939375042,5.974317752654734,3.280477642746902,0.8704469608887294,0.4779594779878603,23.672295414824948
,2,1,R02_F01,RegressorChain(ExtraTreesRegressor),El>UTS>YS,Macro,0.7232053553757282,,,0.5699737559986225,0.3545502327964664,
,2,2,R02_F02,Separately fitted target-wise ExtraTrees,Not applicable,YS,0.9048699798993025,36.81065166046043,28.58775254629672,0.3086181700298754,0.23967790512064652,7.87200657348221
,2,2,R02_F02,Separately fitted target-wise ExtraTrees,Not applicable,UTS,0.9042753777910058,31.572081158614672,24.237596913579893,0.30546486622239566,0.2345025740166916,5.201256207614565
,2,2,R02_F02,Separately fitted target-wise ExtraTrees,Not applicable,El,0.7744619025215481,3.0749582917779485,1.9919828703703812,0.4156332898048437,0.26925060930443495,16.176922148995278
,2,2,R02_F02,Separately fitted target-wise ExtraTrees,Not applicable,Macro,0.8612024200706188,,,0.3432387753523716,0.24781036281392435,
,2,2,R02_F02,MultiOutputRegressor(ExtraTreesRegressor),Not applicable,YS,0.9048699798993025,36.81065166046043,28.58775254629672,0.3086181700298754,0.23967790512064652,7.87200657348221
,2,2,R02_F02,MultiOutputRegressor(ExtraTreesRegressor),Not applicable,UTS,0.9042753777910058,31.572081158614672,24.237596913579893,0.30546486622239566,0.2345025740166916,5.201256207614565
,2,2,R02_F02,MultiOutputRegressor(ExtraTreesRegressor),Not applicable,El,0.7744619025215481,3.0749582917779485,1.9919828703703812,0.4156332898048437,0.26925060930443495,16.176922148995278
,2,2,R02_F02,MultiOutputRegressor(ExtraTreesRegressor),Not applicable,Macro,0.8612024200706188,,,0.3432387753523716,0.24781036281392435,
,2,2,R02_F02,Native multi-output ExtraTreesRegressor,Not applicable,YS,0.8921752796680233,39.189875318132096,29.70319158950662,0.3285654303526564,0.2490296753492915,8.414332004186754
,2,2,R02_F02,Native multi-output ExtraTreesRegressor,Not applicable,UTS,0.9060267797806864,31.281922421173938,24.117411651234217,0.3026575346603644,0.23333976264230402,5.118718092945103
,2,2,R02_F02,Native multi-output ExtraTreesRegressor,Not applicable,El,0.743151401222276,3.281465733601066,2.126604783950624,0.4435463082167119,0.28744706711356743,17.14528087104508
,2,2,R02_F02,Native multi-output ExtraTreesRegressor,Not applicable,Macro,0.8471178202236619,,,0.3582564244099109,0.256605501701721,
,2,2,R02_F02,RegressorChain(ExtraTreesRegressor),YS>UTS>El,YS,0.9060987030871016,36.572151222138515,28.45903804012389,0.3066185974739433,0.2385987708603306,7.800792214908254
,2,2,R02_F02,RegressorChain(ExtraTreesRegressor),YS>UTS>El,UTS,0.8951304484258431,33.04578595346251,24.8711314814814,0.319723192613612,0.24063212091159097,5.230004357824555
,2,2,R02_F02,RegressorChain(ExtraTreesRegressor),YS>UTS>El,El,0.7425198464528731,3.2854975892494656,2.151289814814816,0.444091282576736,0.290783671910599,17.449852533279593
,2,2,R02_F02,RegressorChain(ExtraTreesRegressor),YS>UTS>El,Macro,0.8479163326552724,,,0.35681102422143046,0.25667152122750686,
,2,2,R02_F02,RegressorChain(ExtraTreesRegressor),YS>El>UTS,YS,0.9060987030871016,36.572151222138515,28.45903804012389,0.3066185974739433,0.2385987708603306,7.800792214908254
,2,2,R02_F02,RegressorChain(ExtraTreesRegressor),YS>El>UTS,UTS,0.8972361517178528,32.71233609747294,24.69882430555546,0.31649701264973784,0.23896502180022894,5.208489610728818
,2,2,R02_F02,RegressorChain(ExtraTreesRegressor),YS>El>UTS,El,0.7521218854963648,3.223653577180009,2.072396296296301,0.43573200490461633,0.28011986136923067,16.943553608785717
,2,2,R02_F02,RegressorChain(ExtraTreesRegressor),YS>El>UTS,Macro,0.8518189134337731,,,0.3529492050094325,0.2525612180099301,
,2,2,R02_F02,RegressorChain(ExtraTreesRegressor),UTS>YS>El,YS,0.9015811341446139,37.44155606299419,30.023602083333348,0.3139076325465877,0.2517159766181546,8.296659652529408
,2,2,R02_F02,RegressorChain(ExtraTreesRegressor),UTS>YS>El,UTS,0.9046041473706483,31.51781681409973,24.268860725308283,0.3049398501281247,0.23480505632754206,5.195291537080005
,2,2,R02_F02,RegressorChain(ExtraTreesRegressor),UTS>YS>El,El,0.7419660433662746,3.289029009730514,2.1414039351851852,0.4445686145510093,0.2894474259250633,17.211402728097084
,2,2,R02_F02,RegressorChain(ExtraTreesRegressor),UTS>YS>El,Macro,0.8493837749605123,,,0.3544720324085739,0.25865615295691996,
,2,2,R02_F02,RegressorChain(ExtraTreesRegressor),UTS>El>YS,YS,0.9030592613148549,37.159329921724286,29.49662453703705,0.3115414664689883,0.24729783027603242,8.205853854470295
,2,2,R02_F02,RegressorChain(ExtraTreesRegressor),UTS>El>YS,UTS,0.9046041473706483,31.51781681409973,24.268860725308283,0.3049398501281247,0.23480505632754206,5.195291537080005
,2,2,R02_F02,RegressorChain(ExtraTreesRegressor),UTS>El>YS,El,0.7653346636315177,3.1365610449638464,2.0332486111111185,0.423959957205879,0.2748283810830529,16.428916390077895
,2,2,R02_F02,RegressorChain(ExtraTreesRegressor),UTS>El>YS,Macro,0.8576660241056736,,,0.34681375793433067,0.2523104225622091,
,2,2,R02_F02,RegressorChain(ExtraTreesRegressor),El>YS>UTS,YS,0.9072683131922317,36.34367092333504,28.090117052469445,0.3047030331325397,0.2355057606863807,7.673680914744904
,2,2,R02_F02,RegressorChain(ExtraTreesRegressor),El>YS>UTS,UTS,0.9013991978464215,32.04288447864368,24.107813657407405,0.3100199626206095,0.23324690053778893,5.0769437143976734
,2,2,R02_F02,RegressorChain(ExtraTreesRegressor),El>YS>UTS,El,0.7745563998003664,3.074314042231186,1.9536827546296414,0.4155462084420518,0.2640736925482647,15.949337435815217
,2,2,R02_F02,RegressorChain(ExtraTreesRegressor),El>YS>UTS,Macro,0.8610746369463399,,,0.343423068065067,0.2442754512574781,
,2,2,R02_F02,RegressorChain(ExtraTreesRegressor),El>UTS>YS,YS,0.9048939099092776,36.80602149921439,29.23260856481476,0.3085793510515026,0.2450843371013538,8.048717140212196
,2,2,R02_F02,RegressorChain(ExtraTreesRegressor),El>UTS>YS,UTS,0.9089586166639475,30.790079058676437,23.510023148147912,0.2978988725318566,0.22746318304946161,4.978279083970413
,2,2,R02_F02,RegressorChain(ExtraTreesRegressor),El>UTS>YS,El,0.7745563998003664,3.074314042231186,1.9536827546296414,0.4155462084420518,0.2640736925482647,15.949337435815217
,2,2,R02_F02,RegressorChain(ExtraTreesRegressor),El>UTS>YS,Macro,0.8628029754578638,,,0.340674810675137,0.2455404042330267,
,2,3,R02_F03,Separately fitted target-wise ExtraTrees,Not applicable,YS,0.9133195321231193,33.638652366938736,22.01965601851849,0.2759049667569302,0.18060570309170396,7.470673965570253
,2,3,R02_F03,Separately fitted target-wise ExtraTrees,Not applicable,UTS,0.8308439135429448,38.58212565931846,25.096789583333642,0.3636784189010235,0.23656448677171418,6.257725064925183
,2,3,R02_F03,Separately fitted target-wise ExtraTrees,Not applicable,El,0.868838779487234,2.4778386094345297,1.78782351466049,0.3389631673236169,0.2445705377410589,15.683680389685936
,2,3,R02_F03,Separately fitted target-wise ExtraTrees,Not applicable,Macro,0.871000741717766,,,0.3261821843271902,0.2205802425348257,
,2,3,R02_F03,MultiOutputRegressor(ExtraTreesRegressor),Not applicable,YS,0.9133195321231193,33.638652366938736,22.01965601851849,0.2759049667569302,0.18060570309170396,7.470673965570253
,2,3,R02_F03,MultiOutputRegressor(ExtraTreesRegressor),Not applicable,UTS,0.8308439135429448,38.58212565931846,25.096789583333642,0.3636784189010235,0.23656448677171418,6.257725064925183
,2,3,R02_F03,MultiOutputRegressor(ExtraTreesRegressor),Not applicable,El,0.868838779487234,2.4778386094345297,1.78782351466049,0.3389631673236169,0.2445705377410589,15.683680389685936
,2,3,R02_F03,MultiOutputRegressor(ExtraTreesRegressor),Not applicable,Macro,0.871000741717766,,,0.3261821843271902,0.2205802425348257,
,2,3,R02_F03,Native multi-output ExtraTreesRegressor,Not applicable,YS,0.9124825409073833,33.80067050230533,22.58696128472225,0.277233843067572,0.1852587533657041,7.770337396085136
,2,3,R02_F03,Native multi-output ExtraTreesRegressor,Not applicable,UTS,0.8394549147869824,37.58727524379818,24.469542187500245,0.3543008737301276,0.23065199912936005,6.07597821278814
,2,3,R02_F03,Native multi-output ExtraTreesRegressor,Not applicable,El,0.8842480033286069,2.327740359747076,1.6597303047839465,0.31843003900360856,0.22704765309188046,15.020646992735742
,2,3,R02_F03,Native multi-output ExtraTreesRegressor,Not applicable,Macro,0.8787284863409909,,,0.31665491860043604,0.21431946852898154,
,2,3,R02_F03,RegressorChain(ExtraTreesRegressor),YS>UTS>El,YS,0.9133993701007154,33.62315717676124,21.65799899691358,0.2757778748662034,0.17763938424412185,7.407090950919046
,2,3,R02_F03,RegressorChain(ExtraTreesRegressor),YS>UTS>El,UTS,0.8392613339431796,37.609929267795,24.35867037037032,0.35451441249939236,0.22960691189102236,6.040787424983845
,2,3,R02_F03,RegressorChain(ExtraTreesRegressor),YS>UTS>El,El,0.8685991052577083,2.4801014848659655,1.6535868055555563,0.3392727239753608,0.22620723517726068,14.627013127045826
,2,3,R02_F03,RegressorChain(ExtraTreesRegressor),YS>UTS>El,Macro,0.8737532697672011,,,0.3231883371136522,0.21115117710413497,
,2,3,R02_F03,RegressorChain(ExtraTreesRegressor),YS>El>UTS,YS,0.9133993701007154,33.62315717676124,21.65799899691358,0.2757778748662034,0.17763938424412185,7.407090950919046
,2,3,R02_F03,RegressorChain(ExtraTreesRegressor),YS>El>UTS,UTS,0.8405136437722998,37.463133908537,24.408200694444325,0.35313070687808057,0.23007378896529107,6.046636019537943
,2,3,R02_F03,RegressorChain(ExtraTreesRegressor),YS>El>UTS,El,0.8675531439879898,2.4899528190532254,1.6871064814814756,0.3406203659992451,0.23079265711565872,14.847636208256795
,2,3,R02_F03,RegressorChain(ExtraTreesRegressor),YS>El>UTS,Macro,0.873822052620335,,,0.32317631591450974,0.2128352767750239,
,2,3,R02_F03,RegressorChain(ExtraTreesRegressor),UTS>YS>El,YS,0.9043666062842708,35.333181897753555,23.84052430555523,0.2898035352479677,0.19554050484069982,8.067545669024252
,2,3,R02_F03,RegressorChain(ExtraTreesRegressor),UTS>YS>El,UTS,0.8324651189639936,38.39679344611411,25.199620949074365,0.36193146159585216,0.23753378402703496,6.249539155991996
,2,3,R02_F03,RegressorChain(ExtraTreesRegressor),UTS>YS>El,El,0.8649181237807984,2.5145995483022245,1.6535134259259239,0.34399198728991304,0.22619719699657267,14.804670821664617
,2,3,R02_F03,RegressorChain(ExtraTreesRegressor),UTS>YS>El,Macro,0.8672499496763543,,,0.3319089947112443,0.21975716195476916,
,2,3,R02_F03,RegressorChain(ExtraTreesRegressor),UTS>El>YS,YS,0.9050291007828375,35.210584977467846,23.50566874999976,0.2887979926106778,0.19279401220728185,7.988265047452788
,2,3,R02_F03,RegressorChain(ExtraTreesRegressor),UTS>El>YS,UTS,0.8324651189639936,38.39679344611411,25.199620949074365,0.36193146159585216,0.23753378402703496,6.249539155991996
,2,3,R02_F03,RegressorChain(ExtraTreesRegressor),UTS>El>YS,El,0.861526788281881,2.545969365993653,1.713949768518519,0.34828331309400873,0.23446476294240975,15.167051347278711
,2,3,R02_F03,RegressorChain(ExtraTreesRegressor),UTS>El>YS,Macro,0.8663403360095706,,,0.3330042557668462,0.2215975197255755,
,2,3,R02_F03,RegressorChain(ExtraTreesRegressor),El>YS>UTS,YS,0.9086157568363235,34.539307431956026,22.201975231481423,0.2832921594144246,0.1821010892874104,7.630125090311925
,2,3,R02_F03,RegressorChain(ExtraTreesRegressor),El>YS>UTS,UTS,0.8331610719014382,38.31695881554216,24.81259837962958,0.3611789335346373,0.23388567616025918,6.1035158495644035
,2,3,R02_F03,RegressorChain(ExtraTreesRegressor),El>YS>UTS,El,0.8669536989697785,2.4955811322881174,1.7889478395061735,0.34139030754165406,0.2447243430411065,15.606831050792472
,2,3,R02_F03,RegressorChain(ExtraTreesRegressor),El>YS>UTS,Macro,0.8695768425691801,,,0.32862046683023866,0.22023703616292534,
,2,3,R02_F03,RegressorChain(ExtraTreesRegressor),El>UTS>YS,YS,0.9117618107861868,33.93956399774826,22.239767592592283,0.2783730505728227,0.18241106306466567,7.634526433657546
,2,3,R02_F03,RegressorChain(ExtraTreesRegressor),El>UTS>YS,UTS,0.837506342898974,37.81468989540241,24.734589351851998,0.3564445037017017,0.2331503563872465,6.115099179452349
,2,3,R02_F03,RegressorChain(ExtraTreesRegressor),El>UTS>YS,El,0.8669536989697785,2.4955811322881174,1.7889478395061735,0.34139030754165406,0.2447243430411065,15.606831050792472
,2,3,R02_F03,RegressorChain(ExtraTreesRegressor),El>UTS>YS,Macro,0.8720739508849799,,,0.3254026206053928,0.22009525416433953,
,2,4,R02_F04,Separately fitted target-wise ExtraTrees,Not applicable,YS,0.8057884176663677,51.5728325500302,37.428697145061605,0.42666469814392793,0.3096495379389212,13.063768846132314
,2,4,R02_F04,Separately fitted target-wise ExtraTrees,Not applicable,UTS,0.8202682656332806,43.327873729731856,29.61856589506163,0.4167019564148389,0.284853912556636,7.317384977796864
,2,4,R02_F04,Separately fitted target-wise ExtraTrees,Not applicable,El,0.7215008026801969,3.602068569702076,2.2573853009259364,0.49169643989886774,0.3081419174752467,16.660411695472597
,2,4,R02_F04,Separately fitted target-wise ExtraTrees,Not applicable,Macro,0.7825191619932816,,,0.4450210314858782,0.3008817893236013,
,2,4,R02_F04,MultiOutputRegressor(ExtraTreesRegressor),Not applicable,YS,0.8057884176663677,51.5728325500302,37.428697145061605,0.42666469814392793,0.3096495379389212,13.063768846132314
,2,4,R02_F04,MultiOutputRegressor(ExtraTreesRegressor),Not applicable,UTS,0.8202682656332806,43.327873729731856,29.61856589506163,0.4167019564148389,0.284853912556636,7.317384977796864
,2,4,R02_F04,MultiOutputRegressor(ExtraTreesRegressor),Not applicable,El,0.7215008026801969,3.602068569702076,2.2573853009259364,0.49169643989886774,0.3081419174752467,16.660411695472597
,2,4,R02_F04,MultiOutputRegressor(ExtraTreesRegressor),Not applicable,Macro,0.7825191619932816,,,0.4450210314858782,0.3008817893236013,
,2,4,R02_F04,Native multi-output ExtraTreesRegressor,Not applicable,YS,0.7992306182882776,52.43631483714098,38.02557746913575,0.433808331548693,0.3145875595814613,13.511709688553008
,2,4,R02_F04,Native multi-output ExtraTreesRegressor,Not applicable,UTS,0.8233642945365293,42.9530732897803,29.227996913580157,0.4130973466532991,0.2810976502550636,7.1431038152246
,2,4,R02_F04,Native multi-output ExtraTreesRegressor,Not applicable,El,0.7287537339777705,3.554854961619847,2.179312847222238,0.4852515978422568,0.297484722367089,15.643358702219908
,2,4,R02_F04,Native multi-output ExtraTreesRegressor,Not applicable,Macro,0.7837828822675258,,,0.4440524253480829,0.29772331073453795,
,2,4,R02_F04,RegressorChain(ExtraTreesRegressor),YS>UTS>El,YS,0.8063768139073918,51.49464905723526,37.52216033950602,0.4260178820839252,0.31042276375711747,13.239694981525144
,2,4,R02_F04,RegressorChain(ExtraTreesRegressor),YS>UTS>El,UTS,0.8224931792242337,43.05885898201913,29.862642129629165,0.4141147311017395,0.2872012939465718,7.327526500479166
,2,4,R02_F04,RegressorChain(ExtraTreesRegressor),YS>UTS>El,El,0.6709146496563435,3.9155635477188673,2.4744348379629795,0.5344897298194367,0.3377700277062628,17.62168108691614
,2,4,R02_F04,RegressorChain(ExtraTreesRegressor),YS>UTS>El,Macro,0.7665948809293229,,,0.45820744766836713,0.311798028469984,
,2,4,R02_F04,RegressorChain(ExtraTreesRegressor),YS>El>UTS,YS,0.8063768139073918,51.49464905723526,37.52216033950602,0.4260178820839252,0.31042276375711747,13.239694981525144
,2,4,R02_F04,RegressorChain(ExtraTreesRegressor),YS>El>UTS,UTS,0.8230982402180778,42.98540976048222,29.674331481481165,0.4134083397726267,0.2853902331041568,7.334862817513523
,2,4,R02_F04,RegressorChain(ExtraTreesRegressor),YS>El>UTS,El,0.6796836836613498,3.863042913947886,2.409596990740761,0.5273204580116655,0.3289194081156124,17.133844420331133
,2,4,R02_F04,RegressorChain(ExtraTreesRegressor),YS>El>UTS,Macro,0.7697195792622731,,,0.4555822266227391,0.3082441349922955,
,2,4,R02_F04,RegressorChain(ExtraTreesRegressor),UTS>YS>El,YS,0.8004117882270136,52.28184017759571,37.063529861111085,0.4325303547394528,0.30662849020361127,13.37051162036559
,2,4,R02_F04,RegressorChain(ExtraTreesRegressor),UTS>YS>El,UTS,0.8184596925728678,43.54532414322469,29.922178626543094,0.41879326634827563,0.28777388088902994,7.367144968855074
,2,4,R02_F04,RegressorChain(ExtraTreesRegressor),UTS>YS>El,El,0.6965922543747279,3.75970122397269,2.4187763888889044,0.5132139133774697,0.3301724318442055,17.251451530160175
,2,4,R02_F04,RegressorChain(ExtraTreesRegressor),UTS>YS>El,Macro,0.7718212450582032,,,0.45484584482173274,0.3081916009789489,
,2,4,R02_F04,RegressorChain(ExtraTreesRegressor),UTS>El>YS,YS,0.7947408659348081,53.01938280199452,37.681367129629606,0.43863208283247784,0.3117398897261952,13.521319404282053
,2,4,R02_F04,RegressorChain(ExtraTreesRegressor),UTS>El>YS,UTS,0.8184596925728678,43.54532414322469,29.922178626543094,0.41879326634827563,0.28777388088902994,7.367144968855074
,2,4,R02_F04,RegressorChain(ExtraTreesRegressor),UTS>El>YS,El,0.6968349187500638,3.7581974257708564,2.3672356481481662,0.5130086390447189,0.32313691926536875,17.125842963535774
,2,4,R02_F04,RegressorChain(ExtraTreesRegressor),UTS>El>YS,Macro,0.7700118257525799,,,0.4568113294084908,0.307550229960198,
,2,4,R02_F04,RegressorChain(ExtraTreesRegressor),El>YS>UTS,YS,0.800845160619252,52.22504870037491,37.91220555555515,0.43206051592534356,0.31364962790514817,13.37643242680435
,2,4,R02_F04,RegressorChain(ExtraTreesRegressor),El>YS>UTS,UTS,0.8206993631524022,43.27588026069973,30.624610416666172,0.4162019138694413,0.2945294559033517,7.553288203295196
,2,4,R02_F04,RegressorChain(ExtraTreesRegressor),El>YS>UTS,El,0.7153369745806886,3.641711456180558,2.28304930555557,0.4971078488633553,0.3116451544252814,16.78630577267997
,2,4,R02_F04,RegressorChain(ExtraTreesRegressor),El>YS>UTS,Macro,0.7789604994507808,,,0.44845675955271336,0.30660807941126045,
,2,4,R02_F04,RegressorChain(ExtraTreesRegressor),El>UTS>YS,YS,0.7948626950939379,53.00364594916253,37.89526412037009,0.4385018910390218,0.31350947053988526,13.678813192868922
,2,4,R02_F04,RegressorChain(ExtraTreesRegressor),El>UTS>YS,UTS,0.8186080244090304,43.5275306352166,29.7832874999997,0.41862213887396876,0.28643810788248203,7.4189549569903175
,2,4,R02_F04,RegressorChain(ExtraTreesRegressor),El>UTS>YS,El,0.7153369745806886,3.641711456180558,2.28304930555557,0.4971078488633553,0.3116451544252814,16.78630577267997
,2,4,R02_F04,RegressorChain(ExtraTreesRegressor),El>UTS>YS,Macro,0.7762692313612188,,,0.451410626258782,0.3038642442825496,
,2,5,R02_F05,Separately fitted target-wise ExtraTrees,Not applicable,YS,0.8483297263343235,47.05176613011943,34.600596412037305,0.392649342338711,0.2887437081137921,11.140287984109857
,2,5,R02_F05,Separately fitted target-wise ExtraTrees,Not applicable,UTS,0.8839281468681777,36.43303448618905,27.43838379629651,0.3561751389478148,0.26824200341736715,7.09561553507635
,2,5,R02_F05,Separately fitted target-wise ExtraTrees,Not applicable,El,0.6307903369131455,4.350490352342118,2.8340865162036972,0.6006137917839155,0.3912642738822264,24.892134434327602
,2,5,R02_F05,Separately fitted target-wise ExtraTrees,Not applicable,Macro,0.7876827367052156,,,0.4498127576901471,0.3160833284711285,
,2,5,R02_F05,MultiOutputRegressor(ExtraTreesRegressor),Not applicable,YS,0.8483297263343235,47.05176613011943,34.600596412037305,0.392649342338711,0.2887437081137921,11.140287984109857
,2,5,R02_F05,MultiOutputRegressor(ExtraTreesRegressor),Not applicable,UTS,0.8839281468681777,36.43303448618905,27.43838379629651,0.3561751389478148,0.26824200341736715,7.09561553507635
,2,5,R02_F05,MultiOutputRegressor(ExtraTreesRegressor),Not applicable,El,0.6307903369131455,4.350490352342118,2.8340865162036972,0.6006137917839155,0.3912642738822264,24.892134434327602
,2,5,R02_F05,MultiOutputRegressor(ExtraTreesRegressor),Not applicable,Macro,0.7876827367052156,,,0.4498127576901471,0.3160833284711285,
,2,5,R02_F05,Native multi-output ExtraTreesRegressor,Not applicable,YS,0.8439804720257257,47.72161957574097,34.84798078703742,0.3982393028549487,0.2908081430997189,11.32665551285511
,2,5,R02_F05,Native multi-output ExtraTreesRegressor,Not applicable,UTS,0.8864844943884662,36.02960324535439,27.791616435185464,0.3522311309812358,0.27169526186842674,7.101113377821538
,2,5,R02_F05,Native multi-output ExtraTreesRegressor,Not applicable,El,0.7188986943441412,3.796060381053127,2.641951273148144,0.5240710896135139,0.3647387405467038,22.70054487200853
,2,5,R02_F05,Native multi-output ExtraTreesRegressor,Not applicable,Macro,0.816454553586111,,,0.4248471744832328,0.30908071517161645,
,2,5,R02_F05,RegressorChain(ExtraTreesRegressor),YS>UTS>El,YS,0.8498466602539654,46.815880153220746,34.58184565972248,0.39068086206020125,0.2885872321476315,11.128735853137158
,2,5,R02_F05,RegressorChain(ExtraTreesRegressor),YS>UTS>El,UTS,0.8878187923884017,35.81722550138843,28.20202013888893,0.35015489238257685,0.2757074337408161,7.107542951021665
,2,5,R02_F05,RegressorChain(ExtraTreesRegressor),YS>UTS>El,El,0.6830799535784311,4.030663437290878,2.7063743055555474,0.5564595837277907,0.37363276366563747,23.355637755741206
,2,5,R02_F05,RegressorChain(ExtraTreesRegressor),YS>UTS>El,Macro,0.8069151354069327,,,0.4324317793901897,0.31264247651802834,
,2,5,R02_F05,RegressorChain(ExtraTreesRegressor),YS>El>UTS,YS,0.8498466602539654,46.815880153220746,34.58184565972248,0.39068086206020125,0.2885872321476315,11.128735853137158
,2,5,R02_F05,RegressorChain(ExtraTreesRegressor),YS>El>UTS,UTS,0.8899988337630699,35.46749617661957,27.704953009259285,0.3467358828874745,0.27084802643480804,6.9511559686824045
,2,5,R02_F05,RegressorChain(ExtraTreesRegressor),YS>El>UTS,El,0.6651383730901935,4.14318544032272,2.768485879629626,0.5719939859276928,0.3822076747669152,24.058752049595643
,2,5,R02_F05,RegressorChain(ExtraTreesRegressor),YS>El>UTS,Macro,0.801661289035743,,,0.4364702436251228,0.31388097778311824,
,2,5,R02_F05,RegressorChain(ExtraTreesRegressor),UTS>YS>El,YS,0.8444792075166832,47.645284528413875,35.84107013888909,0.3976022830659892,0.29909552342482265,11.719644385792163
,2,5,R02_F05,RegressorChain(ExtraTreesRegressor),UTS>YS>El,UTS,0.8781599698755073,37.327326425935034,27.850875694444674,0.3649178791667137,0.2722745898107258,7.170665239297798
,2,5,R02_F05,RegressorChain(ExtraTreesRegressor),UTS>YS>El,El,0.70165687741179,3.9107467752247196,2.6174444444444367,0.5399043002382293,0.36135541174460495,22.896372156169523
,2,5,R02_F05,RegressorChain(ExtraTreesRegressor),UTS>YS>El,Macro,0.80809868493466,,,0.43414148749031073,0.3109085083267178,
,2,5,R02_F05,RegressorChain(ExtraTreesRegressor),UTS>El>YS,YS,0.847324878536859,47.2073727990336,35.458026157407595,0.3939478877757452,0.29589900223580756,11.634859944308715
,2,5,R02_F05,RegressorChain(ExtraTreesRegressor),UTS>El>YS,UTS,0.8781599698755073,37.327326425935034,27.850875694444674,0.3649178791667137,0.2722745898107258,7.170665239297798
,2,5,R02_F05,RegressorChain(ExtraTreesRegressor),UTS>El>YS,El,0.6667976504171973,4.132907715889428,2.6977085648148122,0.570575078507414,0.3724364011907484,23.476559046316535
,2,5,R02_F05,RegressorChain(ExtraTreesRegressor),UTS>El>YS,Macro,0.7974274996098546,,,0.4431469484832909,0.3135366644124273,
,2,5,R02_F05,RegressorChain(ExtraTreesRegressor),El>YS>UTS,YS,0.8556398619598836,45.90387400210961,34.23998750000023,0.3830701251018405,0.2857344087017091,10.974678710277033
,2,5,R02_F05,RegressorChain(ExtraTreesRegressor),El>YS>UTS,UTS,0.8913937012672858,35.24190632378829,27.477453240740786,0.3445304806114753,0.2686239525193238,6.938095811802139
,2,5,R02_F05,RegressorChain(ExtraTreesRegressor),El>YS>UTS,El,0.6334544747574573,4.334765831537246,2.8049239583333283,0.5984429183191543,0.38723819106349067,24.61421906931084
,2,5,R02_F05,RegressorChain(ExtraTreesRegressor),El>YS>UTS,Macro,0.7934960126615422,,,0.44201450801082337,0.31386551742817453,
,2,5,R02_F05,RegressorChain(ExtraTreesRegressor),El>UTS>YS,YS,0.854962234202245,46.01148446299167,34.37729282407426,0.38396813978161376,0.2868802285004426,11.245702356605634
,2,5,R02_F05,RegressorChain(ExtraTreesRegressor),El>UTS>YS,UTS,0.8933660079033675,34.920441026335006,26.574905092592797,0.34138778474213377,0.25980049829413254,6.774026599335503
,2,5,R02_F05,RegressorChain(ExtraTreesRegressor),El>UTS>YS,El,0.6334544747574573,4.334765831537246,2.8049239583333283,0.5984429183191543,0.38723819106349067,24.61421906931084
,2,5,R02_F05,RegressorChain(ExtraTreesRegressor),El>UTS>YS,Macro,0.7939275722876898,,,0.4412662809476339,0.3113063059526886,
,3,1,R03_F01,Separately fitted target-wise ExtraTrees,Not applicable,YS,0.9013001686487525,40.123369610544906,26.076026890432257,0.33983586404950844,0.22085804894510494,10.42204393518269
,3,1,R03_F01,Separately fitted target-wise ExtraTrees,Not applicable,UTS,0.9066811129757857,34.95459527281501,22.822473186728022,0.34797297472959965,0.22719770672466183,6.146906460881381
,3,1,R03_F01,Separately fitted target-wise ExtraTrees,Not applicable,El,0.7169198593329148,3.9073580843179796,2.29384253472222,0.543216615707629,0.31889920293688917,17.25615021574746
,3,1,R03_F01,Separately fitted target-wise ExtraTrees,Not applicable,Macro,0.8416337136524844,,,0.41034181816224574,0.2556516528688853,
,3,1,R03_F01,MultiOutputRegressor(ExtraTreesRegressor),Not applicable,YS,0.9013001686487525,40.123369610544906,26.076026890432257,0.33983586404950844,0.22085804894510494,10.42204393518269
,3,1,R03_F01,MultiOutputRegressor(ExtraTreesRegressor),Not applicable,UTS,0.9066811129757857,34.95459527281501,22.822473186728022,0.34797297472959965,0.22719770672466183,6.146906460881381
,3,1,R03_F01,MultiOutputRegressor(ExtraTreesRegressor),Not applicable,El,0.7169198593329148,3.9073580843179796,2.29384253472222,0.543216615707629,0.31889920293688917,17.25615021574746
,3,1,R03_F01,MultiOutputRegressor(ExtraTreesRegressor),Not applicable,Macro,0.8416337136524844,,,0.41034181816224574,0.2556516528688853,
,3,1,R03_F01,Native multi-output ExtraTreesRegressor,Not applicable,YS,0.8982883851159981,40.730943287629664,26.77229760802499,0.34498187565147453,0.2267553044154758,10.70369813721695
,3,1,R03_F01,Native multi-output ExtraTreesRegressor,Not applicable,UTS,0.9062438022659264,35.036401608446134,22.782139853394785,0.34878735675116546,0.22679618841580468,6.146032320307266
,3,1,R03_F01,Native multi-output ExtraTreesRegressor,Not applicable,El,0.77210138949546,3.505898597220609,2.123169328703697,0.4874041052545925,0.29517152828698934,16.247577277009505
,3,1,R03_F01,Native multi-output ExtraTreesRegressor,Not applicable,Macro,0.858877858959128,,,0.3937244458857441,0.2495743403727566,
,3,1,R03_F01,RegressorChain(ExtraTreesRegressor),YS>UTS>El,YS,0.9009237686212911,40.19980371385498,25.98565212191372,0.3404832436139208,0.22009259509997975,10.460039871070357
,3,1,R03_F01,RegressorChain(ExtraTreesRegressor),YS>UTS>El,UTS,0.9034840387107905,35.54831934672922,23.312836574073685,0.3538834975251298,0.23207927394812383,6.345716253793304
,3,1,R03_F01,RegressorChain(ExtraTreesRegressor),YS>UTS>El,El,0.7140912498875711,3.9268312226730546,2.36118333333333,0.5459238496202068,0.32826119125001335,16.908175696787275
,3,1,R03_F01,RegressorChain(ExtraTreesRegressor),YS>UTS>El,Macro,0.8394996857398841,,,0.41343019691975247,0.26014435343270564,
,3,1,R03_F01,RegressorChain(ExtraTreesRegressor),YS>El>UTS,YS,0.9009237686212911,40.19980371385498,25.98565212191372,0.3404832436139208,0.22009259509997975,10.460039871070357
,3,1,R03_F01,RegressorChain(ExtraTreesRegressor),YS>El>UTS,UTS,0.9062696255015968,35.03157624444251,22.83088472222194,0.3487393202554375,0.22728144355539945,6.158406457790838
,3,1,R03_F01,RegressorChain(ExtraTreesRegressor),YS>El>UTS,El,0.7306109773712938,3.81169778076357,2.331165509259261,0.5299175360653133,0.32408799277356276,16.708600851685265
,3,1,R03_F01,RegressorChain(ExtraTreesRegressor),YS>El>UTS,Macro,0.8459347904980605,,,0.4063800333115572,0.257154010476314,
,3,1,R03_F01,RegressorChain(ExtraTreesRegressor),UTS>YS>El,YS,0.9054118970649871,39.27873122511798,25.207140972222593,0.33268196799573574,0.21349878177384451,10.26562555303507
,3,1,R03_F01,RegressorChain(ExtraTreesRegressor),UTS>YS>El,UTS,0.9045566834235027,35.350231631601,23.1303638695984,0.3519115344412327,0.23026275828580112,6.1942607242772505
,3,1,R03_F01,RegressorChain(ExtraTreesRegressor),UTS>YS>El,El,0.741993989413019,3.7302971096641406,2.2911983796296225,0.5186008878040675,0.3185316018750434,16.515651761527096
,3,1,R03_F01,RegressorChain(ExtraTreesRegressor),UTS>YS>El,Macro,0.8506541899671696,,,0.401064796747012,0.25409771397822967,
,3,1,R03_F01,RegressorChain(ExtraTreesRegressor),UTS>El>YS,YS,0.9019572913689268,39.989580074626566,25.873370601852095,0.3387026969456259,0.2191415960249443,10.564145971848559
,3,1,R03_F01,RegressorChain(ExtraTreesRegressor),UTS>El>YS,UTS,0.9045566834235027,35.350231631601,23.1303638695984,0.3519115344412327,0.23026275828580112,6.1942607242772505
,3,1,R03_F01,RegressorChain(ExtraTreesRegressor),UTS>El>YS,El,0.715025056386731,3.920413266715676,2.3111912037036935,0.5450315996037775,0.32131108458371627,17.06257357176637
,3,1,R03_F01,RegressorChain(ExtraTreesRegressor),UTS>El>YS,Macro,0.8405130103930535,,,0.4118819436635454,0.2569051462981539,
,3,1,R03_F01,RegressorChain(ExtraTreesRegressor),El>YS>UTS,YS,0.8914963162036008,42.06892696014738,26.76940524691362,0.3563142946842642,0.22673080677116114,10.869371160549155
,3,1,R03_F01,RegressorChain(ExtraTreesRegressor),El>YS>UTS,UTS,0.9024753339742411,35.73359727975277,23.161281018518206,0.35572793923594825,0.2305705384845365,6.33438723804744
,3,1,R03_F01,RegressorChain(ExtraTreesRegressor),El>YS>UTS,El,0.7046219660425073,3.991329754960414,2.3407486111111093,0.5548906946523697,0.32542027408579655,17.565206348748298
,3,1,R03_F01,RegressorChain(ExtraTreesRegressor),El>YS>UTS,Macro,0.8328645387401163,,,0.4223109761908607,0.26090720644716475,
,3,1,R03_F01,RegressorChain(ExtraTreesRegressor),El>UTS>YS,YS,0.9003941845093313,40.30709889458552,25.622425231481543,0.3413920095228122,0.2170161455057863,10.526942251871711
,3,1,R03_F01,RegressorChain(ExtraTreesRegressor),El>UTS>YS,UTS,0.9066802725764014,34.95475266728865,23.22441859567875,0.3479745415914892,0.23119907302685636,6.239998940158813
,3,1,R03_F01,RegressorChain(ExtraTreesRegressor),El>UTS>YS,El,0.7046219660425073,3.991329754960414,2.3407486111111093,0.5548906946523697,0.32542027408579655,17.565206348748298
,3,1,R03_F01,RegressorChain(ExtraTreesRegressor),El>UTS>YS,Macro,0.8372321410427466,,,0.41475241525555706,0.2578784975394797,
,3,2,R03_F02,Separately fitted target-wise ExtraTrees,Not applicable,YS,0.8364017220137465,46.41958232363651,33.97033815586446,0.381263126143759,0.27901236230793536,10.651164265552984
,3,2,R03_F02,Separately fitted target-wise ExtraTrees,Not applicable,UTS,0.8150261859604635,40.33350869264214,31.20165559413634,0.3797667832123934,0.2937843187951501,7.248608346314962
,3,2,R03_F02,Separately fitted target-wise ExtraTrees,Not applicable,El,0.7749388877346832,3.6702461285425785,2.5011857253086487,0.5195997462509044,0.35409490881005945,17.053468870874855
,3,2,R03_F02,Separately fitted target-wise ExtraTrees,Not applicable,Macro,0.8087889319029644,,,0.42687655186901896,0.30896386330438164,
,3,2,R03_F02,MultiOutputRegressor(ExtraTreesRegressor),Not applicable,YS,0.8364017220137465,46.41958232363651,33.97033815586446,0.381263126143759,0.27901236230793536,10.651164265552984
,3,2,R03_F02,MultiOutputRegressor(ExtraTreesRegressor),Not applicable,UTS,0.8150261859604635,40.33350869264214,31.20165559413634,0.3797667832123934,0.2937843187951501,7.248608346314962
,3,2,R03_F02,MultiOutputRegressor(ExtraTreesRegressor),Not applicable,El,0.7749388877346832,3.6702461285425785,2.5011857253086487,0.5195997462509044,0.35409490881005945,17.053468870874855
,3,2,R03_F02,MultiOutputRegressor(ExtraTreesRegressor),Not applicable,Macro,0.8087889319029644,,,0.42687655186901896,0.30896386330438164,
,3,2,R03_F02,Native multi-output ExtraTreesRegressor,Not applicable,YS,0.8337052418652791,46.800570192162105,34.76698719135823,0.38439233624229435,0.2855555685693391,11.152827109810111
,3,2,R03_F02,Native multi-output ExtraTreesRegressor,Not applicable,UTS,0.8157153301823618,40.258304691494374,31.141680555556086,0.3790586875736473,0.29321961395758617,7.224588429261426
,3,2,R03_F02,Native multi-output ExtraTreesRegressor,Not applicable,El,0.746477840378589,3.895407729458698,2.621932368827175,0.5514760582485198,0.3711891098896443,18.00464336752064
,3,2,R03_F02,Native multi-output ExtraTreesRegressor,Not applicable,Macro,0.7986328041420766,,,0.43830902735482047,0.31665476413885657,
,3,2,R03_F02,RegressorChain(ExtraTreesRegressor),YS>UTS>El,YS,0.8395537075028202,45.9702332631311,33.48396385030895,0.3775724374524302,0.2750175700472202,10.492594689406442
,3,2,R03_F02,RegressorChain(ExtraTreesRegressor),YS>UTS>El,UTS,0.7839636093768173,43.588741926066085,33.07290833333364,0.4104169669859913,0.3114034066547684,7.6203526421571794
,3,2,R03_F02,RegressorChain(ExtraTreesRegressor),YS>UTS>El,El,0.7631980817908456,3.764762351771815,2.468432407407414,0.5329804852767109,0.3494579948063889,16.928115124608496
,3,2,R03_F02,RegressorChain(ExtraTreesRegressor),YS>UTS>El,Macro,0.7955717995568277,,,0.4403232965717108,0.31195965716945917,
,3,2,R03_F02,RegressorChain(ExtraTreesRegressor),YS>El>UTS,YS,0.8395537075028202,45.9702332631311,33.48396385030895,0.3775724374524302,0.2750175700472202,10.492594689406442
,3,2,R03_F02,RegressorChain(ExtraTreesRegressor),YS>El>UTS,UTS,0.7876334222254227,43.21693494050009,32.72288379629666,0.4069161571764531,0.30810769307108526,7.489009846850918
,3,2,R03_F02,RegressorChain(ExtraTreesRegressor),YS>El>UTS,El,0.7636904453336884,3.760846428552001,2.479969675925931,0.5324261048237136,0.35109133534669495,16.837994416431002
,3,2,R03_F02,RegressorChain(ExtraTreesRegressor),YS>El>UTS,Macro,0.7969591916873103,,,0.43897156648419894,0.3114055328216668,
,3,2,R03_F02,RegressorChain(ExtraTreesRegressor),UTS>YS>El,YS,0.7942443052222506,52.05803804923585,38.49231064814836,0.4275740826184913,0.316153182678186,12.569973414091804
,3,2,R03_F02,RegressorChain(ExtraTreesRegressor),UTS>YS>El,UTS,0.8121840664178989,40.6421893358427,31.253141358025236,0.38267321656540326,0.2942690914709497,7.273276871796665
,3,2,R03_F02,RegressorChain(ExtraTreesRegressor),UTS>YS>El,El,0.780518880393672,3.624461928588622,2.4107657407407492,0.5131180396172887,0.3412940776417837,16.57544336904925
,3,2,R03_F02,RegressorChain(ExtraTreesRegressor),UTS>YS>El,Macro,0.7956490840112739,,,0.4411217796003944,0.3172387839303064,
,3,2,R03_F02,RegressorChain(ExtraTreesRegressor),UTS>El>YS,YS,0.8070803138954085,50.408077894644244,37.10846643518537,0.41402228109286837,0.3047871008584113,11.8397683917257
,3,2,R03_F02,RegressorChain(ExtraTreesRegressor),UTS>El>YS,UTS,0.8121840664178989,40.6421893358427,31.253141358025236,0.38267321656540326,0.2942690914709497,7.273276871796665
,3,2,R03_F02,RegressorChain(ExtraTreesRegressor),UTS>El>YS,El,0.7788124277142694,3.638524635532498,2.401719675925941,0.5151089085409869,0.34001341884732567,16.548744132386922
,3,2,R03_F02,RegressorChain(ExtraTreesRegressor),UTS>El>YS,Macro,0.7993589360091923,,,0.4372681353997529,0.31302320372556225,
,3,2,R03_F02,RegressorChain(ExtraTreesRegressor),El>YS>UTS,YS,0.833657404042371,46.80730124137305,34.3153700231481,0.38444762111854547,0.2818462509763561,10.903238553625682
,3,2,R03_F02,RegressorChain(ExtraTreesRegressor),El>YS>UTS,UTS,0.7922109284465917,42.74863277754037,32.08293449074121,0.40250678115727573,0.30208214515652626,7.355710015363711
,3,2,R03_F02,RegressorChain(ExtraTreesRegressor),El>YS>UTS,El,0.7723657369957786,3.6911676813341527,2.481488850308653,0.5225616275909969,0.35130640610656433,16.962849947961494
,3,2,R03_F02,RegressorChain(ExtraTreesRegressor),El>YS>UTS,Macro,0.7994113564949137,,,0.4365053432889394,0.31174493407981557,
,3,2,R03_F02,RegressorChain(ExtraTreesRegressor),El>UTS>YS,YS,0.8134557798135678,49.568156035032715,36.05628449074098,0.4071236573250084,0.29614509769229014,11.479073246474021
,3,2,R03_F02,RegressorChain(ExtraTreesRegressor),El>UTS>YS,UTS,0.8105013605438467,40.823846855913544,31.14053298611147,0.3843836428159276,0.29320880882878336,7.197955556993918
,3,2,R03_F02,RegressorChain(ExtraTreesRegressor),El>UTS>YS,El,0.7723657369957786,3.6911676813341527,2.481488850308653,0.5225616275909969,0.35130640610656433,16.962849947961494
,3,2,R03_F02,RegressorChain(ExtraTreesRegressor),El>UTS>YS,Macro,0.7987742924510645,,,0.43802297591064426,0.31355343754254594,
,3,3,R03_F03,Separately fitted target-wise ExtraTrees,Not applicable,YS,0.8526335762642803,44.55613921401589,30.894563773148032,0.3671516901869551,0.25457751741945905,9.79988235923896
,3,3,R03_F03,Separately fitted target-wise ExtraTrees,Not applicable,UTS,0.8954202499923719,33.33620190208434,24.152166493055624,0.3205404753496978,0.23223242261215854,5.474938726230336
,3,3,R03_F03,Separately fitted target-wise ExtraTrees,Not applicable,El,0.7923663118678486,3.247415770816088,1.9846619791666729,0.4501770950067957,0.27512626266736495,18.42758650807234
,3,3,R03_F03,Separately fitted target-wise ExtraTrees,Not applicable,Macro,0.8468067127081668,,,0.37928975351448285,0.25397873423299416,
,3,3,R03_F03,MultiOutputRegressor(ExtraTreesRegressor),Not applicable,YS,0.8526335762642803,44.55613921401589,30.894563773148032,0.3671516901869551,0.25457751741945905,9.79988235923896
,3,3,R03_F03,MultiOutputRegressor(ExtraTreesRegressor),Not applicable,UTS,0.8954202499923719,33.33620190208434,24.152166493055624,0.3205404753496978,0.23223242261215854,5.474938726230336
,3,3,R03_F03,MultiOutputRegressor(ExtraTreesRegressor),Not applicable,El,0.7923663118678486,3.247415770816088,1.9846619791666729,0.4501770950067957,0.27512626266736495,18.42758650807234
,3,3,R03_F03,MultiOutputRegressor(ExtraTreesRegressor),Not applicable,Macro,0.8468067127081668,,,0.37928975351448285,0.25397873423299416,
,3,3,R03_F03,Native multi-output ExtraTreesRegressor,Not applicable,YS,0.8595453447538622,43.49870713941089,29.75392071759271,0.35843823385304097,0.2451783856020548,9.461351680758456
,3,3,R03_F03,Native multi-output ExtraTreesRegressor,Not applicable,UTS,0.8892464534071322,34.30608341330746,25.05789288194447,0.3298662612191704,0.24094133216592037,5.7127443314959505
,3,3,R03_F03,Native multi-output ExtraTreesRegressor,Not applicable,El,0.8295127461904437,2.942625160058751,2.005080844907409,0.40792511330209286,0.2779568536083544,17.815239625416293
,3,3,R03_F03,Native multi-output ExtraTreesRegressor,Not applicable,Macro,0.859434848117146,,,0.3654098694581014,0.2546921904587765,
,3,3,R03_F03,RegressorChain(ExtraTreesRegressor),YS>UTS>El,YS,0.8536193912844894,44.406858886010774,30.6891291666668,0.3659215897854037,0.25288469429063754,9.784563120053118
,3,3,R03_F03,RegressorChain(ExtraTreesRegressor),YS>UTS>El,UTS,0.8889979515540231,34.34454876672201,25.56985972222238,0.3302361204702095,0.24586409135810366,5.806446605630128
,3,3,R03_F03,RegressorChain(ExtraTreesRegressor),YS>UTS>El,El,0.6862432524655229,3.9919539570205935,2.206413117283963,0.5533896373610329,0.3058667930513156,18.927606809743434
,3,3,R03_F03,RegressorChain(ExtraTreesRegressor),YS>UTS>El,Macro,0.8096201984346784,,,0.41651578253888194,0.26820519290001893,
,3,3,R03_F03,RegressorChain(ExtraTreesRegressor),YS>El>UTS,YS,0.8536193912844894,44.406858886010774,30.6891291666668,0.3659215897854037,0.25288469429063754,9.784563120053118
,3,3,R03_F03,RegressorChain(ExtraTreesRegressor),YS>El>UTS,UTS,0.8865664597211702,34.71866852527877,25.75732361111159,0.33383342665397125,0.24766662915865897,5.843426203569092
,3,3,R03_F03,RegressorChain(ExtraTreesRegressor),YS>El>UTS,El,0.704259454964518,3.875648845813955,2.192048148148153,0.5372666950608884,0.3038754311402425,18.913861758927364
,3,3,R03_F03,RegressorChain(ExtraTreesRegressor),YS>El>UTS,Macro,0.8148151019900592,,,0.41234057050008777,0.26814225152984633,
,3,3,R03_F03,RegressorChain(ExtraTreesRegressor),UTS>YS>El,YS,0.8643225231672453,42.752563364012644,29.869947222222148,0.35228985670249635,0.24613446770505223,9.56879981852933
,3,3,R03_F03,RegressorChain(ExtraTreesRegressor),UTS>YS>El,UTS,0.896454323486042,33.17098004624866,24.066641377314877,0.31895180329991585,0.23141006554417584,5.4746192482800815
,3,3,R03_F03,RegressorChain(ExtraTreesRegressor),UTS>YS>El,El,0.725818113583039,3.731714124947126,2.14251435185185,0.5173135633760719,0.2970087463375989,18.44231377297385
,3,3,R03_F03,RegressorChain(ExtraTreesRegressor),UTS>YS>El,Macro,0.8288649867454421,,,0.39618507445949475,0.2581844265289423,
,3,3,R03_F03,RegressorChain(ExtraTreesRegressor),UTS>El>YS,YS,0.869482771894737,41.93167402650935,28.74939374999992,0.34552556084927805,0.23690087815872468,9.263249333850176
,3,3,R03_F03,RegressorChain(ExtraTreesRegressor),UTS>El>YS,UTS,0.896454323486042,33.17098004624866,24.066641377314877,0.31895180329991585,0.23141006554417584,5.4746192482800815
,3,3,R03_F03,RegressorChain(ExtraTreesRegressor),UTS>El>YS,El,0.7766206816028061,3.36829768688401,2.0464534722222254,0.46693450263638203,0.28369218609788727,18.357845037255803
,3,3,R03_F03,RegressorChain(ExtraTreesRegressor),UTS>El>YS,Macro,0.8475192589945283,,,0.3771372889285253,0.25066770993359594,
,3,3,R03_F03,RegressorChain(ExtraTreesRegressor),El>YS>UTS,YS,0.85725603926427,43.851772423086025,29.852486574074117,0.36134756392369677,0.24599058839700633,9.542578614970687
,3,3,R03_F03,RegressorChain(ExtraTreesRegressor),El>YS>UTS,UTS,0.8905662645825635,34.10106401393288,24.865954166666874,0.32789492039502777,0.23909576717882913,5.633108139034448
,3,3,R03_F03,RegressorChain(ExtraTreesRegressor),El>YS>UTS,El,0.788355516941846,3.2786304076836488,1.982175289351852,0.45450426329642907,0.27478154216465656,18.303041273261993
,3,3,R03_F03,RegressorChain(ExtraTreesRegressor),El>YS>UTS,Macro,0.8453926069295599,,,0.3812489158717179,0.2532892992468307,
,3,3,R03_F03,RegressorChain(ExtraTreesRegressor),El>UTS>YS,YS,0.8672504372588087,42.28874820312768,29.2620377314815,0.3484679250168246,0.24112516930210823,9.439597589242263
,3,3,R03_F03,RegressorChain(ExtraTreesRegressor),El>UTS>YS,UTS,0.8981053880163814,32.90545709524616,23.599608796296636,0.31639869742479,0.2269193666348312,5.363000873052662
,3,3,R03_F03,RegressorChain(ExtraTreesRegressor),El>UTS>YS,El,0.788355516941846,3.2786304076836488,1.982175289351852,0.45450426329642907,0.27478154216465656,18.303041273261993
,3,3,R03_F03,RegressorChain(ExtraTreesRegressor),El>UTS>YS,Macro,0.8512371140723453,,,0.37312362857934794,0.24760869270053198,
,3,4,R03_F04,Separately fitted target-wise ExtraTrees,Not applicable,YS,0.8439320835867213,48.817808364709705,32.28161836419799,0.4104481553854358,0.2714159269800408,9.831838755599215
,3,4,R03_F04,Separately fitted target-wise ExtraTrees,Not applicable,UTS,0.873032431425242,37.64567477049688,23.297172569444864,0.3657291300457387,0.2263328976912387,5.357407324370061
,3,4,R03_F04,Separately fitted target-wise ExtraTrees,Not applicable,El,0.7701307132821978,3.5442572683457385,2.1065747685185023,0.49336009984877854,0.29323490352050346,20.61736240999555
,3,4,R03_F04,Separately fitted target-wise ExtraTrees,Not applicable,Macro,0.8290317427647204,,,0.423179128426651,0.2636612427305943,
,3,4,R03_F04,MultiOutputRegressor(ExtraTreesRegressor),Not applicable,YS,0.8439320835867213,48.817808364709705,32.28161836419799,0.4104481553854358,0.2714159269800408,9.831838755599215
,3,4,R03_F04,MultiOutputRegressor(ExtraTreesRegressor),Not applicable,UTS,0.873032431425242,37.64567477049688,23.297172569444864,0.3657291300457387,0.2263328976912387,5.357407324370061
,3,4,R03_F04,MultiOutputRegressor(ExtraTreesRegressor),Not applicable,El,0.7701307132821978,3.5442572683457385,2.1065747685185023,0.49336009984877854,0.29323490352050346,20.61736240999555
,3,4,R03_F04,MultiOutputRegressor(ExtraTreesRegressor),Not applicable,Macro,0.8290317427647204,,,0.423179128426651,0.2636612427305943,
,3,4,R03_F04,Native multi-output ExtraTreesRegressor,Not applicable,YS,0.8408269572656297,49.301055940377246,32.77287916666715,0.41451118243788765,0.2755463272774126,10.040424821748937
,3,4,R03_F04,Native multi-output ExtraTreesRegressor,Not applicable,UTS,0.8750087919465559,37.35153181523864,23.174332870370794,0.3628715202992934,0.22513950544760575,5.273820742191383
,3,4,R03_F04,Native multi-output ExtraTreesRegressor,Not applicable,El,0.7150433734377591,3.946155046806639,2.30878888888889,0.5493042125635472,0.32138307986982695,24.01196939073118
,3,4,R03_F04,Native multi-output ExtraTreesRegressor,Not applicable,Macro,0.810293040883315,,,0.44222897176690945,0.2740229708649484,
,3,4,R03_F04,RegressorChain(ExtraTreesRegressor),YS>UTS>El,YS,0.8477961547976288,48.20968282448931,32.10928217592649,0.40533518504556554,0.2699669665913698,9.746491012544979
,3,4,R03_F04,RegressorChain(ExtraTreesRegressor),YS>UTS>El,UTS,0.8708169667174603,37.97269520676373,23.113188425925884,0.3689061457425535,0.22454548489649873,5.320639499062342
,3,4,R03_F04,RegressorChain(ExtraTreesRegressor),YS>UTS>El,El,0.7491525805078691,3.702453249317214,2.12060138888888,0.5153809575514111,0.2951874070501641,21.234289198441004
,3,4,R03_F04,RegressorChain(ExtraTreesRegressor),YS>UTS>El,Macro,0.822588567340986,,,0.4298740961131767,0.2632332861793442,
,3,4,R03_F04,RegressorChain(ExtraTreesRegressor),YS>El>UTS,YS,0.8477961547976288,48.20968282448931,32.10928217592649,0.40533518504556554,0.2699669665913698,9.746491012544979
,3,4,R03_F04,RegressorChain(ExtraTreesRegressor),YS>El>UTS,UTS,0.8714627588628683,37.87766263254907,23.13983124999972,0.3679829007507869,0.22480432092294503,5.331288757386239
,3,4,R03_F04,RegressorChain(ExtraTreesRegressor),YS>El>UTS,El,0.7445926973360407,3.735953136404449,2.153237268518509,0.5200441369954911,0.2997303167809359,21.387220565702794
,3,4,R03_F04,RegressorChain(ExtraTreesRegressor),YS>El>UTS,Macro,0.8212838703321793,,,0.43112074093061453,0.26483386809841697,
,3,4,R03_F04,RegressorChain(ExtraTreesRegressor),UTS>YS>El,YS,0.8455961181453067,48.55685717176562,32.8359932870374,0.4082541417789799,0.27607697531657094,10.18405150487932
,3,4,R03_F04,RegressorChain(ExtraTreesRegressor),UTS>YS>El,UTS,0.8813635494853946,36.38963979807692,23.108393518518966,0.3535267035898266,0.22449890219276786,5.308198589604003
,3,4,R03_F04,RegressorChain(ExtraTreesRegressor),UTS>YS>El,El,0.7680153256061937,3.5605280545701823,2.0440025462962907,0.49562499094119533,0.2845248592246166,20.092277866969287
,3,4,R03_F04,RegressorChain(ExtraTreesRegressor),UTS>YS>El,Macro,0.831658331078965,,,0.4191352787700006,0.2617002455779851,
,3,4,R03_F04,RegressorChain(ExtraTreesRegressor),UTS>El>YS,YS,0.8421132379203596,49.10145044132275,33.08789050925946,0.41283294837462037,0.27819486535856847,10.271584106532876
,3,4,R03_F04,RegressorChain(ExtraTreesRegressor),UTS>El>YS,UTS,0.8813635494853946,36.38963979807692,23.108393518518966,0.3535267035898266,0.22449890219276786,5.308198589604003
,3,4,R03_F04,RegressorChain(ExtraTreesRegressor),UTS>El>YS,El,0.7611705997752769,3.6126730435162444,2.0524053240740576,0.5028835658710706,0.28569452467764994,20.02612138861139
,3,4,R03_F04,RegressorChain(ExtraTreesRegressor),UTS>El>YS,Macro,0.8282157957270103,,,0.4230810726118392,0.2627960974096621,
,3,4,R03_F04,RegressorChain(ExtraTreesRegressor),El>YS>UTS,YS,0.8390323745561983,49.578197224949605,32.90872847222233,0.4168413183625496,0.27668851490818347,9.99433607512148
,3,4,R03_F04,RegressorChain(ExtraTreesRegressor),El>YS>UTS,UTS,0.8679889939729748,38.38607918402069,23.49438217592604,0.3729221864510473,0.22824879635037362,5.390296273362148
,3,4,R03_F04,RegressorChain(ExtraTreesRegressor),El>YS>UTS,El,0.7746739183717374,3.5090575977144702,2.074054513888874,0.4884603107808726,0.28870808877303183,20.338383769338893
,3,4,R03_F04,RegressorChain(ExtraTreesRegressor),El>YS>UTS,Macro,0.8272317623003035,,,0.4260746051981565,0.2645484666771963,
,3,4,R03_F04,RegressorChain(ExtraTreesRegressor),El>UTS>YS,YS,0.8342633722646394,50.30726544795217,33.41485902777786,0.4229711451062234,0.28094393644124327,10.327804749957048
,3,4,R03_F04,RegressorChain(ExtraTreesRegressor),El>UTS>YS,UTS,0.8700661798613935,38.08288033277924,24.028331712963308,0.36997659833843083,0.23343613595470997,5.489818890149724
,3,4,R03_F04,RegressorChain(ExtraTreesRegressor),El>UTS>YS,El,0.7746739183717374,3.5090575977144702,2.074054513888874,0.4884603107808726,0.28870808877303183,20.338383769338893
,3,4,R03_F04,RegressorChain(ExtraTreesRegressor),El>UTS>YS,Macro,0.8263344901659234,,,0.4271360180751756,0.26769605372299504,
,3,5,R03_F05,Separately fitted target-wise ExtraTrees,Not applicable,YS,0.8788305845746195,39.59131858153429,28.98328339120389,0.32461552448778686,0.2376385550291315,8.561404139480596
,3,5,R03_F05,Separately fitted target-wise ExtraTrees,Not applicable,UTS,0.8786810050286122,33.62589230826539,24.501721006945225,0.3185950890042679,0.23214634465021095,5.933433640961257
,3,5,R03_F05,Separately fitted target-wise ExtraTrees,Not applicable,El,0.7314636137243236,3.150345984158026,2.2988586805555644,0.4212061793263146,0.30736099670231365,20.61305738796819
,3,5,R03_F05,Separately fitted target-wise ExtraTrees,Not applicable,Macro,0.8296584011091851,,,0.3548055976061231,0.2590486321272187,
,3,5,R03_F05,MultiOutputRegressor(ExtraTreesRegressor),Not applicable,YS,0.8788305845746195,39.59131858153429,28.98328339120389,0.32461552448778686,0.2376385550291315,8.561404139480596
,3,5,R03_F05,MultiOutputRegressor(ExtraTreesRegressor),Not applicable,UTS,0.8786810050286122,33.62589230826539,24.501721006945225,0.3185950890042679,0.23214634465021095,5.933433640961257
,3,5,R03_F05,MultiOutputRegressor(ExtraTreesRegressor),Not applicable,El,0.7314636137243236,3.150345984158026,2.2988586805555644,0.4212061793263146,0.30736099670231365,20.61305738796819
,3,5,R03_F05,MultiOutputRegressor(ExtraTreesRegressor),Not applicable,Macro,0.8296584011091851,,,0.3548055976061231,0.2590486321272187,
,3,5,R03_F05,Native multi-output ExtraTreesRegressor,Not applicable,YS,0.881634009029566,39.13063800966368,28.18577517361141,0.32083833113285626,0.23109965817971342,8.484826253609059
,3,5,R03_F05,Native multi-output ExtraTreesRegressor,Not applicable,UTS,0.8927268869496787,31.619489782034083,23.60451510416739,0.29958503610922765,0.2236455919614742,5.669513623358537
,3,5,R03_F05,Native multi-output ExtraTreesRegressor,Not applicable,El,0.6785891830751933,3.446568596659939,2.589644386574084,0.46081160535552484,0.3462394998415491,22.775898287423225
,3,5,R03_F05,Native multi-output ExtraTreesRegressor,Not applicable,Macro,0.8176500263514793,,,0.36041165753253623,0.26699491666091224,
,3,5,R03_F05,RegressorChain(ExtraTreesRegressor),YS>UTS>El,YS,0.8821959510721756,39.03764123349263,28.472348032407552,0.3200758357587689,0.2334493146750003,8.425433570602445
,3,5,R03_F05,RegressorChain(ExtraTreesRegressor),YS>UTS>El,UTS,0.8873083517170829,32.40822768841896,23.781243981481648,0.30705808756558894,0.2253200442520301,5.659836138806442
,3,5,R03_F05,RegressorChain(ExtraTreesRegressor),YS>UTS>El,El,0.7218129328953771,3.2064550065533477,2.328712962962985,0.4287080432700568,0.311352560896403,20.930512178108884
,3,5,R03_F05,RegressorChain(ExtraTreesRegressor),YS>UTS>El,Macro,0.8304390785615453,,,0.3519473221981382,0.25670730660781116,
,3,5,R03_F05,RegressorChain(ExtraTreesRegressor),YS>El>UTS,YS,0.8821959510721756,39.03764123349263,28.472348032407552,0.3200758357587689,0.2334493146750003,8.425433570602445
,3,5,R03_F05,RegressorChain(ExtraTreesRegressor),YS>El>UTS,UTS,0.8904840479049018,31.948326004391593,23.773838194444746,0.30270065917045025,0.22524987667525506,5.6661620976354135
,3,5,R03_F05,RegressorChain(ExtraTreesRegressor),YS>El>UTS,El,0.7281663883758576,3.169627746314766,2.3053606481481648,0.42378418104725574,0.3082303199263514,20.654669178858544
,3,5,R03_F05,RegressorChain(ExtraTreesRegressor),YS>El>UTS,Macro,0.8336154624509783,,,0.348853558658825,0.2556431704255356,
,3,5,R03_F05,RegressorChain(ExtraTreesRegressor),UTS>YS>El,YS,0.8888945041062789,37.91152294193831,27.492627083333545,0.310842612594065,0.2254164266295977,8.504347818812139
,3,5,R03_F05,RegressorChain(ExtraTreesRegressor),UTS>YS>El,UTS,0.8784166090823923,33.6625135768218,24.308795312500674,0.31894206437099476,0.23031843245001443,5.8952592324807656
,3,5,R03_F05,RegressorChain(ExtraTreesRegressor),UTS>YS>El,El,0.7226295830082158,3.201745088761088,2.314952083333348,0.4280783199037362,0.3095127097936621,20.42221618316013
,3,5,R03_F05,RegressorChain(ExtraTreesRegressor),UTS>YS>El,Macro,0.829980232065629,,,0.35262099895626525,0.2550825229577581,
,3,5,R03_F05,RegressorChain(ExtraTreesRegressor),UTS>El>YS,YS,0.8919355547692521,37.389088170762506,27.739638425926117,0.30655908672698284,0.22744171195483864,8.576150504009838
,3,5,R03_F05,RegressorChain(ExtraTreesRegressor),UTS>El>YS,UTS,0.8784166090823923,33.6625135768218,24.308795312500674,0.31894206437099476,0.23031843245001443,5.8952592324807656
,3,5,R03_F05,RegressorChain(ExtraTreesRegressor),UTS>El>YS,El,0.7248456288907257,3.188929297579293,2.291956481481501,0.42636482860282104,0.3064381619039914,20.027928991919396
,3,5,R03_F05,RegressorChain(ExtraTreesRegressor),UTS>El>YS,Macro,0.83173259758079,,,0.3506219932335995,0.2547327687696148,
,3,5,R03_F05,RegressorChain(ExtraTreesRegressor),El>YS>UTS,YS,0.8797446295566965,39.44170677002042,29.60618159722235,0.3233888334250953,0.2427457965935358,8.804586740169167
,3,5,R03_F05,RegressorChain(ExtraTreesRegressor),El>YS>UTS,UTS,0.8912266750002842,31.839821033256605,24.00295856481503,0.30167260761365455,0.22742072240691968,5.731966468750225
,3,5,R03_F05,RegressorChain(ExtraTreesRegressor),El>YS>UTS,El,0.7210953817526706,3.2105876819681702,2.3471275462963046,0.4292605884287875,0.3138146194540083,20.9539302590588
,3,5,R03_F05,RegressorChain(ExtraTreesRegressor),El>YS>UTS,Macro,0.8306888954365504,,,0.3514406764891791,0.2613270461514879,
,3,5,R03_F05,RegressorChain(ExtraTreesRegressor),El>UTS>YS,YS,0.9009815361568134,35.78998793547794,26.739426851852084,0.29344780930093745,0.21924081801269465,7.98156742071991
,3,5,R03_F05,RegressorChain(ExtraTreesRegressor),El>UTS>YS,UTS,0.8966028982308135,31.042993832934094,23.021214699074623,0.2941229125607928,0.2181189982647747,5.532975671749957
,3,5,R03_F05,RegressorChain(ExtraTreesRegressor),El>UTS>YS,El,0.7210953817526706,3.2105876819681702,2.3471275462963046,0.4292605884287875,0.3138146194540083,20.9539302590588
,3,5,R03_F05,RegressorChain(ExtraTreesRegressor),El>UTS>YS,Macro,0.8395599387134324,,,0.33894377009683924,0.2503914785771592,
,4,1,R04_F01,Separately fitted target-wise ExtraTrees,Not applicable,YS,0.89127067307603,42.586348622875335,29.490700810185437,0.3613441602337936,0.2502278984594248,9.891286003942783
,4,1,R04_F01,Separately fitted target-wise ExtraTrees,Not applicable,UTS,0.8932894904587878,34.931993592072295,23.21506325231533,0.33934090933630123,0.22551878276218054,5.869581035544153
,4,1,R04_F01,Separately fitted target-wise ExtraTrees,Not applicable,El,0.6847609390038015,4.081651875695383,2.4557515625,0.5656209174239122,0.3403093879753796,16.660736077144232
,4,1,R04_F01,Separately fitted target-wise ExtraTrees,Not applicable,Macro,0.8231070341795398,,,0.422101995664669,0.2720186897323283,
,4,1,R04_F01,MultiOutputRegressor(ExtraTreesRegressor),Not applicable,YS,0.89127067307603,42.586348622875335,29.490700810185437,0.3613441602337936,0.2502278984594248,9.891286003942783
,4,1,R04_F01,MultiOutputRegressor(ExtraTreesRegressor),Not applicable,UTS,0.8932894904587878,34.931993592072295,23.21506325231533,0.33934090933630123,0.22551878276218054,5.869581035544153
,4,1,R04_F01,MultiOutputRegressor(ExtraTreesRegressor),Not applicable,El,0.6847609390038015,4.081651875695383,2.4557515625,0.5656209174239122,0.3403093879753796,16.660736077144232
,4,1,R04_F01,MultiOutputRegressor(ExtraTreesRegressor),Not applicable,Macro,0.8231070341795398,,,0.422101995664669,0.2720186897323283,
,4,1,R04_F01,Native multi-output ExtraTreesRegressor,Not applicable,YS,0.8935423210789183,42.13912871950141,29.043270138889152,0.3575495099373912,0.2464314598021891,9.648243828689
,4,1,R04_F01,Native multi-output ExtraTreesRegressor,Not applicable,UTS,0.9050568226066114,32.94971450013577,22.210795775463524,0.3200843963106966,0.21576299719805214,5.662681612254785
,4,1,R04_F01,Native multi-output ExtraTreesRegressor,Not applicable,El,0.6508937067986057,4.295312711357642,2.5710752893518456,0.5952292822637621,0.356290543196162,18.338316385744115
,4,1,R04_F01,Native multi-output ExtraTreesRegressor,Not applicable,Macro,0.8164976168280451,,,0.42428772950395,0.2728283333988011,
,4,1,R04_F01,RegressorChain(ExtraTreesRegressor),YS>UTS>El,YS,0.8927594671950302,42.29378339444824,29.19632384259289,0.3588617511943201,0.2477301168560083,9.721987057562792
,4,1,R04_F01,RegressorChain(ExtraTreesRegressor),YS>UTS>El,UTS,0.9017526561058653,33.518161102960576,22.557815740741212,0.3256064741332311,0.21913406361786011,5.685539310522639
,4,1,R04_F01,RegressorChain(ExtraTreesRegressor),YS>UTS>El,El,0.6763618960522446,4.135668999125405,2.355279861111102,0.573106419823816,0.3263863740473365,15.892283429064502
,4,1,R04_F01,RegressorChain(ExtraTreesRegressor),YS>UTS>El,Macro,0.8236246731177133,,,0.41919154838378914,0.26441685150706834,
,4,1,R04_F01,RegressorChain(ExtraTreesRegressor),YS>El>UTS,YS,0.8927594671950302,42.29378339444824,29.19632384259289,0.3588617511943201,0.2477301168560083,9.721987057562792
,4,1,R04_F01,RegressorChain(ExtraTreesRegressor),YS>El>UTS,UTS,0.9025333756226201,33.38471995610814,22.41541967592638,0.32431018281231266,0.21775078126975095,5.637194836833452
,4,1,R04_F01,RegressorChain(ExtraTreesRegressor),YS>El>UTS,El,0.6810225086808832,4.105782765767803,2.3677921296296227,0.5689648910396662,0.3281202800770599,15.770900136315372
,4,1,R04_F01,RegressorChain(ExtraTreesRegressor),YS>El>UTS,Macro,0.8254384504995111,,,0.41737894168209966,0.2645337260676064,
,4,1,R04_F01,RegressorChain(ExtraTreesRegressor),UTS>YS>El,YS,0.8850660198231152,43.78458911500254,29.980880555555686,0.37151120245241803,0.25438706199849576,10.097296189971148
,4,1,R04_F01,RegressorChain(ExtraTreesRegressor),UTS>YS>El,UTS,0.8967685952376877,34.35782739709776,22.650042476852374,0.33376326950880963,0.22002998455677222,5.7216190597994565
,4,1,R04_F01,RegressorChain(ExtraTreesRegressor),UTS>YS>El,El,0.6623944099514292,4.223969395403721,2.378642824074058,0.5853427772283355,0.3296239310334028,15.991134252016714
,4,1,R04_F01,RegressorChain(ExtraTreesRegressor),UTS>YS>El,Macro,0.8147430083374108,,,0.43020574972985437,0.2680136591962236,
,4,1,R04_F01,RegressorChain(ExtraTreesRegressor),UTS>El>YS,YS,0.8846705582562426,43.85985081486631,30.001526388889186,0.3721497961946492,0.2545622414057345,10.23583512823959
,4,1,R04_F01,RegressorChain(ExtraTreesRegressor),UTS>El>YS,UTS,0.8967685952376877,34.35782739709776,22.650042476852374,0.33376326950880963,0.22002998455677222,5.7216190597994565
,4,1,R04_F01,RegressorChain(ExtraTreesRegressor),UTS>El>YS,El,0.6671371794274091,4.194194755157743,2.4384682870370282,0.5812167126239092,0.33791433263475457,16.408104843962754
,4,1,R04_F01,RegressorChain(ExtraTreesRegressor),UTS>El>YS,Macro,0.8161921109737799,,,0.429043259442456,0.2708355195324204,
,4,1,R04_F01,RegressorChain(ExtraTreesRegressor),El>YS>UTS,YS,0.8911650488853586,42.607028676924664,29.25111689814832,0.36151963000299636,0.24819503463568582,10.467194843954521
,4,1,R04_F01,RegressorChain(ExtraTreesRegressor),El>YS>UTS,UTS,0.9020324089081221,33.47040671288173,21.88811736111151,0.3251425722344906,0.21262839263387812,5.64257037059475
,4,1,R04_F01,RegressorChain(ExtraTreesRegressor),El>YS>UTS,El,0.6821500045491198,4.098519947459711,2.4544353009259234,0.5679584353007611,0.340126985090035,16.5786161629683
,4,1,R04_F01,RegressorChain(ExtraTreesRegressor),El>YS>UTS,Macro,0.8251158207808668,,,0.418206879179416,0.266983470786533,
,4,1,R04_F01,RegressorChain(ExtraTreesRegressor),El>UTS>YS,YS,0.8867510413206228,43.462445981250255,29.417128935185456,0.36877782558623906,0.24960364284117217,10.373200182012134
,4,1,R04_F01,RegressorChain(ExtraTreesRegressor),El>UTS>YS,UTS,0.9027059292751608,33.35515492648297,22.43637731481534,0.3240229783614382,0.21795437068755433,5.825051056427605
,4,1,R04_F01,RegressorChain(ExtraTreesRegressor),El>UTS>YS,El,0.6821500045491198,4.098519947459711,2.4544353009259234,0.5679584353007611,0.340126985090035,16.5786161629683
,4,1,R04_F01,RegressorChain(ExtraTreesRegressor),El>UTS>YS,Macro,0.8238689917149679,,,0.4202530797494794,0.26922833287292053,
,4,2,R04_F02,Separately fitted target-wise ExtraTrees,Not applicable,YS,0.8650396297488937,52.7826746234103,37.63000227623473,0.46688873910187123,0.33285589334951055,15.582542662302536
,4,2,R04_F02,Separately fitted target-wise ExtraTrees,Not applicable,UTS,0.8830125664444554,41.376061692173494,30.818051851851806,0.419623206670086,0.3125471398802847,8.027320519143082
,4,2,R04_F02,Separately fitted target-wise ExtraTrees,Not applicable,El,0.5531885947205268,5.812579203942099,3.216035918209868,0.86093935280846,0.47634824144065907,20.915273795227904
,4,2,R04_F02,Separately fitted target-wise ExtraTrees,Not applicable,Macro,0.7670802636379586,,,0.5824837661934724,0.3739170915568181,
,4,2,R04_F02,MultiOutputRegressor(ExtraTreesRegressor),Not applicable,YS,0.8650396297488937,52.7826746234103,37.63000227623473,0.46688873910187123,0.33285589334951055,15.582542662302536
,4,2,R04_F02,MultiOutputRegressor(ExtraTreesRegressor),Not applicable,UTS,0.8830125664444554,41.376061692173494,30.818051851851806,0.419623206670086,0.3125471398802847,8.027320519143082
,4,2,R04_F02,MultiOutputRegressor(ExtraTreesRegressor),Not applicable,El,0.5531885947205268,5.812579203942099,3.216035918209868,0.86093935280846,0.47634824144065907,20.915273795227904
,4,2,R04_F02,MultiOutputRegressor(ExtraTreesRegressor),Not applicable,Macro,0.7670802636379586,,,0.5824837661934724,0.3739170915568181,
,4,2,R04_F02,Native multi-output ExtraTreesRegressor,Not applicable,YS,0.8518390236737083,55.3038260991499,38.83453568672879,0.489189564931391,0.34351058429202336,16.417970410540615
,4,2,R04_F02,Native multi-output ExtraTreesRegressor,Not applicable,UTS,0.890978890124556,39.94246317109662,29.953745563271678,0.40508409434549375,0.3037816131112709,7.733021687308164
,4,2,R04_F02,Native multi-output ExtraTreesRegressor,Not applicable,El,0.4816704061897433,6.2605106876371694,3.4638044753086414,0.9272854322585988,0.5130468727556929,22.099950347758764
,4,2,R04_F02,Native multi-output ExtraTreesRegressor,Not applicable,Macro,0.7414961066626692,,,0.6071863638451612,0.3867796900529957,
,4,2,R04_F02,RegressorChain(ExtraTreesRegressor),YS>UTS>El,YS,0.8763044617214604,50.53185951471811,36.130508410494016,0.4469791715108676,0.31959213198725167,14.73905016858975
,4,2,R04_F02,RegressorChain(ExtraTreesRegressor),YS>UTS>El,UTS,0.8926789388952194,39.6298129881335,30.38619953703701,0.40191329299380807,0.308167427415172,7.867548394422854
,4,2,R04_F02,RegressorChain(ExtraTreesRegressor),YS>UTS>El,El,0.5298747476081518,5.9622962123161845,3.4348905092592577,0.8831149240603039,0.5087642349895186,22.261470695886324
,4,2,R04_F02,RegressorChain(ExtraTreesRegressor),YS>UTS>El,Macro,0.7662860494082772,,,0.5773357961883265,0.3788412647973141,
,4,2,R04_F02,RegressorChain(ExtraTreesRegressor),YS>El>UTS,YS,0.8763044617214604,50.53185951471811,36.130508410494016,0.4469791715108676,0.31959213198725167,14.73905016858975
,4,2,R04_F02,RegressorChain(ExtraTreesRegressor),YS>El>UTS,UTS,0.8940439023850714,39.3769905405358,30.164818055555518,0.3993492460101099,0.3059222449749541,7.887583149850161
,4,2,R04_F02,RegressorChain(ExtraTreesRegressor),YS>El>UTS,El,0.5465248448906734,5.855763220722333,3.4285726851851814,0.8673356216856617,0.507828460494471,22.267313250306344
,4,2,R04_F02,RegressorChain(ExtraTreesRegressor),YS>El>UTS,Macro,0.7722910696657351,,,0.5712213464022131,0.37778094581889227,
,4,2,R04_F02,RegressorChain(ExtraTreesRegressor),UTS>YS>El,YS,0.8641181140689631,52.96256934106662,37.87071550925924,0.4684799964319875,0.3349851203857264,15.894228060725698
,4,2,R04_F02,RegressorChain(ExtraTreesRegressor),UTS>YS>El,UTS,0.8836359036123775,41.26568366420536,30.728296103395028,0.41850378688609363,0.3116368648699487,7.9986011718584535
,4,2,R04_F02,RegressorChain(ExtraTreesRegressor),UTS>YS>El,El,0.5242514166298087,5.997848759321885,3.4613490740740693,0.8883808457339425,0.5126831871222406,22.170091337612718
,4,2,R04_F02,RegressorChain(ExtraTreesRegressor),UTS>YS>El,Macro,0.7573351447703831,,,0.5917882096840078,0.38643505745930523,
,4,2,R04_F02,RegressorChain(ExtraTreesRegressor),UTS>El>YS,YS,0.8595609286582285,53.84337037998567,39.03636689814822,0.47627111519197063,0.3452958807076246,16.397435763253547
,4,2,R04_F02,RegressorChain(ExtraTreesRegressor),UTS>El>YS,UTS,0.8836359036123775,41.26568366420536,30.728296103395028,0.41850378688609363,0.3116368648699487,7.9986011718584535
,4,2,R04_F02,RegressorChain(ExtraTreesRegressor),UTS>El>YS,El,0.540713503259469,5.893164949414447,3.2840185185185162,0.8728754378265355,0.4864175916995372,21.265095931661985
,4,2,R04_F02,RegressorChain(ExtraTreesRegressor),UTS>El>YS,Macro,0.7613034451766917,,,0.5892167799681999,0.3811167790923702,
,4,2,R04_F02,RegressorChain(ExtraTreesRegressor),El>YS>UTS,YS,0.8724823991035348,51.30661106661135,37.74784305555579,0.45383223035567694,0.3338982530492517,15.61698325153858
,4,2,R04_F02,RegressorChain(ExtraTreesRegressor),El>YS>UTS,UTS,0.895985252500473,39.014586063059575,29.749807638888985,0.39567385200858424,0.30171333782620924,7.70787939060619
,4,2,R04_F02,RegressorChain(ExtraTreesRegressor),El>YS>UTS,El,0.5478772734496566,5.847024688017709,3.2333410108024627,0.866041300107022,0.47891141257247866,20.929727281616735
,4,2,R04_F02,RegressorChain(ExtraTreesRegressor),El>YS>UTS,Macro,0.7721149750178883,,,0.5718491274904277,0.3715076678159799,
,4,2,R04_F02,RegressorChain(ExtraTreesRegressor),El>UTS>YS,YS,0.8591449254033119,53.92305779981583,39.43858287037056,0.47697598964617804,0.34885367897111447,16.555889109136164
,4,2,R04_F02,RegressorChain(ExtraTreesRegressor),El>UTS>YS,UTS,0.8912305998071925,39.89632662651859,29.79485451388893,0.40461619179535385,0.3021701892848757,7.734584328063416
,4,2,R04_F02,RegressorChain(ExtraTreesRegressor),El>UTS>YS,El,0.5478772734496566,5.847024688017709,3.2333410108024627,0.866041300107022,0.47891141257247866,20.929727281616735
,4,2,R04_F02,RegressorChain(ExtraTreesRegressor),El>UTS>YS,Macro,0.7660842662200537,,,0.582544493849518,0.3766450936094896,
,4,3,R04_F03,Separately fitted target-wise ExtraTrees,Not applicable,YS,0.8359205328530289,41.36020895962485,26.42334438657429,0.33219559942099286,0.2122261697414062,8.081033760818444
,4,3,R04_F03,Separately fitted target-wise ExtraTrees,Not applicable,UTS,0.8910688840137921,29.76387031683014,19.5141518518514,0.2782612131694918,0.1824370120709542,4.603092709103391
,4,3,R04_F03,Separately fitted target-wise ExtraTrees,Not applicable,El,0.840451656422714,2.5926988942158102,1.8433543402777899,0.3513215671834864,0.24978223932816213,17.391494275939973
,4,3,R04_F03,Separately fitted target-wise ExtraTrees,Not applicable,Macro,0.8558136910965116,,,0.32059279325799034,0.21481514038017416,
,4,3,R04_F03,MultiOutputRegressor(ExtraTreesRegressor),Not applicable,YS,0.8359205328530289,41.36020895962485,26.42334438657429,0.33219559942099286,0.2122261697414062,8.081033760818444
,4,3,R04_F03,MultiOutputRegressor(ExtraTreesRegressor),Not applicable,UTS,0.8910688840137921,29.76387031683014,19.5141518518514,0.2782612131694918,0.1824370120709542,4.603092709103391
,4,3,R04_F03,MultiOutputRegressor(ExtraTreesRegressor),Not applicable,El,0.840451656422714,2.5926988942158102,1.8433543402777899,0.3513215671834864,0.24978223932816213,17.391494275939973
,4,3,R04_F03,MultiOutputRegressor(ExtraTreesRegressor),Not applicable,Macro,0.8558136910965116,,,0.32059279325799034,0.21481514038017416,
,4,3,R04_F03,Native multi-output ExtraTreesRegressor,Not applicable,YS,0.8334494194475509,41.67049708618384,26.68930376157423,0.33468776164135555,0.21436229371713333,8.173875210184596
,4,3,R04_F03,Native multi-output ExtraTreesRegressor,Not applicable,UTS,0.882588071466526,30.900786820745292,20.64999635416627,0.28889019932902904,0.19305597613112602,4.8464607355671365
,4,3,R04_F03,Native multi-output ExtraTreesRegressor,Not applicable,El,0.8307996311038174,2.669971252627508,1.815180497685202,0.3617922956270116,0.24596456556924975,16.560792466175428
,4,3,R04_F03,Native multi-output ExtraTreesRegressor,Not applicable,Macro,0.8489457073392982,,,0.3284567521991321,0.21779427847250302,
,4,3,R04_F03,RegressorChain(ExtraTreesRegressor),YS>UTS>El,YS,0.8322713127135587,41.81761691112524,26.809154861111377,0.3358693939314832,0.21532490993338294,8.215748783723136
,4,3,R04_F03,RegressorChain(ExtraTreesRegressor),YS>UTS>El,UTS,0.8712234514134805,32.36173652381437,21.938046527777473,0.30254855868983227,0.20509790482242127,5.146313244206724
,4,3,R04_F03,RegressorChain(ExtraTreesRegressor),YS>UTS>El,El,0.8187946668594606,2.7630670274973945,1.9246314814815106,0.37440716332276147,0.2607956326256207,17.83257505074141
,4,3,R04_F03,RegressorChain(ExtraTreesRegressor),YS>UTS>El,Macro,0.8407631436621665,,,0.33760837198135896,0.2270728157938083,
,4,3,R04_F03,RegressorChain(ExtraTreesRegressor),YS>El>UTS,YS,0.8322713127135587,41.81761691112524,26.809154861111377,0.3358693939314832,0.21532490993338294,8.215748783723136
,4,3,R04_F03,RegressorChain(ExtraTreesRegressor),YS>El>UTS,UTS,0.8723954497386839,32.214137477109986,21.81660023148115,0.301168661204679,0.20396250833726565,5.105768908448418
,4,3,R04_F03,RegressorChain(ExtraTreesRegressor),YS>El>UTS,El,0.8178310159649749,2.7704042878733026,1.9219270833333622,0.375401392857031,0.260429175341354,17.82613820965318
,4,3,R04_F03,RegressorChain(ExtraTreesRegressor),YS>El>UTS,Macro,0.8408325928057391,,,0.3374798159977311,0.22657219787066754,
,4,3,R04_F03,RegressorChain(ExtraTreesRegressor),UTS>YS>El,YS,0.833754084133149,41.63236650738156,27.390371064814847,0.3343815056818206,0.21999310359195337,8.286959667125728
,4,3,R04_F03,RegressorChain(ExtraTreesRegressor),UTS>YS>El,UTS,0.8834440730203423,30.787938367252398,19.920600115740292,0.2878351837265898,0.18623688036081182,4.6935921747992335
,4,3,R04_F03,RegressorChain(ExtraTreesRegressor),UTS>YS>El,El,0.8191364549919058,2.7604599594671124,1.90913125000003,0.37405389467741434,0.2586952862923348,17.712264666194496
,4,3,R04_F03,RegressorChain(ExtraTreesRegressor),UTS>YS>El,Macro,0.8454448707151324,,,0.33209019469527495,0.2216417567483667,
,4,3,R04_F03,RegressorChain(ExtraTreesRegressor),UTS>El>YS,YS,0.8335076876818504,41.66320717256327,27.716233101851905,0.33462921074700974,0.22261035184685804,8.344581366121872
,4,3,R04_F03,RegressorChain(ExtraTreesRegressor),UTS>El>YS,UTS,0.8834440730203423,30.787938367252398,19.920600115740292,0.2878351837265898,0.18623688036081182,4.6935921747992335
,4,3,R04_F03,RegressorChain(ExtraTreesRegressor),UTS>El>YS,El,0.8364459497450575,2.6250439821221683,1.8391293981481782,0.35570446216573864,0.24920974196121137,17.31547852028331
,4,3,R04_F03,RegressorChain(ExtraTreesRegressor),UTS>El>YS,Macro,0.8511325701490834,,,0.326056285546446,0.2193523247229604,
,4,3,R04_F03,RegressorChain(ExtraTreesRegressor),El>YS>UTS,YS,0.8378007795888159,41.12254523405064,26.597717245370504,0.3302867395345542,0.21362669207452853,7.993417366778853
,4,3,R04_F03,RegressorChain(ExtraTreesRegressor),El>YS>UTS,UTS,0.8751312232487488,31.866939495118096,20.94854884259211,0.2979227213907149,0.1958471312040323,4.81212306700008
,4,3,R04_F03,RegressorChain(ExtraTreesRegressor),El>YS>UTS,El,0.8423628146867451,2.5771237213382423,1.8322219907407526,0.3492110659769219,0.24827375930585346,17.26477109174695
,4,3,R04_F03,RegressorChain(ExtraTreesRegressor),El>YS>UTS,Macro,0.85176493917477,,,0.3258068423007303,0.2192491941948048,
,4,3,R04_F03,RegressorChain(ExtraTreesRegressor),El>UTS>YS,YS,0.835577370559456,41.40343755817378,27.02496064814818,0.33254280149197635,0.21705821193031416,8.108215126424483
,4,3,R04_F03,RegressorChain(ExtraTreesRegressor),El>UTS>YS,UTS,0.8834957971253852,30.781106216745446,19.962193672839067,0.2877713102293469,0.18662573683462177,4.625760421473865
,4,3,R04_F03,RegressorChain(ExtraTreesRegressor),El>UTS>YS,El,0.8423628146867451,2.5771237213382423,1.8322219907407526,0.3492110659769219,0.24827375930585346,17.26477109174695
,4,3,R04_F03,RegressorChain(ExtraTreesRegressor),El>UTS>YS,Macro,0.8538119941238621,,,0.3231750592327484,0.21731923602359648,
,4,4,R04_F04,Separately fitted target-wise ExtraTrees,Not applicable,YS,0.7020073132518893,59.94215776443467,41.810570524690995,0.4876539414732006,0.34014607201388064,12.18366594672823
,4,4,R04_F04,Separately fitted target-wise ExtraTrees,Not applicable,UTS,0.7977955509186049,44.67255728173325,33.25759357638852,0.42569036319124565,0.31691575208273765,7.502780959252744
,4,4,R04_F04,Separately fitted target-wise ExtraTrees,Not applicable,El,0.6838192927279557,3.6158303862145145,2.5191210648148266,0.487661644450736,0.3397500960558624,21.419169186798257
,4,4,R04_F04,Separately fitted target-wise ExtraTrees,Not applicable,Macro,0.7278740522994833,,,0.4670019830383941,0.3322706400508269,
,4,4,R04_F04,MultiOutputRegressor(ExtraTreesRegressor),Not applicable,YS,0.7020073132518893,59.94215776443467,41.810570524690995,0.4876539414732006,0.34014607201388064,12.18366594672823
,4,4,R04_F04,MultiOutputRegressor(ExtraTreesRegressor),Not applicable,UTS,0.7977955509186049,44.67255728173325,33.25759357638852,0.42569036319124565,0.31691575208273765,7.502780959252744
,4,4,R04_F04,MultiOutputRegressor(ExtraTreesRegressor),Not applicable,El,0.6838192927279557,3.6158303862145145,2.5191210648148266,0.487661644450736,0.3397500960558624,21.419169186798257
,4,4,R04_F04,MultiOutputRegressor(ExtraTreesRegressor),Not applicable,Macro,0.7278740522994833,,,0.4670019830383941,0.3322706400508269,
,4,4,R04_F04,Native multi-output ExtraTreesRegressor,Not applicable,YS,0.7042530552658429,59.71586160004441,41.85183657407373,0.4858129297275298,0.34048178818395247,12.339747796249567
,4,4,R04_F04,Native multi-output ExtraTreesRegressor,Not applicable,UTS,0.7918893471067441,45.32028337179661,33.653940277777615,0.4318626257905992,0.3206925891731221,7.515890696496825
,4,4,R04_F04,Native multi-output ExtraTreesRegressor,Not applicable,El,0.7203813605045816,3.400348468703324,2.4203631944444517,0.45859992002817046,0.32643076956010564,20.3529504429783
,4,4,R04_F04,Native multi-output ExtraTreesRegressor,Not applicable,Macro,0.7388412542923896,,,0.45875849184876655,0.3292017156390601,
,4,4,R04_F04,RegressorChain(ExtraTreesRegressor),YS>UTS>El,YS,0.6921741845941887,60.92311331748096,42.48744587191321,0.49563441564520105,0.3456527294861747,12.379970952535551
,4,4,R04_F04,RegressorChain(ExtraTreesRegressor),YS>UTS>El,UTS,0.7832215745928675,46.25444662483387,35.0896196759258,0.4407643837973644,0.33437335700043863,7.7530428661605715
,4,4,R04_F04,RegressorChain(ExtraTreesRegressor),YS>UTS>El,El,0.6764702963237452,3.6576104269736645,2.5392678240740842,0.493296456155263,0.3424672593907855,21.003401085122388
,4,4,R04_F04,RegressorChain(ExtraTreesRegressor),YS>UTS>El,Macro,0.7172886851702671,,,0.47656508519927615,0.3408311152924663,
,4,4,R04_F04,RegressorChain(ExtraTreesRegressor),YS>El>UTS,YS,0.6921741845941887,60.92311331748096,42.48744587191321,0.49563441564520105,0.3456527294861747,12.379970952535551
,4,4,R04_F04,RegressorChain(ExtraTreesRegressor),YS>El>UTS,UTS,0.7826674185669227,46.313529580475375,35.268641898147735,0.441327392641627,0.3360792820567622,7.7845546288579985
,4,4,R04_F04,RegressorChain(ExtraTreesRegressor),YS>El>UTS,El,0.6867663618547175,3.5989396506248617,2.5247391203703806,0.4853836161657157,0.3405077948188582,21.14229083276895
,4,4,R04_F04,RegressorChain(ExtraTreesRegressor),YS>El>UTS,Macro,0.7205359883386097,,,0.47411514148418127,0.3407466021205983,
,4,4,R04_F04,RegressorChain(ExtraTreesRegressor),UTS>YS>El,YS,0.7049839286269362,59.64202866413587,42.540293749999485,0.48521226863108025,0.34608266856425307,12.499806657134888
,4,4,R04_F04,RegressorChain(ExtraTreesRegressor),UTS>YS>El,UTS,0.7982609072854838,44.62112262323084,33.25900069444382,0.4252002359231687,0.31692916068597105,7.482191929399982
,4,4,R04_F04,RegressorChain(ExtraTreesRegressor),UTS>YS>El,El,0.6838035389996072,3.6159204646076963,2.4652692129629745,0.487673793189105,0.33248717721682775,20.20960864796213
,4,4,R04_F04,RegressorChain(ExtraTreesRegressor),UTS>YS>El,Macro,0.7290161249706757,,,0.4660287659144513,0.33183300215568395,
,4,4,R04_F04,RegressorChain(ExtraTreesRegressor),UTS>El>YS,YS,0.7000094308392036,60.14276222687342,42.59244259259221,0.48928594072771214,0.34650692070301564,12.573338245735052
,4,4,R04_F04,RegressorChain(ExtraTreesRegressor),UTS>El>YS,UTS,0.7982609072854838,44.62112262323084,33.25900069444382,0.4252002359231687,0.31692916068597105,7.482191929399982
,4,4,R04_F04,RegressorChain(ExtraTreesRegressor),UTS>El>YS,El,0.6845785270874314,3.6114864894918197,2.506329861111128,0.48707578958674963,0.3380249655142221,20.93828901894051
,4,4,R04_F04,RegressorChain(ExtraTreesRegressor),UTS>El>YS,Macro,0.7276162884040396,,,0.46718732207921015,0.33382034896773627,
,4,4,R04_F04,RegressorChain(ExtraTreesRegressor),El>YS>UTS,YS,0.6907546692735209,61.063422897053215,42.56597592592562,0.496775891395436,0.34629160355730426,12.437845527948657
,4,4,R04_F04,RegressorChain(ExtraTreesRegressor),El>YS>UTS,UTS,0.7899339028889585,45.53270422067946,34.786090509258834,0.43388681052083644,0.33148098976068735,7.669534794187828
,4,4,R04_F04,RegressorChain(ExtraTreesRegressor),El>YS>UTS,El,0.6835762033768294,3.617220099379128,2.5266096643518634,0.4878490729899048,0.34076007229224436,21.416343240763354
,4,4,R04_F04,RegressorChain(ExtraTreesRegressor),El>YS>UTS,Macro,0.7214215918464363,,,0.4728372583020591,0.3395108885367453,
,4,4,R04_F04,RegressorChain(ExtraTreesRegressor),El>UTS>YS,YS,0.6920719243583324,60.93323185580048,43.35101550925883,0.4957167340881382,0.35267822127849785,12.723415849971595
,4,4,R04_F04,RegressorChain(ExtraTreesRegressor),El>UTS>YS,UTS,0.7987864995391848,44.56295885519745,34.08123726851807,0.4246459861321269,0.3247643554262085,7.6294812030698616
,4,4,R04_F04,RegressorChain(ExtraTreesRegressor),El>UTS>YS,El,0.6835762033768294,3.617220099379128,2.5266096643518634,0.4878490729899048,0.34076007229224436,21.416343240763354
,4,4,R04_F04,RegressorChain(ExtraTreesRegressor),El>UTS>YS,Macro,0.7248115424247823,,,0.4694039310700566,0.3394008829989836,
,4,5,R04_F05,Separately fitted target-wise ExtraTrees,Not applicable,YS,0.8280944140335376,44.50968691074937,31.130380285493434,0.3605314527442894,0.2521581706767879,9.952389803895604
,4,5,R04_F05,Separately fitted target-wise ExtraTrees,Not applicable,UTS,0.8275526429628428,39.90042742931144,27.61406531635852,0.37757749200135576,0.26131172515843404,6.6097419053955555
,4,5,R04_F05,Separately fitted target-wise ExtraTrees,Not applicable,El,0.7735213767733665,3.1633596442155483,1.9942763888888762,0.4299948634096793,0.271081603070166,18.469349923311363
,4,5,R04_F05,Separately fitted target-wise ExtraTrees,Not applicable,Macro,0.8097228112565823,,,0.3893679360517748,0.26151716630179594,
,4,5,R04_F05,MultiOutputRegressor(ExtraTreesRegressor),Not applicable,YS,0.8280944140335376,44.50968691074937,31.130380285493434,0.3605314527442894,0.2521581706767879,9.952389803895604
,4,5,R04_F05,MultiOutputRegressor(ExtraTreesRegressor),Not applicable,UTS,0.8275526429628428,39.90042742931144,27.61406531635852,0.37757749200135576,0.26131172515843404,6.6097419053955555
,4,5,R04_F05,MultiOutputRegressor(ExtraTreesRegressor),Not applicable,El,0.7735213767733665,3.1633596442155483,1.9942763888888762,0.4299948634096793,0.271081603070166,18.469349923311363
,4,5,R04_F05,MultiOutputRegressor(ExtraTreesRegressor),Not applicable,Macro,0.8097228112565823,,,0.3893679360517748,0.26151716630179594,
,4,5,R04_F05,Native multi-output ExtraTreesRegressor,Not applicable,YS,0.811226676259744,46.642289061859,31.97603348765418,0.37780567336972054,0.25900801839879567,10.152978906831526
,4,5,R04_F05,Native multi-output ExtraTreesRegressor,Not applicable,UTS,0.834718287023371,39.062647926432945,27.350541589506637,0.36964958987280294,0.2588180018006113,6.523811070899445
,4,5,R04_F05,Native multi-output ExtraTreesRegressor,Not applicable,El,0.7863553995090056,3.0724223975255263,2.002252083333318,0.41763378108986454,0.27216573767038643,17.95899234608065
,4,5,R04_F05,Native multi-output ExtraTreesRegressor,Not applicable,Macro,0.8107667875973735,,,0.38836301477746266,0.2633305859565978,
,4,5,R04_F05,RegressorChain(ExtraTreesRegressor),YS>UTS>El,YS,0.8211817968512719,45.39577221335904,31.790241936728048,0.36770880319489596,0.2575030943606345,10.100626489826105
,4,5,R04_F05,RegressorChain(ExtraTreesRegressor),YS>UTS>El,UTS,0.8271535532700005,39.94657092268035,27.610485879630122,0.3780141475867948,0.2612778529713483,6.552374327788571
,4,5,R04_F05,RegressorChain(ExtraTreesRegressor),YS>UTS>El,El,0.7763512187916192,3.143534490046179,2.063362037037019,0.42730003404536027,0.2804724018348118,18.914970789907894
,4,5,R04_F05,RegressorChain(ExtraTreesRegressor),YS>UTS>El,Macro,0.8082288563042971,,,0.391007661609017,0.2664177830555982,
,4,5,R04_F05,RegressorChain(ExtraTreesRegressor),YS>El>UTS,YS,0.8211817968512719,45.39577221335904,31.790241936728048,0.36770880319489596,0.2575030943606345,10.100626489826105
,4,5,R04_F05,RegressorChain(ExtraTreesRegressor),YS>El>UTS,UTS,0.8263343516949031,40.04112193038151,27.779701620370865,0.3789088831737068,0.2628791404540259,6.581607665407153
,4,5,R04_F05,RegressorChain(ExtraTreesRegressor),YS>El>UTS,El,0.7756541553996923,3.148429526929972,2.031107175925909,0.4279654154603634,0.2760880048146591,18.664131891982798
,4,5,R04_F05,RegressorChain(ExtraTreesRegressor),YS>El>UTS,Macro,0.8077234346486225,,,0.39152770060965536,0.26549007987643986,
,4,5,R04_F05,RegressorChain(ExtraTreesRegressor),UTS>YS>El,YS,0.8158472467456992,46.067925202993166,32.37310949074062,0.37315328754512594,0.26222436068692967,10.232588437316547
,4,5,R04_F05,RegressorChain(ExtraTreesRegressor),UTS>YS>El,UTS,0.8294103548443446,39.68492918038963,27.75371415895108,0.3755382334369523,0.2626332212712365,6.623897379639278
,4,5,R04_F05,RegressorChain(ExtraTreesRegressor),UTS>YS>El,El,0.8012389328902287,2.963470590420905,2.0046047067901003,0.40282398306394107,0.27248552932095116,18.240600554760583
,4,5,R04_F05,RegressorChain(ExtraTreesRegressor),UTS>YS>El,Macro,0.8154988448267574,,,0.38383850134867314,0.26578103709303913,
,4,5,R04_F05,RegressorChain(ExtraTreesRegressor),UTS>El>YS,YS,0.8227826305902105,45.19211716626265,31.751623611111054,0.36605918363824536,0.25719028332996685,10.074920906428916
,4,5,R04_F05,RegressorChain(ExtraTreesRegressor),UTS>El>YS,UTS,0.8294103548443446,39.68492918038963,27.75371415895108,0.3755382334369523,0.2626332212712365,6.623897379639278
,4,5,R04_F05,RegressorChain(ExtraTreesRegressor),UTS>El>YS,El,0.7750944834133221,3.1523542490838636,2.0166841820987473,0.42849890218216863,0.2741274900587699,18.59421974266963
,4,5,R04_F05,RegressorChain(ExtraTreesRegressor),UTS>El>YS,Macro,0.8090958229492924,,,0.3900321064191221,0.26465033155332446,
,4,5,R04_F05,RegressorChain(ExtraTreesRegressor),El>YS>UTS,YS,0.8346841870247748,43.648240687289835,31.138161226851683,0.3535536804892807,0.25222119682426974,9.873072001055357
,4,5,R04_F05,RegressorChain(ExtraTreesRegressor),El>YS>UTS,UTS,0.8363337414908372,38.87128107848735,27.403419675926333,0.36783868660296926,0.25931838679742747,6.496620591184145
,4,5,R04_F05,RegressorChain(ExtraTreesRegressor),El>YS>UTS,El,0.7675463834045769,3.204816113327856,2.0308145833333215,0.4356300332222521,0.2760482327602503,18.748978143555476
,4,5,R04_F05,RegressorChain(ExtraTreesRegressor),El>YS>UTS,Macro,0.812854770640063,,,0.3856741334381673,0.2625292721273158,
,4,5,R04_F05,RegressorChain(ExtraTreesRegressor),El>UTS>YS,YS,0.8281697492422857,44.49993296941075,31.605222222222118,0.36045244516448216,0.2560044222493048,10.067636465004218
,4,5,R04_F05,RegressorChain(ExtraTreesRegressor),El>UTS>YS,UTS,0.8342740071186256,39.115113206390966,27.332610532407735,0.37014606848468734,0.25864832032087454,6.511608765814156
,4,5,R04_F05,RegressorChain(ExtraTreesRegressor),El>UTS>YS,El,0.7675463834045769,3.204816113327856,2.0308145833333215,0.4356300332222521,0.2760482327602503,18.748978143555476
,4,5,R04_F05,RegressorChain(ExtraTreesRegressor),El>UTS>YS,Macro,0.8099967132551628,,,0.3887428489571405,0.2635669917768099,
,5,1,R05_F01,Separately fitted target-wise ExtraTrees,Not applicable,YS,0.9226687408407438,33.544398650154285,25.676712152777647,0.2787166785649571,0.2133449462704182,7.357103854000743
,5,1,R05_F01,Separately fitted target-wise ExtraTrees,Not applicable,UTS,0.9377306700629106,26.19606416601228,19.26915914351865,0.25305624843820285,0.1861417460468759,4.477505849678636
,5,1,R05_F01,Separately fitted target-wise ExtraTrees,Not applicable,El,0.7973263581888217,3.37035208625089,1.9337254629629568,0.4706320282796063,0.2700231647852921,18.9973834054547
,5,1,R05_F01,Separately fitted target-wise ExtraTrees,Not applicable,Macro,0.885908589697492,,,0.33413498509425543,0.2231699523675287,
,5,1,R05_F01,MultiOutputRegressor(ExtraTreesRegressor),Not applicable,YS,0.9226687408407438,33.544398650154285,25.676712152777647,0.2787166785649571,0.2133449462704182,7.357103854000743
,5,1,R05_F01,MultiOutputRegressor(ExtraTreesRegressor),Not applicable,UTS,0.9377306700629106,26.19606416601228,19.26915914351865,0.25305624843820285,0.1861417460468759,4.477505849678636
,5,1,R05_F01,MultiOutputRegressor(ExtraTreesRegressor),Not applicable,El,0.7973263581888217,3.37035208625089,1.9337254629629568,0.4706320282796063,0.2700231647852921,18.9973834054547
,5,1,R05_F01,MultiOutputRegressor(ExtraTreesRegressor),Not applicable,Macro,0.885908589697492,,,0.33413498509425543,0.2231699523675287,
,5,1,R05_F01,Native multi-output ExtraTreesRegressor,Not applicable,YS,0.920224672282307,34.07036359356114,25.961815972222084,0.28308686279740836,0.2157138422053397,7.475841378047061
,5,1,R05_F01,Native multi-output ExtraTreesRegressor,Not applicable,UTS,0.9402951010132832,25.65097830040667,18.700938271605086,0.24779067177169692,0.18065268321593,4.379088982440965
,5,1,R05_F01,Native multi-output ExtraTreesRegressor,Not applicable,El,0.8013739182878732,3.3365280027984316,2.0256086419753108,0.46590887277758375,0.2828536245701228,19.4090039540783
,5,1,R05_F01,Native multi-output ExtraTreesRegressor,Not applicable,Macro,0.8872978971944878,,,0.3322621357822297,0.22640671666379752,
,5,1,R05_F01,RegressorChain(ExtraTreesRegressor),YS>UTS>El,YS,0.9220181778749752,33.68520224516315,26.007331481481348,0.2798865999798606,0.21609202551088172,7.51005304186326
,5,1,R05_F01,RegressorChain(ExtraTreesRegressor),YS>UTS>El,UTS,0.9407942810353965,25.543522024281657,18.264495833333367,0.24675263483855275,0.17643661146605402,4.279013912819306
,5,1,R05_F01,RegressorChain(ExtraTreesRegressor),YS>UTS>El,El,0.8115817775667276,3.2496612187564713,1.9014199074074039,0.45377889652656517,0.2655120547449396,18.176207509603127
,5,1,R05_F01,RegressorChain(ExtraTreesRegressor),YS>UTS>El,Macro,0.8914647454923665,,,0.3268060437816595,0.2193468972406251,
,5,1,R05_F01,RegressorChain(ExtraTreesRegressor),YS>El>UTS,YS,0.9220181778749752,33.68520224516315,26.007331481481348,0.2798865999798606,0.21609202551088172,7.51005304186326
,5,1,R05_F01,RegressorChain(ExtraTreesRegressor),YS>El>UTS,UTS,0.9417088408883597,25.34546684234302,18.1772953703704,0.24483940462933054,0.1755942474422205,4.249473090056074
,5,1,R05_F01,RegressorChain(ExtraTreesRegressor),YS>El>UTS,El,0.8199075322648166,3.1770526426796315,1.8880166666666653,0.44363991978020706,0.26364044186477004,18.162623429560483
,5,1,R05_F01,RegressorChain(ExtraTreesRegressor),YS>El>UTS,Macro,0.8945448503427172,,,0.32278864146313274,0.2184422382726241,
,5,1,R05_F01,RegressorChain(ExtraTreesRegressor),UTS>YS>El,YS,0.9151749133728835,35.132141701155945,26.842508564814555,0.29190905903375225,0.22303141903252202,7.870884082025017
,5,1,R05_F01,RegressorChain(ExtraTreesRegressor),UTS>YS>El,UTS,0.9399878912791333,25.716886789348525,18.853061959876666,0.24842735348258904,0.18212221121863412,4.381124121258155
,5,1,R05_F01,RegressorChain(ExtraTreesRegressor),UTS>YS>El,El,0.8329661411338756,3.0597003323200704,1.8160277777777802,0.4272529802455739,0.2535879975134563,17.576754572255883
,5,1,R05_F01,RegressorChain(ExtraTreesRegressor),UTS>YS>El,Macro,0.8960429819286307,,,0.32252979758730504,0.21958054258820414,
,5,1,R05_F01,RegressorChain(ExtraTreesRegressor),UTS>El>YS,YS,0.9152833011157337,35.10968896410822,26.911990046296076,0.2917225017381543,0.22360873293646982,7.953134790074946
,5,1,R05_F01,RegressorChain(ExtraTreesRegressor),UTS>El>YS,UTS,0.9399878912791333,25.716886789348525,18.853061959876666,0.24842735348258904,0.18212221121863412,4.381124121258155
,5,1,R05_F01,RegressorChain(ExtraTreesRegressor),UTS>El>YS,El,0.8027006747524179,3.325365880547732,1.856253935185187,0.4643502070654222,0.25920513114402655,17.82607785594107
,5,1,R05_F01,RegressorChain(ExtraTreesRegressor),UTS>El>YS,Macro,0.8859906223824283,,,0.3348333540953885,0.22164535843304348,
,5,1,R05_F01,RegressorChain(ExtraTreesRegressor),El>YS>UTS,YS,0.9266507575295908,32.66933439917938,25.34693738425897,0.2714458670024569,0.21060488438662495,7.585689107849272
,5,1,R05_F01,RegressorChain(ExtraTreesRegressor),El>YS>UTS,UTS,0.9427956226814629,25.10808444458001,18.692231018518296,0.242546270109485,0.1805685703970584,4.44233018839411
,5,1,R05_F01,RegressorChain(ExtraTreesRegressor),El>YS>UTS,El,0.7984372333099773,3.361102771133469,1.9259361111111106,0.4693404647211084,0.268935468791757,18.810013732940135
,5,1,R05_F01,RegressorChain(ExtraTreesRegressor),El>YS>UTS,Macro,0.8892945378403437,,,0.3277775339443501,0.22003630785848013,
,5,1,R05_F01,RegressorChain(ExtraTreesRegressor),El>UTS>YS,YS,0.9161052298072345,34.93895522691495,26.72559074074061,0.29030389409978863,0.22205996183244542,8.04453062590145
,5,1,R05_F01,RegressorChain(ExtraTreesRegressor),El>UTS>YS,UTS,0.9405318083804488,25.600079582921165,19.70477199074058,0.24729898575292814,0.19034980387536782,4.695871287969083
,5,1,R05_F01,RegressorChain(ExtraTreesRegressor),El>UTS>YS,El,0.7984372333099773,3.361102771133469,1.9259361111111106,0.4693404647211084,0.268935468791757,18.810013732940135
,5,1,R05_F01,RegressorChain(ExtraTreesRegressor),El>UTS>YS,Macro,0.8850247571658869,,,0.3356477815246084,0.22711507816652343,
,5,2,R05_F02,Separately fitted target-wise ExtraTrees,Not applicable,YS,0.8224286318916081,49.74737930752129,35.50798287037052,0.41197933064651243,0.2940567969443043,13.068731934670478
,5,2,R05_F02,Separately fitted target-wise ExtraTrees,Not applicable,UTS,0.7682734763612308,51.31111437097553,35.3573085648147,0.4980235563702485,0.34317657628363224,9.423735490537656
,5,2,R05_F02,Separately fitted target-wise ExtraTrees,Not applicable,El,0.7667783008382627,3.3424129141505645,2.0148201388888856,0.4576643685052162,0.27588194822138473,13.862908638766894
,5,2,R05_F02,Separately fitted target-wise ExtraTrees,Not applicable,Macro,0.7858268030303672,,,0.45588908517399235,0.3043717738164404,
,5,2,R05_F02,MultiOutputRegressor(ExtraTreesRegressor),Not applicable,YS,0.8224286318916081,49.74737930752129,35.50798287037052,0.41197933064651243,0.2940567969443043,13.068731934670478
,5,2,R05_F02,MultiOutputRegressor(ExtraTreesRegressor),Not applicable,UTS,0.7682734763612308,51.31111437097553,35.3573085648147,0.4980235563702485,0.34317657628363224,9.423735490537656
,5,2,R05_F02,MultiOutputRegressor(ExtraTreesRegressor),Not applicable,El,0.7667783008382627,3.3424129141505645,2.0148201388888856,0.4576643685052162,0.27588194822138473,13.862908638766894
,5,2,R05_F02,MultiOutputRegressor(ExtraTreesRegressor),Not applicable,Macro,0.7858268030303672,,,0.45588908517399235,0.3043717738164404,
,5,2,R05_F02,Native multi-output ExtraTreesRegressor,Not applicable,YS,0.8156367707941292,50.6898364362938,35.990369560185535,0.41978422132576937,0.29805164749420515,13.371999444517218
,5,2,R05_F02,Native multi-output ExtraTreesRegressor,Not applicable,UTS,0.7822953577867651,49.73446132297666,35.347912152777994,0.482720627019516,0.3430853750965793,9.306328115669304
,5,2,R05_F02,Native multi-output ExtraTreesRegressor,Not applicable,El,0.7601174227789477,3.389807030796213,2.0867918981481433,0.4641538714549155,0.28573677783030177,14.429230349817049
,5,2,R05_F02,Native multi-output ExtraTreesRegressor,Not applicable,Macro,0.7860165171199474,,,0.455552906600067,0.3089579334736954,
,5,2,R05_F02,RegressorChain(ExtraTreesRegressor),YS>UTS>El,YS,0.8226671882726769,49.713951780841015,35.52508078703715,0.4117025029973255,0.29419839210694043,13.06950459320326
,5,2,R05_F02,RegressorChain(ExtraTreesRegressor),YS>UTS>El,UTS,0.7775942865500324,50.26857144489384,35.95075648148133,0.48790467779821056,0.3489365572468602,9.442387430588441
,5,2,R05_F02,RegressorChain(ExtraTreesRegressor),YS>UTS>El,El,0.7548171134405557,3.4270520452316133,2.0626979166666635,0.469253694980423,0.2824376771199097,14.476428011684494
,5,2,R05_F02,RegressorChain(ExtraTreesRegressor),YS>UTS>El,Macro,0.785026196087755,,,0.45628695859198637,0.3085242088245701,
,5,2,R05_F02,RegressorChain(ExtraTreesRegressor),YS>El>UTS,YS,0.8226671882726769,49.713951780841015,35.52508078703715,0.4117025029973255,0.29419839210694043,13.06950459320326
,5,2,R05_F02,RegressorChain(ExtraTreesRegressor),YS>El>UTS,UTS,0.780103504202476,49.98419795830664,35.93422800925913,0.48514456048515386,0.34877613257827955,9.408794115658539
,5,2,R05_F02,RegressorChain(ExtraTreesRegressor),YS>El>UTS,El,0.7624111219594588,3.373561846941419,2.005472222222221,0.461929477880238,0.27460197220167276,14.165194759397007
,5,2,R05_F02,RegressorChain(ExtraTreesRegressor),YS>El>UTS,Macro,0.7883939381448705,,,0.4529255137875725,0.3058588322956309,
,5,2,R05_F02,RegressorChain(ExtraTreesRegressor),UTS>YS>El,YS,0.8240015793740866,49.52655521142569,35.48787893518539,0.4101505918352132,0.29389030765630125,13.230292935248627
,5,2,R05_F02,RegressorChain(ExtraTreesRegressor),UTS>YS>El,UTS,0.7678206083075485,51.36122909671437,35.59425254629619,0.49850996782797924,0.3454763447794942,9.481706270384699
,5,2,R05_F02,RegressorChain(ExtraTreesRegressor),UTS>YS>El,El,0.7577039578288657,3.4068168229475626,1.9985854166666623,0.4664829600454946,0.27365898711977005,14.040226057570637
,5,2,R05_F02,RegressorChain(ExtraTreesRegressor),UTS>YS>El,Macro,0.7831753818368337,,,0.45838117323622907,0.3043418798518552,
,5,2,R05_F02,RegressorChain(ExtraTreesRegressor),UTS>El>YS,YS,0.8242044208853787,49.498006837227635,35.202773842592734,0.409914170535099,0.2915292304127312,13.088856285913739
,5,2,R05_F02,RegressorChain(ExtraTreesRegressor),UTS>El>YS,UTS,0.7678206083075485,51.36122909671437,35.59425254629619,0.49850996782797924,0.3454763447794942,9.481706270384699
,5,2,R05_F02,RegressorChain(ExtraTreesRegressor),UTS>El>YS,El,0.75186230100229,3.447640695297081,2.087814120370366,0.4720728234880634,0.28587674697828613,14.32121559774374
,5,2,R05_F02,RegressorChain(ExtraTreesRegressor),UTS>El>YS,Macro,0.7812957767317391,,,0.4601656539503805,0.30762744072350384,
,5,2,R05_F02,RegressorChain(ExtraTreesRegressor),El>YS>UTS,YS,0.830149709724135,48.65381319927102,33.78529178240757,0.40292304186173733,0.27979045505436306,12.462959579840813
,5,2,R05_F02,RegressorChain(ExtraTreesRegressor),El>YS>UTS,UTS,0.7922229067412963,48.58725980736146,34.32902152777758,0.471585936501019,0.33319606478173563,8.962258824361456
,5,2,R05_F02,RegressorChain(ExtraTreesRegressor),El>YS>UTS,El,0.7591051677614843,3.39695164491508,2.06725497685185,0.46513215731992086,0.28306165869413824,14.295217449278386
,5,2,R05_F02,RegressorChain(ExtraTreesRegressor),El>YS>UTS,Macro,0.7938259280756386,,,0.44654704522755906,0.2986827261767456,
,5,2,R05_F02,RegressorChain(ExtraTreesRegressor),El>UTS>YS,YS,0.8370371996189859,47.65714003079278,33.43441574074085,0.394669164963323,0.2768847004438102,12.305583830398694
,5,2,R05_F02,RegressorChain(ExtraTreesRegressor),El>UTS>YS,UTS,0.791598915639509,48.66016315016475,33.48685671296304,0.47229353333455626,0.32502204787983274,8.863045124889346
,5,2,R05_F02,RegressorChain(ExtraTreesRegressor),El>UTS>YS,El,0.7591051677614843,3.39695164491508,2.06725497685185,0.46513215731992086,0.28306165869413824,14.295217449278386
,5,2,R05_F02,RegressorChain(ExtraTreesRegressor),El>UTS>YS,Macro,0.7959137610066597,,,0.44403161853926676,0.29498946900592704,
,5,3,R05_F03,Separately fitted target-wise ExtraTrees,Not applicable,YS,0.8394189729283232,48.488471910665915,30.812627199074573,0.40327762354692814,0.2562679866458506,11.25370403932898
,5,3,R05_F03,Separately fitted target-wise ExtraTrees,Not applicable,UTS,0.8981775061163241,31.252869830721085,22.263138657408117,0.29712872281957414,0.21166113675513734,5.470644418203744
,5,3,R05_F03,Separately fitted target-wise ExtraTrees,Not applicable,El,0.6394419408596351,4.788152896577782,2.7676224922839654,0.6835975746770666,0.3951294088163384,21.130851758415773
,5,3,R05_F03,Separately fitted target-wise ExtraTrees,Not applicable,Macro,0.7923461399680942,,,0.46133464034785626,0.28768617740577546,
,5,3,R05_F03,MultiOutputRegressor(ExtraTreesRegressor),Not applicable,YS,0.8394189729283232,48.488471910665915,30.812627199074573,0.40327762354692814,0.2562679866458506,11.25370403932898
,5,3,R05_F03,MultiOutputRegressor(ExtraTreesRegressor),Not applicable,UTS,0.8981775061163241,31.252869830721085,22.263138657408117,0.29712872281957414,0.21166113675513734,5.470644418203744
,5,3,R05_F03,MultiOutputRegressor(ExtraTreesRegressor),Not applicable,El,0.6394419408596351,4.788152896577782,2.7676224922839654,0.6835975746770666,0.3951294088163384,21.130851758415773
,5,3,R05_F03,MultiOutputRegressor(ExtraTreesRegressor),Not applicable,Macro,0.7923461399680942,,,0.46133464034785626,0.28768617740577546,
,5,3,R05_F03,Native multi-output ExtraTreesRegressor,Not applicable,YS,0.8323578263094433,49.543082444332306,31.197458680556064,0.4120487976636977,0.25946862216193417,11.423791266017309
,5,3,R05_F03,Native multi-output ExtraTreesRegressor,Not applicable,UTS,0.8900764719695509,32.472323700260134,22.87098217592668,0.3087223707871395,0.21744005463723348,5.664206482352378
,5,3,R05_F03,Native multi-output ExtraTreesRegressor,Not applicable,El,0.6245775037747128,4.885854761362124,2.942650694444464,0.6975463267847403,0.42011792883258947,21.60383440113398
,5,3,R05_F03,Native multi-output ExtraTreesRegressor,Not applicable,Macro,0.7823372673512358,,,0.47277249841185914,0.299008868543919,
,5,3,R05_F03,RegressorChain(ExtraTreesRegressor),YS>UTS>El,YS,0.8409971176996529,48.24961814294232,30.539991203704,0.4012910816736295,0.25400047868006104,11.152107796329977
,5,3,R05_F03,RegressorChain(ExtraTreesRegressor),YS>UTS>El,UTS,0.8870848307205226,32.91123527361324,22.903881944444237,0.31289521110316526,0.21775284083106558,5.6565408213408475
,5,3,R05_F03,RegressorChain(ExtraTreesRegressor),YS>UTS>El,El,0.6036809977799413,5.019990025771307,2.9561529320987767,0.7166966219840271,0.42204562352249764,22.074100371810825
,5,3,R05_F03,RegressorChain(ExtraTreesRegressor),YS>UTS>El,Macro,0.777254315400039,,,0.47696097158694056,0.2979329810112081,
,5,3,R05_F03,RegressorChain(ExtraTreesRegressor),YS>El>UTS,YS,0.8409971176996529,48.24961814294232,30.539991203704,0.4012910816736295,0.25400047868006104,11.152107796329977
,5,3,R05_F03,RegressorChain(ExtraTreesRegressor),YS>El>UTS,UTS,0.8864982698034822,32.996606615442275,22.546164814814635,0.31370685745437876,0.21435193606829567,5.56524423808984
,5,3,R05_F03,RegressorChain(ExtraTreesRegressor),YS>El>UTS,El,0.614141229586389,4.95329956903948,2.8899517746913728,0.7071753231740899,0.41259418126031316,21.65962026968817
,5,3,R05_F03,RegressorChain(ExtraTreesRegressor),YS>El>UTS,Macro,0.7805455390298414,,,0.4740577541006994,0.2936488653362233,
,5,3,R05_F03,RegressorChain(ExtraTreesRegressor),UTS>YS>El,YS,0.8469311253461829,47.34071650979431,30.98757407407418,0.393731765485461,0.2577230162068313,11.274255302601729
,5,3,R05_F03,RegressorChain(ExtraTreesRegressor),UTS>YS>El,UTS,0.896945748363099,31.441336247637096,22.225070833334033,0.2989205194147652,0.21129921658560033,5.474006049013368
,5,3,R05_F03,RegressorChain(ExtraTreesRegressor),UTS>YS>El,El,0.6047770204258325,5.013043813303476,2.933311342592603,0.7157049214057947,0.4187845632503101,21.77733541327762
,5,3,R05_F03,RegressorChain(ExtraTreesRegressor),UTS>YS>El,Macro,0.7828846313783715,,,0.46945240210200695,0.2959355986809139,
,5,3,R05_F03,RegressorChain(ExtraTreesRegressor),UTS>El>YS,YS,0.8416011451201886,48.15788451163105,31.579426851851967,0.4005281349488349,0.2626454435860982,11.402245192693758
,5,3,R05_F03,RegressorChain(ExtraTreesRegressor),UTS>El>YS,UTS,0.896945748363099,31.441336247637096,22.225070833334033,0.2989205194147652,0.21129921658560033,5.474006049013368
,5,3,R05_F03,RegressorChain(ExtraTreesRegressor),UTS>El>YS,El,0.6021253569857923,5.029832668839203,2.919946759259273,0.7181018417159272,0.416876521266153,21.792516226284068
,5,3,R05_F03,RegressorChain(ExtraTreesRegressor),UTS>El>YS,Macro,0.7802240834896933,,,0.472516832026509,0.29694039381261716,
,5,3,R05_F03,RegressorChain(ExtraTreesRegressor),El>YS>UTS,YS,0.8399087615760071,48.41446802461877,30.376257291666906,0.40266213474882134,0.25263870710140596,11.054074214434172
,5,3,R05_F03,RegressorChain(ExtraTreesRegressor),El>YS>UTS,UTS,0.891176103668203,32.309495287750266,21.890635185185268,0.30717432100771613,0.20811965459535714,5.390557223759546
,5,3,R05_F03,RegressorChain(ExtraTreesRegressor),El>YS>UTS,El,0.634129440488127,4.823298484496366,2.814808719135818,0.6886152587779473,0.40186611729888144,21.507297375817895
,5,3,R05_F03,RegressorChain(ExtraTreesRegressor),El>YS>UTS,Macro,0.7884047685774457,,,0.4661505715114949,0.2875414929985482,
,5,3,R05_F03,RegressorChain(ExtraTreesRegressor),El>UTS>YS,YS,0.8477444342692111,47.2147800381104,30.72749351851873,0.3926843544407875,0.2555599315757379,11.107245229668175
,5,3,R05_F03,RegressorChain(ExtraTreesRegressor),El>UTS>YS,UTS,0.904002315207065,30.34578788358676,22.146622453704317,0.288504871573127,0.21055338853931546,5.417665634713175
,5,3,R05_F03,RegressorChain(ExtraTreesRegressor),El>UTS>YS,El,0.634129440488127,4.823298484496366,2.814808719135818,0.6886152587779473,0.40186611729888144,21.507297375817895
,5,3,R05_F03,RegressorChain(ExtraTreesRegressor),El>UTS>YS,Macro,0.7952920633214676,,,0.4566014949306206,0.28932647913797827,
,5,4,R05_F04,Separately fitted target-wise ExtraTrees,Not applicable,YS,0.8501295437762021,43.52501246540796,27.715088811728712,0.3606114196996812,0.22962377165183803,7.3477930925296695
,5,4,R05_F04,Separately fitted target-wise ExtraTrees,Not applicable,UTS,0.8575933384792573,37.35689960641295,26.22306734182091,0.3586064556671946,0.2517275613139545,5.626589257463446
,5,4,R05_F04,Separately fitted target-wise ExtraTrees,Not applicable,El,0.7908970413366359,2.5331563552255703,1.9082287962962763,0.3365115170986246,0.2534944066473786,19.872532195992303
,5,4,R05_F04,Separately fitted target-wise ExtraTrees,Not applicable,Macro,0.8328733078640317,,,0.35190979748850015,0.24494857987105703,
,5,4,R05_F04,MultiOutputRegressor(ExtraTreesRegressor),Not applicable,YS,0.8501295437762021,43.52501246540796,27.715088811728712,0.3606114196996812,0.22962377165183803,7.3477930925296695
,5,4,R05_F04,MultiOutputRegressor(ExtraTreesRegressor),Not applicable,UTS,0.8575933384792573,37.35689960641295,26.22306734182091,0.3586064556671946,0.2517275613139545,5.626589257463446
,5,4,R05_F04,MultiOutputRegressor(ExtraTreesRegressor),Not applicable,El,0.7908970413366359,2.5331563552255703,1.9082287962962763,0.3365115170986246,0.2534944066473786,19.872532195992303
,5,4,R05_F04,MultiOutputRegressor(ExtraTreesRegressor),Not applicable,Macro,0.8328733078640317,,,0.35190979748850015,0.24494857987105703,
,5,4,R05_F04,Native multi-output ExtraTreesRegressor,Not applicable,YS,0.8433934736872275,44.492398440932114,28.833295756173086,0.3686263612303374,0.23888828809682713,7.849772104958951
,5,4,R05_F04,Native multi-output ExtraTreesRegressor,Not applicable,UTS,0.8511518319760727,38.19244127881484,26.391574922839382,0.3666272133012367,0.25334514486662474,5.594813394577978
,5,4,R05_F04,Native multi-output ExtraTreesRegressor,Not applicable,El,0.7929363890499461,2.520773354494477,1.8886717592592381,0.3348665249315767,0.25089639559697047,19.94252520937387
,5,4,R05_F04,Native multi-output ExtraTreesRegressor,Not applicable,Macro,0.8291605649044155,,,0.35670669982105024,0.24770994285347414,
,5,4,R05_F04,RegressorChain(ExtraTreesRegressor),YS>UTS>El,YS,0.850584871725746,43.45884455383843,27.822524459876764,0.3600632083798426,0.2305138925136256,7.401866597491622
,5,4,R05_F04,RegressorChain(ExtraTreesRegressor),YS>UTS>El,UTS,0.8437870037442888,39.12589218796444,26.5357863425923,0.3755878477649167,0.2547294981360125,5.553260691075783
,5,4,R05_F04,RegressorChain(ExtraTreesRegressor),YS>UTS>El,El,0.7906940671762254,2.534385511843958,1.8754791666666495,0.3366748016734406,0.24914385500126737,19.58948611686517
,5,4,R05_F04,RegressorChain(ExtraTreesRegressor),YS>UTS>El,Macro,0.8283553142154201,,,0.35744195260606665,0.2447957485503018,
,5,4,R05_F04,RegressorChain(ExtraTreesRegressor),YS>El>UTS,YS,0.850584871725746,43.45884455383843,27.822524459876764,0.3600632083798426,0.2305138925136256,7.401866597491622
,5,4,R05_F04,RegressorChain(ExtraTreesRegressor),YS>El>UTS,UTS,0.8441090601811575,39.08553944199288,26.640042361110833,0.37520048277045087,0.2557303007100164,5.5926660734285605
,5,4,R05_F04,RegressorChain(ExtraTreesRegressor),YS>El>UTS,El,0.7876490846879183,2.5527540655092205,1.8979086574074004,0.3391149312959386,0.25212345076974396,19.770121453336372
,5,4,R05_F04,RegressorChain(ExtraTreesRegressor),YS>El>UTS,Macro,0.8274476721982739,,,0.3581262074820774,0.24612254799779532,
,5,4,R05_F04,RegressorChain(ExtraTreesRegressor),UTS>YS>El,YS,0.8641180984218948,41.4440030932654,26.498270601852006,0.3433699371224369,0.21954224571249903,6.972902839121678
,5,4,R05_F04,RegressorChain(ExtraTreesRegressor),UTS>YS>El,UTS,0.8560093572592912,37.56408441128446,26.32455304783958,0.36059532008918527,0.25270177035484587,5.663297147137079
,5,4,R05_F04,RegressorChain(ExtraTreesRegressor),UTS>YS>El,El,0.7952031325819015,2.506937821964721,1.844347916666652,0.33302857441113165,0.2450082933944739,19.112445076652826
,5,4,R05_F04,RegressorChain(ExtraTreesRegressor),UTS>YS>El,Macro,0.8384435294210291,,,0.34566461054091796,0.2390841031539396,
,5,4,R05_F04,RegressorChain(ExtraTreesRegressor),UTS>El>YS,YS,0.864960362824083,41.31535803872465,26.1079071759261,0.34230409306800613,0.21630802471523108,6.8823455612620155
,5,4,R05_F04,RegressorChain(ExtraTreesRegressor),UTS>El>YS,UTS,0.8560093572592912,37.56408441128446,26.32455304783958,0.36059532008918527,0.25270177035484587,5.663297147137079
,5,4,R05_F04,RegressorChain(ExtraTreesRegressor),UTS>El>YS,El,0.7901963001298234,2.5373973338834053,1.871108472222201,0.33707490046782995,0.24856323982714207,19.307584302040695
,5,4,R05_F04,RegressorChain(ExtraTreesRegressor),UTS>El>YS,Macro,0.8370553400710659,,,0.34665810454167384,0.23919101163240633,
,5,4,R05_F04,RegressorChain(ExtraTreesRegressor),El>YS>UTS,YS,0.8593470061487738,42.16531798432206,27.459143518518818,0.34934614188794255,0.22750322554922117,7.100127678338108
,5,4,R05_F04,RegressorChain(ExtraTreesRegressor),El>YS>UTS,UTS,0.840645693316606,39.51732832001727,27.208828240740587,0.37934542736639537,0.26119034398118124,5.757467379410081
,5,4,R05_F04,RegressorChain(ExtraTreesRegressor),El>YS>UTS,El,0.7943042299727967,2.5124335739481656,1.8923267013888705,0.33375864534960004,0.2513819282481284,19.826577011648308
,5,4,R05_F04,RegressorChain(ExtraTreesRegressor),El>YS>UTS,Macro,0.8314323098127255,,,0.35415007153464595,0.24669183259284364,
,5,4,R05_F04,RegressorChain(ExtraTreesRegressor),El>UTS>YS,YS,0.8690186489872562,40.68980628915652,25.856817824074387,0.3371213006521127,0.2142277108333067,6.831043843482268
,5,4,R05_F04,RegressorChain(ExtraTreesRegressor),El>UTS>YS,UTS,0.8569272627770925,37.44416201074915,25.781680324074017,0.35944412854320146,0.24749047965890852,5.505268339196641
,5,4,R05_F04,RegressorChain(ExtraTreesRegressor),El>UTS>YS,El,0.7943042299727967,2.5124335739481656,1.8923267013888705,0.33375864534960004,0.2513819282481284,19.826577011648308
,5,4,R05_F04,RegressorChain(ExtraTreesRegressor),El>UTS>YS,Macro,0.8400833805790485,,,0.34344135818163807,0.23770003958011454,
,5,5,R05_F05,Separately fitted target-wise ExtraTrees,Not applicable,YS,0.8503460547654863,47.074085743209636,36.437712808642225,0.39249045948050126,0.3038073797268701,11.920579754557709
,5,5,R05_F05,Separately fitted target-wise ExtraTrees,Not applicable,UTS,0.8608554487171546,39.49426442005758,30.525270370370023,0.38227220989565647,0.2954596758160546,7.293202244170661
,5,5,R05_F05,Separately fitted target-wise ExtraTrees,Not applicable,El,0.8131203308315604,3.259558807572197,2.1811440972222447,0.45731951577145863,0.30601680204456894,16.27944982010445
,5,5,R05_F05,Separately fitted target-wise ExtraTrees,Not applicable,Macro,0.8414406114380671,,,0.41069406171587214,0.3017612858624979,
,5,5,R05_F05,MultiOutputRegressor(ExtraTreesRegressor),Not applicable,YS,0.8503460547654863,47.074085743209636,36.437712808642225,0.39249045948050126,0.3038073797268701,11.920579754557709
,5,5,R05_F05,MultiOutputRegressor(ExtraTreesRegressor),Not applicable,UTS,0.8608554487171546,39.49426442005758,30.525270370370023,0.38227220989565647,0.2954596758160546,7.293202244170661
,5,5,R05_F05,MultiOutputRegressor(ExtraTreesRegressor),Not applicable,El,0.8131203308315604,3.259558807572197,2.1811440972222447,0.45731951577145863,0.30601680204456894,16.27944982010445
,5,5,R05_F05,MultiOutputRegressor(ExtraTreesRegressor),Not applicable,Macro,0.8414406114380671,,,0.41069406171587214,0.3017612858624979,
,5,5,R05_F05,Native multi-output ExtraTreesRegressor,Not applicable,YS,0.8453368578971636,47.85543005074246,37.28366983024719,0.39900508810120194,0.3108607309469389,12.17675784966749
,5,5,R05_F05,Native multi-output ExtraTreesRegressor,Not applicable,UTS,0.8643939669014515,38.98885066902461,30.204436111110816,0.37738021774550246,0.29235426233138245,7.203915620462722
,5,5,R05_F05,Native multi-output ExtraTreesRegressor,Not applicable,El,0.8310800026994216,3.098976803085374,2.149653125000017,0.434789692298747,0.3015985856484156,15.943381413796601
,5,5,R05_F05,Native multi-output ExtraTreesRegressor,Not applicable,Macro,0.8469369424993456,,,0.4037249993818171,0.30160452630891227,
,5,5,R05_F05,RegressorChain(ExtraTreesRegressor),YS>UTS>El,YS,0.8483756436445689,47.38297162314458,36.30308958333363,0.3950658628904377,0.302684929216703,11.883752846040673
,5,5,R05_F05,RegressorChain(ExtraTreesRegressor),YS>UTS>El,UTS,0.8490092108821513,41.14112418323695,31.040473611111274,0.39821246679886113,0.3004464222278586,7.346247436178317
,5,5,R05_F05,RegressorChain(ExtraTreesRegressor),YS>UTS>El,El,0.7374839528491578,3.863275862212685,2.390449768518533,0.5420216510573072,0.3353826070188725,17.105578501209614
,5,5,R05_F05,RegressorChain(ExtraTreesRegressor),YS>UTS>El,Macro,0.8116229357919593,,,0.44509999358220204,0.31283798615447805,
,5,5,R05_F05,RegressorChain(ExtraTreesRegressor),YS>El>UTS,YS,0.8483756436445689,47.38297162314458,36.30308958333363,0.3950658628904377,0.302684929216703,11.883752846040673
,5,5,R05_F05,RegressorChain(ExtraTreesRegressor),YS>El>UTS,UTS,0.8481114053158882,41.26325741342016,31.289172453703983,0.3993946166752903,0.30285362381908826,7.4534921344861695
,5,5,R05_F05,RegressorChain(ExtraTreesRegressor),YS>El>UTS,El,0.7482918359653947,3.7829137841034997,2.357232175925943,0.5307467673025164,0.3307221439757616,17.033691367370952
,5,5,R05_F05,RegressorChain(ExtraTreesRegressor),YS>El>UTS,Macro,0.814926294975284,,,0.4417357489560814,0.31208689900385095,
,5,5,R05_F05,RegressorChain(ExtraTreesRegressor),UTS>YS>El,YS,0.8204034465350094,51.568774159989204,39.834926851852124,0.4299659047084093,0.332132392942138,13.276123742350732
,5,5,R05_F05,RegressorChain(ExtraTreesRegressor),UTS>YS>El,UTS,0.8597614800662956,39.64921442521253,30.611300694444108,0.3837719993401167,0.2962923790600511,7.2912179987562995
,5,5,R05_F05,RegressorChain(ExtraTreesRegressor),UTS>YS>El,El,0.7449974997666857,3.807588546844365,2.395771296296315,0.5342086623670307,0.3361292229415078,16.919616424551688
,5,5,R05_F05,RegressorChain(ExtraTreesRegressor),UTS>YS>El,Macro,0.808387475455997,,,0.44931552213851883,0.3215179983145657,
,5,5,R05_F05,RegressorChain(ExtraTreesRegressor),UTS>El>YS,YS,0.8171820524547538,52.02920899483815,40.251367824074265,0.43380488059158423,0.33560456039804126,13.568526972541136
,5,5,R05_F05,RegressorChain(ExtraTreesRegressor),UTS>El>YS,UTS,0.8597614800662956,39.64921442521253,30.611300694444108,0.3837719993401167,0.2962923790600511,7.2912179987562995
,5,5,R05_F05,RegressorChain(ExtraTreesRegressor),UTS>El>YS,El,0.77960346535172,3.5398118057553694,2.279035416666685,0.49663930504014453,0.31975105672423976,16.362697966560322
,5,5,R05_F05,RegressorChain(ExtraTreesRegressor),UTS>El>YS,Macro,0.8188489992909233,,,0.4380720616572818,0.31721599872744405,
,5,5,R05_F05,RegressorChain(ExtraTreesRegressor),El>YS>UTS,YS,0.8539445897137711,46.504677115667555,35.35973333333346,0.38774289082722385,0.2948194906814516,11.618752943199272
,5,5,R05_F05,RegressorChain(ExtraTreesRegressor),El>YS>UTS,UTS,0.8569864969921974,40.039574118717255,30.48971412037055,0.38755036222094197,0.2951155203681056,7.266109521275971
,5,5,R05_F05,RegressorChain(ExtraTreesRegressor),El>YS>UTS,El,0.8031522688003256,3.3453610746447957,2.1966759837963163,0.46935766373755117,0.30819594200380845,16.338621333651464
,5,5,R05_F05,RegressorChain(ExtraTreesRegressor),El>YS>UTS,Macro,0.8380277851687646,,,0.41488363892857233,0.29937698435112187,
,5,5,R05_F05,RegressorChain(ExtraTreesRegressor),El>UTS>YS,YS,0.8214814575716544,51.41377291165664,38.89769930555572,0.42867354798564755,0.3243180538110435,12.99093805276257
,5,5,R05_F05,RegressorChain(ExtraTreesRegressor),El>UTS>YS,UTS,0.8636118629296854,39.101122568879546,30.34591990740728,0.378466918001779,0.293723709876966,7.294755050192722
,5,5,R05_F05,RegressorChain(ExtraTreesRegressor),El>UTS>YS,El,0.8031522688003256,3.3453610746447957,2.1966759837963163,0.46935766373755117,0.30819594200380845,16.338621333651464
,5,5,R05_F05,RegressorChain(ExtraTreesRegressor),El>UTS>YS,Macro,0.8294151964338884,,,0.4254993765749926,0.3087459018972727,
